sid,user,day,cohort,model,lead_minutes,p,y,brier,logloss
s55-110-28,u028,2025-06-09,regular,empirical,30,0.0011737089201877549,0,1.3775926293283055e-06,0.0011743982559415578
s55-110-28,u028,2025-06-09,regular,empirical,60,0.0046948356807511304,0,2.2041482069253932e-05,0.004705891037412617
s55-110-28,u028,2025-06-09,regular,empirical,120,0.017018779342723,0,0.0002896388503162951,0.017165263130094227
s55-110-28,u028,2025-06-09,regular,hazard,30,0.004565569395705404,0,2.0844423907001812e-05,0.004576023438900949
s55-110-28,u028,2025-06-09,regular,hazard,60,0.01196093271837817,0,0.0001430639114935694,0.012033040233006885
s55-110-28,u028,2025-06-09,regular,hazard,120,0.04335724265780183,0,0.0018798504908875107,0.04432525153412171
s55-110-28,u028,2025-06-09,regular,hazard_cal,30,0.00420721574552696,0,1.7700664329409974e-05,0.004216090979789165
s55-110-28,u028,2025-06-09,regular,hazard_cal,60,0.01109388496713859,0,0.00012307428366410358,0.011155881053694385
s55-110-28,u028,2025-06-09,regular,hazard_cal,120,0.04085238010945402,0,0.0016689169606073147,0.0417102848806922
s55-110-45,u045,2025-06-09,regular,empirical,30,0.0011737089201877549,0,1.3775926293283055e-06,0.0011743982559415578
s55-110-45,u045,2025-06-09,regular,empirical,60,0.0046948356807511304,0,2.2041482069253932e-05,0.004705891037412617
s55-110-45,u045,2025-06-09,regular,empirical,120,0.017018779342723,0,0.0002896388503162951,0.017165263130094227
s55-110-45,u045,2025-06-09,regular,hazard,30,0.0016638731271914065,0,2.7684737833897102e-06,0.001665258901464811
s55-110-45,u045,2025-06-09,regular,hazard,60,0.004370622536865043,0,1.9102341359752623e-05,0.004380201628797799
s55-110-45,u045,2025-06-09,regular,hazard,120,0.01602564706845977,0,0.0002568213639628332,0.016155446363521207
s55-110-45,u045,2025-06-09,regular,hazard_cal,30,0.0015016777950951354,0,2.2550362002817876e-06,0.0015028064432473657
s55-110-45,u045,2025-06-09,regular,hazard_cal,60,0.003969664578065912,0,1.575823686235122e-05,0.003977564610413629
s55-110-45,u045,2025-06-09,regular,hazard_cal,120,0.014779630643052322,0,0.00021843748194505118,0.014889937597326711
s55-110-25,u025,2025-06-09,variable,empirical,30,0.0011737089201877549,0,1.3775926293283055e-06,0.0011743982559415578
s55-110-25,u025,2025-06-09,variable,empirical,60,0.0046948356807511304,0,2.2041482069253932e-05,0.004705891037412617
s55-110-25,u025,2025-06-09,variable,empirical,120,0.017018779342723,0,0.0002896388503162951,0.017165263130094227
s55-110-25,u025,2025-06-09,variable,hazard,30,0.000641188564524775,0,4.1112277527734156e-07,0.0006413942138237649
s55-110-25,u025,2025-06-09,variable,hazard,60,0.0016858353143142102,0,2.842040706988892e-06,0.0016872579337605935
s55-110-25,u025,2025-06-09,variable,hazard,120,0.006206532127164044,0,3.8521041045519433e-05,0.006225872714532244
s55-110-25,u025,2025-06-09,variable,hazard_cal,30,0.00056746951181319,0,3.2202164683750024e-07,0.000567630583575034
s55-110-25,u025,2025-06-09,variable,hazard_cal,60,0.0015013960443810426,0,2.2541900820830416e-06,0.0015025242688379793
s55-110-25,u025,2025-06-09,variable,hazard_cal,120,0.005611272746019802,0,3.148638183022461e-05,0.005627075078792875
s55-110-7,u007,2025-06-09,variable,empirical,30,0.0011737089201877549,0,1.3775926293283055e-06,0.0011743982559415578
s55-110-7,u007,2025-06-09,variable,empirical,60,0.0046948356807511304,0,2.2041482069253932e-05,0.004705891037412617
s55-110-7,u007,2025-06-09,variable,empirical,120,0.017018779342723,0,0.0002896388503162951,0.017165263130094227
s55-110-7,u007,2025-06-09,variable,hazard,30,0.0005312194780744406,0,2.821941338856811e-07,0.0005313606251303071
s55-110-7,u007,2025-06-09,variable,hazard,60,0.0013968412607630043,0,1.951165507769979e-06,0.0013978177529592117
s55-110-7,u007,2025-06-09,variable,hazard,120,0.005144824752949084,0,2.6469221738557607e-05,0.005158104932866369
s55-110-7,u007,2025-06-09,variable,hazard_cal,30,0.0004683348451142155,0,2.1933752714815623e-07,0.00046844454813095695
s55-110-7,u007,2025-06-09,variable,hazard_cal,60,0.001239221870268925,0,1.5356708437528126e-06,0.0012399903406265895
s55-110-7,u007,2025-06-09,variable,hazard_cal,120,0.004633307915286822,0,2.1467542237859515e-05,0.004644074957292764
s55-110-0,u000,2025-06-09,variable,empirical,30,0.0011737089201877549,0,1.3775926293283055e-06,0.0011743982559415578
s55-110-0,u000,2025-06-09,variable,empirical,60,0.0046948356807511304,0,2.2041482069253932e-05,0.004705891037412617
s55-110-0,u000,2025-06-09,variable,empirical,120,0.017018779342723,0,0.0002896388503162951,0.017165263130094227
s55-110-0,u000,2025-06-09,variable,hazard,30,0.0005429963091569956,0,2.9484499175811954e-07,0.0005431437850411982
s55-110-0,u000,2025-06-09,variable,hazard,60,0.00142779304953089,0,2.0385929922887182e-06,0.0014288133172968228
s55-110-0,u000,2025-06-09,variable,hazard,120,0.005258579936018193,0,2.76526629434931e-05,0.005272454930711315
s55-110-0,u000,2025-06-09,variable,hazard_cal,30,0.0004789326544972772,0,2.2937648754380828e-07,0.00047904737937283753
s55-110-0,u000,2025-06-09,variable,hazard_cal,60,0.0012672514168544646,0,1.605926153519648e-06,0.0012680550589473597
s55-110-0,u000,2025-06-09,variable,hazard_cal,120,0.004737901897700958,0,2.244771439223834e-05,0.0047491613330409655
s55-110-39,u039,2025-06-09,regular,empirical,30,0.0011737089201877549,0,1.3775926293283055e-06,0.0011743982559415578
s55-110-39,u039,2025-06-09,regular,empirical,60,0.0046948356807511304,0,2.2041482069253932e-05,0.004705891037412617
s55-110-39,u039,2025-06-09,regular,empirical,120,0.017018779342723,0,0.0002896388503162951,0.017165263130094227
s55-110-39,u039,2025-06-09,regular,hazard,30,0.0036589268747603265,0,1.338774587484337e-05,0.0036656371208983016
s55-110-39,u039,2025-06-09,regular,hazard,60,0.00959365554122793,0,9.203822664373336e-05,0.009639971116374262
s55-110-39,u039,2025-06-09,regular,hazard,120,0.03490051321515064,0,0.0012180458226809046,0.035524087843253616
s55-110-39,u039,2025-06-09,regular,hazard_cal,30,0.003356326638460194,0,1.1264928504037507e-05,0.0033619717374488278
s55-110-39,u039,2025-06-09,regular,hazard_cal,60,0.008857177627357049,0,7.844959552255425e-05,0.008896635588686962
s55-110-39,u039,2025-06-09,regular,hazard_cal,120,0.03272862761043294,0,0.0010711630652623931,0.03327618961092488
s55-110-30,u030,2025-06-09,variable,empirical,30,0.0011737089201877549,0,1.3775926293283055e-06,0.0011743982559415578
s55-110-30,u030,2025-06-09,variable,empirical,60,0.0046948356807511304,0,2.2041482069253932e-05,0.004705891037412617
s55-110-30,u030,2025-06-09,variable,empirical,120,0.017018779342723,0,0.0002896388503162951,0.017165263130094227
s55-110-30,u030,2025-06-09,variable,hazard,30,0.0014660691288881367,0,2.14935869067882e-06,0.0014671448597592424
s55-110-30,u030,2025-06-09,variable,hazard,60,0.0038517325850518924,0,1.4835843906750534e-05,0.003859169610102069
s55-110-30,u030,2025-06-09,variable,hazard,120,0.014134120751814305,0,0.00019977336942686777,0.014234958735014973
s55-110-30,u030,2025-06-09,variable,hazard_cal,30,0.0013197179046680052,0,1.74165534790131e-06,0.0013205894992656803
s55-110-30,u030,2025-06-09,variable,hazard_cal,60,0.003489243975811629,0,1.2174823522737744e-05,0.0034953455850431987
s55-110-30,u030,2025-06-09,variable,hazard_cal,120,0.013000600989658717,0,0.0001690156260923152,0.01308584845427015
s55-110-51,u051,2025-06-09,regular,empirical,30,0.0011737089201877549,0,1.3775926293283055e-06,0.0011743982559415578
s55-110-51,u051,2025-06-09,regular,empirical,60,0.0046948356807511304,0,2.2041482069253932e-05,0.004705891037412617
s55-110-51,u051,2025-06-09,regular,empirical,120,0.017018779342723,0,0.0002896388503162951,0.017165263130094227
s55-110-51,u051,2025-06-09,regular,hazard,30,0.0024125966254905373,0,5.820622477328328e-06,0.0024155116261535426
s55-110-51,u051,2025-06-09,regular,hazard,60,0.006333012347143008,0,4.010704538906579e-05,0.006353150940167435
s55-110-51,u051,2025-06-09,regular,hazard,120,0.023152375144595005,0,0.0005360324748360606,0.023424601379700136
s55-110-51,u051,2025-06-09,regular,hazard_cal,30,0.00219413153491399,0,4.814213192504022e-06,0.0021965421683202537
s55-110-51,u051,2025-06-09,regular,hazard_cal,60,0.005796438466806664,0,3.3598698899475984e-05,0.0058133030173864965
s55-110-51,u051,2025-06-09,regular,hazard_cal,120,0.021520168627646274,0,0.00046311765776233096,0.021755104139368212
s55-110-37,u037,2025-06-09,variable,empirical,30,0.0011737089201877549,0,1.3775926293283055e-06,0.0011743982559415578
s55-110-37,u037,2025-06-09,variable,empirical,60,0.0046948356807511304,0,2.2041482069253932e-05,0.004705891037412617
s55-110-37,u037,2025-06-09,variable,empirical,120,0.017018779342723,0,0.0002896388503162951,0.017165263130094227
s55-110-37,u037,2025-06-09,variable,hazard,30,0.0026267781132712775,0,6.899963256361013e-06,0.0026302341483843863
s55-110-37,u037,2025-06-09,variable,hazard,60,0.0068938829832112525,0,4.752562258620968e-05,0.006917755574334715
s55-110-37,u037,2025-06-09,variable,hazard,120,0.025181485912378676,0,0.0006341072327553257,0.025503964707689033
s55-110-37,u037,2025-06-09,variable,hazard_cal,30,0.0023931102109349123,0,5.72697648168094e-06,0.002395978275819679
s55-110-37,u037,2025-06-09,variable,hazard_cal,60,0.006320933836271414,0,3.995420456252086e-05,0.006340995522293888
s55-110-37,u037,2025-06-09,variable,hazard_cal,120,0.023448440168284956,0,0.0005498293463256394,0.023727729412390913
s55-110-2,u002,2025-06-09,variable,empirical,30,0.0011737089201877549,0,1.3775926293283055e-06,0.0011743982559415578
s55-110-2,u002,2025-06-09,variable,empirical,60,0.0046948356807511304,0,2.2041482069253932e-05,0.004705891037412617
s55-110-2,u002,2025-06-09,variable,empirical,120,0.017018779342723,0,0.0002896388503162951,0.017165263130094227
s55-110-2,u002,2025-06-09,variable,hazard,30,0.0005914071104270446,0,3.497623702636666e-07,0.0005915820605934252
s55-110-2,u002,2025-06-09,variable,hazard,60,0.0015550189875962461,0,2.4180840517848544e-06,0.0015562292844746135
s55-110-2,u002,2025-06-09,variable,hazard,120,0.005726053642367113,0,3.278769031526568e-05,0.005742510338877798
s55-110-2,u002,2025-06-09,variable,hazard_cal,30,0.0005225454080620695,0,2.7305370348675475e-07,0.0005226819824934465
s55-110-2,u002,2025-06-09,variable,hazard_cal,60,0.001382594530740966,0,1.911567636434832e-06,0.0013835511964480373
s55-110-2,u002,2025-06-09,variable,hazard_cal,120,0.005168216394795144,0,2.6710460703429318e-05,0.0051816178193966516
s55-110-27,u027,2025-06-09,variable,empirical,30,0.0011737089201877549,0,1.3775926293283055e-06,0.0011743982559415578
s55-110-27,u027,2025-06-09,variable,empirical,60,0.0046948356807511304,0,2.2041482069253932e-05,0.004705891037412617
s55-110-27,u027,2025-06-09,variable,empirical,120,0.017018779342723,0,0.0002896388503162951,0.017165263130094227
s55-110-27,u027,2025-06-09,variable,hazard,30,0.0018064286479889669,0,3.2631844602752466e-06,0.0018080622077883482
s55-110-27,u027,2025-06-09,variable,hazard,60,0.0047444652321031455,0,2.2509950338635556e-05,0.0047557559336552264
s55-110-27,u027,2025-06-09,variable,hazard,120,0.017386586169388818,0,0.0003022933786255825,0.017539507976417325
s55-110-27,u027,2025-06-09,variable,hazard_cal,30,0.001633095597227796,0,2.667001229684812e-06,0.0016344305514458442
s55-110-27,u027,2025-06-09,variable,hazard_cal,60,0.0043165404035245825,0,1.8632521055260164e-05,0.004325883560489039
s55-110-27,u027,2025-06-09,variable,hazard_cal,120,0.016062490106939498,0,0.00025800358843552923,0.01619289015272745
s55-110-29,u029,2025-06-09,regular,empirical,30,0.0011737089201877549,0,1.3775926293283055e-06,0.0011743982559415578
s55-110-29,u029,2025-06-09,regular,empirical,60,0.0046948356807511304,0,2.2041482069253932e-05,0.004705891037412617
s55-110-29,u029,2025-06-09,regular,empirical,120,0.017018779342723,0,0.0002896388503162951,0.017165263130094227
s55-110-29,u029,2025-06-09,regular,hazard,30,0.001671058854438745,0,2.792437694998131e-06,0.0016724566306808594
s55-110-29,u029,2025-06-09,regular,hazard,60,0.004389468980673938,0,1.9267437932298705e-05,0.004399130984049444
s55-110-29,u029,2025-06-09,regular,hazard,120,0.01609429267549778,0,0.00025902625672458146,0.016225212411211047
s55-110-29,u029,2025-06-09,regular,hazard_cal,30,0.001508296701284606,0,2.274958939106024e-06,0.0015094353258206029
s55-110-29,u029,2025-06-09,regular,hazard_cal,60,0.0039871371278782375,0,1.589726247650512e-05,0.003995106950687913
s55-110-29,u029,2025-06-09,regular,hazard_cal,120,0.014844282784051144,0,0.00022035273137287718,0.01495556176061472
s55-110-11,u011,2025-06-09,variable,empirical,30,0.0011737089201877549,0,1.3775926293283055e-06,0.0011743982559415578
s55-110-11,u011,2025-06-09,variable,empirical,60,0.0046948356807511304,0,2.2041482069253932e-05,0.004705891037412617
s55-110-11,u011,2025-06-09,variable,empirical,120,0.017018779342723,0,0.0002896388503162951,0.017165263130094227
s55-110-11,u011,2025-06-09,variable,hazard,30,0.0023405789959308754,0,5.478310036192785e-06,0.002343322432605153
s55-110-11,u011,2025-06-09,variable,hazard,60,0.006144372494225725,0,3.7753313347797656e-05,0.006163326832461704
s55-110-11,u011,2025-06-09,variable,hazard,120,0.02246914021301416,0,0.00050486226191209,0.022725417506378277
s55-110-11,u011,2025-06-09,variable,hazard_cal,30,0.002127306518921346,0,4.5254330254452545e-06,0.0021295724495570753
s55-110-11,u011,2025-06-09,variable,hazard_cal,60,0.005620248483726997,0,3.158719301883561e-05,0.005636101506758795
s55-110-11,u011,2025-06-09,variable,hazard_cal,120,0.020871714174895195,0,0.000435628452598521,0.02109260742128478
s55-110-36,u036,2025-06-09,regular,empirical,30,0.0011737089201877549,0,1.3775926293283055e-06,0.0011743982559415578
s55-110-36,u036,2025-06-09,regular,empirical,60,0.0046948356807511304,0,2.2041482069253932e-05,0.004705891037412617
s55-110-36,u036,2025-06-09,regular,empirical,120,0.017018779342723,0,0.0002896388503162951,0.017165263130094227
s55-110-36,u036,2025-06-09,regular,hazard,30,0.000793445874929688,0,6.29556356442938e-07,0.0007937608197133557
s55-110-36,u036,2025-06-09,regular,hazard,60,0.0020858650164011783,0,4.350832866646287e-06,0.002088043462658205
s55-110-36,u036,2025-06-09,regular,hazard,120,0.0076746315186514424,0,5.8899968947078144e-05,0.0077042330543052005
s55-110-36,u036,2025-06-09,regular,hazard_cal,30,0.0007052952328245876,0,4.974413654450893e-07,0.0007055440705168816
s55-110-36,u036,2025-06-09,regular,hazard_cal,60,0.0018658136215500276,0,3.4812604703616297e-06,0.0018675564199472667
s55-110-36,u036,2025-06-09,regular,hazard_cal,120,0.006969309868286588,0,4.857128004019682e-05,0.006993708937507
s55-110-41,u041,2025-06-09,regular,empirical,30,0.0011737089201877549,0,1.3775926293283055e-06,0.0011743982559415578
s55-110-41,u041,2025-06-09,regular,empirical,60,0.0046948356807511304,0,2.2041482069253932e-05,0.004705891037412617
s55-110-41,u041,2025-06-09,regular,empirical,120,0.017018779342723,0,0.0002896388503162951,0.017165263130094227
s55-110-41,u041,2025-06-09,regular,hazard,30,0.0010148408508213747,0,1.0299019524958516e-06,0.0010153561504585371
s55-110-41,u041,2025-06-09,regular,hazard,60,0.0026673430980532764,0,7.11471920273245e-06,0.0026709067961355674
s55-110-41,u041,2025-06-09,regular,hazard,120,0.009805475095261418,0,9.614734184379191e-05,0.009853865352328156
s55-110-41,u041,2025-06-09,regular,hazard_cal,30,0.000906659087780981,0,8.220307014558406e-07,0.0009070703517346339
s55-110-41,u041,2025-06-09,regular,hazard_cal,60,0.0023980617141875493,0,5.750699985052127e-06,0.002400941669308094
s55-110-41,u041,2025-06-09,regular,hazard_cal,120,0.00895003346541634,0,8.010309903207243e-05,0.008990325605769917
s55-110-43,u043,2025-06-09,regular,empirical,30,0.0011737089201877549,0,1.3775926293283055e-06,0.0011743982559415578
s55-110-43,u043,2025-06-09,regular,empirical,60,0.0046948356807511304,0,2.2041482069253932e-05,0.004705891037412617
s55-110-43,u043,2025-06-09,regular,empirical,120,0.017018779342723,0,0.0002896388503162951,0.017165263130094227
s55-110-43,u043,2025-06-09,regular,hazard,30,0.0023750628279888275,0,5.640923436894287e-06,0.002377887763526614
s55-110-43,u043,2025-06-09,regular,hazard,60,0.006234701052525993,0,3.887149721436872e-05,0.006254217964830326
s55-110-43,u043,2025-06-09,regular,hazard,120,0.02279635010574277,0,0.0005196735781435983,0.023060204552050448
s55-110-43,u043,2025-06-09,regular,hazard_cal,30,0.0021592987584707624,0,4.6625711283333756e-06,0.0021616334054405766
s55-110-43,u043,2025-06-09,regular,hazard_cal,60,0.005704601537507403,0,3.2542478701731827e-05,0.0057209349234501996
s55-110-43,u043,2025-06-09,regular,hazard_cal,120,0.021182213668585415,0,0.00044868617590160676,0.02140977601005101
s55-110-32,u032,2025-06-09,variable,empirical,30,0.0011737089201877549,0,1.3775926293283055e-06,0.0011743982559415578
s55-110-32,u032,2025-06-09,variable,empirical,60,0.0046948356807511304,0,2.2041482069253932e-05,0.004705891037412617
s55-110-32,u032,2025-06-09,variable,empirical,120,0.017018779342723,0,0.0002896388503162951,0.017165263130094227
s55-110-32,u032,2025-06-09,variable,hazard,30,0.0006879416680134476,0,4.7326373858912454e-07,0.0006881784084647162
s55-110-32,u032,2025-06-09,variable,hazard,60,0.0018086828519054965,0,3.271333658777e-06,0.0018103204936825317
s55-110-32,u032,2025-06-09,variable,hazard,120,0.006657568727531427,0,4.432322136180442e-05,0.0066798291936105494
s55-110-32,u032,2025-06-09,variable,hazard_cal,30,0.00060972620562183,0,3.717660458219941e-07,0.0006099121642378105
s55-110-32,u032,2025-06-09,variable,hazard_cal,60,0.0016131345862162583,0,2.602203193247099e-06,0.0016144370887425919
s55-110-32,u032,2025-06-09,variable,hazard_cal,120,0.006027839966012749,0,3.6334854655860577e-05,0.0060460807318920996
s55-110-6,u006,2025-06-09,variable,empirical,30,0.0011737089201877549,0,1.3775926293283055e-06,0.0011743982559415578
s55-110-6,u006,2025-06-09,variable,empirical,60,0.0046948356807511304,0,2.2041482069253932e-05,0.004705891037412617
s55-110-6,u006,2025-06-09,variable,empirical,120,0.017018779342723,0,0.0002896388503162951,0.017165263130094227
s55-110-6,u006,2025-06-09,variable,hazard,30,0.0007457726481616689,0,5.561768427460683e-07,0.0007460508749209136
s55-110-6,u006,2025-06-09,variable,hazard,60,0.0019606238597544845,0,3.844045919438573e-06,0.001962548398656896
s55-110-6,u006,2025-06-09,variable,hazard,120,0.007215190569310526,0,5.205897495146755e-05,0.007241345943396676
s55-110-6,u006,2025-06-09,variable,hazard_cal,30,0.0006620767225860025,0,4.383455865902225e-07,0.0006622959921668295
s55-110-6,u006,2025-06-09,variable,hazard_cal,60,0.001751551895996184,0,3.067934044367827e-06,0.0017530876565899555
s55-110-6,u006,2025-06-09,variable,hazard_cal,120,0.006543667366906258,0,4.281958260871388e-05,0.006565171018037649
s55-110-24,u024,2025-06-09,variable,empirical,30,0.0011737089201877549,0,1.3775926293283055e-06,0.0011743982559415578
s55-110-24,u024,2025-06-09,variable,empirical,60,0.0046948356807511304,0,2.2041482069253932e-05,0.004705891037412617
s55-110-24,u024,2025-06-09,variable,empirical,120,0.017018779342723,0,0.0002896388503162951,0.017165263130094227
s55-110-24,u024,2025-06-09,variable,hazard,30,0.00037437017661512417,0,1.4015302913883926e-07,0.00037444027062431053
s55-110-24,u024,2025-06-09,variable,hazard,60,0.0009845473696927787,0,9.69333523168969e-07,0.0009850323548077071
s55-110-24,u024,2025-06-09,variable,hazard,120,0.0036285303323403406,0,1.3166232372713903e-05,0.0036351294166814744
s55-110-24,u024,2025-06-09,variable,hazard_cal,30,0.0003276961908333931,0,1.0738479348671557e-07,0.0003277498949628827
s55-110-24,u024,2025-06-09,variable,hazard_cal,60,0.0008672025457521215,0,7.520402553589605e-07,0.0008675787834116983
s55-110-24,u024,2025-06-09,variable,hazard_cal,120,0.003244235471600687,0,1.0525063795192133e-05,0.0032495094131930326
s55-110-53,u053,2025-06-09,regular,empirical,30,0.0011737089201877549,0,1.3775926293283055e-06,0.0011743982559415578
s55-110-53,u053,2025-06-09,regular,empirical,60,0.0046948356807511304,0,2.2041482069253932e-05,0.004705891037412617
s55-110-53,u053,2025-06-09,regular,empirical,120,0.017018779342723,0,0.0002896388503162951,0.017165263130094227
s55-110-53,u053,2025-06-09,regular,hazard,30,0.003752656103925167,0,1.4082427834326814e-05,0.003759714983073256
s55-110-53,u053,2025-06-09,regular,hazard,60,0.009838568475616483,0,9.679742964939443e-05,0.009887287000846151
s55-110-53,u053,2025-06-09,regular,hazard,120,0.035778250661060884,0,0.0012800832203657036,0.03643398038995113
s55-110-53,u053,2025-06-09,regular,hazard_cal,30,0.0034441047555741067,0,1.1861857567368177e-05,0.0034500493374575916
s55-110-53,u053,2025-06-09,regular,hazard_cal,60,0.009088080819924182,0,8.25932129894738e-05,0.009129629348920665
s55-110-53,u053,2025-06-09,regular,hazard_cal,120,0.033569886229994794,0,0.001126937261494794,0.03414629151513085
s55-110-57,u057,2025-06-09,new,empirical,30,0.0011737089201877549,0,1.3775926293283055e-06,0.0011743982559415578
s55-110-57,u057,2025-06-09,new,empirical,60,0.0046948356807511304,0,2.2041482069253932e-05,0.004705891037412617
s55-110-57,u057,2025-06-09,new,empirical,120,0.017018779342723,0,0.0002896388503162951,0.017165263130094227
s55-110-57,u057,2025-06-09,new,hazard,30,0.0007679885776080697,0,5.898064553364661e-07,0.0007682836319109662
s55-110-57,u057,2025-06-09,new,hazard,60,0.0020189881389218733,0,4.07631310510721e-06,0.0020210290429778332
s55-110-57,u057,2025-06-09,new,hazard,120,0.007429318688553566,0,5.519477617609127e-05,0.00745705352933966
s55-110-57,u057,2025-06-09,new,hazard_cal,30,0.0006822098813180633,0,4.6541032216800595e-07,0.0006824426923691687
s55-110-57,u057,2025-06-09,new,hazard_cal,60,0.0018047813718616856,0,3.257235800218948e-06,0.0018064119519508588
s55-110-57,u057,2025-06-09,new,hazard_cal,120,0.006741974077134061,0,4.545421445674767e-05,0.006764803854064001
s55-110-13,u013,2025-06-09,variable,empirical,30,0.0011737089201877549,0,1.3775926293283055e-06,0.0011743982559415578
s55-110-13,u013,2025-06-09,variable,empirical,60,0.0046948356807511304,0,2.2041482069253932e-05,0.004705891037412617
s55-110-13,u013,2025-06-09,variable,empirical,120,0.017018779342723,0,0.0002896388503162951,0.017165263130094227
s55-110-13,u013,2025-06-09,variable,hazard,30,0.0007091186984256037,0,5.028493284568223e-07,0.0007093702420130361
s55-110-13,u013,2025-06-09,variable,hazard,60,0.0018643237429475379,0,3.475703018517917e-06,0.0018660637574266564
s55-110-13,u013,2025-06-09,variable,hazard,120,0.006861799944387181,0,4.7084298476791926e-05,0.006885450345263853
s55-110-13,u013,2025-06-09,variable,hazard_cal,30,0.0006288862440134713,0,3.9549790790937134e-07,0.0006290840759142815
s55-110-13,u013,2025-06-09,variable,hazard_cal,60,0.0016637962158096986,0,2.768217847742673e-06,0.0016651818619020074
s55-110-13,u013,2025-06-09,variable,hazard_cal,120,0.006216661762127429,0,3.864688346469731e-05,0.0062360656639894214
s55-110-21,u021,2025-06-09,regular,empirical,30,0.0011737089201877549,0,1.3775926293283055e-06,0.0011743982559415578
s55-110-21,u021,2025-06-09,regular,empirical,60,0.0046948356807511304,0,2.2041482069253932e-05,0.004705891037412617
s55-110-21,u021,2025-06-09,regular,empirical,120,0.017018779342723,0,0.0002896388503162951,0.017165263130094227
s55-110-21,u021,2025-06-09,regular,hazard,30,0.0031056585096810307,0,9.645114778754201e-06,0.00311049107519633
s55-110-21,u021,2025-06-09,regular,hazard,60,0.008147116738401294,0,6.637551114913855e-05,0.008180485858976797
s55-110-21,u021,2025-06-09,regular,hazard,120,0.029702961924696902,0,0.0008822659470999939,0.030153029542058864
s55-110-21,u021,2025-06-09,regular,hazard_cal,30,0.0028391833374120656,0,8.060962023438315e-06,0.0028432214635552336
s55-110-21,u021,2025-06-09,regular,hazard_cal,60,0.007496051707775564,0,5.619079120564495e-05,0.007524288300518475
s55-110-21,u021,2025-06-09,regular,hazard_cal,120,0.02775731090842437,0,0.0007704683088669346,0.028149825551229704
s55-110-38,u038,2025-06-09,variable,empirical,30,0.0011737089201877549,0,1.3775926293283055e-06,0.0011743982559415578
s55-110-38,u038,2025-06-09,variable,empirical,60,0.0046948356807511304,0,2.2041482069253932e-05,0.004705891037412617
s55-110-38,u038,2025-06-09,variable,empirical,120,0.017018779342723,0,0.0002896388503162951,0.017165263130094227
s55-110-38,u038,2025-06-09,variable,hazard,30,0.0018359355785368958,0,3.3706594485376063e-06,0.0018376229738768805
s55-110-38,u038,2025-06-09,variable,hazard,60,0.00482183307168127,0,2.3250074171159228e-05,0.004833495613757263
s55-110-38,u038,2025-06-09,variable,hazard,120,0.017668044009020334,0,0.0003121597791046793,0.01782598702655195
s55-110-38,u038,2025-06-09,variable,hazard_cal,30,0.0016603245555920632,0,2.756677629901982e-06,0.0016617044219692126
s55-110-38,u038,2025-06-09,variable,hazard_cal,60,0.004388400369644163,0,1.9258057804293027e-05,0.004398057662280539
s55-110-38,u038,2025-06-09,variable,hazard_cal,120,0.016328079255321093,0,0.00026660617216804703,0.01646285140200699
s55-111-2,u002,2025-06-10,variable,empirical,30,0.0011737089201877549,0,1.3775926293283055e-06,0.0011743982559415578
s55-111-2,u002,2025-06-10,variable,empirical,60,0.0046948356807511304,0,2.2041482069253932e-05,0.004705891037412617
s55-111-2,u002,2025-06-10,variable,empirical,120,0.017018779342723,0,0.0002896388503162951,0.017165263130094227
s55-111-2,u002,2025-06-10,variable,hazard,30,0.0005304076040436589,0,2.8133222642733487e-07,0.0005305483199169187
s55-111-2,u002,2025-06-10,variable,hazard,60,0.0013947074742828303,0,1.9452089388203917e-06,0.0013956809840317385
s55-111-2,u002,2025-06-10,variable,hazard,120,0.005136982187799788,0,2.6388585997772295e-05,0.005150221841505297
s55-111-2,u002,2025-06-10,variable,hazard_cal,30,0.00046760442723647877,0,2.1865390037115536e-07,0.0004677137882797985
s55-111-2,u002,2025-06-10,variable,hazard_cal,60,0.0012372900090712458,0,1.5308865665475234e-06,0.0012380560843245547
s55-111-2,u002,2025-06-10,variable,hazard_cal,120,0.004626098721915106,0,2.140078938490458e-05,0.004636832232252864
s55-111-36,u036,2025-06-10,regular,empirical,30,0.0011737089201877549,0,1.3775926293283055e-06,0.0011743982559415578
s55-111-36,u036,2025-06-10,regular,empirical,60,0.0046948356807511304,0,2.2041482069253932e-05,0.004705891037412617
s55-111-36,u036,2025-06-10,regular,empirical,120,0.017018779342723,0,0.0002896388503162951,0.017165263130094227
s55-111-36,u036,2025-06-10,regular,hazard,30,0.001429771345766384,0,2.0442461011746172e-06,0.0014307944441310698
s55-111-36,u036,2025-06-10,regular,hazard,60,0.0037564939041362377,0,1.4111246451812714e-05,0.003763567246897796
s55-111-36,u036,2025-06-10,regular,hazard,120,0.013786621067267801,0,0.00019007092045243237,0.013882539138589977
s55-111-36,u036,2025-06-10,regular,hazard_cal,30,0.0012863806921638021,0,1.6547752851718226e-06,0.0012872087900486558
s55-111-36,u036,2025-06-10,regular,hazard_cal,60,0.0034012076558429527,0,1.1568213518164714e-05,0.003407004911448011
s55-111-36,u036,2025-06-10,regular,hazard_cal,120,0.012674309510129489,0,0.0001606381215585588,0.012755313747260449
s55-111-6,u006,2025-06-10,variable,empirical,30,0.0011737089201877549,0,1.3775926293283055e-06,0.0011743982559415578
s55-111-6,u006,2025-06-10,variable,empirical,60,0.0046948356807511304,0,2.2041482069253932e-05,0.004705891037412617
s55-111-6,u006,2025-06-10,variable,empirical,120,0.017018779342723,0,0.0002896388503162951,0.017165263130094227
s55-111-6,u006,2025-06-10,variable,hazard,30,0.0008127346751779507,0,6.605376522366091e-07,0.0008130651230605023
s55-111-6,u006,2025-06-10,variable,hazard,60,0.0021365350421851392,0,4.564781986485055e-06,0.0021388206893355015
s55-111-6,u006,2025-06-10,variable,hazard,120,0.007860462514053368,0,6.17868709348382e-05,0.007891518801093985
s55-111-6,u006,2025-06-10,variable,hazard_cal,30,0.0007227969992069649,0,5.224355020625933e-07,0.0007230583428978749
s55-111-6,u006,2025-06-10,variable,hazard_cal,60,0.0019120824435387984,0,3.6560592708893023e-06,0.00191391280674997
s55-111-6,u006,2025-06-10,variable,hazard_cal,120,0.007141625537471219,0,5.100281531746108e-05,0.007167249013525593
s55-111-3,u003,2025-06-10,regular,empirical,30,0.0011737089201877549,0,1.3775926293283055e-06,0.0011743982559415578
s55-111-3,u003,2025-06-10,regular,empirical,60,0.0046948356807511304,0,2.2041482069253932e-05,0.004705891037412617
s55-111-3,u003,2025-06-10,regular,empirical,120,0.017018779342723,0,0.0002896388503162951,0.017165263130094227
s55-111-3,u003,2025-06-10,regular,hazard,30,0.00440865722790118,0,1.943625855312532e-05,0.004418404014554683
s55-111-3,u003,2025-06-10,regular,hazard,60,0.011551510862326864,0,0.00013343740320245553,0.01161874785805354
s55-111-3,u003,2025-06-10,regular,hazard,120,0.04189899555365206,0,0.0017555258284049553,0.042802073952674574
s55-111-3,u003,2025-06-10,regular,hazard_cal,30,0.004059678170223013,0,1.6480986845785273e-05,0.004067941034273767
s55-111-3,u003,2025-06-10,regular,hazard_cal,60,0.010706310354515525,0,0.00011462508140720634,0.01076403527889895
s55-111-3,u003,2025-06-10,regular,hazard_cal,120,0.03944874437395185,0,0.0015562034326813978,0.04024793471365334
s55-111-46,u046,2025-06-10,variable,empirical,30,0.0011737089201877549,0,1.3775926293283055e-06,0.0011743982559415578
s55-111-46,u046,2025-06-10,variable,empirical,60,0.0046948356807511304,0,2.2041482069253932e-05,0.004705891037412617
s55-111-46,u046,2025-06-10,variable,empirical,120,0.017018779342723,0,0.0002896388503162951,0.017165263130094227
s55-111-46,u046,2025-06-10,variable,hazard,30,0.002857408823127461,0,8.164785182486661e-06,0.0028614990091325614
s55-111-46,u046,2025-06-10,variable,hazard,60,0.007497582646413314,0,5.621374553979808e-05,0.0075258308030154404
s55-111-46,u046,2025-06-10,variable,hazard,120,0.027361688589042754,0,0.0007486620024437524,0.027742991071653674
s55-111-46,u046,2025-06-10,variable,hazard_cal,30,0.002607747080038636,0,6.800344833450032e-06,0.0026111531752338324
s55-111-46,u046,2025-06-10,variable,hazard_cal,60,0.006886486292140281,0,4.7423693451836e-05,0.006910307565104933
s55-111-46,u046,2025-06-10,variable,hazard_cal,120,0.025524143853350334,0,0.0006514819194465216,0.025855535973408044
s55-111-10,u010,2025-06-10,variable,empirical,30,0.0011737089201877549,0,1.3775926293283055e-06,0.0011743982559415578
s55-111-10,u010,2025-06-10,variable,empirical,60,0.0046948356807511304,0,2.2041482069253932e-05,0.004705891037412617
s55-111-10,u010,2025-06-10,variable,empirical,120,0.017018779342723,0,0.0002896388503162951,0.017165263130094227
s55-111-10,u010,2025-06-10,variable,hazard,30,0.000830036206954099,0,6.889601048547478e-07,0.0008303808777458824
s55-111-10,u010,2025-06-10,variable,hazard,60,0.002181983162135581,0,4.76105051984319e-06,0.0021843671559163363
s55-111-10,u010,2025-06-10,variable,hazard,120,0.008027118064977579,0,6.443462442908938e-05,0.008059508829970245
s55-111-10,u010,2025-06-10,variable,hazard_cal,30,0.0007385028849636877,0,5.453865110996897e-07,0.000738775712550147
s55-111-10,u010,2025-06-10,variable,hazard_cal,60,0.001953602280116873,0,3.816561868877845e-06,0.0019555130500465384
s55-111-10,u010,2025-06-10,variable,hazard_cal,120,0.007296233895277671,0,5.323502905459877e-05,0.007322981594198946
s55-111-11,u011,2025-06-10,variable,empirical,30,0.0011737089201877549,0,1.3775926293283055e-06,0.0011743982559415578
s55-111-11,u011,2025-06-10,variable,empirical,60,0.0046948356807511304,0,2.2041482069253932e-05,0.004705891037412617
s55-111-11,u011,2025-06-10,variable,empirical,120,0.017018779342723,0,0.0002896388503162951,0.017165263130094227
s55-111-11,u011,2025-06-10,variable,hazard,30,0.001438983149784523,0,2.0706725053637867e-06,0.0014400194803313093
s55-111-11,u011,2025-06-10,variable,hazard,60,0.0037806645763434066,0,1.429342463881787e-05,0.0037878293527746822
s55-111-11,u011,2025-06-10,variable,hazard,120,0.013874822677256149,0,0.0001925107043253015,0.0139719777491849
s55-111-11,u011,2025-06-10,variable,hazard_cal,30,0.0012948395136168633,0,1.6766093660235552e-06,0.001295678542650044
s55-111-11,u011,2025-06-10,variable,hazard_cal,60,0.0034235460765646986,0,1.1720667738361542e-05,0.003429419820287073
s55-111-11,u011,2025-06-10,variable,hazard_cal,120,0.012757111447933234,0,0.00016274389249498918,0.012839182131201264
s55-111-13,u013,2025-06-10,variable,empirical,30,0.0011737089201877549,0,1.3775926293283055e-06,0.0011743982559415578
s55-111-13,u013,2025-06-10,variable,empirical,60,0.0046948356807511304,0,2.2041482069253932e-05,0.004705891037412617
s55-111-13,u013,2025-06-10,variable,empirical,120,0.017018779342723,0,0.0002896388503162951,0.017165263130094227
s55-111-13,u013,2025-06-10,variable,hazard,30,0.0012778808926917629,0,1.6329795759066967e-06,0.0012786980787315202
s55-111-13,u013,2025-06-10,variable,hazard,60,0.0033578927370147005,0,1.1275443633296077e-05,0.003363543111277638
s55-111-13,u013,2025-06-10,variable,hazard,120,0.01233114718697148,0,0.00015205719094675465,0.012407806633607863
s55-111-13,u013,2025-06-10,variable,hazard_cal,30,0.0011470736053650343,0,1.3157778561251384e-06,0.0011477319978243287
s55-111-13,u013,2025-06-10,variable,hazard_cal,60,0.0030332691159260516,0,9.20072152963081e-06,0.003037878800660492
s55-111-13,u013,2025-06-10,variable,hazard_cal,120,0.011309645348786201,0,0.00012790807791532137,0.011374085713554208
s55-111-24,u024,2025-06-10,variable,empirical,30,0.0011737089201877549,0,1.3775926293283055e-06,0.0011743982559415578
s55-111-24,u024,2025-06-10,variable,empirical,60,0.0046948356807511304,0,2.2041482069253932e-05,0.004705891037412617
s55-111-24,u024,2025-06-10,variable,empirical,120,0.017018779342723,0,0.0002896388503162951,0.017165263130094227
s55-111-24,u024,2025-06-10,variable,hazard,30,0.000279531101170738,0,7.813763652172535e-08,0.0002795701772711588
s55-111-24,u024,2025-06-10,variable,hazard,60,0.0007351960774355515,0,5.405132722766214e-07,0.0007354664666058506
s55-111-24,u024,2025-06-10,variable,hazard,120,0.002710572295862468,0,7.34720217109713e-06,0.0027142525488469105
s55-111-24,u024,2025-06-10,variable,hazard_cal,30,0.00024322224930584113,0,5.9157062557392736e-08,0.0002432518326340995
s55-111-24,u024,2025-06-10,variable,hazard_cal,60,0.0006437043135318898,0,4.143552432595615e-07,0.0006439115801038835
s55-111-24,u024,2025-06-10,variable,hazard_cal,120,0.0024089527609614247,0,5.803053404543671e-06,0.0024118589558593177
s55-111-54,u054,2025-06-10,new,empirical,30,0.0011737089201877549,0,1.3775926293283055e-06,0.0011743982559415578
s55-111-54,u054,2025-06-10,new,empirical,60,0.0046948356807511304,0,2.2041482069253932e-05,0.004705891037412617
s55-111-54,u054,2025-06-10,new,empirical,120,0.017018779342723,0,0.0002896388503162951,0.017165263130094227
s55-111-54,u054,2025-06-10,new,hazard,30,0.0009707133881738939,0,9.422844819800407e-07,0.0009711848355330855
s55-111-54,u054,2025-06-10,new,hazard,60,0.0025514642723014624,0,6.509969932830831e-06,0.0025547248045363763
s55-111-54,u054,2025-06-10,new,hazard,120,0.009381132892780975,0,8.800565435201713e-05,0.009425412868431267
s55-111-54,u054,2025-06-10,new,hazard_cal,30,0.0008664448638131539,0,7.507267020281948e-07,0.0008668204441262617
s55-111-54,u054,2025-06-10,new,hazard_cal,60,0.0022917827149182557,0,5.252268012398091e-06,0.0022944128681860513
s55-111-54,u054,2025-06-10,new,hazard_cal,120,0.008554784383406844,0,7.31843358465816e-05,0.00859158659161763
s55-111-19,u019,2025-06-10,regular,empirical,30,0.0011737089201877549,0,1.3775926293283055e-06,0.0011743982559415578
s55-111-19,u019,2025-06-10,regular,empirical,60,0.0046948356807511304,0,2.2041482069253932e-05,0.004705891037412617
s55-111-19,u019,2025-06-10,regular,empirical,120,0.017018779342723,0,0.0002896388503162951,0.017165263130094227
s55-111-19,u019,2025-06-10,regular,hazard,30,0.004871517095867528,0,2.3731678815329593e-05,0.004883421613050649
s55-111-19,u019,2025-06-10,regular,hazard,60,0.012758885547304422,0,0.00016278916040921365,0.012840979157025215
s55-111-19,u019,2025-06-10,regular,hazard,120,0.046194116546369735,0,0.0021338964034995902,0.04729510470169468
s55-111-19,u019,2025-06-10,regular,hazard_cal,30,0.004495186973987209,0,2.0206705931104275e-05,0.0045053207070393985
s55-111-19,u019,2025-06-10,regular,hazard_cal,60,0.011850066761757594,0,0.0001404240822581121,0.011920838458067625
s55-111-19,u019,2025-06-10,regular,hazard_cal,120,0.04358609579407946,0,0.0018997477465706712,0.04456450543806422
s55-111-37,u037,2025-06-10,variable,empirical,30,0.0011737089201877549,0,1.3775926293283055e-06,0.0011743982559415578
s55-111-37,u037,2025-06-10,variable,empirical,60,0.0046948356807511304,0,2.2041482069253932e-05,0.004705891037412617
s55-111-37,u037,2025-06-10,variable,empirical,120,0.017018779342723,0,0.0002896388503162951,0.017165263130094227
s55-111-37,u037,2025-06-10,variable,hazard,30,0.0025781172015034715,0,6.646688304688092e-06,0.002581446268703744
s55-111-37,u037,2025-06-10,variable,hazard,60,0.006766475434261343,0,4.578518980246223e-05,0.006789471824207139
s55-111-37,u037,2025-06-10,variable,hazard,120,0.024720855437703193,0,0.0006111206935718195,0.025031546845743297
s55-111-37,u037,2025-06-10,variable,hazard_cal,30,0.0023478727112626885,0,5.5125062682920074e-06,0.0023506332862290756
s55-111-37,u037,2025-06-10,variable,hazard_cal,60,0.006201707607472962,0,3.8461177248588e-05,0.006221018076082296
s55-111-37,u037,2025-06-10,variable,hazard_cal,120,0.02301038843636083,0,0.0005294779759922082,0.023279259991136624
s55-111-49,u049,2025-06-10,regular,empirical,30,0.0011737089201877549,0,1.3775926293283055e-06,0.0011743982559415578
s55-111-49,u049,2025-06-10,regular,empirical,60,0.0046948356807511304,0,2.2041482069253932e-05,0.004705891037412617
s55-111-49,u049,2025-06-10,regular,empirical,120,0.017018779342723,0,0.0002896388503162951,0.017165263130094227
s55-111-49,u049,2025-06-10,regular,hazard,30,0.0022079821867890814,0,4.875185337177894e-06,0.002210423373517504
s55-111-49,u049,2025-06-10,regular,hazard,60,0.005796989068344027,0,3.3605082258500156e-05,0.0058138568292124965
s55-111-49,u049,2025-06-10,regular,hazard,120,0.02120992875102845,0,0.0004498610776237033,0.021438091264648674
s55-111-49,u049,2025-06-10,regular,hazard_cal,30,0.0020043826264734,0,4.017549713308405e-06,0.002006394089607327
s55-111-49,u049,2025-06-10,regular,hazard_cal,60,0.005296091903780664,0,2.80485894532911e-05,0.005310165911994331
s55-111-49,u049,2025-06-10,regular,hazard_cal,120,0.019677753709054113,0,0.00038721399103419294,0.019873938622007065
s55-111-51,u051,2025-06-10,regular,empirical,30,0.0011737089201877549,0,1.3775926293283055e-06,0.0011743982559415578
s55-111-51,u051,2025-06-10,regular,empirical,60,0.0046948356807511304,0,2.2041482069253932e-05,0.004705891037412617
s55-111-51,u051,2025-06-10,regular,empirical,120,0.017018779342723,0,0.0002896388503162951,0.017165263130094227
s55-111-51,u051,2025-06-10,regular,hazard,30,0.0013995079376286634,0,1.958622467485635e-06,0.001400488163525095
s55-111-51,u051,2025-06-10,regular,hazard,60,0.0036770834704104027,0,1.3520942848365411e-05,0.003683860560218569
s55-111-51,u051,2025-06-10,regular,hazard,120,0.013496797646844194,0,0.00018216354671985897,0.013588707348196751
s55-111-51,u051,2025-06-10,regular,hazard_cal,30,0.0012585990012190518,0,1.5840714458695946e-06,0.001259391702140186
s55-111-51,u051,2025-06-10,regular,hazard_cal,60,0.0033278381038184257,0,1.1074506445225815e-05,0.003333387672505577
s55-111-51,u051,2025-06-10,regular,hazard_cal,120,0.012402309909730902,0,0.00015381729109700934,0.012479860426090585
s55-111-20,u020,2025-06-10,regular,empirical,30,0.0011737089201877549,0,1.3775926293283055e-06,0.0011743982559415578
s55-111-20,u020,2025-06-10,regular,empirical,60,0.0046948356807511304,0,2.2041482069253932e-05,0.004705891037412617
s55-111-20,u020,2025-06-10,regular,empirical,120,0.017018779342723,0,0.0002896388503162951,0.017165263130094227
s55-111-20,u020,2025-06-10,regular,hazard,30,0.0015215118201344913,0,2.3149982188089723e-06,0.001522670494684384
s55-111-20,u020,2025-06-10,regular,hazard,60,0.0039971917530226,0,1.5977541910431886e-05,0.004005201876435961
s55-111-20,u020,2025-06-10,regular,hazard,120,0.014664667709516799,0,0.00021505247903054467,0.014773256872625713
s55-111-20,u020,2025-06-10,regular,hazard_cal,30,0.001370671260609524,0,1.8787397046609014e-06,0.001371611489723412
s55-111-20,u020,2025-06-10,regular,hazard_cal,60,0.003623790186174314,0,1.3131855313413269e-05,0.00363037201943059
s55-111-20,u020,2025-06-10,regular,hazard_cal,120,0.013499101526283863,0,0.00018222574201691931,0.013591042750782793
s55-111-26,u026,2025-06-10,variable,empirical,30,0.0011737089201877549,0,1.3775926293283055e-06,0.0011743982559415578
s55-111-26,u026,2025-06-10,variable,empirical,60,0.0046948356807511304,0,2.2041482069253932e-05,0.004705891037412617
s55-111-26,u026,2025-06-10,variable,empirical,120,0.017018779342723,0,0.0002896388503162951,0.017165263130094227
s55-111-26,u026,2025-06-10,variable,hazard,30,0.0009524404204597214,0,9.071427545254909e-07,0.0009528942800426769
s55-111-26,u026,2025-06-10,variable,hazard,60,0.002503476673598848,0,6.267395455253552e-06,0.00250661561125902
s55-111-26,u026,2025-06-10,variable,hazard,120,0.009205361226580666,0,8.47386753118347e-05,0.009247992389425029
s55-111-26,u026,2025-06-10,variable,hazard_cal,30,0.0008498032684752799,0,7.221655951112687e-07,0.0008501645559695327
s55-111-26,u026,2025-06-10,variable,hazard_cal,60,0.0022477996393048816,0,5.0526032184591555e-06,0.0022503297330543734
s55-111-26,u026,2025-06-10,variable,hazard_cal,120,0.008391174322343153,0,7.041180650795108e-05,0.008426578419346
s55-111-31,u031,2025-06-10,regular,empirical,30,0.0011737089201877549,0,1.3775926293283055e-06,0.0011743982559415578
s55-111-31,u031,2025-06-10,regular,empirical,60,0.0046948356807511304,0,2.2041482069253932e-05,0.004705891037412617
s55-111-31,u031,2025-06-10,regular,empirical,120,0.017018779342723,0,0.0002896388503162951,0.017165263130094227
s55-111-31,u031,2025-06-10,regular,hazard,30,0.003216832280299009,0,1.0348009919573722e-05,0.0032220174080356497
s55-111-31,u031,2025-06-10,regular,hazard,60,0.008437902096927075,0,7.119819179732632e-05,0.008473702723193898
s55-111-31,u031,2025-06-10,regular,hazard,120,0.03074961534745624,0,0.0009455388440165163,0.031232305575315786
s55-111-31,u031,2025-06-10,regular,hazard_cal,30,0.002942954272393883,0,8.660979849401409e-06,0.002947293277405204
s55-111-31,u031,2025-06-10,regular,hazard_cal,60,0.007769282496299268,0,6.0361750507302186e-05,0.007799620610633812
s55-111-31,u031,2025-06-10,regular,hazard_cal,120,0.028756932605935925,0,0.0008269611729023407,0.02917851514396365
s55-111-55,u055,2025-06-10,new,empirical,30,0.0011737089201877549,0,1.3775926293283055e-06,0.0011743982559415578
s55-111-55,u055,2025-06-10,new,empirical,60,0.0046948356807511304,0,2.2041482069253932e-05,0.004705891037412617
s55-111-55,u055,2025-06-10,new,empirical,120,0.017018779342723,0,0.0002896388503162951,0.017165263130094227
s55-111-55,u055,2025-06-10,new,hazard,30,0.0007805144538526321,0,6.092028126728726e-07,0.0007808192138490087
s55-111-55,u055,2025-06-10,new,hazard,60,0.0020518942794693906,0,4.210270134119209e-06,0.002054002298651732
s55-111-55,u055,2025-06-10,new,hazard,120,0.007550028771138084,0,5.700293444501285e-05,0.007578674513563509
s55-111-55,u055,2025-06-10,new,hazard_cal,30,0.000693566743387275,0,4.810348275328302e-07,0.0006938073720688417
s55-111-55,u055,2025-06-10,new,hazard_cal,60,0.0018348065751262466,0,3.3665151681265067e-06,0.0018364918945158865
s55-111-55,u055,2025-06-10,new,hazard_cal,120,0.006853818730864214,0,4.6974831195545146e-05,0.006877414020155474
s55-111-56,u056,2025-06-10,new,empirical,30,0.0011737089201877549,0,1.3775926293283055e-06,0.0011743982559415578
s55-111-56,u056,2025-06-10,new,empirical,60,0.0046948356807511304,0,2.2041482069253932e-05,0.004705891037412617
s55-111-56,u056,2025-06-10,new,empirical,120,0.017018779342723,0,0.0002896388503162951,0.017165263130094227
s55-111-56,u056,2025-06-10,new,hazard,30,0.0007805144538526321,0,6.092028126728726e-07,0.0007808192138490087
s55-111-56,u056,2025-06-10,new,hazard,60,0.0020518942794693906,0,4.210270134119209e-06,0.002054002298651732
s55-111-56,u056,2025-06-10,new,hazard,120,0.007550028771138084,0,5.700293444501285e-05,0.007578674513563509
s55-111-56,u056,2025-06-10,new,hazard_cal,30,0.000693566743387275,0,4.810348275328302e-07,0.0006938073720688417
s55-111-56,u056,2025-06-10,new,hazard_cal,60,0.0018348065751262466,0,3.3665151681265067e-06,0.0018364918945158865
s55-111-56,u056,2025-06-10,new,hazard_cal,120,0.006853818730864214,0,4.6974831195545146e-05,0.006877414020155474
s55-111-58,u058,2025-06-10,new,empirical,30,0.0011737089201877549,0,1.3775926293283055e-06,0.0011743982559415578
s55-111-58,u058,2025-06-10,new,empirical,60,0.0046948356807511304,0,2.2041482069253932e-05,0.004705891037412617
s55-111-58,u058,2025-06-10,new,empirical,120,0.017018779342723,0,0.0002896388503162951,0.017165263130094227
s55-111-58,u058,2025-06-10,new,hazard,30,0.0013057439886561273,0,1.7049673639116127e-06,0.0013065972151492002
s55-111-58,u058,2025-06-10,new,hazard,60,0.0034310212537976836,0,1.177190684401143e-05,0.0034369207051803624
s55-111-58,u058,2025-06-10,new,hazard,120,0.012598304229745394,0,0.00015871726946522068,0.012678335749233521
s55-111-58,u058,2025-06-10,new,hazard_cal,30,0.0011726039410629996,0,1.3750000025964787e-06,0.001173291978980872
s55-111-58,u058,2025-06-10,new,hazard_cal,60,0.0031007070685882265,0,9.614384325192993e-06,0.003105524221047204
s55-111-58,u058,2025-06-10,new,hazard_cal,120,0.011559885461024821,0,0.00013363095187201305,0.011627220362455086
s55-111-9,u009,2025-06-10,regular,empirical,30,0.0011737089201877549,0,1.3775926293283055e-06,0.0011743982559415578
s55-111-9,u009,2025-06-10,regular,empirical,60,0.0046948356807511304,0,2.2041482069253932e-05,0.004705891037412617
s55-111-9,u009,2025-06-10,regular,empirical,120,0.017018779342723,0,0.0002896388503162951,0.017165263130094227
s55-111-9,u009,2025-06-10,regular,hazard,30,0.0064356184946500194,0,4.141718540868138e-05,0.00645641636682146
s55-111-9,u009,2025-06-10,regular,hazard,60,0.01683128000289369,0,0.000283291986535809,0.016974535722666394
s55-111-9,u009,2025-06-10,regular,hazard,120,0.06056541641569835,0,0.003668169665606943,0.06247709152110543
s55-111-9,u009,2025-06-10,regular,hazard_cal,30,0.00597288719843081,0,3.5675381485178645e-05,0.005990796237227718
s55-111-9,u009,2025-06-10,regular,hazard_cal,60,0.015723994592363844,0,0.0002472440059406874,0.015848927960331646
s55-111-9,u009,2025-06-10,regular,hazard_cal,120,0.05749053009862137,0,0.00330516105102049,0.0592093120697284
s55-111-22,u022,2025-06-10,variable,empirical,30,0.0011737089201877549,0,1.3775926293283055e-06,0.0011743982559415578
s55-111-22,u022,2025-06-10,variable,empirical,60,0.0046948356807511304,0,2.2041482069253932e-05,0.004705891037412617
s55-111-22,u022,2025-06-10,variable,empirical,120,0.017018779342723,0,0.0002896388503162951,0.017165263130094227
s55-111-22,u022,2025-06-10,variable,hazard,30,0.001517262004787967,0,2.302083991173201e-06,0.001518414212398252
s55-111-22,u022,2025-06-10,variable,hazard,60,0.003986042481238683,0,1.5888534662239437e-05,0.0039940079226744845
s55-111-22,u022,2025-06-10,variable,hazard,120,0.014624010189495329,0,0.0002138616740224632,0.014731995101232536
s55-111-22,u022,2025-06-10,variable,hazard_cal,30,0.0013667641889357762,0,1.8680443481572702e-06,0.0013676990630419135
s55-111-22,u022,2025-06-10,variable,hazard_cal,60,0.0036134737161139796,0,1.3057192297046573e-05,0.003620018082282379
s55-111-22,u022,2025-06-10,variable,hazard_cal,120,0.013460885834322922,0,0.0001811954474446755,0.013552304872462121
s55-111-23,u023,2025-06-10,variable,empirical,30,0.0011737089201877549,0,1.3775926293283055e-06,0.0011743982559415578
s55-111-23,u023,2025-06-10,variable,empirical,60,0.0046948356807511304,0,2.2041482069253932e-05,0.004705891037412617
s55-111-23,u023,2025-06-10,variable,empirical,120,0.017018779342723,0,0.0002896388503162951,0.017165263130094227
s55-111-23,u023,2025-06-10,variable,hazard,30,0.0012821683046336796,0,1.6439555614072042e-06,0.0012829909856999628
s55-111-23,u023,2025-06-10,variable,hazard,60,0.0033691455727634656,0,1.135114189047166e-05,0.003374833923891022
s55-111-23,u023,2025-06-10,variable,hazard,120,0.012372260505182475,0,0.00015307283000809811,0.012449434122236187
s55-111-23,u023,2025-06-10,variable,hazard_cal,30,0.0011510013246486261,0,1.324804049342892e-06,0.001151664235396217
s55-111-23,u023,2025-06-10,variable,hazard_cal,60,0.0030436443280591474,0,9.263770795726619e-06,0.0030482856335048917
s55-111-23,u023,2025-06-10,variable,hazard_cal,120,0.011348147757690774,0,0.00012878045753038215,0.011413029310444226
s55-111-39,u039,2025-06-10,regular,empirical,30,0.0011737089201877549,0,1.3775926293283055e-06,0.0011743982559415578
s55-111-39,u039,2025-06-10,regular,empirical,60,0.0046948356807511304,0,2.2041482069253932e-05,0.004705891037412617
s55-111-39,u039,2025-06-10,regular,empirical,120,0.017018779342723,0,0.0002896388503162951,0.017165263130094227
s55-111-39,u039,2025-06-10,regular,hazard,30,0.002377957270968012,0,5.654680782549635e-06,0.002380789101564805
s55-111-39,u039,2025-06-10,regular,hazard,60,0.006242282631907625,0,3.896609245661559e-05,0.006261847138751264
s55-111-39,u039,2025-06-10,regular,hazard,120,0.022823809854473964,0,0.0005209262962731829,0.023088305280650312
s55-111-39,u039,2025-06-10,regular,hazard_cal,30,0.0021619845066226384,0,4.674177006876333e-06,0.002164324969096947
s55-111-39,u039,2025-06-10,regular,hazard_cal,60,0.005711682747771452,0,3.262331981119004e-05,0.005728056786319858
s55-111-39,u039,2025-06-10,regular,hazard_cal,120,0.0212082755653189,0,0.0004497909524545028,0.021436402256594763
s55-111-30,u030,2025-06-10,variable,empirical,30,0.0011737089201877549,0,1.3775926293283055e-06,0.0011743982559415578
s55-111-30,u030,2025-06-10,variable,empirical,60,0.0046948356807511304,0,2.2041482069253932e-05,0.004705891037412617
s55-111-30,u030,2025-06-10,variable,empirical,120,0.017018779342723,0,0.0002896388503162951,0.017165263130094227
s55-111-30,u030,2025-06-10,variable,hazard,30,0.0018907929899359965,0,3.5750981307911056e-06,0.0018925827954583928
s55-111-30,u030,2025-06-10,variable,hazard,60,0.0049656593346396605,0,2.4657772627693996e-05,0.004978029187594224
s55-111-30,u030,2025-06-10,variable,hazard,120,0.018191096797696926,0,0.00033091600270317937,0.018358589154950967
s55-111-30,u030,2025-06-10,variable,hazard_cal,30,0.0017109708572067284,0,2.927421274210727e-06,0.001712436239566715
s55-111-30,u030,2025-06-10,variable,hazard_cal,60,0.004522051418836659,0,2.0448949034602642e-05,0.004532306822006457
s55-111-30,u030,2025-06-10,variable,hazard_cal,120,0.016821886458294744,0,0.00028297586401576007,0.016964981411657983
s55-111-57,u057,2025-06-10,new,empirical,30,0.0011737089201877549,0,1.3775926293283055e-06,0.0011743982559415578
s55-111-57,u057,2025-06-10,new,empirical,60,0.0046948356807511304,0,2.2041482069253932e-05,0.004705891037412617
s55-111-57,u057,2025-06-10,new,empirical,120,0.017018779342723,0,0.0002896388503162951,0.017165263130094227
s55-111-57,u057,2025-06-10,new,hazard,30,0.0005348044232890148,0,2.860157711694957e-07,0.0005349474821825594
s55-111-57,u057,2025-06-10,new,hazard,60,0.0014062632604432412,0,1.9775763576724552e-06,0.0014072529765985396
s55-111-57,u057,2025-06-10,new,hazard,120,0.005179453969782033,0,2.682674342509086e-05,0.005192913838122765
s55-111-57,u057,2025-06-10,new,hazard_cal,30,0.000471560382618752,0,2.2236919445554378e-07,0.00047167160218184725
s55-111-57,u057,2025-06-10,new,hazard_cal,60,0.0012477529702137335,0,1.5568874746771943e-06,0.0012485320620946425
s55-111-57,u057,2025-06-10,new,hazard_cal,120,0.0046651432012851934,0,2.1763561088497463e-05,0.004676058944062596
s55-112-21,u021,2025-06-11,regular,empirical,30,0.0011737089201877549,0,1.3775926293283055e-06,0.0011743982559415578
s55-112-21,u021,2025-06-11,regular,empirical,60,0.0046948356807511304,0,2.2041482069253932e-05,0.004705891037412617
s55-112-21,u021,2025-06-11,regular,empirical,120,0.017018779342723,0,0.0002896388503162951,0.017165263130094227
s55-112-21,u021,2025-06-11,regular,hazard,30,0.0014770306521618703,0,2.18161954742572e-06,0.0014781225372331713
s55-112-21,u021,2025-06-11,regular,hazard,60,0.0038804923538976466,0,1.5058220908658098e-05,0.0038880409989863977
s55-112-21,u021,2025-06-11,regular,hazard,120,0.014239037513193109,0,0.0002027501893021206,0.014341385325743986
s55-112-21,u021,2025-06-11,regular,hazard_cal,30,0.0013297887378793671,0,1.7683380873908e-06,0.0013306736915443412
s55-112-21,u021,2025-06-11,regular,hazard_cal,60,0.003515837784000886,0,1.236111532340826e-05,0.0035220328665284094
s55-112-21,u021,2025-06-11,regular,hazard_cal,120,0.013099148871095201,0,0.0001715877011471147,0.01318569937785295
s55-112-43,u043,2025-06-11,regular,empirical,30,0.0011737089201877549,0,1.3775926293283055e-06,0.0011743982559415578
s55-112-43,u043,2025-06-11,regular,empirical,60,0.0046948356807511304,0,2.2041482069253932e-05,0.004705891037412617
s55-112-43,u043,2025-06-11,regular,empirical,120,0.017018779342723,0,0.0002896388503162951,0.017165263130094227
s55-112-43,u043,2025-06-11,regular,hazard,30,0.0025107444037315574,0,6.303837460869333e-06,0.0025139016081914558
s55-112-43,u043,2025-06-11,regular,hazard,60,0.0065900563085594666,0,4.3428842149984424e-05,0.006611866603155186
s55-112-43,u043,2025-06-11,regular,hazard,120,0.024082734058786914,0,0.0005799780797462553,0.0243774646649526
s55-112-43,u043,2025-06-11,regular,hazard_cal,30,0.002285269066963247,0,5.2224547084190696e-06,0.0022878842793865204
s55-112-43,u043,2025-06-11,regular,hazard_cal,60,0.006036695331919639,0,3.6441690530420366e-05,0.006054989839923206
s55-112-43,u043,2025-06-11,regular,hazard_cal,120,0.02240384591379041,0,0.0005019323117288633,0.022658624608745837
s55-112-5,u005,2025-06-11,variable,empirical,30,0.0011737089201877549,0,1.3775926293283055e-06,0.0011743982559415578
s55-112-5,u005,2025-06-11,variable,empirical,60,0.0046948356807511304,0,2.2041482069253932e-05,0.004705891037412617
s55-112-5,u005,2025-06-11,variable,empirical,120,0.017018779342723,0,0.0002896388503162951,0.017165263130094227
s55-112-5,u005,2025-06-11,variable,hazard,30,0.0004089626350521902,0,1.6725043686883093e-07,0.00040904628307734654
s55-112-5,u005,2025-06-11,variable,hazard,60,0.0010754872365867918,0,1.1566727960610938e-06,0.0010760659879818597
s55-112-5,u005,2025-06-11,variable,hazard,120,0.003963142716102763,0,1.5706500188198388e-05,0.003971016777100523
s55-112-5,u005,2025-06-11,variable,hazard_cal,30,0.0003586242545933205,0,1.2861135598261474e-07,0.0003586885756498321
s55-112-5,u005,2025-06-11,variable,hazard_cal,60,0.0009490222025464456,0,9.006431409261069e-07,0.0009494728092299648
s55-112-5,u005,2025-06-11,variable,hazard_cal,120,0.0035498767221171512,0,1.260162474222921e-05,0.0035561924857063594
s55-112-30,u030,2025-06-11,variable,empirical,30,0.0011737089201877549,0,1.3775926293283055e-06,0.0011743982559415578
s55-112-30,u030,2025-06-11,variable,empirical,60,0.0046948356807511304,0,2.2041482069253932e-05,0.004705891037412617
s55-112-30,u030,2025-06-11,variable,empirical,120,0.017018779342723,0,0.0002896388503162951,0.017165263130094227
s55-112-30,u030,2025-06-11,variable,hazard,30,0.0014794466941933093,0,2.1887625209595114e-06,0.001480542156038704
s55-112-30,u030,2025-06-11,variable,hazard,60,0.003886831250203504,0,1.5107457167558534e-05,0.0038944046094029744
s55-112-30,u030,2025-06-11,variable,hazard,120,0.01426216082559384,0,0.00020340923141510354,0.014364842922961196
s55-112-30,u030,2025-06-11,variable,hazard_cal,30,0.0013320086697792277,0,1.7742470963670277e-06,0.0013328965818860772
s55-112-30,u030,2025-06-11,variable,hazard_cal,60,0.0035216998382673337,0,1.2402369750852165e-05,0.003527915620847295
s55-112-30,u030,2025-06-11,variable,hazard_cal,120,0.013120870618890446,0,0.00017215724579766254,0.013207709680936994
s55-112-9,u009,2025-06-11,regular,empirical,30,0.0011737089201877549,0,1.3775926293283055e-06,0.0011743982559415578
s55-112-9,u009,2025-06-11,regular,empirical,60,0.0046948356807511304,0,2.2041482069253932e-05,0.004705891037412617
s55-112-9,u009,2025-06-11,regular,empirical,120,0.017018779342723,0,0.0002896388503162951,0.017165263130094227
s55-112-9,u009,2025-06-11,regular,hazard,30,0.006850254260641786,0,4.692598343544094e-05,0.00687382495754505
s55-112-9,u009,2025-06-11,regular,hazard,60,0.01790889254604544,0,0.00032072843222580197,0.018071197483213515
s55-112-9,u009,2025-06-11,regular,hazard,120,0.0643385202258201,0,0.004139445184848261,0.06650153482972192
s55-112-9,u009,2025-06-11,regular,hazard_cal,30,0.0063659735439057785,0,4.0525619161708296e-05,0.006386322761176717
s55-112-9,u009,2025-06-11,regular,hazard_cal,60,0.016752717088404867,0,0.00028065352984413245,0.016894631048971293
s55-112-9,u009,2025-06-11,regular,hazard_cal,120,0.0611547590984306,0,0.00373990456038708,0.06310462602836002
s55-112-14,u014,2025-06-11,regular,empirical,30,0.0011737089201877549,0,1.3775926293283055e-06,0.0011743982559415578
s55-112-14,u014,2025-06-11,regular,empirical,60,0.0046948356807511304,0,2.2041482069253932e-05,0.004705891037412617
s55-112-14,u014,2025-06-11,regular,empirical,120,0.017018779342723,0,0.0002896388503162951,0.017165263130094227
s55-112-14,u014,2025-06-11,regular,hazard,30,0.0004143343473480554,0,1.7167295139233903e-07,0.000414420207541122
s55-112-14,u014,2025-06-11,regular,hazard,60,0.001089608376360962,0,1.187246413835972e-06,0.0010902024311317884
s55-112-14,u014,2025-06-11,regular,hazard,120,0.004015093061446207,0,1.612097229207347e-05,0.004023175188507738
s55-112-14,u014,2025-06-11,regular,hazard_cal,30,0.00036343187302390056,0,1.3208272632966058e-07,0.0003634979303924523
s55-112-14,u014,2025-06-11,regular,hazard_cal,60,0.0009617402529099595,0,9.249443140673128e-07,0.0009622030217997645
s55-112-14,u014,2025-06-11,regular,hazard_cal,120,0.0035973786625775883,0,1.2941133241968518e-05,0.003603864789239858
s55-112-32,u032,2025-06-11,variable,empirical,30,0.0011737089201877549,0,1.3775926293283055e-06,0.0011743982559415578
s55-112-32,u032,2025-06-11,variable,empirical,60,0.0046948356807511304,0,2.2041482069253932e-05,0.004705891037412617
s55-112-32,u032,2025-06-11,variable,empirical,120,0.017018779342723,0,0.0002896388503162951,0.017165263130094227
s55-112-32,u032,2025-06-11,variable,hazard,30,0.0007105665983752063,0,5.049048907265118e-07,0.000710819170473855
s55-112-32,u032,2025-06-11,variable,hazard,60,0.0018681279012224827,0,3.4899018553259183e-06,0.0018698750283938999
s55-112-32,u032,2025-06-11,variable,hazard,120,0.0068757619421975225,0,4.7276102285771845e-05,0.006899508908264049
s55-112-32,u032,2025-06-11,variable,hazard_cal,30,0.000630196673242267,0,3.971478469656207e-07,0.0006303953306322853
s55-112-32,u032,2025-06-11,variable,hazard_cal,60,0.00166726109516524,0,2.7797595594515956e-06,0.0016686525217409676
s55-112-32,u032,2025-06-11,variable,hazard_cal,120,0.006229574689724848,0,3.880760081486044e-05,0.006249059453475195
s55-112-7,u007,2025-06-11,variable,empirical,30,0.0011737089201877549,0,1.3775926293283055e-06,0.0011743982559415578
s55-112-7,u007,2025-06-11,variable,empirical,60,0.0046948356807511304,0,2.2041482069253932e-05,0.004705891037412617
s55-112-7,u007,2025-06-11,variable,empirical,120,0.017018779342723,0,0.0002896388503162951,0.017165263130094227
s55-112-7,u007,2025-06-11,variable,hazard,30,0.0005116900719471795,0,2.6182672972930977e-07,0.0005118210299872355
s55-112-7,u007,2025-06-11,variable,hazard,60,0.001345512735850929,0,1.8104045223370515e-06,0.0013464187509064855
s55-112-7,u007,2025-06-11,variable,hazard,120,0.0049561567389692085,0,2.45634896212299e-05,0.00496847921538984
s55-112-7,u007,2025-06-11,variable,hazard_cal,30,0.00045077127869441735,0,2.0319474569580007e-07,0.0004508729066090428
s55-112-7,u007,2025-06-11,variable,hazard_cal,60,0.0011927677753469368,0,1.4226949659060807e-06,0.0011934796889846249
s55-112-7,u007,2025-06-11,variable,hazard_cal,120,0.004459941619844976,0,1.989107925242543e-05,0.004469916829756591
s55-112-8,u008,2025-06-11,regular,empirical,30,0.0011737089201877549,0,1.3775926293283055e-06,0.0011743982559415578
s55-112-8,u008,2025-06-11,regular,empirical,60,0.0046948356807511304,0,2.2041482069253932e-05,0.004705891037412617
s55-112-8,u008,2025-06-11,regular,empirical,120,0.017018779342723,0,0.0002896388503162951,0.017165263130094227
s55-112-8,u008,2025-06-11,regular,hazard,30,0.0059512273198563115,0,3.541710661260414e-05,0.005969006446673413
s55-112-8,u008,2025-06-11,regular,hazard,60,0.015571337805009966,0,0.0002424665610377326,0.01569384447810906
s55-112-8,u008,2025-06-11,regular,hazard,120,0.05613816502347113,0,0.0031514935722024777,0.05777548480216691
s55-112-8,u008,2025-06-11,regular,hazard_cal,30,0.005514348486674314,0,3.04080392324873e-05,0.005529608631985621
s55-112-8,u008,2025-06-11,regular,hazard_cal,60,0.014523030693003869,0,0.00021091842050993245,0.01462952221393501
s55-112-8,u008,2025-06-11,regular,hazard_cal,120,0.05319790790352208,0,0.002830017405311617,0.05466519169489952
s55-112-16,u016,2025-06-11,variable,empirical,30,0.0011737089201877549,0,1.3775926293283055e-06,0.0011743982559415578
s55-112-16,u016,2025-06-11,variable,empirical,60,0.0046948356807511304,0,2.2041482069253932e-05,0.004705891037412617
s55-112-16,u016,2025-06-11,variable,empirical,120,0.017018779342723,0,0.0002896388503162951,0.017165263130094227
s55-112-16,u016,2025-06-11,variable,hazard,30,0.00037382273662245336,0,1.3974343841590012e-07,0.00037389262575963635
s55-112-16,u016,2025-06-11,variable,hazard,60,0.0009831081623390414,0,9.66501658857647e-07,0.0009835917301274086
s55-112-16,u016,2025-06-11,variable,hazard,120,0.0036232340425484955,0,1.3127824927082313e-05,0.003629813853282974
s55-112-16,u016,2025-06-11,variable,hazard_cal,30,0.0003272071986312186,0,1.0706455083608975e-07,0.0003272607425869337
s55-112-16,u016,2025-06-11,variable,hazard_cal,60,0.0008659088877167598,0,7.497982018268761e-07,0.0008662840033772957
s55-112-16,u016,2025-06-11,variable,hazard_cal,120,0.0032394023287475315,0,1.049372744749493e-05,0.003244660551207438
s55-112-39,u039,2025-06-11,regular,empirical,30,0.0011737089201877549,0,1.3775926293283055e-06,0.0011743982559415578
s55-112-39,u039,2025-06-11,regular,empirical,60,0.0046948356807511304,0,2.2041482069253932e-05,0.004705891037412617
s55-112-39,u039,2025-06-11,regular,empirical,120,0.017018779342723,0,0.0002896388503162951,0.017165263130094227
s55-112-39,u039,2025-06-11,regular,hazard,30,0.002108337037326158,0,4.44508506296124e-06,0.002110562708718171
s55-112-39,u039,2025-06-11,regular,hazard,60,0.005535878433475472,0,3.064595003021884e-05,0.005551258195080077
s55-112-39,u039,2025-06-11,regular,hazard,120,0.0202625694143157,0,0.00041057171926996215,0.020470671190422944
s55-112-39,u039,2025-06-11,regular,hazard_cal,30,0.001912106722757767,0,3.6561521192154482e-06,0.0019139371324820391
s55-112-39,u039,2025-06-11,regular,hazard_cal,60,0.005052707087586428,0,2.552984891294612e-05,0.0050655151739304755
s55-112-39,u039,2025-06-11,regular,hazard_cal,120,0.01878050963734701,0,0.0003527075422384839,0.018959102992952427
s55-112-12,u012,2025-06-11,variable,empirical,30,0.0011737089201877549,0,1.3775926293283055e-06,0.0011743982559415578
s55-112-12,u012,2025-06-11,variable,empirical,60,0.0046948356807511304,0,2.2041482069253932e-05,0.004705891037412617
s55-112-12,u012,2025-06-11,variable,empirical,120,0.017018779342723,0,0.0002896388503162951,0.017165263130094227
s55-112-12,u012,2025-06-11,variable,hazard,30,0.002849699530033445,0,8.120787411472837e-06,0.0028537676541983436
s55-112-12,u012,2025-06-11,variable,hazard,60,0.007477406898112271,0,5.5911613919936975e-05,0.007505502849266275
s55-112-12,u012,2025-06-11,variable,hazard,120,0.027288890316396697,0,0.0007446835347003294,0.027668147681678953
s55-112-12,u012,2025-06-11,variable,hazard_cal,30,0.0026005664299530995,0,6.7629457565990095e-06,0.0026039537767861653
s55-112-12,u012,2025-06-11,variable,hazard_cal,60,0.006867569443708033,0,4.7163510064152253e-05,0.006891259724138965
s55-112-12,u012,2025-06-11,variable,hazard_cal,120,0.025454773643884487,0,0.0006479455012613964,0.025784351305250364
s55-112-29,u029,2025-06-11,regular,empirical,30,0.0011737089201877549,0,1.3775926293283055e-06,0.0011743982559415578
s55-112-29,u029,2025-06-11,regular,empirical,60,0.0046948356807511304,0,2.2041482069253932e-05,0.004705891037412617
s55-112-29,u029,2025-06-11,regular,empirical,120,0.017018779342723,0,0.0002896388503162951,0.017165263130094227
s55-112-29,u029,2025-06-11,regular,hazard,30,0.0013718996561526975,0,1.8821086665518897e-06,0.0013728415720606073
s55-112-29,u029,2025-06-11,regular,hazard,60,0.0036046361853407927,0,1.2993402028668222e-05,0.003611148540846705
s55-112-29,u029,2025-06-11,regular,hazard,120,0.013232326744224365,0,0.0001750944710659154,0.013320654028733662
s55-112-29,u029,2025-06-11,regular,hazard_cal,30,0.001233265509797632,0,1.520943817656413e-06,0.0012340266075278664
s55-112-29,u029,2025-06-11,regular,hazard_cal,60,0.003260930787097549,0,1.063366959824064e-05,0.003266259208792873
s55-112-29,u029,2025-06-11,regular,hazard_cal,120,0.0121542135769237,0,0.0001477249076734764,0.012228680033372399
s55-112-33,u033,2025-06-11,regular,empirical,30,0.0011737089201877549,0,1.3775926293283055e-06,0.0011743982559415578
s55-112-33,u033,2025-06-11,regular,empirical,60,0.0046948356807511304,0,2.2041482069253932e-05,0.004705891037412617
s55-112-33,u033,2025-06-11,regular,empirical,120,0.017018779342723,0,0.0002896388503162951,0.017165263130094227
s55-112-33,u033,2025-06-11,regular,hazard,30,0.002823494990834674,0,7.972123963268496e-06,0.002827488571824998
s55-112-33,u033,2025-06-11,regular,hazard,60,0.007408825692380661,0,5.4890698140079775e-05,0.007436407357728386
s55-112-33,u033,2025-06-11,regular,hazard,120,0.027041401817193722,0,0.0007312374122389279,0.02741374838714593
s55-112-33,u033,2025-06-11,regular,hazard_cal,30,0.0025761618169356515,0,6.636609707037197e-06,0.0025794858318165664
s55-112-33,u033,2025-06-11,regular,hazard_cal,60,0.006803275559184918,0,4.628455833420286e-05,0.006826523339050099
s55-112-33,u033,2025-06-11,regular,hazard_cal,120,0.025218970311052913,0,0.0006359964635497682,0.02554241814167604
s55-112-36,u036,2025-06-11,regular,empirical,30,0.0011737089201877549,0,1.3775926293283055e-06,0.0011743982559415578
s55-112-36,u036,2025-06-11,regular,empirical,60,0.0046948356807511304,0,2.2041482069253932e-05,0.004705891037412617
s55-112-36,u036,2025-06-11,regular,empirical,120,0.017018779342723,0,0.0002896388503162951,0.017165263130094227
s55-112-36,u036,2025-06-11,regular,hazard,30,0.0011024361754267131,0,1.2153655208894785e-06,0.0011030443051777343
s55-112-36,u036,2025-06-11,regular,hazard,60,0.0028973409074684042,0,8.394584334089836e-06,0.0029015463246178414
s55-112-36,u036,2025-06-11,regular,hazard,120,0.010647274241344706,0,0.00011336444877040249,0.010704362047007967
s55-112-36,u036,2025-06-11,regular,hazard_cal,30,0.0009865917473382835,0,9.733632759160074e-07,0.000987078749317346
s55-112-36,u036,2025-06-11,regular,hazard_cal,60,0.0026092859219456477,0,6.8083730224637485e-06,0.002612696041733568
s55-112-36,u036,2025-06-11,regular,hazard_cal,120,0.009735185363591525,0,9.477383406348666e-05,0.009782882090722096
s55-112-3,u003,2025-06-11,regular,empirical,30,0.0011737089201877549,0,1.3775926293283055e-06,0.0011743982559415578
s55-112-3,u003,2025-06-11,regular,empirical,60,0.0046948356807511304,0,2.2041482069253932e-05,0.004705891037412617
s55-112-3,u003,2025-06-11,regular,empirical,120,0.017018779342723,0,0.0002896388503162951,0.017165263130094227
s55-112-3,u003,2025-06-11,regular,hazard,30,0.004789170578423763,0,2.2936154829239797e-05,0.004800675402913716
s55-112-3,u003,2025-06-11,regular,hazard,60,0.012544158783028836,0,0.0001573559195738395,0.01262350096169464
s55-112-3,u003,2025-06-11,regular,hazard,120,0.045431399139839845,0,0.0020640120278034406,0.04649576740871569
s55-112-3,u003,2025-06-11,regular,hazard_cal,30,0.004417640600908435,0,1.9515548478794634e-05,0.004427427208259501
s55-112-3,u003,2025-06-11,regular,hazard_cal,60,0.01164647801466323,0,0.000135640450146034,0.011714829460434626
s55-112-3,u003,2025-06-11,regular,hazard_cal,120,0.042850722684466214,0,0.0018361844345810275,0.043795915037794064
s55-112-41,u041,2025-06-11,regular,empirical,30,0.0011737089201877549,0,1.3775926293283055e-06,0.0011743982559415578
s55-112-41,u041,2025-06-11,regular,empirical,60,0.0046948356807511304,0,2.2041482069253932e-05,0.004705891037412617
s55-112-41,u041,2025-06-11,regular,empirical,120,0.017018779342723,0,0.0002896388503162951,0.017165263130094227
s55-112-41,u041,2025-06-11,regular,hazard,30,0.000988982666534577,0,9.780867147058422e-07,0.0009894720325682184
s55-112-41,u041,2025-06-11,regular,hazard,60,0.0025994405776949003,0,6.757091316966797e-06,0.002602824989677529
s55-112-41,u041,2025-06-11,regular,hazard,120,0.009556837671489737,0,9.133314627920538e-05,0.009602797298155082
s55-112-41,u041,2025-06-11,regular,hazard_cal,30,0.0008830895468308064,0,7.798471477218391e-07,0.0008834797001151033
s55-112-41,u041,2025-06-11,regular,hazard_cal,60,0.002335772594706964,0,5.455833614184103e-06,0.0023385047668317313
s55-112-41,u041,2025-06-11,regular,hazard_cal,120,0.008718397476770279,0,7.601045456295436e-05,0.008756625055048822
s55-112-45,u045,2025-06-11,regular,empirical,30,0.0011737089201877549,0,1.3775926293283055e-06,0.0011743982559415578
s55-112-45,u045,2025-06-11,regular,empirical,60,0.0046948356807511304,0,2.2041482069253932e-05,0.004705891037412617
s55-112-45,u045,2025-06-11,regular,empirical,120,0.017018779342723,0,0.0002896388503162951,0.017165263130094227
s55-112-45,u045,2025-06-11,regular,hazard,30,0.002442279755036081,0,5.964730401859099e-06,0.0024452669849956946
s55-112-45,u045,2025-06-11,regular,hazard,60,0.006410755805571822,0,4.109778999867282e-05,0.00643139294763741
s55-112-45,u045,2025-06-11,regular,hazard,120,0.023433840564137998,0,0.0005491448835854395,0.02371277936201432
s55-112-45,u045,2025-06-11,regular,hazard_cal,30,0.0022216865635787952,0,4.935891186786556e-06,0.0022241581706081656
s55-112-45,u045,2025-06-11,regular,hazard_cal,60,0.005869083346614512,0,3.44461393295078e-05,0.005886374103400582
s55-112-45,u045,2025-06-11,regular,hazard_cal,120,0.021787429720028784,0,0.0004746920938051935,0.0220282805403384
s55-112-51,u051,2025-06-11,regular,empirical,30,0.0011737089201877549,0,1.3775926293283055e-06,0.0011743982559415578
s55-112-51,u051,2025-06-11,regular,empirical,60,0.0046948356807511304,0,2.2041482069253932e-05,0.004705891037412617
s55-112-51,u051,2025-06-11,regular,empirical,120,0.017018779342723,0,0.0002896388503162951,0.017165263130094227
s55-112-51,u051,2025-06-11,regular,hazard,30,0.0018690340338407552,0,3.493288219655045e-06,0.001870782857364108
s55-112-51,u051,2025-06-11,regular,hazard,60,0.004908612995544681,0,2.4094481540030127e-05,0.00492069980551805
s55-112-51,u051,2025-06-11,regular,hazard,120,0.017983663727813348,0,0.0003234121610750695,0.018147335050985446
s55-112-51,u051,2025-06-11,regular,hazard_cal,30,0.001690878533123663,0,2.8590702137784306e-06,0.0016923096817237076
s55-112-51,u051,2025-06-11,regular,hazard_cal,60,0.004469031078435881,0,1.9972238780025776e-05,0.00447904705009161
s55-112-51,u051,2025-06-11,regular,hazard_cal,120,0.01662601403077768,0,0.0002764243425516163,0.01676577750730834
s55-112-59,u059,2025-06-11,new,empirical,30,0.0011737089201877549,0,1.3775926293283055e-06,0.0011743982559415578
s55-112-59,u059,2025-06-11,new,empirical,60,0.0046948356807511304,0,2.2041482069253932e-05,0.004705891037412617
s55-112-59,u059,2025-06-11,new,empirical,120,0.017018779342723,0,0.0002896388503162951,0.017165263130094227
s55-112-59,u059,2025-06-11,new,hazard,30,0.0006378016081515225,0,4.067908913606683e-07,0.0006380050901225552
s55-112-59,u059,2025-06-11,new,hazard,60,0.0016769354058820962,0,2.8121123555009507e-06,0.0016783430359497548
s55-112-59,u059,2025-06-11,new,hazard,120,0.006173849464651049,0,3.811641721217204e-05,0.006192986479949678
s55-112-59,u059,2025-06-11,new,hazard_cal,30,0.000564410695561679,0,3.185594332644183e-07,0.0005645700352364764
s55-112-59,u059,2025-06-11,new,hazard_cal,60,0.0014933073374276962,0,2.2299668040153954e-06,0.0014944234320829757
s55-112-59,u059,2025-06-11,new,hazard_cal,120,0.005581112025997315,0,3.114881144673185e-05,0.005596744623706256
s55-112-6,u006,2025-06-11,variable,empirical,30,0.0011737089201877549,0,1.3775926293283055e-06,0.0011743982559415578
s55-112-6,u006,2025-06-11,variable,empirical,60,0.0046948356807511304,0,2.2041482069253932e-05,0.004705891037412617
s55-112-6,u006,2025-06-11,variable,empirical,120,0.017018779342723,0,0.0002896388503162951,0.017165263130094227
s55-112-6,u006,2025-06-11,variable,hazard,30,0.0003616262697196948,0,1.3077355895138147e-07,0.00036169167226716525
s55-112-6,u006,2025-06-11,variable,hazard,60,0.0009510435529941352,0,9.044838396917085e-07,0.0009514960818531677
s55-112-6,u006,2025-06-11,variable,hazard,120,0.003505230151124805,0,1.2286638412354425e-05,0.0035113878640093007
s55-112-6,u006,2025-06-11,variable,hazard_cal,30,0.0003163167422142177,0,1.0005628140501584e-07,0.0003163667809072493
s55-112-6,u006,2025-06-11,variable,hazard_cal,60,0.0008370972321242176,0,7.007317760300262e-07,0.0008374477936619479
s55-112-6,u006,2025-06-11,variable,hazard_cal,120,0.00313175615989858,0,9.8078966450627e-06,0.003136670370977141
s55-112-28,u028,2025-06-11,regular,empirical,30,0.0011737089201877549,0,1.3775926293283055e-06,0.0011743982559415578
s55-112-28,u028,2025-06-11,regular,empirical,60,0.0046948356807511304,0,2.2041482069253932e-05,0.004705891037412617
s55-112-28,u028,2025-06-11,regular,empirical,120,0.017018779342723,0,0.0002896388503162951,0.017165263130094227
s55-112-28,u028,2025-06-11,regular,hazard,30,0.004647162112410674,0,2.159611569902524e-05,0.004657993740843623
s55-112-28,u028,2025-06-11,regular,hazard,60,0.012173781314261167,0,0.00014820095148745436,0.012248488723567439
s55-112-28,u028,2025-06-11,regular,hazard,120,0.0441146333310265,0,0.001946100873930914,0.0451172824625136
s55-112-28,u028,2025-06-11,regular,hazard_cal,30,0.004283975934627926,0,1.835244980847121e-05,0.004293178451175985
s55-112-28,u028,2025-06-11,regular,hazard_cal,60,0.011295488574183832,0,0.0001275880621295175,0.011359767101884403
s55-112-28,u028,2025-06-11,regular,hazard_cal,120,0.04158183713389951,0,0.0017290491794301444,0.0424711005629406
s55-112-31,u031,2025-06-11,regular,empirical,30,0.0011737089201877549,0,1.3775926293283055e-06,0.0011743982559415578
s55-112-31,u031,2025-06-11,regular,empirical,60,0.0046948356807511304,0,2.2041482069253932e-05,0.004705891037412617
s55-112-31,u031,2025-06-11,regular,empirical,120,0.017018779342723,0,0.0002896388503162951,0.017165263130094227
s55-112-31,u031,2025-06-11,regular,hazard,30,0.00366087009455629,0,1.340196984921658e-05,0.0036675874788062173
s55-112-31,u031,2025-06-11,regular,hazard,60,0.009598733569844087,0,9.21356861448518e-05,0.00964509834689201
s55-112-31,u031,2025-06-11,regular,hazard,120,0.03491871886724296,0,0.0012193169273295493,0.03554295203711096
s55-112-31,u031,2025-06-11,regular,hazard_cal,30,0.003358146006398388,0,1.1277144600289442e-05,0.003363797234010385
s55-112-31,u031,2025-06-11,regular,hazard_cal,60,0.008861963915582138,0,7.85344044410799e-05,0.008901464660414795
s55-112-31,u031,2025-06-11,regular,hazard_cal,120,0.032746071803777865,0,0.0010723052185781757,0.03329422420922155
s55-112-46,u046,2025-06-11,variable,empirical,30,0.0011737089201877549,0,1.3775926293283055e-06,0.0011743982559415578
s55-112-46,u046,2025-06-11,variable,empirical,60,0.0046948356807511304,0,2.2041482069253932e-05,0.004705891037412617
s55-112-46,u046,2025-06-11,variable,empirical,120,0.017018779342723,0,0.0002896388503162951,0.017165263130094227
s55-112-46,u046,2025-06-11,variable,hazard,30,0.0018351936619569464,0,3.367935776886947e-06,0.0018368796929567714
s55-112-46,u046,2025-06-11,variable,hazard,60,0.004819887800858402,0,2.3231318412863647e-05,0.004831540919626796
s55-112-46,u046,2025-06-11,variable,hazard,120,0.017660968082387374,0,0.00031190979360710557,0.01781878385953158
s55-112-46,u046,2025-06-11,variable,hazard_cal,30,0.0016596398043789984,0,2.75440428027916e-06,0.0016610185321913392
s55-112-46,u046,2025-06-11,variable,hazard_cal,60,0.00438659328661839,0,1.9242200662205527e-05,0.004396242615743842
s55-112-46,u046,2025-06-11,variable,hazard_cal,120,0.016321401134196778,0,0.0002663881349833599,0.01645606245305481
s55-112-50,u050,2025-06-11,regular,empirical,30,0.0011737089201877549,0,1.3775926293283055e-06,0.0011743982559415578
s55-112-50,u050,2025-06-11,regular,empirical,60,0.0046948356807511304,0,2.2041482069253932e-05,0.004705891037412617
s55-112-50,u050,2025-06-11,regular,empirical,120,0.017018779342723,0,0.0002896388503162951,0.017165263130094227
s55-112-50,u050,2025-06-11,regular,hazard,30,0.0020510220714182736,0,4.206691537444906e-06,0.0020531282976240612
s55-112-50,u050,2025-06-11,regular,hazard,60,0.005385668426843404,0,2.9005424403897907e-05,0.005400223421483782
s55-112-50,u050,2025-06-11,regular,hazard,120,0.019717238895069822,0,0.0003887695096452542,0.019914217195072113
s55-112-50,u050,2025-06-11,regular,hazard_cal,30,0.0018590711156244444,0,3.4561454129491163e-06,0.0018608013330616386
s55-112-50,u050,2025-06-11,regular,hazard_cal,60,0.0049128027384589545,0,2.4135630747009803e-05,0.004924910224570293
s55-112-50,u050,2025-06-11,regular,hazard_cal,120,0.018264442394467784,0,0.0003335898559808321,0.018433296500029155
s55-113-18,u018,2025-06-12,regular,empirical,30,0.0011737089201877549,0,1.3775926293283055e-06,0.0011743982559415578
s55-113-18,u018,2025-06-12,regular,empirical,60,0.0046948356807511304,0,2.2041482069253932e-05,0.004705891037412617
s55-113-18,u018,2025-06-12,regular,empirical,120,0.017018779342723,0,0.0002896388503162951,0.017165263130094227
s55-113-18,u018,2025-06-12,regular,hazard,30,0.001452023791175261,0,2.108373090138978e-06,0.001453078999302228
s55-113-18,u018,2025-06-12,regular,hazard,60,0.0038148809629380276,0,1.4553316761386973e-05,0.0038221761808209446
s55-113-18,u018,2025-06-12,regular,hazard,120,0.01399967123407786,0,0.0001959907946622671,0.01409859094555911
s55-113-18,u018,2025-06-12,regular,hazard_cal,30,0.0013068161085099117,0,1.7077683414609892e-06,0.001307670737323583
s55-113-18,u018,2025-06-12,regular,hazard_cal,60,0.0034551737863079968,0,1.1938225893589939e-05,0.0034611566845322603
s55-113-18,u018,2025-06-12,regular,hazard_cal,120,0.012874336244106832,0,0.0001657485337263228,0.012957928751404786
s55-113-3,u003,2025-06-12,regular,empirical,30,0.0011737089201877549,0,1.3775926293283055e-06,0.0011743982559415578
s55-113-3,u003,2025-06-12,regular,empirical,60,0.0046948356807511304,0,2.2041482069253932e-05,0.004705891037412617
s55-113-3,u003,2025-06-12,regular,empirical,120,0.017018779342723,0,0.0002896388503162951,0.017165263130094227
s55-113-3,u003,2025-06-12,regular,hazard,30,0.004101727482857864,0,1.6824168343631512e-05,0.004110162640743728
s55-113-3,u003,2025-06-12,regular,hazard,60,0.01075031605817367,0,0.00011556929535062668,0.010808518209374833
s55-113-3,u003,2025-06-12,regular,hazard,120,0.03904010489760379,0,0.0015241297904159074,0.03982260334635566
s55-113-3,u003,2025-06-12,regular,hazard_cal,30,0.0037714066525585954,0,1.422350813896323e-05,0.003778536338235941
s55-113-3,u003,2025-06-12,regular,hazard_cal,60,0.009948727601298613,0,9.897718088484085e-05,0.00999854689285424
s55-113-3,u003,2025-06-12,regular,hazard_cal,120,0.03670020476087277,0,0.0013469050294899882,0.03739060178047599
s55-113-57,u057,2025-06-12,new,empirical,30,0.0011737089201877549,0,1.3775926293283055e-06,0.0011743982559415578
s55-113-57,u057,2025-06-12,new,empirical,60,0.0046948356807511304,0,2.2041482069253932e-05,0.004705891037412617
s55-113-57,u057,2025-06-12,new,empirical,120,0.017018779342723,0,0.0002896388503162951,0.017165263130094227
s55-113-57,u057,2025-06-12,new,hazard,30,0.0006557913339252375,0,4.300622736514423e-07,0.0006560064591186966
s55-113-57,u057,2025-06-12,new,hazard,60,0.001724206393514005,0,2.9728876874345722e-06,0.0017256945481942756
s55-113-57,u057,2025-06-12,new,hazard,120,0.006347430133009535,0,4.0289869293437445e-05,0.006367660721256465
s55-113-57,u057,2025-06-12,new,hazard_cal,30,0.0005806612931975597,0,3.371675374178623e-07,0.0005808299422547483
s55-113-57,u057,2025-06-12,new,hazard_cal,60,0.0015362797507019188,0,2.3601554724167497e-06,0.0015374610384521112
s55-113-57,u057,2025-06-12,new,hazard_cal,120,0.005741336520157736,0,3.296294503769694e-05,0.005757881349355895
s55-113-11,u011,2025-06-12,variable,empirical,30,0.0011737089201877549,0,1.3775926293283055e-06,0.0011743982559415578
s55-113-11,u011,2025-06-12,variable,empirical,60,0.0046948356807511304,0,2.2041482069253932e-05,0.004705891037412617
s55-113-11,u011,2025-06-12,variable,empirical,120,0.017018779342723,0,0.0002896388503162951,0.017165263130094227
s55-113-11,u011,2025-06-12,variable,hazard,30,0.0016075535755177839,0,2.5842284981600113e-06,0.0016088470762004939
s55-113-11,u011,2025-06-12,variable,hazard,60,0.004222901235121035,0,1.7832894841586763e-05,0.004231842864498949
s55-113-11,u011,2025-06-12,variable,hazard,120,0.015487456543253009,0,0.00023986131017915044,0.015608640042784198
s55-113-11,u011,2025-06-12,variable,hazard_cal,30,0.0014498214679120602,0,2.101982288818681e-06,0.0014508734759953504
s55-113-11,u011,2025-06-12,variable,hazard_cal,60,0.003832767130983572,0,1.4690103880348042e-05,0.0038401310049552533
s55-113-11,u011,2025-06-12,variable,hazard_cal,120,0.014272959912402405,0,0.00020371738466104609,0.014375798316508676
s55-113-22,u022,2025-06-12,variable,empirical,30,0.0011737089201877549,0,1.3775926293283055e-06,0.0011743982559415578
s55-113-22,u022,2025-06-12,variable,empirical,60,0.0046948356807511304,0,2.2041482069253932e-05,0.004705891037412617
s55-113-22,u022,2025-06-12,variable,empirical,120,0.017018779342723,0,0.0002896388503162951,0.017165263130094227
s55-113-22,u022,2025-06-12,variable,hazard,30,0.002132317973332909,0,4.546779939398564e-06,0.002134594600206604
s55-113-22,u022,2025-06-12,variable,hazard,60,0.005598722549630453,0,3.134569418774052e-05,0.005614454142082785
s55-113-22,u022,2025-06-12,variable,hazard,120,0.02049064842036097,0,0.00041986667268684147,0.020703494343842627
s55-113-22,u022,2025-06-12,variable,hazard_cal,30,0.0019343060562108105,0,3.7415399190938192e-06,0.001936179242103337
s55-113-22,u022,2025-06-12,variable,hazard_cal,60,0.005111263345987549,0,2.6125012992035834e-05,0.005124370534420438
s55-113-22,u022,2025-06-12,variable,hazard_cal,120,0.018996440552866867,0,0.00036086475367860484,0.019179191036880365
s55-113-34,u034,2025-06-12,regular,empirical,30,0.0011737089201877549,0,1.3775926293283055e-06,0.0011743982559415578
s55-113-34,u034,2025-06-12,regular,empirical,60,0.0046948356807511304,0,2.2041482069253932e-05,0.004705891037412617
s55-113-34,u034,2025-06-12,regular,empirical,120,0.017018779342723,0,0.0002896388503162951,0.017165263130094227
s55-113-34,u034,2025-06-12,regular,hazard,30,0.009032452463893392,0,8.158519751249381e-05,0.009073492376940656
s55-113-34,u034,2025-06-12,regular,hazard,60,0.023566777574866582,0,0.0005553930052632345,0.02384891561701633
s55-113-34,u034,2025-06-12,regular,hazard,120,0.08394640736215642,0,0.007046999309013109,0.08768040877293484
s55-113-34,u034,2025-06-12,regular,hazard_cal,30,0.008442443116032483,0,7.127484576744426e-05,0.008478282395524265
s55-113-34,u034,2025-06-12,regular,hazard_cal,60,0.022174460516098615,0,0.0004917066991800165,0.022424009845599596
s55-113-34,u034,2025-06-12,regular,hazard_cal,120,0.08027350907426622,0,0.006443836259096302,0.08367894561124699
s55-113-12,u012,2025-06-12,variable,empirical,30,0.0011737089201877549,0,1.3775926293283055e-06,0.0011743982559415578
s55-113-12,u012,2025-06-12,variable,empirical,60,0.0046948356807511304,0,2.2041482069253932e-05,0.004705891037412617
s55-113-12,u012,2025-06-12,variable,empirical,120,0.017018779342723,0,0.0002896388503162951,0.017165263130094227
s55-113-12,u012,2025-06-12,variable,hazard,30,0.00384877458538313,0,1.4813065809091085e-05,0.0038562001773642597
s55-113-12,u012,2025-06-12,variable,hazard,60,0.010089680779127086,0,0.00010180165822468656,0.010140926602302335
s55-113-12,u012,2025-06-12,variable,hazard,120,0.03667752806559099,0,0.0013452410650022148,0.03736706141590199
s55-113-12,u012,2025-06-12,variable,hazard_cal,30,0.0035341679196294606,0,1.249034288413803e-05,0.003540427844507336
s55-113-12,u012,2025-06-12,variable,hazard_cal,60,0.009324955815654401,0,8.695480096390683e-05,0.009368705403858273
s55-113-12,u012,2025-06-12,variable,hazard_cal,120,0.03443227556595352,0,0.0011855816006497598,0.03503903515715974
s55-113-29,u029,2025-06-12,regular,empirical,30,0.0011737089201877549,0,1.3775926293283055e-06,0.0011743982559415578
s55-113-29,u029,2025-06-12,regular,empirical,60,0.0046948356807511304,0,2.2041482069253932e-05,0.004705891037412617
s55-113-29,u029,2025-06-12,regular,empirical,120,0.017018779342723,0,0.0002896388503162951,0.017165263130094227
s55-113-29,u029,2025-06-12,regular,hazard,30,0.000944431812878066,0,8.919514491761503e-07,0.0009448780695974735
s55-113-29,u029,2025-06-12,regular,hazard,60,0.00248244434340561,0,6.1625299181065095e-06,0.0024855307172569297
s55-113-29,u029,2025-06-12,regular,hazard,120,0.00912831478084486,0,8.332613073819074e-05,0.009170233137181797
s55-113-29,u029,2025-06-12,regular,hazard_cal,30,0.000842511716132921,0,7.098259918212396e-07,0.0008428668286004513
s55-113-29,u029,2025-06-12,regular,hazard_cal,60,0.0022285279287687088,0,4.966336729302151e-06,0.0022310147925172
s55-113-29,u029,2025-06-12,regular,hazard_cal,120,0.008319479599320334,0,6.921374080350723e-05,0.00835427961615239
s55-113-4,u004,2025-06-12,variable,empirical,30,0.0011737089201877549,0,1.3775926293283055e-06,0.0011743982559415578
s55-113-4,u004,2025-06-12,variable,empirical,60,0.0046948356807511304,0,2.2041482069253932e-05,0.004705891037412617
s55-113-4,u004,2025-06-12,variable,empirical,120,0.017018779342723,0,0.0002896388503162951,0.017165263130094227
s55-113-4,u004,2025-06-12,variable,hazard,30,0.0006826289037180633,0,4.659822201913249e-07,0.0006828620009134509
s55-113-4,u004,2025-06-12,variable,hazard,60,0.001794723665992315,0,3.2210330372728946e-06,0.0017963361120631848
s55-113-4,u004,2025-06-12,variable,hazard,120,0.006606325807190672,0,4.364354067075348e-05,0.006628244164062685
s55-113-4,u004,2025-06-12,variable,hazard_cal,30,0.0006049213389149877,0,3.6592982627470136e-07,0.0006051043776478708
s55-113-4,u004,2025-06-12,variable,hazard_cal,60,0.001600429612689358,0,2.5613749451730084e-06,0.001601711668237645
s55-113-4,u004,2025-06-12,variable,hazard_cal,120,0.005980482406713894,0,3.576616981701441e-05,0.005998437112614643
s55-113-53,u053,2025-06-12,regular,empirical,30,0.0011737089201877549,0,1.3775926293283055e-06,0.0011743982559415578
s55-113-53,u053,2025-06-12,regular,empirical,60,0.0046948356807511304,0,2.2041482069253932e-05,0.004705891037412617
s55-113-53,u053,2025-06-12,regular,empirical,120,0.017018779342723,0,0.0002896388503162951,0.017165263130094227
s55-113-53,u053,2025-06-12,regular,hazard,30,0.002223330879488117,0,4.943200199685403e-06,0.0022258061491642013
s55-113-53,u053,2025-06-12,regular,hazard,60,0.00583720462170112,0,3.407295779560891e-05,0.005854307689144763
s55-113-53,u053,2025-06-12,regular,hazard,120,0.021355771836283566,0,0.00045606899072340236,0.021587105804312917
s55-113-53,u053,2025-06-12,regular,hazard_cal,30,0.0020186039767676744,0,4.07476201502227e-06,0.0020206441037097576
s55-113-53,u053,2025-06-12,regular,hazard_cal,60,0.005333598109699578,0,2.844726879579091e-05,0.005347872522709368
s55-113-53,u053,2025-06-12,regular,hazard_cal,120,0.019815961071022348,0,0.00039267231316827316,0.02001493012327295
s55-113-56,u056,2025-06-12,new,empirical,30,0.0011737089201877549,0,1.3775926293283055e-06,0.0011743982559415578
s55-113-56,u056,2025-06-12,new,empirical,60,0.0046948356807511304,0,2.2041482069253932e-05,0.004705891037412617
s55-113-56,u056,2025-06-12,new,empirical,120,0.017018779342723,0,0.0002896388503162951,0.017165263130094227
s55-113-56,u056,2025-06-12,new,hazard,30,0.001272480697629641,0,1.6192071258400178e-06,0.0012732909886519579
s55-113-56,u056,2025-06-12,new,hazard,60,0.0033437191405097932,0,1.118045769061155e-05,0.003349321862126379
s55-113-56,u056,2025-06-12,new,hazard,120,0.01227936059461976,0,0.00015078269661270051,0.012355374854895273
s55-113-56,u056,2025-06-12,new,hazard_cal,30,0.0011421268467123324,0,1.3044537339810557e-06,0.001142779570622322
s55-113-56,u056,2025-06-12,new,hazard_cal,60,0.0030202019671090596,0,9.121619922129433e-06,0.003024771980966308
s55-113-56,u056,2025-06-12,new,hazard_cal,120,0.011261151403699543,0,0.0001268135309370442,0.011325038248272782
s55-113-8,u008,2025-06-12,regular,empirical,30,0.0011737089201877549,0,1.3775926293283055e-06,0.0011743982559415578
s55-113-8,u008,2025-06-12,regular,empirical,60,0.0046948356807511304,0,2.2041482069253932e-05,0.004705891037412617
s55-113-8,u008,2025-06-12,regular,empirical,120,0.017018779342723,0,0.0002896388503162951,0.017165263130094227
s55-113-8,u008,2025-06-12,regular,hazard,30,0.006615735779659682,0,4.3767959906269295e-05,0.006637716760156232
s55-113-8,u008,2025-06-12,regular,hazard,60,0.017299494434330986,0,0.0002992725076834488,0.017450879147958617
s55-113-8,u008,2025-06-12,regular,hazard,120,0.06220632455407393,0,0.0038696268145267817,0.06422531638231388
s55-113-8,u008,2025-06-12,regular,hazard_cal,30,0.0061435798481114245,0,3.774357335012079e-05,0.006162529286242437
s55-113-8,u008,2025-06-12,regular,hazard_cal,60,0.01617079632339391,0,0.00026149465373269,0.01630297049489088
s55-113-8,u008,2025-06-12,regular,hazard_cal,120,0.05908344587193459,0,0.003490853576101825,0.06090082119490223
s55-113-13,u013,2025-06-12,variable,empirical,30,0.0011737089201877549,0,1.3775926293283055e-06,0.0011743982559415578
s55-113-13,u013,2025-06-12,variable,empirical,60,0.0046948356807511304,0,2.2041482069253932e-05,0.004705891037412617
s55-113-13,u013,2025-06-12,variable,empirical,120,0.017018779342723,0,0.0002896388503162951,0.017165263130094227
s55-113-13,u013,2025-06-12,variable,hazard,30,0.0007023178788624351,0,4.932504029698301e-07,0.0007025646195976371
s55-113-13,u013,2025-06-12,variable,hazard,60,0.0018464553886444746,0,3.4093975022542174e-06,0.001848162188739362
s55-113-13,u013,2025-06-12,variable,hazard,120,0.006796217472177735,0,4.618857192913392e-05,0.006819416930264507
s55-113-13,u013,2025-06-12,variable,hazard_cal,30,0.0006227318650841029,0,3.877949757911254e-07,0.000622925843107043
s55-113-13,u013,2025-06-12,variable,hazard_cal,60,0.0016475234347491652,0,2.7143334680476865e-06,0.0016488820939701877
s55-113-13,u013,2025-06-12,variable,hazard_cal,120,0.006156014438154833,0,3.789651376277077e-05,0.0061750408196785895
s55-113-43,u043,2025-06-12,regular,empirical,30,0.0011737089201877549,0,1.3775926293283055e-06,0.0011743982559415578
s55-113-43,u043,2025-06-12,regular,empirical,60,0.0046948356807511304,0,2.2041482069253932e-05,0.004705891037412617
s55-113-43,u043,2025-06-12,regular,empirical,120,0.017018779342723,0,0.0002896388503162951,0.017165263130094227
s55-113-43,u043,2025-06-12,regular,hazard,30,0.0018917937086218028,0,3.5788834359810347e-06,0.0018935854103831382
s55-113-43,u043,2025-06-12,regular,hazard,60,0.0049682829047911214,0,2.4683835022039704e-05,0.004980665853991535
s55-113-43,u043,2025-06-12,regular,hazard,120,0.018200635814821897,0,0.00033126314406377755,0.018368304959557692
s55-113-43,u043,2025-06-12,regular,hazard_cal,30,0.0017118950410922595,0,2.930584631716269e-06,0.0017133620078425768
s55-113-43,u043,2025-06-12,regular,hazard_cal,60,0.004524490140686455,0,2.0471011033168934e-05,0.004534756624978453
s55-113-43,u043,2025-06-12,regular,hazard_cal,120,0.01683089502600532,0,0.00028327902737641065,0.01697414415527296
s55-113-14,u014,2025-06-12,regular,empirical,30,0.0011737089201877549,0,1.3775926293283055e-06,0.0011743982559415578
s55-113-14,u014,2025-06-12,regular,empirical,60,0.0046948356807511304,0,2.2041482069253932e-05,0.004705891037412617
s55-113-14,u014,2025-06-12,regular,empirical,120,0.017018779342723,0,0.0002896388503162951,0.017165263130094227
s55-113-14,u014,2025-06-12,regular,hazard,30,0.0005344909497592143,0,2.8568057537450696e-07,0.0005346338409652077
s55-113-14,u014,2025-06-12,regular,hazard,60,0.00140543938769766,0,1.9752598724919738e-06,0.001406427943979759
s55-113-14,u014,2025-06-12,regular,hazard,120,0.0051764259823218195,0,2.6795385950456415e-05,0.0051898700903191194
s55-113-14,u014,2025-06-12,regular,hazard_cal,30,0.00047127831854176794,0,2.2210325352755608e-07,0.0004713894050716848
s55-113-14,u014,2025-06-12,regular,hazard_cal,60,0.00124700695183122,0,1.5550263379153905e-06,0.001247785111981526
s55-113-14,u014,2025-06-12,regular,hazard_cal,120,0.004662359337223032,0,2.173759458939079e-05,0.004673262035916516
s55-113-15,u015,2025-06-12,regular,empirical,30,0.0011737089201877549,0,1.3775926293283055e-06,0.0011743982559415578
s55-113-15,u015,2025-06-12,regular,empirical,60,0.0046948356807511304,0,2.2041482069253932e-05,0.004705891037412617
s55-113-15,u015,2025-06-12,regular,empirical,120,0.017018779342723,0,0.0002896388503162951,0.017165263130094227
s55-113-15,u015,2025-06-12,regular,hazard,30,0.0023306459612356667,0,5.431910596624125e-06,0.00233336614387767
s55-113-15,u015,2025-06-12,regular,hazard,60,0.006118352381209613,0,3.743423586065334e-05,0.006137146196476028
s55-113-15,u015,2025-06-12,regular,hazard,120,0.022374867254343456,0,0.0005006346846494911,0.022628982276551274
s55-113-15,u015,2025-06-12,regular,hazard_cal,30,0.0021180929912988367,0,4.4863179197892535e-06,0.002120339322778549
s55-113-15,u015,2025-06-12,regular,hazard_cal,60,0.005595954502089828,0,3.1314706789459416e-05,0.005611670513631387
s55-113-15,u015,2025-06-12,regular,hazard_cal,120,0.02078227414676803,0,0.0004319029187114229,0.021001265005127487
s55-113-21,u021,2025-06-12,regular,empirical,30,0.0011737089201877549,0,1.3775926293283055e-06,0.0011743982559415578
s55-113-21,u021,2025-06-12,regular,empirical,60,0.0046948356807511304,0,2.2041482069253932e-05,0.004705891037412617
s55-113-21,u021,2025-06-12,regular,empirical,120,0.017018779342723,0,0.0002896388503162951,0.017165263130094227
s55-113-21,u021,2025-06-12,regular,hazard,30,0.0025917028203423786,0,6.71692350897064e-06,0.0025950670961561
s55-113-21,u021,2025-06-12,regular,hazard,60,0.0068020474355465765,0,4.626784931542576e-05,0.0068252868036802064
s55-113-21,u021,2025-06-12,regular,hazard,120,0.02484948070614157,0,0.0006174966913649021,0.02516344113653309
s55-113-21,u021,2025-06-12,regular,hazard_cal,30,0.0023605007803196854,0,5.571963933889843e-06,0.0023632911542714164
s55-113-21,u021,2025-06-12,regular,hazard_cal,60,0.006234990670938023,0,3.887510866668418e-05,0.006254509400297574
s55-113-21,u021,2025-06-12,regular,hazard_cal,120,0.023132690774654074,0,0.0005351213824757657,0.02340445067132583
s55-113-23,u023,2025-06-12,variable,empirical,30,0.0011737089201877549,0,1.3775926293283055e-06,0.0011743982559415578
s55-113-23,u023,2025-06-12,variable,empirical,60,0.0046948356807511304,0,2.2041482069253932e-05,0.004705891037412617
s55-113-23,u023,2025-06-12,variable,empirical,120,0.017018779342723,0,0.0002896388503162951,0.017165263130094227
s55-113-23,u023,2025-06-12,variable,hazard,30,0.0008866606712191194,0,7.861671458867393e-07,0.0008870539873011836
s55-113-23,u023,2025-06-12,variable,hazard,60,0.0023307157359762076,0,5.432235841927115e-06,0.0023334360816207695
s55-113-23,u023,2025-06-12,variable,hazard,120,0.008572351326378569,0,7.348520726286442e-05,0.008609305269691803
s55-113-23,u023,2025-06-12,variable,hazard_cal,30,0.0007899515057672168,0,6.240233814638932e-07,0.0007902636818714316
s55-113-23,u023,2025-06-12,variable,hazard_cal,60,0.0020896025980083888,0,4.366439017603408e-06,0.0020917888636657247
s55-113-23,u023,2025-06-12,variable,hazard_cal,120,0.007802522269775292,0,6.087935377033937e-05,0.00783312121656046
s55-113-48,u048,2025-06-12,regular,empirical,30,0.0011737089201877549,0,1.3775926293283055e-06,0.0011743982559415578
s55-113-48,u048,2025-06-12,regular,empirical,60,0.0046948356807511304,0,2.2041482069253932e-05,0.004705891037412617
s55-113-48,u048,2025-06-12,regular,empirical,120,0.017018779342723,0,0.0002896388503162951,0.017165263130094227
s55-113-48,u048,2025-06-12,regular,hazard,30,0.0006672722157196054,0,4.452522098713516e-07,0.0006674949409089394
s55-113-48,u048,2025-06-12,regular,hazard,60,0.0017543735007568007,0,3.077826380157672e-06,0.0017559142162041424
s55-113-48,u048,2025-06-12,regular,hazard,120,0.006458191795796431,0,4.170824127129233e-05,0.006479136140192687
s55-113-48,u048,2025-06-12,regular,hazard_cal,30,0.0005910370834393275,0,3.493248340004666e-07,0.0005912118147081595
s55-113-48,u048,2025-06-12,regular,hazard_cal,60,0.0015637163878459148,0,2.4452089416178754e-06,0.0015649402683511223
s55-113-48,u048,2025-06-12,regular,hazard_cal,120,0.005843624060689723,0,3.4147942162671844e-05,0.0058607648405731945
s55-113-52,u052,2025-06-12,variable,empirical,30,0.0011737089201877549,0,1.3775926293283055e-06,0.0011743982559415578
s55-113-52,u052,2025-06-12,variable,empirical,60,0.0046948356807511304,0,2.2041482069253932e-05,0.004705891037412617
s55-113-52,u052,2025-06-12,variable,empirical,120,0.017018779342723,0,0.0002896388503162951,0.017165263130094227
s55-113-52,u052,2025-06-12,variable,hazard,30,0.0013429940520821582,0,1.8036330239280546e-06,0.0013438966768310778
s55-113-52,u052,2025-06-12,variable,hazard,60,0.0035287806533741417,0,1.2452292899627634e-05,0.0035350214858353704
s55-113-52,u052,2025-06-12,variable,hazard,120,0.01295535174351059,0,0.0001678411387980829,0.013040004243024001
s55-113-52,u052,2025-06-12,variable,hazard_cal,30,0.0012067528611440226,0,1.4562524678792846e-06,0.0012074815736875864
s55-113-52,u052,2025-06-12,variable,hazard_cal,60,0.003190905879446926,0,1.018188033148896e-05,0.0031960076754039505
s55-113-52,u052,2025-06-12,variable,hazard_cal,120,0.01189450197102393,0,0.00014147917713869216,0.011965807553226878
s55-113-58,u058,2025-06-12,new,empirical,30,0.0011737089201877549,0,1.3775926293283055e-06,0.0011743982559415578
s55-113-58,u058,2025-06-12,new,empirical,60,0.0046948356807511304,0,2.2041482069253932e-05,0.004705891037412617
s55-113-58,u058,2025-06-12,new,empirical,120,0.017018779342723,0,0.0002896388503162951,0.017165263130094227
s55-113-58,u058,2025-06-12,new,hazard,30,0.0008822025387862364,0,7.78281319440881e-07,0.0008825919084647463
s55-113-58,u058,2025-06-12,new,hazard,60,0.0023190063473578215,0,5.3777904390858656e-06,0.002321699406864349
s55-113-58,u058,2025-06-12,new,hazard,120,0.008529435210476888,0,7.275126500972292e-05,0.008566019017662326
s55-113-58,u058,2025-06-12,new,hazard_cal,30,0.000785898365817661,0,6.176362413948701e-07,0.000786207345833558
s55-113-58,u058,2025-06-12,new,hazard_cal,60,0.002078888916804189,0,4.321779128411294e-06,0.002081052805878528
s55-113-58,u058,2025-06-12,new,hazard_cal,120,0.007762646181726729,0,6.025867574267656e-05,0.0077929323553089045
s55-113-9,u009,2025-06-12,regular,empirical,30,0.0011737089201877549,0,1.3775926293283055e-06,0.0011743982559415578
s55-113-9,u009,2025-06-12,regular,empirical,60,0.0046948356807511304,0,2.2041482069253932e-05,0.004705891037412617
s55-113-9,u009,2025-06-12,regular,empirical,120,0.017018779342723,0,0.0002896388503162951,0.017165263130094227
s55-113-9,u009,2025-06-12,regular,hazard,30,0.006128614422366674,0,3.75599147380408e-05,0.006147471464238945
s55-113-9,u009,2025-06-12,regular,hazard,60,0.016032866637890053,0,0.0002570528126283679,0.016162783542477594
s55-113-9,u009,2025-06-12,regular,hazard,120,0.0577618827128894,0,0.0033364350945375913,0.05949725791243691
s55-113-9,u009,2025-06-12,regular,hazard_cal,30,0.005682180384576019,0,3.228717392286047e-05,0.005698385387191957
s55-113-9,u009,2025-06-12,regular,hazard_cal,60,0.014962719830083127,0,0.00022388298471356282,0.01507579063802094
s55-113-9,u009,2025-06-12,regular,hazard_cal,120,0.054771358271575976,0,0.002999901686913334,0.05632843183434646
s55-113-27,u027,2025-06-12,variable,empirical,30,0.0011737089201877549,0,1.3775926293283055e-06,0.0011743982559415578
s55-113-27,u027,2025-06-12,variable,empirical,60,0.0046948356807511304,0,2.2041482069253932e-05,0.004705891037412617
s55-113-27,u027,2025-06-12,variable,empirical,120,0.017018779342723,0,0.0002896388503162951,0.017165263130094227
s55-113-27,u027,2025-06-12,variable,hazard,30,0.0027579145717334663,0,7.606092784979789e-06,0.002761724624939144
s55-113-27,u027,2025-06-12,variable,hazard,60,0.007237177474399337,0,5.2376737795953165e-05,0.007263492886371845
s55-113-27,u027,2025-06-12,variable,hazard,120,0.026421750340106964,0,0.0006981088910349425,0.02677707767761912
s55-113-27,u027,2025-06-12,variable,hazard_cal,30,0.0025151066733924976,0,6.325761578543476e-06,0.0025182748675274752
s55-113-27,u027,2025-06-12,variable,hazard_cal,60,0.006642413207515907,0,4.412165321938176e-05,0.006664572214823611
s55-113-27,u027,2025-06-12,variable,hazard_cal,120,0.02462878778059374,0,0.0006065771875415236,0.02493714996230621
s55-113-26,u026,2025-06-12,variable,empirical,30,0.0011737089201877549,0,1.3775926293283055e-06,0.0011743982559415578
s55-113-26,u026,2025-06-12,variable,empirical,60,0.0046948356807511304,0,2.2041482069253932e-05,0.004705891037412617
s55-113-26,u026,2025-06-12,variable,empirical,120,0.017018779342723,0,0.0002896388503162951,0.017165263130094227
s55-113-26,u026,2025-06-12,variable,hazard,30,0.0007463030829216732,0,5.569682915783939e-07,0.0007465817057007799
s55-113-26,u026,2025-06-12,variable,hazard,60,0.0019620174119271416,0,3.849512324705279e-06,0.0019639446894034076
s55-113-26,u026,2025-06-12,variable,hazard,120,0.007220303704148501,0,5.213278558014056e-05,0.0072464962518588175
s55-113-26,u026,2025-06-12,variable,hazard_cal,30,0.0006625572862235529,0,4.38982157527919e-07,0.0006627768743007944
s55-113-26,u026,2025-06-12,variable,hazard_cal,60,0.0017528224674216997,0,3.0723866022982953e-06,0.001754360458202141
s55-113-26,u026,2025-06-12,variable,hazard_cal,120,0.006548401268429815,0,4.288155917237322e-05,0.0065699361120300165
s55-113-1,u001,2025-06-12,variable,empirical,30,0.0011737089201877549,0,1.3775926293283055e-06,0.0011743982559415578
s55-113-1,u001,2025-06-12,variable,empirical,60,0.0046948356807511304,0,2.2041482069253932e-05,0.004705891037412617
s55-113-1,u001,2025-06-12,variable,empirical,120,0.017018779342723,0,0.0002896388503162951,0.017165263130094227
s55-113-1,u001,2025-06-12,variable,hazard,30,0.00041290745705846454,0,1.7049256809448775e-07,0.00041299272681566537
s55-113-1,u001,2025-06-12,variable,hazard,60,0.0010858573853562703,0,1.1790862613327557e-06,0.0010864473556079749
s55-113-1,u001,2025-06-12,variable,hazard,120,0.004001293734698486,0,1.6010351551337355e-05,0.004009320328802596
s55-113-1,u001,2025-06-12,variable,hazard_cal,30,0.0003621546978633816,0,1.3115602518451723e-07,0.0003622202917131991
s55-113-1,u001,2025-06-12,variable,hazard_cal,60,0.000958361631011706,0,9.184570157954173e-07,0.000958821153135311
s55-113-1,u001,2025-06-12,variable,hazard_cal,120,0.003584759686137695,0,1.2850502007358027e-05,0.003591200333864488
s55-114-58,u058,2025-06-13,new,empirical,30,0.0011737089201877549,0,1.3775926293283055e-06,0.0011743982559415578
s55-114-58,u058,2025-06-13,new,empirical,60,0.0046948356807511304,0,2.2041482069253932e-05,0.004705891037412617
s55-114-58,u058,2025-06-13,new,empirical,120,0.017018779342723,0,0.0002896388503162951,0.017165263130094227
s55-114-58,u058,2025-06-13,new,hazard,30,0.001141293682688338,0,1.3025512701443087e-06,0.0011419454542791363
s55-114-58,u058,2025-06-13,new,hazard,60,0.0029993567089700024,0,8.996140667643364e-06,0.0030038637937967526
s55-114-58,u058,2025-06-13,new,hazard,120,0.011020467638620524,0,0.00012145070697388223,0.011081642860350389
s55-114-58,u058,2025-06-13,new,hazard_cal,30,0.00102209263649633,0,1.044673357580019e-06,0.0010226153293658277
s55-114-58,u058,2025-06-13,new,hazard_cal,60,0.0027030879469241986,0,7.3066844488068795e-06,0.0027067478860613274
s55-114-58,u058,2025-06-13,new,hazard_cal,120,0.010083696894942373,0,0.00010168094306907046,0.010134881745528259
s55-114-14,u014,2025-06-13,regular,empirical,30,0.0011737089201877549,0,1.3775926293283055e-06,0.0011743982559415578
s55-114-14,u014,2025-06-13,regular,empirical,60,0.0046948356807511304,0,2.2041482069253932e-05,0.004705891037412617
s55-114-14,u014,2025-06-13,regular,empirical,120,0.017018779342723,0,0.0002896388503162951,0.017165263130094227
s55-114-14,u014,2025-06-13,regular,hazard,30,0.00028982122905474306,0,8.399634481080184e-08,0.000289863235343554
s55-114-14,u014,2025-06-13,regular,hazard,60,0.0007622530172105568,0,5.810296622465974e-07,0.0007625436797566682
s55-114-14,u014,2025-06-13,regular,hazard,120,0.002810212787914823,0,7.897295913360002e-06,0.002814168849192448
s55-114-14,u014,2025-06-13,regular,hazard_cal,30,0.0002523624166981264,0,6.36867893617188e-08,0.00025239426545120553
s55-114-14,u014,2025-06-13,regular,hazard_cal,60,0.0006678887392685962,0,4.460753680417948e-07,0.0006681118763119611
s55-114-14,u014,2025-06-13,regular,hazard_cal,120,0.0024993653781586467,0,6.246827293538115e-06,0.0025024940059486292
s55-114-56,u056,2025-06-13,new,empirical,30,0.0011737089201877549,0,1.3775926293283055e-06,0.0011743982559415578
s55-114-56,u056,2025-06-13,new,empirical,60,0.0046948356807511304,0,2.2041482069253932e-05,0.004705891037412617
s55-114-56,u056,2025-06-13,new,empirical,120,0.017018779342723,0,0.0002896388503162951,0.017165263130094227
s55-114-56,u056,2025-06-13,new,hazard,30,0.0011280960391437667,0,1.2726006735318546e-06,0.0011287328184243694
s55-114-56,u056,2025-06-13,new,hazard,60,0.0029647086664545963,0,8.789497476950991e-06,0.0029691121206525907
s55-114-56,u056,2025-06-13,new,hazard,120,0.010893731369794768,0,0.00011867338315725059,0.010953502545167254
s55-114-56,u056,2025-06-13,new,hazard_cal,30,0.0010100322058101963,0,1.0201650567738106e-06,0.0010105426320654986
s55-114-56,u056,2025-06-13,new,hazard_cal,60,0.0026712220336942982,0,7.135427153293903e-06,0.002674796113463531
s55-114-56,u056,2025-06-13,new,hazard_cal,120,0.009965313805746057,0,9.930747924699295e-05,0.0100152999074149
s55-114-22,u022,2025-06-13,variable,empirical,30,0.0011737089201877549,0,1.3775926293283055e-06,0.0011743982559415578
s55-114-22,u022,2025-06-13,variable,empirical,60,0.0046948356807511304,0,2.2041482069253932e-05,0.004705891037412617
s55-114-22,u022,2025-06-13,variable,empirical,120,0.017018779342723,0,0.0002896388503162951,0.017165263130094227
s55-114-22,u022,2025-06-13,variable,hazard,30,0.002192392061545312,0,4.806582951526902e-06,0.002194798871445136
s55-114-22,u022,2025-06-13,variable,hazard,60,0.005756139773098967,0,3.313314508745183e-05,0.005772770194368684
s55-114-22,u022,2025-06-13,variable,hazard,120,0.02106176917306657,0,0.00044359812069953724,0.02128673259236751
s55-114-22,u022,2025-06-13,variable,hazard_cal,30,0.0019899396731407615,0,3.959859902739561e-06,0.001991922233645945
s55-114-22,u022,2025-06-13,variable,hazard_cal,60,0.005258000248316463,0,2.764656661129599e-05,0.005271872178730618
s55-114-22,u022,2025-06-13,variable,hazard_cal,120,0.019537372565281763,0,0.0003817089267546245,0.01973074989600933
s55-114-41,u041,2025-06-13,regular,empirical,30,0.0011737089201877549,0,1.3775926293283055e-06,0.0011743982559415578
s55-114-41,u041,2025-06-13,regular,empirical,60,0.0046948356807511304,0,2.2041482069253932e-05,0.004705891037412617
s55-114-41,u041,2025-06-13,regular,empirical,120,0.017018779342723,0,0.0002896388503162951,0.017165263130094227
s55-114-41,u041,2025-06-13,regular,hazard,30,0.0009980101998466884,0,9.960243589980269e-07,0.0009985085436218916
s55-114-41,u041,2025-06-13,regular,hazard,60,0.002623146871222115,0,6.880899508002372e-06,0.0026265933493743766
s55-114-41,u041,2025-06-13,regular,hazard,120,0.009643648382133496,0,9.2999954118226e-05,0.009690449491209577
s55-114-41,u041,2025-06-13,regular,hazard_cal,30,0.0008913166510332582,0,7.94445372409143e-07,0.0008917141099114908
s55-114-41,u041,2025-06-13,regular,hazard_cal,60,0.00235751533298012,0,5.557878545236367e-06,0.002360298647584465
s55-114-41,u041,2025-06-13,regular,hazard_cal,120,0.00879925777437629,0,7.742693737992158e-05,0.008838199852287275
s55-114-27,u027,2025-06-13,variable,empirical,30,0.0011737089201877549,0,1.3775926293283055e-06,0.0011743982559415578
s55-114-27,u027,2025-06-13,variable,empirical,60,0.0046948356807511304,0,2.2041482069253932e-05,0.004705891037412617
s55-114-27,u027,2025-06-13,variable,empirical,120,0.017018779342723,0,0.0002896388503162951,0.017165263130094227
s55-114-27,u027,2025-06-13,variable,hazard,30,0.0024452931897663843,0,5.979458783917859e-06,0.0024482878019576274
s55-114-27,u027,2025-06-13,variable,hazard,60,0.006418648094045354,0,4.119904335519205e-05,0.006439336189640952
s55-114-27,u027,2025-06-13,variable,hazard,120,0.023462410399894273,0,0.0005504847017730669,0.02374203519214871
s55-114-27,u027,2025-06-13,variable,hazard_cal,30,0.002224484343046118,0,4.94833059245732e-06,0.0022269621836360637
s55-114-27,u027,2025-06-13,variable,hazard_cal,60,0.005876459083230645,0,3.453277135688395e-05,0.0058937934119182465
s55-114-27,u027,2025-06-13,variable,hazard_cal,120,0.021814561747761085,0,0.00047587510424688115,0.02205601725609431
s55-114-7,u007,2025-06-13,variable,empirical,30,0.0011737089201877549,0,1.3775926293283055e-06,0.0011743982559415578
s55-114-7,u007,2025-06-13,variable,empirical,60,0.0046948356807511304,0,2.2041482069253932e-05,0.004705891037412617
s55-114-7,u007,2025-06-13,variable,empirical,120,0.017018779342723,1,0.9662520801648703,4.073437877402787
s55-114-7,u007,2025-06-13,variable,hazard,30,0.0004871760832134697,0,2.3734053605521757e-07,0.0004872947920377964
s55-114-7,u007,2025-06-13,variable,hazard,60,0.0012810807926353363,0,1.6411679972591814e-06,0.0012819020781309478
s55-114-7,u007,2025-06-13,variable,hazard,120,0.004719283079388958,1,0.9905837054740055,5.356098380881088
s55-114-7,u007,2025-06-13,variable,hazard_cal,30,0.0004287444134685181,0,1.8382177208046361e-07,0.00042883635063386145
s55-114-7,u007,2025-06-13,variable,hazard_cal,60,0.0011345065098478102,0,1.2871050208870594e-06,0.0011351505495157982
s55-114-7,u007,2025-06-13,variable,hazard_cal,120,0.004242475839258741,1,0.9915330469227293,5.462608255802282
s55-114-39,u039,2025-06-13,regular,empirical,30,0.0011737089201877549,0,1.3775926293283055e-06,0.0011743982559415578
s55-114-39,u039,2025-06-13,regular,empirical,60,0.0046948356807511304,0,2.2041482069253932e-05,0.004705891037412617
s55-114-39,u039,2025-06-13,regular,empirical,120,0.017018779342723,0,0.0002896388503162951,0.017165263130094227
s55-114-39,u039,2025-06-13,regular,hazard,30,0.002827967057084546,0,7.997397675955429e-06,0.0028319733107407662
s55-114-39,u039,2025-06-13,regular,hazard,60,0.007420529992930303,0,5.50642653759782e-05,0.007448199090175465
s55-114-39,u039,2025-06-13,regular,hazard,120,0.027083642686384857,0,0.0007335237011637679,0.027457164197682425
s55-114-39,u039,2025-06-13,regular,hazard_cal,30,0.0025803263760084683,0,6.658084206724995e-06,0.0025836611558940426
s55-114-39,u039,2025-06-13,regular,hazard_cal,60,0.0068142472843001345,0,4.643396605159176e-05,0.006837570280151828
s55-114-39,u039,2025-06-13,regular,hazard_cal,120,0.025259213381443213,0,0.0006380278606492799,0.02558370320969568
s55-114-45,u045,2025-06-13,regular,empirical,30,0.0011737089201877549,0,1.3775926293283055e-06,0.0011743982559415578
s55-114-45,u045,2025-06-13,regular,empirical,60,0.0046948356807511304,0,2.2041482069253932e-05,0.004705891037412617
s55-114-45,u045,2025-06-13,regular,empirical,120,0.017018779342723,0,0.0002896388503162951,0.017165263130094227
s55-114-45,u045,2025-06-13,regular,hazard,30,0.0017291132341952231,0,2.9898325766690643e-06,0.0017306098759744537
s55-114-45,u045,2025-06-13,regular,hazard,60,0.0045417226378933195,0,2.0627244519552654e-05,0.004552067594652985
s55-114-45,u045,2025-06-13,regular,hazard,120,0.016648712183675807,0,0.00027717961737487525,0.016788859686809134
s55-114-45,u045,2025-06-13,regular,hazard_cal,30,0.0015617930243617684,0,2.4391974509450793e-06,0.0015630138944170442
s55-114-45,u045,2025-06-13,regular,hazard_cal,60,0.004128348541362126,0,1.704326167896679e-05,0.004136893698568628
s55-114-45,u045,2025-06-13,regular,hazard_cal,120,0.0153666665607054,0,0.00023613444118790152,0.015485957427832877
s55-114-15,u015,2025-06-13,regular,empirical,30,0.0011737089201877549,0,1.3775926293283055e-06,0.0011743982559415578
s55-114-15,u015,2025-06-13,regular,empirical,60,0.0046948356807511304,0,2.2041482069253932e-05,0.004705891037412617
s55-114-15,u015,2025-06-13,regular,empirical,120,0.017018779342723,0,0.0002896388503162951,0.017165263130094227
s55-114-15,u015,2025-06-13,regular,hazard,30,0.003913636493943939,0,1.531655060672981e-05,0.003921314809217849
s55-114-15,u015,2025-06-13,regular,hazard,60,0.010259109377773745,0,0.0001052493252251252,0.01031209675411283
s55-114-15,u015,2025-06-13,regular,hazard,120,0.037283894218575475,0,0.0013900887681019256,0.037996712535078386
s55-114-15,u015,2025-06-13,regular,hazard_cal,30,0.00359497022294486,0,1.2923810903860215e-05,0.003601447657178585
s55-114-15,u015,2025-06-13,regular,hazard_cal,60,0.009484849481328772,0,8.996236968346268e-05,0.009530117131464256
s55-114-15,u015,2025-06-13,regular,hazard_cal,120,0.035014040896347964,0,0.0012259830598911278,0.03564172790066153
s55-114-38,u038,2025-06-13,variable,empirical,30,0.0011737089201877549,0,1.3775926293283055e-06,0.0011743982559415578
s55-114-38,u038,2025-06-13,variable,empirical,60,0.0046948356807511304,0,2.2041482069253932e-05,0.004705891037412617
s55-114-38,u038,2025-06-13,variable,empirical,120,0.017018779342723,1,0.9662520801648703,4.073437877402787
s55-114-38,u038,2025-06-13,variable,hazard,30,0.0009415647228930846,0,8.865441273967312e-07,0.0009420082733996464
s55-114-38,u038,2025-06-13,variable,hazard,60,0.0024749146720065562,0,6.1252026337133194e-06,0.0024779823358395047
s55-114-38,u038,2025-06-13,variable,hazard,120,0.009100730604871377,1,0.9818813620877996,4.699400582432499
s55-114-38,u038,2025-06-13,variable,hazard_cal,30,0.0008399016414282201,0,7.054347672738184e-07,0.0008402545564349565
s55-114-38,u038,2025-06-13,variable,hazard_cal,60,0.002221629388760027,0,4.935637141002251e-06,0.0022241008684836757
s55-114-38,u038,2025-06-13,variable,hazard_cal,120,0.008293814573555158,1,0.9834811582130703,4.792245274104853
s55-114-46,u046,2025-06-13,variable,empirical,30,0.0011737089201877549,0,1.3775926293283055e-06,0.0011743982559415578
s55-114-46,u046,2025-06-13,variable,empirical,60,0.0046948356807511304,0,2.2041482069253932e-05,0.004705891037412617
s55-114-46,u046,2025-06-13,variable,empirical,120,0.017018779342723,0,0.0002896388503162951,0.017165263130094227
s55-114-46,u046,2025-06-13,variable,hazard,30,0.0021727738181606115,0,4.7209460648842425e-06,0.002175137715957258
s55-114-46,u046,2025-06-13,variable,hazard,60,0.005704734332409034,0,3.2543993803366345e-05,0.005721068480249018
s55-114-46,u046,2025-06-13,variable,hazard,120,0.020875296590260772,0,0.00043577800773135305,0.021096266208362115
s55-114-46,u046,2025-06-13,variable,hazard_cal,30,0.0019717680284031536,0,3.887869157832859e-06,0.0019737145220922905
s55-114-46,u046,2025-06-13,variable,hazard_cal,60,0.005210073142150717,0,2.714486214656025e-05,0.005223692900445105
s55-114-46,u046,2025-06-13,variable,hazard_cal,120,0.019360720778407114,0,0.000374837509059445,0.019550594253150744
s55-114-52,u052,2025-06-13,variable,empirical,30,0.0011737089201877549,0,1.3775926293283055e-06,0.0011743982559415578
s55-114-52,u052,2025-06-13,variable,empirical,60,0.0046948356807511304,0,2.2041482069253932e-05,0.004705891037412617
s55-114-52,u052,2025-06-13,variable,empirical,120,0.017018779342723,0,0.0002896388503162951,0.017165263130094227
s55-114-52,u052,2025-06-13,variable,hazard,30,0.001136492734996719,0,1.2916157367003228e-06,0.0011371390325864838
s55-114-52,u052,2025-06-13,variable,hazard,60,0.0029867527800364613,0,8.92069216905553e-06,0.0029912220273640433
s55-114-52,u052,2025-06-13,variable,hazard,120,0.010974366286174875,0,0.00012043671538313172,0.011035028874457247
s55-114-52,u052,2025-06-13,variable,hazard_cal,30,0.0010177050419820644,0,1.0357235524757153e-06,0.0010182232553803954
s55-114-52,u052,2025-06-13,variable,hazard_cal,60,0.0026914951841228163,0,7.244146326156313e-06,0.002695123769628604
s55-114-52,u052,2025-06-13,variable,hazard_cal,120,0.01004063068829153,0,0.00010081426461866163,0.010091377794994773
s55-114-13,u013,2025-06-13,variable,empirical,30,0.0011737089201877549,0,1.3775926293283055e-06,0.0011743982559415578
s55-114-13,u013,2025-06-13,variable,empirical,60,0.0046948356807511304,0,2.2041482069253932e-05,0.004705891037412617
s55-114-13,u013,2025-06-13,variable,empirical,120,0.017018779342723,0,0.0002896388503162951,0.017165263130094227
s55-114-13,u013,2025-06-13,variable,hazard,30,0.0013689182640894693,0,1.873937213757726e-06,0.00136985608866418
s55-114-13,u013,2025-06-13,variable,hazard,60,0.0035968124528388268,0,1.2937059820896458e-05,0.0036032965354378696
s55-114-13,u013,2025-06-13,variable,hazard,120,0.013203762511318162,0,0.0001743393444552909,0.013291707175021261
s55-114-13,u013,2025-06-13,variable,hazard_cal,30,0.0012305303956026137,0,1.514205054501925e-06,0.0012312881197954152
s55-114-13,u013,2025-06-13,variable,hazard_cal,60,0.003253706993582073,0,1.058660920008489e-05,0.0032590118081824507
s55-114-13,u013,2025-06-13,variable,hazard_cal,120,0.012127424243649765,0,0.00014707441878546407,0.01220156145838884
s55-114-37,u037,2025-06-13,variable,empirical,30,0.0011737089201877549,0,1.3775926293283055e-06,0.0011743982559415578
s55-114-37,u037,2025-06-13,variable,empirical,60,0.0046948356807511304,0,2.2041482069253932e-05,0.004705891037412617
s55-114-37,u037,2025-06-13,variable,empirical,120,0.017018779342723,0,0.0002896388503162951,0.017165263130094227
s55-114-37,u037,2025-06-13,variable,hazard,30,0.0023814734652207736,0,5.671415865550639e-06,0.002384313683318937
s55-114-37,u037,2025-06-13,variable,hazard,60,0.006251492745737441,0,3.9081161550007855e-05,0.006271115148799014
s55-114-37,u037,2025-06-13,variable,hazard,120,0.022857167148480073,0,0.0005224500900535567,0.02312244228041015
s55-114-37,u037,2025-06-13,variable,hazard_cal,30,0.0021652472677787804,0,4.688295730623474e-06,0.0021675948049218307
s55-114-37,u037,2025-06-13,variable,hazard_cal,60,0.005720285255925273,0,3.272166340915606e-05,0.0057367087489537325
s55-114-37,u037,2025-06-13,variable,hazard_cal,120,0.021239935722271674,0,0.00045113486948623237,0.021468748943040652
s55-114-16,u016,2025-06-13,variable,empirical,30,0.0011737089201877549,0,1.3775926293283055e-06,0.0011743982559415578
s55-114-16,u016,2025-06-13,variable,empirical,60,0.0046948356807511304,0,2.2041482069253932e-05,0.004705891037412617
s55-114-16,u016,2025-06-13,variable,empirical,120,0.017018779342723,0,0.0002896388503162951,0.017165263130094227
s55-114-16,u016,2025-06-13,variable,hazard,30,0.000568459370011265,0,3.231460553536043e-07,0.0005686210042968606
s55-114-16,u016,2025-06-13,variable,hazard,60,0.0014947126157710544,0,2.234165803745148e-06,0.001495830813067566
s55-114-16,u016,2025-06-13,variable,hazard,120,0.005504488844251254,0,3.0299397436486508e-05,0.005519694367729935
s55-114-16,u016,2025-06-13,variable,hazard_cal,30,0.0005018625201707039,0,2.5186598915209017e-07,0.0005019884953151787
s55-114-16,u016,2025-06-13,variable,hazard_cal,60,0.0013278954384746688,0,1.763306295521833e-06,0.0013287778728960308
s55-114-16,u016,2025-06-13,variable,hazard_cal,120,0.004964167766407401,0,2.4642961613038247e-05,0.004976530176903474
s55-114-23,u023,2025-06-13,variable,empirical,30,0.0011737089201877549,0,1.3775926293283055e-06,0.0011743982559415578
s55-114-23,u023,2025-06-13,variable,empirical,60,0.0046948356807511304,0,2.2041482069253932e-05,0.004705891037412617
s55-114-23,u023,2025-06-13,variable,empirical,120,0.017018779342723,0,0.0002896388503162951,0.017165263130094227
s55-114-23,u023,2025-06-13,variable,hazard,30,0.0007330293252983955,0,5.37331991747421e-07,0.000733298122659862
s55-114-23,u023,2025-06-13,variable,hazard,60,0.0019271443401140953,0,3.713885307633792e-06,0.0019290036719524898
s55-114-23,u023,2025-06-13,variable,hazard,120,0.007092343119058042,0,5.0301330918449955e-05,0.007117613338783032
s55-114-23,u023,2025-06-13,variable,hazard_cal,30,0.0006505336416631202,0,4.231940189354809e-07,0.0006507453304847
s55-114-23,u023,2025-06-13,variable,hazard_cal,60,0.0017210325829005724,0,2.9619531514054156e-06,0.0017225152608785516
s55-114-23,u023,2025-06-13,variable,hazard_cal,120,0.006429952760594326,0,4.1344292503474596e-05,0.006450713950342986
s55-114-20,u020,2025-06-13,regular,empirical,30,0.0011737089201877549,0,1.3775926293283055e-06,0.0011743982559415578
s55-114-20,u020,2025-06-13,regular,empirical,60,0.0046948356807511304,0,2.2041482069253932e-05,0.004705891037412617
s55-114-20,u020,2025-06-13,regular,empirical,120,0.017018779342723,0,0.0002896388503162951,0.017165263130094227
s55-114-20,u020,2025-06-13,regular,hazard,30,0.000707655169202126,0,5.007758384984896e-07,0.0007079056753096417
s55-114-20,u020,2025-06-13,regular,hazard,60,0.001860478510657515,0,3.4613802886184053e-06,0.001862211350409459
s55-114-20,u020,2025-06-13,regular,hazard,120,0.006847687033649019,0,4.6890817710804904e-05,0.006871240026434983
s55-114-20,u020,2025-06-13,regular,hazard_cal,30,0.0006275617253087562,0,3.9383371907250276e-07,0.0006277587245920776
s55-114-20,u020,2025-06-13,regular,hazard_cal,60,0.001660294074209534,0,2.7565764128552936e-06,0.0016616738898939944
s55-114-20,u020,2025-06-13,regular,hazard_cal,120,0.0062036098247406635,0,3.8484774857618884e-05,0.00622293216579524
s55-114-43,u043,2025-06-13,regular,empirical,30,0.0011737089201877549,0,1.3775926293283055e-06,0.0011743982559415578
s55-114-43,u043,2025-06-13,regular,empirical,60,0.0046948356807511304,0,2.2041482069253932e-05,0.004705891037412617
s55-114-43,u043,2025-06-13,regular,empirical,120,0.017018779342723,0,0.0002896388503162951,0.017165263130094227
s55-114-43,u043,2025-06-13,regular,hazard,30,0.0025261636125226694,0,6.3815025972335835e-06,0.0025293597475960165
s55-114-43,u043,2025-06-13,regular,hazard,60,0.006630434219073833,0,4.396265793346523e-05,0.006652513197633754
s55-114-43,u043,2025-06-13,regular,hazard,120,0.024228814162321144,0,0.0005870354357122937,0.02452716079465391
s55-114-43,u043,2025-06-13,regular,hazard_cal,30,0.002299593745897055,0,5.2881313961688494e-06,0.002302241872117071
s55-114-43,u043,2025-06-13,regular,hazard_cal,60,0.006074454374560223,0,3.6898995948613834e-05,0.006092978928336826
s55-114-43,u043,2025-06-13,regular,hazard_cal,120,0.022542665791439376,0,0.000508171780984531,0.022800635943692325
s55-114-8,u008,2025-06-13,regular,empirical,30,0.0011737089201877549,0,1.3775926293283055e-06,0.0011743982559415578
s55-114-8,u008,2025-06-13,regular,empirical,60,0.0046948356807511304,0,2.2041482069253932e-05,0.004705891037412617
s55-114-8,u008,2025-06-13,regular,empirical,120,0.017018779342723,0,0.0002896388503162951,0.017165263130094227
s55-114-8,u008,2025-06-13,regular,hazard,30,0.0073540286509495845,0,5.4081737398987364e-05,0.00738120282806816
s55-114-8,u008,2025-06-13,regular,hazard,60,0.01921706684960023,0,0.00036929565830200406,0.019404114899386295
s55-114-8,u008,2025-06-13,regular,hazard,120,0.06890226717271575,0,0.004747522421540302,0.07139103103070521
s55-114-8,u008,2025-06-13,regular,hazard_cal,30,0.006844238828591309,0,4.6843605142796934e-05,0.006867768052371534
s55-114-8,u008,2025-06-13,regular,hazard_cal,60,0.018003343003133998,0,0.0003241203592884939,0.018167374913642925
s55-114-8,u008,2025-06-13,regular,hazard_cal,120,0.06559359558371847,0,0.004302519781600411,0.06784381289026609
s55-114-33,u033,2025-06-13,regular,empirical,30,0.0011737089201877549,0,1.3775926293283055e-06,0.0011743982559415578
s55-114-33,u033,2025-06-13,regular,empirical,60,0.0046948356807511304,0,2.2041482069253932e-05,0.004705891037412617
s55-114-33,u033,2025-06-13,regular,empirical,120,0.017018779342723,0,0.0002896388503162951,0.017165263130094227
s55-114-33,u033,2025-06-13,regular,hazard,30,0.001516907136879353,0,2.301007261915516e-06,0.0015180588053070236
s55-114-33,u033,2025-06-13,regular,hazard,60,0.003985111491273896,0,1.5881113597883256e-05,0.003993073207329731
s55-114-33,u033,2025-06-13,regular,hazard,120,0.014620615130479186,0,0.00021376238679359693,0.014728549661925593
s55-114-33,u033,2025-06-13,regular,hazard_cal,30,0.0013664379510073266,0,1.867152673953101e-06,0.0013673723786662463
s55-114-33,u033,2025-06-13,regular,hazard_cal,60,0.0036126122942349292,0,1.3050967588457359e-05,0.0036191535367631877
s55-114-33,u033,2025-06-13,regular,hazard_cal,120,0.013457694781293772,0,0.00018110954882646162,0.01354907028417012
s55-115-23,u023,2025-06-16,variable,empirical,30,0.0011737089201877549,0,1.3775926293283055e-06,0.0011743982559415578
s55-115-23,u023,2025-06-16,variable,empirical,60,0.0046948356807511304,0,2.2041482069253932e-05,0.004705891037412617
s55-115-23,u023,2025-06-16,variable,empirical,120,0.017018779342723,0,0.0002896388503162951,0.017165263130094227
s55-115-23,u023,2025-06-16,variable,hazard,30,0.0011938522866560275,0,1.4252832823538256e-06,0.0011945654959981166
s55-115-23,u023,2025-06-16,variable,hazard,60,0.0031373315785232503,0,9.842849433599189e-06,0.0031422633209488705
s55-115-23,u023,2025-06-16,variable,hazard,120,0.011525022871575419,0,0.0001328261521903365,0.011591950674242416
s55-115-23,u023,2025-06-16,variable,hazard_cal,30,0.001070150577127671,0,1.1452222577266872e-06,0.0010707235971047853
s55-115-23,u023,2025-06-16,variable,hazard_cal,60,0.0028300589411579535,0,8.009233610428078e-06,0.0028340711295709144
s55-115-23,u023,2025-06-16,variable,hazard_cal,120,0.010555283040506014,0,0.00011141400006519388,0.010611385172347568
s55-115-35,u035,2025-06-16,variable,empirical,30,0.0011737089201877549,0,1.3775926293283055e-06,0.0011743982559415578
s55-115-35,u035,2025-06-16,variable,empirical,60,0.0046948356807511304,0,2.2041482069253932e-05,0.004705891037412617
s55-115-35,u035,2025-06-16,variable,empirical,120,0.017018779342723,0,0.0002896388503162951,0.017165263130094227
s55-115-35,u035,2025-06-16,variable,hazard,30,0.00040794736489235817,0,1.664210525226188e-07,0.000408030598055889
s55-115-35,u035,2025-06-16,variable,hazard,60,0.0010728182821043708,0,1.1509390664173733e-06,0.0010733941635518531
s55-115-35,u035,2025-06-16,variable,hazard,120,0.0039533236341977585,0,1.5628767756706572e-05,0.003961158674526787
s55-115-35,u035,2025-06-16,variable,hazard_cal,30,0.0003577157449091706,0,1.279605541559228e-07,0.00035777974044817816
s55-115-35,u035,2025-06-16,variable,hazard_cal,60,0.0009466188227340577,0,8.960871955544134e-07,0.0009470671492837322
s55-115-35,u035,2025-06-16,variable,hazard_cal,120,0.0035408998843429185,0,1.2537971990939693e-05,0.003547183708318087
s55-115-4,u004,2025-06-16,variable,empirical,30,0.0011737089201877549,0,1.3775926293283055e-06,0.0011743982559415578
s55-115-4,u004,2025-06-16,variable,empirical,60,0.0046948356807511304,0,2.2041482069253932e-05,0.004705891037412617
s55-115-4,u004,2025-06-16,variable,empirical,120,0.017018779342723,0,0.0002896388503162951,0.017165263130094227
s55-115-4,u004,2025-06-16,variable,hazard,30,0.0007477224770127133,0,5.590889026300276e-07,0.0007480021608899999
s55-115-4,u004,2025-06-16,variable,hazard,60,0.0019657464212970988,0,3.864158992842351e-06,0.0019676810365179018
s55-115-4,u004,2025-06-16,variable,hazard,120,0.007233985847027946,0,5.2330551235000634e-05,0.00726027799740883
s55-115-4,u004,2025-06-16,variable,hazard_cal,30,0.0006638432643450987,0,4.4068787961635654e-07,0.0006640637058493776
s55-115-4,u004,2025-06-16,variable,hazard_cal,60,0.0017562224840972362,0,3.0843174136486674e-06,0.0017577664507681904
s55-115-4,u004,2025-06-16,variable,hazard_cal,120,0.006561068976423723,0,4.3047626113389836e-05,0.0065826874013480445
s55-115-46,u046,2025-06-16,variable,empirical,30,0.0011737089201877549,0,1.3775926293283055e-06,0.0011743982559415578
s55-115-46,u046,2025-06-16,variable,empirical,60,0.0046948356807511304,0,2.2041482069253932e-05,0.004705891037412617
s55-115-46,u046,2025-06-16,variable,empirical,120,0.017018779342723,0,0.0002896388503162951,0.017165263130094227
s55-115-46,u046,2025-06-16,variable,hazard,30,0.002877708199545803,0,8.281204481733149e-06,0.0028818567626008344
s55-115-46,u046,2025-06-16,variable,hazard,60,0.007550706142188113,0,5.7013163245677295e-05,0.007579357037923252
s55-115-46,u046,2025-06-16,variable,hazard,120,0.02755334783340513,0,0.0007591869768286111,0.027940061378166296
s55-115-46,u046,2025-06-16,variable,hazard_cal,30,0.0026266564067971565,0,6.899323879368549e-06,0.002630112121379826
s55-115-46,u046,2025-06-16,variable,hazard_cal,60,0.006936300196157874,0,4.8112260411219765e-05,0.006960468148651215
s55-115-46,u046,2025-06-16,variable,hazard_cal,120,0.025706797565755002,0,0.0006608394410867073,0.026042991446528642
s55-115-41,u041,2025-06-16,regular,empirical,30,0.0011737089201877549,0,1.3775926293283055e-06,0.0011743982559415578
s55-115-41,u041,2025-06-16,regular,empirical,60,0.0046948356807511304,0,2.2041482069253932e-05,0.004705891037412617
s55-115-41,u041,2025-06-16,regular,empirical,120,0.017018779342723,0,0.0002896388503162951,0.017165263130094227
s55-115-41,u041,2025-06-16,regular,hazard,30,0.000885233148826936,0,7.836377277820523e-07,0.000885625199078489
s55-115-41,u041,2025-06-16,regular,hazard,60,0.0023269663255798267,0,5.41477228038248e-06,0.002329677919061215
s55-115-41,u041,2025-06-16,regular,hazard,120,0.008558609516449489,0,7.324979685505976e-05,0.008595444737646639
s55-115-41,u041,2025-06-16,regular,hazard_cal,30,0.0007886536188154158,0,6.219745304706513e-07,0.0007889647696849134
s55-115-41,u041,2025-06-16,regular,hazard_cal,60,0.002086171896940714,0,4.352113183585217e-06,0.002088350984694384
s55-115-41,u041,2025-06-16,regular,hazard_cal,120,0.007789753419052858,0,6.0680258329645695e-05,0.007820252035931726
s55-115-52,u052,2025-06-16,variable,empirical,30,0.0011737089201877549,0,1.3775926293283055e-06,0.0011743982559415578
s55-115-52,u052,2025-06-16,variable,empirical,60,0.0046948356807511304,0,2.2041482069253932e-05,0.004705891037412617
s55-115-52,u052,2025-06-16,variable,empirical,120,0.017018779342723,0,0.0002896388503162951,0.017165263130094227
s55-115-52,u052,2025-06-16,variable,hazard,30,0.0010560911489815306,0,1.1153285149571295e-06,0.001056649206179786
s55-115-52,u052,2025-06-16,variable,hazard,60,0.0027756580188122992,0,7.704277437397018e-06,0.00277951730054948
s55-115-52,u052,2025-06-16,variable,hazard,120,0.010201984098744732,0,0.00010408047955104036,0.01025438101146527
s55-115-52,u052,2025-06-16,variable,hazard_cal,30,0.0009442839057829389,0,8.916720947206822e-07,0.0009447300226930887
s55-115-52,u052,2025-06-16,variable,hazard_cal,60,0.0024974902069050398,0,6.237457333586578e-06,0.0025006141379806442
s55-115-52,u052,2025-06-16,variable,hazard_cal,120,0.009319687964055134,0,8.685658374735414e-05,0.009363387981536487
s55-115-59,u059,2025-06-16,new,empirical,30,0.0011737089201877549,0,1.3775926293283055e-06,0.0011743982559415578
s55-115-59,u059,2025-06-16,new,empirical,60,0.0046948356807511304,0,2.2041482069253932e-05,0.004705891037412617
s55-115-59,u059,2025-06-16,new,empirical,120,0.017018779342723,0,0.0002896388503162951,0.017165263130094227
s55-115-59,u059,2025-06-16,new,hazard,30,0.0005843182525480106,0,3.414278202607607e-07,0.0005844890329881336
s55-115-59,u059,2025-06-16,new,hazard,60,0.0015363898289921796,0,2.360493706630619e-06,0.0015375712861196993
s55-115-59,u059,2025-06-16,new,hazard,120,0.005657614679614786,0,3.200860386299272e-05,0.0056736796029644545
s55-115-59,u059,2025-06-16,new,hazard_cal,30,0.0005161544033489562,0,2.6641536809651703e-07,0.0005162876568879112
s55-115-59,u059,2025-06-16,new,hazard_cal,60,0.0013656927551728426,0,1.86511670153159e-06,0.0013666261634530136
s55-115-59,u059,2025-06-16,new,hazard_cal,120,0.0051051699652895355,0,2.6062760374494358e-05,0.0051182458675973295
s55-115-13,u013,2025-06-16,variable,empirical,30,0.0011737089201877549,0,1.3775926293283055e-06,0.0011743982559415578
s55-115-13,u013,2025-06-16,variable,empirical,60,0.0046948356807511304,0,2.2041482069253932e-05,0.004705891037412617
s55-115-13,u013,2025-06-16,variable,empirical,120,0.017018779342723,0,0.0002896388503162951,0.017165263130094227
s55-115-13,u013,2025-06-16,variable,hazard,30,0.0009026912487383187,0,8.148514905487452e-07,0.0009030989198361454
s55-115-13,u013,2025-06-16,variable,hazard,60,0.0023728196315537797,0,5.630273003887015e-06,0.0023756392292032286
s55-115-13,u013,2025-06-16,variable,hazard,120,0.008726653875699708,0,7.615448786626474e-05,0.008764954104324464
s55-115-13,u013,2025-06-16,variable,hazard_cal,30,0.0008045292589272668,0,6.472673284700571e-07,0.0008048530662781427
s55-115-13,u013,2025-06-16,variable,hazard_cal,60,0.0021281353668306524,0,4.528960139555436e-06,0.002130403064783795
s55-115-13,u013,2025-06-16,variable,hazard_cal,120,0.007945929466359858,0,6.313779508436586e-05,0.00797766659636347
s55-115-16,u016,2025-06-16,variable,empirical,30,0.0011737089201877549,0,1.3775926293283055e-06,0.0011743982559415578
s55-115-16,u016,2025-06-16,variable,empirical,60,0.0046948356807511304,0,2.2041482069253932e-05,0.004705891037412617
s55-115-16,u016,2025-06-16,variable,empirical,120,0.017018779342723,0,0.0002896388503162951,0.017165263130094227
s55-115-16,u016,2025-06-16,variable,hazard,30,0.00037916307167251695,0,1.4376463492013823e-07,0.00037923497216522587
s55-115-16,u016,2025-06-16,variable,hazard,60,0.0009971477207854074,0,9.943035770675328e-07,0.0009976452033104803
s55-115-16,u016,2025-06-16,variable,hazard,120,0.0036748986987428234,0,1.3504880446021697e-05,0.003681667727718268
s55-115-16,u016,2025-06-16,variable,hazard_cal,30,0.0003319779930982536,0,1.1020938790154412e-07,0.00033203310999093885
s55-115-16,u016,2025-06-16,variable,hazard_cal,60,0.000878530258971999,0,7.718154159294076e-07,0.0008789163928500589
s55-115-16,u016,2025-06-16,variable,hazard_cal,120,0.0032865553010797965,0,1.0801445747055712e-05,0.0032919678863809585
s55-115-3,u003,2025-06-16,regular,empirical,30,0.0011737089201877549,0,1.3775926293283055e-06,0.0011743982559415578
s55-115-3,u003,2025-06-16,regular,empirical,60,0.0046948356807511304,0,2.2041482069253932e-05,0.004705891037412617
s55-115-3,u003,2025-06-16,regular,empirical,120,0.017018779342723,0,0.0002896388503162951,0.017165263130094227
s55-115-3,u003,2025-06-16,regular,hazard,30,0.005029333119006996,0,2.5294191621940634e-05,0.005042022779718471
s55-115-3,u003,2025-06-16,regular,hazard,60,0.013170315925308596,0,0.0001734572215724372,0.013257813633547834
s55-115-3,u003,2025-06-16,regular,hazard,120,0.047654141165986985,0,0.0022709171702678154,0.048827013072630834
s55-115-3,u003,2025-06-16,regular,hazard_cal,30,0.004643879947692886,0,2.1565620968584083e-05,0.004654696257598069
s55-115-3,u003,2025-06-16,regular,hazard_cal,60,0.012240360433561026,0,0.00014982642354348627,0.01231589062265166
s55-115-3,u003,2025-06-16,regular,hazard_cal,120,0.044994555727411734,0,0.00202451004510716,0.04603823770866341
s55-115-58,u058,2025-06-16,new,empirical,30,0.0011737089201877549,0,1.3775926293283055e-06,0.0011743982559415578
s55-115-58,u058,2025-06-16,new,empirical,60,0.0046948356807511304,0,2.2041482069253932e-05,0.004705891037412617
s55-115-58,u058,2025-06-16,new,empirical,120,0.017018779342723,0,0.0002896388503162951,0.017165263130094227
s55-115-58,u058,2025-06-16,new,hazard,30,0.0011471185859918132,0,1.3158810503278569e-06,0.0011477770301074636
s55-115-58,u058,2025-06-16,new,hazard,60,0.0030146486800503025,0,9.088106664129032e-06,0.003019201886563631
s55-115-58,u058,2025-06-16,new,hazard,120,0.011076398672609455,0,0.0001226866075545845,0.011138198748301817
s55-115-58,u058,2025-06-16,new,hazard_cal,30,0.0010274165362957888,0,1.055584739054036e-06,0.0010279446904525153
s55-115-58,u058,2025-06-16,new,hazard_cal,60,0.002717154459239035,0,7.382928355362573e-06,0.002720852623925547
s55-115-58,u058,2025-06-16,new,hazard_cal,120,0.010135950811886452,0,0.00010273749886098162,0.010187669335722987
s55-115-12,u012,2025-06-16,variable,empirical,30,0.0011737089201877549,0,1.3775926293283055e-06,0.0011743982559415578
s55-115-12,u012,2025-06-16,variable,empirical,60,0.0046948356807511304,0,2.2041482069253932e-05,0.004705891037412617
s55-115-12,u012,2025-06-16,variable,empirical,120,0.017018779342723,0,0.0002896388503162951,0.017165263130094227
s55-115-12,u012,2025-06-16,variable,hazard,30,0.0040706118792458446,0,1.6569881071457387e-05,0.004078919371831009
s55-115-12,u012,2025-06-16,variable,hazard,60,0.010669068186223707,0,0.00011382901596229081,0.01072639077787303
s55-115-12,u012,2025-06-16,variable,hazard,120,0.03874980039742815,0,0.0015015470308405226,0.039520550513335466
s55-115-12,u012,2025-06-16,variable,hazard_cal,30,0.00374220717022955,0,1.4004114504917457e-05,0.0037492267454239587
s55-115-12,u012,2025-06-16,variable,hazard_cal,60,0.009871968224130834,0,9.745575661824888e-05,0.009921019189131247
s55-115-12,u012,2025-06-16,variable,hazard_cal,120,0.036421357637241636,0,0.0013265152921398597,0.03710117290926527
s55-115-40,u040,2025-06-16,variable,empirical,30,0.0011737089201877549,0,1.3775926293283055e-06,0.0011743982559415578
s55-115-40,u040,2025-06-16,variable,empirical,60,0.0046948356807511304,0,2.2041482069253932e-05,0.004705891037412617
s55-115-40,u040,2025-06-16,variable,empirical,120,0.017018779342723,0,0.0002896388503162951,0.017165263130094227
s55-115-40,u040,2025-06-16,variable,hazard,30,0.0008011574794960508,0,6.41853306952465e-07,0.0008014785776611128
s55-115-40,u040,2025-06-16,variable,hazard,60,0.0021061229555608962,0,4.435753903940565e-06,0.002108343951521188
s55-115-40,u040,2025-06-16,variable,hazard,120,0.007748930400156451,0,6.004592234646881e-05,0.007779109365556339
s55-115-40,u040,2025-06-16,variable,hazard_cal,30,0.0007122913487144222,0,5.073589654534106e-07,0.0007125451487240062
s55-115-40,u040,2025-06-16,variable,hazard_cal,60,0.001884309194145839,0,3.550621139142541e-06,0.0018860867380279156
s55-115-40,u040,2025-06-16,variable,hazard_cal,120,0.007038194568618761,0,4.953618278573462e-05,0.007063079492042017
s55-115-6,u006,2025-06-16,variable,empirical,30,0.0011737089201877549,0,1.3775926293283055e-06,0.0011743982559415578
s55-115-6,u006,2025-06-16,variable,empirical,60,0.0046948356807511304,0,2.2041482069253932e-05,0.004705891037412617
s55-115-6,u006,2025-06-16,variable,empirical,120,0.017018779342723,0,0.0002896388503162951,0.017165263130094227
s55-115-6,u006,2025-06-16,variable,hazard,30,0.0006355482014035463,0,4.039215163072826e-07,0.0006357502477730399
s55-115-6,u006,2025-06-16,variable,hazard,60,0.0016710140963016595,0,2.792288110038852e-06,0.0016724117976261042
s55-115-6,u006,2025-06-16,variable,hazard,120,0.0061521044654202495,0,3.7848389353443774e-05,0.006171106635742162
s55-115-6,u006,2025-06-16,variable,hazard_cal,30,0.0005623757914238192,0,3.16266530779567e-07,0.0005625339840011066
s55-115-6,u006,2025-06-16,variable,hazard_cal,60,0.0014879262293294726,0,2.2139244639266223e-06,0.001489034290840355
s55-115-6,u006,2025-06-16,variable,hazard_cal,120,0.005561046831660366,0,3.092524186391979e-05,0.005576567018326371
s55-115-1,u001,2025-06-16,variable,empirical,30,0.0011737089201877549,0,1.3775926293283055e-06,0.0011743982559415578
s55-115-1,u001,2025-06-16,variable,empirical,60,0.0046948356807511304,0,2.2041482069253932e-05,0.004705891037412617
s55-115-1,u001,2025-06-16,variable,empirical,120,0.017018779342723,1,0.9662520801648703,4.073437877402787
s55-115-1,u001,2025-06-16,variable,hazard,30,0.00038096979605450887,0,1.4513798550581407e-07,0.00038104238348359254
s55-115-1,u001,2025-06-16,variable,hazard,60,0.0010018975064201019,0,1.003798613370818e-06,0.0010023997412133348
s55-115-1,u001,2025-06-16,variable,hazard,120,0.0036923771023240626,1,0.9926288794440177,5.601484827166373
s55-115-1,u001,2025-06-16,variable,hazard_cal,30,0.00033359234531782356,0,1.1128385285464604e-07,0.0003336479996218282
s55-115-1,u001,2025-06-16,variable,hazard_cal,60,0.0008828010818636711,0,7.793377501396681e-07,0.0008831909802240931
s55-115-1,u001,2025-06-16,variable,hazard_cal,120,0.003302510519276214,1,0.9934058855371775,5.713072336326474
s55-115-31,u031,2025-06-16,regular,empirical,30,0.0011737089201877549,0,1.3775926293283055e-06,0.0011743982559415578
s55-115-31,u031,2025-06-16,regular,empirical,60,0.0046948356807511304,0,2.2041482069253932e-05,0.004705891037412617
s55-115-31,u031,2025-06-16,regular,empirical,120,0.017018779342723,0,0.0002896388503162951,0.017165263130094227
s55-115-31,u031,2025-06-16,regular,hazard,30,0.003844616519081079,0,1.478107617879111e-05,0.0038520260544822778
s55-115-31,u031,2025-06-16,regular,hazard,60,0.010078818626865105,0,0.000101582584913243,0.010129953797537049
s55-115-31,u031,2025-06-16,regular,hazard,120,0.03663864297946173,0,0.0013423901593764605,0.037326696634145735
s55-115-31,u031,2025-06-16,regular,hazard_cal,30,0.003530270825559345,0,1.246281210179546e-05,0.003536516936251309
s55-115-31,u031,2025-06-16,regular,hazard_cal,60,0.00931470689366154,0,8.67637645148258e-05,0.009358360065052342
s55-115-31,u031,2025-06-16,regular,hazard_cal,120,0.03439497550800974,0,0.00118301434019659,0.035000405720234266
s55-115-34,u034,2025-06-16,regular,empirical,30,0.0011737089201877549,0,1.3775926293283055e-06,0.0011743982559415578
s55-115-34,u034,2025-06-16,regular,empirical,60,0.0046948356807511304,0,2.2041482069253932e-05,0.004705891037412617
s55-115-34,u034,2025-06-16,regular,empirical,120,0.017018779342723,0,0.0002896388503162951,0.017165263130094227
s55-115-34,u034,2025-06-16,regular,hazard,30,0.005527826674990077,0,3.0556867748731855e-05,0.005543161647688269
s55-115-34,u034,2025-06-16,regular,hazard,60,0.014469118971160655,0,0.00020935540380160117,0.01457481748828161
s55-115-34,u034,2025-06-16,regular,hazard,120,0.05225116906741045,0,0.002730184668911111,0.05366575810521959
s55-115-34,u034,2025-06-16,regular,hazard_cal,30,0.005114185708703478,0,2.6154895463106898e-05,0.0051273079151548965
s55-115-34,u034,2025-06-16,regular,hazard_cal,60,0.013474123496942658,0,0.00018155200401086225,0.013565723247105166
s55-115-34,u034,2025-06-16,regular,hazard_cal,120,0.049435630224894944,0,0.0024438815357325466,0.050699397331845704
s55-115-43,u043,2025-06-16,regular,empirical,30,0.0011737089201877549,0,1.3775926293283055e-06,0.0011743982559415578
s55-115-43,u043,2025-06-16,regular,empirical,60,0.0046948356807511304,0,2.2041482069253932e-05,0.004705891037412617
s55-115-43,u043,2025-06-16,regular,empirical,120,0.017018779342723,0,0.0002896388503162951,0.017165263130094227
s55-115-43,u043,2025-06-16,regular,hazard,30,0.0019778801858495454,0,3.912010029576232e-06,0.001979838773858728
s55-115-43,u043,2025-06-16,regular,hazard,60,0.0051939566180739805,0,2.69771853504345e-05,0.005207492099560746
s55-115-43,u043,2025-06-16,regular,hazard,120,0.01902087721312684,0,0.0003617937699568479,0.01920410120605007
s55-115-43,u043,2025-06-16,regular,hazard_cal,30,0.00179143495309253,0,3.209239191161635e-06,0.0017930414916476972
s55-115-43,u043,2025-06-16,regular,hazard_cal,60,0.004734363152946286,0,2.2414194463975497e-05,0.004745605748567016
s55-115-43,u043,2025-06-16,regular,hazard_cal,120,0.017605904873566613,0,0.00030996788641707664,0.017762732268526933
s55-115-45,u045,2025-06-16,regular,empirical,30,0.0011737089201877549,0,1.3775926293283055e-06,0.0011743982559415578
s55-115-45,u045,2025-06-16,regular,empirical,60,0.0046948356807511304,0,2.2041482069253932e-05,0.004705891037412617
s55-115-45,u045,2025-06-16,regular,empirical,120,0.017018779342723,0,0.0002896388503162951,0.017165263130094227
s55-115-45,u045,2025-06-16,regular,hazard,30,0.0017582570007097509,0,3.091467680544849e-06,0.0017598045488075795
s55-115-45,u045,2025-06-16,regular,hazard,60,0.00461814909876701,0,2.132730109844255e-05,0.0046288456943368635
s55-115-45,u045,2025-06-16,regular,hazard,120,0.016926916623746124,0,0.0002865205063872529,0.01707181431857843
s55-115-45,u045,2025-06-16,regular,hazard_cal,30,0.001588662688038922,0,2.5238491363670535e-06,0.0015899259507165702
s55-115-45,u045,2025-06-16,regular,hazard_cal,60,0.004199269688606844,0,1.7633865917652217e-05,0.004208111382685596
s55-115-45,u045,2025-06-16,regular,hazard_cal,120,0.015628939161787203,0,0.00024426373932284566,0.015752358664310722
s55-115-17,u017,2025-06-16,regular,empirical,30,0.0011737089201877549,0,1.3775926293283055e-06,0.0011743982559415578
s55-115-17,u017,2025-06-16,regular,empirical,60,0.0046948356807511304,0,2.2041482069253932e-05,0.004705891037412617
s55-115-17,u017,2025-06-16,regular,empirical,120,0.017018779342723,0,0.0002896388503162951,0.017165263130094227
s55-115-17,u017,2025-06-16,regular,hazard,30,0.0007642516173784752,0,5.840805346656153e-07,0.0007645438065259788
s55-115-17,u017,2025-06-16,regular,hazard,60,0.0020091708003069364,0,4.036767304806015e-06,0.0020111918915581032
s55-115-17,u017,2025-06-16,regular,hazard,120,0.007393303271788443,0,5.466093326863769e-05,0.007420769198108121
s55-115-17,u017,2025-06-16,regular,hazard_cal,30,0.0006788224185233505,0,4.6079987588989077e-07,0.0006790529227815037
s55-115-17,u017,2025-06-16,regular,hazard_cal,60,0.0017958254958999609,0,3.22498921172434e-06,0.0017974399236156532
s55-115-17,u017,2025-06-16,regular,hazard_cal,120,0.00670861119676458,0,4.500546418935509e-05,0.0067312150793521295
s55-115-39,u039,2025-06-16,regular,empirical,30,0.0011737089201877549,0,1.3775926293283055e-06,0.0011743982559415578
s55-115-39,u039,2025-06-16,regular,empirical,60,0.0046948356807511304,0,2.2041482069253932e-05,0.004705891037412617
s55-115-39,u039,2025-06-16,regular,empirical,120,0.017018779342723,0,0.0002896388503162951,0.017165263130094227
s55-115-39,u039,2025-06-16,regular,hazard,30,0.0020176857107044865,0,4.071055627181069e-06,0.002019723980705072
s55-115-39,u039,2025-06-16,regular,hazard,60,0.005298293853547076,0,2.8071917758534723e-05,0.0053123795880296735
s55-115-39,u039,2025-06-16,regular,hazard,120,0.01939991528274887,0,0.00037635671297783313,0.01959056337172713
s55-115-39,u039,2025-06-16,regular,hazard_cal,30,0.0018282378336814675,0,3.342453576504305e-06,0.0018299111002001718
s55-115-39,u039,2025-06-16,regular,hazard_cal,60,0.004831460300267154,0,2.334300863305758e-05,0.0048431695349428535
s55-115-39,u039,2025-06-16,regular,hazard_cal,120,0.01796429045202963,0,0.0003227157314448829,0.018127607187026263
s55-115-47,u047,2025-06-16,regular,empirical,30,0.0011737089201877549,0,1.3775926293283055e-06,0.0011743982559415578
s55-115-47,u047,2025-06-16,regular,empirical,60,0.0046948356807511304,0,2.2041482069253932e-05,0.004705891037412617
s55-115-47,u047,2025-06-16,regular,empirical,120,0.017018779342723,0,0.0002896388503162951,0.017165263130094227
s55-115-47,u047,2025-06-16,regular,hazard,30,0.0009522978770406532,0,9.06871246616135e-07,0.0009527516007402429
s55-115-47,u047,2025-06-16,regular,hazard,60,0.0025031023265427166,0,6.265521257143561e-06,0.0025062403247521165
s55-115-47,u047,2025-06-16,regular,hazard,120,0.009203989946834579,0,8.4713430941432e-05,0.009246608370231257
s55-115-47,u047,2025-06-16,regular,hazard_cal,30,0.0008496734767009517,0,7.219450170090828e-07,0.000850034653812357
s55-115-47,u047,2025-06-16,regular,hazard_cal,60,0.0022474565994701212,0,5.051061166501801e-06,0.0022499859204567507
s55-115-47,u047,2025-06-16,regular,hazard_cal,120,0.008389898181058064,0,7.039039148852142e-05,0.008425291479949248
s55-115-20,u020,2025-06-16,regular,empirical,30,0.0011737089201877549,0,1.3775926293283055e-06,0.0011743982559415578
s55-115-20,u020,2025-06-16,regular,empirical,60,0.0046948356807511304,0,2.2041482069253932e-05,0.004705891037412617
s55-115-20,u020,2025-06-16,regular,empirical,120,0.017018779342723,0,0.0002896388503162951,0.017165263130094227
s55-115-20,u020,2025-06-16,regular,hazard,30,0.0007451519915223637,0,5.552514904697448e-07,0.0007454297552603052
s55-115-20,u020,2025-06-16,regular,hazard,60,0.0019589932759683792,0,3.837654655289323e-06,0.0019609146129635903
s55-115-20,u020,2025-06-16,regular,hazard,120,0.007209207705463627,0,5.197267574051614e-05,0.007235319616479968
s55-115-20,u020,2025-06-16,regular,hazard_cal,30,0.000661514428590193,0,4.376013392330096e-07,0.0006617333258009086
s55-115-20,u020,2025-06-16,regular,hazard_cal,60,0.0017500652346718049,0,3.0627283256068793e-06,0.0017515983878410946
s55-115-20,u020,2025-06-16,regular,hazard_cal,120,0.006538128332900128,0,4.274712209747141e-05,0.006559595515237226
s55-115-22,u022,2025-06-16,variable,empirical,30,0.0011737089201877549,0,1.3775926293283055e-06,0.0011743982559415578
s55-115-22,u022,2025-06-16,variable,empirical,60,0.0046948356807511304,0,2.2041482069253932e-05,0.004705891037412617
s55-115-22,u022,2025-06-16,variable,empirical,120,0.017018779342723,0,0.0002896388503162951,0.017165263130094227
s55-115-22,u022,2025-06-16,variable,hazard,30,0.0014929259496677671,0,2.2288278911914043e-06,0.0014940414740150984
s55-115-22,u022,2025-06-16,variable,hazard,60,0.003922195849939358,0,1.5383620285281524e-05,0.003929907831956073
s55-115-22,u022,2025-06-16,variable,hazard,120,0.014391157262970022,0,0.00020710540736753482,0.014495714310266063
s55-115-22,u022,2025-06-16,variable,hazard_cal,30,0.0013443951841649593,0,1.8073984112059348e-06,0.001345299694140687
s55-115-22,u022,2025-06-16,variable,hazard_cal,60,0.0035544077951051856,0,1.2633814773904506e-05,0.0035607397110858315
s55-115-22,u022,2025-06-16,variable,hazard_cal,120,0.013242062188035919,0,0.00017535221099181062,0.013330520071268946
s55-115-14,u014,2025-06-16,regular,empirical,30,0.0011737089201877549,0,1.3775926293283055e-06,0.0011743982559415578
s55-115-14,u014,2025-06-16,regular,empirical,60,0.0046948356807511304,0,2.2041482069253932e-05,0.004705891037412617
s55-115-14,u014,2025-06-16,regular,empirical,120,0.017018779342723,0,0.0002896388503162951,0.017165263130094227
s55-115-14,u014,2025-06-16,regular,hazard,30,0.000382893500969983,0,1.4660743308505036e-07,0.0003829668234035784
s55-115-14,u014,2025-06-16,regular,hazard,60,0.0010069548106106385,0,1.0139579906119068e-06,0.001007462130199805
s55-115-14,u014,2025-06-16,regular,hazard,120,0.0037109868458867767,0,1.3771423370344688e-05,0.003717889640316496
s55-115-14,u014,2025-06-16,regular,hazard_cal,30,0.0003353113950420594,0,1.1243373164505203e-07,0.0003353676244778136
s55-115-14,u014,2025-06-16,regular,hazard_cal,60,0.000887348871473459,0,7.873880197052212e-07,0.0008877427985343736
s55-115-14,u014,2025-06-16,regular,hazard_cal,120,0.003319500216038218,0,1.1019081684277776e-05,0.003325021979930909
s55-115-28,u028,2025-06-16,regular,empirical,30,0.0011737089201877549,0,1.3775926293283055e-06,0.0011743982559415578
s55-115-28,u028,2025-06-16,regular,empirical,60,0.0046948356807511304,0,2.2041482069253932e-05,0.004705891037412617
s55-115-28,u028,2025-06-16,regular,empirical,120,0.017018779342723,0,0.0002896388503162951,0.017165263130094227
s55-115-28,u028,2025-06-16,regular,hazard,30,0.00540113088957106,0,2.9172214886278667e-05,0.005415769731675825
s55-115-28,u028,2025-06-16,regular,hazard,60,0.014139131283825157,0,0.00019991503346124324,0.014240041114727106
s55-115-28,u028,2025-06-16,regular,hazard,120,0.05108492108209106,0,0.002609669161963472,0.05243596918347481
s55-115-28,u028,2025-06-16,regular,hazard_cal,30,0.004994566386227972,0,2.4945693386438343e-05,0.005007080920091196
s55-115-28,u028,2025-06-16,regular,hazard_cal,60,0.01316042577623644,0,0.0001731968066118285,0.013247791539895968
s55-115-28,u028,2025-06-16,regular,hazard_cal,120,0.048308054182147786,0,0.002333668098865326,0.049513882881909124
s55-116-24,u024,2025-06-17,variable,empirical,30,0.0011737089201877549,0,1.3775926293283055e-06,0.0011743982559415578
s55-116-24,u024,2025-06-17,variable,empirical,60,0.0046948356807511304,0,2.2041482069253932e-05,0.004705891037412617
s55-116-24,u024,2025-06-17,variable,empirical,120,0.017018779342723,0,0.0002896388503162951,0.017165263130094227
s55-116-24,u024,2025-06-17,variable,hazard,30,0.0002928521567830966,0,8.57623857325114e-08,0.00029289504634970196
s55-116-24,u024,2025-06-17,variable,hazard,60,0.0007702224642932576,0,5.932426445019784e-07,0.0007705192380131509
s55-116-24,u024,2025-06-17,variable,hazard,120,0.0028395596976747983,0,8.063099276658992e-06,0.0028435988954874447
s55-116-24,u024,2025-06-17,variable,hazard_cal,30,0.00025505590566676783,0,6.505351501549517e-08,0.00025508843795609483
s55-116-24,u024,2025-06-17,variable,hazard_cal,60,0.0006750154982577694,0,4.556459228881847e-07,0.0006752434237938314
s55-116-24,u024,2025-06-17,variable,hazard_cal,120,0.0025260072235694375,0,6.380712493524978e-06,0.002529202962590468
s55-116-0,u000,2025-06-17,variable,empirical,30,0.0011737089201877549,0,1.3775926293283055e-06,0.0011743982559415578
s55-116-0,u000,2025-06-17,variable,empirical,60,0.0046948356807511304,0,2.2041482069253932e-05,0.004705891037412617
s55-116-0,u000,2025-06-17,variable,empirical,120,0.017018779342723,0,0.0002896388503162951,0.017165263130094227
s55-116-0,u000,2025-06-17,variable,hazard,30,0.0006551491190667225,0,4.292203682139025e-07,0.0006553638230313598
s55-116-0,u000,2025-06-17,variable,hazard,60,0.0017225188942636693,0,2.967071341095334e-06,0.001724004135750281
s55-116-0,u000,2025-06-17,variable,hazard,120,0.0063412340059045835,0,4.021124871764069e-05,0.006361425032873711
s55-116-0,u000,2025-06-17,variable,hazard_cal,30,0.0005800810042904114,0,3.364939715385723e-07,0.0005802493163690878
s55-116-0,u000,2025-06-17,variable,hazard_cal,60,0.0015347452808088802,0,2.3554430769651283e-06,0.0015359242087378115
s55-116-0,u000,2025-06-17,variable,hazard_cal,120,0.005735615549841033,0,3.289728573557826e-05,0.005752127359908628
s55-116-18,u018,2025-06-17,regular,empirical,30,0.0011737089201877549,0,1.3775926293283055e-06,0.0011743982559415578
s55-116-18,u018,2025-06-17,regular,empirical,60,0.0046948356807511304,0,2.2041482069253932e-05,0.004705891037412617
s55-116-18,u018,2025-06-17,regular,empirical,120,0.017018779342723,0,0.0002896388503162951,0.017165263130094227
s55-116-18,u018,2025-06-17,regular,hazard,30,0.001542867671427972,0,2.3804406515375727e-06,0.0015440591174070912
s55-116-18,u018,2025-06-17,regular,hazard,60,0.0040532169186647815,0,1.6428567389750427e-05,0.004061453466236077
s55-116-18,u018,2025-06-17,regular,hazard,120,0.014868951235751493,0,0.00022108571085115584,0.014980602228964378
s55-116-18,u018,2025-06-17,regular,hazard_cal,30,0.0013903081809589768,0,1.9329568380414588e-06,0.00139127555611502
s55-116-18,u018,2025-06-17,regular,hazard_cal,60,0.0036756395757249205,0,1.3510326290635274e-05,0.00368241133766706
s55-116-18,u018,2025-06-17,regular,hazard_cal,120,0.013691150699658317,0,0.0001874476074807544,0.013785738842687047
s55-116-33,u033,2025-06-17,regular,empirical,30,0.0011737089201877549,0,1.3775926293283055e-06,0.0011743982559415578
s55-116-33,u033,2025-06-17,regular,empirical,60,0.0046948356807511304,0,2.2041482069253932e-05,0.004705891037412617
s55-116-33,u033,2025-06-17,regular,empirical,120,0.017018779342723,0,0.0002896388503162951,0.017165263130094227
s55-116-33,u033,2025-06-17,regular,hazard,30,0.001823395642295944,0,3.3247716683438387e-06,0.0018250600516890707
s55-116-33,u033,2025-06-17,regular,hazard,60,0.004788953585930011,0,2.2934076448191914e-05,0.0048004573662287445
s55-116-33,u033,2025-06-17,regular,hazard,120,0.01754843920579441,0,0.0003079477185594623,0.01770423844473428
s55-116-33,u033,2025-06-17,regular,hazard_cal,30,0.0016487516040014638,0,2.7183818516974e-06,0.0016501122907559653
s55-116-33,u033,2025-06-17,regular,hazard_cal,60,0.004357858626867106,0,1.899093181176006e-05,0.004367381769851018
s55-116-33,u033,2025-06-17,regular,hazard_cal,120,0.016215206446214325,0,0.0002629329200933506,0.01634811158749387
s55-116-36,u036,2025-06-17,regular,empirical,30,0.0011737089201877549,0,1.3775926293283055e-06,0.0011743982559415578
s55-116-36,u036,2025-06-17,regular,empirical,60,0.0046948356807511304,0,2.2041482069253932e-05,0.004705891037412617
s55-116-36,u036,2025-06-17,regular,empirical,120,0.017018779342723,0,0.0002896388503162951,0.017165263130094227
s55-116-36,u036,2025-06-17,regular,hazard,30,0.001002885527138897,0,1.0057793805446633e-06,0.0010033887533094652
s55-116-36,u036,2025-06-17,regular,hazard,60,0.0026359493129585188,0,6.948228780486487e-06,0.0026394295445033673
s55-116-36,u036,2025-06-17,regular,hazard,120,0.009690527395582293,0,9.390632120453094e-05,0.009737786111940091
s55-116-36,u036,2025-06-17,regular,hazard_cal,30,0.0008957603438985995,0,8.023865937013372e-07,0.000896161776938552
s55-116-36,u036,2025-06-17,regular,hazard_cal,60,0.002369259066192453,0,5.613388522735134e-06,0.0023720702015368636
s55-116-36,u036,2025-06-17,regular,hazard_cal,120,0.008842929943713607,0,7.819740998942674e-05,0.008882260686384738
s55-116-3,u003,2025-06-17,regular,empirical,30,0.0011737089201877549,0,1.3775926293283055e-06,0.0011743982559415578
s55-116-3,u003,2025-06-17,regular,empirical,60,0.0046948356807511304,0,2.2041482069253932e-05,0.004705891037412617
s55-116-3,u003,2025-06-17,regular,empirical,120,0.017018779342723,0,0.0002896388503162951,0.017165263130094227
s55-116-3,u003,2025-06-17,regular,hazard,30,0.0036723397030689053,0,1.3486078894736216e-05,0.0036790992966065
s55-116-3,u003,2025-06-17,regular,hazard,60,0.009628705621511857,0,9.271197194573403e-05,0.009675361338477295
s55-116-3,u003,2025-06-17,regular,hazard,120,0.035026168379627354,0,0.001226832471358007,0.03565429550267877
s55-116-3,u003,2025-06-17,regular,hazard_cal,30,0.003368885004803923,0,1.1349386175592729e-05,0.003374572475106527
s55-116-3,u003,2025-06-17,regular,hazard_cal,60,0.00889021512397492,0,7.903592495055241e-05,0.008929968874767777
s55-116-3,u003,2025-06-17,regular,hazard_cal,120,0.03284903139203832,0,0.001079058863395119,0.03340067512704933
s55-116-49,u049,2025-06-17,regular,empirical,30,0.0011737089201877549,0,1.3775926293283055e-06,0.0011743982559415578
s55-116-49,u049,2025-06-17,regular,empirical,60,0.0046948356807511304,0,2.2041482069253932e-05,0.004705891037412617
s55-116-49,u049,2025-06-17,regular,empirical,120,0.017018779342723,0,0.0002896388503162951,0.017165263130094227
s55-116-49,u049,2025-06-17,regular,hazard,30,0.001151622022011578,0,1.3262332815820355e-06,0.0011522856481989826
s55-116-49,u049,2025-06-17,regular,hazard,60,0.003026471324782176,0,9.159528679728781e-06,0.003031060350497492
s55-116-49,u049,2025-06-17,regular,hazard,120,0.011119638723123382,0,0.00012364636533278498,0.011181924063184773
s55-116-49,u049,2025-06-17,regular,hazard_cal,30,0.0010315330109826881,0,1.0640603527470105e-06,0.001032065407313478
s55-116-49,u049,2025-06-17,regular,hazard_cal,60,0.0027280306848684877,0,7.44215141758403e-06,0.002731758541926448
s55-116-49,u049,2025-06-17,regular,hazard_cal,120,0.010176351974212072,0,0.00010355813950304994,0.01022848502840834
s55-116-25,u025,2025-06-17,variable,empirical,30,0.0011737089201877549,0,1.3775926293283055e-06,0.0011743982559415578
s55-116-25,u025,2025-06-17,variable,empirical,60,0.0046948356807511304,0,2.2041482069253932e-05,0.004705891037412617
s55-116-25,u025,2025-06-17,variable,empirical,120,0.017018779342723,0,0.0002896388503162951,0.017165263130094227
s55-116-25,u025,2025-06-17,variable,hazard,30,0.0005118877116143672,0,2.6202902930179355e-07,0.0005120187708560033
s55-116-25,u025,2025-06-17,variable,hazard,60,0.0013460321951702658,0,1.8118026704348846e-06,0.0013469389102419337
s55-116-25,u025,2025-06-17,variable,hazard,120,0.004958066259859617,0,2.458242103715833e-05,0.004970398249144543
s55-116-25,u025,2025-06-17,variable,hazard_cal,30,0.00045094895581920813,0,2.0335496075443414e-07,0.0004510506638774965
s55-116-25,u025,2025-06-17,variable,hazard_cal,60,0.0011932377233474512,0,1.4238162644194083e-06,0.001193950198304051
s55-116-25,u025,2025-06-17,variable,hazard_cal,120,0.004461695586628123,0,1.990672750773687e-05,0.004471678655725797
s55-116-46,u046,2025-06-17,variable,empirical,30,0.0011737089201877549,0,1.3775926293283055e-06,0.0011743982559415578
s55-116-46,u046,2025-06-17,variable,empirical,60,0.0046948356807511304,0,2.2041482069253932e-05,0.004705891037412617
s55-116-46,u046,2025-06-17,variable,empirical,120,0.017018779342723,0,0.0002896388503162951,0.017165263130094227
s55-116-46,u046,2025-06-17,variable,hazard,30,0.002352215373141342,0,5.5329171616424625e-06,0.002354986177594155
s55-116-46,u046,2025-06-17,variable,hazard,60,0.006174854001394503,0,3.8128821938537704e-05,0.006193997257589807
s55-116-46,u046,2025-06-17,variable,hazard,120,0.022579567700518388,0,0.0005098368775422932,0.022838389617825427
s55-116-46,u046,2025-06-17,variable,hazard_cal,30,0.002138101036896267,0,4.571476043976893e-06,0.0021403900382443632
s55-116-46,u046,2025-06-17,variable,hazard_cal,60,0.005648710650235866,0,3.19079320100881e-05,0.005664724951484048
s55-116-46,u046,2025-06-17,variable,hazard_cal,120,0.02097649110443711,0,0.0004400131790545293,0.021199623567759632
s55-116-27,u027,2025-06-17,variable,empirical,30,0.0011737089201877549,0,1.3775926293283055e-06,0.0011743982559415578
s55-116-27,u027,2025-06-17,variable,empirical,60,0.0046948356807511304,0,2.2041482069253932e-05,0.004705891037412617
s55-116-27,u027,2025-06-17,variable,empirical,120,0.017018779342723,0,0.0002896388503162951,0.017165263130094227
s55-116-27,u027,2025-06-17,variable,hazard,30,0.002129039476746697,0,4.532809093545849e-06,0.0021313091032819907
s55-116-27,u027,2025-06-17,variable,hazard,60,0.005590131128768494,0,3.124956603682652e-05,0.005605814386741609
s55-116-27,u027,2025-06-17,variable,hazard,120,0.020459470297180427,0,0.00041858992484120815,0.020671664502774197
s55-116-27,u027,2025-06-17,variable,hazard_cal,30,0.0019312708207618323,0,3.7298069831260816e-06,0.0019331381288257737
s55-116-27,u027,2025-06-17,variable,hazard_cal,60,0.005103257300471342,0,2.604323507481405e-05,0.005116323390042994
s55-116-27,u027,2025-06-17,variable,hazard_cal,120,0.018966919928441017,0,0.000359744051571893,0.01914909921919105
s55-116-29,u029,2025-06-17,regular,empirical,30,0.0011737089201877549,0,1.3775926293283055e-06,0.0011743982559415578
s55-116-29,u029,2025-06-17,regular,empirical,60,0.0046948356807511304,0,2.2041482069253932e-05,0.004705891037412617
s55-116-29,u029,2025-06-17,regular,empirical,120,0.017018779342723,0,0.0002896388503162951,0.017165263130094227
s55-116-29,u029,2025-06-17,regular,hazard,30,0.0011639164734069674,0,1.3547015570681118e-06,0.0011645943502312194
s55-116-29,u029,2025-06-17,regular,hazard,60,0.0030587468352164526,0,9.355932201946665e-06,0.0030634343623971495
s55-116-29,u029,2025-06-17,regular,hazard,120,0.011237675048182516,0,0.00012628534048854392,0.011301294792812772
s55-116-29,u029,2025-06-17,regular,hazard_cal,30,0.0010427727369896056,0,1.0873749810087932e-06,0.0010433168027376145
s55-116-29,u029,2025-06-17,regular,hazard_cal,60,0.0027577269823633177,0,7.605058109254691e-06,0.002761536516800462
s55-116-29,u029,2025-06-17,regular,hazard_cal,120,0.010286655826494018,0,0.00010581528809274332,0.010339929121477355
s55-116-32,u032,2025-06-17,variable,empirical,30,0.0011737089201877549,0,1.3775926293283055e-06,0.0011743982559415578
s55-116-32,u032,2025-06-17,variable,empirical,60,0.0046948356807511304,0,2.2041482069253932e-05,0.004705891037412617
s55-116-32,u032,2025-06-17,variable,empirical,120,0.017018779342723,0,0.0002896388503162951,0.017165263130094227
s55-116-32,u032,2025-06-17,variable,hazard,30,0.0009739395544311469,0,9.485582556855409e-07,0.0009744141417302407
s55-116-32,u032,2025-06-17,variable,hazard,60,0.002559936509981986,0,6.553274935138751e-06,0.0025632187501971986
s55-116-32,u032,2025-06-17,variable,hazard,120,0.009412162828100312,0,8.858880910267327e-05,0.009456737146968035
s55-116-32,u032,2025-06-17,variable,hazard_cal,30,0.0008693836779254394,0,7.55827979443164e-07,0.0008697618110929155
s55-116-32,u032,2025-06-17,variable,hazard_cal,60,0.0022995497430300382,0,5.287929020669515e-06,0.0023021977678290796
s55-116-32,u032,2025-06-17,variable,hazard_cal,120,0.008583674181370293,0,7.367946245192297e-05,0.008620726092648632
s55-116-9,u009,2025-06-17,regular,empirical,30,0.0011737089201877549,0,1.3775926293283055e-06,0.0011743982559415578
s55-116-9,u009,2025-06-17,regular,empirical,60,0.0046948356807511304,0,2.2041482069253932e-05,0.004705891037412617
s55-116-9,u009,2025-06-17,regular,empirical,120,0.017018779342723,0,0.0002896388503162951,0.017165263130094227
s55-116-9,u009,2025-06-17,regular,hazard,30,0.004625322866856907,0,2.1393611622669395e-05,0.004636052771635272
s55-116-9,u009,2025-06-17,regular,hazard,60,0.012116813018901773,0,0.0001468171577350275,0.01219082002470739
s55-116-9,u009,2025-06-17,regular,hazard,120,0.043911968012614766,0,0.0019282609347409023,0.04490528650136354
s55-116-9,u009,2025-06-17,regular,hazard_cal,30,0.004263427387076302,0,1.817681308487226e-05,0.004272541708341506
s55-116-9,u009,2025-06-17,regular,hazard_cal,60,0.011241522511786672,0,0.00012637182838300655,0.011305185991933826
s55-116-9,u009,2025-06-17,regular,hazard_cal,120,0.04138661795516263,0,0.0017128521457665897,0.042267432365690596
s55-116-11,u011,2025-06-17,variable,empirical,30,0.0011737089201877549,0,1.3775926293283055e-06,0.0011743982559415578
s55-116-11,u011,2025-06-17,variable,empirical,60,0.0046948356807511304,0,2.2041482069253932e-05,0.004705891037412617
s55-116-11,u011,2025-06-17,variable,empirical,120,0.017018779342723,0,0.0002896388503162951,0.017165263130094227
s55-116-11,u011,2025-06-17,variable,hazard,30,0.0022972107015400978,0,5.2771770072703485e-06,0.0022998533379478664
s55-116-11,u011,2025-06-17,variable,hazard,60,0.0060307634597929205,0,3.6370107907973476e-05,0.006049021959219235
s55-116-11,u011,2025-06-17,variable,hazard,120,0.022057470892106634,0,0.00048653202215613145,0.022304374367333756
s55-116-11,u011,2025-06-17,variable,hazard_cal,30,0.0020870856411937533,0,4.35592647367714e-06,0.0020892666395792487
s55-116-11,u011,2025-06-17,variable,hazard_cal,60,0.005514192107367921,0,3.0406314596958676e-05,0.005529451385580044
s55-116-11,u011,2025-06-17,variable,hazard_cal,120,0.020481210561816177,0,0.0004194799860774505,0.020693859098337722
s55-116-41,u041,2025-06-17,regular,empirical,30,0.0011737089201877549,0,1.3775926293283055e-06,0.0011743982559415578
s55-116-41,u041,2025-06-17,regular,empirical,60,0.0046948356807511304,0,2.2041482069253932e-05,0.004705891037412617
s55-116-41,u041,2025-06-17,regular,empirical,120,0.017018779342723,0,0.0002896388503162951,0.017165263130094227
s55-116-41,u041,2025-06-17,regular,hazard,30,0.00118237727016679,0,1.3980160090070706e-06,0.0011830768296544859
s55-116-41,u041,2025-06-17,regular,hazard,60,0.003107208929759908,0,9.654747333179713e-06,0.003112046326560488
s55-116-41,u041,2025-06-17,regular,hazard,120,0.011414886448780526,0,0.00013029963263855329,0.011480536333901389
s55-116-41,u041,2025-06-17,regular,hazard_cal,30,0.00105965439289335,0,1.122867432378174e-06,0.0010602162235421502
s55-116-41,u041,2025-06-17,regular,hazard_cal,60,0.0028023285691637367,0,7.853045409551276e-06,0.00280626244292524
s55-116-41,u041,2025-06-17,regular,hazard_cal,120,0.010452304794496992,0,0.0001092506755170648,0.010507313781806651
s55-116-43,u043,2025-06-17,regular,empirical,30,0.0011737089201877549,0,1.3775926293283055e-06,0.0011743982559415578
s55-116-43,u043,2025-06-17,regular,empirical,60,0.0046948356807511304,0,2.2041482069253932e-05,0.004705891037412617
s55-116-43,u043,2025-06-17,regular,empirical,120,0.017018779342723,0,0.0002896388503162951,0.017165263130094227
s55-116-43,u043,2025-06-17,regular,hazard,30,0.0032835204669804385,0,1.0781506657079437e-05,0.0032889230498783363
s55-116-43,u043,2025-06-17,regular,hazard,60,0.008612302834914876,0,7.41717601202828e-05,0.008649603029768714
s55-116-43,u043,2025-06-17,regular,hazard,120,0.03137691062628811,0,0.0009845105204500718,0.03187971141388031
s55-116-43,u043,2025-06-17,regular,hazard_cal,30,0.0030052378171854244,0,9.031454337841414e-06,0.0030097626120179927
s55-116-43,u043,2025-06-17,regular,hazard_cal,60,0.00793325096445796,0,6.293647086507316e-05,0.007964886626739621
s55-116-43,u043,2025-06-17,regular,hazard_cal,120,0.029356408533772083,0,0.0008617987220017264,0.029795931144165712
s55-116-47,u047,2025-06-17,regular,empirical,30,0.0011737089201877549,0,1.3775926293283055e-06,0.0011743982559415578
s55-116-47,u047,2025-06-17,regular,empirical,60,0.0046948356807511304,0,2.2041482069253932e-05,0.004705891037412617
s55-116-47,u047,2025-06-17,regular,empirical,120,0.017018779342723,0,0.0002896388503162951,0.017165263130094227
s55-116-47,u047,2025-06-17,regular,hazard,30,0.001148916354948737,0,1.320008790668692e-06,0.0011495768653066406
s55-116-47,u047,2025-06-17,regular,hazard,60,0.0030193682844213976,0,9.116584836969814e-06,0.0030239357731106013
s55-116-47,u047,2025-06-17,regular,hazard,120,0.011093660303190478,0,0.00012306929892258426,0.011155653869415538
s55-116-47,u047,2025-06-17,regular,hazard_cal,30,0.0010290597906630339,0,1.0589640527594472e-06,0.0010295896362157713
s55-116-47,u047,2025-06-17,regular,hazard_cal,60,0.0027214961466229814,0,7.406541276083736e-06,0.0027252061499630107
s55-116-47,u047,2025-06-17,regular,hazard_cal,120,0.010152078740552573,0,0.00010306470275437951,0.010203962542924064
s55-116-54,u054,2025-06-17,new,empirical,30,0.0011737089201877549,0,1.3775926293283055e-06,0.0011743982559415578
s55-116-54,u054,2025-06-17,new,empirical,60,0.0046948356807511304,0,2.2041482069253932e-05,0.004705891037412617
s55-116-54,u054,2025-06-17,new,empirical,120,0.017018779342723,0,0.0002896388503162951,0.017165263130094227
s55-116-54,u054,2025-06-17,new,hazard,30,0.0009265797926745201,0,8.585501121927565e-07,0.0009270093330867585
s55-116-54,u054,2025-06-17,new,hazard,60,0.002435559979793056,0,5.931952415169551e-06,0.0024385307806901327
s55-116-54,u054,2025-06-17,new,hazard,120,0.008956548511126927,0,8.021976123216998e-05,0.008996899509554035
s55-116-54,u054,2025-06-17,new,hazard_cal,30,0.0008262626816579743,0,6.827100191006271e-07,0.0008266042248167287
s55-116-54,u054,2025-06-17,new,hazard_cal,60,0.0021855804872759066,0,4.776762066361189e-06,0.002187972354022765
s55-116-54,u054,2025-06-17,new,hazard_cal,120,0.008159690906612949,0,6.658055569146205e-05,0.008193163392236762
s55-116-1,u001,2025-06-17,variable,empirical,30,0.0011737089201877549,0,1.3775926293283055e-06,0.0011743982559415578
s55-116-1,u001,2025-06-17,variable,empirical,60,0.0046948356807511304,0,2.2041482069253932e-05,0.004705891037412617
s55-116-1,u001,2025-06-17,variable,empirical,120,0.017018779342723,0,0.0002896388503162951,0.017165263130094227
s55-116-1,u001,2025-06-17,variable,hazard,30,0.0003695744299122561,0,1.365852592449691e-07,0.0003696427393726836
s55-116-1,u001,2025-06-17,variable,hazard,60,0.0009719394111252777,0,9.446662188985516e-07,0.0009724120505107753
s55-116-1,u001,2025-06-17,variable,hazard,120,0.0035821322021412083,0,1.2831671113617022e-05,0.0035885634005600447
s55-116-1,u001,2025-06-17,variable,hazard_cal,30,0.0003234129658709062,0,1.0459594649341593e-07,0.00032346527512278376
s55-116-1,u001,2025-06-17,variable,hazard_cal,60,0.0008558709788392127,0,7.325151324191921e-07,0.00085623744551914
s55-116-1,u001,2025-06-17,variable,hazard_cal,120,0.0032018997612276445,0,1.0252162080949647e-05,0.0032070368107440877
s55-116-22,u022,2025-06-17,variable,empirical,30,0.0011737089201877549,0,1.3775926293283055e-06,0.0011743982559415578
s55-116-22,u022,2025-06-17,variable,empirical,60,0.0046948356807511304,0,2.2041482069253932e-05,0.004705891037412617
s55-116-22,u022,2025-06-17,variable,empirical,120,0.017018779342723,0,0.0002896388503162951,0.017165263130094227
s55-116-22,u022,2025-06-17,variable,hazard,30,0.0021130463830179025,0,4.46496501678504e-06,0.0021152820154114395
s55-116-22,u022,2025-06-17,variable,hazard,60,0.005548219898840245,0,3.0782744045886864e-05,0.0055636684386248985
s55-116-22,u022,2025-06-17,variable,hazard,120,0.020307363498530462,0,0.0004123890122614474,0.02051639273463621
s55-116-22,u022,2025-06-17,variable,hazard_cal,30,0.0019164657888833814,0,3.672841119960401e-06,0.0019183045591124324
s55-116-22,u022,2025-06-17,variable,hazard_cal,60,0.005064205397840582,0,2.5646176311517687e-05,0.00507707194359843
s55-116-22,u022,2025-06-17,variable,hazard_cal,120,0.018822913674017783,0,0.00035430207917952564,0.0190023195753508
s55-116-56,u056,2025-06-17,new,empirical,30,0.0011737089201877549,0,1.3775926293283055e-06,0.0011743982559415578
s55-116-56,u056,2025-06-17,new,empirical,60,0.0046948356807511304,0,2.2041482069253932e-05,0.004705891037412617
s55-116-56,u056,2025-06-17,new,empirical,120,0.017018779342723,0,0.0002896388503162951,0.017165263130094227
s55-116-56,u056,2025-06-17,new,hazard,30,0.001275723472587642,0,1.6274703785110724e-06,0.0012765379005071267
s55-116-56,u056,2025-06-17,new,hazard,60,0.003352230291319702,0,1.1237447926041376e-05,0.0033578616037754612
s55-116-56,u056,2025-06-17,new,hazard,120,0.012310458366889154,0,0.00015154738520291119,0.012386859730867325
s55-116-56,u056,2025-06-17,new,hazard_cal,30,0.001145097284843466,0,1.3112477917558779e-06,0.0011457534096716761
s55-116-56,u056,2025-06-17,new,hazard_cal,60,0.0030280485654393674,0,9.169078114659411e-06,0.0030326423803703497
s55-116-56,u056,2025-06-17,new,hazard_cal,120,0.011290271419809539,0,0.0001274702287329681,0.011354490357873205
s55-116-10,u010,2025-06-17,variable,empirical,30,0.0011737089201877549,0,1.3775926293283055e-06,0.0011743982559415578
s55-116-10,u010,2025-06-17,variable,empirical,60,0.0046948356807511304,0,2.2041482069253932e-05,0.004705891037412617
s55-116-10,u010,2025-06-17,variable,empirical,120,0.017018779342723,0,0.0002896388503162951,0.017165263130094227
s55-116-10,u010,2025-06-17,variable,hazard,30,0.0005428776998336327,0,2.947161969766558e-07,0.0005430251112854619
s55-116-10,u010,2025-06-17,variable,hazard,60,0.0014274813246246687,0,2.0377029321521987e-06,0.0014285011467242835
s55-116-10,u010,2025-06-17,variable,hazard,120,0.005257434325968924,0,2.7640615691876314e-05,0.005271303265196556
s55-116-10,u010,2025-06-17,variable,hazard_cal,30,0.00047882589589198776,0,2.292742385767647e-07,0.00047894056961857043
s55-116-10,u010,2025-06-17,variable,hazard_cal,60,0.0012669690598013927,0,1.605210598494025e-06,0.0012677723436628561
s55-116-10,u010,2025-06-17,variable,hazard_cal,120,0.004736848310161856,0,2.2437731913483233e-05,0.004748102730504563
s55-116-59,u059,2025-06-17,new,empirical,30,0.0011737089201877549,0,1.3775926293283055e-06,0.0011743982559415578
s55-116-59,u059,2025-06-17,new,empirical,60,0.0046948356807511304,0,2.2041482069253932e-05,0.004705891037412617
s55-116-59,u059,2025-06-17,new,empirical,120,0.017018779342723,0,0.0002896388503162951,0.017165263130094227
s55-116-59,u059,2025-06-17,new,hazard,30,0.00045047727103464386,0,2.0292977171881997e-07,0.000450578766402552
s55-116-59,u059,2025-06-17,new,hazard,60,0.0011846171677405426,0,1.4033178341056249e-06,0.0011853193812818537
s55-116-59,u059,2025-06-17,new,hazard,120,0.004364563785565934,0,1.9049417038273632e-05,0.004374116299254976
s55-116-59,u059,2025-06-17,new,hazard_cal,30,0.0003958118299740576,0,1.566670047474123e-07,0.00039589018415278734
s55-116-59,u059,2025-06-17,new,hazard_cal,60,0.0010473950833307377,0,1.097036460585403e-06,0.0010479439848723533
s55-116-59,u059,2025-06-17,new,hazard_cal,120,0.0039172509312214165,0,1.5344854858155056e-05,0.00392494345425071
s55-116-8,u008,2025-06-17,regular,empirical,30,0.0011737089201877549,0,1.3775926293283055e-06,0.0011743982559415578
s55-116-8,u008,2025-06-17,regular,empirical,60,0.0046948356807511304,0,2.2041482069253932e-05,0.004705891037412617
s55-116-8,u008,2025-06-17,regular,empirical,120,0.017018779342723,0,0.0002896388503162951,0.017165263130094227
s55-116-8,u008,2025-06-17,regular,hazard,30,0.00552634170606181,0,3.054045265215816e-05,0.005541668425595781
s55-116-8,u008,2025-06-17,regular,hazard,60,0.014465251714207095,0,0.0002092435071553713,0.01457089346170832
s55-116-8,u008,2025-06-17,regular,hazard,120,0.05223750812805983,0,0.0027287572554291167,0.053651344116564914
s55-116-8,u008,2025-06-17,regular,hazard_cal,30,0.005112783345295191,0,2.6140553535927883e-05,0.00512589834392594
s55-116-8,u008,2025-06-17,regular,hazard_cal,60,0.013470446248985968,0,0.00018145292214682014,0.013561995781672305
s55-116-8,u008,2025-06-17,regular,hazard_cal,120,0.04942241885375276,0,0.002442575485355776,0.05068549897866277
s55-116-35,u035,2025-06-17,variable,empirical,30,0.0011737089201877549,0,1.3775926293283055e-06,0.0011743982559415578
s55-116-35,u035,2025-06-17,variable,empirical,60,0.0046948356807511304,0,2.2041482069253932e-05,0.004705891037412617
s55-116-35,u035,2025-06-17,variable,empirical,120,0.017018779342723,0,0.0002896388503162951,0.017165263130094227
s55-116-35,u035,2025-06-17,variable,hazard,30,0.0002528495246895135,0,6.393288213571289e-08,0.0002528814965200697
s55-116-35,u035,2025-06-17,variable,hazard,60,0.0006650369663648847,0,4.4227416663180884e-07,0.0006652582015400183
s55-116-35,u035,2025-06-17,variable,hazard,120,0.0024521647977836514,0,6.0131121954893355e-06,0.002455176277985895
s55-116-35,u035,2025-06-17,variable,hazard_cal,30,0.0002195551915709082,0,4.8204482145738193e-08,0.00021957929734041018
s55-116-35,u035,2025-06-17,variable,hazard_cal,60,0.0005810805601096369,0,3.3765461733732936e-07,0.0005812494528483329
s55-116-35,u035,2025-06-17,variable,hazard_cal,120,0.0021748046497532814,0,4.729775264588493e-06,0.0021771729717670963
s55-117-37,u037,2025-06-18,variable,empirical,30,0.0011737089201877549,0,1.3775926293283055e-06,0.0011743982559415578
s55-117-37,u037,2025-06-18,variable,empirical,60,0.0046948356807511304,0,2.2041482069253932e-05,0.004705891037412617
s55-117-37,u037,2025-06-18,variable,empirical,120,0.017018779342723,1,0.9662520801648703,4.073437877402787
s55-117-37,u037,2025-06-18,variable,hazard,30,0.00382112580277727,0,1.4601002400650235e-05,0.0038284449548606977
s55-117-37,u037,2025-06-18,variable,hazard,60,0.010017452071684585,0,0.00010034934600849778,0.010067964364119676
s55-117-37,u037,2025-06-18,variable,hazard,120,0.036418934622098,1,0.9284884695548127,3.3126664576613907
s55-117-37,u037,2025-06-18,variable,hazard_cal,30,0.0035082561086489106,0,1.2307860923872397e-05,0.003514424470131064
s55-117-37,u037,2025-06-18,variable,hazard_cal,60,0.00925680925588801,0,8.568851759989393e-05,0.009299919764772116
s55-117-37,u037,2025-06-18,variable,hazard_cal,120,0.034184239804508465,1,0.9328000826419952,3.3759905655553633
s55-117-14,u014,2025-06-18,regular,empirical,30,0.0011737089201877549,0,1.3775926293283055e-06,0.0011743982559415578
s55-117-14,u014,2025-06-18,regular,empirical,60,0.0046948356807511304,0,2.2041482069253932e-05,0.004705891037412617
s55-117-14,u014,2025-06-18,regular,empirical,120,0.017018779342723,0,0.0002896388503162951,0.017165263130094227
s55-117-14,u014,2025-06-18,regular,hazard,30,0.0007096018379469937,0,5.035347684177515e-07,0.0007098537244976911
s55-117-14,u014,2025-06-18,regular,hazard,60,0.0018655931268101167,0,3.4804377148011483e-06,0.001867335513060632
s55-117-14,u014,2025-06-18,regular,hazard,120,0.006866458846935597,0,4.7148257096660127e-05,0.006890141448149492
s55-117-14,u014,2025-06-18,regular,hazard_cal,30,0.0006293235057924784,0,3.960480749429356e-07,0.0006295216129499708
s55-117-14,u014,2025-06-18,regular,hazard_cal,60,0.0016649523717493508,0,2.7720664001937886e-06,0.0016663399453259408
s55-117-14,u014,2025-06-18,regular,hazard_cal,120,0.0062209705445520624,0,3.870047451618439e-05,0.00624040140961902
s55-117-29,u029,2025-06-18,regular,empirical,30,0.0011737089201877549,0,1.3775926293283055e-06,0.0011743982559415578
s55-117-29,u029,2025-06-18,regular,empirical,60,0.0046948356807511304,0,2.2041482069253932e-05,0.004705891037412617
s55-117-29,u029,2025-06-18,regular,empirical,120,0.017018779342723,0,0.0002896388503162951,0.017165263130094227
s55-117-29,u029,2025-06-18,regular,hazard,30,0.0017259743105547676,0,2.9789873206950053e-06,0.0017274655203219698
s55-117-29,u029,2025-06-18,regular,hazard,60,0.004533490897642212,0,2.0552539719004785e-05,0.004543798331738464
s55-117-29,u029,2025-06-18,regular,hazard,120,0.016618743500061983,0,0.0002761826355208524,0.016758384080247633
s55-117-29,u029,2025-06-18,regular,hazard_cal,30,0.0015588995881000711,0,2.4301679257785716e-06,0.0015601159363371592
s55-117-29,u029,2025-06-18,regular,hazard_cal,60,0.00412071124891944,0,1.6980261196971207e-05,0.0041292247754231275
s55-117-29,u029,2025-06-18,regular,hazard_cal,120,0.01533841974865191,0,0.00023526712038583492,0.015457270193778645
s55-117-49,u049,2025-06-18,regular,empirical,30,0.0011737089201877549,0,1.3775926293283055e-06,0.0011743982559415578
s55-117-49,u049,2025-06-18,regular,empirical,60,0.0046948356807511304,0,2.2041482069253932e-05,0.004705891037412617
s55-117-49,u049,2025-06-18,regular,empirical,120,0.017018779342723,0,0.0002896388503162951,0.017165263130094227
s55-117-49,u049,2025-06-18,regular,hazard,30,0.0019349822613783374,0,3.7441563518488242e-06,0.0019368567580230808
s55-117-49,u049,2025-06-18,regular,hazard,60,0.005081505146618648,0,2.5821694555111804e-05,0.005094459898957951
s55-117-49,u049,2025-06-18,regular,hazard,120,0.01861222737481205,0,0.0003464150078517031,0.018787614518288195
s55-117-49,u049,2025-06-18,regular,hazard_cal,30,0.0017517901076743447,0,3.0687685813456924e-06,0.0017533262862688048
s55-117-49,u049,2025-06-18,regular,hazard_cal,60,0.004629760629996094,0,2.1434683491061825e-05,0.0046405111661813585
s55-117-49,u049,2025-06-18,regular,hazard_cal,120,0.017219696271104534,0,0.0002965179396690914,0.017369679511825883
s55-117-1,u001,2025-06-18,variable,empirical,30,0.0011737089201877549,0,1.3775926293283055e-06,0.0011743982559415578
s55-117-1,u001,2025-06-18,variable,empirical,60,0.0046948356807511304,0,2.2041482069253932e-05,0.004705891037412617
s55-117-1,u001,2025-06-18,variable,empirical,120,0.017018779342723,0,0.0002896388503162951,0.017165263130094227
s55-117-1,u001,2025-06-18,variable,hazard,30,0.0005611090159983734,0,3.148433278346628e-07,0.0005612664965742267
s55-117-1,u001,2025-06-18,variable,hazard,60,0.0014753954428117222,0,2.176791712669598e-06,0.00147648491039692
s55-117-1,u001,2025-06-18,variable,hazard,120,0.005433509261992153,0,2.9523022900154512e-05,0.005448324463502062
s55-117-1,u001,2025-06-18,variable,hazard_cal,30,0.0004952412091460134,0,2.4526385523640543e-07,0.0004953638815769323
s55-117-1,u001,2025-06-18,variable,hazard_cal,60,0.001310383915740787,0,1.717106006632158e-06,0.0013112432195046876
s55-117-1,u001,2025-06-18,variable,hazard_cal,120,0.004898835761341647,0,2.399859181659979e-05,0.004910874390186246
s55-117-28,u028,2025-06-18,regular,empirical,30,0.0011737089201877549,0,1.3775926293283055e-06,0.0011743982559415578
s55-117-28,u028,2025-06-18,regular,empirical,60,0.0046948356807511304,0,2.2041482069253932e-05,0.004705891037412617
s55-117-28,u028,2025-06-18,regular,empirical,120,0.017018779342723,0,0.0002896388503162951,0.017165263130094227
s55-117-28,u028,2025-06-18,regular,hazard,30,0.0050989948893653825,0,2.599974888177429e-05,0.005112039124357542
s55-117-28,u028,2025-06-18,regular,hazard,60,0.013351888030589065,0,0.00017827291398138755,0.01344182594537296
s55-117-28,u028,2025-06-18,regular,hazard,120,0.04829789689580233,0,0.002332686844557552,0.04950321006683827
s55-117-28,u028,2025-06-18,regular,hazard_cal,30,0.004709545994309061,0,2.2179823472512522e-05,0.004720670848462916
s55-117-28,u028,2025-06-18,regular,hazard_cal,60,0.012412688295401209,0,0.00015407483071879017,0.012490369199355845
s55-117-28,u028,2025-06-18,regular,hazard_cal,120,0.04561589459245796,0,0.0020808098394702354,0.04668906235267821
s55-117-16,u016,2025-06-18,variable,empirical,30,0.0011737089201877549,0,1.3775926293283055e-06,0.0011743982559415578
s55-117-16,u016,2025-06-18,variable,empirical,60,0.0046948356807511304,0,2.2041482069253932e-05,0.004705891037412617
s55-117-16,u016,2025-06-18,variable,empirical,120,0.017018779342723,0,0.0002896388503162951,0.017165263130094227
s55-117-16,u016,2025-06-18,variable,hazard,30,0.00037819862267818305,0,1.4303419819567468e-07,0.00037827015781417606
s55-117-16,u016,2025-06-18,variable,hazard,60,0.0009946122274706592,0,9.892534830341464e-07,0.0009951071824315636
s55-117-16,u016,2025-06-18,variable,hazard,120,0.003665568411625797,0,1.3436391780308868e-05,0.0036723030701206255
s55-117-16,u016,2025-06-18,variable,hazard_cal,30,0.00033111629896442896,0,1.096380034399011e-07,0.0003311711300701315
s55-117-16,u016,2025-06-18,variable,hazard_cal,60,0.0008762506130396419,0,7.678151368523482e-07,0.000876634745021718
s55-117-16,u016,2025-06-18,variable,hazard_cal,120,0.0032780387651129006,0,1.074553814558291e-05,0.0032834233045584455
s55-117-45,u045,2025-06-18,regular,empirical,30,0.0011737089201877549,0,1.3775926293283055e-06,0.0011743982559415578
s55-117-45,u045,2025-06-18,regular,empirical,60,0.0046948356807511304,0,2.2041482069253932e-05,0.004705891037412617
s55-117-45,u045,2025-06-18,regular,empirical,120,0.017018779342723,0,0.0002896388503162951,0.017165263130094227
s55-117-45,u045,2025-06-18,regular,hazard,30,0.0018160340915900353,0,3.2979798218172445e-06,0.0018176850806386647
s55-117-45,u045,2025-06-18,regular,hazard,60,0.004769651381538731,0,2.2749574301414325e-05,0.00478106246775039
s55-117-45,u045,2025-06-18,regular,hazard,120,0.0174782185547272,0,0.0003054881238468101,0.017632766074511617
s55-117-45,u045,2025-06-18,regular,hazard_cal,30,0.001641958486095163,0,2.69602767005992e-06,0.0016433079773382285
s55-117-45,u045,2025-06-18,regular,hazard_cal,60,0.004339930858860086,0,1.8834999859686043e-05,0.004349375695320649
s55-117-45,u045,2025-06-18,regular,hazard_cal,120,0.016148946000555497,0,0.0002607884569288574,0.016280761273901777
s55-117-56,u056,2025-06-18,new,empirical,30,0.0011737089201877549,0,1.3775926293283055e-06,0.0011743982559415578
s55-117-56,u056,2025-06-18,new,empirical,60,0.0046948356807511304,0,2.2041482069253932e-05,0.004705891037412617
s55-117-56,u056,2025-06-18,new,empirical,120,0.017018779342723,0,0.0002896388503162951,0.017165263130094227
s55-117-56,u056,2025-06-18,new,hazard,30,0.001342554507872129,0,1.8024526066077746e-06,0.0013434565416188058
s55-117-56,u056,2025-06-18,new,hazard,60,0.0035276271484881994,0,1.2444153298750985e-05,0.0035338638967390627
s55-117-56,u056,2025-06-18,new,hazard,120,0.01295113940373449,0,0.00016773201185496417,0.013035736623727128
s55-117-56,u056,2025-06-18,new,hazard_cal,30,0.001206349794891759,0,1.455279827635389e-06,0.0012070780205277218
s55-117-56,u056,2025-06-18,new,hazard_cal,60,0.0031898412788724517,0,1.0175087384398638e-05,0.00319493966748523
s55-117-56,u056,2025-06-18,new,hazard_cal,120,0.011890553096702616,0,0.00014138525294550417,0.011961811151589044
s55-117-10,u010,2025-06-18,variable,empirical,30,0.0011737089201877549,0,1.3775926293283055e-06,0.0011743982559415578
s55-117-10,u010,2025-06-18,variable,empirical,60,0.0046948356807511304,0,2.2041482069253932e-05,0.004705891037412617
s55-117-10,u010,2025-06-18,variable,empirical,120,0.017018779342723,0,0.0002896388503162951,0.017165263130094227
s55-117-10,u010,2025-06-18,variable,hazard,30,0.0013470522615393055,0,1.8145497953181575e-06,0.0013479603520254687
s55-117-10,u010,2025-06-18,variable,hazard,60,0.0035394306518449214,0,1.2527569339219365e-05,0.003545709256015258
s55-117-10,u010,2025-06-18,variable,hazard,120,0.012994242441684123,0,0.00016885033663326495,0.013079406173252334
s55-117-10,u010,2025-06-18,variable,hazard_cal,30,0.001210474406528772,0,1.4652482888611828e-06,0.0012112076224256453
s55-117-10,u010,2025-06-18,variable,hazard_cal,60,0.0032007353905767477,0,1.0244707040490485e-05,0.003205868700601661
s55-117-10,u010,2025-06-18,variable,hazard_cal,120,0.011930961513028304,0,0.00014234784262536263,0.012002706664448897
s55-117-2,u002,2025-06-18,variable,empirical,30,0.0011737089201877549,0,1.3775926293283055e-06,0.0011743982559415578
s55-117-2,u002,2025-06-18,variable,empirical,60,0.0046948356807511304,0,2.2041482069253932e-05,0.004705891037412617
s55-117-2,u002,2025-06-18,variable,empirical,120,0.017018779342723,0,0.0002896388503162951,0.017165263130094227
s55-117-2,u002,2025-06-18,variable,hazard,30,0.0005830787312964825,0,3.399808068903156e-07,0.0005832487878073637
s55-117-2,u002,2025-06-18,variable,hazard,60,0.001533132405251214,0,2.350494972031373e-06,0.0015343088553268027
s55-117-2,u002,2025-06-18,variable,hazard,120,0.00564564730695305,0,3.1873333514506225e-05,0.005661644210706673
s55-117-2,u002,2025-06-18,variable,hazard_cal,30,0.0005150370680931937,0,2.652631815100331e-07,0.0005151697452416709
s55-117-2,u002,2025-06-18,variable,hazard_cal,60,0.001362737808040193,0,1.8570543334621901e-06,0.0013636671796294119
s55-117-2,u002,2025-06-18,variable,hazard_cal,120,0.00509414718320067,0,2.5950335524111323e-05,0.005107166584949601
s55-117-8,u008,2025-06-18,regular,empirical,30,0.0011737089201877549,0,1.3775926293283055e-06,0.0011743982559415578
s55-117-8,u008,2025-06-18,regular,empirical,60,0.0046948356807511304,0,2.2041482069253932e-05,0.004705891037412617
s55-117-8,u008,2025-06-18,regular,empirical,120,0.017018779342723,0,0.0002896388503162951,0.017165263130094227
s55-117-8,u008,2025-06-18,regular,hazard,30,0.004130422710993953,0,1.7060391771494636e-05,0.004138976468761754
s55-117-8,u008,2025-06-18,regular,hazard,60,0.010825239829268085,0,0.00011718581736117212,0.010884259055939071
s55-117-8,u008,2025-06-18,regular,hazard,120,0.039307749403317827,0,0.001545099163154033,0.0401011600123409
s55-117-8,u008,2025-06-18,regular,hazard_cal,30,0.0037983389091521547,0,1.442737846877918e-05,0.0038055709172734814
s55-117-8,u008,2025-06-18,regular,hazard_cal,60,0.010019523224969129,0,0.00010039084565569577,0.010070056477213409
s55-117-8,u008,2025-06-18,regular,hazard_cal,120,0.03695732815885022,0,0.0013658441046409437,0.03765755680420463
s55-117-33,u033,2025-06-18,regular,empirical,30,0.0011737089201877549,0,1.3775926293283055e-06,0.0011743982559415578
s55-117-33,u033,2025-06-18,regular,empirical,60,0.0046948356807511304,0,2.2041482069253932e-05,0.004705891037412617
s55-117-33,u033,2025-06-18,regular,empirical,120,0.017018779342723,0,0.0002896388503162951,0.017165263130094227
s55-117-33,u033,2025-06-18,regular,hazard,30,0.0016885351709764462,0,2.8511510236244566e-06,0.0016899623532795336
s55-117-33,u033,2025-06-18,regular,hazard,60,0.004435304143801444,0,1.967192284802226e-05,0.004445169285969787
s55-117-33,u033,2025-06-18,regular,hazard,120,0.016261224662586282,0,0.00026442742752710434,0.016394889391946076
s55-117-33,u033,2025-06-18,regular,hazard_cal,30,0.0015243969091737197,0,2.32378593669839e-06,0.0015255599842844126
s55-117-33,u033,2025-06-18,regular,hazard_cal,60,0.004029637467604208,0,1.6237978120319654e-05,0.004037778333850578
s55-117-33,u033,2025-06-18,regular,hazard_cal,120,0.015001528449511858,0,0.00022504585582151367,0.015115189536644848
s55-117-9,u009,2025-06-18,regular,empirical,30,0.0011737089201877549,0,1.3775926293283055e-06,0.0011743982559415578
s55-117-9,u009,2025-06-18,regular,empirical,60,0.0046948356807511304,0,2.2041482069253932e-05,0.004705891037412617
s55-117-9,u009,2025-06-18,regular,empirical,120,0.017018779342723,0,0.0002896388503162951,0.017165263130094227
s55-117-9,u009,2025-06-18,regular,hazard,30,0.006464803228238614,0,4.17936807798444e-05,0.006485790570217947
s55-117-9,u009,2025-06-18,regular,hazard,60,0.016907156160148262,0,0.00028585192942363934,0.017051713814012666
s55-117-9,u009,2025-06-18,regular,hazard,120,0.06083149168498725,0,0.003700470380620673,0.06276036079944892
s55-117-9,u009,2025-06-18,regular,hazard_cal,30,0.006000538084914964,0,3.6006457308514936e-05,0.0060186136586219754
s55-117-9,u009,2025-06-18,regular,hazard_cal,60,0.015796382631159234,0,0.0002495257042299891,0.01592247511620814
s55-117-9,u009,2025-06-18,regular,hazard_cal,120,0.057748754954206616,0,0.003334918698761003,0.05948332548177915
s55-117-21,u021,2025-06-18,regular,empirical,30,0.0011737089201877549,0,1.3775926293283055e-06,0.0011743982559415578
s55-117-21,u021,2025-06-18,regular,empirical,60,0.0046948356807511304,0,2.2041482069253932e-05,0.004705891037412617
s55-117-21,u021,2025-06-18,regular,empirical,120,0.017018779342723,0,0.0002896388503162951,0.017165263130094227
s55-117-21,u021,2025-06-18,regular,hazard,30,0.0013615628983467687,0,1.8538535261544532e-06,0.0013624906673493694
s55-117-21,u021,2025-06-18,regular,hazard,60,0.0035775104095873145,0,1.2798580730705594e-05,0.0035839250033730674
s55-117-21,u021,2025-06-18,regular,hazard,120,0.013133288385738684,0,0.0001724832638229786,0.013220292625093714
s55-117-21,u021,2025-06-18,regular,hazard_cal,30,0.0012237831458880022,0,1.4976451881595351e-06,0.0012245325799743467
s55-117-21,u021,2025-06-18,regular,hazard_cal,60,0.003235886470015159,0,1.0470961246827166e-05,0.003241133272400588
s55-117-21,u021,2025-06-18,regular,hazard_cal,120,0.012061334528177592,0,0.00014547579060060899,0.012134662643241156
s55-117-47,u047,2025-06-18,regular,empirical,30,0.0011737089201877549,0,1.3775926293283055e-06,0.0011743982559415578
s55-117-47,u047,2025-06-18,regular,empirical,60,0.0046948356807511304,0,2.2041482069253932e-05,0.004705891037412617
s55-117-47,u047,2025-06-18,regular,empirical,120,0.017018779342723,0,0.0002896388503162951,0.017165263130094227
s55-117-47,u047,2025-06-18,regular,hazard,30,0.0009609907906866777,0,9.23503299784606e-07,0.000961452838376004
s55-117-47,u047,2025-06-18,regular,hazard,60,0.002525931449012253,0,6.380329685109141e-06,0.0025291269961443706
s55-117-47,u047,2025-06-18,regular,hazard,120,0.009287613014949292,0,8.625975551545547e-05,0.009331011815898557
s55-117-47,u047,2025-06-18,regular,hazard_cal,30,0.0008575894690788788,0,7.354596974749932e-07,0.0008579574093037648
s55-117-47,u047,2025-06-18,regular,hazard_cal,60,0.002268378427107587,0,5.14554068856709e-06,0.0022709550947608835
s55-117-47,u047,2025-06-18,regular,hazard_cal,120,0.00846772691986375,0,7.170239918938523e-05,0.008503781798981034
s55-117-48,u048,2025-06-18,regular,empirical,30,0.0011737089201877549,0,1.3775926293283055e-06,0.0011743982559415578
s55-117-48,u048,2025-06-18,regular,empirical,60,0.0046948356807511304,0,2.2041482069253932e-05,0.004705891037412617
s55-117-48,u048,2025-06-18,regular,empirical,120,0.017018779342723,0,0.0002896388503162951,0.017165263130094227
s55-117-48,u048,2025-06-18,regular,hazard,30,0.0011642263747952963,0,1.3554230517689978e-06,0.001164904612787324
s55-117-48,u048,2025-06-18,regular,hazard,60,0.0030595603818955874,0,9.360909730465073e-06,0.003064250405477418
s55-117-48,u048,2025-06-18,regular,hazard,120,0.011240650159923371,0,0.0001263522160177853,0.011304303722402553
s55-117-48,u048,2025-06-18,regular,hazard_cal,30,0.0010430560840514191,0,1.0879659944766812e-06,0.0010436004456146721
s55-117-48,u048,2025-06-18,regular,hazard_cal,60,0.0027584756010403666,0,7.609187641535012e-06,0.002762287205954236
s55-117-48,u048,2025-06-18,regular,hazard_cal,120,0.010289436362765803,0,0.00010587250066340715,0.01034273856139653
s55-117-52,u052,2025-06-18,variable,empirical,30,0.0011737089201877549,0,1.3775926293283055e-06,0.0011743982559415578
s55-117-52,u052,2025-06-18,variable,empirical,60,0.0046948356807511304,0,2.2041482069253932e-05,0.004705891037412617
s55-117-52,u052,2025-06-18,variable,empirical,120,0.017018779342723,0,0.0002896388503162951,0.017165263130094227
s55-117-52,u052,2025-06-18,variable,hazard,30,0.001179847437792092,0,1.3920399764645645e-06,0.001180544005730159
s55-117-52,u052,2025-06-18,variable,hazard,60,0.0031005678736018005,0,9.613521138811591e-06,0.003105384593125211
s55-117-52,u052,2025-06-18,variable,hazard,120,0.011390603628075202,0,0.00012974585101191996,0.011455973428648845
s55-117-52,u052,2025-06-18,variable,hazard_cal,30,0.0010573406398702856,0,1.117969228721305e-06,0.0010579000188221412
s55-117-52,u052,2025-06-18,variable,hazard_cal,60,0.002796215681655223,0,7.818822138334584e-06,0.0028001323957465123
s55-117-52,u052,2025-06-18,variable,hazard_cal,120,0.010429603064616932,0,0.0001087766200854669,0.010484372523302468
s55-117-7,u007,2025-06-18,variable,empirical,30,0.0011737089201877549,0,1.3775926293283055e-06,0.0011743982559415578
s55-117-7,u007,2025-06-18,variable,empirical,60,0.0046948356807511304,0,2.2041482069253932e-05,0.004705891037412617
s55-117-7,u007,2025-06-18,variable,empirical,120,0.017018779342723,0,0.0002896388503162951,0.017165263130094227
s55-117-7,u007,2025-06-18,variable,hazard,30,0.0004827676334125952,0,2.3306458787079793e-07,0.0004828842032254621
s55-117-7,u007,2025-06-18,variable,hazard,60,0.0012694934289159132,0,1.6116135660606827e-06,0.001270299918326539
s55-117-7,u007,2025-06-18,variable,hazard,120,0.004676679104823833,0,2.187132744949585e-05,0.004687648983646521
s55-117-7,u007,2025-06-18,variable,hazard_cal,30,0.00042478561316150465,0,1.8044281714899547e-07,0.0004248758601280594
s55-117-7,u007,2025-06-18,variable,hazard_cal,60,0.0011240351938415216,0,1.263455116994347e-06,0.0011246673951887968
s55-117-7,u007,2025-06-18,variable,hazard_cal,120,0.004203386488817462,0,1.766845797437319e-05,0.004212245551897454
s55-117-13,u013,2025-06-18,variable,empirical,30,0.0011737089201877549,0,1.3775926293283055e-06,0.0011743982559415578
s55-117-13,u013,2025-06-18,variable,empirical,60,0.0046948356807511304,0,2.2041482069253932e-05,0.004705891037412617
s55-117-13,u013,2025-06-18,variable,empirical,120,0.017018779342723,0,0.0002896388503162951,0.017165263130094227
s55-117-13,u013,2025-06-18,variable,hazard,30,0.0007073154133732107,0,5.002950939953159e-07,0.0007075656789382946
s55-117-13,u013,2025-06-18,variable,hazard,60,0.0018595858450252134,0,3.458059515018137e-06,0.0018613170212962292
s55-117-13,u013,2025-06-18,variable,hazard,120,0.006844410716446703,0,4.6845958055410466e-05,0.006867941124790774
s55-117-13,u013,2025-06-18,variable,hazard_cal,30,0.000627254248582787,0,3.9344789236515675e-07,0.0006274510548316434
s55-117-13,u013,2025-06-18,variable,hazard_cal,60,0.001659481078019387,0,2.7538774483043867e-06,0.0016608595419778588
s55-117-13,u013,2025-06-18,variable,hazard_cal,120,0.006200579894078961,0,3.8447191022856265e-05,0.006219883325939539
s55-117-32,u032,2025-06-18,variable,empirical,30,0.0011737089201877549,0,1.3775926293283055e-06,0.0011743982559415578
s55-117-32,u032,2025-06-18,variable,empirical,60,0.0046948356807511304,0,2.2041482069253932e-05,0.004705891037412617
s55-117-32,u032,2025-06-18,variable,empirical,120,0.017018779342723,0,0.0002896388503162951,0.017165263130094227
s55-117-32,u032,2025-06-18,variable,hazard,30,0.0005581757914621122,0,3.1156021417435533e-07,0.000558331629561934
s55-117-32,u032,2025-06-18,variable,hazard,60,0.0014676866795690913,0,2.1541041893845446e-06,0.0014687647866751968
s55-117-32,u032,2025-06-18,variable,hazard,120,0.005405182800048092,0,2.9216001101935728e-05,0.005419843654195208
s55-117-32,u032,2025-06-18,variable,hazard_cal,30,0.0004925994115085874,0,2.4265418021860665e-07,0.0004927207784571916
s55-117-32,u032,2025-06-18,variable,hazard_cal,60,0.0013033970371462145,0,1.6988438364415305e-06,0.001304247197876047
s55-117-32,u032,2025-06-18,variable,hazard_cal,120,0.004872768120377846,0,2.3743869154970648e-05,0.0048846787625727184
s55-117-11,u011,2025-06-18,variable,empirical,30,0.0011737089201877549,0,1.3775926293283055e-06,0.0011743982559415578
s55-117-11,u011,2025-06-18,variable,empirical,60,0.0046948356807511304,0,2.2041482069253932e-05,0.004705891037412617
s55-117-11,u011,2025-06-18,variable,empirical,120,0.017018779342723,0,0.0002896388503162951,0.017165263130094227
s55-117-11,u011,2025-06-18,variable,hazard,30,0.001855871128943809,0,3.444257647247168e-06,0.001857595391437013
s55-117-11,u011,2025-06-18,variable,hazard,60,0.0048741021695107856,0,2.3756871958829746e-05,0.004886019344946916
s55-117-11,u011,2025-06-18,variable,hazard,120,0.017858157342685255,0,0.0003189137836761033,0.018019538433945867
s55-117-11,u011,2025-06-18,variable,hazard_cal,30,0.001678726188673485,0,2.818121616538205e-06,0.0016801368284213968
s55-117-11,u011,2025-06-18,variable,hazard_cal,60,0.004436962080725637,0,1.9686632505797176e-05,0.00444683461049525
s55-117-11,u011,2025-06-18,variable,hazard_cal,120,0.016507526286348884,0,0.00027249842409449935,0.016645293735785553
s55-117-20,u020,2025-06-18,regular,empirical,30,0.0011737089201877549,0,1.3775926293283055e-06,0.0011743982559415578
s55-117-20,u020,2025-06-18,regular,empirical,60,0.0046948356807511304,0,2.2041482069253932e-05,0.004705891037412617
s55-117-20,u020,2025-06-18,regular,empirical,120,0.017018779342723,0,0.0002896388503162951,0.017165263130094227
s55-117-20,u020,2025-06-18,regular,hazard,30,0.0008721494674962527,0,7.606446936539971e-07,0.0008725300111197806
s55-117-20,u020,2025-06-18,regular,hazard,60,0.002292601370933678,0,5.256021046006979e-06,0.002295233405029497
s55-117-20,u020,2025-06-18,regular,hazard,120,0.008432652668657226,0,7.110963103021183e-05,0.008468408637845638
s55-117-20,u020,2025-06-18,regular,hazard_cal,30,0.0007767601005352898,0,6.033562537835935e-07,0.0007770619349742693
s55-117-20,u020,2025-06-18,regular,hazard_cal,60,0.0020547334081012503,0,4.221929378367379e-06,0.0020568472689003903
s55-117-20,u020,2025-06-18,regular,hazard_cal,120,0.007672735052974833,0,5.887086319314871e-05,0.007702321923213878
s55-117-39,u039,2025-06-18,regular,empirical,30,0.0011737089201877549,0,1.3775926293283055e-06,0.0011743982559415578
s55-117-39,u039,2025-06-18,regular,empirical,60,0.0046948356807511304,0,2.2041482069253932e-05,0.004705891037412617
s55-117-39,u039,2025-06-18,regular,empirical,120,0.017018779342723,0,0.0002896388503162951,0.017165263130094227
s55-117-39,u039,2025-06-18,regular,hazard,30,0.003901363791098844,0,1.5220639430497146e-05,0.00390899396266293
s55-117-39,u039,2025-06-18,regular,hazard,60,0.010227052865150132,0,0.00010459261030657553,0.01027970848582698
s55-117-39,u039,2025-06-18,regular,hazard,120,0.037169191459299866,0,0.00138154879373809,0.0378775746854024
s55-117-39,u039,2025-06-18,regular,hazard_cal,30,0.0035834640257018657,0,1.2841214423499421e-05,0.003589900012932991
s55-117-39,u039,2025-06-18,regular,hazard_cal,60,0.009454592668582507,0,8.938932252881409e-05,0.009499571055900111
s55-117-39,u039,2025-06-18,regular,hazard_cal,120,0.03490397511523058,0,0.0012182874788446356,0.03552767494109838
s55-117-4,u004,2025-06-18,variable,empirical,30,0.0011737089201877549,0,1.3775926293283055e-06,0.0011743982559415578
s55-117-4,u004,2025-06-18,variable,empirical,60,0.0046948356807511304,0,2.2041482069253932e-05,0.004705891037412617
s55-117-4,u004,2025-06-18,variable,empirical,120,0.017018779342723,0,0.0002896388503162951,0.017165263130094227
s55-117-4,u004,2025-06-18,variable,hazard,30,0.001333951019379498,0,1.7794253221036015e-06,0.001334841524055058
s55-117-4,u004,2025-06-18,variable,hazard,60,0.0035050486502614664,0,1.2285366040699728e-05,0.003511205724722371
s55-117-4,u004,2025-06-18,variable,hazard,120,0.012868684855684487,0,0.00016560304991492325,0.012952203672569801
s55-117-4,u004,2025-06-18,variable,hazard_cal,30,0.001198460862641526,0,1.4363084392834707e-06,0.001199179591163892
s55-117-4,u004,2025-06-18,variable,hazard_cal,60,0.0031690044405557893,0,1.004258914426231e-05,0.003174036368741941
s55-117-4,u004,2025-06-18,variable,hazard_cal,120,0.011813261342366266,0,0.00013955314354304523,0.011883592355296808
s55-117-50,u050,2025-06-18,regular,empirical,30,0.0011737089201877549,0,1.3775926293283055e-06,0.0011743982559415578
s55-117-50,u050,2025-06-18,regular,empirical,60,0.0046948356807511304,0,2.2041482069253932e-05,0.004705891037412617
s55-117-50,u050,2025-06-18,regular,empirical,120,0.017018779342723,0,0.0002896388503162951,0.017165263130094227
s55-117-50,u050,2025-06-18,regular,hazard,30,0.0029230709547015676,0,8.544343806219933e-06,0.0029273514701399837
s55-117-50,u050,2025-06-18,regular,hazard,60,0.007669413392270452,0,5.881990178153736e-05,0.007698974584828291
s55-117-50,u050,2025-06-18,regular,hazard,120,0.027981508873294314,0,0.0007829648388262484,0.028380450909740944
s55-117-50,u050,2025-06-18,regular,hazard_cal,30,0.0026689228266791876,0,7.123149054769224e-06,0.002672490750963566
s55-117-50,u050,2025-06-18,regular,hazard_cal,60,0.007047638689107294,0,4.9669211092201975e-05,0.007072590598460172
s55-117-50,u050,2025-06-18,regular,hazard_cal,120,0.02611494277799331,0,0.000681990236297865,0.026461993369157197
s55-117-15,u015,2025-06-18,regular,empirical,30,0.0011737089201877549,0,1.3775926293283055e-06,0.0011743982559415578
s55-117-15,u015,2025-06-18,regular,empirical,60,0.0046948356807511304,0,2.2041482069253932e-05,0.004705891037412617
s55-117-15,u015,2025-06-18,regular,empirical,120,0.017018779342723,0,0.0002896388503162951,0.017165263130094227
s55-117-15,u015,2025-06-18,regular,hazard,30,0.0027536745739925594,0,7.582723659453104e-06,0.0027574729103462302
s55-117-15,u015,2025-06-18,regular,hazard,60,0.007226079121816942,0,5.22162194747587e-05,0.0072523136899964764
s55-117-15,u015,2025-06-18,regular,hazard,120,0.02638167408756953,0,0.0006959927276627376,0.02673591465068506
s55-117-15,u015,2025-06-18,regular,hazard_cal,30,0.0025111602803169486,0,6.305925953441496e-06,0.002514318531651786
s55-117-15,u015,2025-06-18,regular,hazard_cal,60,0.006632014995366919,0,4.398362289877168e-05,0.006654104526385215
s55-117-15,u015,2025-06-18,regular,hazard_cal,120,0.024590627992119085,0,0.0006046989850467907,0.024898027378466633
s55-117-55,u055,2025-06-18,new,empirical,30,0.0011737089201877549,0,1.3775926293283055e-06,0.0011743982559415578
s55-117-55,u055,2025-06-18,new,empirical,60,0.0046948356807511304,0,2.2041482069253932e-05,0.004705891037412617
s55-117-55,u055,2025-06-18,new,empirical,120,0.017018779342723,0,0.0002896388503162951,0.017165263130094227
s55-117-55,u055,2025-06-18,new,hazard,30,0.0010425355436021189,0,1.0868803596737655e-06,0.0010430793617813316
s55-117-55,u055,2025-06-18,new,hazard,60,0.002740064649264129,0,7.507954282146954e-06,0.0027438254979552145
s55-117-55,u055,2025-06-18,new,hazard,120,0.010071701604645211,0,0.00010143917321301292,0.010122764339658911
s55-117-55,u055,2025-06-18,new,hazard_cal,30,0.0009319163023988608,0,8.68467994676765e-07,0.0009323508063647265
s55-117-55,u055,2025-06-18,new,hazard_cal,60,0.0024648079653372124,0,6.075278305989769e-06,0.002467850605200478
s55-117-55,u055,2025-06-18,new,hazard_cal,120,0.009198194725941522,0,8.460678621633843e-05,0.009240759331795457
s55-117-57,u057,2025-06-18,new,empirical,30,0.0011737089201877549,0,1.3775926293283055e-06,0.0011743982559415578
s55-117-57,u057,2025-06-18,new,empirical,60,0.0046948356807511304,0,2.2041482069253932e-05,0.004705891037412617
s55-117-57,u057,2025-06-18,new,empirical,120,0.017018779342723,0,0.0002896388503162951,0.017165263130094227
s55-117-57,u057,2025-06-18,new,hazard,30,0.0012375896863197067,0,1.5316282316849099e-06,0.001238356132865036
s55-117-57,u057,2025-06-18,new,hazard,60,0.00325213923472345,0,1.0576409602027628e-05,0.0032574389328814055
s55-117-57,u057,2025-06-18,new,hazard,120,0.011944698132066445,0,0.0001426758134661916,0.012016609250189929
s55-117-57,u057,2025-06-18,new,hazard_cal,30,0.0011101760296234886,0,1.232490816750573e-06,0.0011107927315058804
s55-117-57,u057,2025-06-18,new,hazard_cal,60,0.0029357991522500626,0,8.618916662352186e-06,0.0029401170636658047
s55-117-57,u057,2025-06-18,new,hazard_cal,120,0.01094787394484531,0,0.00011985594391222281,0.011008242929162313
s55-117-19,u019,2025-06-18,regular,empirical,30,0.0011737089201877549,0,1.3775926293283055e-06,0.0011743982559415578
s55-117-19,u019,2025-06-18,regular,empirical,60,0.0046948356807511304,0,2.2041482069253932e-05,0.004705891037412617
s55-117-19,u019,2025-06-18,regular,empirical,120,0.017018779342723,0,0.0002896388503162951,0.017165263130094227
s55-117-19,u019,2025-06-18,regular,hazard,30,0.00523081624252153,0,2.7361438563027058e-05,0.005244544857304179
s55-117-19,u019,2025-06-18,regular,hazard,60,0.013695414418637752,0,0.00018756437609823086,0.01379006175654746
s55-117-19,u019,2025-06-18,regular,hazard,120,0.04951488150454586,0,0.002451723490409218,0.05078277367758084
s55-117-19,u019,2025-06-18,regular,hazard_cal,30,0.0048338574853826755,0,2.3366178188990123e-05,0.004845578361093494
s55-117-19,u019,2025-06-18,regular,hazard_cal,60,0.012738862264418449,0,0.00016227861179182433,0.01282069730334339
s55-117-19,u019,2025-06-18,regular,hazard_cal,120,0.04679102385055489,0,0.0021893999129831967,0.047921116943469205
s55-118-29,u029,2025-06-19,regular,empirical,30,0.0011737089201877549,0,1.3775926293283055e-06,0.0011743982559415578
s55-118-29,u029,2025-06-19,regular,empirical,60,0.0046948356807511304,0,2.2041482069253932e-05,0.004705891037412617
s55-118-29,u029,2025-06-19,regular,empirical,120,0.017018779342723,0,0.0002896388503162951,0.017165263130094227
s55-118-29,u029,2025-06-19,regular,hazard,30,0.0013942649486249348,0,1.943974746964092e-06,0.0013952378404161814
s55-118-29,u029,2025-06-19,regular,hazard,60,0.0036633255498893513,0,1.3419954084472119e-05,0.0036700519593079583
s55-118-29,u029,2025-06-19,regular,hazard,120,0.013446578424905375,0,0.00018081047133713073,0.013537802349991804
s55-118-29,u029,2025-06-19,regular,hazard_cal,30,0.0012537872099557257,0,1.571982367848563e-06,0.0012545738587351814
s55-118-29,u029,2025-06-19,regular,hazard_cal,60,0.0033151301073137684,0,1.0990087628418198e-05,0.0033206373259272474
s55-118-29,u029,2025-06-19,regular,hazard_cal,120,0.012355191853049008,0,0.00015265076572564858,0.012432151796154887
s55-118-14,u014,2025-06-19,regular,empirical,30,0.0011737089201877549,0,1.3775926293283055e-06,0.0011743982559415578
s55-118-14,u014,2025-06-19,regular,empirical,60,0.0046948356807511304,0,2.2041482069253932e-05,0.004705891037412617
s55-118-14,u014,2025-06-19,regular,empirical,120,0.017018779342723,0,0.0002896388503162951,0.017165263130094227
s55-118-14,u014,2025-06-19,regular,hazard,30,0.000477186024968268,0,2.277065024250165e-07,0.0004772999144519016
s55-118-14,u014,2025-06-19,regular,hazard,60,0.0012548223492266919,0,1.5745791281187939e-06,0.0012556102980168925
s55-118-14,u014,2025-06-19,regular,hazard,120,0.004622734899138559,0,2.136967794771358e-05,0.004633452781487383
s55-118-14,u014,2025-06-19,regular,hazard_cal,30,0.0004197743780051111,0,1.762105284295779e-07,0.00041986250793331266
s55-118-14,u014,2025-06-19,regular,hazard_cal,60,0.0011107800006637802,0,1.2338322098746276e-06,0.0011113973739883558
s55-118-14,u014,2025-06-19,regular,hazard_cal,120,0.004153903128037095,0,1.7254911197116364e-05,0.004162554550060051
s55-118-5,u005,2025-06-19,variable,empirical,30,0.0011737089201877549,0,1.3775926293283055e-06,0.0011743982559415578
s55-118-5,u005,2025-06-19,variable,empirical,60,0.0046948356807511304,0,2.2041482069253932e-05,0.004705891037412617
s55-118-5,u005,2025-06-19,variable,empirical,120,0.017018779342723,0,0.0002896388503162951,0.017165263130094227
s55-118-5,u005,2025-06-19,variable,hazard,30,0.0002289465249771805,0,5.2416511299126726e-08,0.00022897273723370977
s55-118-5,u005,2025-06-19,variable,hazard,60,0.0006021812045475805,0,3.62622203110375e-07,0.000602362588470117
s55-118-5,u005,2025-06-19,variable,hazard,120,0.00222061016230668,0,4.9311094929396994e-06,0.0022230793731668795
s55-118-5,u005,2025-06-19,variable,hazard_cal,30,0.00019839609842686734,0,3.9361011871003236e-08,0.00019841578153621396
s55-118-5,u005,2025-06-19,variable,hazard_cal,60,0.0005250906331272231,0,2.7572017299794804e-07,0.0005252285414920956
s55-118-5,u005,2025-06-19,variable,hazard_cal,120,0.0019654217894921056,0,3.862882810610351e-06,0.0019673557653651003
s55-118-55,u055,2025-06-19,new,empirical,30,0.0011737089201877549,0,1.3775926293283055e-06,0.0011743982559415578
s55-118-55,u055,2025-06-19,new,empirical,60,0.0046948356807511304,0,2.2041482069253932e-05,0.004705891037412617
s55-118-55,u055,2025-06-19,new,empirical,120,0.017018779342723,0,0.0002896388503162951,0.017165263130094227
s55-118-55,u055,2025-06-19,new,hazard,30,0.0006634662306909123,0,4.401874392672068e-07,0.0006636864218088466
s55-118-55,u055,2025-06-19,new,hazard,60,0.0017443729838739763,0,3.0428371068693997e-06,0.0017458961740263082
s55-118-55,u055,2025-06-19,new,hazard,120,0.006421474981207598,0,4.1235340934275116e-05,0.00644218134286196
s55-118-55,u055,2025-06-19,new,hazard_cal,30,0.0005875970337344549,0,3.4527027405353016e-07,0.0005877697365278949
s55-118-55,u055,2025-06-19,new,hazard_cal,60,0.0015546199443939868,0,2.4168431715075624e-06,0.0015558296198660408
s55-118-55,u055,2025-06-19,new,hazard_cal,120,0.00580971223607496,0,3.375275626599911e-05,0.00582665426495064
s55-118-43,u043,2025-06-19,regular,empirical,30,0.0011737089201877549,0,1.3775926293283055e-06,0.0011743982559415578
s55-118-43,u043,2025-06-19,regular,empirical,60,0.0046948356807511304,0,2.2041482069253932e-05,0.004705891037412617
s55-118-43,u043,2025-06-19,regular,empirical,120,0.017018779342723,0,0.0002896388503162951,0.017165263130094227
s55-118-43,u043,2025-06-19,regular,hazard,30,0.002759659761355282,0,7.615721998443492e-06,0.0027634746424869123
s55-118-43,u043,2025-06-19,regular,hazard,60,0.007241745548421941,0,5.244287858808899e-05,0.007268094271948237
s55-118-43,u043,2025-06-19,regular,hazard,120,0.02643824530509853,0,0.0006989808148125644,0.02679402043977805
s55-118-43,u043,2025-06-19,regular,hazard_cal,30,0.002516731051498633,0,6.333935185577414e-06,0.002519903342745128
s55-118-43,u043,2025-06-19,regular,hazard_cal,60,0.0066466932020787794,0,4.417853052256026e-05,0.00666888083826418
s55-118-43,u043,2025-06-19,regular,hazard_cal,120,0.02464449432389093,0,0.0006073511004802923,0.024953253236181982
s55-118-3,u003,2025-06-19,regular,empirical,30,0.0011737089201877549,0,1.3775926293283055e-06,0.0011743982559415578
s55-118-3,u003,2025-06-19,regular,empirical,60,0.0046948356807511304,0,2.2041482069253932e-05,0.004705891037412617
s55-118-3,u003,2025-06-19,regular,empirical,120,0.017018779342723,0,0.0002896388503162951,0.017165263130094227
s55-118-3,u003,2025-06-19,regular,hazard,30,0.006693482333428147,0,4.480270574791471e-05,0.006715984152864736
s55-118-3,u003,2025-06-19,regular,hazard,60,0.017501548552392943,0,0.0003063042017317675,0.01765651137471394
s55-118-3,u003,2025-06-19,regular,hazard,120,0.06291372179037491,0,0.003958136389516695,0.06497992178357112
s55-118-3,u003,2025-06-19,regular,hazard_cal,30,0.006217288722852876,0,3.865467906331355e-05,0.006236696546898294
s55-118-3,u003,2025-06-19,regular,hazard_cal,60,0.016363691412721648,0,0.0002677703966507802,0.016499055344910783
s55-118-3,u003,2025-06-19,regular,hazard_cal,120,0.0597704609943277,0,0.0035725080074744493,0.06163124309615191
s55-118-38,u038,2025-06-19,variable,empirical,30,0.0011737089201877549,0,1.3775926293283055e-06,0.0011743982559415578
s55-118-38,u038,2025-06-19,variable,empirical,60,0.0046948356807511304,0,2.2041482069253932e-05,0.004705891037412617
s55-118-38,u038,2025-06-19,variable,empirical,120,0.017018779342723,0,0.0002896388503162951,0.017165263130094227
s55-118-38,u038,2025-06-19,variable,hazard,30,0.0011521877544409254,0,1.327536621483622e-06,0.0011528520330498083
s55-118-38,u038,2025-06-19,variable,hazard,60,0.0030279565068662695,0,9.168520607473781e-06,0.0030325500421970286
s55-118-38,u038,2025-06-19,variable,hazard,120,0.01112507050729905,0,0.00012376719379237516,0.011187416941096448
s55-118-38,u038,2025-06-19,variable,hazard_cal,30,0.0010320501558793715,0,1.065127524250635e-06,0.0010325830863470312
s55-118-38,u038,2025-06-19,variable,hazard_cal,60,0.0027293970385721122,0,7.449608194166216e-06,0.002733128634219906
s55-118-38,u038,2025-06-19,variable,hazard_cal,120,0.010181427377527141,0,0.0001036614634438592,0.010233612624963053
s55-118-39,u039,2025-06-19,regular,empirical,30,0.0011737089201877549,0,1.3775926293283055e-06,0.0011743982559415578
s55-118-39,u039,2025-06-19,regular,empirical,60,0.0046948356807511304,0,2.2041482069253932e-05,0.004705891037412617
s55-118-39,u039,2025-06-19,regular,empirical,120,0.017018779342723,0,0.0002896388503162951,0.017165263130094227
s55-118-39,u039,2025-06-19,regular,hazard,30,0.0017032371379970268,0,2.9010167482523028e-06,0.0017046892955178195
s55-118-39,u039,2025-06-19,regular,hazard,60,0.0044738618800361785,0,2.001544012164085e-05,0.004483899549382787
s55-118-39,u039,2025-06-19,regular,hazard,120,0.01640163425741059,0,0.0002690136063138647,0.016537630147590663
s55-118-39,u039,2025-06-19,regular,hazard_cal,30,0.0015379438921486743,0,2.3652714153974132e-06,0.0015391277418082988
s55-118-39,u039,2025-06-19,regular,hazard_cal,60,0.00406539697856112,0,1.6527452593293883e-05,0.004073683170255071
s55-118-39,u039,2025-06-19,regular,hazard_cal,120,0.015133817898164148,0,0.00022903244417479352,0.01524950277345113
s55-118-13,u013,2025-06-19,variable,empirical,30,0.0011737089201877549,0,1.3775926293283055e-06,0.0011743982559415578
s55-118-13,u013,2025-06-19,variable,empirical,60,0.0046948356807511304,0,2.2041482069253932e-05,0.004705891037412617
s55-118-13,u013,2025-06-19,variable,empirical,120,0.017018779342723,0,0.0002896388503162951,0.017165263130094227
s55-118-13,u013,2025-06-19,variable,hazard,30,0.0007105369961042385,0,5.048628228328346e-07,0.000710789547153984
s55-118-13,u013,2025-06-19,variable,hazard,60,0.001868050125421905,0,3.4896112710887952e-06,0.001869797107029277
s55-118-13,u013,2025-06-19,variable,hazard,120,0.006875476491552512,0,4.7272176985891245e-05,0.00689922148138124
s55-118-13,u013,2025-06-19,variable,hazard_cal,30,0.0006301698810061707,0,3.971140789273313e-07,0.000630368521501523
s55-118-13,u013,2025-06-19,variable,hazard_cal,60,0.0016671902544413975,0,2.7795233445043715e-06,0.0016685815627124109
s55-118-13,u013,2025-06-19,variable,hazard_cal,120,0.006229310681590716,0,3.880431156778019e-05,0.006248793790408214
s55-118-52,u052,2025-06-19,variable,empirical,30,0.0011737089201877549,0,1.3775926293283055e-06,0.0011743982559415578
s55-118-52,u052,2025-06-19,variable,empirical,60,0.0046948356807511304,0,2.2041482069253932e-05,0.004705891037412617
s55-118-52,u052,2025-06-19,variable,empirical,120,0.017018779342723,0,0.0002896388503162951,0.017165263130094227
s55-118-52,u052,2025-06-19,variable,hazard,30,0.0009754531187505799,0,9.515087868802331e-07,0.0009759291827546103
s55-118-52,u052,2025-06-19,variable,hazard,60,0.0025639112651594242,0,6.5736409756113995e-06,0.0025672037145500087
s55-118-52,u052,2025-06-19,variable,hazard,120,0.009426720265843902,0,8.886305497047212e-05,0.009471433011549292
s55-118-52,u052,2025-06-19,variable,hazard_cal,30,0.0008707624993333773,0,7.5822733024531e-07,0.0008711418332209691
s55-118-52,u052,2025-06-19,variable,hazard_cal,60,0.002303193832581929,0,5.304701830443435e-06,0.0023058502631306166
s55-118-52,u052,2025-06-19,variable,hazard_cal,120,0.00859722829114462,0,7.391233429005746e-05,0.008634397647246267
s55-118-33,u033,2025-06-19,regular,empirical,30,0.0011737089201877549,0,1.3775926293283055e-06,0.0011743982559415578
s55-118-33,u033,2025-06-19,regular,empirical,60,0.0046948356807511304,0,2.2041482069253932e-05,0.004705891037412617
s55-118-33,u033,2025-06-19,regular,empirical,120,0.017018779342723,0,0.0002896388503162951,0.017165263130094227
s55-118-33,u033,2025-06-19,regular,hazard,30,0.0019219199386412145,0,3.6937762505466494e-06,0.001923769196563478
s55-118-33,u033,2025-06-19,regular,hazard,60,0.005047262168566435,0,2.5474855398241955e-05,0.005060042618590124
s55-118-33,u033,2025-06-19,regular,hazard,120,0.018487760364132577,0,0.0003417972832815915,0.01866079500627146
s55-118-33,u033,2025-06-19,regular,hazard_cal,30,0.0017397219332838665,0,3.026632405148954e-06,0.0017412370069460187
s55-118-33,u033,2025-06-19,regular,hazard_cal,60,0.004597917347935021,0,2.1140843938441816e-05,0.004608520283335003
s55-118-33,u033,2025-06-19,regular,hazard_cal,120,0.01710210111853261,0,0.0002924818626685143,0.017250031084574614
s55-118-28,u028,2025-06-19,regular,empirical,30,0.0011737089201877549,0,1.3775926293283055e-06,0.0011743982559415578
s55-118-28,u028,2025-06-19,regular,empirical,60,0.0046948356807511304,0,2.2041482069253932e-05,0.004705891037412617
s55-118-28,u028,2025-06-19,regular,empirical,120,0.017018779342723,0,0.0002896388503162951,0.017165263130094227
s55-118-28,u028,2025-06-19,regular,hazard,30,0.004614424548882501,0,2.129291391732947e-05,0.004625103871123151
s55-118-28,u028,2025-06-19,regular,hazard,60,0.01208838359174158,0,0.00014612901786108706,0.012162042312453682
s55-118-28,u028,2025-06-19,regular,hazard,120,0.043810816887381865,0,0.001919387676339704,0.04479949522327005
s55-118-28,u028,2025-06-19,regular,hazard_cal,30,0.00425317391771729,0,1.808948837435064e-05,0.004262244389904585
s55-118-28,u028,2025-06-19,regular,hazard_cal,60,0.011214593348694013,0,0.000125767103976572,0.011277951033144488
s55-118-28,u028,2025-06-19,regular,hazard_cal,120,0.04128919098159656,0,0.0017047972919147544,0.04216580430080304
s55-118-45,u045,2025-06-19,regular,empirical,30,0.0011737089201877549,0,1.3775926293283055e-06,0.0011743982559415578
s55-118-45,u045,2025-06-19,regular,empirical,60,0.0046948356807511304,0,2.2041482069253932e-05,0.004705891037412617
s55-118-45,u045,2025-06-19,regular,empirical,120,0.017018779342723,0,0.0002896388503162951,0.017165263130094227
s55-118-45,u045,2025-06-19,regular,hazard,30,0.0009937420073828918,0,9.875231772373793e-07,0.0009942360963299264
s55-118-45,u045,2025-06-19,regular,hazard,60,0.0026119386508643982,0,6.822223515879333e-06,0.002615355714025483
s55-118-45,u045,2025-06-19,regular,hazard,120,0.009602605476481285,0,9.221003193694837e-05,0.009649007786769498
s55-118-45,u045,2025-06-19,regular,hazard_cal,30,0.0008874267074284736,0,7.875261610573417e-07,0.0008878207036214112
s55-118-45,u045,2025-06-19,regular,hazard_cal,60,0.0023472349616857624,0,5.509511965359962e-06,0.0023499940359777696
s55-118-45,u045,2025-06-19,regular,hazard_cal,120,0.0087610261990958,0,7.675558006124301e-05,0.008799629624929382
s55-118-50,u050,2025-06-19,regular,empirical,30,0.0011737089201877549,0,1.3775926293283055e-06,0.0011743982559415578
s55-118-50,u050,2025-06-19,regular,empirical,60,0.0046948356807511304,0,2.2041482069253932e-05,0.004705891037412617
s55-118-50,u050,2025-06-19,regular,empirical,120,0.017018779342723,0,0.0002896388503162951,0.017165263130094227
s55-118-50,u050,2025-06-19,regular,hazard,30,0.0023893094834022133,0,5.7087998074757514e-06,0.002392168438165661
s55-118-50,u050,2025-06-19,regular,hazard,60,0.006272017740598934,0,3.933820653838776e-05,0.0062917694760028986
s55-118-50,u050,2025-06-19,regular,hazard,120,0.022931501454514835,0,0.000525853758958416,0.02319851829621902
s55-118-50,u050,2025-06-19,regular,hazard_cal,30,0.002172518856506822,0,4.7198381818777095e-06,0.002174882199155826
s55-118-50,u050,2025-06-19,regular,hazard_cal,60,0.0057394571436070185,0,3.2941368303301636e-05,0.005755991122150918
s55-118-50,u050,2025-06-19,regular,hazard_cal,120,0.021310491754154004,0,0.0004541370588038658,0.021540838699939904
s55-118-49,u049,2025-06-19,regular,empirical,30,0.0011737089201877549,0,1.3775926293283055e-06,0.0011743982559415578
s55-118-49,u049,2025-06-19,regular,empirical,60,0.0046948356807511304,0,2.2041482069253932e-05,0.004705891037412617
s55-118-49,u049,2025-06-19,regular,empirical,120,0.017018779342723,0,0.0002896388503162951,0.017165263130094227
s55-118-49,u049,2025-06-19,regular,hazard,30,0.0016711463858604114,0,2.792730242974315e-06,0.001672544308621362
s55-118-49,u049,2025-06-19,regular,hazard,60,0.004389698553127541,0,1.9269453387330027e-05,0.004399361568673569
s55-118-49,u049,2025-06-19,regular,hazard,120,0.016095128837756767,0,0.0002590531723039895,0.0162260622514021
s55-118-49,u049,2025-06-19,regular,hazard_cal,30,0.0015083773317255966,0,2.2752021748636304e-06,0.0015095160780631903
s55-118-49,u049,2025-06-19,regular,hazard_cal,60,0.003987349974322929,0,1.5898959817733064e-05,0.0039953206492006205
s55-118-49,u049,2025-06-19,regular,hazard_cal,120,0.014845070339477129,0,0.0002203761133840236,0.014956361183210577
s55-119-32,u032,2025-06-20,variable,empirical,30,0.0011737089201877549,0,1.3775926293283055e-06,0.0011743982559415578
s55-119-32,u032,2025-06-20,variable,empirical,60,0.0046948356807511304,0,2.2041482069253932e-05,0.004705891037412617
s55-119-32,u032,2025-06-20,variable,empirical,120,0.017018779342723,0,0.0002896388503162951,0.017165263130094227
s55-119-32,u032,2025-06-20,variable,hazard,30,0.000998857167313294,0,9.977156406931378e-07,0.000999356357574505
s55-119-32,u032,2025-06-20,variable,hazard,60,0.0026253709868497843,0,6.892572818592611e-06,0.002628823317014538
s55-119-32,u032,2025-06-20,variable,hazard,120,0.009651792611020782,0,9.315710060615537e-05,0.009698673058778296
s55-119-32,u032,2025-06-20,variable,hazard_cal,30,0.0008920886006873463,0,7.958220714763076e-07,0.0008924867485294634
s55-119-32,u032,2025-06-20,variable,hazard_cal,60,0.0023595554383387674,0,5.567501866594052e-06,0.002362343575979093
s55-119-32,u032,2025-06-20,variable,hazard_cal,120,0.008806844558167493,0,7.756051107172438e-05,0.008845854016073964
s55-119-35,u035,2025-06-20,variable,empirical,30,0.0011737089201877549,0,1.3775926293283055e-06,0.0011743982559415578
s55-119-35,u035,2025-06-20,variable,empirical,60,0.0046948356807511304,0,2.2041482069253932e-05,0.004705891037412617
s55-119-35,u035,2025-06-20,variable,empirical,120,0.017018779342723,0,0.0002896388503162951,0.017165263130094227
s55-119-35,u035,2025-06-20,variable,hazard,30,0.00027807849881611446,0,7.732765150382377e-08,0.0002781171698110807
s55-119-35,u035,2025-06-20,variable,hazard,60,0.0007313765528313976,0,5.349116620315381e-07,0.0007316441391412703
s55-119-35,u035,2025-06-20,variable,hazard,120,0.0026965057723022934,0,7.271143380059588e-06,0.0027001478927983135
s55-119-35,u035,2025-06-20,variable,hazard_cal,30,0.0002419325301911135,0,5.853134916467404e-08,0.00024196180058676494
s55-119-35,u035,2025-06-20,variable,hazard_cal,60,0.0006402917483060433,0,4.099735229488095e-07,0.0006404968226104467
s55-119-35,u035,2025-06-20,variable,hazard_cal,120,0.00239619446250261,0,5.741747902128171e-06,0.002399069930826265
s55-119-43,u043,2025-06-20,regular,empirical,30,0.0011737089201877549,0,1.3775926293283055e-06,0.0011743982559415578
s55-119-43,u043,2025-06-20,regular,empirical,60,0.0046948356807511304,0,2.2041482069253932e-05,0.004705891037412617
s55-119-43,u043,2025-06-20,regular,empirical,120,0.017018779342723,0,0.0002896388503162951,0.017165263130094227
s55-119-43,u043,2025-06-20,regular,hazard,30,0.00399608749257252,0,1.5968715248294528e-05,0.004004093184945541
s55-119-43,u043,2025-06-20,regular,hazard,60,0.010474454113091114,0,0.00010971418896725135,0.010529697307726916
s55-119-43,u043,2025-06-20,regular,hazard,120,0.038054138732605325,0,0.0014481174746803728,0.03879710716887597
s55-119-43,u043,2025-06-20,regular,hazard_cal,30,0.003672291062328026,0,1.34857216464543e-05,0.0036790504765830978
s55-119-43,u043,2025-06-20,regular,hazard_cal,60,0.009688156386053581,0,9.38603741606308e-05,0.009735391904113185
s55-119-43,u043,2025-06-20,regular,hazard_cal,120,0.03575334607363034,0,0.0012783017554607783,0.03640815203062748
s55-119-15,u015,2025-06-20,regular,empirical,30,0.0011737089201877549,0,1.3775926293283055e-06,0.0011743982559415578
s55-119-15,u015,2025-06-20,regular,empirical,60,0.0046948356807511304,0,2.2041482069253932e-05,0.004705891037412617
s55-119-15,u015,2025-06-20,regular,empirical,120,0.017018779342723,0,0.0002896388503162951,0.017165263130094227
s55-119-15,u015,2025-06-20,regular,hazard,30,0.004864524207805587,0,2.3663595768326576e-05,0.004876394516939689
s55-119-15,u015,2025-06-20,regular,hazard,60,0.01274065215409681,0,0.00016232421731169169,0.012822510290031987
s55-119-15,u015,2025-06-20,regular,hazard,120,0.04612937021539709,0,0.0021279187964691644,0.04722722492171291
s55-119-15,u015,2025-06-20,regular,hazard_cal,30,0.0044886006422788505,0,2.014753572586611e-05,0.0044987046567356226
s55-119-15,u015,2025-06-20,regular,hazard_cal,60,0.011832776273038581,0,0.0001400145943277848,0.011903340771870328
s55-119-15,u015,2025-06-20,regular,hazard_cal,120,0.04352365973959338,0,0.0018943089571279016,0.044499226152241236
s55-119-20,u020,2025-06-20,regular,empirical,30,0.0011737089201877549,0,1.3775926293283055e-06,0.0011743982559415578
s55-119-20,u020,2025-06-20,regular,empirical,60,0.0046948356807511304,0,2.2041482069253932e-05,0.004705891037412617
s55-119-20,u020,2025-06-20,regular,empirical,120,0.017018779342723,0,0.0002896388503162951,0.017165263130094227
s55-119-20,u020,2025-06-20,regular,hazard,30,0.0010570243609042684,0,1.1173004995450772e-06,0.0010575834051376773
s55-119-20,u020,2025-06-20,regular,hazard,60,0.0027781083495379555,0,7.717886001772502e-06,0.0027819744545046366
s55-119-20,u020,2025-06-20,regular,hazard,120,0.010210952533577844,0,0.00010426355164297979,0.010263441926237985
s55-119-20,u020,2025-06-20,regular,hazard_cal,30,0.0009451354525484845,0,8.932810236640286e-07,0.0009455823746838101
s55-119-20,u020,2025-06-20,regular,hazard_cal,60,0.002499740450175536,0,6.2487023182437915e-06,0.002502870017827105
s55-119-20,u020,2025-06-20,regular,hazard_cal,120,0.009328052584920199,0,8.70125650270364e-05,0.009371831327059944
s55-119-57,u057,2025-06-20,new,empirical,30,0.0011737089201877549,0,1.3775926293283055e-06,0.0011743982559415578
s55-119-57,u057,2025-06-20,new,empirical,60,0.0046948356807511304,0,2.2041482069253932e-05,0.004705891037412617
s55-119-57,u057,2025-06-20,new,empirical,120,0.017018779342723,0,0.0002896388503162951,0.017165263130094227
s55-119-57,u057,2025-06-20,new,hazard,30,0.0009070810803843976,0,8.22796086391326e-07,0.0009074927273778855
s55-119-57,u057,2025-06-20,new,hazard,60,0.0023843491949144813,0,5.685121083289335e-06,0.0023871962819896793
s55-119-57,u057,2025-06-20,new,hazard,120,0.008768904042791958,0,7.689367811169315e-05,0.008807577128214677
s55-119-57,u057,2025-06-20,new,hazard_cal,30,0.0008085221805983478,0,6.537081165195073e-07,0.0008088492109426809
s55-119-57,u057,2025-06-20,new,hazard_cal,60,0.0021386895091105584,0,4.573992816379561e-06,0.0021409797715415493
s55-119-57,u057,2025-06-20,new,hazard_cal,120,0.007985205776644744,0,6.376351129536059e-05,0.008017258276861745
s55-119-16,u016,2025-06-20,variable,empirical,30,0.0011737089201877549,0,1.3775926293283055e-06,0.0011743982559415578
s55-119-16,u016,2025-06-20,variable,empirical,60,0.0046948356807511304,0,2.2041482069253932e-05,0.004705891037412617
s55-119-16,u016,2025-06-20,variable,empirical,120,0.017018779342723,0,0.0002896388503162951,0.017165263130094227
s55-119-16,u016,2025-06-20,variable,hazard,30,0.00041765372576296755,0,1.744346346436881e-07,0.00041774096737232384
s55-119-16,u016,2025-06-20,variable,hazard,60,0.0010983342781357708,0,1.2063381865280247e-06,0.0010989378892473614
s55-119-16,u016,2025-06-20,variable,hazard,120,0.004047193724284859,0,1.6379777041890745e-05,0.004055405777474933
s55-119-16,u016,2025-06-20,variable,hazard_cal,30,0.0003664033172751102,0,1.3425139091020508e-07,0.0003664704593717908
s55-119-16,u016,2025-06-20,variable,hazard_cal,60,0.0009696008404209699,0,9.401257897450512e-07,0.0009700712073858917
s55-119-16,u016,2025-06-20,variable,hazard_cal,120,0.003626737036273142,0,1.3153221530275296e-05,0.00363332959150785
s55-119-17,u017,2025-06-20,regular,empirical,30,0.0011737089201877549,0,1.3775926293283055e-06,0.0011743982559415578
s55-119-17,u017,2025-06-20,regular,empirical,60,0.0046948356807511304,0,2.2041482069253932e-05,0.004705891037412617
s55-119-17,u017,2025-06-20,regular,empirical,120,0.017018779342723,0,0.0002896388503162951,0.017165263130094227
s55-119-17,u017,2025-06-20,regular,hazard,30,0.0008922276808844831,0,7.960702345365031e-07,0.0008926259529189296
s55-119-17,u017,2025-06-20,regular,hazard,60,0.0023453374823124706,0,5.500607905939799e-06,0.002348092094104465
s55-119-17,u017,2025-06-20,regular,hazard,120,0.008625939397990279,0,7.440683049780089e-05,0.008663358149890634
s55-119-17,u017,2025-06-20,regular,hazard_cal,30,0.0007950133770709966,0,6.320462697218306e-07,0.0007953295678008715
s55-119-17,u017,2025-06-20,regular,hazard_cal,60,0.0021029825499051524,0,4.422535605205577e-06,0.002105196922777436
s55-119-17,u017,2025-06-20,regular,hazard_cal,120,0.007852320302464855,0,6.165893413250175e-05,0.00788331211456388
s55-119-29,u029,2025-06-20,regular,empirical,30,0.0011737089201877549,0,1.3775926293283055e-06,0.0011743982559415578
s55-119-29,u029,2025-06-20,regular,empirical,60,0.0046948356807511304,0,2.2041482069253932e-05,0.004705891037412617
s55-119-29,u029,2025-06-20,regular,empirical,120,0.017018779342723,0,0.0002896388503162951,0.017165263130094227
s55-119-29,u029,2025-06-20,regular,hazard,30,0.0015686793442457603,0,2.4607548850633085e-06,0.0015699110099158093
s55-119-29,u029,2025-06-20,regular,hazard,60,0.004120928609502639,0,1.6982052604617352e-05,0.004129443035416457
s55-119-29,u029,2025-06-20,regular,hazard,120,0.015115800855122985,0,0.00022848743549173676,0.015231209041196323
s55-119-29,u029,2025-06-20,regular,hazard_cal,30,0.0014140497595750423,0,1.999536722554235e-06,0.0014150504714184622
s55-119-29,u029,2025-06-20,regular,hazard_cal,60,0.003738324398811166,0,1.3975069310746864e-05,0.0037453293968861836
s55-119-29,u029,2025-06-20,regular,hazard_cal,120,0.013923292936444454,0,0.00019385808619404402,0.014021131194967298
s55-119-38,u038,2025-06-20,variable,empirical,30,0.0011737089201877549,0,1.3775926293283055e-06,0.0011743982559415578
s55-119-38,u038,2025-06-20,variable,empirical,60,0.0046948356807511304,0,2.2041482069253932e-05,0.004705891037412617
s55-119-38,u038,2025-06-20,variable,empirical,120,0.017018779342723,0,0.0002896388503162951,0.017165263130094227
s55-119-38,u038,2025-06-20,variable,hazard,30,0.0015934608011856088,0,2.5391173249150824e-06,0.0015947317101232118
s55-119-38,u038,2025-06-20,variable,hazard,60,0.004185934726739116,0,1.7522049536520474e-05,0.004194720277239412
s55-119-38,u038,2025-06-20,variable,hazard,120,0.015352739404823623,0,0.000235706607232424,0.015471813018017233
s55-119-38,u038,2025-06-20,variable,hazard_cal,30,0.001436851339746692,0,2.0645417725318636e-06,0.0014378846005129713
s55-119-38,u038,2025-06-20,variable,hazard_cal,60,0.003798524750191379,0,1.4428790277816477e-05,0.003805757466908778
s55-119-38,u038,2025-06-20,variable,hazard_cal,120,0.014146191942915332,0,0.00020011474648580263,0.014247203062825764
s55-119-6,u006,2025-06-20,variable,empirical,30,0.0011737089201877549,0,1.3775926293283055e-06,0.0011743982559415578
s55-119-6,u006,2025-06-20,variable,empirical,60,0.0046948356807511304,0,2.2041482069253932e-05,0.004705891037412617
s55-119-6,u006,2025-06-20,variable,empirical,120,0.017018779342723,0,0.0002896388503162951,0.017165263130094227
s55-119-6,u006,2025-06-20,variable,hazard,30,0.0006035642448686263,0,3.6428979768383505e-07,0.0006037464630914265
s55-119-6,u006,2025-06-20,variable,hazard,60,0.0015869667570946877,0,2.5184634881236293e-06,0.0015882273226657082
s55-119-6,u006,2025-06-20,variable,hazard,120,0.005843412937491799,0,3.4145474758046535e-05,0.005860552476421421
s55-119-6,u006,2025-06-20,variable,hazard_cal,30,0.0005335094021483577,0,2.846322821806981e-07,0.0005336517689277101
s55-119-6,u006,2025-06-20,variable,hazard_cal,60,0.0014115896570345843,0,1.9925853598470153e-06,0.0014125868882791906
s55-119-6,u006,2025-06-20,variable,hazard_cal,120,0.005276365351452816,0,2.7840031322011802e-05,0.0052903345264277285
s55-119-4,u004,2025-06-20,variable,empirical,30,0.0011737089201877549,0,1.3775926293283055e-06,0.0011743982559415578
s55-119-4,u004,2025-06-20,variable,empirical,60,0.0046948356807511304,0,2.2041482069253932e-05,0.004705891037412617
s55-119-4,u004,2025-06-20,variable,empirical,120,0.017018779342723,0,0.0002896388503162951,0.017165263130094227
s55-119-4,u004,2025-06-20,variable,hazard,30,0.001120865701698781,0,1.2563399212447008e-06,0.0011214943414504643
s55-119-4,u004,2025-06-20,variable,hazard,60,0.00294572635931889,0,8.67730378398612e-06,0.0029500735504000807
s55-119-4,u004,2025-06-20,variable,hazard,120,0.010824291888427928,0,0.00011716529488588664,0.010883300741570252
s55-119-4,u004,2025-06-20,variable,hazard_cal,30,0.0010034261213984763,0,1.0068639811047898e-06,0.0010039298904138826
s55-119-4,u004,2025-06-20,variable,hazard_cal,60,0.0026537672214618224,0,7.042480465705201e-06,0.002657294703821462
s55-119-4,u004,2025-06-20,variable,hazard_cal,120,0.009900463558293993,0,9.801917866910734e-05,0.009949799047186424
s55-119-5,u005,2025-06-20,variable,empirical,30,0.0011737089201877549,0,1.3775926293283055e-06,0.0011743982559415578
s55-119-5,u005,2025-06-20,variable,empirical,60,0.0046948356807511304,0,2.2041482069253932e-05,0.004705891037412617
s55-119-5,u005,2025-06-20,variable,empirical,120,0.017018779342723,0,0.0002896388503162951,0.017165263130094227
s55-119-5,u005,2025-06-20,variable,hazard,30,0.00025761473735785856,0,6.636535290395845e-08,0.00025764792573430953
s55-119-5,u005,2025-06-20,variable,hazard,60,0.0006775673274550531,0,4.590974832345832e-07,0.0006777969799392099
s55-119-5,u005,2025-06-20,variable,hazard,120,0.002498320191997583,0,6.241603781742839e-06,0.002501446201488951
s55-119-5,u005,2025-06-20,variable,hazard_cal,30,0.00022377842000687043,0,5.007678126077131e-08,0.00022380346213349552
s55-119-5,u005,2025-06-20,variable,hazard_cal,60,0.0005922555519929373,0,3.507666388664589e-07,0.0005924310045909742
s55-119-5,u005,2025-06-20,variable,hazard_cal,120,0.0022165908936209178,0,4.913275189683178e-06,0.002219051167501897
s55-119-23,u023,2025-06-20,variable,empirical,30,0.0011737089201877549,0,1.3775926293283055e-06,0.0011743982559415578
s55-119-23,u023,2025-06-20,variable,empirical,60,0.0046948356807511304,0,2.2041482069253932e-05,0.004705891037412617
s55-119-23,u023,2025-06-20,variable,empirical,120,0.017018779342723,0,0.0002896388503162951,0.017165263130094227
s55-119-23,u023,2025-06-20,variable,hazard,30,0.0012406802398783334,0,1.539287457624559e-06,0.0012414505207879298
s55-119-23,u023,2025-06-20,variable,hazard,60,0.0032602513768427155,0,1.0629239040204822e-05,0.0032655775760122734
s55-119-23,u023,2025-06-20,variable,hazard,120,0.0119743462577665,0,0.00014338496830088656,0.012046616245215216
s55-119-23,u023,2025-06-20,variable,hazard_cal,30,0.0011130054065576767,0,1.238781035026619e-06,0.001113625257049173
s55-119-23,u023,2025-06-20,variable,hazard_cal,60,0.0029432735720792413,0,8.662859320100098e-06,0.0029476135195998236
s55-119-23,u023,2025-06-20,variable,hazard_cal,120,0.010975620011632437,0,0.00012046423463974641,0.011036296512230688
s55-119-25,u025,2025-06-20,variable,empirical,30,0.0011737089201877549,0,1.3775926293283055e-06,0.0011743982559415578
s55-119-25,u025,2025-06-20,variable,empirical,60,0.0046948356807511304,0,2.2041482069253932e-05,0.004705891037412617
s55-119-25,u025,2025-06-20,variable,empirical,120,0.017018779342723,0,0.0002896388503162951,0.017165263130094227
s55-119-25,u025,2025-06-20,variable,hazard,30,0.0006586413661583412,0,4.338084492149261e-07,0.0006588583656714175
s55-119-25,u025,2025-06-20,variable,hazard,60,0.0017316951830125271,0,2.99876820686879e-06,0.0017331963003513861
s55-119-25,u025,2025-06-20,variable,hazard,120,0.006374926943694126,0,4.063969353743733e-05,0.006395333563835117
s55-119-25,u025,2025-06-20,variable,hazard_cal,30,0.0005832366500779784,0,3.4016498999418225e-07,0.0005834067987341468
s55-119-25,u025,2025-06-20,variable,hazard_cal,60,0.0015430897999697546,0,2.381126130770697e-06,0.0015442815892181474
s55-119-25,u025,2025-06-20,variable,hazard_cal,120,0.005766726126638089,0,3.3255130219650336e-05,0.005783417893914912
s55-119-42,u042,2025-06-20,variable,empirical,30,0.0011737089201877549,0,1.3775926293283055e-06,0.0011743982559415578
s55-119-42,u042,2025-06-20,variable,empirical,60,0.0046948356807511304,0,2.2041482069253932e-05,0.004705891037412617
s55-119-42,u042,2025-06-20,variable,empirical,120,0.017018779342723,0,0.0002896388503162951,0.017165263130094227
s55-119-42,u042,2025-06-20,variable,hazard,30,0.0005651060141674824,0,3.193448072482588e-07,0.0005652657467511704
s55-119-42,u042,2025-06-20,variable,hazard,60,0.0014858998269151602,0,2.207898295626503e-06,0.0014870048708550262
s55-119-42,u042,2025-06-20,variable,hazard,120,0.005472107391072956,0,2.994395929943527e-05,0.005487134214722313
s55-119-42,u042,2025-06-20,variable,hazard_cal,30,0.0004988415466562479,0,2.4884288867039756e-07,0.0004989660094937938
s55-119-42,u042,2025-06-20,variable,hazard_cal,60,0.001319905831917545,0,1.7421514051299465e-06,0.0013207776748716182
s55-119-42,u042,2025-06-20,variable,hazard_cal,120,0.004934360574013308,0,2.4347914274376943e-05,0.004946574727072601
s55-119-10,u010,2025-06-20,variable,empirical,30,0.0011737089201877549,0,1.3775926293283055e-06,0.0011743982559415578
s55-119-10,u010,2025-06-20,variable,empirical,60,0.0046948356807511304,0,2.2041482069253932e-05,0.004705891037412617
s55-119-10,u010,2025-06-20,variable,empirical,120,0.017018779342723,0,0.0002896388503162951,0.017165263130094227
s55-119-10,u010,2025-06-20,variable,hazard,30,0.0004424726111158517,0,1.957820115876797e-07,0.00044257053100729086
s55-119-10,u010,2025-06-20,variable,hazard,60,0.0011635758847293731,0,1.3539088395237434e-06,0.0011642533647330546
s55-119-10,u010,2025-06-20,variable,hazard,120,0.0042871763177344535,0,1.8379880779343148e-05,0.004296392608799693
s55-119-10,u010,2025-06-20,variable,hazard_cal,30,0.0003886358116879096,0,1.5103779412632035e-07,0.00038871135015690957
s55-119-10,u010,2025-06-20,variable,hazard_cal,60,0.0010284127763542372,0,1.0576328385686303e-06,0.0010289419556144398
s55-119-10,u010,2025-06-20,variable,hazard_cal,120,0.0038463700782664922,0,1.4794562778983782e-05,0.003853786382999207
s55-119-46,u046,2025-06-20,variable,empirical,30,0.0011737089201877549,0,1.3775926293283055e-06,0.0011743982559415578
s55-119-46,u046,2025-06-20,variable,empirical,60,0.0046948356807511304,0,2.2041482069253932e-05,0.004705891037412617
s55-119-46,u046,2025-06-20,variable,empirical,120,0.017018779342723,0,0.0002896388503162951,0.017165263130094227
s55-119-46,u046,2025-06-20,variable,hazard,30,0.0021228512572819547,0,4.506497460543575e-06,0.002125107699972594
s55-119-46,u046,2025-06-20,variable,hazard,60,0.005573914531509905,0,3.106852320457728e-05,0.005589506759937534
s55-119-46,u046,2025-06-20,variable,hazard,120,0.020400618322895858,0,0.00041618522795647424,0.020611585103686443
s55-119-46,u046,2025-06-20,variable,hazard_cal,30,0.0019255420248223132,0,3.7077120893568137e-06,0.0019273982640942244
s55-119-46,u046,2025-06-20,variable,hazard_cal,60,0.005088146323279585,0,2.5889233007103564e-05,0.005101135017433119
s55-119-46,u046,2025-06-20,variable,hazard_cal,120,0.01891119935291452,0,0.0003576334609656746,0.019092302976216516
s55-119-1,u001,2025-06-20,variable,empirical,30,0.0011737089201877549,0,1.3775926293283055e-06,0.0011743982559415578
s55-119-1,u001,2025-06-20,variable,empirical,60,0.0046948356807511304,0,2.2041482069253932e-05,0.004705891037412617
s55-119-1,u001,2025-06-20,variable,empirical,120,0.017018779342723,0,0.0002896388503162951,0.017165263130094227
s55-119-1,u001,2025-06-20,variable,hazard,30,0.00041478853050436193,0,1.72049525037968e-07,0.0004148745790623402
s55-119-1,u001,2025-06-20,variable,hazard,60,0.0010908023251980925,0,1.1898497126575652e-06,0.0010913976830389438
s55-119-1,u001,2025-06-20,variable,hazard,120,0.0040194853852034695,0,1.6156262761864285e-05,0.004027585228671834
s55-119-1,u001,2025-06-20,variable,hazard_cal,30,0.0003638384203791256,0,1.3237839614397734e-07,0.00036390462563636207
s55-119-1,u001,2025-06-20,variable,hazard_cal,60,0.0009628157261085679,0,9.270141224419688e-07,0.0009632795308993852
s55-119-1,u001,2025-06-20,variable,hazard_cal,120,0.0036013954711662244,0,1.297004933973659e-05,0.003607896108105487
s55-119-26,u026,2025-06-20,variable,empirical,30,0.0011737089201877549,0,1.3775926293283055e-06,0.0011743982559415578
s55-119-26,u026,2025-06-20,variable,empirical,60,0.0046948356807511304,0,2.2041482069253932e-05,0.004705891037412617
s55-119-26,u026,2025-06-20,variable,empirical,120,0.017018779342723,0,0.0002896388503162951,0.017165263130094227
s55-119-26,u026,2025-06-20,variable,hazard,30,0.0010443258229956287,0,1.0906164245754971e-06,0.0010448715111584911
s55-119-26,u026,2025-06-20,variable,hazard,60,0.002744765491493384,0,7.533737603292917e-06,0.002748539267296558
s55-119-26,u026,2025-06-20,variable,hazard,120,0.010088908913092998,0,0.00010178608305668733,0.010140146869312208
s55-119-26,u026,2025-06-20,variable,hazard_cal,30,0.000933549494333219,0,8.715146583698088e-07,0.0009339855230531198
s55-119-26,u026,2025-06-20,variable,hazard_cal,60,0.002469123830137865,0,6.09657248855468e-06,0.002472177143423388
s55-119-26,u026,2025-06-20,variable,hazard_cal,120,0.00921423926227316,0,8.490220518241625e-05,0.009256952950091397
s55-119-7,u007,2025-06-20,variable,empirical,30,0.0011737089201877549,0,1.3775926293283055e-06,0.0011743982559415578
s55-119-7,u007,2025-06-20,variable,empirical,60,0.0046948356807511304,0,2.2041482069253932e-05,0.004705891037412617
s55-119-7,u007,2025-06-20,variable,empirical,120,0.017018779342723,0,0.0002896388503162951,0.017165263130094227
s55-119-7,u007,2025-06-20,variable,hazard,30,0.00027150225111916004,0,7.371347236277144e-08,0.00027153911452782473
s55-119-7,u007,2025-06-20,variable,hazard,60,0.0007140846048379057,0,5.099168228665079e-07,0.0007143396846889642
s55-119-7,u007,2025-06-20,variable,hazard,120,0.002632821051203882,0,6.931746687662313e-06,0.0026362930199348815
s55-119-7,u007,2025-06-20,variable,hazard_cal,30,0.00023609542789815308,0,5.5741051074412e-08,0.00023612330281120295
s55-119-7,u007,2025-06-20,variable,hazard_cal,60,0.0006248468165097609,0,3.9043354410238286e-07,0.0006250421146403264
s55-119-7,u007,2025-06-20,variable,hazard_cal,120,0.0023384499849156137,0,5.468348331951834e-06,0.002341188429057669
s55-119-27,u027,2025-06-20,variable,empirical,30,0.0011737089201877549,0,1.3775926293283055e-06,0.0011743982559415578
s55-119-27,u027,2025-06-20,variable,empirical,60,0.0046948356807511304,0,2.2041482069253932e-05,0.004705891037412617
s55-119-27,u027,2025-06-20,variable,empirical,120,0.017018779342723,0,0.0002896388503162951,0.017165263130094227
s55-119-27,u027,2025-06-20,variable,hazard,30,0.001135459995215582,0,1.2892694007349693e-06,0.001136105118303157
s55-119-27,u027,2025-06-20,variable,hazard,60,0.002984041513605873,0,8.90450375492323e-06,0.002988502642489608
s55-119-27,u027,2025-06-20,variable,hazard,120,0.010964449065289594,0,0.00012021914330532985,0.011025001660979392
s55-119-27,u027,2025-06-20,variable,hazard_cal,30,0.0010167612691365235,0,1.0338034784161141e-06,0.0010172785215202488
s55-119-27,u027,2025-06-20,variable,hazard_cal,60,0.002689001565184479,0,7.2307294175645775e-06,0.002692623424139878
s55-119-27,u027,2025-06-20,variable,hazard_cal,120,0.010031366887067628,0,0.00010062832162295686,0.010082020079751971
s55-119-28,u028,2025-06-20,regular,empirical,30,0.0011737089201877549,0,1.3775926293283055e-06,0.0011743982559415578
s55-119-28,u028,2025-06-20,regular,empirical,60,0.0046948356807511304,0,2.2041482069253932e-05,0.004705891037412617
s55-119-28,u028,2025-06-20,regular,empirical,120,0.017018779342723,0,0.0002896388503162951,0.017165263130094227
s55-119-28,u028,2025-06-20,regular,hazard,30,0.00442518795171587,0,1.9582288408011296e-05,0.004435008077229262
s55-119-28,u028,2025-06-20,regular,hazard,60,0.01159464907868557,0,0.00013443588725786415,0.011662391161864273
s55-119-28,u028,2025-06-20,regular,hazard,120,0.04205272749395528,0,0.0017684318896808622,0.0429625416637258
s55-119-28,u028,2025-06-20,regular,hazard_cal,30,0.0040752161712163115,0,1.6607386842142933e-05,0.0040835424933780735
s55-119-28,u028,2025-06-20,regular,hazard_cal,60,0.010747132989286978,0,0.00011550086748942046,0.010805300554805561
s55-119-28,u028,2025-06-20,regular,hazard_cal,120,0.0395966668332185,0,0.0015678960243009057,0.04040194403841513
s55-119-50,u050,2025-06-20,regular,empirical,30,0.0011737089201877549,0,1.3775926293283055e-06,0.0011743982559415578
s55-119-50,u050,2025-06-20,regular,empirical,60,0.0046948356807511304,0,2.2041482069253932e-05,0.004705891037412617
s55-119-50,u050,2025-06-20,regular,empirical,120,0.017018779342723,0,0.0002896388503162951,0.017165263130094227
s55-119-50,u050,2025-06-20,regular,hazard,30,0.003919967100452504,0,1.536614206863001e-05,0.003927670308959245
s55-119-50,u050,2025-06-20,regular,hazard,60,0.010275644749706103,0,0.0001055888750221626,0.010328803662170167
s55-119-50,u050,2025-06-20,regular,hazard,120,0.0373430557622586,0,0.0013945038136631556,0.038058167164560355
s55-119-50,u050,2025-06-20,regular,hazard_cal,30,0.0036009057387651477,0,1.2966522139471775e-05,0.0036074046057303346
s55-119-50,u050,2025-06-20,regular,hazard_cal,60,0.00950045732122129,0,9.02586893123472e-05,0.009545874551080007
s55-119-50,u050,2025-06-20,regular,hazard_cal,120,0.03507081378742605,0,0.001229961979712313,0.03570056249888959
s55-119-37,u037,2025-06-20,variable,empirical,30,0.0011737089201877549,0,1.3775926293283055e-06,0.0011743982559415578
s55-119-37,u037,2025-06-20,variable,empirical,60,0.0046948356807511304,0,2.2041482069253932e-05,0.004705891037412617
s55-119-37,u037,2025-06-20,variable,empirical,120,0.017018779342723,0,0.0002896388503162951,0.017165263130094227
s55-119-37,u037,2025-06-20,variable,hazard,30,0.0038002010721495116,0,1.4441528188766297e-05,0.003807440182112647
s55-119-37,u037,2025-06-20,variable,hazard,60,0.009962786606913743,0,9.925711697489985e-05,0.010012747274015233
s55-119-37,u037,2025-06-20,variable,hazard,120,0.036223183424653915,0,0.0013121190174161222,0.0368955292514054
s55-119-37,u037,2025-06-20,variable,hazard_cal,30,0.003488648524925031,0,1.2170668530461594e-05,0.003494748049386813
s55-119-37,u037,2025-06-20,variable,hazard_cal,60,0.00920524027020031,0,8.473644843211747e-05,0.009247870309260038
s55-119-37,u037,2025-06-20,variable,hazard_cal,120,0.03399650720789227,0,0.001155762502336271,0.03458782904933618
s55-119-49,u049,2025-06-20,regular,empirical,30,0.0011737089201877549,0,1.3775926293283055e-06,0.0011743982559415578
s55-119-49,u049,2025-06-20,regular,empirical,60,0.0046948356807511304,0,2.2041482069253932e-05,0.004705891037412617
s55-119-49,u049,2025-06-20,regular,empirical,120,0.017018779342723,0,0.0002896388503162951,0.017165263130094227
s55-119-49,u049,2025-06-20,regular,hazard,30,0.0009805166179440716,0,9.614128380644806e-07,0.000980997638821452
s55-119-49,u049,2025-06-20,regular,hazard,60,0.0025772083865522877,0,6.642003067715446e-06,0.0025805351050799882
s55-119-49,u049,2025-06-20,regular,hazard,120,0.0094754193549752,0,8.978357195263866e-05,0.009520596750620502
s55-119-49,u049,2025-06-20,regular,hazard_cal,30,0.0008753755474313341,0,7.662823490407078e-07,0.0008757589123476981
s55-119-49,u049,2025-06-20,regular,hazard_cal,60,0.0023153855979358706,0,5.361010467128849e-06,0.00231807024797002
s55-119-49,u049,2025-06-20,regular,hazard_cal,120,0.008642574178935991,0,7.469408843841112e-05,0.00868013781073731
s55-120-38,u038,2025-06-23,variable,empirical,30,0.0011737089201877549,0,1.3775926293283055e-06,0.0011743982559415578
s55-120-38,u038,2025-06-23,variable,empirical,60,0.0046948356807511304,0,2.2041482069253932e-05,0.004705891037412617
s55-120-38,u038,2025-06-23,variable,empirical,120,0.017018779342723,0,0.0002896388503162951,0.017165263130094227
s55-120-38,u038,2025-06-23,variable,hazard,30,0.0021354177959742593,0,4.560009163363563e-06,0.0021377010516048307
s55-120-38,u038,2025-06-23,variable,hazard,60,0.005606845701397911,0,3.143671871928424e-05,0.005622623062548195
s55-120-38,u038,2025-06-23,variable,hazard,120,0.02052012645594481,0,0.0004210755897679661,0.0207335894921038
s55-120-38,u038,2025-06-23,variable,hazard_cal,30,0.0019371759640347541,0,3.752650715633979e-06,0.001939054716100222
s55-120-38,u038,2025-06-23,variable,hazard_cal,60,0.005118833265120193,0,2.6202453996101056e-05,0.0051319793731306705
s55-120-38,u038,2025-06-23,variable,hazard_cal,120,0.019024352378373965,0,0.00036192598341654316,0.019207643759935146
s55-120-21,u021,2025-06-23,regular,empirical,30,0.0011737089201877549,0,1.3775926293283055e-06,0.0011743982559415578
s55-120-21,u021,2025-06-23,regular,empirical,60,0.0046948356807511304,0,2.2041482069253932e-05,0.004705891037412617
s55-120-21,u021,2025-06-23,regular,empirical,120,0.017018779342723,0,0.0002896388503162951,0.017165263130094227
s55-120-21,u021,2025-06-23,regular,hazard,30,0.0024763805627894264,0,6.132460691761276e-06,0.002479451864657893
s55-120-21,u021,2025-06-23,regular,hazard,60,0.006500064442460984,0,4.225083775614563e-05,0.0065212818543451045
s55-120-21,u021,2025-06-23,regular,hazard,120,0.02375709510677504,0,0.0005643995679123546,0.024043845569657742
s55-120-21,u021,2025-06-23,regular,hazard_cal,30,0.002253351119166136,0,5.0775912662472775e-06,0.0022558937351217045
s55-120-21,u021,2025-06-23,regular,hazard_cal,60,0.005952557821470639,0,3.543294461795128e-05,0.005970344914705678
s55-120-21,u021,2025-06-23,regular,hazard_cal,120,0.022094458659252414,0,0.00048816510344541395,0.02234219710797404
s55-120-1,u001,2025-06-23,variable,empirical,30,0.0011737089201877549,0,1.3775926293283055e-06,0.0011743982559415578
s55-120-1,u001,2025-06-23,variable,empirical,60,0.0046948356807511304,0,2.2041482069253932e-05,0.004705891037412617
s55-120-1,u001,2025-06-23,variable,empirical,120,0.017018779342723,0,0.0002896388503162951,0.017165263130094227
s55-120-1,u001,2025-06-23,variable,hazard,30,0.00034012027025442926,0,1.1568179823794599e-07,0.0003401781242721362
s55-120-1,u001,2025-06-23,variable,hazard,60,0.0008945023645543504,0,8.001344801933239e-07,0.000894902670528677
s55-120-1,u001,2025-06-23,variable,hazard,120,0.003297119884738131,0,1.0870999534335587e-05,0.003302567361791012
s55-120-1,u001,2025-06-23,variable,hazard_cal,30,0.000297132129074007,0,8.828750212805235e-08,0.0002971762815713713
s55-120-1,u001,2025-06-23,variable,hazard_cal,60,0.0007863412454283125,0,6.183325542617496e-07,0.0007866505738745509
s55-120-1,u001,2025-06-23,variable,hazard_cal,120,0.0029420981963500514,0,8.655941796966226e-06,0.002946434674900979
s55-120-31,u031,2025-06-23,regular,empirical,30,0.0011737089201877549,0,1.3775926293283055e-06,0.0011743982559415578
s55-120-31,u031,2025-06-23,regular,empirical,60,0.0046948356807511304,0,2.2041482069253932e-05,0.004705891037412617
s55-120-31,u031,2025-06-23,regular,empirical,120,0.017018779342723,0,0.0002896388503162951,0.017165263130094227
s55-120-31,u031,2025-06-23,regular,hazard,30,0.004074327016790336,0,1.6600140639747637e-05,0.004082649701027187
s55-120-31,u031,2025-06-23,regular,hazard,60,0.010678769254761411,0,0.00011403611279643759,0.010736196512020093
s55-120-31,u031,2025-06-23,regular,hazard,120,0.03878446678299374,0,0.001504234863641145,0.03955661501630947
s55-120-31,u031,2025-06-23,regular,hazard_cal,30,0.0037456932826006595,0,1.4030218167319704e-05,0.0037527259586753164
s55-120-31,u031,2025-06-23,regular,hazard_cal,60,0.009881132708498774,0,9.763678360296432e-05,0.00993027508987001
s55-120-31,u031,2025-06-23,regular,hazard_cal,120,0.036454653353260924,0,0.0013289417511064179,0.03713572773418831
s55-120-52,u052,2025-06-23,variable,empirical,30,0.0011737089201877549,0,1.3775926293283055e-06,0.0011743982559415578
s55-120-52,u052,2025-06-23,variable,empirical,60,0.0046948356807511304,0,2.2041482069253932e-05,0.004705891037412617
s55-120-52,u052,2025-06-23,variable,empirical,120,0.017018779342723,0,0.0002896388503162951,0.017165263130094227
s55-120-52,u052,2025-06-23,variable,hazard,30,0.0010684470833993709,0,1.1415791700246222e-06,0.0010690182798827742
s55-120-52,u052,2025-06-23,variable,hazard,60,0.0028081006060635127,0,7.885429013774267e-06,0.0028120507171763985
s55-120-52,u052,2025-06-23,variable,hazard,120,0.010320721548221834,0,0.00010651729327593049,0.010374349500074096
s55-120-52,u052,2025-06-23,variable,hazard_cal,30,0.0009555598258129683,0,9.130945807077102e-07,0.0009560166641507499
s55-120-52,u052,2025-06-23,variable,hazard_cal,60,0.002527286947562102,0,6.387179315317766e-06,0.0025304859281844116
s55-120-52,u052,2025-06-23,variable,hazard_cal,120,0.009430443905545705,0,8.893327225564412e-05,0.009475192094069204
s55-120-0,u000,2025-06-23,variable,empirical,30,0.0011737089201877549,0,1.3775926293283055e-06,0.0011743982559415578
s55-120-0,u000,2025-06-23,variable,empirical,60,0.0046948356807511304,0,2.2041482069253932e-05,0.004705891037412617
s55-120-0,u000,2025-06-23,variable,empirical,120,0.017018779342723,0,0.0002896388503162951,0.017165263130094227
s55-120-0,u000,2025-06-23,variable,hazard,30,0.0005367144297163673,0,2.880623790657654e-07,0.0005368585124623992
s55-120-0,u000,2025-06-23,variable,hazard,60,0.0014112831389611058,0,1.9917200983159117e-06,0.0014122799369634528
s55-120-0,u000,2025-06-23,variable,hazard,120,0.00519790341470483,0,2.701819990860013e-05,0.005211459510581611
s55-120-0,u000,2025-06-23,variable,hazard_cal,30,0.00047327908329053425,0,2.2399309068032847e-07,0.0004733911151855039
s55-120-0,u000,2025-06-23,variable,hazard_cal,60,0.0012522986746260623,0,1.5682519704701921e-06,0.0012530834558667223
s55-120-0,u000,2025-06-23,variable,hazard_cal,120,0.004682105946254733,0,2.192211609195393e-05,0.004693101338787327
s55-120-2,u002,2025-06-23,variable,empirical,30,0.0011737089201877549,0,1.3775926293283055e-06,0.0011743982559415578
s55-120-2,u002,2025-06-23,variable,empirical,60,0.0046948356807511304,0,2.2041482069253932e-05,0.004705891037412617
s55-120-2,u002,2025-06-23,variable,empirical,120,0.017018779342723,0,0.0002896388503162951,0.017165263130094227
s55-120-2,u002,2025-06-23,variable,hazard,30,0.0004294884103174246,0,1.8446029459698846e-07,0.0004295806668810853
s55-120-2,u002,2025-06-23,variable,hazard,60,0.0011294445796227182,0,1.2756450584391386e-06,0.001130082882815922
s55-120-2,u002,2025-06-23,variable,hazard,120,0.004161634747946619,0,1.7319203775316717e-05,0.004170318450473591
s55-120-2,u002,2025-06-23,variable,hazard_cal,30,0.00037700141774776874,0,1.4213006898382763e-07,0.0003770725006483916
s55-120-2,u002,2025-06-23,variable,hazard_cal,60,0.0009976364494742596,0,9.95278485319607e-07,0.0009981344199401269
s55-120-2,u002,2025-06-23,variable,hazard_cal,120,0.0037314409390010184,0,1.3923651481252802e-05,0.003738420131781514
s55-120-20,u020,2025-06-23,regular,empirical,30,0.0011737089201877549,0,1.3775926293283055e-06,0.0011743982559415578
s55-120-20,u020,2025-06-23,regular,empirical,60,0.0046948356807511304,0,2.2041482069253932e-05,0.004705891037412617
s55-120-20,u020,2025-06-23,regular,empirical,120,0.017018779342723,0,0.0002896388503162951,0.017165263130094227
s55-120-20,u020,2025-06-23,regular,hazard,30,0.0009596524284820607,0,9.209327834915166e-07,0.0009601131896777926
s55-120-20,u020,2025-06-23,regular,hazard,60,0.0025224166977706464,0,6.362585997192172e-06,0.0025256033506080534
s55-120-20,u020,2025-06-23,regular,hazard,120,0.009274738858651488,0,8.60207808961799e-05,0.009318017052919103
s55-120-20,u020,2025-06-23,regular,hazard_cal,30,0.0008563706254604009,0,7.333706481514382e-07,0.0008567375202647205
s55-120-20,u020,2025-06-23,regular,hazard_cal,60,0.002265157064998413,0,5.130936529112225e-06,0.0022677264139822555
s55-120-20,u020,2025-06-23,regular,hazard_cal,120,0.008455743851919828,0,7.149960408927997e-05,0.008491696468165557
s55-120-56,u056,2025-06-23,new,empirical,30,0.0011737089201877549,0,1.3775926293283055e-06,0.0011743982559415578
s55-120-56,u056,2025-06-23,new,empirical,60,0.0046948356807511304,0,2.2041482069253932e-05,0.004705891037412617
s55-120-56,u056,2025-06-23,new,empirical,120,0.017018779342723,0,0.0002896388503162951,0.017165263130094227
s55-120-56,u056,2025-06-23,new,hazard,30,0.0013776476593336806,0,1.897913073267569e-06,0.0013785974883236609
s55-120-56,u056,2025-06-23,new,hazard,60,0.0036197199042862227,0,1.3102372185485862e-05,0.003626286942394126
s55-120-56,u056,2025-06-23,new,hazard,120,0.013287395078351527,0,0.0001765548679682004,0.013376462373767961
s55-120-56,u056,2025-06-23,new,hazard_cal,30,0.0012385390451018496,0,1.5339789662418016e-06,0.0012393066684714415
s55-120-56,u056,2025-06-23,new,hazard_cal,60,0.003274858778668732,0,1.072470002022366e-05,0.003280232864801852
s55-120-56,u056,2025-06-23,new,hazard_cal,120,0.01220586363963061,0,0.0001489831071892566,0.012280966952788267
s55-120-9,u009,2025-06-23,regular,empirical,30,0.0011737089201877549,0,1.3775926293283055e-06,0.0011743982559415578
s55-120-9,u009,2025-06-23,regular,empirical,60,0.0046948356807511304,0,2.2041482069253932e-05,0.004705891037412617
s55-120-9,u009,2025-06-23,regular,empirical,120,0.017018779342723,0,0.0002896388503162951,0.017165263130094227
s55-120-9,u009,2025-06-23,regular,hazard,30,0.004823086676256194,0,2.3262165086680022e-05,0.004834755293085201
s55-120-9,u009,2025-06-23,regular,hazard,60,0.012632602322885877,0,0.00015958264144818167,0.012713072056640538
s55-120-9,u009,2025-06-23,regular,hazard,120,0.04574561420990131,0,0.0020926612194411246,0.046824991307523586
s55-120-9,u009,2025-06-23,regular,hazard_cal,30,0.004449576306592484,0,1.9798729308189214e-05,0.004459505134913079
s55-120-9,u009,2025-06-23,regular,hazard_cal,60,0.011730324948452941,0,0.0001376005233962975,0.011799668021436739
s55-120-9,u009,2025-06-23,regular,hazard_cal,120,0.04315363853665588,0,0.0018622365189523515,0.04411244225298878
s55-120-11,u011,2025-06-23,variable,empirical,30,0.0011737089201877549,0,1.3775926293283055e-06,0.0011743982559415578
s55-120-11,u011,2025-06-23,variable,empirical,60,0.0046948356807511304,0,2.2041482069253932e-05,0.004705891037412617
s55-120-11,u011,2025-06-23,variable,empirical,120,0.017018779342723,0,0.0002896388503162951,0.017165263130094227
s55-120-11,u011,2025-06-23,variable,hazard,30,0.002395612539424441,0,5.738959439047619e-06,0.002398486610168089
s55-120-11,u011,2025-06-23,variable,hazard,60,0.006288527211862793,0,3.9545574494338835e-05,0.0063083832865240795
s55-120-11,u011,2025-06-23,variable,hazard,120,0.022991289590170938,0,0.0005285993970191025,0.02325971151356044
s55-120-11,u011,2025-06-23,variable,hazard_cal,30,0.0021783682614742172,0,4.745288282598204e-06,0.00218074435691658
s55-120-11,u011,2025-06-23,variable,hazard_cal,60,0.005754879188926809,0,3.311863447914289e-05,0.00577150231289267
s55-120-11,u011,2025-06-23,variable,hazard_cal,120,0.021367244640857264,0,0.00045655914354224346,0.021598829034770752
s55-120-17,u017,2025-06-23,regular,empirical,30,0.0011737089201877549,0,1.3775926293283055e-06,0.0011743982559415578
s55-120-17,u017,2025-06-23,regular,empirical,60,0.0046948356807511304,0,2.2041482069253932e-05,0.004705891037412617
s55-120-17,u017,2025-06-23,regular,empirical,120,0.017018779342723,0,0.0002896388503162951,0.017165263130094227
s55-120-17,u017,2025-06-23,regular,hazard,30,0.0011415384033335307,0,1.3031099262852668e-06,0.0011421904545715934
s55-120-17,u017,2025-06-23,regular,hazard,60,0.0029999991711615603,0,8.999995026970049e-06,0.0030045081889662852
s55-120-17,u017,2025-06-23,regular,hazard,120,0.01102281752349854,0,0.0001215025061563465,0.011084018933456934
s55-120-17,u017,2025-06-23,regular,hazard_cal,30,0.001022316297322634,0,1.0451306117714604e-06,0.0010228392190531703
s55-120-17,u017,2025-06-23,regular,hazard_cal,60,0.0027036788939278633,0,7.309879561470994e-06,0.0027073404349518384
s55-120-17,u017,2025-06-23,regular,hazard_cal,120,0.010085892175414779,0,0.00010172522097409306,0.010137099390494503
s55-120-23,u023,2025-06-23,variable,empirical,30,0.0011737089201877549,0,1.3775926293283055e-06,0.0011743982559415578
s55-120-23,u023,2025-06-23,variable,empirical,60,0.0046948356807511304,0,2.2041482069253932e-05,0.004705891037412617
s55-120-23,u023,2025-06-23,variable,empirical,120,0.017018779342723,0,0.0002896388503162951,0.017165263130094227
s55-120-23,u023,2025-06-23,variable,hazard,30,0.0006891278276408563,0,4.748971628290058e-07,0.0006893653853669671
s55-120-23,u023,2025-06-23,variable,hazard,60,0.0018117994449587949,0,3.282617228752997e-06,0.0018134427387523336
s55-120-23,u023,2025-06-23,variable,hazard,120,0.006669009165724771,0,4.4475683252521005e-05,0.006691346374105508
s55-120-23,u023,2025-06-23,variable,hazard_cal,30,0.0006107990733154045,0,3.730755079629569e-07,0.0006109856870622575
s55-120-23,u023,2025-06-23,variable,hazard_cal,60,0.0016159714352427246,0,2.611363679520431e-06,0.0016172785254192012
s55-120-23,u023,2025-06-23,variable,hazard_cal,120,0.006038414015241189,0,3.646244381946122e-05,0.006056718962919383
s55-120-32,u032,2025-06-23,variable,empirical,30,0.0011737089201877549,0,1.3775926293283055e-06,0.0011743982559415578
s55-120-32,u032,2025-06-23,variable,empirical,60,0.0046948356807511304,0,2.2041482069253932e-05,0.004705891037412617
s55-120-32,u032,2025-06-23,variable,empirical,120,0.017018779342723,0,0.0002896388503162951,0.017165263130094227
s55-120-32,u032,2025-06-23,variable,hazard,30,0.0007123781677985663,0,5.074826539560424e-07,0.0007126320296964869
s55-120-32,u032,2025-06-23,variable,hazard,60,0.0018728875369005138,0,3.5077077258772736e-06,0.0018746435836914327
s55-120-32,u032,2025-06-23,variable,hazard,120,0.006893230500829017,0,4.7516626737559464e-05,0.006917098562806228
s55-120-32,u032,2025-06-23,variable,hazard_cal,30,0.0006318363206495592,0,3.9921713609197257e-07,0.0006320360133374311
s55-120-32,u032,2025-06-23,variable,hazard_cal,60,0.0016715964417858276,0,2.7942346641910396e-06,0.0016729951180167145
s55-120-32,u032,2025-06-23,variable,hazard_cal,120,0.006245731483554229,0,3.900916176466051e-05,0.006265317660359286
s55-120-25,u025,2025-06-23,variable,empirical,30,0.0011737089201877549,0,1.3775926293283055e-06,0.0011743982559415578
s55-120-25,u025,2025-06-23,variable,empirical,60,0.0046948356807511304,0,2.2041482069253932e-05,0.004705891037412617
s55-120-25,u025,2025-06-23,variable,empirical,120,0.017018779342723,0,0.0002896388503162951,0.017165263130094227
s55-120-25,u025,2025-06-23,variable,hazard,30,0.0006049497761121403,0,3.6596423161812867e-07,0.000605132832058108
s55-120-25,u025,2025-06-23,variable,hazard,60,0.0015906077536238517,0,2.5300330258883154e-06,0.001591874113169151
s55-120-25,u025,2025-06-23,variable,hazard,120,0.00585678732286854,0,3.4301957745313635e-05,0.005874005563706038
s55-120-25,u025,2025-06-23,variable,hazard_cal,30,0.000534759242525662,0,2.8596744746661977e-07,0.0005349022772444269
s55-120-25,u025,2025-06-23,variable,hazard_cal,60,0.0014148949187270388,0,2.0019276310395935e-06,0.0014158968277180335
s55-120-25,u025,2025-06-23,variable,hazard_cal,120,0.0052886930350078964,0,2.7970274018541034e-05,0.005302727677163525
s55-120-39,u039,2025-06-23,regular,empirical,30,0.0011737089201877549,0,1.3775926293283055e-06,0.0011743982559415578
s55-120-39,u039,2025-06-23,regular,empirical,60,0.0046948356807511304,0,2.2041482069253932e-05,0.004705891037412617
s55-120-39,u039,2025-06-23,regular,empirical,120,0.017018779342723,0,0.0002896388503162951,0.017165263130094227
s55-120-39,u039,2025-06-23,regular,hazard,30,0.0025087929126640374,0,6.294041878633304e-06,0.002511945207009566
s55-120-39,u039,2025-06-23,regular,hazard,60,0.006584945904606565,0,4.336151256659477e-05,0.006606722311173149
s55-120-39,u039,2025-06-23,regular,hazard,120,0.024064244250148414,0,0.000579087851330801,0.024358518762332297
s55-120-39,u039,2025-06-23,regular,hazard_cal,30,0.0022834562320277474,0,5.2141723635863575e-06,0.002286067293797005
s55-120-39,u039,2025-06-23,regular,hazard_cal,60,0.00603191673017256,0,3.6384019439735624e-05,0.00605018222757191
s55-120-39,u039,2025-06-23,regular,hazard_cal,120,0.02238627638303381,0,0.0005011453702975773,0.022640652593610856
s55-120-41,u041,2025-06-23,regular,empirical,30,0.0011737089201877549,0,1.3775926293283055e-06,0.0011743982559415578
s55-120-41,u041,2025-06-23,regular,empirical,60,0.0046948356807511304,0,2.2041482069253932e-05,0.004705891037412617
s55-120-41,u041,2025-06-23,regular,empirical,120,0.017018779342723,0,0.0002896388503162951,0.017165263130094227
s55-120-41,u041,2025-06-23,regular,hazard,30,0.001218811363942418,0,1.4855011408751774e-06,0.0012195547185802965
s55-120-41,u041,2025-06-23,regular,hazard,60,0.00320284856030828,0,1.0258238900268822e-05,0.003207988657995767
s55-120-41,u041,2025-06-23,regular,hazard,120,0.011764535715850455,0,0.00013840430060952098,0.011834285454723483
s55-120-41,u041,2025-06-23,regular,hazard_cal,30,0.0010929877705200264,0,1.194622266506338e-06,0.001093585517246215
s55-120-41,u041,2025-06-23,regular,hazard_cal,60,0.0028903917532580037,0,8.354364487301877e-06,0.00289457700211969
s55-120-41,u041,2025-06-23,regular,hazard_cal,120,0.010779301680570175,0,0.00011619334472074299,0.010837819251895824
s55-120-3,u003,2025-06-23,regular,empirical,30,0.0011737089201877549,0,1.3775926293283055e-06,0.0011743982559415578
s55-120-3,u003,2025-06-23,regular,empirical,60,0.0046948356807511304,0,2.2041482069253932e-05,0.004705891037412617
s55-120-3,u003,2025-06-23,regular,empirical,120,0.017018779342723,0,0.0002896388503162951,0.017165263130094227
s55-120-3,u003,2025-06-23,regular,hazard,30,0.005830225436872838,0,3.399152864475907e-05,0.005847287550830058
s55-120-3,u003,2025-06-23,regular,hazard,60,0.015256426764861275,0,0.00023275855763157547,0.015374003443214034
s55-120-3,u003,2025-06-23,regular,hazard,120,0.05502895642122574,0,0.0030281860448091616,0.056600993673444046
s55-120-3,u003,2025-06-23,regular,hazard_cal,30,0.0053999246752252095,0,2.9159186498106085e-05,0.005414556967764779
s55-120-3,u003,2025-06-23,regular,hazard_cal,60,0.014223182447613336,0,0.0002022989189380961,0.014325301367586411
s55-120-3,u003,2025-06-23,regular,hazard_cal,120,0.05212364939373115,0,0.00271687482612061,0.05353121708401609
s55-120-40,u040,2025-06-23,variable,empirical,30,0.0011737089201877549,0,1.3775926293283055e-06,0.0011743982559415578
s55-120-40,u040,2025-06-23,variable,empirical,60,0.0046948356807511304,0,2.2041482069253932e-05,0.004705891037412617
s55-120-40,u040,2025-06-23,variable,empirical,120,0.017018779342723,0,0.0002896388503162951,0.017165263130094227
s55-120-40,u040,2025-06-23,variable,hazard,30,0.00047882221866868413,0,2.2927071709080116e-07,0.0004789368906336803
s55-120-40,u040,2025-06-23,variable,hazard,60,0.0012591230476822757,0,1.5853908492047023e-06,0.001259916409136597
s55-120-40,u040,2025-06-23,variable,hazard,120,0.004638548418394506,0,2.1516131429790173e-05,0.004649339868148994
s55-120-40,u040,2025-06-23,variable,hazard_cal,30,0.0004212432483947648,0,1.774458743181735e-07,0.00042133199625575714
s55-120-40,u040,2025-06-23,variable,hazard_cal,60,0.0011146653151687946,0,1.2424787648403482e-06,0.0011152870165868256
s55-120-40,u040,2025-06-23,variable,hazard_cal,120,0.004168407722828338,0,1.7375622943734928e-05,0.004177119752924472
s55-120-48,u048,2025-06-23,regular,empirical,30,0.0011737089201877549,0,1.3775926293283055e-06,0.0011743982559415578
s55-120-48,u048,2025-06-23,regular,empirical,60,0.0046948356807511304,0,2.2041482069253932e-05,0.004705891037412617
s55-120-48,u048,2025-06-23,regular,empirical,120,0.017018779342723,0,0.0002896388503162951,0.017165263130094227
s55-120-48,u048,2025-06-23,regular,hazard,30,0.0008477336277504799,0,7.186523036189892e-07,0.0008480931571067337
s55-120-48,u048,2025-06-23,regular,hazard,60,0.0022284697249107532,0,4.9660773148438086e-06,0.0022309564586623174
s55-120-48,u048,2025-06-23,regular,hazard,120,0.008197557810800227,0,6.71999540614118e-05,0.00823134254941352
s55-120-48,u048,2025-06-23,regular,hazard_cal,30,0.0007545751151163405,0,5.693836043528385e-07,0.0007548599502138482
s55-120-48,u048,2025-06-23,regular,hazard_cal,60,0.0019960893284279857,0,3.984372607064087e-06,0.001998084169761219
s55-120-48,u048,2025-06-23,regular,hazard_cal,120,0.0074544233161278894,0,5.556842697603112e-05,0.007482346383070064
s55-120-42,u042,2025-06-23,variable,empirical,30,0.0011737089201877549,0,1.3775926293283055e-06,0.0011743982559415578
s55-120-42,u042,2025-06-23,variable,empirical,60,0.0046948356807511304,0,2.2041482069253932e-05,0.004705891037412617
s55-120-42,u042,2025-06-23,variable,empirical,120,0.017018779342723,0,0.0002896388503162951,0.017165263130094227
s55-120-42,u042,2025-06-23,variable,hazard,30,0.0007146967157581896,0,5.107913955155424e-07,0.0007149522332081892
s55-120-42,u042,2025-06-23,variable,hazard,60,0.0018789791620640317,0,3.530562691470851e-06,0.0018807466578152528
s55-120-42,u042,2025-06-23,variable,hazard,120,0.006915587288503278,0,4.782534754490812e-05,0.00693961078406211
s55-120-42,u042,2025-06-23,variable,hazard_cal,30,0.0006339349581770959,0,4.018735311989963e-07,0.0006341359799036515
s55-120-42,u042,2025-06-23,variable,hazard_cal,60,0.0016771453723484209,0,2.8128165999897234e-06,0.001678553355129839
s55-120-42,u042,2025-06-23,variable,hazard_cal,120,0.006266410696507685,0,3.9267903017305925e-05,0.00628612705838689
s55-120-6,u006,2025-06-23,variable,empirical,30,0.0011737089201877549,0,1.3775926293283055e-06,0.0011743982559415578
s55-120-6,u006,2025-06-23,variable,empirical,60,0.0046948356807511304,0,2.2041482069253932e-05,0.004705891037412617
s55-120-6,u006,2025-06-23,variable,empirical,120,0.017018779342723,0,0.0002896388503162951,0.017165263130094227
s55-120-6,u006,2025-06-23,variable,hazard,30,0.0008853407533855329,0,7.83828249605263e-07,0.0008857328989824054
s55-120-6,u006,2025-06-23,variable,hazard,60,0.002327248951015659,0,5.4160876800034854e-06,0.0023299612037309663
s55-120-6,u006,2025-06-23,variable,hazard,120,0.008559645360751711,0,7.326752870183829e-05,0.008596489524411931
s55-120-6,u006,2025-06-23,variable,hazard_cal,30,0.0007887514501436765,0,6.221288501037526e-07,0.0007890626782338948
s55-120-6,u006,2025-06-23,variable,hazard_cal,60,0.0020864304945136247,0,4.353192208436368e-06,0.002088610122907659
s55-120-6,u006,2025-06-23,variable,hazard_cal,120,0.007790715907462498,0,6.069525435078921e-05,0.007821222081221808
s55-120-15,u015,2025-06-23,regular,empirical,30,0.0011737089201877549,0,1.3775926293283055e-06,0.0011743982559415578
s55-120-15,u015,2025-06-23,regular,empirical,60,0.0046948356807511304,0,2.2041482069253932e-05,0.004705891037412617
s55-120-15,u015,2025-06-23,regular,empirical,120,0.017018779342723,0,0.0002896388503162951,0.017165263130094227
s55-120-15,u015,2025-06-23,regular,hazard,30,0.002891986657649559,0,8.363586828023067e-06,0.0028961765310520286
s55-120-15,u015,2025-06-23,regular,hazard,60,0.0075880717026833855,0,5.757883216506433e-05,0.0076170075900954745
s55-120-15,u015,2025-06-23,regular,hazard,120,0.027688137003993418,0,0.0007666329307519096,0.028078679278284193
s55-120-15,u015,2025-06-23,regular,hazard_cal,30,0.00263995877417178,0,6.969382329326568e-06,0.0026434496104658953
s55-120-15,u015,2025-06-23,regular,hazard_cal,60,0.006971342324663454,0,4.8599613807644055e-05,0.006995755660208525
s55-120-15,u015,2025-06-23,regular,hazard_cal,120,0.025835270380826336,0,0.0006674611956504026,0.0261748627208775
s55-120-51,u051,2025-06-23,regular,empirical,30,0.0011737089201877549,0,1.3775926293283055e-06,0.0011743982559415578
s55-120-51,u051,2025-06-23,regular,empirical,60,0.0046948356807511304,0,2.2041482069253932e-05,0.004705891037412617
s55-120-51,u051,2025-06-23,regular,empirical,120,0.017018779342723,0,0.0002896388503162951,0.017165263130094227
s55-120-51,u051,2025-06-23,regular,hazard,30,0.0013454001755524025,0,1.8101016323764357e-06,0.0013463060389589418
s55-120-51,u051,2025-06-23,regular,hazard,60,0.0035350950761025013,0,1.2496897197084149e-05,0.0035413582897614792
s55-120-51,u051,2025-06-23,regular,hazard,120,0.012978410330922285,0,0.0001684391347177903,0.01306336575640156
s55-120-51,u051,2025-06-23,regular,hazard_cal,30,0.0012089593476170002,0,1.4615827041905228e-06,0.0012096907285016926
s55-120-51,u051,2025-06-23,regular,hazard_cal,60,0.003196733757800385,0,1.0219106718260571e-05,0.00320185422658847
s55-120-51,u051,2025-06-23,regular,hazard_cal,120,0.011916118823513622,0,0.00014199388781609566,0.011987684861867456
s55-120-59,u059,2025-06-23,new,empirical,30,0.0011737089201877549,0,1.3775926293283055e-06,0.0011743982559415578
s55-120-59,u059,2025-06-23,new,empirical,60,0.0046948356807511304,0,2.2041482069253932e-05,0.004705891037412617
s55-120-59,u059,2025-06-23,new,empirical,120,0.017018779342723,0,0.0002896388503162951,0.017165263130094227
s55-120-59,u059,2025-06-23,new,hazard,30,0.0005323792940928884,0,2.834277127788422e-07,0.0005325210582663844
s55-120-59,u059,2025-06-23,new,hazard,60,0.0013998895110841625,0,1.9596906432434556e-06,0.001400870271817083
s55-120-59,u059,2025-06-23,new,hazard,120,0.005156028270529411,0,2.6584627526498512e-05,0.005169366452073904
s55-120-59,u059,2025-06-23,new,hazard_cal,30,0.0004693783353441061,0,2.2031602169040414e-07,0.00046948852783761314
s55-120-59,u059,2025-06-23,new,hazard_cal,60,0.0012419817629750751,0,1.5425186995626757e-06,0.0012427536615136536
s55-120-59,u059,2025-06-23,new,hazard_cal,120,0.0046436070277797725,0,2.1563086228445693e-05,0.004654422064402086
s55-121-33,u033,2025-06-24,regular,empirical,30,0.0011737089201877549,0,1.3775926293283055e-06,0.0011743982559415578
s55-121-33,u033,2025-06-24,regular,empirical,60,0.0046948356807511304,0,2.2041482069253932e-05,0.004705891037412617
s55-121-33,u033,2025-06-24,regular,empirical,120,0.017018779342723,0,0.0002896388503162951,0.017165263130094227
s55-121-33,u033,2025-06-24,regular,hazard,30,0.0025098276849853107,0,6.299235008318724e-06,0.00251298258242766
s55-121-33,u033,2025-06-24,regular,hazard,60,0.006587655683344296,0,4.33972074022984e-05,0.006609450055656538
s55-121-33,u033,2025-06-24,regular,hazard,120,0.024074048459988284,0,0.0005795598092538643,0.024368564771025777
s55-121-33,u033,2025-06-24,regular,hazard_cal,30,0.0022844174787064464,0,5.2185632170195175e-06,0.002287030740928115
s55-121-33,u033,2025-06-24,regular,hazard_cal,60,0.0060344505619046584,0,3.641459358407145e-05,0.006052731439165709
s55-121-33,u033,2025-06-24,regular,hazard_cal,120,0.02239559257882562,0,0.0005015625669567491,0.022650182165420762
s55-121-46,u046,2025-06-24,variable,empirical,30,0.0011737089201877549,0,1.3775926293283055e-06,0.0011743982559415578
s55-121-46,u046,2025-06-24,variable,empirical,60,0.0046948356807511304,0,2.2041482069253932e-05,0.004705891037412617
s55-121-46,u046,2025-06-24,variable,empirical,120,0.017018779342723,0,0.0002896388503162951,0.017165263130094227
s55-121-46,u046,2025-06-24,variable,hazard,30,0.0020283593750728413,0,4.1142417544458874e-06,0.002030419281908967
s55-121-46,u046,2025-06-24,variable,hazard,60,0.005326270099460406,0,2.8369153172405964e-05,0.005340505245367401
s55-121-46,u046,2025-06-24,variable,hazard,120,0.01950152748265166,0,0.000380309574156618,0.01969419120788954
s55-121-46,u046,2025-06-24,variable,hazard_cal,30,0.0018381089208110435,0,3.378644404765139e-06,0.0018398003159769121
s55-121-46,u046,2025-06-24,variable,hazard_cal,60,0.004857502091637156,0,2.3595326570259343e-05,0.004869338099432938
s55-121-46,u046,2025-06-24,variable,hazard_cal,120,0.018060392367083566,0,0.00032617777245301033,0.01822547187431631
s55-121-1,u001,2025-06-24,variable,empirical,30,0.0011737089201877549,0,1.3775926293283055e-06,0.0011743982559415578
s55-121-1,u001,2025-06-24,variable,empirical,60,0.0046948356807511304,0,2.2041482069253932e-05,0.004705891037412617
s55-121-1,u001,2025-06-24,variable,empirical,120,0.017018779342723,0,0.0002896388503162951,0.017165263130094227
s55-121-1,u001,2025-06-24,variable,hazard,30,0.0004704923554117446,0,2.213630565008914e-07,0.00047060307166879204
s55-121-1,u001,2025-06-24,variable,hazard,60,0.0012372280547919834,0,1.530733259564355e-06,0.0012379940532968431
s55-121-1,u001,2025-06-24,variable,hazard,120,0.0045580391453995395,0,2.0775720850994564e-05,0.004568458679643964
s55-121-1,u001,2025-06-24,variable,hazard_cal,30,0.00041376630810152637,0,1.7120255771996724e-07,0.0004138519330003331
s55-121-1,u001,2025-06-24,variable,hazard_cal,60,0.0010948879226779784,0,1.1987795632260989e-06,0.0010954877503289299
s55-121-1,u001,2025-06-24,variable,hazard_cal,120,0.004094573258309087,0,1.676553016765989e-05,0.004102978976458466
s55-121-26,u026,2025-06-24,variable,empirical,30,0.0011737089201877549,0,1.3775926293283055e-06,0.0011743982559415578
s55-121-26,u026,2025-06-24,variable,empirical,60,0.0046948356807511304,0,2.2041482069253932e-05,0.004705891037412617
s55-121-26,u026,2025-06-24,variable,empirical,120,0.017018779342723,0,0.0002896388503162951,0.017165263130094227
s55-121-26,u026,2025-06-24,variable,hazard,30,0.000708012774662925,0,5.012820890858938e-07,0.0007082635340750321
s55-121-26,u026,2025-06-24,variable,hazard,60,0.0018614180733492747,0,3.4648772437913255e-06,0.001863152664838698
s55-121-26,u026,2025-06-24,variable,hazard,120,0.006851135465810065,0,4.69380571708805e-05,0.006874712241223064
s55-121-26,u026,2025-06-24,variable,hazard_cal,30,0.0006278853591076272,0,3.94240024181714e-07,0.0006280825616711069
s55-121-26,u026,2025-06-24,variable,hazard_cal,60,0.0016611497906573458,0,2.7594186270009437e-06,0.0016625310298128688
s55-121-26,u026,2025-06-24,variable,hazard_cal,120,0.006206798959991322,0,3.8524353329749355e-05,0.006226141213844955
s55-121-35,u035,2025-06-24,variable,empirical,30,0.0011737089201877549,0,1.3775926293283055e-06,0.0011743982559415578
s55-121-35,u035,2025-06-24,variable,empirical,60,0.0046948356807511304,0,2.2041482069253932e-05,0.004705891037412617
s55-121-35,u035,2025-06-24,variable,empirical,120,0.017018779342723,0,0.0002896388503162951,0.017165263130094227
s55-121-35,u035,2025-06-24,variable,hazard,30,0.00033333926910672496,0,1.1111506832860559e-07,0.00033339483899031525
s55-121-35,u035,2025-06-24,variable,hazard,60,0.0008766740470994572,0,7.685573848577413e-07,0.0008770585505310975
s55-121-35,u035,2025-06-24,variable,hazard,120,0.0032314920954102933,0,1.0442541162699207e-05,0.0032367246416537174
s55-121-35,u035,2025-06-24,variable,hazard_cal,30,0.0002910881611037919,0,8.47323175347871e-08,0.0002911305354858794
s55-121-35,u035,2025-06-24,variable,hazard_cal,60,0.0007703505802730826,0,5.93440016527075e-07,0.0007706474527550635
s55-121-35,u035,2025-06-24,variable,hazard_cal,120,0.0028823403180729956,0,8.307885709189138e-06,0.002886502260274028
s55-121-38,u038,2025-06-24,variable,empirical,30,0.0011737089201877549,0,1.3775926293283055e-06,0.0011743982559415578
s55-121-38,u038,2025-06-24,variable,empirical,60,0.0046948356807511304,0,2.2041482069253932e-05,0.004705891037412617
s55-121-38,u038,2025-06-24,variable,empirical,120,0.017018779342723,0,0.0002896388503162951,0.017165263130094227
s55-121-38,u038,2025-06-24,variable,hazard,30,0.002047687144570598,0,4.193022642039689e-06,0.0020497865222937105
s55-121-38,u038,2025-06-24,variable,hazard,60,0.005376927826542088,0,2.8911352851842625e-05,0.0053914355309234
s55-121-38,u038,2025-06-24,variable,hazard,120,0.019685498902323073,0,0.0003875188670333629,0.019881839313738277
s55-121-38,u038,2025-06-24,variable,hazard_cal,30,0.0018559861237573694,0,3.4446844915799054e-06,0.0018577106000695726
s55-121-38,u038,2025-06-24,variable,hazard_cal,60,0.00490466431496428,0,2.405573204248403e-05,0.004916731654655231
s55-121-38,u038,2025-06-24,variable,hazard_cal,120,0.018234415183723485,0,0.00033249389709240557,0.018402711123634004
s55-121-44,u044,2025-06-24,regular,empirical,30,0.0011737089201877549,0,1.3775926293283055e-06,0.0011743982559415578
s55-121-44,u044,2025-06-24,regular,empirical,60,0.0046948356807511304,0,2.2041482069253932e-05,0.004705891037412617
s55-121-44,u044,2025-06-24,regular,empirical,120,0.017018779342723,0,0.0002896388503162951,0.017165263130094227
s55-121-44,u044,2025-06-24,regular,hazard,30,0.0005464485122975704,0,2.98605976592228e-07,0.0005465978696990982
s55-121-44,u044,2025-06-24,regular,hazard,60,0.001436865980338431,0,2.06458384545392e-06,0.0014378992621714413
s55-121-44,u044,2025-06-24,regular,hazard,120,0.005291923095169682,0,2.8004450045190264e-05,0.005305974916220284
s55-121-44,u044,2025-06-24,regular,hazard_cal,30,0.0004820401439293853,0,2.3236270035946252e-07,0.0004821563626291182
s55-121-44,u044,2025-06-24,regular,hazard_cal,60,0.0012754701355615072,0,1.6268240667092896e-06,0.0012762842399123477
s55-121-44,u044,2025-06-24,regular,hazard_cal,120,0.0047685688339591525,0,2.273924872420655e-05,0.004779974732642313
s55-121-10,u010,2025-06-24,variable,empirical,30,0.0011737089201877549,0,1.3775926293283055e-06,0.0011743982559415578
s55-121-10,u010,2025-06-24,variable,empirical,60,0.0046948356807511304,0,2.2041482069253932e-05,0.004705891037412617
s55-121-10,u010,2025-06-24,variable,empirical,120,0.017018779342723,0,0.0002896388503162951,0.017165263130094227
s55-121-10,u010,2025-06-24,variable,hazard,30,0.0013566328847166575,0,1.84045278389464e-06,0.0013575539442292647
s55-121-10,u010,2025-06-24,variable,hazard,60,0.00356457286034384,0,1.2706179676699864e-05,0.0035709410880271257
s55-121-10,u010,2025-06-24,variable,hazard,120,0.01308604950168979,0,0.0001712446915606756,0.013172426228421904
s55-121-10,u010,2025-06-24,variable,hazard_cal,30,0.0012192611492374272,0,1.4865977500397718e-06,0.001220005052849107
s55-121-10,u010,2025-06-24,variable,hazard_cal,60,0.003223943057111156,0,1.0393808835495227e-05,0.0032291511582891747
s55-121-10,u010,2025-06-24,variable,hazard_cal,120,0.01201703879603766,0,0.00014440922142547425,0.012089827127956195
s55-121-29,u029,2025-06-24,regular,empirical,30,0.0011737089201877549,0,1.3775926293283055e-06,0.0011743982559415578
s55-121-29,u029,2025-06-24,regular,empirical,60,0.0046948356807511304,0,2.2041482069253932e-05,0.004705891037412617
s55-121-29,u029,2025-06-24,regular,empirical,120,0.017018779342723,0,0.0002896388503162951,0.017165263130094227
s55-121-29,u029,2025-06-24,regular,hazard,30,0.001969529892797861,0,3.879047998624354e-06,0.0019714719671985264
s55-121-29,u029,2025-06-24,regular,hazard,60,0.005172068075782521,0,2.675028818052871e-05,0.005185489517614512
s55-121-29,u029,2025-06-24,regular,hazard,120,0.01894134493498334,0,0.00035877454794601903,0.01912303010835272
s55-121-29,u029,2025-06-24,regular,hazard_cal,30,0.0017837164811075334,0,3.1816444849746416e-06,0.0017853091976015878
s55-121-29,u029,2025-06-24,regular,hazard_cal,60,0.004713998645440309,0,2.222178322921307e-05,0.0047251445787929065
s55-121-29,u029,2025-06-24,regular,hazard_cal,120,0.017530725793269863,0,0.0003073263468388173,0.017686208799763858
s55-121-31,u031,2025-06-24,regular,empirical,30,0.0011737089201877549,0,1.3775926293283055e-06,0.0011743982559415578
s55-121-31,u031,2025-06-24,regular,empirical,60,0.0046948356807511304,0,2.2041482069253932e-05,0.004705891037412617
s55-121-31,u031,2025-06-24,regular,empirical,120,0.017018779342723,0,0.0002896388503162951,0.017165263130094227
s55-121-31,u031,2025-06-24,regular,hazard,30,0.0027741842703908892,0,7.69609836608423e-06,0.0027780394512126965
s55-121-31,u031,2025-06-24,regular,hazard,60,0.007279763218588253,0,5.2994952518710406e-05,0.007306389997979849
s55-121-31,u031,2025-06-24,regular,hazard,120,0.02657551532836866,0,0.0007062580149683576,0.026935028137441325
s55-121-31,u031,2025-06-24,regular,hazard_cal,30,0.002530250921486288,0,6.4021697256822084e-06,0.002533457416315475
s55-121-31,u031,2025-06-24,regular,hazard_cal,60,0.006682315547174578,0,4.4653341072011076e-05,0.006704742181442286
s55-121-31,u031,2025-06-24,regular,hazard_cal,120,0.02477521161208429,0,0.0006138111104235563,0.02508728236462836
s55-121-37,u037,2025-06-24,variable,empirical,30,0.0011737089201877549,0,1.3775926293283055e-06,0.0011743982559415578
s55-121-37,u037,2025-06-24,variable,empirical,60,0.0046948356807511304,0,2.2041482069253932e-05,0.004705891037412617
s55-121-37,u037,2025-06-24,variable,empirical,120,0.017018779342723,0,0.0002896388503162951,0.017165263130094227
s55-121-37,u037,2025-06-24,variable,hazard,30,0.0036312522162427197,0,1.3185992657967664e-05,0.003637861216720982
s55-121-37,u037,2025-06-24,variable,hazard,60,0.009521334065414888,0,9.065580238523e-05,0.009566951758394655
s55-121-37,u037,2025-06-24,variable,hazard,120,0.03464119714715996,0,0.0012000125397884035,0.03525543032193616
s55-121-37,u037,2025-06-24,variable,hazard_cal,30,0.003330418026141979,0,1.1091684228851437e-05,0.003335976212409975
s55-121-37,u037,2025-06-24,variable,hazard_cal,60,0.00878901699120993,0,7.724681967177686e-05,0.008827868211250154
s55-121-37,u037,2025-06-24,variable,hazard_cal,120,0.03248017997760011,0,0.001054962091377295,0.03301936847676551
s55-121-47,u047,2025-06-24,regular,empirical,30,0.0011737089201877549,0,1.3775926293283055e-06,0.0011743982559415578
s55-121-47,u047,2025-06-24,regular,empirical,60,0.0046948356807511304,0,2.2041482069253932e-05,0.004705891037412617
s55-121-47,u047,2025-06-24,regular,empirical,120,0.017018779342723,0,0.0002896388503162951,0.017165263130094227
s55-121-47,u047,2025-06-24,regular,hazard,30,0.000990608120859604,0,9.813044491129959e-07,0.0009910990973544765
s55-121-47,u047,2025-06-24,regular,hazard,60,0.002603709048057068,0,6.779300806934243e-06,0.0026071045937498664
s55-121-47,u047,2025-06-24,regular,hazard,120,0.009572468957199431,0,9.163216193654677e-05,0.00961857953549377
s55-121-47,u047,2025-06-24,regular,hazard_cal,30,0.0008845707660237734,0,7.824654401038852e-07,0.000884962229612348
s55-121-47,u047,2025-06-24,regular,hazard_cal,60,0.0023396872117706913,0,5.474136248923312e-06,0.0023424285566562703
s55-121-47,u047,2025-06-24,regular,hazard_cal,120,0.008732956169014039,0,7.626452344992036e-05,0.008771311899955043
s55-121-51,u051,2025-06-24,regular,empirical,30,0.0011737089201877549,0,1.3775926293283055e-06,0.0011743982559415578
s55-121-51,u051,2025-06-24,regular,empirical,60,0.0046948356807511304,0,2.2041482069253932e-05,0.004705891037412617
s55-121-51,u051,2025-06-24,regular,empirical,120,0.017018779342723,0,0.0002896388503162951,0.017165263130094227
s55-121-51,u051,2025-06-24,regular,hazard,30,0.0019719103441889763,0,3.888430405519487e-06,0.001973857119056395
s55-121-51,u051,2025-06-24,regular,hazard,60,0.005178307964068485,0,2.6814873370735095e-05,0.005191761866485229
s55-121-51,u051,2025-06-24,regular,hazard,120,0.01896401818079907,0,0.00035963398556167767,0.019146141374639797
s55-121-51,u051,2025-06-24,regular,hazard_cal,30,0.001785916747861549,0,3.1894986302923717e-06,0.0017875133984499
s55-121-51,u051,2025-06-24,regular,hazard_cal,60,0.0047198038848824675,0,2.2276548711751632e-05,0.0047309773307501685
s55-121-51,u051,2025-06-24,regular,hazard_cal,120,0.01755215731610804,0,0.00030807822644940506,0.017708022974677193
s55-121-14,u014,2025-06-24,regular,empirical,30,0.0011737089201877549,0,1.3775926293283055e-06,0.0011743982559415578
s55-121-14,u014,2025-06-24,regular,empirical,60,0.0046948356807511304,0,2.2041482069253932e-05,0.004705891037412617
s55-121-14,u014,2025-06-24,regular,empirical,120,0.017018779342723,0,0.0002896388503162951,0.017165263130094227
s55-121-14,u014,2025-06-24,regular,hazard,30,0.0004784028119114714,0,2.2886925044480267e-07,0.0004785172830470251
s55-121-14,u014,2025-06-24,regular,hazard,60,0.001258020647651903,0,1.5826159499185133e-06,0.0012588126199081754
s55-121-14,u014,2025-06-24,regular,hazard,120,0.0046344949512762135,0,2.147854345340471e-05,0.004645267519497867
s55-121-14,u014,2025-06-24,regular,hazard_cal,30,0.00042086672191676833,0,1.771287976169664e-07,0.00042095531117262856
s55-121-14,u014,2025-06-24,regular,hazard_cal,60,0.0011136693645956708,0,1.2402594536389252e-06,0.00111428995512038
s55-121-14,u014,2025-06-24,regular,hazard_cal,120,0.00416468967248429,0,1.73446400680973e-05,0.004173386146326712
s55-121-54,u054,2025-06-24,new,empirical,30,0.0011737089201877549,0,1.3775926293283055e-06,0.0011743982559415578
s55-121-54,u054,2025-06-24,new,empirical,60,0.0046948356807511304,0,2.2041482069253932e-05,0.004705891037412617
s55-121-54,u054,2025-06-24,new,empirical,120,0.017018779342723,0,0.0002896388503162951,0.017165263130094227
s55-121-54,u054,2025-06-24,new,hazard,30,0.0009374215566501087,0,8.78759174872313e-07,0.0009378612110200088
s55-121-54,u054,2025-06-24,new,hazard,60,0.0024640336460636236,0,6.071461808933595e-06,0.0024670743729640152
s55-121-54,u054,2025-06-24,new,hazard,120,0.009060867975845821,0,8.209932847570835e-05,0.00910216730119156
s55-121-54,u054,2025-06-24,new,hazard_cal,30,0.0008361301711712343,0,6.991136631428376e-07,0.0008364799229750864
s55-121-54,u054,2025-06-24,new,hazard_cal,60,0.002211661171292789,0,4.891445136604192e-06,0.0022141105059263464
s55-121-54,u054,2025-06-24,new,hazard_cal,120,0.00825672828629942,0,6.817356199377695e-05,0.008291003867125547
s55-121-55,u055,2025-06-24,new,empirical,30,0.0011737089201877549,0,1.3775926293283055e-06,0.0011743982559415578
s55-121-55,u055,2025-06-24,new,empirical,60,0.0046948356807511304,0,2.2041482069253932e-05,0.004705891037412617
s55-121-55,u055,2025-06-24,new,empirical,120,0.017018779342723,0,0.0002896388503162951,0.017165263130094227
s55-121-55,u055,2025-06-24,new,hazard,30,0.0013210178713811693,0,1.7450882165084356e-06,0.0013218911846824694
s55-121-55,u055,2025-06-24,new,hazard,60,0.00347110697459152,0,1.2048583629057895e-05,0.003477145243440102
s55-121-55,u055,2025-06-24,new,hazard,120,0.012744722445543033,0,0.00016242795021392838,0.012826633117377875
s55-121-55,u055,2025-06-24,new,hazard_cal,30,0.0011866038439752868,0,1.408028682536927e-06,0.001187308415736745
s55-121-55,u055,2025-06-24,new,hazard_cal,60,0.003137686222429603,0,9.845074830424553e-06,0.003142619081055725
s55-121-55,u055,2025-06-24,new,hazard_cal,120,0.0116970807843223,0,0.000136821698874962,0.011766029829517861
s55-121-48,u048,2025-06-24,regular,empirical,30,0.0011737089201877549,0,1.3775926293283055e-06,0.0011743982559415578
s55-121-48,u048,2025-06-24,regular,empirical,60,0.0046948356807511304,0,2.2041482069253932e-05,0.004705891037412617
s55-121-48,u048,2025-06-24,regular,empirical,120,0.017018779342723,0,0.0002896388503162951,0.017165263130094227
s55-121-48,u048,2025-06-24,regular,hazard,30,0.0013918537282099352,0,1.9372568007318962e-06,0.0013928232563422884
s55-121-48,u048,2025-06-24,regular,hazard,60,0.0036569983172275444,0,1.3373636692205091e-05,0.0036637014828740265
s55-121-48,u048,2025-06-24,regular,hazard,120,0.0134234820299578,0,0.0001801898698086,0.013514391428606713
s55-121-48,u048,2025-06-24,regular,hazard_cal,30,0.001251574420133239,0,1.5664385291318536e-06,0.00125235829351665
s55-121-48,u048,2025-06-24,regular,hazard_cal,60,0.0033092860657051304,0,1.095137426467014e-05,0.0033147738633102974
s55-121-48,u048,2025-06-24,regular,hazard_cal,120,0.01233352299329471,0,0.00015211578942612931,0.01241021210501048
s55-121-8,u008,2025-06-24,regular,empirical,30,0.0011737089201877549,0,1.3775926293283055e-06,0.0011743982559415578
s55-121-8,u008,2025-06-24,regular,empirical,60,0.0046948356807511304,0,2.2041482069253932e-05,0.004705891037412617
s55-121-8,u008,2025-06-24,regular,empirical,120,0.017018779342723,0,0.0002896388503162951,0.017165263130094227
s55-121-8,u008,2025-06-24,regular,hazard,30,0.00406430163199778,0,1.6518547755859818e-05,0.004072583353100735
s55-121-8,u008,2025-06-24,regular,hazard,60,0.010652590544940943,0,0.00011347768531816518,0.010709735578349719
s55-121-8,u008,2025-06-24,regular,hazard,120,0.038690915854168284,0,0.0014969869696343306,0.039459294099787094
s55-121-8,u008,2025-06-24,regular,hazard_cal,30,0.0037362860798358932,0,1.3959833670375466e-05,0.0037432834315138048
s55-121-8,u008,2025-06-24,regular,hazard_cal,60,0.009856402399433084,0,9.714866825955026e-05,0.009905298290576564
s55-121-8,u008,2025-06-24,regular,hazard_cal,120,0.03636480288013966,0,0.0013223988885114136,0.03704248221707577
s55-121-11,u011,2025-06-24,variable,empirical,30,0.0011737089201877549,0,1.3775926293283055e-06,0.0011743982559415578
s55-121-11,u011,2025-06-24,variable,empirical,60,0.0046948356807511304,0,2.2041482069253932e-05,0.004705891037412617
s55-121-11,u011,2025-06-24,variable,empirical,120,0.017018779342723,0,0.0002896388503162951,0.017165263130094227
s55-121-11,u011,2025-06-24,variable,hazard,30,0.0016116492076385658,0,2.597413168482017e-06,0.0016129493112845815
s55-121-11,u011,2025-06-24,variable,hazard,60,0.00423364423677508,0,1.7923743523578854e-05,0.004242631483376156
s55-121-11,u011,2025-06-24,variable,hazard,120,0.015526604461637339,0,0.0002410754461081365,0.0156484045912395
s55-121-11,u011,2025-06-24,variable,hazard_cal,30,0.0014535912787868588,0,2.1129276057652153e-06,0.0014546487674848702
s55-121-11,u011,2025-06-24,variable,hazard_cal,60,0.0038427196384218654,0,1.4766494219513071e-05,0.003850121854711188
s55-121-11,u011,2025-06-24,variable,hazard_cal,120,0.014309802350719103,0,0.00020477044331664596,0.014413174918088238
s55-121-18,u018,2025-06-24,regular,empirical,30,0.0011737089201877549,0,1.3775926293283055e-06,0.0011743982559415578
s55-121-18,u018,2025-06-24,regular,empirical,60,0.0046948356807511304,0,2.2041482069253932e-05,0.004705891037412617
s55-121-18,u018,2025-06-24,regular,empirical,120,0.017018779342723,0,0.0002896388503162951,0.017165263130094227
s55-121-18,u018,2025-06-24,regular,hazard,30,0.0016687521203505584,0,2.7847336391744845e-06,0.0016701460381214777
s55-121-18,u018,2025-06-24,regular,hazard,60,0.00438341899593675,0,1.9214362093939145e-05,0.004393054344473097
s55-121-18,u018,2025-06-24,regular,hazard,120,0.016072256856517808,0,0.0002583174404618837,0.01620281639088153
s55-121-18,u018,2025-06-24,regular,hazard_cal,30,0.0015061718616655728,0,2.2685536768731375e-06,0.0015073072787360506
s55-121-18,u018,2025-06-24,regular,hazard_cal,60,0.003981528012050761,0,1.5852565310744888e-05,0.003989475396877154
s55-121-18,u018,2025-06-24,regular,hazard_cal,120,0.014823528246930007,0,0.0002197369896875318,0.014934494716957717
s55-121-24,u024,2025-06-24,variable,empirical,30,0.0011737089201877549,0,1.3775926293283055e-06,0.0011743982559415578
s55-121-24,u024,2025-06-24,variable,empirical,60,0.0046948356807511304,0,2.2041482069253932e-05,0.004705891037412617
s55-121-24,u024,2025-06-24,variable,empirical,120,0.017018779342723,0,0.0002896388503162951,0.017165263130094227
s55-121-24,u024,2025-06-24,variable,hazard,30,0.0003131053929306127,0,9.803498708223336e-08,0.0003131544206583182
s55-121-24,u024,2025-06-24,variable,hazard,60,0.0008234746927050507,0,6.781105695256777e-07,0.0008238139342404788
s55-121-24,u024,2025-06-24,variable,hazard,120,0.0030356390054046,0,9.215104171133829e-06,0.0030402559033479437
s55-121-24,u024,2025-06-24,variable,hazard_cal,30,0.0002730687036607282,0,7.456651691895061e-08,0.0002731059937078387
s55-121-24,u024,2025-06-24,variable,hazard_cal,60,0.0007226750246476232,0,5.222591912494429e-07,0.0007229362801193673
s55-121-24,u024,2025-06-24,variable,hazard_cal,120,0.0027041569490817707,0,7.31246480526723e-06,0.002707819786232264
s55-121-42,u042,2025-06-24,variable,empirical,30,0.0011737089201877549,0,1.3775926293283055e-06,0.0011743982559415578
s55-121-42,u042,2025-06-24,variable,empirical,60,0.0046948356807511304,0,2.2041482069253932e-05,0.004705891037412617
s55-121-42,u042,2025-06-24,variable,empirical,120,0.017018779342723,0,0.0002896388503162951,0.017165263130094227
s55-121-42,u042,2025-06-24,variable,hazard,30,0.000584012986243887,0,3.410711681015025e-07,0.0005841835882536975
s55-121-42,u042,2025-06-24,variable,hazard,60,0.001535587599215904,0,2.358029274865664e-06,0.00153676782223196
s55-121-42,u042,2025-06-24,variable,hazard,120,0.005654667397407387,0,3.197526337530203e-05,0.00567071555568761
s55-121-42,u042,2025-06-24,variable,hazard_cal,30,0.0005158792241960475,0,2.661313739571158e-07,0.0005160123356646221
s55-121-42,u042,2025-06-24,variable,hazard_cal,60,0.0013649650065313823,0,1.8631294690552165e-06,0.0013658974198368474
s55-121-42,u042,2025-06-24,variable,hazard_cal,120,0.0051024552679733715,0,2.603504976166921e-05,0.005115517243897097
s55-121-6,u006,2025-06-24,variable,empirical,30,0.0011737089201877549,0,1.3775926293283055e-06,0.0011743982559415578
s55-121-6,u006,2025-06-24,variable,empirical,60,0.0046948356807511304,0,2.2041482069253932e-05,0.004705891037412617
s55-121-6,u006,2025-06-24,variable,empirical,120,0.017018779342723,0,0.0002896388503162951,0.017165263130094227
s55-121-6,u006,2025-06-24,variable,hazard,30,0.0006094092337768364,0,3.7137961421247087e-07,0.0006095949990591622
s55-121-6,u006,2025-06-24,variable,hazard,60,0.001602326567702539,0,2.5674504295653988e-06,0.0016036116658653989
s55-121-6,u006,2025-06-24,variable,hazard,120,0.005899832761817381,0,3.48080266174137e-05,0.005917305533307748
s55-121-6,u006,2025-06-24,variable,hazard_cal,30,0.0005387823653093538,0,2.902864371683419e-07,0.0005389275606827513
s55-121-6,u006,2025-06-24,variable,hazard_cal,60,0.0014255342042888142,0,2.0321477675973426e-06,0.001426551244838248
s55-121-6,u006,2025-06-24,variable,hazard_cal,120,0.005328373680124399,0,2.8391566075042428e-05,0.005342620092502832
s55-121-36,u036,2025-06-24,regular,empirical,30,0.0011737089201877549,0,1.3775926293283055e-06,0.0011743982559415578
s55-121-36,u036,2025-06-24,regular,empirical,60,0.0046948356807511304,0,2.2041482069253932e-05,0.004705891037412617
s55-121-36,u036,2025-06-24,regular,empirical,120,0.017018779342723,0,0.0002896388503162951,0.017165263130094227
s55-121-36,u036,2025-06-24,regular,hazard,30,0.0012580866596515472,0,1.582782043193188e-06,0.0012588787150590657
s55-121-36,u036,2025-06-24,regular,hazard,60,0.0033059392120854403,0,1.0929234074004101e-05,0.003311415902858172
s55-121-36,u036,2025-06-24,regular,hazard,120,0.01214131181767475,0,0.00014741145265400853,0.012215619619312536
s55-121-36,u036,2025-06-24,regular,hazard_cal,30,0.0011289435475023701,0,1.2745135334472363e-06,0.0011295812842935004
s55-121-36,u036,2025-06-24,regular,hazard_cal,60,0.0029853769355111526,0,8.91247544708196e-06,0.002989842062173173
s55-121-36,u036,2025-06-24,regular,hazard_cal,120,0.011131901448801718,0,0.00012391922986583378,0.01119432475612179
s55-121-59,u059,2025-06-24,new,empirical,30,0.0011737089201877549,0,1.3775926293283055e-06,0.0011743982559415578
s55-121-59,u059,2025-06-24,new,empirical,60,0.0046948356807511304,0,2.2041482069253932e-05,0.004705891037412617
s55-121-59,u059,2025-06-24,new,empirical,120,0.017018779342723,0,0.0002896388503162951,0.017165263130094227
s55-121-59,u059,2025-06-24,new,hazard,30,0.0006275649364991809,0,3.938377495232209e-07,0.0006277619377989931
s55-121-59,u059,2025-06-24,new,hazard,60,0.0016500361588843715,0,2.722619325625891e-06,0.0016513989678762428
s55-121-59,u059,2025-06-24,new,hazard,120,0.0060750634340709375,0,3.690639572798577e-05,0.006093591710350534
s55-121-59,u059,2025-06-24,new,hazard_cal,30,0.0005551678234521074,0,3.0821131219655026e-07,0.0005553219861682992
s55-121-59,u059,2025-06-24,new,hazard_cal,60,0.001468865288745902,0,2.1575652364825818e-06,0.001469945128920179
s55-121-59,u059,2025-06-24,new,hazard_cal,120,0.005489969289102392,0,3.0139762795287425e-05,0.005505094554060745
s55-122-0,u000,2025-06-25,variable,empirical,30,0.0011737089201877549,0,1.3775926293283055e-06,0.0011743982559415578
s55-122-0,u000,2025-06-25,variable,empirical,60,0.0046948356807511304,0,2.2041482069253932e-05,0.004705891037412617
s55-122-0,u000,2025-06-25,variable,empirical,120,0.017018779342723,0,0.0002896388503162951,0.017165263130094227
s55-122-0,u000,2025-06-25,variable,hazard,30,0.00046155459953922673,0,2.1303264835581596e-07,0.0004616611486501541
s55-122-0,u000,2025-06-25,variable,hazard,60,0.001213734848854786,0,1.4731522833245506e-06,0.0012144720215449415
s55-122-0,u000,2025-06-25,variable,hazard,120,0.004471647211249041,0,1.9995628781871328e-05,0.004481674930421076
s55-122-0,u000,2025-06-25,variable,hazard_cal,30,0.0004057467408644655,0,1.646304177221357e-07,0.0004058290783461897
s55-122-0,u000,2025-06-25,variable,hazard_cal,60,0.0010736749132305157,0,1.1527778193005554e-06,0.0010742517150422175
s55-122-0,u000,2025-06-25,variable,hazard_cal,120,0.004015374218056644,0,1.612323011103401e-05,0.004023457478578765
s55-122-40,u040,2025-06-25,variable,empirical,30,0.0011737089201877549,0,1.3775926293283055e-06,0.0011743982559415578
s55-122-40,u040,2025-06-25,variable,empirical,60,0.0046948356807511304,0,2.2041482069253932e-05,0.004705891037412617
s55-122-40,u040,2025-06-25,variable,empirical,120,0.017018779342723,0,0.0002896388503162951,0.017165263130094227
s55-122-40,u040,2025-06-25,variable,hazard,30,0.000688985102558326,0,4.74700471547307e-07,0.0006892225618709835
s55-122-40,u040,2025-06-25,variable,hazard,60,0.0018114244401403745,0,3.2812585023378694e-06,0.0018130670533377294
s55-122-40,u040,2025-06-25,variable,hazard,120,0.006667632597921469,0,4.4457324460865e-05,0.0066899605652843055
s55-122-40,u040,2025-06-25,variable,hazard_cal,30,0.0006106699781160962,0,3.7291782217231347e-07,0.0006108565129718725
s55-122-40,u040,2025-06-25,variable,hazard_cal,60,0.0016156300853515937,0,2.6102605726931977e-06,0.001616936623082014
s55-122-40,u040,2025-06-25,variable,hazard_cal,120,0.0060371416751965334,0,3.6447079606394805e-05,0.0060554388941035904
s55-122-11,u011,2025-06-25,variable,empirical,30,0.0011737089201877549,0,1.3775926293283055e-06,0.0011743982559415578
s55-122-11,u011,2025-06-25,variable,empirical,60,0.0046948356807511304,0,2.2041482069253932e-05,0.004705891037412617
s55-122-11,u011,2025-06-25,variable,empirical,120,0.017018779342723,0,0.0002896388503162951,0.017165263130094227
s55-122-11,u011,2025-06-25,variable,hazard,30,0.0014123025881657147,0,1.9945986005395764e-06,0.0014133008274539707
s55-122-11,u011,2025-06-25,variable,hazard,60,0.0037106568535467677,0,1.3768974284773599e-05,0.003717558418872716
s55-122-11,u011,2025-06-25,variable,hazard,120,0.013619338573928053,0,0.0001854863831912846,0.013712932528899185
s55-122-11,u011,2025-06-25,variable,hazard_cal,30,0.0012703429434007818,0,1.613771193848162e-06,0.0012711505129970487
s55-122-11,u011,2025-06-25,variable,hazard_cal,60,0.0033588535154741583,0,1.1281896938413112e-05,0.003364507127262473
s55-122-11,u011,2025-06-25,variable,hazard_cal,120,0.01251729947453839,0,0.00015668278613527905,0.012596300815538797
s55-122-15,u015,2025-06-25,regular,empirical,30,0.0011737089201877549,0,1.3775926293283055e-06,0.0011743982559415578
s55-122-15,u015,2025-06-25,regular,empirical,60,0.0046948356807511304,0,2.2041482069253932e-05,0.004705891037412617
s55-122-15,u015,2025-06-25,regular,empirical,120,0.017018779342723,0,0.0002896388503162951,0.017165263130094227
s55-122-15,u015,2025-06-25,regular,hazard,30,0.004206536325511934,0,1.769494785785144e-05,0.0042154086894633175
s55-122-15,u015,2025-06-25,regular,hazard,60,0.011023954785261192,0,0.00012152757910748314,0.011085168871429915
s55-122-15,u015,2025-06-25,regular,hazard,120,0.04001730864326536,0,0.0016013849910503605,0.04084002451952934
s55-122-15,u015,2025-06-25,regular,hazard_cal,30,0.0038697951335848746,0,1.4975314375917178e-05,0.0038773021641448717
s55-122-15,u015,2025-06-25,regular,hazard_cal,60,0.010207339871381116,0,0.00010418978724988666,0.010259792001425213
s55-122-15,u015,2025-06-25,regular,hazard_cal,120,0.03763918751788009,0,0.0014167084370061405,0.0383658336854781
s55-122-46,u046,2025-06-25,variable,empirical,30,0.0011737089201877549,0,1.3775926293283055e-06,0.0011743982559415578
s55-122-46,u046,2025-06-25,variable,empirical,60,0.0046948356807511304,0,2.2041482069253932e-05,0.004705891037412617
s55-122-46,u046,2025-06-25,variable,empirical,120,0.017018779342723,0,0.0002896388503162951,0.017165263130094227
s55-122-46,u046,2025-06-25,variable,hazard,30,0.002772094408712067,0,7.684507410812704e-06,0.0027759437779398778
s55-122-46,u046,2025-06-25,variable,hazard,60,0.00727429310137806,0,5.2915340124756434e-05,0.007300879782778454
s55-122-46,u046,2025-06-25,variable,hazard,120,0.026555765405799847,0,0.0007052086762878759,0.026914739226972892
s55-122-46,u046,2025-06-25,variable,hazard_cal,30,0.002528305521749541,0,6.392328811309218e-06,0.0025315070836447783
s55-122-46,u046,2025-06-25,variable,hazard_cal,60,0.006677189835384234,0,4.4584864097758534e-05,0.006699582000922215
s55-122-46,u046,2025-06-25,variable,hazard_cal,120,0.02475640354501052,0,0.0006128795164834094,0.025067996671796308
s55-122-52,u052,2025-06-25,variable,empirical,30,0.0011737089201877549,0,1.3775926293283055e-06,0.0011743982559415578
s55-122-52,u052,2025-06-25,variable,empirical,60,0.0046948356807511304,0,2.2041482069253932e-05,0.004705891037412617
s55-122-52,u052,2025-06-25,variable,empirical,120,0.017018779342723,0,0.0002896388503162951,0.017165263130094227
s55-122-52,u052,2025-06-25,variable,hazard,30,0.001450286952698554,0,2.1033322451676577e-06,0.0014513396367401951
s55-122-52,u052,2025-06-25,variable,hazard,60,0.0038103238464570754,0,1.4518567814879443e-05,0.0038176016233712516
s55-122-52,u052,2025-06-25,variable,hazard,120,0.013983044000251965,0,0.0001955255195129825,0.014081727773055767
s55-122-52,u052,2025-06-25,variable,hazard_cal,30,0.0013052208581713076,0,1.7036014886054447e-06,0.0013060734008339988
s55-122-52,u052,2025-06-25,variable,hazard_cal,60,0.0034509611006658947,0,1.1909132518309162e-05,0.003456929401797767
s55-122-52,u052,2025-06-25,variable,hazard_cal,120,0.012858723028497332,0,0.0001653467579236076,0.012942112029473481
s55-122-18,u018,2025-06-25,regular,empirical,30,0.0011737089201877549,0,1.3775926293283055e-06,0.0011743982559415578
s55-122-18,u018,2025-06-25,regular,empirical,60,0.0046948356807511304,0,2.2041482069253932e-05,0.004705891037412617
s55-122-18,u018,2025-06-25,regular,empirical,120,0.017018779342723,0,0.0002896388503162951,0.017165263130094227
s55-122-18,u018,2025-06-25,regular,hazard,30,0.0014454439645803507,0,2.089308254741762e-06,0.001446489626459623
s55-122-18,u018,2025-06-25,regular,hazard,60,0.0037976167385679327,0,1.4421892893051342e-05,0.0038048459934446333
s55-122-18,u018,2025-06-25,regular,hazard,120,0.013936679247613215,0,0.00019423102845085284,0.014034706611499756
s55-122-18,u018,2025-06-25,regular,hazard_cal,30,0.0013007728818109632,0,1.692010090054798e-06,0.001301619621212741
s55-122-18,u018,2025-06-25,regular,hazard_cal,60,0.0034392149623818646,0,1.182819955747129e-05,0.0034451426571406522
s55-122-18,u018,2025-06-25,regular,hazard_cal,120,0.012815187968576724,0,0.00016422904266995365,0.012898010844598141
s55-122-24,u024,2025-06-25,variable,empirical,30,0.0011737089201877549,0,1.3775926293283055e-06,0.0011743982559415578
s55-122-24,u024,2025-06-25,variable,empirical,60,0.0046948356807511304,0,2.2041482069253932e-05,0.004705891037412617
s55-122-24,u024,2025-06-25,variable,empirical,120,0.017018779342723,0,0.0002896388503162951,0.017165263130094227
s55-122-24,u024,2025-06-25,variable,hazard,30,0.00026803152427679056,0,7.184089800613976e-08,0.000268067451145626
s55-122-24,u024,2025-06-25,variable,hazard,60,0.000704958400590483,0,4.969663465630919e-07,0.0007052070006057435
s55-122-24,u024,2025-06-25,variable,hazard,120,0.0025992087022144172,0,6.755885877667155e-06,0.002602592509906649
s55-122-24,u024,2025-06-25,variable,hazard_cal,30,0.00023301596089331245,0,5.429643803103372e-08,0.00023304311333037736
s55-122-24,u024,2025-06-25,variable,hazard_cal,60,0.0006166985010985782,0,3.80317041257233e-07,0.0006168887378357013
s55-122-24,u024,2025-06-25,variable,hazard_cal,120,0.0023079844969038366,0,5.326792437948456e-06,0.002310651998281068
s55-122-30,u030,2025-06-25,variable,empirical,30,0.0011737089201877549,0,1.3775926293283055e-06,0.0011743982559415578
s55-122-30,u030,2025-06-25,variable,empirical,60,0.0046948356807511304,0,2.2041482069253932e-05,0.004705891037412617
s55-122-30,u030,2025-06-25,variable,empirical,120,0.017018779342723,0,0.0002896388503162951,0.017165263130094227
s55-122-30,u030,2025-06-25,variable,hazard,30,0.001175900999133228,0,1.3827431597625241e-06,0.0011765929131812417
s55-122-30,u030,2025-06-25,variable,hazard,60,0.003090208026689578,0,9.549385648216697e-06,0.0030949925788972764
s55-122-30,u030,2025-06-25,variable,hazard,120,0.011352722186625863,0,0.00012888430104670713,0.011417656257238024
s55-122-30,u030,2025-06-25,variable,hazard_cal,30,0.001053731480690212,0,1.1103500333975868e-06,0.0010542870460189852
s55-122-30,u030,2025-06-25,variable,hazard_cal,60,0.0027866803056180167,0,7.765587125719324e-06,0.002790570327693552
s55-122-30,u030,2025-06-25,variable,hazard_cal,120,0.010394190213539045,0,0.00010803919019523086,0.010448587077861688
s55-122-31,u031,2025-06-25,regular,empirical,30,0.0011737089201877549,0,1.3775926293283055e-06,0.0011743982559415578
s55-122-31,u031,2025-06-25,regular,empirical,60,0.0046948356807511304,0,2.2041482069253932e-05,0.004705891037412617
s55-122-31,u031,2025-06-25,regular,empirical,120,0.017018779342723,0,0.0002896388503162951,0.017165263130094227
s55-122-31,u031,2025-06-25,regular,hazard,30,0.0038348627540832902,0,1.4706172342655278e-05,0.0038422346932064245
s55-122-31,u031,2025-06-25,regular,hazard,60,0.010053338457929772,0,0.00010106961414968978,0.010104214535163636
s55-122-31,u031,2025-06-25,regular,hazard,120,0.036547422267178,0,0.0013357140743754181,0.0372320110906103
s55-122-31,u031,2025-06-25,regular,hazard_cal,30,0.003521129580201343,0,1.2398353520568887e-05,0.0035273433475697673
s55-122-31,u031,2025-06-25,regular,hazard_cal,60,0.009290666148868865,0,8.631647748973782e-05,0.009334093576724602
s55-122-31,u031,2025-06-25,regular,hazard_cal,120,0.034307476654667934,0,0.0011770029544105854,0.03490979425179466
s55-122-42,u042,2025-06-25,variable,empirical,30,0.0011737089201877549,0,1.3775926293283055e-06,0.0011743982559415578
s55-122-42,u042,2025-06-25,variable,empirical,60,0.0046948356807511304,0,2.2041482069253932e-05,0.004705891037412617
s55-122-42,u042,2025-06-25,variable,empirical,120,0.017018779342723,0,0.0002896388503162951,0.017165263130094227
s55-122-42,u042,2025-06-25,variable,hazard,30,0.0010046616831493882,0,1.0093450975885617e-06,0.0010051666939698632
s55-122-42,u042,2025-06-25,variable,hazard,60,0.002640613409141901,0,6.9728391765400125e-06,0.0026441059784352364
s55-122-42,u042,2025-06-25,variable,hazard,120,0.009707605578938128,0,9.423760607623066e-05,0.00975503156004411
s55-122-42,u042,2025-06-25,variable,hazard_cal,30,0.0008973793595505875,0,8.052897149474226e-07,0.0008977822454537568
s55-122-42,u042,2025-06-25,variable,hazard_cal,60,0.002373537755488875,0,5.633681476731166e-06,0.002376359061428824
s55-122-42,u042,2025-06-25,variable,hazard_cal,120,0.008858840983782534,0,7.84790635759451e-05,0.008898313810819717
s55-122-51,u051,2025-06-25,regular,empirical,30,0.0011737089201877549,0,1.3775926293283055e-06,0.0011743982559415578
s55-122-51,u051,2025-06-25,regular,empirical,60,0.0046948356807511304,0,2.2041482069253932e-05,0.004705891037412617
s55-122-51,u051,2025-06-25,regular,empirical,120,0.017018779342723,0,0.0002896388503162951,0.017165263130094227
s55-122-51,u051,2025-06-25,regular,hazard,30,0.0019353630767368069,0,3.7456302387961593e-06,0.0019372383117539018
s55-122-51,u051,2025-06-25,regular,hazard,60,0.005082503444677533,0,2.583184126515899e-05,0.005095463296286369
s55-122-51,u051,2025-06-25,regular,hazard,120,0.018615855813300497,0,0.0003465500876615939,0.018791311777717444
s55-122-51,u051,2025-06-25,regular,hazard_cal,30,0.0017521419652475334,0,3.0700014663814887e-06,0.0017536787613663932
s55-122-51,u051,2025-06-25,regular,hazard_cal,60,0.0046306890364484765,0,2.144328095228412e-05,0.004641443891361031
s55-122-51,u051,2025-06-25,regular,hazard_cal,120,0.01722312464117004,0,0.0002966360224052786,0.017373167957852265
s55-122-53,u053,2025-06-25,regular,empirical,30,0.0011737089201877549,0,1.3775926293283055e-06,0.0011743982559415578
s55-122-53,u053,2025-06-25,regular,empirical,60,0.0046948356807511304,0,2.2041482069253932e-05,0.004705891037412617
s55-122-53,u053,2025-06-25,regular,empirical,120,0.017018779342723,0,0.0002896388503162951,0.017165263130094227
s55-122-53,u053,2025-06-25,regular,hazard,30,0.0032282425878229493,0,1.0421550205833812e-05,0.003233464604579091
s55-122-53,u053,2025-06-25,regular,hazard,60,0.008467743467110878,0,7.170267942479895e-05,0.008503798487542482
s55-122-53,u053,2025-06-25,regular,hazard,120,0.03085697417380373,0,0.0009521528551627905,0.03134307651157352
s55-122-53,u053,2025-06-25,regular,hazard_cal,30,0.002953609058148121,0,8.723806468374631e-06,0.002957979569358178
s55-122-53,u053,2025-06-25,regular,hazard_cal,60,0.007797333766755843,0,6.079841387019086e-05,0.007827891925446728
s55-122-53,u053,2025-06-25,regular,hazard_cal,120,0.028859510915247744,0,0.0008328713702673037,0.029284136208418226
s55-122-21,u021,2025-06-25,regular,empirical,30,0.0011737089201877549,0,1.3775926293283055e-06,0.0011743982559415578
s55-122-21,u021,2025-06-25,regular,empirical,60,0.0046948356807511304,0,2.2041482069253932e-05,0.004705891037412617
s55-122-21,u021,2025-06-25,regular,empirical,120,0.017018779342723,0,0.0002896388503162951,0.017165263130094227
s55-122-21,u021,2025-06-25,regular,hazard,30,0.0027026935726918166,0,7.304552547869656e-06,0.0027063524429895205
s55-122-21,u021,2025-06-25,regular,hazard,60,0.007092627693714659,0,5.030536760164812e-05,0.007117899946198561
s55-122-21,u021,2025-06-25,regular,hazard,120,0.025899674078644463,0,0.000670793117380008,0.026240976618120006
s55-122-21,u021,2025-06-25,regular,hazard_cal,30,0.0024637194665725337,0,6.06991360996845e-06,0.0024667594174614463
s55-122-21,u021,2025-06-25,regular,hazard_cal,60,0.006507008909464096,0,4.234116494784512e-05,0.00652827178058994
s55-122-21,u021,2025-06-25,regular,hazard_cal,120,0.02413177914809228,0,0.0005823427648523014,0.02442772130396089
s55-122-23,u023,2025-06-25,variable,empirical,30,0.0011737089201877549,0,1.3775926293283055e-06,0.0011743982559415578
s55-122-23,u023,2025-06-25,variable,empirical,60,0.0046948356807511304,0,2.2041482069253932e-05,0.004705891037412617
s55-122-23,u023,2025-06-25,variable,empirical,120,0.017018779342723,0,0.0002896388503162951,0.017165263130094227
s55-122-23,u023,2025-06-25,variable,hazard,30,0.0013030721971174497,0,1.6979971509004978e-06,0.0013039219339520767
s55-122-23,u023,2025-06-25,variable,hazard,60,0.0034240091239461368,0,1.1723838480866391e-05,0.00342988445848637
s55-122-23,u023,2025-06-25,variable,hazard,120,0.012572689703119866,0,0.0001580725263709363,0.01265239474214048
s55-122-23,u023,2025-06-25,variable,hazard_cal,30,0.0011701553470035986,0,1.3692635361211122e-06,0.0011708405133245016
s55-122-23,u023,2025-06-25,variable,hazard_cal,60,0.00309423928685304,0,9.57431676430481e-06,0.003099036343284645
s55-122-23,u023,2025-06-25,variable,hazard_cal,120,0.011535887910896547,0,0.00013307670989276912,0.011602942453787367
s55-122-26,u026,2025-06-25,variable,empirical,30,0.0011737089201877549,0,1.3775926293283055e-06,0.0011743982559415578
s55-122-26,u026,2025-06-25,variable,empirical,60,0.0046948356807511304,0,2.2041482069253932e-05,0.004705891037412617
s55-122-26,u026,2025-06-25,variable,empirical,120,0.017018779342723,0,0.0002896388503162951,0.017165263130094227
s55-122-26,u026,2025-06-25,variable,hazard,30,0.0006710417094303311,0,4.5029697579518097e-07,0.000671266958691632
s55-122-26,u026,2025-06-25,variable,hazard,60,0.0017642780652534773,0,3.112677091534553e-06,0.001765836236767497
s55-122-26,u026,2025-06-25,variable,hazard,120,0.006494555226898124,0,4.217924759522975e-05,0.006515736609609072
s55-122-26,u026,2025-06-25,variable,hazard_cal,30,0.0005944445477358284,0,3.533643203328536e-07,0.0005946212999457242
s55-122-26,u026,2025-06-25,variable,hazard_cal,60,0.0015727266093159553,0,2.4734689876504615e-06,0.0015739646420380512
s55-122-26,u026,2025-06-25,variable,hazard_cal,120,0.005877213506089163,0,3.454163859615687e-05,0.005894552294606087
s55-122-43,u043,2025-06-25,regular,empirical,30,0.0011737089201877549,0,1.3775926293283055e-06,0.0011743982559415578
s55-122-43,u043,2025-06-25,regular,empirical,60,0.0046948356807511304,0,2.2041482069253932e-05,0.004705891037412617
s55-122-43,u043,2025-06-25,regular,empirical,120,0.017018779342723,0,0.0002896388503162951,0.017165263130094227
s55-122-43,u043,2025-06-25,regular,hazard,30,0.0045912248551989165,0,2.1079345670996312e-05,0.004601796899533956
s55-122-43,u043,2025-06-25,regular,hazard,60,0.012027862818578816,0,0.00014466948398255075,0.012100782865310864
s55-122-43,u043,2025-06-25,regular,hazard,120,0.043595456501337226,0,0.0019005638275599863,0.04457429278329719
s55-122-43,u043,2025-06-25,regular,hazard_cal,30,0.004231348628363052,0,1.790431121474988e-05,0.004240326117511328
s55-122-43,u043,2025-06-25,regular,hazard_cal,60,0.011157270870122638,0,0.00012448469326928715,0.011219980095585202
s55-122-43,u043,2025-06-25,regular,hazard_cal,120,0.041081776924538516,0,0.0016877123952775454,0.041949480857221874
s55-122-48,u048,2025-06-25,regular,empirical,30,0.0011737089201877549,0,1.3775926293283055e-06,0.0011743982559415578
s55-122-48,u048,2025-06-25,regular,empirical,60,0.0046948356807511304,0,2.2041482069253932e-05,0.004705891037412617
s55-122-48,u048,2025-06-25,regular,empirical,120,0.017018779342723,0,0.0002896388503162951,0.017165263130094227
s55-122-48,u048,2025-06-25,regular,hazard,30,0.0004937515245532209,0,2.437905679986299e-07,0.0004938734599760728
s55-122-48,u048,2025-06-25,regular,hazard,60,0.0012983637987221686,0,1.68574855383226e-06,0.0012992074032818924
s55-122-48,u048,2025-06-25,regular,hazard,120,0.004782825798507306,0,2.2875422618867053e-05,0.004794300110861024
s55-122-48,u048,2025-06-25,regular,hazard_cal,30,0.00043465054235403144,0,1.889210939686537e-07,0.0004347450302814937
s55-122-48,u048,2025-06-25,regular,hazard_cal,60,0.0011501285094752678,0,1.3227955883078011e-06,0.0011507904148355776
s55-122-48,u048,2025-06-25,regular,hazard_cal,120,0.004300790302388724,0,1.849679722512089e-05,0.004310065303778217
s55-122-5,u005,2025-06-25,variable,empirical,30,0.0011737089201877549,0,1.3775926293283055e-06,0.0011743982559415578
s55-122-5,u005,2025-06-25,variable,empirical,60,0.0046948356807511304,0,2.2041482069253932e-05,0.004705891037412617
s55-122-5,u005,2025-06-25,variable,empirical,120,0.017018779342723,0,0.0002896388503162951,0.017165263130094227
s55-122-5,u005,2025-06-25,variable,hazard,30,0.00018974348695799392,0,3.600259084297841e-08,0.00018976149053082523
s55-122-5,u005,2025-06-25,variable,hazard,60,0.0004990862330513934,0,2.490870680214298e-07,0.0004992108180395636
s55-122-5,u005,2025-06-25,variable,hazard,120,0.0018407228001628972,0,3.3882604270395373e-06,0.001842419012200134
s55-122-5,u005,2025-06-25,variable,hazard_cal,30,0.00016379367706476078,0,2.682836864639514e-08,0.00016380709271403632
s55-122-5,u005,2025-06-25,variable,hazard_cal,60,0.0004335230470247087,0,1.8794223230158777e-07,0.0004336170453087895
s55-122-5,u005,2025-06-25,variable,hazard_cal,120,0.0016229127076921035,0,2.633845656788515e-06,0.0016242310570909004
s55-122-57,u057,2025-06-25,new,empirical,30,0.0011737089201877549,0,1.3775926293283055e-06,0.0011743982559415578
s55-122-57,u057,2025-06-25,new,empirical,60,0.0046948356807511304,0,2.2041482069253932e-05,0.004705891037412617
s55-122-57,u057,2025-06-25,new,empirical,120,0.017018779342723,0,0.0002896388503162951,0.017165263130094227
s55-122-57,u057,2025-06-25,new,hazard,30,0.0009200341215455099,0,8.46462784808018e-07,0.0009204576127087189
s55-122-57,u057,2025-06-25,new,hazard,60,0.002418368845450991,0,5.84850787264796e-06,0.002421297822571564
s55-122-57,u057,2025-06-25,new,hazard,120,0.00889356070125824,0,7.909542194696497e-05,0.008933344467442806
s55-122-57,u057,2025-06-25,new,hazard_cal,30,0.000820306373160995,0,6.729025458485455e-07,0.0008206430085426087
s55-122-57,u057,2025-06-25,new,hazard_cal,60,0.002169837184314183,0,4.708193406432501e-06,0.0021721946919065157
s55-122-57,u057,2025-06-25,new,hazard_cal,120,0.008101111624260637,0,6.562800954873083e-05,0.008134103932763384
s55-122-22,u022,2025-06-25,variable,empirical,30,0.0011737089201877549,0,1.3775926293283055e-06,0.0011743982559415578
s55-122-22,u022,2025-06-25,variable,empirical,60,0.0046948356807511304,0,2.2041482069253932e-05,0.004705891037412617
s55-122-22,u022,2025-06-25,variable,empirical,120,0.017018779342723,0,0.0002896388503162951,0.017165263130094227
s55-122-22,u022,2025-06-25,variable,hazard,30,0.0009006010486526383,0,8.110822488342319e-07,0.0009010068334288123
s55-122-22,u022,2025-06-25,variable,hazard,60,0.002367329845343047,0,5.604250596651935e-06,0.0023701364008780782
s55-122-22,u022,2025-06-25,variable,hazard,120,0.008706535996846121,0,7.580376906437728e-05,0.008744659324091575
s55-122-22,u022,2025-06-25,variable,hazard_cal,30,0.0008026281861551743,0,6.442120052107451e-07,0.0008029504646158363
s55-122-22,u022,2025-06-25,variable,hazard_cal,60,0.002123110399220307,0,4.507597767277412e-06,0.0021253673932347633
s55-122-22,u022,2025-06-25,variable,hazard_cal,120,0.007927229041427508,0,6.284096027525169e-05,0.007958816566676014
s55-122-25,u025,2025-06-25,variable,empirical,30,0.0011737089201877549,0,1.3775926293283055e-06,0.0011743982559415578
s55-122-25,u025,2025-06-25,variable,empirical,60,0.0046948356807511304,0,2.2041482069253932e-05,0.004705891037412617
s55-122-25,u025,2025-06-25,variable,empirical,120,0.017018779342723,0,0.0002896388503162951,0.017165263130094227
s55-122-25,u025,2025-06-25,variable,hazard,30,0.0006837764931421075,0,4.6755029257371863e-07,0.0006840103749097083
s55-122-25,u025,2025-06-25,variable,hazard,60,0.0017977389466042881,0,3.2318653201378956e-06,0.001799356818562742
s55-122-25,u025,2025-06-25,variable,hazard,120,0.006617394815336186,0,4.3789914142038234e-05,0.006639386846065207
s55-122-25,u025,2025-06-25,variable,hazard_cal,30,0.000605959154514002,0,3.671864969393241e-07,0.0006061428219628675
s55-122-25,u025,2025-06-25,variable,hazard_cal,60,0.001603173802387281,0,2.5701662406608927e-06,0.001604460260635566
s55-122-25,u025,2025-06-25,variable,hazard_cal,120,0.005990711481878019,0,3.588862405910513e-05,0.006008727783587589
s55-122-8,u008,2025-06-25,regular,empirical,30,0.0011737089201877549,0,1.3775926293283055e-06,0.0011743982559415578
s55-122-8,u008,2025-06-25,regular,empirical,60,0.0046948356807511304,0,2.2041482069253932e-05,0.004705891037412617
s55-122-8,u008,2025-06-25,regular,empirical,120,0.017018779342723,0,0.0002896388503162951,0.017165263130094227
s55-122-8,u008,2025-06-25,regular,hazard,30,0.004733463650661629,0,2.2405678132134915e-05,0.004744701967862771
s55-122-8,u008,2025-06-25,regular,hazard,60,0.012398879011008224,0,0.00015373220072962027,0.012476386447974117
s55-122-8,u008,2025-06-25,regular,hazard,120,0.04491507737387834,0,0.002017364175501478,0.04595501823909631
s55-122-8,u008,2025-06-25,regular,hazard_cal,30,0.0043651967423155025,0,1.9054942599121875e-05,0.004374752030897043
s55-122-8,u008,2025-06-25,regular,hazard_cal,60,0.01150877630735092,0,0.0001324519320926419,0.011575514819933812
s55-122-8,u008,2025-06-25,regular,hazard_cal,120,0.04235307301611835,0,0.0017937827939086522,0.04327612115222517
s55-122-13,u013,2025-06-25,variable,empirical,30,0.0011737089201877549,0,1.3775926293283055e-06,0.0011743982559415578
s55-122-13,u013,2025-06-25,variable,empirical,60,0.0046948356807511304,0,2.2041482069253932e-05,0.004705891037412617
s55-122-13,u013,2025-06-25,variable,empirical,120,0.017018779342723,0,0.0002896388503162951,0.017165263130094227
s55-122-13,u013,2025-06-25,variable,hazard,30,0.0008396909728325408,0,7.050809298564587e-07,0.000840043710771868
s55-122-13,u013,2025-06-25,variable,hazard,60,0.0022073439301552034,0,4.872367225993019e-06,0.002209783704710431
s55-122-13,u013,2025-06-25,variable,hazard,120,0.008120104527763683,0,6.593609754180826e-05,0.008153252139870212
s55-122-13,u013,2025-06-25,variable,hazard_cal,30,0.0007472701695846462,0,5.584127063510659e-07,0.0007475495151108772
s55-122-13,u013,2025-06-25,variable,hazard_cal,60,0.001976778812694535,0,3.907654474318016e-06,0.0019787352186113726
s55-122-13,u013,2025-06-25,variable,hazard_cal,120,0.007382528235968522,0,5.45017231548725e-05,0.00740991396473847
s55-122-2,u002,2025-06-25,variable,empirical,30,0.0011737089201877549,0,1.3775926293283055e-06,0.0011743982559415578
s55-122-2,u002,2025-06-25,variable,empirical,60,0.0046948356807511304,0,2.2041482069253932e-05,0.004705891037412617
s55-122-2,u002,2025-06-25,variable,empirical,120,0.017018779342723,0,0.0002896388503162951,0.017165263130094227
s55-122-2,u002,2025-06-25,variable,hazard,30,0.0005565615902408672,0,3.097608037314429e-07,0.00055671652813372
s55-122-2,u002,2025-06-25,variable,hazard,60,0.0014634444039914873,0,2.1416695235739998e-06,0.0014645162846393988
s55-122-2,u002,2025-06-25,variable,hazard,120,0.005389593940147597,0,2.9047722839675697e-05,0.005404170198567268
s55-122-2,u002,2025-06-25,variable,hazard_cal,30,0.000491145708735985,0,2.4122410720977296e-07,0.0004912663602962045
s55-122-2,u002,2025-06-25,variable,hazard_cal,60,0.001299552350798261,0,1.6888363124652863e-06,0.0013003975012453443
s55-122-2,u002,2025-06-25,variable,hazard_cal,120,0.004858423577057014,0,2.360427965410347e-05,0.004870264083247754
s55-122-37,u037,2025-06-25,variable,empirical,30,0.0011737089201877549,0,1.3775926293283055e-06,0.0011743982559415578
s55-122-37,u037,2025-06-25,variable,empirical,60,0.0046948356807511304,0,2.2041482069253932e-05,0.004705891037412617
s55-122-37,u037,2025-06-25,variable,empirical,120,0.017018779342723,0,0.0002896388503162951,0.017165263130094227
s55-122-37,u037,2025-06-25,variable,hazard,30,0.0024436729166203985,0,5.971537323424045e-06,0.002446663558375731
s55-122-37,u037,2025-06-25,variable,hazard,60,0.006414404548756081,0,4.11445857151027e-05,0.006435065239688887
s55-122-37,u037,2025-06-25,variable,hazard,120,0.0234470489845644,0,0.0005497641060845625,0.02372630482531651
s55-122-37,u037,2025-06-25,variable,hazard_cal,30,0.0022229800152129275,0,4.941640148036067e-06,0.002225454503125205
s55-122-37,u037,2025-06-25,variable,hazard_cal,60,0.005872493255077993,0,3.448617703093652e-05,0.005889804148935263
s55-122-37,u037,2025-06-25,variable,hazard_cal,120,0.02179997332138439,0,0.0004752388368130712,0.02204110360370988
s55-122-50,u050,2025-06-25,regular,empirical,30,0.0011737089201877549,0,1.3775926293283055e-06,0.0011743982559415578
s55-122-50,u050,2025-06-25,regular,empirical,60,0.0046948356807511304,0,2.2041482069253932e-05,0.004705891037412617
s55-122-50,u050,2025-06-25,regular,empirical,120,0.017018779342723,0,0.0002896388503162951,0.017165263130094227
s55-122-50,u050,2025-06-25,regular,hazard,30,0.0020992581219512196,0,4.4068846625781616e-06,0.0021014646528753084
s55-122-50,u050,2025-06-25,regular,hazard,60,0.005512085630423491,0,3.0383087997121136e-05,0.00552733323095502
s55-122-50,u050,2025-06-25,regular,hazard,120,0.02017620728743097,0,0.00040707934050538254,0.02038252683860189
s55-122-50,u050,2025-06-25,regular,hazard_cal,30,0.0019037036634786952,0,3.624087638342205e-06,0.0019055180103160158
s55-122-50,u050,2025-06-25,regular,hazard_cal,60,0.005030541301868197,0,2.530634578980177e-05,0.005043237070385482
s55-122-50,u050,2025-06-25,regular,hazard_cal,120,0.01869876129294612,0,0.00034964367389058007,0.018875793458192076
s55-122-7,u007,2025-06-25,variable,empirical,30,0.0011737089201877549,0,1.3775926293283055e-06,0.0011743982559415578
s55-122-7,u007,2025-06-25,variable,empirical,60,0.0046948356807511304,0,2.2041482069253932e-05,0.004705891037412617
s55-122-7,u007,2025-06-25,variable,empirical,120,0.017018779342723,0,0.0002896388503162951,0.017165263130094227
s55-122-7,u007,2025-06-25,variable,hazard,30,0.0005665063490372102,0,3.2092944349946944e-07,0.0005666668743875763
s55-122-7,u007,2025-06-25,variable,hazard,60,0.0014895799843939184,0,2.218848529906986e-06,0.0014906905116086155
s55-122-7,u007,2025-06-25,variable,hazard,120,0.005485629758884336,0,3.009213385155742e-05,0.005500731077960617
s55-122-7,u007,2025-06-25,variable,hazard_cal,30,0.0005001030366635906,0,2.501030472801446e-07,0.0005002281298953059
s55-122-7,u007,2025-06-25,variable,hazard_cal,60,0.0013232421158041463,0,1.7509696970378337e-06,0.0013241183737389
s55-122-7,u007,2025-06-25,variable,hazard_cal,120,0.004946807491247984,0,2.4470904355467176e-05,0.0049590834446779095
s55-122-34,u034,2025-06-25,regular,empirical,30,0.0011737089201877549,0,1.3775926293283055e-06,0.0011743982559415578
s55-122-34,u034,2025-06-25,regular,empirical,60,0.0046948356807511304,0,2.2041482069253932e-05,0.004705891037412617
s55-122-34,u034,2025-06-25,regular,empirical,120,0.017018779342723,0,0.0002896388503162951,0.017165263130094227
s55-122-34,u034,2025-06-25,regular,hazard,30,0.006245094858306155,0,3.9001209789241976e-05,0.006264677034135757
s55-122-34,u034,2025-06-25,regular,hazard,60,0.016335845699252505,0,0.00026685985470978655,0.016470746793170673
s55-122-34,u034,2025-06-25,regular,hazard,120,0.058826561019397317,0,0.003460564281368876,0.06062784290473219
s55-122-34,u034,2025-06-25,regular,hazard_cal,30,0.005792442211058346,0,3.3552386768450505e-05,0.005809283470614212
s55-122-34,u034,2025-06-25,regular,hazard_cal,60,0.01525151119905499,0,0.00023260859385489978,0.015369011734030689
s55-122-34,u034,2025-06-25,regular,hazard_cal,120,0.055803641567302664,0,0.0031140464121719898,0.057421127652756275
s55-122-54,u054,2025-06-25,new,empirical,30,0.0011737089201877549,0,1.3775926293283055e-06,0.0011743982559415578
s55-122-54,u054,2025-06-25,new,empirical,60,0.0046948356807511304,0,2.2041482069253932e-05,0.004705891037412617
s55-122-54,u054,2025-06-25,new,empirical,120,0.017018779342723,0,0.0002896388503162951,0.017165263130094227
s55-122-54,u054,2025-06-25,new,hazard,30,0.0008884792338933467,0,7.893953490597083e-07,0.0008888741655108986
s55-122-54,u054,2025-06-25,new,hazard,60,0.0023354922057386984,0,5.454523843066211e-06,0.0023382237214447537
s55-122-54,u054,2025-06-25,new,hazard,120,0.008589857143501245,0,7.378564574575937e-05,0.00862696260626054
s55-122-54,u054,2025-06-25,new,hazard_cal,30,0.0007916049843066375,0,6.266384511791118e-07,0.0007919184689804986
s55-122-54,u054,2025-06-25,new,hazard_cal,60,0.002093973221408474,0,4.384723851975782e-06,0.002096168648647088
s55-122-54,u054,2025-06-25,new,hazard_cal,120,0.007818789255124359,0,6.113346541604812e-05,0.007849516257934275
s55-122-10,u010,2025-06-25,variable,empirical,30,0.0011737089201877549,0,1.3775926293283055e-06,0.0011743982559415578
s55-122-10,u010,2025-06-25,variable,empirical,60,0.0046948356807511304,0,2.2041482069253932e-05,0.004705891037412617
s55-122-10,u010,2025-06-25,variable,empirical,120,0.017018779342723,0,0.0002896388503162951,0.017165263130094227
s55-122-10,u010,2025-06-25,variable,hazard,30,0.0007509250804021983,0,5.63888476377048e-07,0.0007512071658659269
s55-122-10,u010,2025-06-25,variable,hazard,60,0.0019741602139241587,0,3.897308550241081e-06,0.0019761114366397
s55-122-10,u010,2025-06-25,variable,hazard,120,0.007264856404432196,0,5.27781385770195e-05,0.007291373982708323
s55-122-10,u010,2025-06-25,variable,hazard_cal,30,0.0006667450231783167,0,4.4454892593305413e-07,0.0006669673964909769
s55-122-10,u010,2025-06-25,variable,hazard_cal,60,0.0017638944576614524,0,3.111323657768789e-06,0.0017654519512626924
s55-122-10,u010,2025-06-25,variable,hazard_cal,120,0.006589652558557368,0,4.342352084250167e-05,0.006611460174849717
s55-122-38,u038,2025-06-25,variable,empirical,30,0.0011737089201877549,0,1.3775926293283055e-06,0.0011743982559415578
s55-122-38,u038,2025-06-25,variable,empirical,60,0.0046948356807511304,0,2.2041482069253932e-05,0.004705891037412617
s55-122-38,u038,2025-06-25,variable,empirical,120,0.017018779342723,0,0.0002896388503162951,0.017165263130094227
s55-122-38,u038,2025-06-25,variable,hazard,30,0.0018526833754505256,0,3.4324356896707532e-06,0.0018544017159839836
s55-122-38,u038,2025-06-25,variable,hazard,60,0.004865744314293763,0,2.367546773208208e-05,0.00487762058843028
s55-122-38,u038,2025-06-25,variable,hazard,120,0.017827760146929328,0,0.00031782903185644163,0.017988589008872756
s55-122-38,u038,2025-06-25,variable,hazard_cal,30,0.0016757834373698488,0,2.808250128963106e-06,0.0016771891330815624
s55-122-38,u038,2025-06-25,variable,hazard_cal,60,0.004429196303061822,0,1.9617779891056512e-05,0.004439034253229913
s55-122-38,u038,2025-06-25,variable,hazard_cal,120,0.016478831711132624,0,0.00027155189456383016,0.016616117959262638
s55-123-36,u036,2025-06-26,regular,empirical,30,0.0011737089201877549,0,1.3775926293283055e-06,0.0011743982559415578
s55-123-36,u036,2025-06-26,regular,empirical,60,0.0046948356807511304,0,2.2041482069253932e-05,0.004705891037412617
s55-123-36,u036,2025-06-26,regular,empirical,120,0.017018779342723,0,0.0002896388503162951,0.017165263130094227
s55-123-36,u036,2025-06-26,regular,hazard,30,0.0006775314158928847,0,4.5904881952181706e-07,0.0006777610440286878
s55-123-36,u036,2025-06-26,regular,hazard,60,0.0017813299872768695,0,3.1731365235718122e-06,0.0017829184421938613
s55-123-36,u036,2025-06-26,regular,hazard,120,0.0065571567783327955,0,4.299630501563573e-05,0.006578749373286542
s55-123-36,u036,2025-06-26,regular,hazard_cal,30,0.0006003118905102411,0,3.6037436588797973e-07,0.0006004921498380071
s55-123-36,u036,2025-06-26,regular,hazard_cal,60,0.0015882412557219894,0,2.5225102863773615e-06,0.0015895038479096014
s55-123-36,u036,2025-06-26,regular,hazard_cal,120,0.0059350487764884274,0,3.522480397929678e-05,0.005952731177131514
s55-123-1,u001,2025-06-26,variable,empirical,30,0.0011737089201877549,0,1.3775926293283055e-06,0.0011743982559415578
s55-123-1,u001,2025-06-26,variable,empirical,60,0.0046948356807511304,0,2.2041482069253932e-05,0.004705891037412617
s55-123-1,u001,2025-06-26,variable,empirical,120,0.017018779342723,0,0.0002896388503162951,0.017165263130094227
s55-123-1,u001,2025-06-26,variable,hazard,30,0.00023078864579917369,0,5.326339902981645e-08,0.00023081528159692722
s55-123-1,u001,2025-06-26,variable,hazard,60,0.0006070253766485845,0,3.684798078953558e-07,0.0006072096911453577
s55-123-1,u001,2025-06-26,variable,hazard,120,0.002238457196034549,0,5.0106906184788555e-06,0.0022409662863706287
s55-123-1,u001,2025-06-26,variable,hazard_cal,30,0.0002000252045538664,0,4.00100824568161e-08,0.00020004521226317005
s55-123-1,u001,2025-06-26,variable,hazard_cal,60,0.0005294015543011454,0,2.8026600569646863e-07,0.0005295417367813923
s55-123-1,u001,2025-06-26,variable,hazard_cal,120,0.0019815444242601288,0,3.926518305316405e-06,0.0019835102807967786
s55-123-13,u013,2025-06-26,variable,empirical,30,0.0011737089201877549,0,1.3775926293283055e-06,0.0011743982559415578
s55-123-13,u013,2025-06-26,variable,empirical,60,0.0046948356807511304,0,2.2041482069253932e-05,0.004705891037412617
s55-123-13,u013,2025-06-26,variable,empirical,120,0.017018779342723,0,0.0002896388503162951,0.017165263130094227
s55-123-13,u013,2025-06-26,variable,hazard,30,0.0005281650176560682,0,2.789582858756348e-07,0.0005283045459304712
s55-123-13,u013,2025-06-26,variable,hazard,60,0.0013888134393634788,0,1.928802769356615e-06,0.0013897787345949976
s55-123-13,u013,2025-06-26,variable,hazard,120,0.005115318860845486,0,2.616648704812156e-05,0.0051284468928858564
s55-123-13,u013,2025-06-26,variable,hazard_cal,30,0.00046558696118348397,0,2.1677121842407101e-07,0.0004656953804463988
s55-123-13,u013,2025-06-26,variable,hazard_cal,60,0.001231954057662521,0,1.51771080019115e-06,0.0012327135368890392
s55-123-13,u013,2025-06-26,variable,hazard_cal,120,0.0046061861432820095,0,2.1216950786563194e-05,0.004616827308039581
s55-123-3,u003,2025-06-26,regular,empirical,30,0.0011737089201877549,0,1.3775926293283055e-06,0.0011743982559415578
s55-123-3,u003,2025-06-26,regular,empirical,60,0.0046948356807511304,0,2.2041482069253932e-05,0.004705891037412617
s55-123-3,u003,2025-06-26,regular,empirical,120,0.017018779342723,0,0.0002896388503162951,0.017165263130094227
s55-123-3,u003,2025-06-26,regular,hazard,30,0.005774524607100706,0,3.3345134438011565e-05,0.005791261637684336
s55-123-3,u003,2025-06-26,regular,hazard,60,0.0151114401653345,0,0.00022835562387048478,0.015226781434236471
s55-123-3,u003,2025-06-26,regular,hazard,120,0.05451791346582857,0,0.0029722028886675724,0.056060337087247496
s55-123-3,u003,2025-06-26,regular,hazard_cal,30,0.00534726864016799,0,2.8593281910124028e-05,0.005361616451715161
s55-123-3,u003,2025-06-26,regular,hazard_cal,60,0.014085175593245736,0,0.00019839217149256535,0.014185313093907017
s55-123-3,u003,2025-06-26,regular,hazard_cal,120,0.05162887874875133,0,0.0026655411208532666,0.053009375221547465
s55-123-49,u049,2025-06-26,regular,empirical,30,0.0011737089201877549,0,1.3775926293283055e-06,0.0011743982559415578
s55-123-49,u049,2025-06-26,regular,empirical,60,0.0046948356807511304,0,2.2041482069253932e-05,0.004705891037412617
s55-123-49,u049,2025-06-26,regular,empirical,120,0.017018779342723,0,0.0002896388503162951,0.017165263130094227
s55-123-49,u049,2025-06-26,regular,hazard,30,0.002176926077115171,0,4.739007145224048e-06,0.0021792990251348707
s55-123-49,u049,2025-06-26,regular,hazard,60,0.005715614599346885,0,3.266825024826726e-05,0.005732011232209811
s55-123-49,u049,2025-06-26,regular,hazard,120,0.02091476704490436,0,0.0004374274805426174,0.021136579000076573
s55-123-49,u049,2025-06-26,regular,hazard_cal,30,0.0019756138279848345,0,3.903049997324891e-06,0.0019775679271044912
s55-123-49,u049,2025-06-26,regular,hazard_cal,60,0.005220216444817072,0,2.7250659730738587e-05,0.005233889379224767
s55-123-49,u049,2025-06-26,regular,hazard_cal,120,0.019398109588471657,0,0.000376286655606356,0.019588721955799436
s55-123-5,u005,2025-06-26,variable,empirical,30,0.0011737089201877549,0,1.3775926293283055e-06,0.0011743982559415578
s55-123-5,u005,2025-06-26,variable,empirical,60,0.0046948356807511304,0,2.2041482069253932e-05,0.004705891037412617
s55-123-5,u005,2025-06-26,variable,empirical,120,0.017018779342723,0,0.0002896388503162951,0.017165263130094227
s55-123-5,u005,2025-06-26,variable,hazard,30,0.0003227028510685015,0,1.0413713008773945e-07,0.00032275493083804013
s55-123-5,u005,2025-06-26,variable,hazard,60,0.0008487087872758314,0,7.203066055992125e-07,0.0008490691444852782
s55-123-5,u005,2025-06-26,variable,hazard,120,0.0031285420952974485,0,9.78777564204815e-06,0.003133446214284749
s55-123-5,u005,2025-06-26,variable,hazard_cal,30,0.00028161292055706166,0,7.930583702467792e-08,0.00028165258092166284
s55-123-5,u005,2025-06-26,variable,hazard_cal,60,0.000745281358019656,0,5.554443026116227e-07,0.0007455592182355655
s55-123-5,u005,2025-06-26,variable,hazard_cal,120,0.0027886494895638103,0,7.776565975644499e-06,0.0027925450164097637
s55-123-54,u054,2025-06-26,new,empirical,30,0.0011737089201877549,0,1.3775926293283055e-06,0.0011743982559415578
s55-123-54,u054,2025-06-26,new,empirical,60,0.0046948356807511304,0,2.2041482069253932e-05,0.004705891037412617
s55-123-54,u054,2025-06-26,new,empirical,120,0.017018779342723,0,0.0002896388503162951,0.017165263130094227
s55-123-54,u054,2025-06-26,new,hazard,30,0.0011099967638845687,0,1.232092815834215e-06,0.001110613266545349
s55-123-54,u054,2025-06-26,new,hazard,60,0.002917190909177192,0,8.510002800586052e-06,0.002921454203825813
s55-123-54,u054,2025-06-26,new,hazard,120,0.01071989839277332,0,0.00011491622155138399,0.010777770463624515
s55-123-54,u054,2025-06-26,new,hazard_cal,30,0.000993497239556218,0,9.870367650058254e-07,0.0009939910850552422
s55-123-54,u054,2025-06-26,new,hazard_cal,60,0.002627532403339683,0,6.903926530600011e-06,0.0026309904253096926
s55-123-54,u054,2025-06-26,new,hazard_cal,120,0.009802986169913708,0,9.609853784751942e-05,0.009851351783370675
s55-123-17,u017,2025-06-26,regular,empirical,30,0.0011737089201877549,0,1.3775926293283055e-06,0.0011743982559415578
s55-123-17,u017,2025-06-26,regular,empirical,60,0.0046948356807511304,0,2.2041482069253932e-05,0.004705891037412617
s55-123-17,u017,2025-06-26,regular,empirical,120,0.017018779342723,0,0.0002896388503162951,0.017165263130094227
s55-123-17,u017,2025-06-26,regular,hazard,30,0.0007747414939418551,0,6.002243824352575e-07,0.0007750417612294408
s55-123-17,u017,2025-06-26,regular,hazard,60,0.0020367285016344994,0,4.148262989370313e-06,0.002038805453733382
s55-123-17,u017,2025-06-26,regular,hazard,120,0.007494397417140419,0,5.616599264604099e-05,0.007522621516966309
s55-123-17,u017,2025-06-26,regular,hazard_cal,30,0.0006883320927324466,0,4.738010698854294e-07,0.0006885691020343693
s55-123-17,u017,2025-06-26,regular,hazard_cal,60,0.001820967315857347,0,3.315921965420711e-06,0.0018226272923214093
s55-123-17,u017,2025-06-26,regular,hazard_cal,120,0.006802268425571967,0,4.6270855733533326e-05,0.006825509307209744
s55-123-25,u025,2025-06-26,variable,empirical,30,0.0011737089201877549,0,1.3775926293283055e-06,0.0011743982559415578
s55-123-25,u025,2025-06-26,variable,empirical,60,0.0046948356807511304,0,2.2041482069253932e-05,0.004705891037412617
s55-123-25,u025,2025-06-26,variable,empirical,120,0.017018779342723,0,0.0002896388503162951,0.017165263130094227
s55-123-25,u025,2025-06-26,variable,hazard,30,0.000824988561631157,0,6.806061268222452e-07,0.0008253290519745406
s55-123-25,u025,2025-06-26,variable,hazard,60,0.0021687240229680826,0,4.703363887798864e-06,0.00217107911055142
s55-123-25,u025,2025-06-26,variable,hazard,120,0.007978499959039653,0,6.365646159639575e-05,0.008010498503742167
s55-123-25,u025,2025-06-26,variable,hazard_cal,30,0.0007339200604083995,0,5.386386550698688e-07,0.0007341895115810814
s55-123-25,u025,2025-06-26,variable,hazard_cal,60,0.0019414873208519756,0,3.769373017028982e-06,0.0019433744503146993
s55-123-25,u025,2025-06-26,variable,hazard_cal,120,0.007251123199195297,0,5.2578787649908245e-05,0.007277540373275016
s55-123-42,u042,2025-06-26,variable,empirical,30,0.0011737089201877549,0,1.3775926293283055e-06,0.0011743982559415578
s55-123-42,u042,2025-06-26,variable,empirical,60,0.0046948356807511304,0,2.2041482069253932e-05,0.004705891037412617
s55-123-42,u042,2025-06-26,variable,empirical,120,0.017018779342723,0,0.0002896388503162951,0.017165263130094227
s55-123-42,u042,2025-06-26,variable,hazard,30,0.00099756483042035,0,9.951355908915815e-07,0.0009980627293676562
s55-123-42,u042,2025-06-26,variable,hazard,60,0.0026219773407358815,0,6.874765175332405e-06,0.0026254207436568226
s55-123-42,u042,2025-06-26,variable,hazard,120,0.009639365793235655,0,9.291737289580164e-05,0.009686125209721107
s55-123-42,u042,2025-06-26,variable,hazard_cal,30,0.0008909107343879619,0,7.937219366476976e-07,0.0008913078312256945
s55-123-42,u042,2025-06-26,variable,hazard_cal,60,0.002356442576975315,0,5.552821618582063e-06,0.002359223357142718
s55-123-42,u042,2025-06-26,variable,hazard_cal,120,0.008795268369099718,0,7.735674568448601e-05,0.008834175039675336
s55-123-20,u020,2025-06-26,regular,empirical,30,0.0011737089201877549,0,1.3775926293283055e-06,0.0011743982559415578
s55-123-20,u020,2025-06-26,regular,empirical,60,0.0046948356807511304,0,2.2041482069253932e-05,0.004705891037412617
s55-123-20,u020,2025-06-26,regular,empirical,120,0.017018779342723,0,0.0002896388503162951,0.017165263130094227
s55-123-20,u020,2025-06-26,regular,hazard,30,0.0008967446993679573,0,8.041510558445281e-07,0.0008971470154303927
s55-123-20,u020,2025-06-26,regular,hazard,60,0.0023572013181835105,0,5.5563980544460795e-06,0.002359983890793313
s55-123-20,u020,2025-06-26,regular,hazard,120,0.008669418103569249,0,7.515881025449422e-05,0.00870721612515734
s55-123-20,u020,2025-06-26,regular,hazard_cal,30,0.0007991210088303946,0,6.385943867541076e-07,0.0007994404762305178
s55-123-20,u020,2025-06-26,regular,hazard_cal,60,0.0021138400856332007,0,4.468319907629777e-06,0.002116077399024854
s55-123-20,u020,2025-06-26,regular,hazard_cal,120,0.007892728791473735,0,6.229516777575845e-05,0.007924041244654763
s55-123-50,u050,2025-06-26,regular,empirical,30,0.0011737089201877549,0,1.3775926293283055e-06,0.0011743982559415578
s55-123-50,u050,2025-06-26,regular,empirical,60,0.0046948356807511304,0,2.2041482069253932e-05,0.004705891037412617
s55-123-50,u050,2025-06-26,regular,empirical,120,0.017018779342723,0,0.0002896388503162951,0.017165263130094227
s55-123-50,u050,2025-06-26,regular,hazard,30,0.0030053724524260472,0,9.032263577801354e-06,0.0030098976530982674
s55-123-50,u050,2025-06-26,regular,hazard,60,0.007884758374552492,0,6.216941462507565e-05,0.00791600745119689
s55-123-50,u050,2025-06-26,regular,hazard,120,0.028757835588095304,0,0.0008270131077119208,0.029179444862393003
s55-123-50,u050,2025-06-26,regular,hazard_cal,30,0.0027456413250797063,0,7.538546285985445e-06,0.002749417511842802
s55-123-50,u050,2025-06-26,regular,hazard_cal,60,0.007249708785575182,0,5.2558277475645976e-05,0.007276115629671089
s55-123-50,u050,2025-06-26,regular,hazard_cal,120,0.02685533233844084,0,0.0007212088750081064,0.027222525770560745
s55-123-7,u007,2025-06-26,variable,empirical,30,0.0011737089201877549,0,1.3775926293283055e-06,0.0011743982559415578
s55-123-7,u007,2025-06-26,variable,empirical,60,0.0046948356807511304,0,2.2041482069253932e-05,0.004705891037412617
s55-123-7,u007,2025-06-26,variable,empirical,120,0.017018779342723,0,0.0002896388503162951,0.017165263130094227
s55-123-7,u007,2025-06-26,variable,hazard,30,0.0004849668509546712,0,2.3519284652489025e-07,0.0004850844854120126
s55-123-7,u007,2025-06-26,variable,hazard,60,0.0012752739608983266,0,1.6263236753453065e-06,0.001276087814733985
s55-123-7,u007,2025-06-26,variable,hazard,120,0.004697932929818016,0,2.207057381306849e-05,0.004709002900986754
s55-123-7,u007,2025-06-26,variable,hazard_cal,30,0.0004267604243903822,0,1.8212445982585913e-07,0.00042685151253642753
s55-123-7,u007,2025-06-26,variable,hazard_cal,60,0.0011292587234011942,0,1.2752252643776948e-06,0.001129896816460052
s55-123-7,u007,2025-06-26,variable,hazard_cal,120,0.004222886046928109,0,1.7832766565340113e-05,0.004231827611895903
s55-123-8,u008,2025-06-26,regular,empirical,30,0.0011737089201877549,0,1.3775926293283055e-06,0.0011743982559415578
s55-123-8,u008,2025-06-26,regular,empirical,60,0.0046948356807511304,0,2.2041482069253932e-05,0.004705891037412617
s55-123-8,u008,2025-06-26,regular,empirical,120,0.017018779342723,0,0.0002896388503162951,0.017165263130094227
s55-123-8,u008,2025-06-26,regular,hazard,30,0.006692809039316128,0,4.479369283675167e-05,0.006715306321931531
s55-123-8,u008,2025-06-26,regular,hazard,60,0.01749979886430708,0,0.0003062429602912034,0.017654730520479195
s55-123-8,u008,2025-06-26,regular,hazard,120,0.06290759795309964,0,0.003957365880228826,0.06497338682792382
s55-123-8,u008,2025-06-26,regular,hazard_cal,30,0.006216650317769967,0,3.8646741173429436e-05,0.0062360541480412715
s55-123-8,u008,2025-06-26,regular,hazard_cal,60,0.016362020829038926,0,0.00026771572560990367,0.016497356970979787
s55-123-8,u008,2025-06-26,regular,hazard_cal,120,0.05976451281627848,0,0.003571796992167115,0.061624916811997305
s55-123-19,u019,2025-06-26,regular,empirical,30,0.0011737089201877549,0,1.3775926293283055e-06,0.0011743982559415578
s55-123-19,u019,2025-06-26,regular,empirical,60,0.0046948356807511304,0,2.2041482069253932e-05,0.004705891037412617
s55-123-19,u019,2025-06-26,regular,empirical,120,0.017018779342723,0,0.0002896388503162951,0.017165263130094227
s55-123-19,u019,2025-06-26,regular,hazard,30,0.012763613669089513,0,0.00016290983389376866,0.01284576839547764
s55-123-19,u019,2025-06-26,regular,hazard,60,0.033188255415506185,0,0.0011014602975248757,0.03375148233199983
s55-123-19,u019,2025-06-26,regular,hazard,120,0.11652052833888815,0,0.013577033524373637,0.12388722273724996
s55-123-19,u019,2025-06-26,regular,hazard_cal,30,0.012016633274781974,0,0.00014439947526059734,0.012089416674346785
s55-123-19,u019,2025-06-26,regular,hazard_cal,60,0.03145786323729505,0,0.0009895971594563592,0.0319632898407092
s55-123-19,u019,2025-06-26,regular,hazard_cal,120,0.11226633537067532,0,0.012603730057560944,0.11908350819635984
s55-123-9,u009,2025-06-26,regular,empirical,30,0.0011737089201877549,0,1.3775926293283055e-06,0.0011743982559415578
s55-123-9,u009,2025-06-26,regular,empirical,60,0.0046948356807511304,0,2.2041482069253932e-05,0.004705891037412617
s55-123-9,u009,2025-06-26,regular,empirical,120,0.017018779342723,0,0.0002896388503162951,0.017165263130094227
s55-123-9,u009,2025-06-26,regular,hazard,30,0.005225949815512387,0,2.7310551474253956e-05,0.005239652853022865
s55-123-9,u009,2025-06-26,regular,hazard,60,0.013682733989227591,0,0.000187217209419964,0.013777205334623408
s55-123-9,u009,2025-06-26,regular,hazard,120,0.0494699821325878,0,0.002447279132198556,0.05073553641880518
s55-123-9,u009,2025-06-26,regular,hazard_cal,30,0.004829267120665559,0,2.332182092274142e-05,0.0048409657100655454
s55-123-9,u009,2025-06-26,regular,hazard_cal,60,0.012726819202034001,0,0.00016197192700126135,0.01280849892089791
s55-123-9,u009,2025-06-26,regular,hazard_cal,120,0.04674765668128611,0,0.0021853434051913936,0.04787562200598119
s55-123-23,u023,2025-06-26,variable,empirical,30,0.0011737089201877549,0,1.3775926293283055e-06,0.0011743982559415578
s55-123-23,u023,2025-06-26,variable,empirical,60,0.0046948356807511304,0,2.2041482069253932e-05,0.004705891037412617
s55-123-23,u023,2025-06-26,variable,empirical,120,0.017018779342723,0,0.0002896388503162951,0.017165263130094227
s55-123-23,u023,2025-06-26,variable,hazard,30,0.0010525744228515599,0,1.1079129156412943e-06,0.0010531287683367729
s55-123-23,u023,2025-06-26,variable,hazard,60,0.002766424127800593,0,7.653102454877272e-06,0.0027702577509454347
s55-123-23,u023,2025-06-26,variable,hazard,120,0.010168186614348929,0,0.00010339201902422473,0.010220235754711626
s55-123-23,u023,2025-06-26,variable,hazard_cal,30,0.0009410750668688017,0,8.856222814821196e-07,0.0009415181560181215
s55-123-23,u023,2025-06-26,variable,hazard_cal,60,0.002489010701580474,0,6.195174272582124e-06,0.0024921134382826443
s55-123-23,u023,2025-06-26,variable,hazard_cal,120,0.009288167360896549,0,8.627005292402395e-05,0.009331571358819015
s55-123-26,u026,2025-06-26,variable,empirical,30,0.0011737089201877549,0,1.3775926293283055e-06,0.0011743982559415578
s55-123-26,u026,2025-06-26,variable,empirical,60,0.0046948356807511304,0,2.2041482069253932e-05,0.004705891037412617
s55-123-26,u026,2025-06-26,variable,empirical,120,0.017018779342723,0,0.0002896388503162951,0.017165263130094227
s55-123-26,u026,2025-06-26,variable,hazard,30,0.0012631378248596503,0,1.5955171645911687e-06,0.0012639362558650353
s55-123-26,u026,2025-06-26,variable,hazard,60,0.003319197082623404,0,1.1017069273295716e-05,0.003324717836959534
s55-123-26,u026,2025-06-26,variable,hazard,120,0.012189758197625356,0,0.00014859020491657455,0.012264662633782265
s55-123-26,u026,2025-06-26,variable,hazard_cal,30,0.001133569487117958,0,1.2849797821248704e-06,0.001134212462960146
s55-123-26,u026,2025-06-26,variable,hazard_cal,60,0.002997596924451007,0,8.985587321478137e-06,0.0030020987167351074
s55-123-26,u026,2025-06-26,variable,hazard_cal,120,0.011177256419718562,0,0.0001249310610721398,0.011240191349583803
s55-123-4,u004,2025-06-26,variable,empirical,30,0.0011737089201877549,0,1.3775926293283055e-06,0.0011743982559415578
s55-123-4,u004,2025-06-26,variable,empirical,60,0.0046948356807511304,0,2.2041482069253932e-05,0.004705891037412617
s55-123-4,u004,2025-06-26,variable,empirical,120,0.017018779342723,0,0.0002896388503162951,0.017165263130094227
s55-123-4,u004,2025-06-26,variable,hazard,30,0.0009290442748415284,0,8.631232646158214e-07,0.0009294761039534627
s55-123-4,u004,2025-06-26,variable,hazard,60,0.0024420324856421205,0,5.963522660931433e-06,0.002445019110252914
s55-123-4,u004,2025-06-26,variable,hazard,120,0.008980262732612099,0,8.064511874674171e-05,0.009020828334448044
s55-123-4,u004,2025-06-26,variable,hazard_cal,30,0.0008285054901722155,0,6.864213472455031e-07,0.0008288488905316615
s55-123-4,u004,2025-06-26,variable,hazard_cal,60,0.0021915084787101913,0,4.802709412258657e-06,0.0021939133475857527
s55-123-4,u004,2025-06-26,variable,hazard_cal,120,0.008181747640101489,0,6.694099444630629e-05,0.008215401829756261
s55-123-34,u034,2025-06-26,regular,empirical,30,0.0011737089201877549,0,1.3775926293283055e-06,0.0011743982559415578
s55-123-34,u034,2025-06-26,regular,empirical,60,0.0046948356807511304,0,2.2041482069253932e-05,0.004705891037412617
s55-123-34,u034,2025-06-26,regular,empirical,120,0.017018779342723,0,0.0002896388503162951,0.017165263130094227
s55-123-34,u034,2025-06-26,regular,hazard,30,0.0051070650606459544,0,2.6082113533670667e-05,0.005120150689196677
s55-123-34,u034,2025-06-26,regular,hazard,60,0.013372921281408323,0,0.00017883502359874364,0.01346314405743286
s55-123-34,u034,2025-06-26,regular,hazard,120,0.04837244635369142,0,0.002339893566240755,0.04958154590074157
s55-123-34,u034,2025-06-26,regular,hazard_cal,30,0.004717154489579212,0,2.2251546478557313e-05,0.00472831537506441
s55-123-34,u034,2025-06-26,regular,hazard_cal,60,0.012432653963941442,0,0.00015457088458710886,0.012510586014745636
s55-123-34,u034,2025-06-26,regular,hazard_cal,120,0.04568786053232665,0,0.0020873806000213315,0.0467644708312101
s55-123-46,u046,2025-06-26,variable,empirical,30,0.0011737089201877549,0,1.3775926293283055e-06,0.0011743982559415578
s55-123-46,u046,2025-06-26,variable,empirical,60,0.0046948356807511304,1,0.990632370120567,5.361292165709434
s55-123-46,u046,2025-06-26,variable,empirical,120,0.017018779342723,1,0.9662520801648703,4.073437877402787
s55-123-46,u046,2025-06-26,variable,hazard,30,0.001780358726244935,0,3.1696771941164873e-06,0.00178194544841144
s55-123-46,u046,2025-06-26,variable,hazard,60,0.0046761058287076995,1,0.9906696543083059,5.365289603312832
s55-123-46,u046,2025-06-26,variable,hazard,120,0.017137845364670556,1,0.9660180150144022,4.066466081726637
s55-123-46,u046,2025-06-26,variable,hazard_cal,30,0.0016090459524421563,0,2.589028877070486e-06,0.0016103418571807642
s55-123-46,u046,2025-06-26,variable,hazard_cal,60,0.0042530679500705215,1,0.9915119526868469,5.460114685864248
s55-123-46,u046,2025-06-26,variable,hazard_cal,120,0.015827851401086224,1,0.9685948180778025,4.1459841438599785
s55-124-48,u048,2025-06-27,regular,empirical,30,0.0011737089201877549,0,1.3775926293283055e-06,0.0011743982559415578
s55-124-48,u048,2025-06-27,regular,empirical,60,0.0046948356807511304,0,2.2041482069253932e-05,0.004705891037412617
s55-124-48,u048,2025-06-27,regular,empirical,120,0.017018779342723,0,0.0002896388503162951,0.017165263130094227
s55-124-48,u048,2025-06-27,regular,hazard,30,0.0008632822920174865,0,7.452563157109649e-07,0.0008636551347698165
s55-124-48,u048,2025-06-27,regular,hazard,60,0.00226931081556514,0,5.14977157764092e-06,0.0022718896034735025
s55-124-48,u048,2025-06-27,regular,hazard,120,0.008347279039037536,0,6.967706735555541e-05,0.008382312665908505
s55-124-48,u048,2025-06-27,regular,hazard_cal,30,0.0007687016148424375,0,5.909021726613711e-07,0.0007689972174252646
s55-124-48,u048,2025-06-27,regular,hazard_cal,60,0.002033431780707251,0,4.134844806790262e-06,0.002035502010033459
s55-124-48,u048,2025-06-27,regular,hazard_cal,120,0.007593441003701851,0,5.766034627670057e-05,0.007622417959913019
s55-124-11,u011,2025-06-27,variable,empirical,30,0.0011737089201877549,0,1.3775926293283055e-06,0.0011743982559415578
s55-124-11,u011,2025-06-27,variable,empirical,60,0.0046948356807511304,1,0.990632370120567,5.361292165709434
s55-124-11,u011,2025-06-27,variable,empirical,120,0.017018779342723,1,0.9662520801648703,4.073437877402787
s55-124-11,u011,2025-06-27,variable,hazard,30,0.0019848746748180046,0,3.93972747473388e-06,0.0019868471490636697
s55-124-11,u011,2025-06-27,variable,hazard,60,0.005212290946619014,1,0.9896025860836741,5.256735798825709
s55-124-11,u011,2025-06-27,variable,hazard,120,0.019087491152743663,1,0.9621893500130188,3.9587220719479763
s55-124-11,u011,2025-06-27,variable,hazard_cal,30,0.0017979007264184999,0,3.2324470220561696e-06,0.0017995188897517523
s55-124-11,u011,2025-06-27,variable,hazard_cal,60,0.004751422301261687,1,0.9905197314113615,5.349311273911789
s55-124-11,u011,2025-06-27,variable,hazard_cal,120,0.017668878000476007,1,0.9649744332488437,4.035950492092951
s55-124-19,u019,2025-06-27,regular,empirical,30,0.0011737089201877549,0,1.3775926293283055e-06,0.0011743982559415578
s55-124-19,u019,2025-06-27,regular,empirical,60,0.0046948356807511304,0,2.2041482069253932e-05,0.004705891037412617
s55-124-19,u019,2025-06-27,regular,empirical,120,0.017018779342723,0,0.0002896388503162951,0.017165263130094227
s55-124-19,u019,2025-06-27,regular,hazard,30,0.004824942066228077,0,2.328006594245727e-05,0.004836619676871262
s55-124-19,u019,2025-06-27,regular,hazard,60,0.012637440493627583,0,0.00015970490222997816,0.012717972140040919
s55-124-19,u019,2025-06-27,regular,hazard,120,0.04576280043370906,0,0.002094233903535482,0.04684300157693225
s55-124-19,u019,2025-06-27,regular,hazard_cal,30,0.004451323494598758,0,1.9814280853566898e-05,0.004461260133452428
s55-124-19,u019,2025-06-27,regular,hazard_cal,60,0.011734912032820843,0,0.0001377081604180434,0.01180430956324388
s55-124-19,u019,2025-06-27,regular,hazard_cal,120,0.04317020812944283,0,0.001863666869939412,0.044129759282057146
s55-124-4,u004,2025-06-27,variable,empirical,30,0.0011737089201877549,0,1.3775926293283055e-06,0.0011743982559415578
s55-124-4,u004,2025-06-27,variable,empirical,60,0.0046948356807511304,0,2.2041482069253932e-05,0.004705891037412617
s55-124-4,u004,2025-06-27,variable,empirical,120,0.017018779342723,0,0.0002896388503162951,0.017165263130094227
s55-124-4,u004,2025-06-27,variable,hazard,30,0.0008429920656948253,0,7.106356228244287e-07,0.000843347583319304
s55-124-4,u004,2025-06-27,variable,hazard,60,0.0022160150112338073,0,4.910722530013571e-06,0.0022184740059499348
s55-124-4,u004,2025-06-27,variable,hazard,120,0.008151895821901678,0,6.645340549113803e-05,0.008185304209656312
s55-124-4,u004,2025-06-27,variable,hazard_cal,30,0.0007502682976616715,0,5.629025184761425e-07,0.0007505498897761434
s55-124-4,u004,2025-06-27,variable,hazard_cal,60,0.0019847043516483254,0,3.9390513634518e-06,0.001986676487166046
s55-124-4,u004,2025-06-27,variable,hazard_cal,120,0.007412036370552988,0,5.493828315840031e-05,0.007439642006038932
s55-124-55,u055,2025-06-27,new,empirical,30,0.0011737089201877549,0,1.3775926293283055e-06,0.0011743982559415578
s55-124-55,u055,2025-06-27,new,empirical,60,0.0046948356807511304,0,2.2041482069253932e-05,0.004705891037412617
s55-124-55,u055,2025-06-27,new,empirical,120,0.017018779342723,0,0.0002896388503162951,0.017165263130094227
s55-124-55,u055,2025-06-27,new,hazard,30,0.0009392961559455681,0,8.822772685741211e-07,0.0009397375710144872
s55-124-55,u055,2025-06-27,new,hazard,60,0.00246895683879067,0,6.095747871811219e-06,0.0024720097387472962
s55-124-55,u055,2025-06-27,new,hazard,120,0.009078904250725883,0,8.242650239384851e-05,0.009120368660326584
s55-124-55,u055,2025-06-27,new,hazard_cal,30,0.0008378365520881337,0,7.01970088014932e-07,0.0008381877333008136
s55-124-55,u055,2025-06-27,new,hazard_cal,60,0.002216171244935561,0,4.911414986879234e-06,0.0022186305866491
s55-124-55,u055,2025-06-27,new,hazard_cal,120,0.008273507946264136,0,6.84509337368958e-05,0.008307923368770224
s55-124-18,u018,2025-06-27,regular,empirical,30,0.0011737089201877549,0,1.3775926293283055e-06,0.0011743982559415578
s55-124-18,u018,2025-06-27,regular,empirical,60,0.0046948356807511304,0,2.2041482069253932e-05,0.004705891037412617
s55-124-18,u018,2025-06-27,regular,empirical,120,0.017018779342723,0,0.0002896388503162951,0.017165263130094227
s55-124-18,u018,2025-06-27,regular,hazard,30,0.0014086256576096856,0,1.984226243276319e-06,0.0014096187033940549
s55-124-18,u018,2025-06-27,regular,hazard,60,0.003701008605038858,0,1.3697464694571674e-05,0.003707874282575486
s55-124-18,u018,2025-06-27,regular,hazard,120,0.013584124294929945,0,0.00018452843286010596,0.013677232670004404
s55-124-18,u018,2025-06-27,regular,hazard_cal,30,0.0012669677400601875,0,1.6052072543532188e-06,0.0012677710222474595
s55-124-18,u018,2025-06-27,regular,hazard_cal,60,0.003349939770185384,0,1.1222096463869702e-05,0.003355563381101542
s55-124-18,u018,2025-06-27,regular,hazard_cal,120,0.012484252916116434,0,0.00015585657087356167,0.01256283591994352
s55-124-32,u032,2025-06-27,variable,empirical,30,0.0011737089201877549,0,1.3775926293283055e-06,0.0011743982559415578
s55-124-32,u032,2025-06-27,variable,empirical,60,0.0046948356807511304,0,2.2041482069253932e-05,0.004705891037412617
s55-124-32,u032,2025-06-27,variable,empirical,120,0.017018779342723,0,0.0002896388503162951,0.017165263130094227
s55-124-32,u032,2025-06-27,variable,hazard,30,0.000676529716782226,0,4.5769245768943885e-07,0.0006767586662776526
s55-124-32,u032,2025-06-27,variable,hazard,60,0.0017786980023865029,0,3.1637665836937358e-06,0.0017802817639793714
s55-124-32,u032,2025-06-27,variable,hazard,120,0.0065474943635828176,0,4.2869682441148763e-05,0.0065690232296770085
s55-124-32,u032,2025-06-27,variable,hazard_cal,30,0.0005994061788349159,0,3.592877672254751e-07,0.0005995858945372519
s55-124-32,u032,2025-06-27,variable,hazard_cal,60,0.001585846350165343,0,2.5149086463327396e-06,0.0015871051354912754
s55-124-32,u032,2025-06-27,variable,hazard_cal,120,0.005926121264039241,0,3.5118913236098056e-05,0.005943750403440345
s55-124-54,u054,2025-06-27,new,empirical,30,0.0011737089201877549,0,1.3775926293283055e-06,0.0011743982559415578
s55-124-54,u054,2025-06-27,new,empirical,60,0.0046948356807511304,0,2.2041482069253932e-05,0.004705891037412617
s55-124-54,u054,2025-06-27,new,empirical,120,0.017018779342723,0,0.0002896388503162951,0.017165263130094227
s55-124-54,u054,2025-06-27,new,hazard,30,0.0018222197379920146,0,3.3204847735276866e-06,0.0018238820000235057
s55-124-54,u054,2025-06-27,new,hazard,60,0.004785870347415844,0,2.2904554982274248e-05,0.004797359295975973
s55-124-54,u054,2025-06-27,new,hazard,120,0.017537222782480377,0,0.0003075541829223488,0.01769282174010022
s55-124-54,u054,2025-06-27,new,hazard_cal,30,0.0016476664607327773,0,2.714804765823677e-06,0.0016490253559915825
s55-124-54,u054,2025-06-27,new,hazard_cal,60,0.004354994832343029,0,1.8965979989734485e-05,0.004364505444827724
s55-124-54,u054,2025-06-27,new,hazard_cal,120,0.016204622202092622,0,0.0002625897807125531,0.016337352946726988
s55-124-7,u007,2025-06-27,variable,empirical,30,0.0011737089201877549,0,1.3775926293283055e-06,0.0011743982559415578
s55-124-7,u007,2025-06-27,variable,empirical,60,0.0046948356807511304,0,2.2041482069253932e-05,0.004705891037412617
s55-124-7,u007,2025-06-27,variable,empirical,120,0.017018779342723,0,0.0002896388503162951,0.017165263130094227
s55-124-7,u007,2025-06-27,variable,hazard,30,0.0005783700784305346,0,3.345119476237427e-07,0.0005785373989229011
s55-124-7,u007,2025-06-27,variable,hazard,60,0.0015207581429380612,0,2.3127053293124205e-06,0.0015219156692966517
s55-124-7,u007,2025-06-27,variable,hazard,120,0.005600184719901202,0,3.1362068897014906e-05,0.0056159245458110366
s55-124-7,u007,2025-06-27,variable,hazard_cal,30,0.0005107930167951302,0,2.609095060066702e-07,0.0005109235159887435
s55-124-7,u007,2025-06-27,variable,hazard_cal,60,0.0013515137735156113,0,1.826589480002407e-06,0.0013524278919775695
s55-124-7,u007,2025-06-27,variable,hazard_cal,120,0.005052277466078392,0,2.5525507594243497e-05,0.005065083370740155
s55-124-12,u012,2025-06-27,variable,empirical,30,0.0011737089201877549,0,1.3775926293283055e-06,0.0011743982559415578
s55-124-12,u012,2025-06-27,variable,empirical,60,0.0046948356807511304,0,2.2041482069253932e-05,0.004705891037412617
s55-124-12,u012,2025-06-27,variable,empirical,120,0.017018779342723,0,0.0002896388503162951,0.017165263130094227
s55-124-12,u012,2025-06-27,variable,hazard,30,0.0032579274197228614,0,1.0614091072182062e-05,0.0032632460201434048
s55-124-12,u012,2025-06-27,variable,hazard,60,0.008545375265750388,0,7.302343843249851e-05,0.008582096331479366
s55-124-12,u012,2025-06-27,variable,hazard,120,0.031136220709754303,0,0.0009694642400865328,0.031631255621312346
s55-124-12,u012,2025-06-27,variable,hazard_cal,30,0.0029813320046597758,0,8.888340522008677e-06,0.002985785027750009
s55-124-12,u012,2025-06-27,variable,hazard_cal,60,0.007870318452449454,0,6.194191254296637e-05,0.007901452874859405
s55-124-12,u012,2025-06-27,variable,hazard_cal,120,0.029126360576096744,0,0.0008483448804088026,0.02955895363493551
s55-124-57,u057,2025-06-27,new,empirical,30,0.0011737089201877549,0,1.3775926293283055e-06,0.0011743982559415578
s55-124-57,u057,2025-06-27,new,empirical,60,0.0046948356807511304,0,2.2041482069253932e-05,0.004705891037412617
s55-124-57,u057,2025-06-27,new,empirical,120,0.017018779342723,0,0.0002896388503162951,0.017165263130094227
s55-124-57,u057,2025-06-27,new,hazard,30,0.001278273935287788,0,1.6339842536361282e-06,0.0012790916243092597
s55-124-57,u057,2025-06-27,new,hazard,60,0.0033589243289403603,0,1.128237264754745e-05,0.003364578179384861
s55-124-57,u057,2025-06-27,new,hazard,120,0.01233491626566674,0,0.00015215015928100992,0.012411622776919663
s55-124-57,u057,2025-06-27,new,hazard_cal,30,0.0011474336623318315,0,1.3166040094522396e-06,0.0011480924683422375
s55-124-57,u057,2025-06-27,new,hazard_cal,60,0.0030342202225326353,0,9.206492358825995e-06,0.003038832801461921
s55-124-57,u057,2025-06-27,new,hazard_cal,120,0.011313174956597782,0,0.00012798792759859123,0.011377655702980433
s55-124-25,u025,2025-06-27,variable,empirical,30,0.0011737089201877549,0,1.3775926293283055e-06,0.0011743982559415578
s55-124-25,u025,2025-06-27,variable,empirical,60,0.0046948356807511304,0,2.2041482069253932e-05,0.004705891037412617
s55-124-25,u025,2025-06-27,variable,empirical,120,0.017018779342723,0,0.0002896388503162951,0.017165263130094227
s55-124-25,u025,2025-06-27,variable,hazard,30,0.0008003199567273578,0,6.405120331360798e-07,0.0008006403837180763
s55-124-25,u025,2025-06-27,variable,hazard,60,0.0021039228455294046,0,4.426491339940547e-06,0.0021061392004381755
s55-124-25,u025,2025-06-27,variable,hazard,120,0.007740861403275456,0,5.992093526471967e-05,0.007770977387350622
s55-124-25,u025,2025-06-27,variable,hazard_cal,30,0.0007115314646948256,0,5.062770252507639e-07,0.0007117847233489111
s55-124-25,u025,2025-06-27,variable,hazard_cal,60,0.00188230030677361,0,3.543054444880026e-06,0.0018840740601699147
s55-124-25,u025,2025-06-27,variable,hazard_cal,120,0.007030712882195145,0,4.943092363186476e-05,0.00705554480319836
s55-124-59,u059,2025-06-27,new,empirical,30,0.0011737089201877549,0,1.3775926293283055e-06,0.0011743982559415578
s55-124-59,u059,2025-06-27,new,empirical,60,0.0046948356807511304,0,2.2041482069253932e-05,0.004705891037412617
s55-124-59,u059,2025-06-27,new,empirical,120,0.017018779342723,0,0.0002896388503162951,0.017165263130094227
s55-124-59,u059,2025-06-27,new,hazard,30,0.0005358742185078702,0,2.871611780614206e-07,0.0005360178504116158
s55-124-59,u059,2025-06-27,new,hazard,60,0.0014090748981891998,0,1.985492068706904e-06,0.0014100685777792218
s55-124-59,u059,2025-06-27,new,hazard,120,0.005189787552323577,0,2.6933894838252746e-05,0.00520330127558834
s55-124-59,u059,2025-06-27,new,hazard_cal,30,0.0004725230119284607,0,2.232779968019442e-07,0.0004726346861073268
s55-124-59,u059,2025-06-27,new,hazard_cal,60,0.001250298981533171,0,1.563247543222885e-06,0.001251081257425267
s55-124-59,u059,2025-06-27,new,hazard_cal,120,0.004674643923368693,0,2.185229581028785e-05,0.004685604241670015
s55-124-43,u043,2025-06-27,regular,empirical,30,0.0011737089201877549,0,1.3775926293283055e-06,0.0011743982559415578
s55-124-43,u043,2025-06-27,regular,empirical,60,0.0046948356807511304,0,2.2041482069253932e-05,0.004705891037412617
s55-124-43,u043,2025-06-27,regular,empirical,120,0.017018779342723,0,0.0002896388503162951,0.017165263130094227
s55-124-43,u043,2025-06-27,regular,hazard,30,0.001878439106146379,0,3.528533475500007e-06,0.0018802055853798735
s55-124-43,u043,2025-06-27,regular,hazard,60,0.004933270934602385,0,2.433716211419269e-05,0.004945479684925481
s55-124-43,u043,2025-06-27,regular,hazard,120,0.018073329832668295,0,0.00032664525124041777,0.018238647379931087
s55-124-43,u043,2025-06-27,regular,hazard_cal,30,0.0016995626314625367,0,2.8885131382638626e-06,0.0017010085265233826
s55-124-43,u043,2025-06-27,regular,hazard_cal,60,0.004491947228723592,0,2.0177589905637556e-05,0.004502066338050354
s55-124-43,u043,2025-06-27,regular,hazard_cal,120,0.016710676847051742,0,0.00027924672068659116,0.016851875433611902
s55-124-46,u046,2025-06-27,variable,empirical,30,0.0011737089201877549,0,1.3775926293283055e-06,0.0011743982559415578
s55-124-46,u046,2025-06-27,variable,empirical,60,0.0046948356807511304,0,2.2041482069253932e-05,0.004705891037412617
s55-124-46,u046,2025-06-27,variable,empirical,120,0.017018779342723,0,0.0002896388503162951,0.017165263130094227
s55-124-46,u046,2025-06-27,variable,hazard,30,0.00257887937177681,0,6.6506188141759535e-06,0.0025822104093123324
s55-124-46,u046,2025-06-27,variable,hazard,60,0.006768471091637029,0,4.581220091832616e-05,0.006791481079162012
s55-124-46,u046,2025-06-27,variable,hazard,120,0.024728071928999174,0,0.0006114775413257569,0.025038946284186372
s55-124-46,u046,2025-06-27,variable,hazard_cal,30,0.002348581125294902,0,5.515833302091467e-06,0.0023513433676936985
s55-124-46,u046,2025-06-27,variable,hazard_cal,60,0.006203574753563479,0,3.848433972305018e-05,0.006222896875692647
s55-124-46,u046,2025-06-27,variable,hazard_cal,120,0.023017249807667617,0,0.000529793788708575,0.02328628298843291
s55-124-58,u058,2025-06-27,new,empirical,30,0.0011737089201877549,0,1.3775926293283055e-06,0.0011743982559415578
s55-124-58,u058,2025-06-27,new,empirical,60,0.0046948356807511304,0,2.2041482069253932e-05,0.004705891037412617
s55-124-58,u058,2025-06-27,new,empirical,120,0.017018779342723,0,0.0002896388503162951,0.017165263130094227
s55-124-58,u058,2025-06-27,new,hazard,30,0.001482502373627348,0,2.1978132878107206e-06,0.0014836023675680885
s55-124-58,u058,2025-06-27,new,hazard,60,0.003894848303631071,0,1.5169843308297832e-05,0.0039024529777422585
s55-124-58,u058,2025-06-27,new,hazard,120,0.014291405159537529,0,0.0002042442614340559,0.014394510819020922
s55-124-58,u058,2025-06-27,new,hazard_cal,30,0.0013348164268729423,0,1.781734893449849e-06,0.0013357080878771618
s55-124-58,u058,2025-06-27,new,hazard_cal,60,0.0035291140962331324,0,1.2454646304231399e-05,0.003535356109563889
s55-124-58,u058,2025-06-27,new,hazard_cal,120,0.013148343467695112,0,0.00017287893594448073,0.013235548177455887
s55-124-20,u020,2025-06-27,regular,empirical,30,0.0011737089201877549,0,1.3775926293283055e-06,0.0011743982559415578
s55-124-20,u020,2025-06-27,regular,empirical,60,0.0046948356807511304,0,2.2041482069253932e-05,0.004705891037412617
s55-124-20,u020,2025-06-27,regular,empirical,120,0.017018779342723,0,0.0002896388503162951,0.017165263130094227
s55-124-20,u020,2025-06-27,regular,hazard,30,0.0007243151234883616,0,5.246323981139605e-07,0.0007245775664226616
s55-124-20,u020,2025-06-27,regular,hazard,60,0.0019042497605554765,0,3.6261671505755895e-06,0.0019060651491323616
s55-124-20,u020,2025-06-27,regular,hazard,120,0.007008328155130972,0,4.911666353000149e-05,0.007033001835307577
s55-124-20,u020,2025-06-27,regular,hazard_cal,30,0.0006426425651546719,0,4.129894665485767e-07,0.0006428491483988116
s55-124-20,u020,2025-06-27,regular,hazard_cal,60,0.0017001686063462529,0,2.89057329000536e-06,0.0017016155332369414
s55-124-20,u020,2025-06-27,regular,hazard_cal,120,0.006352207645374364,0,4.035054196995252e-05,0.0063724687638207975
s55-124-15,u015,2025-06-27,regular,empirical,30,0.0011737089201877549,0,1.3775926293283055e-06,0.0011743982559415578
s55-124-15,u015,2025-06-27,regular,empirical,60,0.0046948356807511304,0,2.2041482069253932e-05,0.004705891037412617
s55-124-15,u015,2025-06-27,regular,empirical,120,0.017018779342723,0,0.0002896388503162951,0.017165263130094227
s55-124-15,u015,2025-06-27,regular,hazard,30,0.0022874613967073243,0,5.232479641426223e-06,0.002290081633083694
s55-124-15,u015,2025-06-27,regular,hazard,60,0.00600522261220382,0,3.606269862212407e-05,0.006023326476392019
s55-124-15,u015,2025-06-27,regular,hazard,120,0.021964902534108988,0,0.0004824569433329074,0.022209722611803297
s55-124-15,u015,2025-06-27,regular,hazard_cal,30,0.0020780460397779033,0,4.318275343436627e-06,0.002080208173310919
s55-124-15,u015,2025-06-27,regular,hazard_cal,60,0.005490354955984933,0,3.0143997542708314e-05,0.005505482350005895
s55-124-15,u015,2025-06-27,regular,hazard_cal,120,0.020393423590325255,0,0.0004158917257344346,0.020604240564393944
s55-124-30,u030,2025-06-27,variable,empirical,30,0.0011737089201877549,0,1.3775926293283055e-06,0.0011743982559415578
s55-124-30,u030,2025-06-27,variable,empirical,60,0.0046948356807511304,0,2.2041482069253932e-05,0.004705891037412617
s55-124-30,u030,2025-06-27,variable,empirical,120,0.017018779342723,0,0.0002896388503162951,0.017165263130094227
s55-124-30,u030,2025-06-27,variable,hazard,30,0.0012984939301972087,0,1.6860864867589936e-06,0.0012993377039430723
s55-124-30,u030,2025-06-27,variable,hazard,60,0.003411993360466714,0,1.1641698691868941e-05,0.003417827484253898
s55-124-30,u030,2025-06-27,variable,hazard,120,0.012528796197478265,0,0.00015697073415794582,0.012607943338348884
s55-124-30,u030,2025-06-27,variable,hazard_cal,30,0.0011659597824892343,0,1.3594622143823424e-06,0.0011666400424183137
s55-124-30,u030,2025-06-27,variable,hazard_cal,60,0.003083156942485288,0,9.505856731995229e-06,0.003087919662846869
s55-124-30,u030,2025-06-27,variable,hazard_cal,120,0.01149476773214786,0,0.00013212968521602764,0.011561343246523996
s55-124-56,u056,2025-06-27,new,empirical,30,0.0011737089201877549,0,1.3775926293283055e-06,0.0011743982559415578
s55-124-56,u056,2025-06-27,new,empirical,60,0.0046948356807511304,0,2.2041482069253932e-05,0.004705891037412617
s55-124-56,u056,2025-06-27,new,empirical,120,0.017018779342723,0,0.0002896388503162951,0.017165263130094227
s55-124-56,u056,2025-06-27,new,hazard,30,0.0007293432267229116,0,5.319415423665885e-07,0.0007296093268875303
s55-124-56,u056,2025-06-27,new,hazard,60,0.0019174600006128806,0,3.676652853950348e-06,0.00191930068036942
s55-124-56,u056,2025-06-27,new,hazard,120,0.007056805747899353,0,4.979850736358534e-05,0.007081822764539043
s55-124-56,u056,2025-06-27,new,hazard_cal,30,0.000647195487636032,0,4.188619992164412e-07,0.0006474050090413895
s55-124-56,u056,2025-06-27,new,hazard_cal,60,0.0017122065534511677,0,2.9316512816811263e-06,0.0017136740544411127
s55-124-56,u056,2025-06-27,new,hazard_cal,120,0.006397065075257058,0,4.092244157707359e-05,0.0064176139780351355
s55-124-26,u026,2025-06-27,variable,empirical,30,0.0011737089201877549,0,1.3775926293283055e-06,0.0011743982559415578
s55-124-26,u026,2025-06-27,variable,empirical,60,0.0046948356807511304,0,2.2041482069253932e-05,0.004705891037412617
s55-124-26,u026,2025-06-27,variable,empirical,120,0.017018779342723,0,0.0002896388503162951,0.017165263130094227
s55-124-26,u026,2025-06-27,variable,hazard,30,0.000624201015265724,0,3.8962690745876065e-07,0.0006243959098259284
s55-124-26,u026,2025-06-27,variable,hazard,60,0.001641196559717062,0,2.6935261476271197e-06,0.0016425447981423132
s55-124-26,u026,2025-06-27,variable,hazard,120,0.006042598728712489,0,3.6512999396237796e-05,0.006060929107797653
s55-124-26,u026,2025-06-27,variable,hazard_cal,30,0.0005521311529089745,0,3.048488100125934e-07,0.0005522836334427326
s55-124-26,u026,2025-06-27,variable,hazard_cal,60,0.0014608349608883353,0,2.134038782953624e-06,0.001461903020579162
s55-124-26,u026,2025-06-27,variable,hazard_cal,120,0.005460023238398115,0,2.981185376384744e-05,0.005474983646246424
s55-124-44,u044,2025-06-27,regular,empirical,30,0.0011737089201877549,0,1.3775926293283055e-06,0.0011743982559415578
s55-124-44,u044,2025-06-27,regular,empirical,60,0.0046948356807511304,0,2.2041482069253932e-05,0.004705891037412617
s55-124-44,u044,2025-06-27,regular,empirical,120,0.017018779342723,0,0.0002896388503162951,0.017165263130094227
s55-124-44,u044,2025-06-27,regular,hazard,30,0.0006869328297456345,0,4.718767125823449e-07,0.000687168876206825
s55-124-44,u044,2025-06-27,regular,hazard,60,0.0018060321592164863,0,3.2617521601241635e-06,0.0018076650015699193
s55-124-44,u044,2025-06-27,regular,hazard,120,0.006647838438729625,0,4.4193755907451144e-05,0.006670033738549688
s55-124-44,u044,2025-06-27,regular,hazard_cal,30,0.0006088137529595139,0,3.70654185792648e-07,0.0006089991553065617
s55-124-44,u044,2025-06-27,regular,hazard_cal,60,0.0016107218980332405,0,2.594425032803805e-06,0.0016120205052003117
s55-124-44,u044,2025-06-27,regular,hazard_cal,120,0.006018846857606341,0,3.622651749531773e-05,0.006037033126652216
s55-124-45,u045,2025-06-27,regular,empirical,30,0.0011737089201877549,0,1.3775926293283055e-06,0.0011743982559415578
s55-124-45,u045,2025-06-27,regular,empirical,60,0.0046948356807511304,0,2.2041482069253932e-05,0.004705891037412617
s55-124-45,u045,2025-06-27,regular,empirical,120,0.017018779342723,0,0.0002896388503162951,0.017165263130094227
s55-124-45,u045,2025-06-27,regular,hazard,30,0.000821568219572022,0,6.749743394107421e-07,0.0008219058917015219
s55-124-45,u045,2025-06-27,regular,hazard,60,0.0021597394093724187,0,4.664474316396324e-06,0.0021620750099956973
s55-124-45,u045,2025-06-27,regular,hazard,120,0.007945554411556088,0,6.313183490699841e-05,0.007977288537602347
s55-124-45,u045,2025-06-27,regular,hazard_cal,30,0.0007308150137275149,0,5.340905842895478e-07,0.0007310821891981538
s55-124-45,u045,2025-06-27,regular,hazard_cal,60,0.0019332788936078371,0,3.737567280469543e-06,0.0019351500893324798
s55-124-45,u045,2025-06-27,regular,hazard_cal,120,0.007220557721920873,0,5.213645381559114e-05,0.007246752117088352
s55-124-28,u028,2025-06-27,regular,empirical,30,0.0011737089201877549,0,1.3775926293283055e-06,0.0011743982559415578
s55-124-28,u028,2025-06-27,regular,empirical,60,0.0046948356807511304,0,2.2041482069253932e-05,0.004705891037412617
s55-124-28,u028,2025-06-27,regular,empirical,120,0.017018779342723,0,0.0002896388503162951,0.017165263130094227
s55-124-28,u028,2025-06-27,regular,hazard,30,0.003686117232534203,0,1.358746025198561e-05,0.0036929277039419502
s55-124-28,u028,2025-06-27,regular,hazard,60,0.009664707832705677,0,9.340657749156246e-05,0.009711714235410474
s55-124-28,u028,2025-06-27,regular,hazard,120,0.035155223022855675,0,0.0012358897057867216,0.03578804345478759
s55-124-28,u028,2025-06-27,regular,hazard_cal,30,0.003381785834737361,0,1.1436475432030269e-05,0.0033875169971438698
s55-124-28,u028,2025-06-27,regular,hazard_cal,60,0.008924152743473912,0,7.964050218885295e-05,0.00896421149962809
s55-124-28,u028,2025-06-27,regular,hazard_cal,120,0.03297270277390563,0,0.001087199128216324,0.0335285551515749
s55-124-5,u005,2025-06-27,variable,empirical,30,0.0011737089201877549,0,1.3775926293283055e-06,0.0011743982559415578
s55-124-5,u005,2025-06-27,variable,empirical,60,0.0046948356807511304,0,2.2041482069253932e-05,0.004705891037412617
s55-124-5,u005,2025-06-27,variable,empirical,120,0.017018779342723,0,0.0002896388503162951,0.017165263130094227
s55-124-5,u005,2025-06-27,variable,hazard,30,0.0002885572421049698,0,8.326528197122616e-08,0.00028859888275662246
s55-124-5,u005,2025-06-27,variable,hazard,60,0.0007589295078460623,0,5.759739978794664e-07,0.0007592176406358765
s55-124-5,u005,2025-06-27,variable,hazard,120,0.00279797399718984,0,7.82865848895049e-06,0.002801895643251627
s55-124-5,u005,2025-06-27,variable,hazard_cal,30,0.0002512393219297193,0,6.312119688370514e-08,0.000251270887815333
s55-124-5,u005,2025-06-27,variable,hazard_cal,60,0.0006649171087490524,0,4.421147615071992e-07,0.0006651382641685881
s55-124-5,u005,2025-06-27,variable,hazard_cal,120,0.002488256407382927,0,6.191419948882192e-06,0.0024913572622400244
s55-124-6,u006,2025-06-27,variable,empirical,30,0.0011737089201877549,0,1.3775926293283055e-06,0.0011743982559415578
s55-124-6,u006,2025-06-27,variable,empirical,60,0.0046948356807511304,0,2.2041482069253932e-05,0.004705891037412617
s55-124-6,u006,2025-06-27,variable,empirical,120,0.017018779342723,0,0.0002896388503162951,0.017165263130094227
s55-124-6,u006,2025-06-27,variable,hazard,30,0.00047411336264358006,0,2.2478348063720285e-07,0.00047422578992081934
s55-124-6,u006,2025-06-27,variable,hazard,60,0.0012467458904050766,0,1.5543753152419472e-06,0.0012475237246376667
s55-124-6,u006,2025-06-27,variable,hazard,120,0.004593037483834772,0,2.1095993327911255e-05,0.004603617890398722
s55-124-6,u006,2025-06-27,variable,hazard_cal,30,0.00041701621719170134,0,1.7390252540087623e-07,0.0004171031926353559
s55-124-6,u006,2025-06-27,variable,hazard_cal,60,0.0011034843507259362,0,1.217677712297041e-06,0.0011040936378491969
s55-124-6,u006,2025-06-27,variable,hazard_cal,120,0.004126666651779964,0,1.702937765491286e-05,0.004135204838202475
s55-124-50,u050,2025-06-27,regular,empirical,30,0.0011737089201877549,0,1.3775926293283055e-06,0.0011743982559415578
s55-124-50,u050,2025-06-27,regular,empirical,60,0.0046948356807511304,0,2.2041482069253932e-05,0.004705891037412617
s55-124-50,u050,2025-06-27,regular,empirical,120,0.017018779342723,0,0.0002896388503162951,0.017165263130094227
s55-124-50,u050,2025-06-27,regular,hazard,30,0.0031901079639361507,0,1.0176788821568853e-05,0.0031952072059899693
s55-124-50,u050,2025-06-27,regular,hazard,60,0.008368007566287416,0,7.002355062944345e-05,0.008403215894890848
s55-124-50,u050,2025-06-27,regular,hazard,120,0.03049812116947792,0,0.0009301353948681573,0.030972866363688883
s55-124-50,u050,2025-06-27,regular,hazard_cal,30,0.002918002561902,0,8.514738951266635e-06,0.0029222682315552676
s55-124-50,u050,2025-06-27,regular,hazard_cal,60,0.007703588984380616,0,5.934528324027037e-05,0.007733414902484422
s55-124-50,u050,2025-06-27,regular,hazard_cal,120,0.028516668632432407,0,0.0008132003898919544,0.028931167936573424
s55-125-12,u012,2025-06-30,variable,empirical,30,0.0011737089201877549,0,1.3775926293283055e-06,0.0011743982559415578
s55-125-12,u012,2025-06-30,variable,empirical,60,0.0046948356807511304,0,2.2041482069253932e-05,0.004705891037412617
s55-125-12,u012,2025-06-30,variable,empirical,120,0.017018779342723,0,0.0002896388503162951,0.017165263130094227
s55-125-12,u012,2025-06-30,variable,hazard,30,0.004313781200735667,0,1.8608708247820453e-05,0.004323112399695689
s55-125-12,u012,2025-06-30,variable,hazard,60,0.01130389915323371,0,0.00012777813606647777,0.01136827380406476
s55-125-12,u012,2025-06-30,variable,hazard,120,0.04101618997410317,0,0.0016823278399917213,0.041881086383125765
s55-125-12,u012,2025-06-30,variable,hazard_cal,30,0.003970523445201324,0,1.576505642889339e-05,0.00397842690092343
s55-125-12,u012,2025-06-30,variable,hazard_cal,60,0.010472053422667216,0,0.00010966390288719614,0.010527271208146444
s55-125-12,u012,2025-06-30,variable,hazard_cal,120,0.03859954204569316,0,0.0014899246461372339,0.03936424718131795
s55-125-17,u017,2025-06-30,regular,empirical,30,0.0011737089201877549,0,1.3775926293283055e-06,0.0011743982559415578
s55-125-17,u017,2025-06-30,regular,empirical,60,0.0046948356807511304,0,2.2041482069253932e-05,0.004705891037412617
s55-125-17,u017,2025-06-30,regular,empirical,120,0.017018779342723,0,0.0002896388503162951,0.017165263130094227
s55-125-17,u017,2025-06-30,regular,hazard,30,0.0009957620165568226,0,9.9154199361731e-07,0.000996258116912901
s55-125-17,u017,2025-06-30,regular,hazard,60,0.002617243180761286,0,6.849961867241455e-06,0.0026206741494553447
s55-125-17,u017,2025-06-30,regular,hazard,120,0.009622030082578115,0,9.25834629100382e-05,0.009668620920541417
s55-125-17,u017,2025-06-30,regular,hazard_cal,30,0.0008892676598319937,0,7.907969708230705e-07,0.0008896632928839138
s55-125-17,u017,2025-06-30,regular,hazard_cal,60,0.0023521002533426483,0,5.53237560177455e-06,0.0023548707863771086
s55-125-17,u017,2025-06-30,regular,hazard_cal,120,0.008779119837726168,0,7.707294512515714e-05,0.008817883350062528
s55-125-23,u023,2025-06-30,variable,empirical,30,0.0011737089201877549,0,1.3775926293283055e-06,0.0011743982559415578
s55-125-23,u023,2025-06-30,variable,empirical,60,0.0046948356807511304,0,2.2041482069253932e-05,0.004705891037412617
s55-125-23,u023,2025-06-30,variable,empirical,120,0.017018779342723,0,0.0002896388503162951,0.017165263130094227
s55-125-23,u023,2025-06-30,variable,hazard,30,0.001996809149812151,0,3.987246780773525e-06,0.0019988054311070496
s55-125-23,u023,2025-06-30,variable,hazard,60,0.0052435736884524076,0,2.7495065026230386e-05,0.00525736946822297
s55-125-23,u023,2025-06-30,variable,hazard,120,0.01920114189166644,0,0.00036868384994390786,0.01938787804604161
s55-125-23,u023,2025-06-30,variable,hazard_cal,30,0.0018089341584903718,0,3.2722427897532692e-06,0.001810572255656607
s55-125-23,u023,2025-06-30,variable,hazard_cal,60,0.004780532183690012,0,2.2853487959295992e-05,0.004791995476019726
s55-125-23,u023,2025-06-30,variable,hazard_cal,120,0.017776328217342985,0,0.0003159978448907044,0.01793622489093355
s55-125-9,u009,2025-06-30,regular,empirical,30,0.0011737089201877549,0,1.3775926293283055e-06,0.0011743982559415578
s55-125-9,u009,2025-06-30,regular,empirical,60,0.0046948356807511304,0,2.2041482069253932e-05,0.004705891037412617
s55-125-9,u009,2025-06-30,regular,empirical,120,0.017018779342723,0,0.0002896388503162951,0.017165263130094227
s55-125-9,u009,2025-06-30,regular,hazard,30,0.004936273109945932,0,2.4366792215975285e-05,0.004948496748791386
s55-125-9,u009,2025-06-30,regular,hazard,60,0.012927720532728615,0,0.00016712595817233302,0.013012010753483703
s55-125-9,u009,2025-06-30,regular,hazard,120,0.04679347485173069,0,0.0021896292886995523,0.047923688262443614
s55-125-9,u009,2025-06-30,regular,hazard_cal,30,0.004556187538686363,0,2.0758844887680895e-05,0.004566598596320254
s55-125-9,u009,2025-06-30,regular,hazard_cal,60,0.012010195866208773,0,0.00014424480474469828,0.012082900990158192
s55-125-9,u009,2025-06-30,regular,hazard_cal,120,0.04416416344027485,0,0.0019504733323793097,0.04516909975593043
s55-125-22,u022,2025-06-30,variable,empirical,30,0.0011737089201877549,0,1.3775926293283055e-06,0.0011743982559415578
s55-125-22,u022,2025-06-30,variable,empirical,60,0.0046948356807511304,0,2.2041482069253932e-05,0.004705891037412617
s55-125-22,u022,2025-06-30,variable,empirical,120,0.017018779342723,0,0.0002896388503162951,0.017165263130094227
s55-125-22,u022,2025-06-30,variable,hazard,30,0.0019448456616111276,0,3.7824246474876247e-06,0.001946739329594518
s55-125-22,u022,2025-06-30,variable,hazard,60,0.0051073615822530005,0,2.6085142331873872e-05,0.005120448732976887
s55-125-22,u022,2025-06-30,variable,hazard,120,0.018706202266725813,0,0.00034992200324365796,0.018883376248978324
s55-125-22,u022,2025-06-30,variable,hazard_cal,30,0.0017609039410165783,0,3.100782689487717e-06,0.0017624561548285793
s55-125-22,u022,2025-06-30,variable,hazard_cal,60,0.0046538080674000115,0,2.165792952819743e-05,0.004664670747151264
s55-125-22,u022,2025-06-30,variable,hazard_cal,120,0.017308494190621637,0,0.00029958397114678297,0.017460037378213576
s55-125-42,u042,2025-06-30,variable,empirical,30,0.0011737089201877549,0,1.3775926293283055e-06,0.0011743982559415578
s55-125-42,u042,2025-06-30,variable,empirical,60,0.0046948356807511304,0,2.2041482069253932e-05,0.004705891037412617
s55-125-42,u042,2025-06-30,variable,empirical,120,0.017018779342723,0,0.0002896388503162951,0.017165263130094227
s55-125-42,u042,2025-06-30,variable,hazard,30,0.0006380805025748559,0,4.071467277661807e-07,0.0006382841625776652
s55-125-42,u042,2025-06-30,variable,hazard,60,0.0016776682591035375,0,2.814570787603494e-06,0.0016790771204524776
s55-125-42,u042,2025-06-30,variable,hazard,120,0.006176540715985612,0,3.814965521622806e-05,0.006195694453549522
s55-125-42,u042,2025-06-30,variable,hazard_cal,30,0.000564662557140827,0,3.1884380343681774e-07,0.0005648220390810247
s55-125-42,u042,2025-06-30,variable,hazard_cal,60,0.0014939733597171267,0,2.2319563995444794e-06,0.0014950904506582637
s55-125-42,u042,2025-06-30,variable,hazard_cal,120,0.005583595481338688,0,3.1176538499225816e-05,0.005599242020399435
s55-125-50,u050,2025-06-30,regular,empirical,30,0.0011737089201877549,0,1.3775926293283055e-06,0.0011743982559415578
s55-125-50,u050,2025-06-30,regular,empirical,60,0.0046948356807511304,0,2.2041482069253932e-05,0.004705891037412617
s55-125-50,u050,2025-06-30,regular,empirical,120,0.017018779342723,0,0.0002896388503162951,0.017165263130094227
s55-125-50,u050,2025-06-30,regular,hazard,30,0.00228297752630513,0,5.211986385614291e-06,0.00228558749258416
s55-125-50,u050,2025-06-30,regular,hazard,60,0.0059934757907129654,0,3.5921752053862406e-05,0.006011508756271258
s55-125-50,u050,2025-06-30,regular,hazard,120,0.02192232581671072,0,0.0004805883692140213,0.022166190645730506
s55-125-50,u050,2025-06-30,regular,hazard_cal,30,0.002073888841848892,0,4.301014928345339e-06,0.002076042327221056
s55-125-50,u050,2025-06-30,regular,hazard_cal,60,0.005479392418575979,0,3.0023741276747918e-05,0.005494459352849774
s55-125-50,u050,2025-06-30,regular,hazard_cal,120,0.020353048804962026,0,0.0004142465956571662,0.020563026107152868
s55-125-45,u045,2025-06-30,regular,empirical,30,0.0011737089201877549,0,1.3775926293283055e-06,0.0011743982559415578
s55-125-45,u045,2025-06-30,regular,empirical,60,0.0046948356807511304,0,2.2041482069253932e-05,0.004705891037412617
s55-125-45,u045,2025-06-30,regular,empirical,120,0.017018779342723,0,0.0002896388503162951,0.017165263130094227
s55-125-45,u045,2025-06-30,regular,hazard,30,0.0018419488661012284,0,3.392775625331601e-06,0.001843647339902278
s55-125-45,u045,2025-06-30,regular,hazard,60,0.0048375995349330125,0,2.3402369260384098e-05,0.004849338594109838
s55-125-45,u045,2025-06-30,regular,hazard,120,0.017725393012551938,0,0.00031418955744942504,0.017884369203043256
s55-125-45,u045,2025-06-30,regular,hazard_cal,30,0.0016658747246737216,0,2.7751385983067474e-06,0.0016672638369118757
s55-125-45,u045,2025-06-30,regular,hazard_cal,60,0.004403047380398317,0,1.9386826234032483e-05,0.004412769341514608
s55-125-45,u045,2025-06-30,regular,hazard_cal,120,0.016382206275038502,0,0.0002683766824379109,0.016517878396082094
s55-125-11,u011,2025-06-30,variable,empirical,30,0.0011737089201877549,0,1.3775926293283055e-06,0.0011743982559415578
s55-125-11,u011,2025-06-30,variable,empirical,60,0.0046948356807511304,0,2.2041482069253932e-05,0.004705891037412617
s55-125-11,u011,2025-06-30,variable,empirical,120,0.017018779342723,0,0.0002896388503162951,0.017165263130094227
s55-125-11,u011,2025-06-30,variable,hazard,30,0.0028104413951279827,0,7.898580835448922e-06,0.002814398100677266
s55-125-11,u011,2025-06-30,variable,hazard,60,0.007374661247537384,0,5.4385628515929645e-05,0.007401988497496373
s55-125-11,u011,2025-06-30,variable,hazard,120,0.026918093613551797,0,0.0007245837637879381,0.02728702111346645
s55-125-11,u011,2025-06-30,variable,hazard_cal,30,0.0025640065940654155,0,6.574129814410932e-06,0.0025672992885036917
s55-125-11,u011,2025-06-30,variable,hazard_cal,60,0.006771251572979753,0,4.584984786458078e-05,0.006794280512278747
s55-125-11,u011,2025-06-30,variable,hazard_cal,120,0.025101502049546642,0,0.0006300854051433943,0.02542191806975844
s55-125-2,u002,2025-06-30,variable,empirical,30,0.0011737089201877549,0,1.3775926293283055e-06,0.0011743982559415578
s55-125-2,u002,2025-06-30,variable,empirical,60,0.0046948356807511304,0,2.2041482069253932e-05,0.004705891037412617
s55-125-2,u002,2025-06-30,variable,empirical,120,0.017018779342723,0,0.0002896388503162951,0.017165263130094227
s55-125-2,u002,2025-06-30,variable,hazard,30,0.0005914071104270446,0,3.497623702636666e-07,0.0005915820605934252
s55-125-2,u002,2025-06-30,variable,hazard,60,0.0015550189875962461,0,2.4180840517848544e-06,0.0015562292844746135
s55-125-2,u002,2025-06-30,variable,hazard,120,0.005726053642367113,0,3.278769031526568e-05,0.005742510338877798
s55-125-2,u002,2025-06-30,variable,hazard_cal,30,0.0005225454080620695,0,2.7305370348675475e-07,0.0005226819824934465
s55-125-2,u002,2025-06-30,variable,hazard_cal,60,0.001382594530740966,0,1.911567636434832e-06,0.0013835511964480373
s55-125-2,u002,2025-06-30,variable,hazard_cal,120,0.005168216394795144,0,2.6710460703429318e-05,0.0051816178193966516
s55-125-26,u026,2025-06-30,variable,empirical,30,0.0011737089201877549,0,1.3775926293283055e-06,0.0011743982559415578
s55-125-26,u026,2025-06-30,variable,empirical,60,0.0046948356807511304,0,2.2041482069253932e-05,0.004705891037412617
s55-125-26,u026,2025-06-30,variable,empirical,120,0.017018779342723,0,0.0002896388503162951,0.017165263130094227
s55-125-26,u026,2025-06-30,variable,hazard,30,0.0013835293284314432,0,1.91415340262996e-06,0.001384487288812226
s55-125-26,u026,2025-06-30,variable,hazard,60,0.0036351542205736997,0,1.3214346207354783e-05,0.003641777449521582
s55-125-26,u026,2025-06-30,variable,hazard,120,0.01334374078535816,0,0.00017805541814683082,0.013433568481040619
s55-125-26,u026,2025-06-30,variable,hazard_cal,30,0.001243935682787689,0,1.5473759829124742e-06,0.0012447100129904013
s55-125-26,u026,2025-06-30,variable,hazard_cal,60,0.003289111756368368,0,1.0818256145880611e-05,0.0032945327745949986
s55-125-26,u026,2025-06-30,variable,hazard_cal,120,0.012258716562888905,0,0.00015027613176924677,0.012334474394610115
s55-125-47,u047,2025-06-30,regular,empirical,30,0.0011737089201877549,0,1.3775926293283055e-06,0.0011743982559415578
s55-125-47,u047,2025-06-30,regular,empirical,60,0.0046948356807511304,0,2.2041482069253932e-05,0.004705891037412617
s55-125-47,u047,2025-06-30,regular,empirical,120,0.017018779342723,0,0.0002896388503162951,0.017165263130094227
s55-125-47,u047,2025-06-30,regular,hazard,30,0.0011843202964918476,0,1.4026145646825377e-06,0.0011850221579814528
s55-125-47,u047,2025-06-30,regular,hazard,60,0.0031123095420537705,0,9.686470685558951e-06,0.003117162850010416
s55-125-47,u047,2025-06-30,regular,hazard,120,0.011433536351626805,0,0.00013072575350397159,0.011499401759356778
s55-125-47,u047,2025-06-30,regular,hazard_cal,30,0.0010614315297309274,0,1.1266368923069365e-06,0.0010619952471106516
s55-125-47,u047,2025-06-30,regular,hazard_cal,60,0.002807023710043044,0,7.879382108743815e-06,0.0028109707891909846
s55-125-47,u047,2025-06-30,regular,hazard_cal,120,0.01046974107751153,0,0.00010961547823013228,0.010524934394454698
s55-125-0,u000,2025-06-30,variable,empirical,30,0.0011737089201877549,0,1.3775926293283055e-06,0.0011743982559415578
s55-125-0,u000,2025-06-30,variable,empirical,60,0.0046948356807511304,0,2.2041482069253932e-05,0.004705891037412617
s55-125-0,u000,2025-06-30,variable,empirical,120,0.017018779342723,0,0.0002896388503162951,0.017165263130094227
s55-125-0,u000,2025-06-30,variable,hazard,30,0.0005183013162047834,0,2.6863625437961086e-07,0.0005184356807615301
s55-125-0,u000,2025-06-30,variable,hazard,60,0.0013628890669189486,0,1.8574666087272023e-06,0.0013638186449271103
s55-125-0,u000,2025-06-30,variable,hazard,120,0.0050200301163578764,0,2.5200702369140075e-05,0.005032672796379877
s55-125-0,u000,2025-06-30,variable,hazard_cal,30,0.0004567155171418813,0,2.0858906359817608e-07,0.00045681984343984907
s55-125-0,u000,2025-06-30,variable,hazard_cal,60,0.0012084899346141986,0,1.46044792206383e-06,0.0012092207474211783
s55-125-0,u000,2025-06-30,variable,hazard_cal,120,0.004518619376701505,0,2.0417921071502297e-05,0.0045288591954429054
s55-125-21,u021,2025-06-30,regular,empirical,30,0.0011737089201877549,0,1.3775926293283055e-06,0.0011743982559415578
s55-125-21,u021,2025-06-30,regular,empirical,60,0.0046948356807511304,0,2.2041482069253932e-05,0.004705891037412617
s55-125-21,u021,2025-06-30,regular,empirical,120,0.017018779342723,0,0.0002896388503162951,0.017165263130094227
s55-125-21,u021,2025-06-30,regular,hazard,30,0.0023366029579512393,0,5.459713383106481e-06,0.0023393370745030144
s55-125-21,u021,2025-06-30,regular,hazard,60,0.006133957107964605,0,3.76254298023495e-05,0.006152847109453873
s55-125-21,u021,2025-06-30,regular,hazard,120,0.022431405325124554,0,0.0005031679448600262,0.022686816004231492
s55-125-21,u021,2025-06-30,regular,hazard_cal,30,0.0021236183908557305,0,4.509755069980682e-06,0.002125876465816782
s55-125-21,u021,2025-06-30,regular,hazard_cal,60,0.005610523776729104,0,3.147797704924261e-05,0.0056263218833994535
s55-125-21,u021,2025-06-30,regular,hazard_cal,120,0.020835912780236443,0,0.00043413526138562033,0.021056043530054306
s55-125-48,u048,2025-06-30,regular,empirical,30,0.0011737089201877549,0,1.3775926293283055e-06,0.0011743982559415578
s55-125-48,u048,2025-06-30,regular,empirical,60,0.0046948356807511304,0,2.2041482069253932e-05,0.004705891037412617
s55-125-48,u048,2025-06-30,regular,empirical,120,0.017018779342723,0,0.0002896388503162951,0.017165263130094227
s55-125-48,u048,2025-06-30,regular,hazard,30,0.0008477336277504799,0,7.186523036189892e-07,0.0008480931571067337
s55-125-48,u048,2025-06-30,regular,hazard,60,0.0022284697249107532,0,4.9660773148438086e-06,0.0022309564586623174
s55-125-48,u048,2025-06-30,regular,hazard,120,0.008197557810800227,0,6.71999540614118e-05,0.00823134254941352
s55-125-48,u048,2025-06-30,regular,hazard_cal,30,0.0007545751151163405,0,5.693836043528385e-07,0.0007548599502138482
s55-125-48,u048,2025-06-30,regular,hazard_cal,60,0.0019960893284279857,0,3.984372607064087e-06,0.001998084169761219
s55-125-48,u048,2025-06-30,regular,hazard_cal,120,0.0074544233161278894,0,5.556842697603112e-05,0.007482346383070064
s55-125-57,u057,2025-06-30,new,empirical,30,0.0011737089201877549,0,1.3775926293283055e-06,0.0011743982559415578
s55-125-57,u057,2025-06-30,new,empirical,60,0.0046948356807511304,0,2.2041482069253932e-05,0.004705891037412617
s55-125-57,u057,2025-06-30,new,empirical,120,0.017018779342723,0,0.0002896388503162951,0.017165263130094227
s55-125-57,u057,2025-06-30,new,hazard,30,0.0013304135164154962,0,1.7700001246610457e-06,0.0013312993022059163
s55-125-57,u057,2025-06-30,new,hazard,60,0.003495764928647005,0,1.22203724363584e-05,0.0035018893921540672
s55-125-57,u057,2025-06-30,new,hazard,120,0.012834779943361352,0,0.00016473157619451082,0.012917857350503227
s55-125-57,u057,2025-06-30,new,hazard_cal,30,0.0011952174683824701,0,1.428544796726601e-06,0.001195932310432072
s55-125-57,u057,2025-06-30,new,hazard_cal,60,0.0031604376565214087,0,9.988366180758535e-06,0.0031654423871530827
s55-125-57,u057,2025-06-30,new,hazard_cal,120,0.011781482437020485,0,0.00013880332841382216,0.01185143406665788
s55-125-43,u043,2025-06-30,regular,empirical,30,0.0011737089201877549,0,1.3775926293283055e-06,0.0011743982559415578
s55-125-43,u043,2025-06-30,regular,empirical,60,0.0046948356807511304,0,2.2041482069253932e-05,0.004705891037412617
s55-125-43,u043,2025-06-30,regular,empirical,120,0.017018779342723,0,0.0002896388503162951,0.017165263130094227
s55-125-43,u043,2025-06-30,regular,hazard,30,0.0016662970043067604,0,2.776545706561684e-06,0.00166768682127318
s55-125-43,u043,2025-06-30,regular,hazard,60,0.004376979814485815,0,1.915795229641628e-05,0.004386586834036774
s55-125-43,u043,2025-06-30,regular,hazard,120,0.016048803025216274,0,0.00025756407854219104,0.016178979730175933
s55-125-43,u043,2025-06-30,regular,hazard_cal,30,0.001503910407224529,0,2.261746512958249e-06,0.0015050424155827963
s55-125-43,u043,2025-06-30,regular,hazard_cal,60,0.0039755582384518595,0,1.5805063307322453e-05,0.003983481777404686
s55-125-43,u043,2025-06-30,regular,hazard_cal,120,0.014801438827901303,0,0.0002190825913761043,0.014912073179270208
s55-125-15,u015,2025-06-30,regular,empirical,30,0.0011737089201877549,0,1.3775926293283055e-06,0.0011743982559415578
s55-125-15,u015,2025-06-30,regular,empirical,60,0.0046948356807511304,0,2.2041482069253932e-05,0.004705891037412617
s55-125-15,u015,2025-06-30,regular,empirical,120,0.017018779342723,0,0.0002896388503162951,0.017165263130094227
s55-125-15,u015,2025-06-30,regular,hazard,30,0.004072939449190294,0,1.6588835756770533e-05,0.0040812564578655
s55-125-15,u015,2025-06-30,regular,hazard,60,0.010675146008111924,0,0.00011395874229450795,0.01073253416262124
s55-125-15,u015,2025-06-30,regular,hazard,120,0.038771519373663965,0,0.0015032307145424002,0.039543145277542845
s55-125-15,u015,2025-06-30,regular,hazard_cal,30,0.003744391245897427,0,1.4020465802353286e-05,0.003751419027459444
s55-125-15,u015,2025-06-30,regular,hazard_cal,60,0.00987770984957781,0,9.756915187244646e-05,0.009926818077669142
s55-125-15,u015,2025-06-30,regular,hazard_cal,120,0.03644221779031487,0,0.0013280352374767414,0.037122821769001474
s55-125-58,u058,2025-06-30,new,empirical,30,0.0011737089201877549,0,1.3775926293283055e-06,0.0011743982559415578
s55-125-58,u058,2025-06-30,new,empirical,60,0.0046948356807511304,0,2.2041482069253932e-05,0.004705891037412617
s55-125-58,u058,2025-06-30,new,empirical,120,0.017018779342723,0,0.0002896388503162951,0.017165263130094227
s55-125-58,u058,2025-06-30,new,hazard,30,0.0010823089130226338,0,1.171392583208235e-06,0.0010828950322604532
s55-125-58,u058,2025-06-30,new,hazard,60,0.0028444963015041846,0,8.091159209270985e-06,0.002848549569270349
s55-125-58,u058,2025-06-30,new,hazard,120,0.010453913199402143,0,0.00010928430118063434,0.010508939177146452
s55-125-58,u058,2025-06-30,new,hazard_cal,30,0.0009682132083720374,0,9.374368168660743e-07,0.0009686822295465737
s55-125-58,u058,2025-06-30,new,hazard_cal,60,0.002560722906631452,0,6.557301804547031e-06,0.0025640071654496575
s55-125-58,u058,2025-06-30,new,hazard_cal,120,0.009554714836139122,0,9.129257559993705e-05,0.00960065398175248
s55-125-36,u036,2025-06-30,regular,empirical,30,0.0011737089201877549,0,1.3775926293283055e-06,0.0011743982559415578
s55-125-36,u036,2025-06-30,regular,empirical,60,0.0046948356807511304,0,2.2041482069253932e-05,0.004705891037412617
s55-125-36,u036,2025-06-30,regular,empirical,120,0.017018779342723,0,0.0002896388503162951,0.017165263130094227
s55-125-36,u036,2025-06-30,regular,hazard,30,0.0007573671622734812,0,5.736050184901856e-07,0.0007576541096749002
s55-125-36,u036,2025-06-30,regular,hazard,60,0.0019910845270522115,0,3.9644175938667285e-06,0.0019930693709480757
s55-125-36,u036,2025-06-30,regular,hazard,120,0.007326950037220392,0,5.36841968479239e-05,0.007353923974201159
s55-125-36,u036,2025-06-30,regular,hazard_cal,30,0.0006725827214484337,0,4.523675171909813e-07,0.0006728090066764077
s55-125-36,u036,2025-06-30,regular,hazard_cal,60,0.0017793286501077699,0,3.1660104450943387e-06,0.0017809135356308254
s55-125-36,u036,2025-06-30,regular,hazard_cal,120,0.0066471538952700415,0,4.418465490740369e-05,0.006669344614138221
s55-125-35,u035,2025-06-30,variable,empirical,30,0.0011737089201877549,0,1.3775926293283055e-06,0.0011743982559415578
s55-125-35,u035,2025-06-30,variable,empirical,60,0.0046948356807511304,0,2.2041482069253932e-05,0.004705891037412617
s55-125-35,u035,2025-06-30,variable,empirical,120,0.017018779342723,0,0.0002896388503162951,0.017165263130094227
s55-125-35,u035,2025-06-30,variable,hazard,30,0.00030586599939907977,0,9.355400958839787e-08,0.0003059127859443928
s55-125-35,u035,2025-06-30,variable,hazard,60,0.0008044402408555751,0,6.471241011077756e-07,0.0008047639765351114
s55-125-35,u035,2025-06-30,variable,hazard,120,0.002965556135090197,0,8.794523190371107e-06,0.0029699621096180135
s55-125-35,u035,2025-06-30,variable,hazard_cal,30,0.00026662731536597484,0,7.1090125299267e-08,0.00026666286674807796
s55-125-35,u035,2025-06-30,variable,hazard_cal,60,0.0007056321295908496,0,4.979167023109176e-07,0.0007058812051193614
s55-125-35,u035,2025-06-30,variable,hazard_cal,120,0.002640454190254271,0,6.971998330831338e-06,0.0026439463380116724
s55-126-32,u032,2025-07-01,variable,empirical,30,0.0011737089201877549,0,1.3775926293283055e-06,0.0011743982559415578
s55-126-32,u032,2025-07-01,variable,empirical,60,0.0046948356807511304,0,2.2041482069253932e-05,0.004705891037412617
s55-126-32,u032,2025-07-01,variable,empirical,120,0.017018779342723,0,0.0002896388503162951,0.017165263130094227
s55-126-32,u032,2025-07-01,variable,hazard,30,0.0007497140573504701,0,5.62071167788904e-07,0.0007499952334776115
s55-126-32,u032,2025-07-01,variable,hazard,60,0.001970978652858002,0,3.8847568500219445e-06,0.0019729235873194133
s55-126-32,u032,2025-07-01,variable,hazard,120,0.007253183216095027,0,5.26086667662426e-05,0.007279615438868345
s55-126-32,u032,2025-07-01,variable,hazard_cal,30,0.0006656477306364872,0,4.430869013015054e-07,0.000665869372449509
s55-126-32,u032,2025-07-01,variable,hazard_cal,60,0.0017609933256975685,0,3.1010974931513825e-06,0.0017625456971890668
s55-126-32,u032,2025-07-01,variable,hazard_cal,120,0.006578843849307181,0,4.328118639356693e-05,0.006600579826686571
s55-126-45,u045,2025-07-01,regular,empirical,30,0.0011737089201877549,0,1.3775926293283055e-06,0.0011743982559415578
s55-126-45,u045,2025-07-01,regular,empirical,60,0.0046948356807511304,0,2.2041482069253932e-05,0.004705891037412617
s55-126-45,u045,2025-07-01,regular,empirical,120,0.017018779342723,0,0.0002896388503162951,0.017165263130094227
s55-126-45,u045,2025-07-01,regular,hazard,30,0.0008223569688079468,0,6.762709841469945e-07,0.0008226952897931501
s55-126-45,u045,2025-07-01,regular,hazard,60,0.0021618113144774576,0,4.6734281594027525e-06,0.002164151401716809
s55-126-45,u045,2025-07-01,regular,hazard,120,0.007953151929393276,0,6.3252625612012e-05,0.007984946934743165
s55-126-45,u045,2025-07-01,regular,hazard_cal,30,0.0007315310306138523,0,5.351376487509649e-07,0.0007317987299997946
s55-126-45,u045,2025-07-01,regular,hazard_cal,60,0.0019351717429357818,0,3.7448896746571116e-06,0.0019370466069528228
s55-126-45,u045,2025-07-01,regular,hazard_cal,120,0.007227606137751863,0,5.2238290482468405e-05,0.007253851821767652
s55-126-58,u058,2025-07-01,new,empirical,30,0.0011737089201877549,0,1.3775926293283055e-06,0.0011743982559415578
s55-126-58,u058,2025-07-01,new,empirical,60,0.0046948356807511304,0,2.2041482069253932e-05,0.004705891037412617
s55-126-58,u058,2025-07-01,new,empirical,120,0.017018779342723,0,0.0002896388503162951,0.017165263130094227
s55-126-58,u058,2025-07-01,new,hazard,30,0.000982071169791432,0,9.644637825355115e-07,0.0009825537176394552
s55-126-58,u058,2025-07-01,new,hazard,60,0.0025812907293424336,0,6.663061829389193e-06,0.0025846280044791057
s55-126-58,u058,2025-07-01,new,hazard,120,0.00949037004543729,0,9.006712359933341e-05,0.00953569057422272
s55-126-58,u058,2025-07-01,new,hazard_cal,30,0.000876791904172225,0,7.687640432219562e-07,0.000877176511023719
s55-126-58,u058,2025-07-01,new,hazard_cal,60,0.0023191288480016725,0,5.378358613633564e-06,0.0023218221922558227
s55-126-58,u058,2025-07-01,new,hazard_cal,120,0.008656496429431448,0,7.493493043275941e-05,0.008694181532903677
s55-126-7,u007,2025-07-01,variable,empirical,30,0.0011737089201877549,0,1.3775926293283055e-06,0.0011743982559415578
s55-126-7,u007,2025-07-01,variable,empirical,60,0.0046948356807511304,0,2.2041482069253932e-05,0.004705891037412617
s55-126-7,u007,2025-07-01,variable,empirical,120,0.017018779342723,0,0.0002896388503162951,0.017165263130094227
s55-126-7,u007,2025-07-01,variable,hazard,30,0.0005213633765800418,0,2.718197704389425e-07,0.0005214993337226983
s55-126-7,u007,2025-07-01,variable,hazard,60,0.0013709370079492134,0,1.8794682797647416e-06,0.0013718776018507056
s55-126-7,u007,2025-07-01,variable,hazard,120,0.005049612276356141,0,2.5498584141526652e-05,0.005062404650951927
s55-126-7,u007,2025-07-01,variable,hazard_cal,30,0.0004594691760179126,0,2.1111192371057954e-07,0.0004595747643240546
s55-126-7,u007,2025-07-01,variable,hazard_cal,60,0.0012157731408746209,0,1.4781043300721406e-06,0.0012165127925995681
s55-126-7,u007,2025-07-01,variable,hazard_cal,120,0.004545800566675751,0,2.0664302791989575e-05,0.004556164137147912
s55-126-29,u029,2025-07-01,regular,empirical,30,0.0011737089201877549,0,1.3775926293283055e-06,0.0011743982559415578
s55-126-29,u029,2025-07-01,regular,empirical,60,0.0046948356807511304,0,2.2041482069253932e-05,0.004705891037412617
s55-126-29,u029,2025-07-01,regular,empirical,120,0.017018779342723,0,0.0002896388503162951,0.017165263130094227
s55-126-29,u029,2025-07-01,regular,hazard,30,0.0016982949157512417,0,2.884205620866517e-06,0.001699738653388079
s55-126-29,u029,2025-07-01,regular,hazard,60,0.004460900403612245,0,1.9899632410947886e-05,0.00447087990926393
s55-126-29,u029,2025-07-01,regular,hazard,120,0.016354436333954392,0,0.00026746758780136755,0.016489646343691527
s55-126-29,u029,2025-07-01,regular,hazard_cal,30,0.00153338965937877,0,2.35128384748974e-06,0.0015345665044977923
s55-126-29,u029,2025-07-01,regular,hazard_cal,60,0.0040533754251476095,0,1.6429852337190564e-05,0.00406161261780736
s55-126-29,u029,2025-07-01,regular,hazard_cal,120,0.015089346758720201,0,0.00022768838560489985,0.015204349293469468
s55-126-0,u000,2025-07-01,variable,empirical,30,0.0011737089201877549,0,1.3775926293283055e-06,0.0011743982559415578
s55-126-0,u000,2025-07-01,variable,empirical,60,0.0046948356807511304,0,2.2041482069253932e-05,0.004705891037412617
s55-126-0,u000,2025-07-01,variable,empirical,120,0.017018779342723,0,0.0002896388503162951,0.017165263130094227
s55-126-0,u000,2025-07-01,variable,hazard,30,0.0006253559206740311,0,3.910700275220651e-07,0.0006255515372453643
s55-126-0,u000,2025-07-01,variable,hazard,60,0.0016442313874707182,0,2.703496855543883e-06,0.001645584619452916
s55-126-0,u000,2025-07-01,variable,hazard,120,0.0060537446700824615,0,3.664782453055181e-05,0.006072142871938664
s55-126-0,u000,2025-07-01,variable,hazard_cal,30,0.000553173668425444,0,3.060011074392631e-07,0.0005533267254265016
s55-126-0,u000,2025-07-01,variable,hazard_cal,60,0.0014635918476617604,0,2.142101096541966e-06,0.001464663944412426
s55-126-0,u000,2025-07-01,variable,hazard_cal,120,0.005470304081984456,0,2.9924226749375803e-05,0.0054853209850814
s55-126-17,u017,2025-07-01,regular,empirical,30,0.0011737089201877549,0,1.3775926293283055e-06,0.0011743982559415578
s55-126-17,u017,2025-07-01,regular,empirical,60,0.0046948356807511304,0,2.2041482069253932e-05,0.004705891037412617
s55-126-17,u017,2025-07-01,regular,empirical,120,0.017018779342723,0,0.0002896388503162951,0.017165263130094227
s55-126-17,u017,2025-07-01,regular,hazard,30,0.0009548187639166761,0,9.116788719273693e-07,0.0009552748937232861
s55-126-17,u017,2025-07-01,regular,hazard,60,0.0025097226569217312,0,6.298707814666274e-06,0.002512877290104021
s55-126-17,u017,2025-07-01,regular,hazard,120,0.009228240809746602,0,8.516042844267262e-05,0.009271084810845239
s55-126-17,u017,2025-07-01,regular,hazard_cal,30,0.0008519689090945581,0,7.258510220637714e-07,0.0008523320408715626
s55-126-17,u017,2025-07-01,regular,hazard_cal,60,0.002253523418214276,0,5.078367796440155e-06,0.0022560664233118484
s55-126-17,u017,2025-07-01,regular,hazard_cal,120,0.008412467132257517,0,7.076960325131301e-05,0.00844805164344046
s55-126-47,u047,2025-07-01,regular,empirical,30,0.0011737089201877549,0,1.3775926293283055e-06,0.0011743982559415578
s55-126-47,u047,2025-07-01,regular,empirical,60,0.0046948356807511304,0,2.2041482069253932e-05,0.004705891037412617
s55-126-47,u047,2025-07-01,regular,empirical,120,0.017018779342723,0,0.0002896388503162951,0.017165263130094227
s55-126-47,u047,2025-07-01,regular,hazard,30,0.001395945649269592,0,1.948664255714703e-06,0.001396920889090964
s55-126-47,u047,2025-07-01,regular,hazard,60,0.003667735824501195,0,1.345228607832946e-05,0.0036744784593917027
s55-126-47,u047,2025-07-01,regular,hazard,120,0.013462677056554795,0,0.00018124367352908687,0.013554120536770086
s55-126-47,u047,2025-07-01,regular,hazard_cal,30,0.001255329644598735,0,1.5758525166083862e-06,0.0012561182308832844
s55-126-47,u047,2025-07-01,regular,hazard_cal,60,0.0033192037074258884,0,1.1017113251389762e-05,0.0033247244838242943
s55-126-47,u047,2025-07-01,regular,hazard_cal,120,0.012370295940236531,0,0.0001530242216490324,0.012447444948670628
s55-126-11,u011,2025-07-01,variable,empirical,30,0.0011737089201877549,0,1.3775926293283055e-06,0.0011743982559415578
s55-126-11,u011,2025-07-01,variable,empirical,60,0.0046948356807511304,0,2.2041482069253932e-05,0.004705891037412617
s55-126-11,u011,2025-07-01,variable,empirical,120,0.017018779342723,1,0.9662520801648703,4.073437877402787
s55-126-11,u011,2025-07-01,variable,hazard,30,0.0019580239913963293,0,3.833857950883613e-06,0.0019599434263141025
s55-126-11,u011,2025-07-01,variable,hazard,60,0.00514190721947283,0,2.6439209853666808e-05,0.005155172315867591
s55-126-11,u011,2025-07-01,variable,hazard,120,0.01883174646102448,1,0.9626911417527233,3.9722111917544805
s55-126-11,u011,2025-07-01,variable,hazard_cal,30,0.0017730822783391664,0,3.143820765760409e-06,0.0017746560492807543
s55-126-11,u011,2025-07-01,variable,hazard_cal,60,0.0046859407621809845,0,2.1958040826669308e-05,0.004696954201613039
s55-126-11,u011,2025-07-01,variable,hazard_cal,120,0.01742713752205971,1,0.9654494300780934,4.049726660013272
s55-126-18,u018,2025-07-01,regular,empirical,30,0.0011737089201877549,0,1.3775926293283055e-06,0.0011743982559415578
s55-126-18,u018,2025-07-01,regular,empirical,60,0.0046948356807511304,0,2.2041482069253932e-05,0.004705891037412617
s55-126-18,u018,2025-07-01,regular,empirical,120,0.017018779342723,0,0.0002896388503162951,0.017165263130094227
s55-126-18,u018,2025-07-01,regular,hazard,30,0.0012121416264928575,0,1.4692873226767501e-06,0.0012128768643558628
s55-126-18,u018,2025-07-01,regular,hazard,60,0.003185340951887383,0,1.014639697977082e-05,0.0031904249494249764
s55-126-18,u018,2025-07-01,regular,hazard,120,0.01170053715869146,0,0.00013690256980191962,0.011769527117996859
s55-126-18,u018,2025-07-01,regular,hazard_cal,30,0.0010868841055398093,0,1.1813170588750713e-06,0.0010874751924033396
s55-126-18,u018,2025-07-01,regular,hazard_cal,60,0.0028742669362975537,0,8.261410421093325e-06,0.002878405573776428
s55-126-18,u018,2025-07-01,regular,hazard_cal,120,0.01071943355529792,0,0.00011490625574644698,0.0107773005892528
s55-126-30,u030,2025-07-01,variable,empirical,30,0.0011737089201877549,0,1.3775926293283055e-06,0.0011743982559415578
s55-126-30,u030,2025-07-01,variable,empirical,60,0.0046948356807511304,0,2.2041482069253932e-05,0.004705891037412617
s55-126-30,u030,2025-07-01,variable,empirical,120,0.017018779342723,0,0.0002896388503162951,0.017165263130094227
s55-126-30,u030,2025-07-01,variable,hazard,30,0.000997609297056612,0,9.952243095737873e-07,0.0009981072404075559
s55-126-30,u030,2025-07-01,variable,hazard,60,0.0026220941092045535,0,6.875377517525221e-06,0.002625537819101493
s55-126-30,u030,2025-07-01,variable,hazard,120,0.009639793376911787,0,9.292561634955235e-05,0.009686556955242554
s55-126-30,u030,2025-07-01,variable,hazard_cal,30,0.0008909512618064941,0,7.93794150914584e-07,0.0008913483947835579
s55-126-30,u030,2025-07-01,variable,hazard_cal,60,0.0023565496828231725,0,5.553326407613994e-06,0.002359330715981263
s55-126-30,u030,2025-07-01,variable,hazard_cal,120,0.008795666678940495,0,7.736375232702411e-05,0.008834576883924153
s55-126-39,u039,2025-07-01,regular,empirical,30,0.0011737089201877549,0,1.3775926293283055e-06,0.0011743982559415578
s55-126-39,u039,2025-07-01,regular,empirical,60,0.0046948356807511304,0,2.2041482069253932e-05,0.004705891037412617
s55-126-39,u039,2025-07-01,regular,empirical,120,0.017018779342723,0,0.0002896388503162951,0.017165263130094227
s55-126-39,u039,2025-07-01,regular,hazard,30,0.004115756805294524,0,1.6939454080328183e-05,0.004124249843865779
s55-126-39,u039,2025-07-01,regular,hazard,60,0.010786947370994171,0,0.00011635823358459806,0.010845548285451149
s55-126-39,u039,2025-07-01,regular,hazard,120,0.039170967773237475,0,0.0015343647162920089,0.03995879195060349
s55-126-39,u039,2025-07-01,regular,hazard_cal,30,0.0037845735544236314,0,1.432299698884272e-05,0.0037917531731727593
s55-126-39,u039,2025-07-01,regular,hazard_cal,60,0.009983339292056637,0,9.966706342032191e-05,0.010033506997184848
s55-126-39,u039,2025-07-01,regular,hazard_cal,120,0.036825918403607716,0,0.0013561482662691735,0.03752111343124376
s55-126-40,u040,2025-07-01,variable,empirical,30,0.0011737089201877549,0,1.3775926293283055e-06,0.0011743982559415578
s55-126-40,u040,2025-07-01,variable,empirical,60,0.0046948356807511304,0,2.2041482069253932e-05,0.004705891037412617
s55-126-40,u040,2025-07-01,variable,empirical,120,0.017018779342723,0,0.0002896388503162951,0.017165263130094227
s55-126-40,u040,2025-07-01,variable,hazard,30,0.0009443645311096871,0,8.918243676180191e-07,0.0009448107242282511
s55-126-40,u040,2025-07-01,variable,hazard,60,0.0024822676456695003,0,6.161652664737604e-06,0.0024853535798025988
s55-126-40,u040,2025-07-01,variable,hazard,120,0.00912766747408389,0,8.331431351744896e-05,0.00916957986737987
s55-126-40,u040,2025-07-01,variable,hazard_cal,30,0.0008424504638508967,0,7.097227840425911e-07,0.0008428055246710258
s55-126-40,u040,2025-07-01,variable,hazard_cal,60,0.0022283660367279357,0,4.9656151936425676e-06,0.0022308525389028496
s55-126-40,u040,2025-07-01,variable,hazard_cal,120,0.008318877309550055,0,6.920371969134675e-05,0.008353672273792637
s55-126-25,u025,2025-07-01,variable,empirical,30,0.0011737089201877549,0,1.3775926293283055e-06,0.0011743982559415578
s55-126-25,u025,2025-07-01,variable,empirical,60,0.0046948356807511304,0,2.2041482069253932e-05,0.004705891037412617
s55-126-25,u025,2025-07-01,variable,empirical,120,0.017018779342723,0,0.0002896388503162951,0.017165263130094227
s55-126-25,u025,2025-07-01,variable,hazard,30,0.00041637943139294364,0,1.7337183088711107e-07,0.0004164661413787256
s55-126-25,u025,2025-07-01,variable,hazard,60,0.0010949844501528805,0,1.198990946076606e-06,0.0010955843836111094
s55-126-25,u025,2025-07-01,variable,hazard,120,0.004034870548172531,0,1.62801803405101e-05,0.0040430326009585175
s55-126-25,u025,2025-07-01,variable,hazard_cal,30,0.0003652625357660755,0,1.3341672003426357e-07,0.0003653292603745871
s55-126-25,u025,2025-07-01,variable,hazard_cal,60,0.0009665830494336447,0,9.342827914524436e-07,0.0009670504920683974
s55-126-25,u025,2025-07-01,variable,hazard_cal,120,0.00361546602481444,0,1.3071594576587528e-05,0.003622017618245333
s55-126-35,u035,2025-07-01,variable,empirical,30,0.0011737089201877549,0,1.3775926293283055e-06,0.0011743982559415578
s55-126-35,u035,2025-07-01,variable,empirical,60,0.0046948356807511304,0,2.2041482069253932e-05,0.004705891037412617
s55-126-35,u035,2025-07-01,variable,empirical,120,0.017018779342723,0,0.0002896388503162951,0.017165263130094227
s55-126-35,u035,2025-07-01,variable,hazard,30,0.00022573537018510947,0,5.0956457352608414e-08,0.00022576085224865997
s55-126-35,u035,2025-07-01,variable,hazard,60,0.0005937368841865132,0,3.5252348764350896e-07,0.0005939132157301503
s55-126-35,u035,2025-07-01,variable,hazard,120,0.0021894987369993624,0,4.793904719321803e-06,0.0021918991938639286
s55-126-35,u035,2025-07-01,variable,hazard_cal,30,0.0001955569104524768,0,3.824250522571803e-08,0.0001955760341983174
s55-126-35,u035,2025-07-01,variable,hazard_cal,60,0.0005175775767370938,0,2.6788654794104224e-07,0.0005177115662463694
s55-126-35,u035,2025-07-01,variable,hazard_cal,120,0.0019373228115429075,0,3.753219676124516e-06,0.0019392018486407995
s55-126-55,u055,2025-07-01,new,empirical,30,0.0011737089201877549,0,1.3775926293283055e-06,0.0011743982559415578
s55-126-55,u055,2025-07-01,new,empirical,60,0.0046948356807511304,0,2.2041482069253932e-05,0.004705891037412617
s55-126-55,u055,2025-07-01,new,empirical,120,0.017018779342723,0,0.0002896388503162951,0.017165263130094227
s55-126-55,u055,2025-07-01,new,hazard,30,0.0009265797926745201,0,8.585501121927565e-07,0.0009270093330867585
s55-126-55,u055,2025-07-01,new,hazard,60,0.002435559979793056,0,5.931952415169551e-06,0.0024385307806901327
s55-126-55,u055,2025-07-01,new,hazard,120,0.008956548511126927,0,8.021976123216998e-05,0.008996899509554035
s55-126-55,u055,2025-07-01,new,hazard_cal,30,0.0008262626816579743,0,6.827100191006271e-07,0.0008266042248167287
s55-126-55,u055,2025-07-01,new,hazard_cal,60,0.0021855804872759066,0,4.776762066361189e-06,0.002187972354022765
s55-126-55,u055,2025-07-01,new,hazard_cal,120,0.008159690906612949,0,6.658055569146205e-05,0.008193163392236762
s55-126-57,u057,2025-07-01,new,empirical,30,0.0011737089201877549,0,1.3775926293283055e-06,0.0011743982559415578
s55-126-57,u057,2025-07-01,new,empirical,60,0.0046948356807511304,0,2.2041482069253932e-05,0.004705891037412617
s55-126-57,u057,2025-07-01,new,empirical,120,0.017018779342723,0,0.0002896388503162951,0.017165263130094227
s55-126-57,u057,2025-07-01,new,hazard,30,0.0007805144538526321,0,6.092028126728726e-07,0.0007808192138490087
s55-126-57,u057,2025-07-01,new,hazard,60,0.0020518942794693906,0,4.210270134119209e-06,0.002054002298651732
s55-126-57,u057,2025-07-01,new,hazard,120,0.007550028771138084,0,5.700293444501285e-05,0.007578674513563509
s55-126-57,u057,2025-07-01,new,hazard_cal,30,0.000693566743387275,0,4.810348275328302e-07,0.0006938073720688417
s55-126-57,u057,2025-07-01,new,hazard_cal,60,0.0018348065751262466,0,3.3665151681265067e-06,0.0018364918945158865
s55-126-57,u057,2025-07-01,new,hazard_cal,120,0.006853818730864214,0,4.6974831195545146e-05,0.006877414020155474
s55-126-14,u014,2025-07-01,regular,empirical,30,0.0011737089201877549,0,1.3775926293283055e-06,0.0011743982559415578
s55-126-14,u014,2025-07-01,regular,empirical,60,0.0046948356807511304,0,2.2041482069253932e-05,0.004705891037412617
s55-126-14,u014,2025-07-01,regular,empirical,120,0.017018779342723,0,0.0002896388503162951,0.017165263130094227
s55-126-14,u014,2025-07-01,regular,hazard,30,0.0005548902208792894,0,3.079031572274666e-07,0.0005550442294324317
s55-126-14,u014,2025-07-01,regular,hazard,60,0.0014590518718552437,0,2.1288323647642905e-06,0.0014601173245308806
s55-126-14,u014,2025-07-01,regular,hazard,120,0.005373452729789396,0,2.8873994239281114e-05,0.005387941653916986
s55-126-14,u014,2025-07-01,regular,hazard_cal,30,0.0004896406132053333,0,2.3974793010009475e-07,0.0004897605263148666
s55-126-14,u014,2025-07-01,regular,hazard_cal,60,0.001295571732335743,0,1.6785061136274381e-06,0.0012964117109726576
s55-126-14,u014,2025-07-01,regular,hazard_cal,120,0.004843571690573478,0,2.3460186721724822e-05,0.00485533979909684
s55-126-1,u001,2025-07-01,variable,empirical,30,0.0011737089201877549,0,1.3775926293283055e-06,0.0011743982559415578
s55-126-1,u001,2025-07-01,variable,empirical,60,0.0046948356807511304,0,2.2041482069253932e-05,0.004705891037412617
s55-126-1,u001,2025-07-01,variable,empirical,120,0.017018779342723,0,0.0002896388503162951,0.017165263130094227
s55-126-1,u001,2025-07-01,variable,hazard,30,0.0003695744299122561,0,1.365852592449691e-07,0.0003696427393726836
s55-126-1,u001,2025-07-01,variable,hazard,60,0.0009719394111252777,0,9.446662188985516e-07,0.0009724120505107753
s55-126-1,u001,2025-07-01,variable,hazard,120,0.0035821322021412083,0,1.2831671113617022e-05,0.0035885634005600447
s55-126-1,u001,2025-07-01,variable,hazard_cal,30,0.0003234129658709062,0,1.0459594649341593e-07,0.00032346527512278376
s55-126-1,u001,2025-07-01,variable,hazard_cal,60,0.0008558709788392127,0,7.325151324191921e-07,0.00085623744551914
s55-126-1,u001,2025-07-01,variable,hazard_cal,120,0.0032018997612276445,0,1.0252162080949647e-05,0.0032070368107440877
s55-126-56,u056,2025-07-01,new,empirical,30,0.0011737089201877549,0,1.3775926293283055e-06,0.0011743982559415578
s55-126-56,u056,2025-07-01,new,empirical,60,0.0046948356807511304,0,2.2041482069253932e-05,0.004705891037412617
s55-126-56,u056,2025-07-01,new,empirical,120,0.017018779342723,0,0.0002896388503162951,0.017165263130094227
s55-126-56,u056,2025-07-01,new,hazard,30,0.001514356271462014,0,2.293274916916333e-06,0.0015155040678485954
s55-126-56,u056,2025-07-01,new,hazard,60,0.003978419321131632,0,1.5827820294753475e-05,0.003986354284011004
s55-126-56,u056,2025-07-01,new,hazard,120,0.014596210383095998,0,0.00021304935754759942,0.014703783114595194
s55-126-56,u056,2025-07-01,new,hazard_cal,30,0.0013640929303243565,0,1.8607495225608899e-06,0.0013650241520306028
s55-126-56,u056,2025-07-01,new,hazard_cal,60,0.0036064203191525923,0,1.3006267518396685e-05,0.00361293913068074
s55-126-56,u056,2025-07-01,new,hazard_cal,120,0.01343475696515306,0,0.00018049269471272867,0.013525819837267672
s55-126-2,u002,2025-07-01,variable,empirical,30,0.0011737089201877549,0,1.3775926293283055e-06,0.0011743982559415578
s55-126-2,u002,2025-07-01,variable,empirical,60,0.0046948356807511304,0,2.2041482069253932e-05,0.004705891037412617
s55-126-2,u002,2025-07-01,variable,empirical,120,0.017018779342723,0,0.0002896388503162951,0.017165263130094227
s55-126-2,u002,2025-07-01,variable,hazard,30,0.0003885424872567267,0,1.5096526440364363e-07,0.0003886179894467677
s55-126-2,u002,2025-07-01,variable,hazard,60,0.001021805551942756,0,1.0440865859810404e-06,0.0010223279511263222
s55-126-2,u002,2025-07-01,variable,hazard,120,0.0037656325932267087,0,1.4179988827171307e-05,0.0037727404369362577
s55-126-2,u002,2025-07-01,variable,hazard_cal,30,0.00034036042892660046,0,1.1584522157909944e-07,0.00034041836468378907
s55-126-2,u002,2025-07-01,variable,hazard_cal,60,0.0009007061348493828,0,8.112715413553145e-07,0.0009011120143571376
s55-126-2,u002,2025-07-01,variable,hazard_cal,120,0.003369399087652658,0,1.1352850211874564e-05,0.0033750882958285453
s55-126-5,u005,2025-07-01,variable,empirical,30,0.0011737089201877549,0,1.3775926293283055e-06,0.0011743982559415578
s55-126-5,u005,2025-07-01,variable,empirical,60,0.0046948356807511304,0,2.2041482069253932e-05,0.004705891037412617
s55-126-5,u005,2025-07-01,variable,empirical,120,0.017018779342723,0,0.0002896388503162951,0.017165263130094227
s55-126-5,u005,2025-07-01,variable,hazard,30,0.00030523660241088546,0,9.316938345134097e-08,0.00030528319658435047
s55-126-5,u005,2025-07-01,variable,hazard,60,0.0008027853628809201,0,6.444643388558505e-07,0.000803107767609761
s55-126-5,u005,2025-07-01,variable,hazard,120,0.00295946285601556,0,8.758420396135775e-06,0.002963850725509906
s55-126-5,u005,2025-07-01,variable,hazard_cal,30,0.0002660674439696198,0,7.079188474052677e-08,0.0002661028461917151
s55-126-5,u005,2025-07-01,variable,hazard_cal,60,0.0007041507887869392,0,4.958283333492686e-07,0.0007043988193944138
s55-126-5,u005,2025-07-01,variable,hazard_cal,120,0.002634917091122846,0,6.942788077091279e-06,0.002638394595127747
s55-126-28,u028,2025-07-01,regular,empirical,30,0.0011737089201877549,0,1.3775926293283055e-06,0.0011743982559415578
s55-126-28,u028,2025-07-01,regular,empirical,60,0.0046948356807511304,0,2.2041482069253932e-05,0.004705891037412617
s55-126-28,u028,2025-07-01,regular,empirical,120,0.017018779342723,0,0.0002896388503162951,0.017165263130094227
s55-126-28,u028,2025-07-01,regular,hazard,30,0.006436773537524809,0,4.1432053573379645e-05,0.006457578891935759
s55-126-28,u028,2025-07-01,regular,hazard,60,0.016834283027412744,0,0.0002833930850470368,0.016977590161893614
s55-126-28,u028,2025-07-01,regular,hazard,120,0.06057594830537161,0,0.0036694455130950533,0.06248830246531977
s55-126-28,u028,2025-07-01,regular,hazard_cal,30,0.005973981486213087,0,3.568845479761672e-05,0.005991897100947143
s55-126-28,u028,2025-07-01,regular,hazard_cal,60,0.015726859430031714,0,0.00024733410753197745,0.015851838568556723
s55-126-28,u028,2025-07-01,regular,hazard_cal,120,0.05750075074308403,0,0.0033063363360182783,0.059220156204674704
s55-126-51,u051,2025-07-01,regular,empirical,30,0.0011737089201877549,0,1.3775926293283055e-06,0.0011743982559415578
s55-126-51,u051,2025-07-01,regular,empirical,60,0.0046948356807511304,0,2.2041482069253932e-05,0.004705891037412617
s55-126-51,u051,2025-07-01,regular,empirical,120,0.017018779342723,0,0.0002896388503162951,0.017165263130094227
s55-126-51,u051,2025-07-01,regular,hazard,30,0.0021327445401464473,0,4.548599273524481e-06,0.0021350220786312446
s55-126-51,u051,2025-07-01,regular,hazard,60,0.0055998403798580565,0,3.1358212279888824e-05,0.005615578266599963
s55-126-51,u051,2025-07-01,regular,hazard,120,0.02049470494793426,0,0.00042003293090288107,0.0207076357397023
s55-126-51,u051,2025-07-01,regular,hazard_cal,30,0.0019347009793060366,0,3.743067879327737e-06,0.001936574930659467
s55-126-51,u051,2025-07-01,regular,hazard_cal,60,0.0051123050319705765,0,2.6135662739911676e-05,0.005125417572636866
s55-126-51,u051,2025-07-01,regular,hazard_cal,120,0.019000281498990912,0,0.00036101069704089634,0.01918310636787621
s55-127-30,u030,2025-07-02,variable,empirical,30,0.0011737089201877549,0,1.3775926293283055e-06,0.0011743982559415578
s55-127-30,u030,2025-07-02,variable,empirical,60,0.0046948356807511304,0,2.2041482069253932e-05,0.004705891037412617
s55-127-30,u030,2025-07-02,variable,empirical,120,0.017018779342723,0,0.0002896388503162951,0.017165263130094227
s55-127-30,u030,2025-07-02,variable,hazard,30,0.0014967501613235568,0,2.240261045422093e-06,0.0014978714108061582
s55-127-30,u030,2025-07-02,variable,hazard,60,0.00393222901330037,0,1.5462425013041202e-05,0.0039399805530326015
s55-127-30,u030,2025-07-02,variable,hazard,120,0.014427751861926463,0,0.00020816002378932252,0.01453284392674833
s55-127-30,u030,2025-07-02,variable,hazard_cal,30,0.0013479097945945373,0,1.8168608143638878e-06,0.0013488190421493517
s55-127-30,u030,2025-07-02,variable,hazard_cal,60,0.0035636883746837933,0,1.2699874831856416e-05,0.0035700534386688236
s55-127-30,u030,2025-07-02,variable,hazard_cal,120,0.013276446936540398,0,0.00017626404325877293,0.01336536686224919
s55-127-43,u043,2025-07-02,regular,empirical,30,0.0011737089201877549,0,1.3775926293283055e-06,0.0011743982559415578
s55-127-43,u043,2025-07-02,regular,empirical,60,0.0046948356807511304,0,2.2041482069253932e-05,0.004705891037412617
s55-127-43,u043,2025-07-02,regular,empirical,120,0.017018779342723,0,0.0002896388503162951,0.017165263130094227
s55-127-43,u043,2025-07-02,regular,hazard,30,0.0024817404262115206,0,6.15903554309254e-06,0.002484825048527862
s55-127-43,u043,2025-07-02,regular,hazard,60,0.006514101200679412,0,4.2433514452692955e-05,0.006535410549151029
s55-127-43,u043,2025-07-02,regular,hazard,120,0.02380789349498935,0,0.0005668157926687563,0.02409588150215149
s55-127-43,u043,2025-07-02,regular,hazard_cal,30,0.0022583288854723937,0,5.100049354958984e-06,0.002260882755860528
s55-127-43,u043,2025-07-02,regular,hazard_cal,60,0.005965679821923642,0,3.55893357377069e-05,0.00598354557948884
s55-127-43,u043,2025-07-02,regular,hazard_cal,120,0.022142715693167836,0,0.0004902998582684611,0.022391545662197875
s55-127-55,u055,2025-07-02,new,empirical,30,0.0011737089201877549,0,1.3775926293283055e-06,0.0011743982559415578
s55-127-55,u055,2025-07-02,new,empirical,60,0.0046948356807511304,0,2.2041482069253932e-05,0.004705891037412617
s55-127-55,u055,2025-07-02,new,empirical,120,0.017018779342723,0,0.0002896388503162951,0.017165263130094227
s55-127-55,u055,2025-07-02,new,hazard,30,0.0008214191680282479,0,6.74729449604219e-07,0.0008217567176121742
s55-127-55,u055,2025-07-02,new,hazard,60,0.002159347876923845,0,4.662783253575517e-06,0.0021616826301857992
s55-127-55,u055,2025-07-02,new,hazard,120,0.007944118686607493,0,6.310902170690635e-05,0.007975841314704378
s55-127-55,u055,2025-07-02,new,hazard_cal,30,0.0007306797081512162,0,5.338928359039465e-07,0.0007309467846753574
s55-127-55,u055,2025-07-02,new,hazard_cal,60,0.0019329212019442155,0,3.7361843729254707e-06,0.001934791704875848
s55-127-55,u055,2025-07-02,new,hazard_cal,120,0.007219225778417493,0,5.211722083976766e-05,0.007245410487162135
s55-127-41,u041,2025-07-02,regular,empirical,30,0.0011737089201877549,0,1.3775926293283055e-06,0.0011743982559415578
s55-127-41,u041,2025-07-02,regular,empirical,60,0.0046948356807511304,0,2.2041482069253932e-05,0.004705891037412617
s55-127-41,u041,2025-07-02,regular,empirical,120,0.017018779342723,0,0.0002896388503162951,0.017165263130094227
s55-127-41,u041,2025-07-02,regular,hazard,30,0.0014431328002826316,0,2.0826322792515896e-06,0.0014441751193461677
s55-127-41,u041,2025-07-02,regular,hazard,60,0.003791552629859196,0,1.4375871344992187e-05,0.0037987587863129264
s55-127-41,u041,2025-07-02,regular,hazard,120,0.013914552348587739,0,0.00019361476706158856,0.014012267230271621
s55-127-41,u041,2025-07-02,regular,hazard_cal,30,0.0012986503328407117,0,1.6864926869872915e-06,0.0012994943099507725
s55-127-41,u041,2025-07-02,regular,hazard_cal,60,0.0034336097380083253,0,1.17896758329456e-05,0.0034395181044848872
s55-127-41,u041,2025-07-02,regular,hazard_cal,120,0.012794412601403349,0,0.0001636969938149488,0.012876966002422916
s55-127-53,u053,2025-07-02,regular,empirical,30,0.0011737089201877549,0,1.3775926293283055e-06,0.0011743982559415578
s55-127-53,u053,2025-07-02,regular,empirical,60,0.0046948356807511304,0,2.2041482069253932e-05,0.004705891037412617
s55-127-53,u053,2025-07-02,regular,empirical,120,0.017018779342723,0,0.0002896388503162951,0.017165263130094227
s55-127-53,u053,2025-07-02,regular,hazard,30,0.004652742211356475,0,2.1648010085338343e-05,0.004663599908199455
s55-127-53,u053,2025-07-02,regular,hazard,60,0.012188336795549315,0,0.00014855555384174135,0.01226322369238114
s55-127-53,u053,2025-07-02,regular,hazard,120,0.04416640897911761,0,0.0019506716821106806,0.04517144905211141
s55-127-53,u053,2025-07-02,regular,hazard_cal,30,0.004289226574595517,0,1.8397464608216395e-05,0.004298451695439062
s55-127-53,u053,2025-07-02,regular,hazard_cal,60,0.011309277849442134,0,0.0001278997654758825,0.011373714010448137
s55-127-53,u053,2025-07-02,regular,hazard_cal,120,0.04163171380434394,0,0.0017331995942868018,0.042523142531914346
s55-127-8,u008,2025-07-02,regular,empirical,30,0.0011737089201877549,0,1.3775926293283055e-06,0.0011743982559415578
s55-127-8,u008,2025-07-02,regular,empirical,60,0.0046948356807511304,0,2.2041482069253932e-05,0.004705891037412617
s55-127-8,u008,2025-07-02,regular,empirical,120,0.017018779342723,0,0.0002896388503162951,0.017165263130094227
s55-127-8,u008,2025-07-02,regular,hazard,30,0.008277210733881213,0,6.851221753307837e-05,0.00831165705397403
s55-127-8,u008,2025-07-02,regular,hazard,60,0.02161119561189484,0,0.00046704377577558276,0.021848137450496782
s55-127-8,u008,2025-07-02,regular,hazard,120,0.07720746279134383,0,0.005960992310676741,0.08035083983199687
s55-127-8,u008,2025-07-02,regular,hazard_cal,30,0.007722441723180484,0,5.9636106167918765e-05,0.007752414183027396
s55-127-8,u008,2025-07-02,regular,hazard_cal,60,0.020296879929152523,0,0.0004119633348584345,0.02050569191593445
s55-127-8,u008,2025-07-02,regular,hazard_cal,120,0.07368916746321397,0,0.005430093401421592,0.07654542837534918
s55-127-47,u047,2025-07-02,regular,empirical,30,0.0011737089201877549,0,1.3775926293283055e-06,0.0011743982559415578
s55-127-47,u047,2025-07-02,regular,empirical,60,0.0046948356807511304,0,2.2041482069253932e-05,0.004705891037412617
s55-127-47,u047,2025-07-02,regular,empirical,120,0.017018779342723,0,0.0002896388503162951,0.017165263130094227
s55-127-47,u047,2025-07-02,regular,hazard,30,0.0013860876874268735,0,1.921239077236378e-06,0.0013870491955579158
s55-127-47,u047,2025-07-02,regular,hazard,60,0.0036418676578953146,0,1.3263200037623905e-05,0.003648515402960518
s55-127-47,u047,2025-07-02,regular,hazard,120,0.013368248556138829,0,0.00017871006945870788,0.013458408008417822
s55-127-47,u047,2025-07-02,regular,hazard_cal,30,0.0012462832147350777,0,1.5532218513304e-06,0.0012470604715159102
s55-127-47,u047,2025-07-02,regular,hazard_cal,60,0.003295311742796736,0,1.0859079482214061e-05,0.003300753240113053
s55-127-47,u047,2025-07-02,regular,hazard_cal,120,0.012281706638102796,0,0.00015084031794441828,0.012357750067253523
s55-127-51,u051,2025-07-02,regular,empirical,30,0.0011737089201877549,0,1.3775926293283055e-06,0.0011743982559415578
s55-127-51,u051,2025-07-02,regular,empirical,60,0.0046948356807511304,0,2.2041482069253932e-05,0.004705891037412617
s55-127-51,u051,2025-07-02,regular,empirical,120,0.017018779342723,0,0.0002896388503162951,0.017165263130094227
s55-127-51,u051,2025-07-02,regular,hazard,30,0.0013896248458180605,0,1.931057212114868e-06,0.0013905912698390945
s55-127-51,u051,2025-07-02,regular,hazard,60,0.0036511495290844076,0,1.3330892883733292e-05,0.003657831244445709
s55-127-51,u051,2025-07-02,regular,hazard,120,0.01340213171474891,0,0.00017961713449947858,0.01349275085252946
s55-127-51,u051,2025-07-02,regular,hazard_cal,30,0.0012495290332273923,0,1.5613228048781816e-06,0.0012503103455459318
s55-127-51,u051,2025-07-02,regular,hazard_cal,60,0.0033038841187039703,0,1.091565026982431e-05,0.003309353995053545
s55-127-51,u051,2025-07-02,regular,hazard_cal,120,0.012313493007515719,0,0.0001516221100461385,0.012389932199654905
s55-127-11,u011,2025-07-02,variable,empirical,30,0.0011737089201877549,0,1.3775926293283055e-06,0.0011743982559415578
s55-127-11,u011,2025-07-02,variable,empirical,60,0.0046948356807511304,0,2.2041482069253932e-05,0.004705891037412617
s55-127-11,u011,2025-07-02,variable,empirical,120,0.017018779342723,0,0.0002896388503162951,0.017165263130094227
s55-127-11,u011,2025-07-02,variable,hazard,30,0.001637918167296748,0,2.6827759227607377e-06,0.001639261021782285
s55-127-11,u011,2025-07-02,variable,hazard,60,0.004302546819675124,0,1.8511909135496523e-05,0.004311829409663443
s55-127-11,u011,2025-07-02,variable,hazard,120,0.015777657879954554,0,0.00024893448817689206,0.01590345001535029
s55-127-11,u011,2025-07-02,variable,hazard_cal,30,0.0014777751390612215,0,2.1838193616274125e-06,0.0014788681256670336
s55-127-11,u011,2025-07-02,variable,hazard_cal,60,0.003906564701873783,0,1.5261247769926197e-05,0.003914215257185015
s55-127-11,u011,2025-07-02,variable,hazard_cal,120,0.014546118574426226,0,0.00021158956558126765,0.01465295061723473
s55-127-34,u034,2025-07-02,regular,empirical,30,0.0011737089201877549,0,1.3775926293283055e-06,0.0011743982559415578
s55-127-34,u034,2025-07-02,regular,empirical,60,0.0046948356807511304,0,2.2041482069253932e-05,0.004705891037412617
s55-127-34,u034,2025-07-02,regular,empirical,120,0.017018779342723,0,0.0002896388503162951,0.017165263130094227
s55-127-34,u034,2025-07-02,regular,hazard,30,0.006541301550519019,0,4.278862597482252e-05,0.006562789621399916
s55-127-34,u034,2025-07-02,regular,hazard,60,0.017106021620061362,0,0.0002926159756660068,0.01725401980949927
s55-127-34,u034,2025-07-02,regular,hazard,120,0.06152856211811231,0,0.0037857639563224047,0.06350285721529435
s55-127-34,u034,2025-07-02,regular,hazard_cal,30,0.006073028369184219,0,3.688167357291634e-05,0.0060915442088456916
s55-127-34,u034,2025-07-02,regular,hazard_cal,60,0.015986139341118588,0,0.00025555665103365943,0.016115295993642306
s55-127-34,u034,2025-07-02,regular,hazard_cal,120,0.058425384623590815,0,0.003413525568414522,0.06020168243047259
s55-127-10,u010,2025-07-02,variable,empirical,30,0.0011737089201877549,0,1.3775926293283055e-06,0.0011743982559415578
s55-127-10,u010,2025-07-02,variable,empirical,60,0.0046948356807511304,0,2.2041482069253932e-05,0.004705891037412617
s55-127-10,u010,2025-07-02,variable,empirical,120,0.017018779342723,0,0.0002896388503162951,0.017165263130094227
s55-127-10,u010,2025-07-02,variable,hazard,30,0.0009339186354585527,0,8.72204017656765e-07,0.0009343550091802369
s55-127-10,u010,2025-07-02,variable,hazard,60,0.002454834004813722,0,6.026209991189776e-06,0.0024578520500210532
s55-127-10,u010,2025-07-02,variable,hazard,120,0.009027164073889371,0,8.148969121691894e-05,0.009068155798657919
s55-127-10,u010,2025-07-02,variable,hazard_cal,30,0.0008329417751865575,0,6.937920008509338e-07,0.000833288863936847
s55-127-10,u010,2025-07-02,variable,hazard_cal,60,0.002203233999052312,0,4.854240054580043e-06,0.0022056646899898252
s55-127-10,u010,2025-07-02,variable,hazard_cal,120,0.00822537449318983,0,6.765678555321786e-05,0.008259389538708205
s55-127-21,u021,2025-07-02,regular,empirical,30,0.0011737089201877549,0,1.3775926293283055e-06,0.0011743982559415578
s55-127-21,u021,2025-07-02,regular,empirical,60,0.0046948356807511304,0,2.2041482069253932e-05,0.004705891037412617
s55-127-21,u021,2025-07-02,regular,empirical,120,0.017018779342723,0,0.0002896388503162951,0.017165263130094227
s55-127-21,u021,2025-07-02,regular,hazard,30,0.0019184681596978725,0,3.6805200797745416e-06,0.0019203107767830508
s55-127-21,u021,2025-07-02,regular,hazard,60,0.005038213167065542,0,2.5383591916792596e-05,0.005050947754073286
s55-127-21,u021,2025-07-02,regular,hazard,120,0.018454866728065733,0,0.0003405821059506676,0.018627282347371227
s55-127-21,u021,2025-07-02,regular,hazard_cal,30,0.0017365331455968525,0,3.015547365756499e-06,0.001738042667088926
s55-127-21,u021,2025-07-02,regular,hazard_cal,60,0.004589503241680171,0,2.1063540005392796e-05,0.004600067346738236
s55-127-21,u021,2025-07-02,regular,hazard_cal,120,0.017071026437704195,0,0.0002914199436367956,0.017218416214245396
s55-127-32,u032,2025-07-02,variable,empirical,30,0.0011737089201877549,0,1.3775926293283055e-06,0.0011743982559415578
s55-127-32,u032,2025-07-02,variable,empirical,60,0.0046948356807511304,0,2.2041482069253932e-05,0.004705891037412617
s55-127-32,u032,2025-07-02,variable,empirical,120,0.017018779342723,0,0.0002896388503162951,0.017165263130094227
s55-127-32,u032,2025-07-02,variable,hazard,30,0.0005713181475791584,0,3.264044257532811e-07,0.0005714814119789396
s55-127-32,u032,2025-07-02,variable,hazard,60,0.001502225585186312,0,2.2566817087883573e-06,0.0015033550573303914
s55-127-32,u032,2025-07-02,variable,hazard,120,0.005532093597208743,0,3.0604059568277964e-05,0.0055474522970267405
s55-127-32,u032,2025-07-02,variable,hazard_cal,30,0.0005044382266884417,0,2.544579245445797e-07,0.0005045654984530092
s55-127-32,u032,2025-07-02,variable,hazard_cal,60,0.0013347074065094278,0,1.7814438609911229e-06,0.0013355989218029288
s55-127-32,u032,2025-07-02,variable,hazard_cal,120,0.004989580906729962,0,2.4895917624804194e-05,0.005002070427846886
s55-127-48,u048,2025-07-02,regular,empirical,30,0.0011737089201877549,0,1.3775926293283055e-06,0.0011743982559415578
s55-127-48,u048,2025-07-02,regular,empirical,60,0.0046948356807511304,0,2.2041482069253932e-05,0.004705891037412617
s55-127-48,u048,2025-07-02,regular,empirical,120,0.017018779342723,0,0.0002896388503162951,0.017165263130094227
s55-127-48,u048,2025-07-02,regular,hazard,30,0.000980726325884529,0,9.618241262829671e-07,0.0009812075526078755
s55-127-48,u048,2025-07-02,regular,hazard,60,0.00257775909237401,0,6.644841938316881e-06,0.002581087234005037
s55-127-48,u048,2025-07-02,regular,hazard,120,0.009477436205766576,0,8.982179703437515e-05,0.009522632896804138
s55-127-48,u048,2025-07-02,regular,hazard_cal,30,0.0008755666102545634,0,7.666168889926666e-07,0.0008759501425874717
s55-127-48,u048,2025-07-02,regular,hazard_cal,60,0.0023158905531613927,0,5.363349054222181e-06,0.002318576375203034
s55-127-48,u048,2025-07-02,regular,hazard_cal,120,0.008644452265691771,0,7.47265549738236e-05,0.008682032272296627
s55-127-36,u036,2025-07-02,regular,empirical,30,0.0011737089201877549,0,1.3775926293283055e-06,0.0011743982559415578
s55-127-36,u036,2025-07-02,regular,empirical,60,0.0046948356807511304,0,2.2041482069253932e-05,0.004705891037412617
s55-127-36,u036,2025-07-02,regular,empirical,120,0.017018779342723,0,0.0002896388503162951,0.017165263130094227
s55-127-36,u036,2025-07-02,regular,hazard,30,0.0012785983147384217,0,1.634813650451932e-06,0.0012794164189891453
s55-127-36,u036,2025-07-02,regular,hazard,60,0.0033597757048621224,0,1.1288092786981772e-05,0.0033654324250167013
s55-127-36,u036,2025-07-02,regular,hazard,120,0.012338026888792264,0,0.0001522269075085609,0.012414772253473176
s55-127-36,u036,2025-07-02,regular,hazard_cal,30,0.0011477308203452496,0,1.3172860359703797e-06,0.001148389967760705
s55-127-36,u036,2025-07-02,regular,hazard_cal,60,0.0030350051782580545,0,9.211256432053204e-06,0.003039620146474515
s55-127-36,u036,2025-07-02,regular,hazard_cal,120,0.011316087961715682,0,0.00012805384675728656,0.01138060204487098
s55-127-40,u040,2025-07-02,variable,empirical,30,0.0011737089201877549,0,1.3775926293283055e-06,0.0011743982559415578
s55-127-40,u040,2025-07-02,variable,empirical,60,0.0046948356807511304,0,2.2041482069253932e-05,0.004705891037412617
s55-127-40,u040,2025-07-02,variable,empirical,120,0.017018779342723,0,0.0002896388503162951,0.017165263130094227
s55-127-40,u040,2025-07-02,variable,hazard,30,0.001087552213907883,0,1.1827698179759378e-06,0.0010881440279415563
s55-127-40,u040,2025-07-02,variable,hazard,60,0.002858262900172659,0,8.16966680650342e-06,0.0028623555339852
s55-127-40,u040,2025-07-02,variable,hazard,120,0.010504288848539045,0,0.00011034008421354174,0.010559848308221816
s55-127-40,u040,2025-07-02,variable,hazard_cal,30,0.0009730002810385274,0,9.467295469010533e-07,0.0009734739530922651
s55-127-40,u040,2025-07-02,variable,hazard_cal,60,0.0025733723131380337,0,6.622245062025394e-06,0.0025766891271558957
s55-127-40,u040,2025-07-02,variable,hazard_cal,120,0.00960172534311543,0,9.219312956462513e-05,0.009648119120281027
s55-127-42,u042,2025-07-02,variable,empirical,30,0.0011737089201877549,0,1.3775926293283055e-06,0.0011743982559415578
s55-127-42,u042,2025-07-02,variable,empirical,60,0.0046948356807511304,0,2.2041482069253932e-05,0.004705891037412617
s55-127-42,u042,2025-07-02,variable,empirical,120,0.017018779342723,0,0.0002896388503162951,0.017165263130094227
s55-127-42,u042,2025-07-02,variable,hazard,30,0.0006964821971653379,0,4.850874509682566e-07,0.0006967248535679402
s55-127-42,u042,2025-07-02,variable,hazard,60,0.0018311226433896932,0,3.3530101351344575e-06,0.0018328011978629806
s55-127-42,u042,2025-07-02,variable,hazard,120,0.006739938654547584,0,4.542677306706469e-05,0.00676275461766437
s55-127-42,u042,2025-07-02,variable,hazard_cal,30,0.0006174518601986811,0,3.812467996628117e-07,0.0006176425621020496
s55-127-42,u042,2025-07-02,variable,hazard_cal,60,0.0016335624364992585,0,2.668526233941394e-06,0.0016348981544668892
s55-127-42,u042,2025-07-02,variable,hazard_cal,120,0.006103980505628992,0,3.7258578013098764e-05,0.006122685951933947
s55-127-15,u015,2025-07-02,regular,empirical,30,0.0011737089201877549,0,1.3775926293283055e-06,0.0011743982559415578
s55-127-15,u015,2025-07-02,regular,empirical,60,0.0046948356807511304,0,2.2041482069253932e-05,0.004705891037412617
s55-127-15,u015,2025-07-02,regular,empirical,120,0.017018779342723,0,0.0002896388503162951,0.017165263130094227
s55-127-15,u015,2025-07-02,regular,hazard,30,0.003969394265715853,0,1.5756090836697898e-05,0.0039772932207744124
s55-127-15,u015,2025-07-02,regular,hazard,60,0.010404740560699288,0,0.00010825862613546094,0.010459248295990951
s55-127-15,u015,2025-07-02,regular,hazard,120,0.03780484264279149,0,0.001429206127246226,0.0385379826153264
s55-127-15,u015,2025-07-02,regular,hazard_cal,30,0.003647255028073837,0,1.3302469239809885e-05,0.0036539224795614114
s55-127-15,u015,2025-07-02,regular,hazard_cal,60,0.009622329996502477,0,9.258923456159136e-05,0.009668923748329275
s55-127-15,u015,2025-07-02,regular,hazard_cal,120,0.03551402611453558,0,0.001261246050863915,0.0361599891107162
s55-127-20,u020,2025-07-02,regular,empirical,30,0.0011737089201877549,0,1.3775926293283055e-06,0.0011743982559415578
s55-127-20,u020,2025-07-02,regular,empirical,60,0.0046948356807511304,0,2.2041482069253932e-05,0.004705891037412617
s55-127-20,u020,2025-07-02,regular,empirical,120,0.017018779342723,0,0.0002896388503162951,0.017165263130094227
s55-127-20,u020,2025-07-02,regular,hazard,30,0.0012434387010169523,0,1.5461398031867256e-06,0.001244212412360134
s55-127-20,u020,2025-07-02,regular,hazard,60,0.0032674917978741114,0,1.0676502649174593e-05,0.003272841706231932
s55-127-20,u020,2025-07-02,regular,hazard,120,0.012000807816255232,0,0.00014401938824269267,0.012073398862392191
s55-127-20,u020,2025-07-02,regular,hazard_cal,30,0.00111553087827998,0,1.2444091403961035e-06,0.0011161535459632695
s55-127-20,u020,2025-07-02,regular,hazard_cal,60,0.0029499451265273535,0,8.702176249522483e-06,0.002954304790609677
s55-127-20,u020,2025-07-02,regular,hazard_cal,120,0.01100038519015134,0,0.00012100847433170094,0.011061336833870186
s55-127-54,u054,2025-07-02,new,empirical,30,0.0011737089201877549,0,1.3775926293283055e-06,0.0011743982559415578
s55-127-54,u054,2025-07-02,new,empirical,60,0.0046948356807511304,0,2.2041482069253932e-05,0.004705891037412617
s55-127-54,u054,2025-07-02,new,empirical,120,0.017018779342723,0,0.0002896388503162951,0.017165263130094227
s55-127-54,u054,2025-07-02,new,hazard,30,0.0006378016081515225,0,4.067908913606683e-07,0.0006380050901225552
s55-127-54,u054,2025-07-02,new,hazard,60,0.0016769354058820962,0,2.8121123555009507e-06,0.0016783430359497548
s55-127-54,u054,2025-07-02,new,hazard,120,0.006173849464651049,0,3.811641721217204e-05,0.006192986479949678
s55-127-54,u054,2025-07-02,new,hazard_cal,30,0.000564410695561679,0,3.185594332644183e-07,0.0005645700352364764
s55-127-54,u054,2025-07-02,new,hazard_cal,60,0.0014933073374276962,0,2.2299668040153954e-06,0.0014944234320829757
s55-127-54,u054,2025-07-02,new,hazard_cal,120,0.005581112025997315,0,3.114881144673185e-05,0.005596744623706256
s55-127-57,u057,2025-07-02,new,empirical,30,0.0011737089201877549,0,1.3775926293283055e-06,0.0011743982559415578
s55-127-57,u057,2025-07-02,new,empirical,60,0.0046948356807511304,0,2.2041482069253932e-05,0.004705891037412617
s55-127-57,u057,2025-07-02,new,empirical,120,0.017018779342723,0,0.0002896388503162951,0.017165263130094227
s55-127-57,u057,2025-07-02,new,hazard,30,0.0010670730652994065,0,1.1386449266874713e-06,0.0010676427930929326
s55-127-57,u057,2025-07-02,new,hazard,60,0.0028044929263411067,0,7.865180573897305e-06,0.002808432884742529
s55-127-57,u057,2025-07-02,new,hazard,120,0.010307518285836204,0,0.0001062449332128477,0.010361008638441596
s55-127-57,u057,2025-07-02,new,hazard_cal,30,0.0009543057753631512,0,9.106995128914652e-07,0.000954761415022367
s55-127-57,u057,2025-07-02,new,hazard_cal,60,0.0025239731364490314,0,6.370440393516361e-06,0.002527163726418753
s55-127-57,u057,2025-07-02,new,hazard_cal,120,0.009418126812570038,0,8.870111265765067e-05,0.009462757816917265
s55-127-6,u006,2025-07-02,variable,empirical,30,0.0011737089201877549,0,1.3775926293283055e-06,0.0011743982559415578
s55-127-6,u006,2025-07-02,variable,empirical,60,0.0046948356807511304,0,2.2041482069253932e-05,0.004705891037412617
s55-127-6,u006,2025-07-02,variable,empirical,120,0.017018779342723,0,0.0002896388503162951,0.017165263130094227
s55-127-6,u006,2025-07-02,variable,hazard,30,0.000509695652327613,0,2.59789658001671e-07,0.0005098255913113798
s55-127-6,u006,2025-07-02,variable,hazard,60,0.001340270762159701,0,1.7963257159001458e-06,0.001341169728346159
s55-127-6,u006,2025-07-02,variable,hazard,120,0.004936887192480532,0,2.4372855151278314e-05,0.004949113877832963
s55-127-6,u006,2025-07-02,variable,hazard_cal,30,0.0004489783838130812,0,2.0158158913140644e-07,0.00044907920478640134
s55-127-6,u006,2025-07-02,variable,hazard_cal,60,0.0011880256404027678,0,1.4114049222544066e-06,0.001188731902290797
s55-127-6,u006,2025-07-02,variable,hazard_cal,120,0.0044422426101140555,0,1.9733519407112937e-05,0.004452138687878069
s55-127-16,u016,2025-07-02,variable,empirical,30,0.0011737089201877549,0,1.3775926293283055e-06,0.0011743982559415578
s55-127-16,u016,2025-07-02,variable,empirical,60,0.0046948356807511304,0,2.2041482069253932e-05,0.004705891037412617
s55-127-16,u016,2025-07-02,variable,empirical,120,0.017018779342723,0,0.0002896388503162951,0.017165263130094227
s55-127-16,u016,2025-07-02,variable,hazard,30,0.0002083227766042084,0,4.339837925208692e-08,0.000208344478807929
s55-127-16,u016,2025-07-02,variable,hazard,60,0.0005479464125089928,0,3.002452709814753e-07,0.0005480965900064699
s55-127-16,u016,2025-07-02,variable,hazard,120,0.0020207789808700527,0,4.083547689526209e-06,0.00202282350953952
s55-127-16,u016,2025-07-02,variable,hazard_cal,30,0.00018017602863518167,0,3.24634012947458e-08,0.00018019226228580145
s55-127-16,u016,2025-07-02,variable,hazard_cal,60,0.00047687601590429285,0,2.2741073454475136e-07,0.0004769897574334074
s55-127-16,u016,2025-07-02,variable,hazard_cal,120,0.0017850868272368814,0,3.1865349807746355e-06,0.00178668199334994
s55-127-2,u002,2025-07-02,variable,empirical,30,0.0011737089201877549,0,1.3775926293283055e-06,0.0011743982559415578
s55-127-2,u002,2025-07-02,variable,empirical,60,0.0046948356807511304,0,2.2041482069253932e-05,0.004705891037412617
s55-127-2,u002,2025-07-02,variable,empirical,120,0.017018779342723,0,0.0002896388503162951,0.017165263130094227
s55-127-2,u002,2025-07-02,variable,hazard,30,0.0004633811472235516,0,2.147220876022148e-07,0.00046348854144493914
s55-127-2,u002,2025-07-02,variable,hazard,60,0.0012185360249776789,0,1.4848300441684025e-06,0.001219279043657781
s55-127-2,u002,2025-07-02,variable,hazard,120,0.004489303150566948,0,2.0153842777690326e-05,0.0044994103327694905
s55-127-2,u002,2025-07-02,variable,hazard_cal,30,0.00040738538762408183,0,1.6596285404962341e-07,0.000407468391594942
s55-127-2,u002,2025-07-02,variable,hazard_cal,60,0.0010780094157760711,0,1.1621043005018662e-06,0.0010785908858506944
s55-127-2,u002,2025-07-02,variable,hazard_cal,120,0.004031557560876697,0,1.6253456366662066e-05,0.004039706197565766
s55-127-38,u038,2025-07-02,variable,empirical,30,0.0011737089201877549,0,1.3775926293283055e-06,0.0011743982559415578
s55-127-38,u038,2025-07-02,variable,empirical,60,0.0046948356807511304,0,2.2041482069253932e-05,0.004705891037412617
s55-127-38,u038,2025-07-02,variable,empirical,120,0.017018779342723,0,0.0002896388503162951,0.017165263130094227
s55-127-38,u038,2025-07-02,variable,hazard,30,0.0015790535177311327,0,2.4934100118590643e-06,0.001580301536702585
s55-127-38,u038,2025-07-02,variable,hazard,60,0.004148142248910913,0,1.720708411719969e-05,0.004156769657714476
s55-127-38,u038,2025-07-02,variable,hazard,120,0.015214996586832896,0,0.0002314961211373367,0.015331932281083455
s55-127-38,u038,2025-07-02,variable,hazard_cal,30,0.001423594205691825,0,2.0266204624793378e-06,0.0014246084786460821
s55-127-38,u038,2025-07-02,variable,hazard_cal,60,0.003763523795706769,0,1.4164111360851086e-05,0.003770623670684242
s55-127-38,u038,2025-07-02,variable,hazard_cal,120,0.014016601777456006,0,0.00019646512538778286,0.01411576202374485
s55-127-19,u019,2025-07-02,regular,empirical,30,0.0011737089201877549,0,1.3775926293283055e-06,0.0011743982559415578
s55-127-19,u019,2025-07-02,regular,empirical,60,0.0046948356807511304,0,2.2041482069253932e-05,0.004705891037412617
s55-127-19,u019,2025-07-02,regular,empirical,120,0.017018779342723,0,0.0002896388503162951,0.017165263130094227
s55-127-19,u019,2025-07-02,regular,hazard,30,0.003802339079044703,0,1.4457782472030521e-05,0.003809586347160814
s55-127-19,u019,2025-07-02,regular,hazard,60,0.009968372205871434,0,9.936844443479012e-05,0.01001838909700797
s55-127-19,u019,2025-07-02,regular,hazard,120,0.03624318634988244,0,0.0013135685567923047,0.03691628419431854
s55-127-19,u019,2025-07-02,regular,hazard_cal,30,0.003490651847826043,0,1.2184650322731368e-05,0.0034967583876651734
s55-127-19,u019,2025-07-02,regular,hazard_cal,60,0.00921050920179689,0,8.483347975638519e-05,0.009253188207396531
s55-127-19,u019,2025-07-02,regular,hazard_cal,120,0.03401568969348778,0,0.001157067145323651,0.03460768682024486
s55-127-29,u029,2025-07-02,regular,empirical,30,0.0011737089201877549,0,1.3775926293283055e-06,0.0011743982559415578
s55-127-29,u029,2025-07-02,regular,empirical,60,0.0046948356807511304,0,2.2041482069253932e-05,0.004705891037412617
s55-127-29,u029,2025-07-02,regular,empirical,120,0.017018779342723,0,0.0002896388503162951,0.017165263130094227
s55-127-29,u029,2025-07-02,regular,hazard,30,0.002164876986436415,0,4.686692366402013e-06,0.0021672237201578967
s55-127-29,u029,2025-07-02,regular,hazard,60,0.005684041840390841,0,3.23083316433137e-05,0.00570025748233147
s55-127-29,u029,2025-07-02,regular,hazard,120,0.020800226634491326,0,0.00043264942804620234,0.02101959867272488
s55-127-29,u029,2025-07-02,regular,hazard_cal,30,0.001964454446254482,0,3.859081271409004e-06,0.0019663865176156284
s55-127-29,u029,2025-07-02,regular,hazard_cal,60,0.005190783357771012,0,2.69442318673125e-05,0.005204302276516332
s55-127-29,u029,2025-07-02,regular,hazard_cal,120,0.01928961425540643,0,0.0003720892181223789,0.019478086505754194
s55-127-5,u005,2025-07-02,variable,empirical,30,0.0011737089201877549,0,1.3775926293283055e-06,0.0011743982559415578
s55-127-5,u005,2025-07-02,variable,empirical,60,0.0046948356807511304,0,2.2041482069253932e-05,0.004705891037412617
s55-127-5,u005,2025-07-02,variable,empirical,120,0.017018779342723,0,0.0002896388503162951,0.017165263130094227
s55-127-5,u005,2025-07-02,variable,hazard,30,0.0003598217615103927,0,1.2947170005644191e-07,0.0003598865128935246
s55-127-5,u005,2025-07-02,variable,hazard,60,0.000946299425667263,0,8.954826030181918e-07,0.0009467474496342872
s55-127-5,u005,2025-07-02,variable,hazard,120,0.003487769883806058,0,1.2164538762384522e-05,0.003493866332655422
s55-127-5,u005,2025-07-02,variable,hazard_cal,30,0.00031470609602535227,0,9.903992687551824e-08,0.00031475562638073244
s55-127-5,u005,2025-07-02,variable,hazard_cal,60,0.0008328360773373067,0,6.936159317145922e-07,0.0008331830779796438
s55-127-5,u005,2025-07-02,variable,hazard_cal,120,0.0031158348099543653,0,9.708426562923356e-06,0.0031206991301425805
s55-127-4,u004,2025-07-02,variable,empirical,30,0.0011737089201877549,0,1.3775926293283055e-06,0.0011743982559415578
s55-127-4,u004,2025-07-02,variable,empirical,60,0.0046948356807511304,0,2.2041482069253932e-05,0.004705891037412617
s55-127-4,u004,2025-07-02,variable,empirical,120,0.017018779342723,0,0.0002896388503162951,0.017165263130094227
s55-127-4,u004,2025-07-02,variable,hazard,30,0.0006562233853443233,0,4.306291314727643e-07,0.0006564387941527466
s55-127-4,u004,2025-07-02,variable,hazard,60,0.0017253416611263672,0,2.9768038476182922e-06,0.0017268317772698106
s55-127-4,u004,2025-07-02,variable,hazard,120,0.006351598568866912,0,4.03428043800322e-05,0.006371855793787084
s55-127-4,u004,2025-07-02,variable,hazard_cal,30,0.000581051690369816,0,3.376210668816205e-07,0.0005812205663235308
s55-127-4,u004,2025-07-02,variable,hazard_cal,60,0.0015373120850467048,0,2.363328446830647e-06,0.0015384949617259641
s55-127-4,u004,2025-07-02,variable,hazard_cal,120,0.005745185361191951,0,3.300715483445429e-05,0.005761752422976036
s55-128-43,u043,2025-07-03,regular,empirical,30,0.0011737089201877549,0,1.3775926293283055e-06,0.0011743982559415578
s55-128-43,u043,2025-07-03,regular,empirical,60,0.0046948356807511304,0,2.2041482069253932e-05,0.004705891037412617
s55-128-43,u043,2025-07-03,regular,empirical,120,0.017018779342723,0,0.0002896388503162951,0.017165263130094227
s55-128-43,u043,2025-07-03,regular,hazard,30,0.00339129000113092,0,1.1500847871770555e-05,0.003397053459127612
s55-128-43,u043,2025-07-03,regular,hazard,60,0.0088940930943755,0,7.910489197141794e-05,0.008933881638062571
s55-128-43,u043,2025-07-03,regular,hazard,120,0.032389769471872776,0,0.0010490971664410616,0.032925927205707375
s55-128-43,u043,2025-07-03,regular,hazard_cal,30,0.003105944809707384,0,9.646893160948237e-06,0.0031107782671840356
s55-128-43,u043,2025-07-03,regular,hazard_cal,60,0.008198333421394977,0,6.721267088836187e-05,0.00823212457097853
s55-128-43,u043,2025-07-03,regular,hazard_cal,120,0.03032491659863057,0,0.0009196005667138998,0.030794229163803213
s55-128-35,u035,2025-07-03,variable,empirical,30,0.0011737089201877549,0,1.3775926293283055e-06,0.0011743982559415578
s55-128-35,u035,2025-07-03,variable,empirical,60,0.0046948356807511304,0,2.2041482069253932e-05,0.004705891037412617
s55-128-35,u035,2025-07-03,variable,empirical,120,0.017018779342723,0,0.0002896388503162951,0.017165263130094227
s55-128-35,u035,2025-07-03,variable,hazard,30,0.0005372735606622436,0,2.886628789866856e-07,0.0005374179438195551
s55-128-35,u035,2025-07-03,variable,hazard,60,0.0014127526434836168,0,1.995870031669947e-06,0.001413751519386674
s55-128-35,u035,2025-07-03,variable,hazard,120,0.0052033041981147665,0,2.7074374578118755e-05,0.00521688852816105
s55-128-35,u035,2025-07-03,variable,hazard_cal,30,0.0004737822356002397,0,2.2446960677036103e-07,0.00047389450586613033
s55-128-35,u035,2025-07-03,variable,hazard_cal,60,0.0012536294339641207,0,1.5715867577012019e-06,0.0012544158846902016
s55-128-35,u035,2025-07-03,variable,hazard_cal,120,0.004687071761014572,0,2.196864169290024e-05,0.004698090525837219
s55-128-57,u057,2025-07-03,new,empirical,30,0.0011737089201877549,0,1.3775926293283055e-06,0.0011743982559415578
s55-128-57,u057,2025-07-03,new,empirical,60,0.0046948356807511304,0,2.2041482069253932e-05,0.004705891037412617
s55-128-57,u057,2025-07-03,new,empirical,120,0.017018779342723,0,0.0002896388503162951,0.017165263130094227
s55-128-57,u057,2025-07-03,new,hazard,30,0.0011099967638845687,0,1.232092815834215e-06,0.001110613266545349
s55-128-57,u057,2025-07-03,new,hazard,60,0.002917190909177192,0,8.510002800586052e-06,0.002921454203825813
s55-128-57,u057,2025-07-03,new,hazard,120,0.01071989839277332,0,0.00011491622155138399,0.010777770463624515
s55-128-57,u057,2025-07-03,new,hazard_cal,30,0.000993497239556218,0,9.870367650058254e-07,0.0009939910850552422
s55-128-57,u057,2025-07-03,new,hazard_cal,60,0.002627532403339683,0,6.903926530600011e-06,0.0026309904253096926
s55-128-57,u057,2025-07-03,new,hazard_cal,120,0.009802986169913708,0,9.609853784751942e-05,0.009851351783370675
s55-128-18,u018,2025-07-03,regular,empirical,30,0.0011737089201877549,0,1.3775926293283055e-06,0.0011743982559415578
s55-128-18,u018,2025-07-03,regular,empirical,60,0.0046948356807511304,0,2.2041482069253932e-05,0.004705891037412617
s55-128-18,u018,2025-07-03,regular,empirical,120,0.017018779342723,0,0.0002896388503162951,0.017165263130094227
s55-128-18,u018,2025-07-03,regular,hazard,30,0.001006720426679597,0,1.01348601749395e-06,0.001007227510044365
s55-128-18,u018,2025-07-03,regular,hazard,60,0.0026460195469381054,0,7.001419442778536e-06,0.0026495264442380293
s55-128-18,u018,2025-07-03,regular,hazard,120,0.009727400540630593,0,9.462232127786036e-05,0.009775020766916177
s55-128-18,u018,2025-07-03,regular,hazard_cal,30,0.0008992560353237034,0,8.086614170661056e-07,0.0008996606085937241
s55-128-18,u018,2025-07-03,regular,hazard_cal,60,0.0023784973656881814,0,5.657249718585618e-06,0.002381330483815032
s55-128-18,u018,2025-07-03,regular,hazard_cal,120,0.008877283881318254,0,7.880616910951288e-05,0.008916921724496192
s55-128-7,u007,2025-07-03,variable,empirical,30,0.0011737089201877549,0,1.3775926293283055e-06,0.0011743982559415578
s55-128-7,u007,2025-07-03,variable,empirical,60,0.0046948356807511304,0,2.2041482069253932e-05,0.004705891037412617
s55-128-7,u007,2025-07-03,variable,empirical,120,0.017018779342723,0,0.0002896388503162951,0.017165263130094227
s55-128-7,u007,2025-07-03,variable,hazard,30,0.00041327722337802797,0,1.7079806336305244e-07,0.000413362645945988
s55-128-7,u007,2025-07-03,variable,hazard,60,0.0010868294232838638,0,1.181198195315536e-06,0.0010874204506509501
s55-128-7,u007,2025-07-03,variable,hazard,120,0.004004869729771432,0,1.60389815524395e-05,0.004012910696410529
s55-128-7,u007,2025-07-03,variable,hazard_cal,30,0.00036248565812113664,0,1.3139585234351356e-07,0.00036255137192799656
s55-128-7,u007,2025-07-03,variable,hazard_cal,60,0.0009592371495689145,0,9.20135909113096e-07,0.0009596975119448117
s55-128-7,u007,2025-07-03,variable,hazard_cal,120,0.003588029714910679,0,1.2873957235082007e-05,0.0035944821324625747
s55-128-40,u040,2025-07-03,variable,empirical,30,0.0011737089201877549,0,1.3775926293283055e-06,0.0011743982559415578
s55-128-40,u040,2025-07-03,variable,empirical,60,0.0046948356807511304,0,2.2041482069253932e-05,0.004705891037412617
s55-128-40,u040,2025-07-03,variable,empirical,120,0.017018779342723,0,0.0002896388503162951,0.017165263130094227
s55-128-40,u040,2025-07-03,variable,hazard,30,0.0006530071364061474,0,4.264183201973568e-07,0.0006532204384297967
s55-128-40,u040,2025-07-03,variable,hazard,60,0.0017168905546285362,0,2.947713176572683e-06,0.0017183661003590338
s55-128-40,u040,2025-07-03,variable,hazard,120,0.006320567748568373,0,3.994957666424267e-05,0.006340627105922777
s55-128-40,u040,2025-07-03,variable,hazard_cal,30,0.0005781456481335212,0,3.342523904557293e-07,0.0005783128387722148
s55-128-40,u040,2025-07-03,variable,hazard_cal,60,0.0015296275667906478,0,2.339760493085878e-06,0.0015307986413948707
s55-128-40,u040,2025-07-03,variable,hazard_cal,120,0.005716534959568587,0,3.267877194396982e-05,0.0057329368835236415
s55-128-30,u030,2025-07-03,variable,empirical,30,0.0011737089201877549,0,1.3775926293283055e-06,0.0011743982559415578
s55-128-30,u030,2025-07-03,variable,empirical,60,0.0046948356807511304,0,2.2041482069253932e-05,0.004705891037412617
s55-128-30,u030,2025-07-03,variable,empirical,120,0.017018779342723,0,0.0002896388503162951,0.017165263130094227
s55-128-30,u030,2025-07-03,variable,hazard,30,0.0013541591419597987,0,1.8337469817532981e-06,0.0013550768440206572
s55-128-30,u030,2025-07-03,variable,hazard,60,0.0035580811164985793,0,1.2659941231583776e-05,0.0035644261423299025
s55-128-30,u030,2025-07-03,variable,hazard,120,0.01306234549473273,0,0.00017062486982376445,0.013148408205083057
s55-128-30,u030,2025-07-03,variable,hazard_cal,30,0.0012169922656123378,0,1.4810701745602508e-06,0.001217733402065527
s55-128-30,u030,2025-07-03,variable,hazard_cal,60,0.003217950486447463,0,1.0355205333227463e-05,0.0032231392235035237
s55-128-30,u030,2025-07-03,variable,hazard_cal,120,0.011994812931540144,0,0.00014387553726264267,0.01206733117875945
s55-128-36,u036,2025-07-03,regular,empirical,30,0.0011737089201877549,0,1.3775926293283055e-06,0.0011743982559415578
s55-128-36,u036,2025-07-03,regular,empirical,60,0.0046948356807511304,0,2.2041482069253932e-05,0.004705891037412617
s55-128-36,u036,2025-07-03,regular,empirical,120,0.017018779342723,0,0.0002896388503162951,0.017165263130094227
s55-128-36,u036,2025-07-03,regular,hazard,30,0.0009009016843419815,0,8.116238448502193e-07,0.000901307740160305
s55-128-36,u036,2025-07-03,regular,hazard,60,0.0023681194483937684,0,5.607989721860806e-06,0.0023709278779285195
s55-128-36,u036,2025-07-03,regular,hazard,120,0.008709429597963614,0,7.585416392188463e-05,0.00874757834398408
s55-128-36,u036,2025-07-03,regular,hazard_cal,30,0.0008029016138785261,0,6.446510015687418e-07,0.0008032241120137141
s55-128-36,u036,2025-07-03,regular,hazard_cal,60,0.0021238331319558545,0,4.510667172393414e-06,0.002126091663938701
s55-128-36,u036,2025-07-03,regular,hazard_cal,120,0.007929918710356865,0,6.288361075286788e-05,0.007961527731274178
s55-128-47,u047,2025-07-03,regular,empirical,30,0.0011737089201877549,0,1.3775926293283055e-06,0.0011743982559415578
s55-128-47,u047,2025-07-03,regular,empirical,60,0.0046948356807511304,0,2.2041482069253932e-05,0.004705891037412617
s55-128-47,u047,2025-07-03,regular,empirical,120,0.017018779342723,0,0.0002896388503162951,0.017165263130094227
s55-128-47,u047,2025-07-03,regular,hazard,30,0.0013291113104727525,0,1.7665368756265977e-06,0.00132999536233294
s55-128-47,u047,2025-07-03,regular,hazard,60,0.0034923474414708666,0,1.2196490651948109e-05,0.0034984599222172815
s55-128-47,u047,2025-07-03,regular,hazard,120,0.012822298760022388,0,0.00016441134549127168,0.012905213971073545
s55-128-47,u047,2025-07-03,regular,hazard_cal,30,0.0011940235728672421,0,1.4256922925626543e-06,0.001194736986958894
s55-128-47,u047,2025-07-03,regular,hazard_cal,60,0.003157284204837296,0,9.968443550115079e-06,0.003162278942587523
s55-128-47,u047,2025-07-03,regular,hazard_cal,120,0.011769784341127298,0,0.00013852782343664536,0.011839596576824025
s55-128-6,u006,2025-07-03,variable,empirical,30,0.0011737089201877549,0,1.3775926293283055e-06,0.0011743982559415578
s55-128-6,u006,2025-07-03,variable,empirical,60,0.0046948356807511304,0,2.2041482069253932e-05,0.004705891037412617
s55-128-6,u006,2025-07-03,variable,empirical,120,0.017018779342723,0,0.0002896388503162951,0.017165263130094227
s55-128-6,u006,2025-07-03,variable,hazard,30,0.0007216316812008738,0,5.207522833127996e-07,0.000721892182674147
s55-128-6,u006,2025-07-03,variable,hazard,60,0.0018971995538894504,0,3.5993661472783294e-06,0.0018990015164454886
s55-128-6,u006,2025-07-03,variable,hazard,120,0.006982455232045659,0,4.87546810675218e-05,0.007006946645965704
s55-128-6,u006,2025-07-03,variable,hazard_cal,30,0.000640212987046529,0,4.0987266878303907e-07,0.0006404180108915428
s55-128-6,u006,2025-07-03,variable,hazard_cal,60,0.001693744749576176,0,2.868771276716863e-06,0.0016951807569302176
s55-128-6,u006,2025-07-03,variable,hazard_cal,120,0.006328269515932572,0,4.004699506628147e-05,0.006348377892506097
s55-128-17,u017,2025-07-03,regular,empirical,30,0.0011737089201877549,0,1.3775926293283055e-06,0.0011743982559415578
s55-128-17,u017,2025-07-03,regular,empirical,60,0.0046948356807511304,0,2.2041482069253932e-05,0.004705891037412617
s55-128-17,u017,2025-07-03,regular,empirical,120,0.017018779342723,0,0.0002896388503162951,0.017165263130094227
s55-128-17,u017,2025-07-03,regular,hazard,30,0.0007481669703971461,0,5.597538155932441e-07,0.0007484469869797595
s55-128-17,u017,2025-07-03,regular,hazard,60,0.001966914185189461,0,3.868751411899522e-06,0.001968851101143795
s55-128-17,u017,2025-07-03,regular,hazard,120,0.007238270468614694,0,5.239255937681958e-05,0.007264593849051178
s55-128-17,u017,2025-07-03,regular,hazard_cal,30,0.0006642459878889451,0,4.4122273242656054e-07,0.0006644666969973302
s55-128-17,u017,2025-07-03,regular,hazard_cal,60,0.0017572872491969926,0,3.0880584761903332e-06,0.0017588330896910656
s55-128-17,u017,2025-07-03,regular,hazard_cal,120,0.006565036027609494,0,4.309969804381065e-05,0.006586680660503312
s55-128-23,u023,2025-07-03,variable,empirical,30,0.0011737089201877549,0,1.3775926293283055e-06,0.0011743982559415578
s55-128-23,u023,2025-07-03,variable,empirical,60,0.0046948356807511304,0,2.2041482069253932e-05,0.004705891037412617
s55-128-23,u023,2025-07-03,variable,empirical,120,0.017018779342723,0,0.0002896388503162951,0.017165263130094227
s55-128-23,u023,2025-07-03,variable,hazard,30,0.001264121685691344,0,1.598003636235125e-06,0.0012649213615055284
s55-128-23,u023,2025-07-03,variable,hazard,60,0.00332177942292311,0,1.1034218534555391e-05,0.003327308780456687
s55-128-23,u023,2025-07-03,variable,hazard,120,0.012199194255893109,0,0.00014882034049301543,0.012274215180352141
s55-128-23,u023,2025-07-03,variable,hazard_cal,30,0.0011344705673675959,0,1.2870234682233549e-06,0.0011351145662129392
s55-128-23,u023,2025-07-03,variable,hazard_cal,60,0.0029999772266628977,0,8.999863360496012e-06,0.0030044861784362924
s55-128-23,u023,2025-07-03,variable,hazard_cal,120,0.011186090805562654,0,0.00012512862751029333,0.01124912563569926
s55-128-26,u026,2025-07-03,variable,empirical,30,0.0011737089201877549,0,1.3775926293283055e-06,0.0011743982559415578
s55-128-26,u026,2025-07-03,variable,empirical,60,0.0046948356807511304,0,2.2041482069253932e-05,0.004705891037412617
s55-128-26,u026,2025-07-03,variable,empirical,120,0.017018779342723,0,0.0002896388503162951,0.017165263130094227
s55-128-26,u026,2025-07-03,variable,hazard,30,0.0007728114406891917,0,5.972375228601041e-07,0.0007731102133905136
s55-128-26,u026,2025-07-03,variable,hazard,60,0.002031658145072446,0,4.127634818439211e-06,0.0020337247620622416
s55-128-26,u026,2025-07-03,variable,hazard,120,0.0074757976828571104,0,5.5887550995011744e-05,0.007503881511916571
s55-128-26,u026,2025-07-03,variable,hazard_cal,30,0.0006865821890728041,0,4.713951023520037e-07,0.0006868179945633911
s55-128-26,u026,2025-07-03,variable,hazard_cal,60,0.0018163409274480902,0,3.2990943647229886e-06,0.0018179924747821234
s55-128-26,u026,2025-07-03,variable,hazard_cal,120,0.0067850349490758965,0,4.603669926018135e-05,0.0068081579516472476
s55-128-45,u045,2025-07-03,regular,empirical,30,0.0011737089201877549,0,1.3775926293283055e-06,0.0011743982559415578
s55-128-45,u045,2025-07-03,regular,empirical,60,0.0046948356807511304,0,2.2041482069253932e-05,0.004705891037412617
s55-128-45,u045,2025-07-03,regular,empirical,120,0.017018779342723,0,0.0002896388503162951,0.017165263130094227
s55-128-45,u045,2025-07-03,regular,hazard,30,0.001701383565240966,0,2.89470603607206e-06,0.0017028325620251133
s55-128-45,u045,2025-07-03,regular,hazard,60,0.0044690007122374364,0,1.9971967365978716e-05,0.004479016547576942
s55-128-45,u045,2025-07-03,regular,hazard,120,0.016383933017008467,0,0.0002684332611058202,0.016519633898571612
s55-128-45,u045,2025-07-03,regular,hazard_cal,30,0.0015362358021940858,0,2.3600204399429065e-06,0.0015374170223241596
s55-128-45,u045,2025-07-03,regular,hazard_cal,60,0.004060888240975391,0,1.6490813305692206e-05,0.004069156038286533
s55-128-45,u045,2025-07-03,regular,hazard_cal,120,0.01511713899173217,0,0.00022852789129534915,0.01523256771617496
s55-128-50,u050,2025-07-03,regular,empirical,30,0.0011737089201877549,0,1.3775926293283055e-06,0.0011743982559415578
s55-128-50,u050,2025-07-03,regular,empirical,60,0.0046948356807511304,0,2.2041482069253932e-05,0.004705891037412617
s55-128-50,u050,2025-07-03,regular,empirical,120,0.017018779342723,0,0.0002896388503162951,0.017165263130094227
s55-128-50,u050,2025-07-03,regular,hazard,30,0.00293636219649418,0,8.622222949000126e-06,0.002940681765921301
s55-128-50,u050,2025-07-03,regular,hazard,60,0.007704192628357864,0,5.935458405484366e-05,0.007734023232973331
s55-128-50,u050,2025-07-03,regular,hazard,120,0.028106923675466633,0,0.0007899991584985067,0.028509484353901954
s55-128-50,u050,2025-07-03,regular,hazard_cal,30,0.0026813094373507873,0,7.189420298826396e-06,0.002684910586136754
s55-128-50,u050,2025-07-03,regular,hazard_cal,60,0.007080265930164531,0,5.013016564184861e-05,0.0071054499564581685
s55-128-50,u050,2025-07-03,regular,hazard_cal,120,0.026234521176915937,0,0.0006882501013820507,0.02658478582792723
s55-128-56,u056,2025-07-03,new,empirical,30,0.0011737089201877549,0,1.3775926293283055e-06,0.0011743982559415578
s55-128-56,u056,2025-07-03,new,empirical,60,0.0046948356807511304,0,2.2041482069253932e-05,0.004705891037412617
s55-128-56,u056,2025-07-03,new,empirical,120,0.017018779342723,0,0.0002896388503162951,0.017165263130094227
s55-128-56,u056,2025-07-03,new,hazard,30,0.0012577674790529292,0,1.5819790313631606e-06,0.0012585591324488314
s55-128-56,u056,2025-07-03,new,hazard,60,0.0033051014497708087,0,1.09236955932771e-05,0.003310575362119038
s55-128-56,u056,2025-07-03,new,hazard,120,0.012138250434817088,0,0.00014733712361833724,0.012212520615223522
s55-128-56,u056,2025-07-03,new,hazard_cal,30,0.0011286512495423118,0,1.2738536430934217e-06,0.0011292886560154028
s55-128-56,u056,2025-07-03,new,hazard_cal,60,0.002984604790950085,0,8.9078657581622e-06,0.0029890676058671076
s55-128-56,u056,2025-07-03,new,hazard_cal,120,0.011129035546164734,0,0.0001238554321877982,0.01119142659560042
s55-128-11,u011,2025-07-03,variable,empirical,30,0.0011737089201877549,0,1.3775926293283055e-06,0.0011743982559415578
s55-128-11,u011,2025-07-03,variable,empirical,60,0.0046948356807511304,0,2.2041482069253932e-05,0.004705891037412617
s55-128-11,u011,2025-07-03,variable,empirical,120,0.017018779342723,0,0.0002896388503162951,0.017165263130094227
s55-128-11,u011,2025-07-03,variable,hazard,30,0.0025961120928684744,0,6.739797998737931e-06,0.0025994878356713955
s55-128-11,u011,2025-07-03,variable,hazard,60,0.006813592295168203,0,4.64250399647755e-05,0.00683691079735703
s55-128-11,u011,2025-07-03,variable,hazard,120,0.0248912229331979,0,0.000619572979110157,0.025206247984976882
s55-128-11,u011,2025-07-03,variable,hazard_cal,30,0.0023645995714886014,0,5.591331133484078e-06,0.0023673996519723043
s55-128-11,u011,2025-07-03,variable,hazard_cal,60,0.006245793447695491,0,3.900993579127593e-05,0.006265380013946241
s55-128-11,u011,2025-07-03,variable,hazard_cal,120,0.023172384072316254,0,0.000536959383594936,0.023445084751044832
s55-128-46,u046,2025-07-03,variable,empirical,30,0.0011737089201877549,0,1.3775926293283055e-06,0.0011743982559415578
s55-128-46,u046,2025-07-03,variable,empirical,60,0.0046948356807511304,0,2.2041482069253932e-05,0.004705891037412617
s55-128-46,u046,2025-07-03,variable,empirical,120,0.017018779342723,0,0.0002896388503162951,0.017165263130094227
s55-128-46,u046,2025-07-03,variable,hazard,30,0.002162933255359878,0,4.678280267141678e-06,0.0021652757739104994
s55-128-46,u046,2025-07-03,variable,hazard,60,0.005678948531620431,0,3.225045642479385e-05,0.005695135070603476
s55-128-46,u046,2025-07-03,variable,hazard,120,0.020781747980048504,0,0.00043188104910625005,0.0210007276715353
s55-128-46,u046,2025-07-03,variable,hazard_cal,30,0.00196265436125731,0,3.852012141762339e-06,0.0019645828910996675
s55-128-46,u046,2025-07-03,variable,hazard_cal,60,0.005186035541434375,0,2.689496463702053e-05,0.005199529698088673
s55-128-46,u046,2025-07-03,variable,hazard_cal,120,0.019272112074877,0,0.00037141430382661993,0.019460240233694717
s55-128-48,u048,2025-07-03,regular,empirical,30,0.0011737089201877549,0,1.3775926293283055e-06,0.0011743982559415578
s55-128-48,u048,2025-07-03,regular,empirical,60,0.0046948356807511304,0,2.2041482069253932e-05,0.004705891037412617
s55-128-48,u048,2025-07-03,regular,empirical,120,0.017018779342723,0,0.0002896388503162951,0.017165263130094227
s55-128-48,u048,2025-07-03,regular,hazard,30,0.0006672722157196054,0,4.452522098713516e-07,0.0006674949409089394
s55-128-48,u048,2025-07-03,regular,hazard,60,0.0017543735007568007,0,3.077826380157672e-06,0.0017559142162041424
s55-128-48,u048,2025-07-03,regular,hazard,120,0.006458191795796431,0,4.170824127129233e-05,0.006479136140192687
s55-128-48,u048,2025-07-03,regular,hazard_cal,30,0.0005910370834393275,0,3.493248340004666e-07,0.0005912118147081595
s55-128-48,u048,2025-07-03,regular,hazard_cal,60,0.0015637163878459148,0,2.4452089416178754e-06,0.0015649402683511223
s55-128-48,u048,2025-07-03,regular,hazard_cal,120,0.005843624060689723,0,3.4147942162671844e-05,0.0058607648405731945
s55-128-5,u005,2025-07-03,variable,empirical,30,0.0011737089201877549,0,1.3775926293283055e-06,0.0011743982559415578
s55-128-5,u005,2025-07-03,variable,empirical,60,0.0046948356807511304,0,2.2041482069253932e-05,0.004705891037412617
s55-128-5,u005,2025-07-03,variable,empirical,120,0.017018779342723,0,0.0002896388503162951,0.017165263130094227
s55-128-5,u005,2025-07-03,variable,hazard,30,0.00042913020215107345,0,1.8415273039822115e-07,0.00042922230486658634
s55-128-5,u005,2025-07-03,variable,hazard,60,0.0011285029535916813,0,1.2735189162651484e-06,0.0011291401925122623
s55-128-5,u005,2025-07-03,variable,hazard,120,0.004158171080774431,0,1.72903867369888e-05,0.004166840314593817
s55-128-5,u005,2025-07-03,variable,hazard_cal,30,0.000376680549324826,0,1.4188823623965266e-07,0.00037675151126349333
s55-128-5,u005,2025-07-03,variable,hazard_cal,60,0.0009967876505719842,0,9.93585620332816e-07,0.0009972847737604426
s55-128-5,u005,2025-07-03,variable,hazard_cal,120,0.0037282710838209,0,1.3900005274455068e-05,0.0037352384092344242
s55-128-10,u010,2025-07-03,variable,empirical,30,0.0011737089201877549,0,1.3775926293283055e-06,0.0011743982559415578
s55-128-10,u010,2025-07-03,variable,empirical,60,0.0046948356807511304,0,2.2041482069253932e-05,0.004705891037412617
s55-128-10,u010,2025-07-03,variable,empirical,120,0.017018779342723,0,0.0002896388503162951,0.017165263130094227
s55-128-10,u010,2025-07-03,variable,hazard,30,0.0006280671695562123,0,3.94468369474352e-07,0.0006282644863640812
s55-128-10,u010,2025-07-03,variable,hazard,60,0.0016513559053649152,0,2.7269763261835785e-06,0.001652720896459053
s55-128-10,u010,2025-07-03,variable,hazard,120,0.006079910319243154,0,3.6965309490039386e-05,0.006098468232522263
s55-128-10,u010,2025-07-03,variable,hazard_cal,30,0.0005556212267463501,0,3.0871494761111893e-07,0.0005557756414201851
s55-128-10,u010,2025-07-03,variable,hazard_cal,60,0.0014700642878745507,0,2.16108901048411e-06,0.0014711458925286698
s55-128-10,u010,2025-07-03,variable,hazard_cal,120,0.005494440436067172,0,3.018887570549001e-05,0.005509590393094535
s55-128-38,u038,2025-07-03,variable,empirical,30,0.0011737089201877549,0,1.3775926293283055e-06,0.0011743982559415578
s55-128-38,u038,2025-07-03,variable,empirical,60,0.0046948356807511304,0,2.2041482069253932e-05,0.004705891037412617
s55-128-38,u038,2025-07-03,variable,empirical,120,0.017018779342723,0,0.0002896388503162951,0.017165263130094227
s55-128-38,u038,2025-07-03,variable,hazard,30,0.0021835412334645365,0,4.7678523182398295e-06,0.0021859286355840834
s55-128-38,u038,2025-07-03,variable,hazard,60,0.005732948286366613,0,3.2866696054153876e-05,0.005749444713382739
s55-128-38,u038,2025-07-03,variable,hazard,120,0.020977645947684698,0,0.0004400616295064122,0.021200803155295798
s55-128-38,u038,2025-07-03,variable,hazard_cal,30,0.0019817410634489496,0,3.927297642559774e-06,0.0019837073104279385
s55-128-38,u038,2025-07-03,variable,hazard_cal,60,0.005236376888944516,0,2.741964292307225e-05,0.00525013475901759
s55-128-38,u038,2025-07-03,variable,hazard_cal,120,0.01945767550745281,0,0.00037860113615332896,0.019649468043258775
s55-128-14,u014,2025-07-03,regular,empirical,30,0.0011737089201877549,0,1.3775926293283055e-06,0.0011743982559415578
s55-128-14,u014,2025-07-03,regular,empirical,60,0.0046948356807511304,0,2.2041482069253932e-05,0.004705891037412617
s55-128-14,u014,2025-07-03,regular,empirical,120,0.017018779342723,0,0.0002896388503162951,0.017165263130094227
s55-128-14,u014,2025-07-03,regular,hazard,30,0.0007359740222914191,0,5.416577614878102e-07,0.0007362449841275682
s55-128-14,u014,2025-07-03,regular,hazard,60,0.0019348807779207,0,3.743763624767013e-06,0.0019367550778212157
s55-128-14,u014,2025-07-03,regular,hazard,120,0.007120731778398559,0,5.07048210598951e-05,0.00714620518716675
s55-128-14,u014,2025-07-03,regular,hazard_cal,30,0.0006532006257539136,0,4.2667105748530426e-07,0.0006534140542287926
s55-128-14,u014,2025-07-03,regular,hazard_cal,60,0.0017280840098292671,0,2.9862743450275986e-06,0.0017295788694119743
s55-128-14,u014,2025-07-03,regular,hazard_cal,120,0.006456227249509561,0,4.168287029730979e-05,0.006477158825973612
s55-128-15,u015,2025-07-03,regular,empirical,30,0.0011737089201877549,0,1.3775926293283055e-06,0.0011743982559415578
s55-128-15,u015,2025-07-03,regular,empirical,60,0.0046948356807511304,0,2.2041482069253932e-05,0.004705891037412617
s55-128-15,u015,2025-07-03,regular,empirical,120,0.017018779342723,0,0.0002896388503162951,0.017165263130094227
s55-128-15,u015,2025-07-03,regular,hazard,30,0.0022771023036755045,0,5.18519490140429e-06,0.002279698843599788
s55-128-15,u015,2025-07-03,regular,hazard,60,0.005978083765501352,0,3.573748550735082e-05,0.005996024042975621
s55-128-15,u015,2025-07-03,regular,hazard,120,0.02186653465035937,0,0.000478145337615367,0.022109150620511348
s55-128-15,u015,2025-07-03,regular,hazard_cal,30,0.0020684419148538913,0,4.278451955124433e-06,0.002070584095325112
s55-128-15,u015,2025-07-03,regular,hazard_cal,60,0.005465028735730626,0,2.9866539082361485e-05,0.005480016636418553
s55-128-15,u015,2025-07-03,regular,hazard_cal,120,0.02030014559866089,0,0.00041209591132683113,0.0205090252471082
s55-128-51,u051,2025-07-03,regular,empirical,30,0.0011737089201877549,0,1.3775926293283055e-06,0.0011743982559415578
s55-128-51,u051,2025-07-03,regular,empirical,60,0.0046948356807511304,0,2.2041482069253932e-05,0.004705891037412617
s55-128-51,u051,2025-07-03,regular,empirical,120,0.017018779342723,0,0.0002896388503162951,0.017165263130094227
s55-128-51,u051,2025-07-03,regular,hazard,30,0.0012719365906790348,0,1.6178226907082063e-06,0.0012727461886020187
s55-128-51,u051,2025-07-03,regular,hazard,60,0.00334229104499717,0,1.1170909429468274e-05,0.003347888976469708
s55-128-51,u051,2025-07-03,regular,hazard,120,0.012274142586108039,0,0.00015065457622411095,0.012350091989963083
s55-128-51,u051,2025-07-03,regular,hazard_cal,30,0.0011416284505846308,0,1.3033155191842648e-06,0.0011422806047366278
s55-128-51,u051,2025-07-03,regular,hazard_cal,60,0.0030188854182969793,0,9.113669168806129e-06,0.003023451444737386
s55-128-51,u051,2025-07-03,regular,hazard_cal,120,0.011256265405348631,0,0.00012670351087564838,0.011320096613496877
s55-128-55,u055,2025-07-03,new,empirical,30,0.0011737089201877549,0,1.3775926293283055e-06,0.0011743982559415578
s55-128-55,u055,2025-07-03,new,empirical,60,0.0046948356807511304,0,2.2041482069253932e-05,0.004705891037412617
s55-128-55,u055,2025-07-03,new,empirical,120,0.017018779342723,0,0.0002896388503162951,0.017165263130094227
s55-128-55,u055,2025-07-03,new,hazard,30,0.0007260364230234906,0,5.27128887556745e-07,0.0007263001151083662
s55-128-55,u055,2025-07-03,new,hazard,60,0.0019087721117911904,0,3.643410974751801e-06,0.0019105961387493396
s55-128-55,u055,2025-07-03,new,hazard,120,0.007024924036997171,0,4.934955772558063e-05,0.007049714987111256
s55-128-55,u055,2025-07-03,new,hazard_cal,30,0.0006442011204297327,0,4.149950835629229e-07,0.0006444087071280242
s55-128-55,u055,2025-07-03,new,hazard_cal,60,0.0017042894447909518,0,2.9046025116258506e-06,0.0017057433982532908
s55-128-55,u055,2025-07-03,new,hazard_cal,120,0.006367563460145886,0,4.054586441898505e-05,0.006387922864906854
s55-128-4,u004,2025-07-03,variable,empirical,30,0.0011737089201877549,0,1.3775926293283055e-06,0.0011743982559415578
s55-128-4,u004,2025-07-03,variable,empirical,60,0.0046948356807511304,0,2.2041482069253932e-05,0.004705891037412617
s55-128-4,u004,2025-07-03,variable,empirical,120,0.017018779342723,0,0.0002896388503162951,0.017165263130094227
s55-128-4,u004,2025-07-03,variable,hazard,30,0.0006440491218361322,0,4.14799271337893e-07,0.0006442566105652067
s55-128-4,u004,2025-07-03,variable,hazard,60,0.0016933519604692693,0,2.8674408620251176e-06,0.001694787301487493
s55-128-4,u004,2025-07-03,variable,hazard,120,0.00623413442331211,0,3.886443200792501e-05,0.006253647780851331
s55-128-4,u004,2025-07-03,variable,hazard_cal,30,0.0005700531869899939,0,3.249606359974489e-07,0.0005702157290826866
s55-128-4,u004,2025-07-03,variable,hazard_cal,60,0.0015082282567254746,0,2.274752474385164e-06,0.0015093667778731743
s55-128-4,u004,2025-07-03,variable,hazard_cal,120,0.005636747730840996,0,3.177292498114112e-05,0.005652694145508973
s55-129-57,u057,2025-07-04,new,empirical,30,0.0011737089201877549,0,1.3775926293283055e-06,0.0011743982559415578
s55-129-57,u057,2025-07-04,new,empirical,60,0.0046948356807511304,0,2.2041482069253932e-05,0.004705891037412617
s55-129-57,u057,2025-07-04,new,empirical,120,0.017018779342723,0,0.0002896388503162951,0.017165263130094227
s55-129-57,u057,2025-07-04,new,hazard,30,0.0013083544099644628,0,1.7117912620734578e-06,0.00130921105287204
s55-129-57,u057,2025-07-04,new,hazard,60,0.0034378722840556764,0,1.1818965841478192e-05,0.003443795346026423
s55-129-57,u057,2025-07-04,new,hazard,120,0.012623329752241785,0,0.00015934845403383266,0.012703680894722624
s55-129-57,u057,2025-07-04,new,hazard_cal,30,0.0011749963914642336,0,1.3806165199539705e-06,0.001175687240940994
s55-129-57,u057,2025-07-04,new,hazard_cal,60,0.003107026522620626,0,9.65361381226802e-06,0.00311186335089427
s55-129-57,u057,2025-07-04,new,hazard_cal,120,0.011583332203470076,0,0.00013417358493594692,0.011650941597757375
s55-129-7,u007,2025-07-04,variable,empirical,30,0.0011737089201877549,0,1.3775926293283055e-06,0.0011743982559415578
s55-129-7,u007,2025-07-04,variable,empirical,60,0.0046948356807511304,0,2.2041482069253932e-05,0.004705891037412617
s55-129-7,u007,2025-07-04,variable,empirical,120,0.017018779342723,0,0.0002896388503162951,0.017165263130094227
s55-129-7,u007,2025-07-04,variable,hazard,30,0.0003456470538555356,0,1.1947188583901155e-07,0.0003457068035670596
s55-129-7,u007,2025-07-04,variable,hazard,60,0.0009090329834045008,0,8.263409649172874e-07,0.000909446404448191
s55-129-7,u007,2025-07-04,variable,hazard,120,0.0033506059038270752,0,1.1226559922760852e-05,0.0033562317539747154
s55-129-7,u007,2025-07-04,variable,hazard_cal,30,0.00030206003122601466,0,9.124026246426095e-08,0.0003021056605460073
s55-129-7,u007,2025-07-04,variable,hazard_cal,60,0.0007993789770943671,0,6.390067490204367e-07,0.0007996986508405456
s55-129-7,u007,2025-07-04,variable,hazard_cal,120,0.0029908186339978604,0,8.944996101468827e-06,0.0029953000697201543
s55-129-32,u032,2025-07-04,variable,empirical,30,0.0011737089201877549,0,1.3775926293283055e-06,0.0011743982559415578
s55-129-32,u032,2025-07-04,variable,empirical,60,0.0046948356807511304,0,2.2041482069253932e-05,0.004705891037412617
s55-129-32,u032,2025-07-04,variable,empirical,120,0.017018779342723,0,0.0002896388503162951,0.017165263130094227
s55-129-32,u032,2025-07-04,variable,hazard,30,0.0009424179812606015,0,8.881516514033074e-07,0.0009428623362870174
s55-129-32,u032,2025-07-04,variable,hazard,60,0.002477155538878617,0,6.136299563797012e-06,0.0024802287649489034
s55-129-32,u032,2025-07-04,variable,hazard,120,0.009108939855664855,0,8.297278529411967e-05,0.009150679913441012
s55-129-32,u032,2025-07-04,variable,hazard_cal,30,0.0008406783938652573,0,7.067401619118687e-07,0.0008410319621182292
s55-129-32,u032,2025-07-04,variable,hazard_cal,60,0.0022236823824363094,0,4.9447633379576215e-06,0.0022261584354232268
s55-129-32,u032,2025-07-04,variable,hazard_cal,120,0.008301452498487571,0,6.891411358464554e-05,0.008336101446255371
s55-129-38,u038,2025-07-04,variable,empirical,30,0.0011737089201877549,0,1.3775926293283055e-06,0.0011743982559415578
s55-129-38,u038,2025-07-04,variable,empirical,60,0.0046948356807511304,0,2.2041482069253932e-05,0.004705891037412617
s55-129-38,u038,2025-07-04,variable,empirical,120,0.017018779342723,0,0.0002896388503162951,0.017165263130094227
s55-129-38,u038,2025-07-04,variable,hazard,30,0.0013580772505856764,0,1.8443738185583501e-06,0.0013590002732803508
s55-129-38,u038,2025-07-04,variable,hazard,60,0.0035683632381362518,0,1.2733216199282237e-05,0.003574745032465844
s55-129-38,u038,2025-07-04,variable,hazard,120,0.013099889502898199,0,0.00017160710498814242,0.013186449840353878
s55-129-38,u038,2025-07-04,variable,hazard_cal,30,0.0012205859416815068,0,1.4898300410305308e-06,0.0012213314634126641
s55-129-38,u038,2025-07-04,variable,hazard_cal,60,0.0032274420844804474,0,1.0416382408675496e-05,0.003232661508970584
s55-129-38,u038,2025-07-04,variable,hazard_cal,120,0.012030016159114365,0,0.00014472128878855275,0.012102962423621444
s55-129-31,u031,2025-07-04,regular,empirical,30,0.0011737089201877549,0,1.3775926293283055e-06,0.0011743982559415578
s55-129-31,u031,2025-07-04,regular,empirical,60,0.0046948356807511304,0,2.2041482069253932e-05,0.004705891037412617
s55-129-31,u031,2025-07-04,regular,empirical,120,0.017018779342723,0,0.0002896388503162951,0.017165263130094227
s55-129-31,u031,2025-07-04,regular,hazard,30,0.00220983897501692,0,4.883388295503832e-06,0.002212284272304363
s55-129-31,u031,2025-07-04,regular,hazard,60,0.005801854152963082,0,3.3661511612254957e-05,0.005818750293091733
s55-129-31,u031,2025-07-04,regular,hazard,120,0.021227573092976182,0,0.0004506098594176464,0.021456118113819346
s55-129-31,u031,2025-07-04,regular,hazard_cal,30,0.0020061029272993025,0,4.02444895491883e-06,0.0020081178469852617
s55-129-31,u031,2025-07-04,regular,hazard_cal,60,0.00530062893461003,0,2.809666710242506e-05,0.005314727109693055
s55-129-31,u031,2025-07-04,regular,hazard_cal,120,0.019694473158240244,0,0.00038787227298064546,0.019890993821791186
s55-129-44,u044,2025-07-04,regular,empirical,30,0.0011737089201877549,0,1.3775926293283055e-06,0.0011743982559415578
s55-129-44,u044,2025-07-04,regular,empirical,60,0.0046948356807511304,0,2.2041482069253932e-05,0.004705891037412617
s55-129-44,u044,2025-07-04,regular,empirical,120,0.017018779342723,0,0.0002896388503162951,0.017165263130094227
s55-129-44,u044,2025-07-04,regular,hazard,30,0.0006061968090019798,0,3.6747457124418277e-07,0.0006063806205753485
s55-129-44,u044,2025-07-04,regular,hazard,60,0.001593884786536437,0,2.540468712752303e-06,0.0015951563722465126
s55-129-44,u044,2025-07-04,regular,hazard,120,0.005868824643428416,0,3.444310269531268e-05,0.005886113872933849
s55-129-44,u044,2025-07-04,regular,hazard_cal,30,0.0005358841985422247,0,2.871718742472425e-07,0.0005360278357969306
s55-129-44,u044,2025-07-04,regular,hazard_cal,60,0.0014178699113073234,0,2.010355085390637e-06,0.0014188760400022102
s55-129-44,u044,2025-07-04,regular,hazard_cal,120,0.0052997888011514505,0,2.8087761336810328e-05,0.005313882499624702
s55-129-21,u021,2025-07-04,regular,empirical,30,0.0011737089201877549,0,1.3775926293283055e-06,0.0011743982559415578
s55-129-21,u021,2025-07-04,regular,empirical,60,0.0046948356807511304,0,2.2041482069253932e-05,0.004705891037412617
s55-129-21,u021,2025-07-04,regular,empirical,120,0.017018779342723,0,0.0002896388503162951,0.017165263130094227
s55-129-21,u021,2025-07-04,regular,hazard,30,0.0018480099356465995,0,3.415140722248549e-06,0.001849719612665833
s55-129-21,u021,2025-07-04,regular,hazard,60,0.004853491103844032,0,2.355637589509316e-05,0.0048653075412784024
s55-129-21,u021,2025-07-04,regular,hazard,120,0.017783194303247485,0,0.0003162419996270538,0.01794321526400236
s55-129-21,u021,2025-07-04,regular,hazard_cal,30,0.0016714693749653176,0,2.7938098714469494e-06,0.0016728678384442105
s55-129-21,u021,2025-07-04,regular,hazard_cal,60,0.004417811625483492,0,1.9517059558257096e-05,0.004427598991726868
s55-129-21,u021,2025-07-04,regular,hazard_cal,120,0.016436764040191454,0,0.0002701672121129309,0.016573346362012697
s55-129-35,u035,2025-07-04,variable,empirical,30,0.0011737089201877549,0,1.3775926293283055e-06,0.0011743982559415578
s55-129-35,u035,2025-07-04,variable,empirical,60,0.0046948356807511304,0,2.2041482069253932e-05,0.004705891037412617
s55-129-35,u035,2025-07-04,variable,empirical,120,0.017018779342723,0,0.0002896388503162951,0.017165263130094227
s55-129-35,u035,2025-07-04,variable,hazard,30,0.00021589789309583995,0,4.661190024322274e-08,0.00021592120240097518
s55-129-35,u035,2025-07-04,variable,hazard,60,0.0005678671254709666,0,3.2247307219065857e-07,0.0005680284230736898
s55-129-35,u035,2025-07-04,variable,hazard,120,0.002094181791131189,0,4.385597374305434e-06,0.002096377656047499
s55-129-35,u035,2025-07-04,variable,hazard_cal,30,0.00018686416424174013,0,3.491821587776403e-08,0.00018688162552497163
s55-129-35,u035,2025-07-04,variable,hazard_cal,60,0.0004945745947397828,0,2.4460402976202044e-07,0.0004946969370946072
s55-129-35,u035,2025-07-04,variable,hazard_cal,120,0.0018512871487235127,0,3.4272641070288336e-06,0.0018530028986679166
s55-129-55,u055,2025-07-04,new,empirical,30,0.0011737089201877549,0,1.3775926293283055e-06,0.0011743982559415578
s55-129-55,u055,2025-07-04,new,empirical,60,0.0046948356807511304,0,2.2041482069253932e-05,0.004705891037412617
s55-129-55,u055,2025-07-04,new,empirical,120,0.017018779342723,0,0.0002896388503162951,0.017165263130094227
s55-129-55,u055,2025-07-04,new,hazard,30,0.0007465134840787258,0,5.572823819113579e-07,0.0007467922640203063
s55-129-55,u055,2025-07-04,new,hazard,60,0.0019625701750808355,0,3.851681692116821e-06,0.0019644985393734607
s55-129-55,u055,2025-07-04,new,hazard,120,0.007222331862311582,0,5.216207752936108e-05,0.007248539162529052
s55-129-55,u055,2025-07-04,new,hazard_cal,30,0.000662747907549166,0,4.392347889607979e-07,0.0006629676220258829
s55-129-55,u055,2025-07-04,new,hazard_cal,60,0.0017533264544898897,0,3.074153656014087e-06,0.0017548653303487973
s55-129-55,u055,2025-07-04,new,hazard_cal,120,0.006550279020873573,0,4.290615525129645e-05,0.006571826243588268
s55-129-20,u020,2025-07-04,regular,empirical,30,0.0011737089201877549,0,1.3775926293283055e-06,0.0011743982559415578
s55-129-20,u020,2025-07-04,regular,empirical,60,0.0046948356807511304,0,2.2041482069253932e-05,0.004705891037412617
s55-129-20,u020,2025-07-04,regular,empirical,120,0.017018779342723,0,0.0002896388503162951,0.017165263130094227
s55-129-20,u020,2025-07-04,regular,hazard,30,0.0012117611600304112,0,1.468365108958248e-06,0.00121249593622704
s55-129-20,u020,2025-07-04,regular,hazard,60,0.003184342246784322,0,1.0140035544655423e-05,0.00318942305344191
s55-129-20,u020,2025-07-04,regular,hazard,120,0.011696886318729005,0,0.00013681714955326977,0.011765833062342149
s55-129-20,u020,2025-07-04,regular,hazard_cal,30,0.001086535950776124,0,1.180560372328976e-06,0.0010871266588847845
s55-129-20,u020,2025-07-04,regular,hazard_cal,60,0.0028733471667142796,0,8.256123940464978e-06,0.0028774831533347842
s55-129-20,u020,2025-07-04,regular,hazard_cal,120,0.01071601855010651,0,0.00011483305356622683,0.010773848586440916
s55-129-36,u036,2025-07-04,regular,empirical,30,0.0011737089201877549,0,1.3775926293283055e-06,0.0011743982559415578
s55-129-36,u036,2025-07-04,regular,empirical,60,0.0046948356807511304,0,2.2041482069253932e-05,0.004705891037412617
s55-129-36,u036,2025-07-04,regular,empirical,120,0.017018779342723,0,0.0002896388503162951,0.017165263130094227
s55-129-36,u036,2025-07-04,regular,hazard,30,0.001231618282346636,0,1.5168835934104778e-06,0.0012323773474596646
s55-129-36,u036,2025-07-04,regular,hazard,60,0.0032364652531632343,0,1.0474707334932959e-05,0.003241713934673896
s55-129-36,u036,2025-07-04,regular,hazard,120,0.011887411054941954,0,0.00014131054158915619,0.011958631304685542
s55-129-36,u036,2025-07-04,regular,hazard_cal,30,0.001104709670191828,0,1.2203834554153373e-06,0.0011053203116820004
s55-129-36,u036,2025-07-04,regular,hazard_cal,60,0.002921358453710887,0,8.534335215068065e-06,0.0029256339501872422
s55-129-36,u036,2025-07-04,regular,hazard_cal,120,0.010894266281705978,0,0.00011868503781671579,0.01095404334859032
s55-129-8,u008,2025-07-04,regular,empirical,30,0.0011737089201877549,0,1.3775926293283055e-06,0.0011743982559415578
s55-129-8,u008,2025-07-04,regular,empirical,60,0.0046948356807511304,0,2.2041482069253932e-05,0.004705891037412617
s55-129-8,u008,2025-07-04,regular,empirical,120,0.017018779342723,0,0.0002896388503162951,0.017165263130094227
s55-129-8,u008,2025-07-04,regular,hazard,30,0.0064187528282464434,0,4.1200387870121714e-05,0.006439441600442401
s55-129-8,u008,2025-07-04,regular,hazard,60,0.016787429814343224,0,0.0002818177997714998,0.016929935838832413
s55-129-8,u008,2025-07-04,regular,hazard,120,0.06041161869327116,0,0.0036495636731411897,0.06231339184777062
s55-129-8,u008,2025-07-04,regular,hazard_cal,30,0.0059569091350650805,0,3.5484766443421805e-05,0.005974722294429717
s55-129-8,u008,2025-07-04,regular,hazard_cal,60,0.015682163471990473,0,0.0002459302511622323,0.015806429483003755
s55-129-8,u008,2025-07-04,regular,hazard_cal,120,0.05734128227906665,0,0.0032880226534076035,0.05905097307287233
s55-129-13,u013,2025-07-04,variable,empirical,30,0.0011737089201877549,0,1.3775926293283055e-06,0.0011743982559415578
s55-129-13,u013,2025-07-04,variable,empirical,60,0.0046948356807511304,0,2.2041482069253932e-05,0.004705891037412617
s55-129-13,u013,2025-07-04,variable,empirical,120,0.017018779342723,0,0.0002896388503162951,0.017165263130094227
s55-129-13,u013,2025-07-04,variable,hazard,30,0.0009601881397772738,0,9.219612637689415e-07,0.0009606494157072484
s55-129-13,u013,2025-07-04,variable,hazard,60,0.0025238235615601123,0,6.36968536988597e-06,0.0025270137730628067
s55-129-13,u013,2025-07-04,variable,hazard,120,0.009279892066048623,0,8.611639675751218e-05,0.009323218515929462
s55-129-13,u013,2025-07-04,variable,hazard_cal,30,0.0008568584924030231,0,7.342064760031817e-07,0.0008572258054795667
s55-129-13,u013,2025-07-04,variable,hazard_cal,60,0.002266446481559936,0,5.136779653775414e-06,0.0022690187587408243
s55-129-13,u013,2025-07-04,variable,hazard_cal,120,0.008460540336121536,0,7.158074277913951e-05,0.008496533867780582
s55-129-16,u016,2025-07-04,variable,empirical,30,0.0011737089201877549,0,1.3775926293283055e-06,0.0011743982559415578
s55-129-16,u016,2025-07-04,variable,empirical,60,0.0046948356807511304,0,2.2041482069253932e-05,0.004705891037412617
s55-129-16,u016,2025-07-04,variable,empirical,120,0.017018779342723,0,0.0002896388503162951,0.017165263130094227
s55-129-16,u016,2025-07-04,variable,hazard,30,0.00024102275076809399,0,5.809196638781875e-08,0.00024105180141929358
s55-129-16,u016,2025-07-04,variable,hazard,60,0.0006339374106026918,0,4.018766405616459e-07,0.000634138433884915
s55-129-16,u016,2025-07-04,variable,hazard,120,0.002337602499967839,0,5.464385447855891e-06,0.002340338958024326
s55-129-16,u016,2025-07-04,variable,hazard_cal,30,0.0002090806769958764,0,4.3714729493054e-08,0.00020910253740773584
s55-129-16,u016,2025-07-04,variable,hazard_cal,60,0.0005533638002346297,0,3.062114954101112e-07,0.0005535169624879054
s55-129-16,u016,2025-07-04,variable,hazard_cal,120,0.0020711581362735654,0,4.289696025452189e-06,0.0020733059504405753
s55-129-58,u058,2025-07-04,new,empirical,30,0.0011737089201877549,0,1.3775926293283055e-06,0.0011743982559415578
s55-129-58,u058,2025-07-04,new,empirical,60,0.0046948356807511304,0,2.2041482069253932e-05,0.004705891037412617
s55-129-58,u058,2025-07-04,new,empirical,120,0.017018779342723,0,0.0002896388503162951,0.017165263130094227
s55-129-58,u058,2025-07-04,new,hazard,30,0.0008658386452637945,0,7.49676559632243e-07,0.000866213700050524
s55-129-58,u058,2025-07-04,new,hazard,60,0.002276025381079072,0,5.180291535316135e-06,0.0022786194637261625
s55-129-58,u058,2025-07-04,new,hazard,120,0.008371892501445877,0,7.00885840557657e-05,0.00840713362122296
s55-129-58,u058,2025-07-04,new,hazard_cal,30,0.0007710246537905308,0,5.944790167528078e-07,0.0007713220461733057
s55-129-58,u058,2025-07-04,new,hazard_cal,60,0.002039572484417551,0,4.159855919193182e-06,0.0020416552448195425
s55-129-58,u058,2025-07-04,new,hazard_cal,120,0.007616299946709204,0,5.8008024878242625e-05,0.007645452074378403
s55-129-43,u043,2025-07-04,regular,empirical,30,0.0011737089201877549,0,1.3775926293283055e-06,0.0011743982559415578
s55-129-43,u043,2025-07-04,regular,empirical,60,0.0046948356807511304,0,2.2041482069253932e-05,0.004705891037412617
s55-129-43,u043,2025-07-04,regular,empirical,120,0.017018779342723,0,0.0002896388503162951,0.017165263130094227
s55-129-43,u043,2025-07-04,regular,hazard,30,0.0035996826863264886,0,1.2957715442238686e-05,0.0036061771340324253
s55-129-43,u043,2025-07-04,regular,hazard,60,0.009438829741500676,0,8.909150688903772e-05,0.009483657800893568
s55-129-43,u043,2025-07-04,regular,hazard,120,0.03434529986479995,0,0.0011795996228030274,0.034948961947460166
s55-129-43,u043,2025-07-04,regular,hazard_cal,30,0.0033008681190487277,0,1.0895730339352285e-05,0.0033063280024325323
s55-129-43,u043,2025-07-04,regular,hazard_cal,60,0.008711272800555947,0,7.588627380570585e-05,0.008749437742591301
s55-129-43,u043,2025-07-04,regular,hazard_cal,120,0.03219673579544802,0,0.0010366297958818837,0.032726451819604936
s55-129-47,u047,2025-07-04,regular,empirical,30,0.0011737089201877549,0,1.3775926293283055e-06,0.0011743982559415578
s55-129-47,u047,2025-07-04,regular,empirical,60,0.0046948356807511304,0,2.2041482069253932e-05,0.004705891037412617
s55-129-47,u047,2025-07-04,regular,empirical,120,0.017018779342723,0,0.0002896388503162951,0.017165263130094227
s55-129-47,u047,2025-07-04,regular,hazard,30,0.0008939244397458967,0,7.991009039750154e-07,0.0008943242284695817
s55-129-47,u047,2025-07-04,regular,hazard,60,0.002349793988451032,0,5.521531788160609e-06,0.002352559086802031
s55-129-47,u047,2025-07-04,regular,hazard,120,0.008642271829802484,0,7.468886238019757e-05,0.00867983282579492
s55-129-47,u047,2025-07-04,regular,hazard_cal,30,0.0007965563051138824,0,6.345019472166805e-07,0.0007968737246603787
s55-129-47,u047,2025-07-04,regular,hazard_cal,60,0.0021070609184471456,0,4.439705714047329e-06,0.0021092838944837037
s55-129-47,u047,2025-07-04,regular,hazard_cal,120,0.007867498925263727,0,6.189753933902591e-05,0.007898610985102677
s55-129-50,u050,2025-07-04,regular,empirical,30,0.0011737089201877549,0,1.3775926293283055e-06,0.0011743982559415578
s55-129-50,u050,2025-07-04,regular,empirical,60,0.0046948356807511304,0,2.2041482069253932e-05,0.004705891037412617
s55-129-50,u050,2025-07-04,regular,empirical,120,0.017018779342723,0,0.0002896388503162951,0.017165263130094227
s55-129-50,u050,2025-07-04,regular,hazard,30,0.001998801771510572,0,3.995208521793801e-06,0.002000802041644907
s55-129-50,u050,2025-07-04,regular,hazard,60,0.00524879669785927,0,2.754986677545838e-05,0.005262620023012639
s55-129-50,u050,2025-07-04,regular,hazard,120,0.01922011612485941,0,0.0003694128638530807,0.01940722392575315
s55-129-50,u050,2025-07-04,regular,hazard_cal,30,0.0018107764720907138,0,3.2789114318772916e-06,0.001812417909623592
s55-129-50,u050,2025-07-04,regular,hazard_cal,60,0.004785392764870222,0,2.289998391407227e-05,0.00479687941690593
s55-129-50,u050,2025-07-04,regular,hazard_cal,120,0.017794268619986786,0,0.00031663599572024644,0.017954490146600582
s55-129-56,u056,2025-07-04,new,empirical,30,0.0011737089201877549,0,1.3775926293283055e-06,0.0011743982559415578
s55-129-56,u056,2025-07-04,new,empirical,60,0.0046948356807511304,0,2.2041482069253932e-05,0.004705891037412617
s55-129-56,u056,2025-07-04,new,empirical,120,0.017018779342723,0,0.0002896388503162951,0.017165263130094227
s55-129-56,u056,2025-07-04,new,hazard,30,0.0012060610177817566,0,1.4545831786127665e-06,0.00120678889467255
s55-129-56,u056,2025-07-04,new,hazard,60,0.0031693795801673863,0,1.0044966923181999e-05,0.0031744127010227955
s55-129-56,u056,2025-07-04,new,hazard,120,0.01164218786858029,0,0.00013554053836731806,0.011710488769905965
s55-129-56,u056,2025-07-04,new,hazard_cal,30,0.0010813201719955812,0,1.1692533143645533e-06,0.0010819052204405794
s55-129-56,u056,2025-07-04,new,hazard_cal,60,0.0028595678366422073,0,8.177128212358593e-06,0.0028636642118540197
s55-129-56,u056,2025-07-04,new,hazard_cal,120,0.01066485622052471,0,0.0001137391582044646,0.010722133398873152
s55-129-15,u015,2025-07-04,regular,empirical,30,0.0011737089201877549,0,1.3775926293283055e-06,0.0011743982559415578
s55-129-15,u015,2025-07-04,regular,empirical,60,0.0046948356807511304,0,2.2041482069253932e-05,0.004705891037412617
s55-129-15,u015,2025-07-04,regular,empirical,120,0.017018779342723,0,0.0002896388503162951,0.017165263130094227
s55-129-15,u015,2025-07-04,regular,hazard,30,0.003692960400837886,0,1.3637956522156718e-05,0.003699796213879688
s55-129-15,u015,2025-07-04,regular,hazard,60,0.009682589451759593,0,9.375253849132615e-05,0.009729770524662886
s55-129-15,u015,2025-07-04,regular,hazard,120,0.03521931678362944,0,0.0012404002747056424,0.03585447475155428
s55-129-15,u015,2025-07-04,regular,hazard_cal,30,0.003388193928624661,0,1.1479858097969015e-05,0.003393946856038491
s55-129-15,u015,2025-07-04,regular,hazard_cal,60,0.008941009919128828,0,7.99416583739601e-05,0.008981220610550096
s55-129-15,u015,2025-07-04,regular,hazard_cal,120,0.03303412681712681,0,0.0010912535345700164,0.033592075586064175
s55-129-34,u034,2025-07-04,regular,empirical,30,0.0011737089201877549,0,1.3775926293283055e-06,0.0011743982559415578
s55-129-34,u034,2025-07-04,regular,empirical,60,0.0046948356807511304,0,2.2041482069253932e-05,0.004705891037412617
s55-129-34,u034,2025-07-04,regular,empirical,120,0.017018779342723,0,0.0002896388503162951,0.017165263130094227
s55-129-34,u034,2025-07-04,regular,hazard,30,0.004127580960282651,0,1.7036924583687848e-05,0.004136122935807645
s55-129-34,u034,2025-07-04,regular,hazard,60,0.010817820141527879,0,0.00011702523261444624,0.010876758197433596
s55-129-34,u034,2025-07-04,regular,hazard,120,0.03928124733437133,0,0.0015430163921440546,0.040073573963439156
s55-129-34,u034,2025-07-04,regular,hazard_cal,30,0.0037956715745556258,0,1.4407122701889583e-05,0.003802893416191307
s55-129-34,u034,2025-07-04,regular,hazard_cal,60,0.010012511879164632,0,0.00010025039413041286,0.0100629741951474
s55-129-34,u034,2025-07-04,regular,hazard_cal,120,0.03693186609846466,0,0.0013639627335149233,0.037631117971806065
s55-129-5,u005,2025-07-04,variable,empirical,30,0.0011737089201877549,0,1.3775926293283055e-06,0.0011743982559415578
s55-129-5,u005,2025-07-04,variable,empirical,60,0.0046948356807511304,0,2.2041482069253932e-05,0.004705891037412617
s55-129-5,u005,2025-07-04,variable,empirical,120,0.017018779342723,0,0.0002896388503162951,0.017165263130094227
s55-129-5,u005,2025-07-04,variable,hazard,30,0.00024023839276254844,0,5.7714485357132485e-08,0.00024026725462780496
s55-129-5,u005,2025-07-04,variable,hazard,60,0.0006318748475482305,0,3.9926582296409956e-07,0.0006320745645949297
s55-129-5,u005,2025-07-04,variable,hazard,120,0.0023300041981234587,0,5.428919563272942e-06,0.002332722881755606
s55-129-5,u005,2025-07-04,variable,hazard_cal,30,0.00020838636820796896,0,4.342487845490722e-08,0.00020840808366405215
s55-129-5,u005,2025-07-04,variable,hazard_cal,60,0.0005515265610150921,0,3.0418154750513415e-07,0.0005516787077333874
s55-129-5,u005,2025-07-04,variable,hazard_cal,120,0.002064287486764349,0,4.261282828011872e-06,0.0020664210648964373
s55-130-35,u035,2025-07-07,variable,empirical,30,0.0011737089201877549,0,1.3775926293283055e-06,0.0011743982559415578
s55-130-35,u035,2025-07-07,variable,empirical,60,0.0046948356807511304,0,2.2041482069253932e-05,0.004705891037412617
s55-130-35,u035,2025-07-07,variable,empirical,120,0.017018779342723,0,0.0002896388503162951,0.017165263130094227
s55-130-35,u035,2025-07-07,variable,hazard,30,0.0005015222459777702,0,2.51524563210587e-07,0.000501648050323586
s55-130-35,u035,2025-07-07,variable,hazard,60,0.0013187882319962707,0,1.7392024008518496e-06,0.0013196585985002546
s55-130-35,u035,2025-07-07,variable,hazard,120,0.004857914009421815,0,2.3599328522936738e-05,0.004869752027961543
s55-130-35,u035,2025-07-07,variable,hazard_cal,30,0.00044163236361494107,0,1.9503914459211952e-07,0.0004417299119086167
s55-130-35,u035,2025-07-07,variable,hazard_cal,60,0.0011685955476038457,0,1.3656155538795318e-06,0.0011692788877982001
s55-130-35,u035,2025-07-07,variable,hazard_cal,120,0.004369721211091027,0,1.909446346265883e-05,0.004379296346785796
s55-130-29,u029,2025-07-07,regular,empirical,30,0.0011737089201877549,0,1.3775926293283055e-06,0.0011743982559415578
s55-130-29,u029,2025-07-07,regular,empirical,60,0.0046948356807511304,0,2.2041482069253932e-05,0.004705891037412617
s55-130-29,u029,2025-07-07,regular,empirical,120,0.017018779342723,0,0.0002896388503162951,0.017165263130094227
s55-130-29,u029,2025-07-07,regular,hazard,30,0.0015094855706172527,0,2.278546687901693e-06,0.001510625991738499
s55-130-29,u029,2025-07-07,regular,hazard,60,0.0039656409989158314,0,1.5726308532282152e-05,0.003973525003505931
s55-130-29,u029,2025-07-07,regular,hazard,120,0.014549609517379714,0,0.00021169113710822635,0.014656493095683074
s55-130-29,u029,2025-07-07,regular,hazard_cal,30,0.0013596155023756218,0,1.8485543143001144e-06,0.001360540618162358
s55-130-29,u029,2025-07-07,regular,hazard_cal,60,0.0035945976952584946,0,1.292113259075768e-05,0.0036010737855043224
s55-130-29,u029,2025-07-07,regular,hazard_cal,120,0.013390959511956901,0,0.00017931779665086902,0.01348142694854103
s55-130-37,u037,2025-07-07,variable,empirical,30,0.0011737089201877549,0,1.3775926293283055e-06,0.0011743982559415578
s55-130-37,u037,2025-07-07,variable,empirical,60,0.0046948356807511304,0,2.2041482069253932e-05,0.004705891037412617
s55-130-37,u037,2025-07-07,variable,empirical,120,0.017018779342723,0,0.0002896388503162951,0.017165263130094227
s55-130-37,u037,2025-07-07,variable,hazard,30,0.003303917455855454,0,1.0915870555106375e-05,0.003309387442712776
s55-130-37,u037,2025-07-07,variable,hazard,60,0.008665640107833994,0,7.509331847850116e-05,0.008703405097226568
s55-130-37,u037,2025-07-07,variable,hazard,120,0.03156869108983351,0,0.0009965822571253338,0.03207772388512731
s55-130-37,u037,2025-07-07,variable,hazard_cal,30,0.003024292903178072,0,9.14634756421325e-06,0.0030288753183361676
s55-130-37,u037,2025-07-07,variable,hazard_cal,60,0.007983411846576471,0,6.373486471205754e-05,0.008015449908219788
s55-130-37,u037,2025-07-07,variable,hazard_cal,120,0.029539737994463744,0,0.0008725961207815649,0.029984823109846858
s55-130-55,u055,2025-07-07,new,empirical,30,0.0011737089201877549,0,1.3775926293283055e-06,0.0011743982559415578
s55-130-55,u055,2025-07-07,new,empirical,60,0.0046948356807511304,0,2.2041482069253932e-05,0.004705891037412617
s55-130-55,u055,2025-07-07,new,empirical,120,0.017018779342723,0,0.0002896388503162951,0.017165263130094227
s55-130-55,u055,2025-07-07,new,hazard,30,0.001713170379158968,0,2.9349527480276823e-06,0.0017146395337141285
s55-130-55,u055,2025-07-07,new,hazard,60,0.004499912452264221,0,2.0249212078042596e-05,0.004510067534408492
s55-130-55,u055,2025-07-07,new,hazard,120,0.016496489211383247,0,0.00027213415630128387,0.016634071470917996
s55-130-55,u055,2025-07-07,new,hazard_cal,30,0.0015470981488573399,0,2.3935126821978077e-06,0.0015482961409654526
s55-130-55,u055,2025-07-07,new,hazard_cal,60,0.004089560650797575,0,1.672450631655188e-05,0.004097945772740334
s55-130-55,u055,2025-07-07,new,hazard_cal,120,0.01522320117265541,0,0.00023174585394313704,0.01534026366303169
s55-130-17,u017,2025-07-07,regular,empirical,30,0.0011737089201877549,0,1.3775926293283055e-06,0.0011743982559415578
s55-130-17,u017,2025-07-07,regular,empirical,60,0.0046948356807511304,0,2.2041482069253932e-05,0.004705891037412617
s55-130-17,u017,2025-07-07,regular,empirical,120,0.017018779342723,0,0.0002896388503162951,0.017165263130094227
s55-130-17,u017,2025-07-07,regular,hazard,30,0.0011959013789677453,0,1.4301801082169547e-06,0.0011966170396518184
s55-130-17,u017,2025-07-07,regular,hazard,60,0.0031427105096977215,0,9.876629347764512e-06,0.0031476591952823135
s55-130-17,u017,2025-07-07,regular,hazard,120,0.011544688618850385,0,0.0001332798353062136,0.011611845910194757
s55-130-17,u017,2025-07-07,regular,hazard_cal,30,0.0010720250988606184,0,1.1492378125871187e-06,0.0010726001287679754
s55-130-17,u017,2025-07-07,regular,hazard_cal,60,0.0028350112731723165,0,8.03728891901412e-06,0.0028390375290862713
s55-130-17,u017,2025-07-07,regular,hazard_cal,120,0.010573672864575667,0,0.0001118025578470638,0.010629971349678384
s55-130-47,u047,2025-07-07,regular,empirical,30,0.0011737089201877549,0,1.3775926293283055e-06,0.0011743982559415578
s55-130-47,u047,2025-07-07,regular,empirical,60,0.0046948356807511304,0,2.2041482069253932e-05,0.004705891037412617
s55-130-47,u047,2025-07-07,regular,empirical,120,0.017018779342723,0,0.0002896388503162951,0.017165263130094227
s55-130-47,u047,2025-07-07,regular,hazard,30,0.0010574001123129229,0,1.1180949975193819e-06,0.00105795955421574
s55-130-47,u047,2025-07-07,regular,hazard,60,0.0027790949572913393,0,7.723368781642152e-06,0.00278296381128641
s55-130-47,u047,2025-07-07,regular,hazard,120,0.01021456358951256,0,0.00010433730932419571,0.010267090241534159
s55-130-47,u047,2025-07-07,regular,hazard_cal,30,0.0009454783264117861,0,8.939292657144319e-07,0.0009459255729748206
s55-130-47,u047,2025-07-07,regular,hazard_cal,60,0.002500646505815607,0,6.253232947047804e-06,0.0025037783444594986
s55-130-47,u047,2025-07-07,regular,hazard_cal,120,0.009331420565167559,0,8.707540976403203e-05,0.009375231025599113
s55-130-14,u014,2025-07-07,regular,empirical,30,0.0011737089201877549,0,1.3775926293283055e-06,0.0011743982559415578
s55-130-14,u014,2025-07-07,regular,empirical,60,0.0046948356807511304,0,2.2041482069253932e-05,0.004705891037412617
s55-130-14,u014,2025-07-07,regular,empirical,120,0.017018779342723,0,0.0002896388503162951,0.017165263130094227
s55-130-14,u014,2025-07-07,regular,hazard,30,0.0007197364233262338,0,5.180205190624396e-07,0.0007199955579323018
s55-130-14,u014,2025-07-07,regular,hazard,60,0.0018922201228996904,0,3.5804969935065196e-06,0.0018940126329691131
s55-130-14,u014,2025-07-07,regular,hazard,120,0.00696418133086163,0,4.849982160912166e-05,0.006988544420203835
s55-130-14,u014,2025-07-07,regular,hazard_cal,30,0.0006384971398464279,0,4.076785975920689e-07,0.0006387010659540018
s55-130-14,u014,2025-07-07,regular,hazard_cal,60,0.0016892079952575134,0,2.8534236512419075e-06,0.0016906363157967441
s55-130-14,u014,2025-07-07,regular,hazard_cal,120,0.006311363277550219,0,3.983330642120945e-05,0.006331364130269785
s55-130-38,u038,2025-07-07,variable,empirical,30,0.0011737089201877549,0,1.3775926293283055e-06,0.0011743982559415578
s55-130-38,u038,2025-07-07,variable,empirical,60,0.0046948356807511304,0,2.2041482069253932e-05,0.004705891037412617
s55-130-38,u038,2025-07-07,variable,empirical,120,0.017018779342723,0,0.0002896388503162951,0.017165263130094227
s55-130-38,u038,2025-07-07,variable,hazard,30,0.0012620145170944008,0,1.5926806413570138e-06,0.0012628115280452416
s55-130-38,u038,2025-07-07,variable,hazard,60,0.0033162487301604537,0,1.0997505640290822e-05,0.0033217596701186924
s55-130-38,u038,2025-07-07,variable,hazard,120,0.012178984614217625,0,0.00014832766623334962,0.01225375616186992
s55-130-38,u038,2025-07-07,variable,hazard_cal,30,0.0011325407104844087,0,1.2826484609045294e-06,0.0011331825193437305
s55-130-38,u038,2025-07-07,variable,hazard_cal,60,0.0029948792933902624,0,8.969301981977757e-06,0.0029993729185339136
s55-130-38,u038,2025-07-07,variable,hazard_cal,120,0.011167169973238966,0,0.00012470568521120998,0.011229990941975632
s55-130-58,u058,2025-07-07,new,empirical,30,0.0011737089201877549,0,1.3775926293283055e-06,0.0011743982559415578
s55-130-58,u058,2025-07-07,new,empirical,60,0.0046948356807511304,0,2.2041482069253932e-05,0.004705891037412617
s55-130-58,u058,2025-07-07,new,empirical,120,0.017018779342723,0,0.0002896388503162951,0.017165263130094227
s55-130-58,u058,2025-07-07,new,hazard,30,0.0016737945080174121,0,2.801588055069251e-06,0.0016751968671040352
s55-130-58,u058,2025-07-07,new,hazard,60,0.004396643880491546,0,1.9330477411863765e-05,0.004406337542685842
s55-130-58,u058,2025-07-07,new,hazard,120,0.01612042524161006,0,0.00025986810997033873,0.016251772794959984
s55-130-58,u058,2025-07-07,new,hazard_cal,30,0.001510816717065988,0,2.28256715256605e-06,0.001511959151459913
s55-130-58,u058,2025-07-07,new,hazard_cal,60,0.003993789394447056,0,1.5950353727197782e-05,0.0040017858692358455
s55-130-58,u058,2025-07-07,new,hazard_cal,120,0.014868896661817343,0,0.00022108408793980293,0.01498054683132697
s55-130-11,u011,2025-07-07,variable,empirical,30,0.0011737089201877549,0,1.3775926293283055e-06,0.0011743982559415578
s55-130-11,u011,2025-07-07,variable,empirical,60,0.0046948356807511304,0,2.2041482069253932e-05,0.004705891037412617
s55-130-11,u011,2025-07-07,variable,empirical,120,0.017018779342723,0,0.0002896388503162951,0.017165263130094227
s55-130-11,u011,2025-07-07,variable,hazard,30,0.0020657908900383326,0,4.267492001365366e-06,0.002067927579181458
s55-130-11,u011,2025-07-07,variable,hazard,60,0.005424375782718149,0,2.9423852632139137e-05,0.005439141128429722
s55-130-11,u011,2025-07-07,variable,hazard,120,0.019857787919780323,0,0.00039433174106697335,0.020057603478019683
s55-130-11,u011,2025-07-07,variable,hazard_cal,30,0.001872734336037185,0,3.5071338933726363e-06,0.0018744900953735037
s55-130-11,u011,2025-07-07,variable,hazard_cal,60,0.004948846706354537,0,2.449108372299615e-05,0.004961132799638472
s55-130-11,u011,2025-07-07,variable,hazard_cal,120,0.018397419711739915,0,0.0003384650520499164,0.018568756933368596
s55-130-52,u052,2025-07-07,variable,empirical,30,0.0011737089201877549,0,1.3775926293283055e-06,0.0011743982559415578
s55-130-52,u052,2025-07-07,variable,empirical,60,0.0046948356807511304,0,2.2041482069253932e-05,0.004705891037412617
s55-130-52,u052,2025-07-07,variable,empirical,120,0.017018779342723,0,0.0002896388503162951,0.017165263130094227
s55-130-52,u052,2025-07-07,variable,hazard,30,0.0010684470833993709,0,1.1415791700246222e-06,0.0010690182798827742
s55-130-52,u052,2025-07-07,variable,hazard,60,0.0028081006060635127,0,7.885429013774267e-06,0.0028120507171763985
s55-130-52,u052,2025-07-07,variable,hazard,120,0.010320721548221834,0,0.00010651729327593049,0.010374349500074096
s55-130-52,u052,2025-07-07,variable,hazard_cal,30,0.0009555598258129683,0,9.130945807077102e-07,0.0009560166641507499
s55-130-52,u052,2025-07-07,variable,hazard_cal,60,0.002527286947562102,0,6.387179315317766e-06,0.0025304859281844116
s55-130-52,u052,2025-07-07,variable,hazard_cal,120,0.009430443905545705,0,8.893327225564412e-05,0.009475192094069204
s55-130-0,u000,2025-07-07,variable,empirical,30,0.0011737089201877549,0,1.3775926293283055e-06,0.0011743982559415578
s55-130-0,u000,2025-07-07,variable,empirical,60,0.0046948356807511304,0,2.2041482069253932e-05,0.004705891037412617
s55-130-0,u000,2025-07-07,variable,empirical,120,0.017018779342723,0,0.0002896388503162951,0.017165263130094227
s55-130-0,u000,2025-07-07,variable,hazard,30,0.0007564335002858691,0,5.72191640354732e-07,0.000756719740462922
s55-130-0,u000,2025-07-07,variable,hazard,60,0.001988631669652796,0,3.954655917546067e-06,0.001990611622978959
s55-130-0,u000,2025-07-07,variable,hazard,120,0.007317950942811957,0,5.355240600140241e-05,0.007344858498294166
s55-130-0,u000,2025-07-07,variable,hazard_cal,30,0.000671736590360017,0,4.5123004682850125e-07,0.0006719623064702718
s55-130-0,u000,2025-07-07,variable,hazard_cal,60,0.0017770915886716754,0,3.158054514527619e-06,0.0017786724891431876
s55-130-0,u000,2025-07-07,variable,hazard_cal,120,0.006638819711500044,0,4.407392716180152e-05,0.00666095469625439
s55-130-19,u019,2025-07-07,regular,empirical,30,0.0011737089201877549,0,1.3775926293283055e-06,0.0011743982559415578
s55-130-19,u019,2025-07-07,regular,empirical,60,0.0046948356807511304,0,2.2041482069253932e-05,0.004705891037412617
s55-130-19,u019,2025-07-07,regular,empirical,120,0.017018779342723,0,0.0002896388503162951,0.017165263130094227
s55-130-19,u019,2025-07-07,regular,hazard,30,0.005957295698168497,0,3.5489372035416876e-05,0.005975111174129332
s55-130-19,u019,2025-07-07,regular,hazard,60,0.015587129099987052,0,0.00024295859357966316,0.01570988568275858
s55-130-19,u019,2025-07-07,regular,hazard,120,0.05619375856001463,0,0.003157738501101217,0.05783438661573692
s55-130-19,u019,2025-07-07,regular,hazard_cal,30,0.0055200882635438875,0,3.0471374437314972e-05,0.005535380252144002
s55-130-19,u019,2025-07-07,regular,hazard_cal,60,0.014538070131914105,0,0.00021135548316045298,0.01464478340637159
s55-130-19,u019,2025-07-07,regular,hazard_cal,120,0.05325176290348366,0,0.002835750252328838,0.05472207426004269
s55-130-32,u032,2025-07-07,variable,empirical,30,0.0011737089201877549,0,1.3775926293283055e-06,0.0011743982559415578
s55-130-32,u032,2025-07-07,variable,empirical,60,0.0046948356807511304,0,2.2041482069253932e-05,0.004705891037412617
s55-130-32,u032,2025-07-07,variable,empirical,120,0.017018779342723,0,0.0002896388503162951,0.017165263130094227
s55-130-32,u032,2025-07-07,variable,hazard,30,0.0010157020907773928,0,1.031650737209567e-06,0.0010162182656955601
s55-130-32,u032,2025-07-07,variable,hazard,60,0.0026696046231834414,0,7.126788844122404e-06,0.0026731743722332767
s55-130-32,u032,2025-07-07,variable,hazard,120,0.009813755201294905,0,9.63097911509428e-05,0.009862227487691423
s55-130-32,u032,2025-07-07,variable,hazard_cal,30,0.000907444316082362,0,8.234551867901857e-07,0.0009078562929253094
s55-130-32,u032,2025-07-07,variable,hazard_cal,60,0.0024001368532869938,0,5.760656914506393e-06,0.0024030217988448206
s55-130-32,u032,2025-07-07,variable,hazard_cal,120,0.008957749564434514,0,8.024127725912673e-05,0.008998111418107153
s55-130-1,u001,2025-07-07,variable,empirical,30,0.0011737089201877549,0,1.3775926293283055e-06,0.0011743982559415578
s55-130-1,u001,2025-07-07,variable,empirical,60,0.0046948356807511304,0,2.2041482069253932e-05,0.004705891037412617
s55-130-1,u001,2025-07-07,variable,empirical,120,0.017018779342723,0,0.0002896388503162951,0.017165263130094227
s55-130-1,u001,2025-07-07,variable,hazard,30,0.0006601084449316952,0,4.3574315907014087e-07,0.0006603264124379698
s55-130-1,u001,2025-07-07,variable,hazard,60,0.0017355500870324114,0,3.012134104598211e-06,0.0017370578989259716
s55-130-1,u001,2025-07-07,variable,hazard,120,0.006389080866293195,0,4.082035431603381e-05,0.006409578397015408
s55-130-1,u001,2025-07-07,variable,hazard_cal,30,0.0005845624266542782,0,3.417132306559383e-07,0.0005847333498830502
s55-130-1,u001,2025-07-07,variable,hazard_cal,60,0.0015465955553272126,0,2.391957811757889e-06,0.0015477927687956691
s55-130-1,u001,2025-07-07,variable,hazard_cal,120,0.00577979627119285,0,3.340604493649477e-05,0.005796563933992963
s55-130-13,u013,2025-07-07,variable,empirical,30,0.0011737089201877549,0,1.3775926293283055e-06,0.0011743982559415578
s55-130-13,u013,2025-07-07,variable,empirical,60,0.0046948356807511304,0,2.2041482069253932e-05,0.004705891037412617
s55-130-13,u013,2025-07-07,variable,empirical,120,0.017018779342723,0,0.0002896388503162951,0.017165263130094227
s55-130-13,u013,2025-07-07,variable,hazard,30,0.000640509633263453,0,4.1025259030328304e-07,0.0006407148471909484
s55-130-13,u013,2025-07-07,variable,hazard,60,0.0016840512904238158,0,2.8360287487781193e-06,0.0016854708988176404
s55-130-13,u013,2025-07-07,variable,hazard,120,0.006199980821217976,0,3.843976218347073e-05,0.006219280515484732
s55-130-13,u013,2025-07-07,variable,hazard_cal,30,0.0005668563311219676,0,3.2132610013305783e-07,0.0005670170549131032
s55-130-13,u013,2025-07-07,variable,hazard_cal,60,0.0014997745583950062,0,2.249323726008936e-06,0.0015009003460172271
s55-130-13,u013,2025-07-07,variable,hazard_cal,120,0.005605226699870847,0,3.141856635694502e-05,0.00562099493367171
s55-130-16,u016,2025-07-07,variable,empirical,30,0.0011737089201877549,0,1.3775926293283055e-06,0.0011743982559415578
s55-130-16,u016,2025-07-07,variable,empirical,60,0.0046948356807511304,0,2.2041482069253932e-05,0.004705891037412617
s55-130-16,u016,2025-07-07,variable,empirical,120,0.017018779342723,0,0.0002896388503162951,0.017165263130094227
s55-130-16,u016,2025-07-07,variable,hazard,30,0.00037043973321071455,0,1.3722559594122537e-07,0.00037050836295799864
s55-130-16,u016,2025-07-07,variable,hazard,60,0.0009742142909388019,0,9.490934846693925e-07,0.0009746891461133189
s55-130-16,u016,2025-07-07,variable,hazard,120,0.003590504042726872,0,1.2891719280838011e-05,0.0035969653732928334
s55-130-16,u016,2025-07-07,variable,hazard_cal,30,0.00032418571032444277,0,1.0509637477856351e-07,0.00032423826987150835
s55-130-16,u016,2025-07-07,variable,hazard_cal,60,0.0008579153342079815,0,7.360187206691926e-07,0.0008582835541844223
s55-130-16,u016,2025-07-07,variable,hazard_cal,120,0.0032095377587484375,0,1.0301132624831944e-05,0.00321469937228219
s55-130-24,u024,2025-07-07,variable,empirical,30,0.0011737089201877549,0,1.3775926293283055e-06,0.0011743982559415578
s55-130-24,u024,2025-07-07,variable,empirical,60,0.0046948356807511304,0,2.2041482069253932e-05,0.004705891037412617
s55-130-24,u024,2025-07-07,variable,empirical,120,0.017018779342723,0,0.0002896388503162951,0.017165263130094227
s55-130-24,u024,2025-07-07,variable,hazard,30,0.0003831860447905955,0,1.4683154492226023e-07,0.0003832594793230478
s55-130-24,u024,2025-07-07,variable,hazard,60,0.0010077238891103013,0,1.0155074366835909e-06,0.0010082319842036995
s55-130-24,u024,2025-07-07,variable,hazard,120,0.0037138168570951535,0,1.3792435648044124e-05,0.003720730196812068
s55-130-24,u024,2025-07-07,variable,hazard_cal,30,0.00033557283184382225,0,1.1260912547168221e-07,0.00033562914900591687
s55-130-24,u024,2025-07-07,variable,hazard_cal,60,0.0008880405078894871,0,7.886159436526181e-07,0.0008884350494578704
s55-130-24,u024,2025-07-07,variable,hazard_cal,120,0.0033220840202073942,0,1.1036242237317323e-05,0.0033276143929648564
s55-130-53,u053,2025-07-07,regular,empirical,30,0.0011737089201877549,0,1.3775926293283055e-06,0.0011743982559415578
s55-130-53,u053,2025-07-07,regular,empirical,60,0.0046948356807511304,0,2.2041482069253932e-05,0.004705891037412617
s55-130-53,u053,2025-07-07,regular,empirical,120,0.017018779342723,0,0.0002896388503162951,0.017165263130094227
s55-130-53,u053,2025-07-07,regular,hazard,30,0.0027270139071732258,0,7.436604849916183e-06,0.002730738983362471
s55-130-53,u053,2025-07-07,regular,hazard,60,0.007156291854116259,0,5.121251310129072e-05,0.007182020934020374
s55-130-53,u053,2025-07-07,regular,hazard,120,0.026129640702968193,0,0.0006827581232662121,0.026477085536120777
s55-130-53,u053,2025-07-07,regular,hazard_cal,30,0.0024863486684310043,0,6.181929701008628e-06,0.0024894447663321756
s55-130-53,u053,2025-07-07,regular,hazard_cal,60,0.006566638009577241,0,4.3120734748824554e-05,0.0065882932303418
s55-130-53,u053,2025-07-07,regular,hazard_cal,120,0.024350676632235446,0,0.0005929554524476974,0.024652056960803494
s55-130-33,u033,2025-07-07,regular,empirical,30,0.0011737089201877549,0,1.3775926293283055e-06,0.0011743982559415578
s55-130-33,u033,2025-07-07,regular,empirical,60,0.0046948356807511304,0,2.2041482069253932e-05,0.004705891037412617
s55-130-33,u033,2025-07-07,regular,empirical,120,0.017018779342723,0,0.0002896388503162951,0.017165263130094227
s55-130-33,u033,2025-07-07,regular,hazard,30,0.0016732693580664426,0,2.799830344644085e-06,0.0016746708368245954
s55-130-33,u033,2025-07-07,regular,hazard,60,0.004395266553080535,0,1.9318368072628444e-05,0.004404954133871637
s55-130-33,u033,2025-07-07,regular,hazard,120,0.016115408755745353,0,0.000259706399364754,0.016246674129224134
s55-130-33,u033,2025-07-07,regular,hazard_cal,30,0.0015103329554367884,0,2.2811056362784237e-06,0.0015114746579670344
s55-130-33,u033,2025-07-07,regular,hazard_cal,60,0.003992512376555402,0,1.594015507694806e-05,0.004000503731575056
s55-130-33,u033,2025-07-07,regular,hazard_cal,120,0.0148641716406136,0,0.00022094359856162157,0.014975750505379722
s55-130-51,u051,2025-07-07,regular,empirical,30,0.0011737089201877549,0,1.3775926293283055e-06,0.0011743982559415578
s55-130-51,u051,2025-07-07,regular,empirical,60,0.0046948356807511304,0,2.2041482069253932e-05,0.004705891037412617
s55-130-51,u051,2025-07-07,regular,empirical,120,0.017018779342723,0,0.0002896388503162951,0.017165263130094227
s55-130-51,u051,2025-07-07,regular,hazard,30,0.0011466280369236692,0,1.3147558550594274e-06,0.0011472859177957164
s55-130-51,u051,2025-07-07,regular,hazard,60,0.0030133608602964657,0,9.080343674366656e-06,0.003017910173580702
s55-130-51,u051,2025-07-07,regular,hazard,120,0.01107168851699758,0,0.00012258228661741607,0.011133435848125746
s55-130-51,u051,2025-07-07,regular,hazard_cal,30,0.0010269681581348555,0,1.0546635978228976e-06,0.0010274958512473853
s55-130-51,u051,2025-07-07,regular,hazard_cal,60,0.002715969784719774,0,7.376491871510775e-06,0.002719664722397991
s55-130-51,u051,2025-07-07,regular,hazard_cal,120,0.010131550101309728,0,0.00010264830745534915,0.010183223572895169
s55-130-4,u004,2025-07-07,variable,empirical,30,0.0011737089201877549,0,1.3775926293283055e-06,0.0011743982559415578
s55-130-4,u004,2025-07-07,variable,empirical,60,0.0046948356807511304,0,2.2041482069253932e-05,0.004705891037412617
s55-130-4,u004,2025-07-07,variable,empirical,120,0.017018779342723,0,0.0002896388503162951,0.017165263130094227
s55-130-4,u004,2025-07-07,variable,hazard,30,0.0011531004888294394,0,1.329640737338692e-06,0.0011537658207102976
s55-130-4,u004,2025-07-07,variable,hazard,60,0.0030303526483221876,0,9.183037173193296e-06,0.003034953463989071
s55-130-4,u004,2025-07-07,variable,hazard,120,0.011133833908707369,0,0.00012396225750668202,0.01119627897205484
s55-130-4,u004,2025-07-07,variable,hazard_cal,30,0.0010328845117442143,0,1.0668504146010838e-06,0.0010334183045473825
s55-130-4,u004,2025-07-07,variable,hazard_cal,60,0.002731601495787106,0,7.461646731786355e-06,0.0027353391271843198
s55-130-4,u004,2025-07-07,variable,hazard_cal,120,0.01018961592166645,0,0.00010382827263107843,0.010241885431957152
s55-130-57,u057,2025-07-07,new,empirical,30,0.0011737089201877549,0,1.3775926293283055e-06,0.0011743982559415578
s55-130-57,u057,2025-07-07,new,empirical,60,0.0046948356807511304,0,2.2041482069253932e-05,0.004705891037412617
s55-130-57,u057,2025-07-07,new,empirical,120,0.017018779342723,0,0.0002896388503162951,0.017165263130094227
s55-130-57,u057,2025-07-07,new,hazard,30,0.0009117114381902436,0,8.312177465269223e-07,0.0009121272998466062
s55-130-57,u057,2025-07-07,new,hazard,60,0.0023965103817928934,0,5.74326201004112e-06,0.002399386608989031
s55-130-57,u057,2025-07-07,new,hazard,120,0.008813467200996183,0,7.767720410303549e-05,0.008852535524029276
s55-130-57,u057,2025-07-07,new,hazard_cal,30,0.0008127343119254116,0,6.605370617808722e-07,0.0008130647595124951
s55-130-57,u057,2025-07-07,new,hazard_cal,60,0.00214982298457278,0,4.621738864997416e-06,0.0021521371713280773
s55-130-57,u057,2025-07-07,new,hazard_cal,120,0.008026636633733597,0,6.442689564999422e-05,0.008059023503066734
s55-130-28,u028,2025-07-07,regular,empirical,30,0.0011737089201877549,0,1.3775926293283055e-06,0.0011743982559415578
s55-130-28,u028,2025-07-07,regular,empirical,60,0.0046948356807511304,0,2.2041482069253932e-05,0.004705891037412617
s55-130-28,u028,2025-07-07,regular,empirical,120,0.017018779342723,0,0.0002896388503162951,0.017165263130094227
s55-130-28,u028,2025-07-07,regular,hazard,30,0.006634306735960549,0,4.4014025866811516e-05,0.006656411569970069
s55-130-28,u028,2025-07-07,regular,hazard,60,0.017347760781053934,0,0.00030094480411667297,0.017499996383386947
s55-130-28,u028,2025-07-07,regular,hazard,120,0.062375346036919965,0,0.0038906837932255072,0.06440556574924516
s55-130-28,u028,2025-07-07,regular,hazard_cal,30,0.0061611846920118785,0,3.7960196809081506e-05,0.006180243112373173
s55-130-28,u028,2025-07-07,regular,hazard_cal,60,0.016216870354578083,0,0.0002629868840971935,0.016349802922612865
s55-130-28,u028,2025-07-07,regular,hazard_cal,120,0.059247580674211764,0,0.0035102758157472312,0.06107527781294614
s55-131-56,u056,2025-07-08,new,empirical,30,0.0011737089201877549,0,1.3775926293283055e-06,0.0011743982559415578
s55-131-56,u056,2025-07-08,new,empirical,60,0.0046948356807511304,0,2.2041482069253932e-05,0.004705891037412617
s55-131-56,u056,2025-07-08,new,empirical,120,0.017018779342723,0,0.0002896388503162951,0.017165263130094227
s55-131-56,u056,2025-07-08,new,hazard,30,0.0011523415824471472,0,1.3278911226367954e-06,0.001153006038511082
s55-131-56,u056,2025-07-08,new,hazard,60,0.003028360341676639,0,9.17096635903985e-06,0.0030329551035974903
s55-131-56,u056,2025-07-08,new,hazard,120,0.011126547455670321,0,0.0001238000582832837,0.011188910506592126
s55-131-56,u056,2025-07-08,new,hazard_cal,30,0.001032190773380015,0,1.0654177926508336e-06,0.0010327238491318255
s55-131-56,u056,2025-07-08,new,hazard_cal,60,0.0027297685652505344,0,7.451636419829961e-06,0.002733501177786841
s55-131-56,u056,2025-07-08,new,hazard_cal,120,0.01018280743208988,0,0.00010368956719902489,0.010235006875953065
s55-131-12,u012,2025-07-08,variable,empirical,30,0.0011737089201877549,0,1.3775926293283055e-06,0.0011743982559415578
s55-131-12,u012,2025-07-08,variable,empirical,60,0.0046948356807511304,0,2.2041482069253932e-05,0.004705891037412617
s55-131-12,u012,2025-07-08,variable,empirical,120,0.017018779342723,0,0.0002896388503162951,0.017165263130094227
s55-131-12,u012,2025-07-08,variable,hazard,30,0.002903475198948291,0,8.430168230907817e-06,0.0029076984598001747
s55-131-12,u012,2025-07-08,variable,hazard,60,0.007618135568612794,0,5.803598954176338e-05,0.007647301785937729
s55-131-12,u012,2025-07-08,variable,hazard,120,0.027796575601932272,0,0.0007726496151939364,0.028190212058462626
s55-131-12,u012,2025-07-08,variable,hazard_cal,30,0.002650662937695114,0,7.026014009270492e-06,0.0026541821649321735
s55-131-12,u012,2025-07-08,variable,hazard_cal,60,0.006999539435209479,0,4.899355230505263e-05,0.007024151125601203
s55-131-12,u012,2025-07-08,variable,hazard_cal,120,0.02593863758479198,0,0.0006728129197551831,0.02628097689775386
s55-131-33,u033,2025-07-08,regular,empirical,30,0.0011737089201877549,0,1.3775926293283055e-06,0.0011743982559415578
s55-131-33,u033,2025-07-08,regular,empirical,60,0.0046948356807511304,0,2.2041482069253932e-05,0.004705891037412617
s55-131-33,u033,2025-07-08,regular,empirical,120,0.017018779342723,0,0.0002896388503162951,0.017165263130094227
s55-131-33,u033,2025-07-08,regular,hazard,30,0.002452175179784133,0,6.013163112349345e-06,0.0024551866855073885
s55-131-33,u033,2025-07-08,regular,hazard,60,0.006436672097559271,0,4.143074769149806e-05,0.006457476794799253
s55-131-33,u033,2025-07-08,regular,hazard,120,0.023527654160981126,0,0.0005535505103187325,0.023808848739716712
s55-131-33,u033,2025-07-08,regular,hazard_cal,30,0.00223087409417122,0,4.976799224044262e-06,0.002233366200857267
s55-131-33,u033,2025-07-08,regular,hazard_cal,60,0.005893304127830623,0,3.473103354310546e-05,0.0059107381744399005
s55-131-33,u033,2025-07-08,regular,hazard_cal,120,0.021876524786800022,0,0.00047858233674747574,0.022119364142297364
s55-131-54,u054,2025-07-08,new,empirical,30,0.0011737089201877549,0,1.3775926293283055e-06,0.0011743982559415578
s55-131-54,u054,2025-07-08,new,empirical,60,0.0046948356807511304,0,2.2041482069253932e-05,0.004705891037412617
s55-131-54,u054,2025-07-08,new,empirical,120,0.017018779342723,0,0.0002896388503162951,0.017165263130094227
s55-131-54,u054,2025-07-08,new,hazard,30,0.0009594868657017974,0,9.206150454542591e-07,0.0009599474678759185
s55-131-54,u054,2025-07-08,new,hazard,60,0.0025219819030742885,0,6.36039271943421e-06,0.002525167456499881
s55-131-54,u054,2025-07-08,new,hazard,120,0.009273146242857688,0,8.599124124142566e-05,0.00931640952904121
s55-131-54,u054,2025-07-08,new,hazard_cal,30,0.0008562198502185536,0,7.331124319082824e-07,0.0008565866158041022
s55-131-54,u054,2025-07-08,new,hazard_cal,60,0.0022647585706716544,0,5.129131383430715e-06,0.002267327015033726
s55-131-54,u054,2025-07-08,new,hazard_cal,120,0.00845426149409001,0,7.147453741045304e-05,0.008490201470123294
s55-131-31,u031,2025-07-08,regular,empirical,30,0.0011737089201877549,0,1.3775926293283055e-06,0.0011743982559415578
s55-131-31,u031,2025-07-08,regular,empirical,60,0.0046948356807511304,0,2.2041482069253932e-05,0.004705891037412617
s55-131-31,u031,2025-07-08,regular,empirical,120,0.017018779342723,0,0.0002896388503162951,0.017165263130094227
s55-131-31,u031,2025-07-08,regular,hazard,30,0.0027741842703908892,0,7.69609836608423e-06,0.0027780394512126965
s55-131-31,u031,2025-07-08,regular,hazard,60,0.007279763218588253,0,5.2994952518710406e-05,0.007306389997979849
s55-131-31,u031,2025-07-08,regular,hazard,120,0.02657551532836866,0,0.0007062580149683576,0.026935028137441325
s55-131-31,u031,2025-07-08,regular,hazard_cal,30,0.002530250921486288,0,6.4021697256822084e-06,0.002533457416315475
s55-131-31,u031,2025-07-08,regular,hazard_cal,60,0.006682315547174578,0,4.4653341072011076e-05,0.006704742181442286
s55-131-31,u031,2025-07-08,regular,hazard_cal,120,0.02477521161208429,0,0.0006138111104235563,0.02508728236462836
s55-131-34,u034,2025-07-08,regular,empirical,30,0.0011737089201877549,0,1.3775926293283055e-06,0.0011743982559415578
s55-131-34,u034,2025-07-08,regular,empirical,60,0.0046948356807511304,0,2.2041482069253932e-05,0.004705891037412617
s55-131-34,u034,2025-07-08,regular,empirical,120,0.017018779342723,0,0.0002896388503162951,0.017165263130094227
s55-131-34,u034,2025-07-08,regular,hazard,30,0.005617656193612319,0,3.155806110963085e-05,0.005633494568381624
s55-131-34,u034,2025-07-08,regular,hazard,60,0.014703039501344106,0,0.00021617937057808514,0.014812200507085135
s55-131-34,u034,2025-07-08,regular,hazard,120,0.05307718543302942,0,0.0028171876134921903,0.05453769432690123
s55-131-34,u034,2025-07-08,regular,hazard_cal,30,0.005199032844279472,0,2.7029942515896697e-05,0.005212594842141182
s55-131-34,u034,2025-07-08,regular,hazard_cal,60,0.013696590058115965,0,0.0001875965792200811,0.013791253721175891
s55-131-34,u034,2025-07-08,regular,hazard_cal,120,0.0502346120661743,0,0.0025235162494390245,0.051540284956867265
s55-131-4,u004,2025-07-08,variable,empirical,30,0.0011737089201877549,0,1.3775926293283055e-06,0.0011743982559415578
s55-131-4,u004,2025-07-08,variable,empirical,60,0.0046948356807511304,0,2.2041482069253932e-05,0.004705891037412617
s55-131-4,u004,2025-07-08,variable,empirical,120,0.017018779342723,0,0.0002896388503162951,0.017165263130094227
s55-131-4,u004,2025-07-08,variable,hazard,30,0.001407406322457394,0,1.9807925564930463e-06,0.0014083976489776202
s55-131-4,u004,2025-07-08,variable,hazard,60,0.0036978090609854908,0,1.3673791851506397e-05,0.0037046628581502306
s55-131-4,u004,2025-07-08,variable,hazard,120,0.013572446338146693,0,0.00018421129960187157,0.013665393963891638
s55-131-4,u004,2025-07-08,variable,hazard_cal,30,0.0012658485030990763,0,1.6023724327981721e-06,0.0012666503660782738
s55-131-4,u004,2025-07-08,variable,hazard_cal,60,0.0033469839083517527,0,1.1202301282765573e-05,0.003352597588424306
s55-131-4,u004,2025-07-08,variable,hazard_cal,120,0.012473294239045085,0,0.00015558306917379532,0.012551738763975378
s55-131-44,u044,2025-07-08,regular,empirical,30,0.0011737089201877549,0,1.3775926293283055e-06,0.0011743982559415578
s55-131-44,u044,2025-07-08,regular,empirical,60,0.0046948356807511304,0,2.2041482069253932e-05,0.004705891037412617
s55-131-44,u044,2025-07-08,regular,empirical,120,0.017018779342723,0,0.0002896388503162951,0.017165263130094227
s55-131-44,u044,2025-07-08,regular,hazard,30,0.0006338099205639436,0,4.017150154052725e-07,0.0006340108629823311
s55-131-44,u044,2025-07-08,regular,hazard,60,0.0016664463738554902,0,2.777043516936112e-06,0.0016678364401425578
s55-131-44,u044,2025-07-08,regular,hazard,120,0.006135330017828844,0,3.7642274427671685e-05,0.00615422849361758
s55-131-44,u044,2025-07-08,regular,hazard_cal,30,0.000560806165000205,0,3.145035547022371e-07,0.0005609634755941394
s55-131-44,u044,2025-07-08,regular,hazard_cal,60,0.0014837754894982957,0,2.201589703235907e-06,0.001484877374451383
s55-131-44,u044,2025-07-08,regular,hazard_cal,120,0.005545569233360359,0,3.0753338121993e-05,0.00556100298817238
s55-131-2,u002,2025-07-08,variable,empirical,30,0.0011737089201877549,0,1.3775926293283055e-06,0.0011743982559415578
s55-131-2,u002,2025-07-08,variable,empirical,60,0.0046948356807511304,0,2.2041482069253932e-05,0.004705891037412617
s55-131-2,u002,2025-07-08,variable,empirical,120,0.017018779342723,0,0.0002896388503162951,0.017165263130094227
s55-131-2,u002,2025-07-08,variable,hazard,30,0.0003428675647746404,0,1.1755816697449225e-07,0.0003429263572972111
s55-131-2,u002,2025-07-08,variable,hazard,60,0.0009017253705433381,0,8.131086438815204e-07,0.0009021321694309157
s55-131-2,u002,2025-07-08,variable,hazard,120,0.0033237074726194527,0,1.104703136354639e-05,0.003329243257925364
s55-131-2,u002,2025-07-08,variable,hazard_cal,30,0.0002995815236394028,0,8.974908930610607e-08,0.00029962640714845974
s55-131-2,u002,2025-07-08,variable,hazard_cal,60,0.0007928216140313804,0,6.285661116753232e-07,0.0007931360632996543
s55-131-2,u002,2025-07-08,variable,hazard_cal,120,0.002966314801240544,0,8.799023500058727e-06,0.0029707230326168708
s55-131-48,u048,2025-07-08,regular,empirical,30,0.0011737089201877549,0,1.3775926293283055e-06,0.0011743982559415578
s55-131-48,u048,2025-07-08,regular,empirical,60,0.0046948356807511304,0,2.2041482069253932e-05,0.004705891037412617
s55-131-48,u048,2025-07-08,regular,empirical,120,0.017018779342723,0,0.0002896388503162951,0.017165263130094227
s55-131-48,u048,2025-07-08,regular,hazard,30,0.001172507838355652,0,1.3747746310054436e-06,0.0011731957634554433
s55-131-48,u048,2025-07-08,regular,hazard,60,0.003081300536823983,0,9.494412998231767e-06,0.003086057517628053
s55-131-48,u048,2025-07-08,regular,hazard,120,0.011320150431338938,0,0.00012814580578814313,0.0113847110203687
s55-131-48,u048,2025-07-08,regular,hazard_cal,30,0.0010506285134399551,0,1.10382027325305e-06,0.0010511808104497935
s55-131-48,u048,2025-07-08,regular,hazard_cal,60,0.0027784822345218174,0,7.719963527553352e-06,0.0027823493811454194
s55-131-48,u048,2025-07-08,regular,hazard_cal,120,0.010363743061830855,0,0.00010740717025164718,0.010417820601923778
s55-131-15,u015,2025-07-08,regular,empirical,30,0.0011737089201877549,0,1.3775926293283055e-06,0.0011743982559415578
s55-131-15,u015,2025-07-08,regular,empirical,60,0.0046948356807511304,0,2.2041482069253932e-05,0.004705891037412617
s55-131-15,u015,2025-07-08,regular,empirical,120,0.017018779342723,0,0.0002896388503162951,0.017165263130094227
s55-131-15,u015,2025-07-08,regular,hazard,30,0.0034079686983434776,0,1.1614250648888937e-05,0.0034137890511503847
s55-131-15,u015,2025-07-08,regular,hazard,60,0.008937698723794019,0,7.988245847730922e-05,0.008977879548275804
s55-131-15,u015,2025-07-08,regular,hazard,120,0.03254642688410214,0,0.0010592699029222067,0.03308784167310282
s55-131-15,u015,2025-07-08,regular,hazard_cal,30,0.003121536499020472,0,9.743990114716985e-06,0.003126418656613859
s55-131-15,u015,2025-07-08,regular,hazard_cal,60,0.008239369672843999,0,6.788721260578143e-05,0.008273500888242568
s55-131-15,u015,2025-07-08,regular,hazard_cal,120,0.030474775863525205,0,0.0009287119639320985,0.030948786962304423
s55-131-20,u020,2025-07-08,regular,empirical,30,0.0011737089201877549,0,1.3775926293283055e-06,0.0011743982559415578
s55-131-20,u020,2025-07-08,regular,empirical,60,0.0046948356807511304,0,2.2041482069253932e-05,0.004705891037412617
s55-131-20,u020,2025-07-08,regular,empirical,120,0.017018779342723,0,0.0002896388503162951,0.017165263130094227
s55-131-20,u020,2025-07-08,regular,hazard,30,0.0005311169362648416,0,2.820851999873518e-07,0.0005312580288248125
s55-131-20,u020,2025-07-08,regular,hazard,60,0.0013965717581349013,0,1.9504126756200094e-06,0.0013975478733885556
s55-131-20,u020,2025-07-08,regular,hazard,120,0.005143834219932919,0,2.6459030482152903e-05,0.005157109277872863
s55-131-20,u020,2025-07-08,regular,hazard_cal,30,0.00046824259016442493,0,2.1925112324388962e-07,0.00046835224995897377
s55-131-20,u020,2025-07-08,regular,hazard_cal,60,0.0012389778679547936,0,1.535066157281806e-06,0.0012397460355941243
s55-131-20,u020,2025-07-08,regular,hazard_cal,120,0.004632397365773477,0,2.1459105354425053e-05,0.00464316016970332
s55-131-42,u042,2025-07-08,variable,empirical,30,0.0011737089201877549,0,1.3775926293283055e-06,0.0011743982559415578
s55-131-42,u042,2025-07-08,variable,empirical,60,0.0046948356807511304,0,2.2041482069253932e-05,0.004705891037412617
s55-131-42,u042,2025-07-08,variable,empirical,120,0.017018779342723,0,0.0002896388503162951,0.017165263130094227
s55-131-42,u042,2025-07-08,variable,hazard,30,0.0008230830256814592,0,6.774656671649456e-07,0.0008234219445000209
s55-131-42,u042,2025-07-08,variable,hazard,60,0.0021637185351622845,0,4.6816778994048224e-06,0.002166062756212098
s55-131-42,u042,2025-07-08,variable,hazard,120,0.007960145519924078,0,6.336391669836737e-05,0.00799199661712029
s55-131-42,u042,2025-07-08,variable,hazard_cal,30,0.0007321901486265769,0,5.361024137458088e-07,0.000732458330748312
s55-131-42,u042,2025-07-08,variable,hazard_cal,60,0.0019369141732080708,0,3.7516365143743046e-06,0.0019387924171887258
s55-131-42,u042,2025-07-08,variable,hazard_cal,120,0.0072340944006303864,0,5.233212179723191e-05,0.007260387342014535
s55-131-47,u047,2025-07-08,regular,empirical,30,0.0011737089201877549,0,1.3775926293283055e-06,0.0011743982559415578
s55-131-47,u047,2025-07-08,regular,empirical,60,0.0046948356807511304,0,2.2041482069253932e-05,0.004705891037412617
s55-131-47,u047,2025-07-08,regular,empirical,120,0.017018779342723,0,0.0002896388503162951,0.017165263130094227
s55-131-47,u047,2025-07-08,regular,hazard,30,0.0009346347082812567,0,8.735420379239898e-07,0.0009350717516386996
s55-131-47,u047,2025-07-08,regular,hazard,60,0.002456714615172495,0,6.03544670040214e-06,0.0024597372901039908
s55-131-47,u047,2025-07-08,regular,hazard,120,0.009034053973998923,0,8.161413120512574e-05,0.009075108485766441
s55-131-47,u047,2025-07-08,regular,hazard_cal,30,0.0008335935322751897,0,6.948781770510277e-07,0.0008339411645664944
s55-131-47,u047,2025-07-08,regular,hazard_cal,60,0.002204956646483014,0,4.861833812869619e-06,0.002207391142686842
s55-131-47,u047,2025-07-08,regular,hazard_cal,120,0.008231783771419088,0,6.776226405939866e-05,0.00826585199376027
s55-131-59,u059,2025-07-08,new,empirical,30,0.0011737089201877549,0,1.3775926293283055e-06,0.0011743982559415578
s55-131-59,u059,2025-07-08,new,empirical,60,0.0046948356807511304,0,2.2041482069253932e-05,0.004705891037412617
s55-131-59,u059,2025-07-08,new,empirical,120,0.017018779342723,0,0.0002896388503162951,0.017165263130094227
s55-131-59,u059,2025-07-08,new,hazard,30,0.0005348044232890148,0,2.860157711694957e-07,0.0005349474821825594
s55-131-59,u059,2025-07-08,new,hazard,60,0.0014062632604432412,0,1.9775763576724552e-06,0.0014072529765985396
s55-131-59,u059,2025-07-08,new,hazard,120,0.005179453969782033,0,2.682674342509086e-05,0.005192913838122765
s55-131-59,u059,2025-07-08,new,hazard_cal,30,0.000471560382618752,0,2.2236919445554378e-07,0.00047167160218184725
s55-131-59,u059,2025-07-08,new,hazard_cal,60,0.0012477529702137335,0,1.5568874746771943e-06,0.0012485320620946425
s55-131-59,u059,2025-07-08,new,hazard_cal,120,0.0046651432012851934,0,2.1763561088497463e-05,0.004676058944062596
s55-131-10,u010,2025-07-08,variable,empirical,30,0.0011737089201877549,0,1.3775926293283055e-06,0.0011743982559415578
s55-131-10,u010,2025-07-08,variable,empirical,60,0.0046948356807511304,0,2.2041482069253932e-05,0.004705891037412617
s55-131-10,u010,2025-07-08,variable,empirical,120,0.017018779342723,0,0.0002896388503162951,0.017165263130094227
s55-131-10,u010,2025-07-08,variable,hazard,30,0.0006370378303345303,0,4.0581719727732585e-07,0.0006372408251479975
s55-131-10,u010,2025-07-08,variable,hazard,60,0.0016749284185753055,0,2.8053852073511736e-06,0.001676332679422304
s55-131-10,u010,2025-07-08,variable,hazard,120,0.006166479189814389,0,3.8025465598413925e-05,0.006185570446970849
s55-131-10,u010,2025-07-08,variable,hazard_cal,30,0.0005637209612376903,0,3.1778132213874554e-07,0.0005638799116373482
s55-131-10,u010,2025-07-08,variable,hazard_cal,60,0.0014914834036791058,0,2.2245227434502104e-06,0.0014925967722356852
s55-131-10,u010,2025-07-08,variable,hazard_cal,120,0.005574310939112093,0,3.107294244590474e-05,0.0055899053895461
s55-131-8,u008,2025-07-08,regular,empirical,30,0.0011737089201877549,0,1.3775926293283055e-06,0.0011743982559415578
s55-131-8,u008,2025-07-08,regular,empirical,60,0.0046948356807511304,0,2.2041482069253932e-05,0.004705891037412617
s55-131-8,u008,2025-07-08,regular,empirical,120,0.017018779342723,0,0.0002896388503162951,0.017165263130094227
s55-131-8,u008,2025-07-08,regular,hazard,30,0.00546264559500842,0,2.984049689666489e-05,0.0054776204030675055
s55-131-8,u008,2025-07-08,regular,hazard,60,0.014299360051879706,0,0.0002044716978932932,0.01440258107881462
s55-131-8,u008,2025-07-08,regular,hazard,120,0.051651350610787294,0,0.002667862019918477,0.053033070721942265
s55-131-8,u008,2025-07-08,regular,hazard_cal,30,0.005052637980582753,0,2.5529150562827355e-05,0.005065445715978514
s55-131-8,u008,2025-07-08,regular,hazard_cal,60,0.013312725318297525,0,0.00017722865540043992,0.013402134048535144
s55-131-8,u008,2025-07-08,regular,hazard_cal,120,0.04885562729558324,0,0.002386872318444938,0.05008941649267759
s55-131-14,u014,2025-07-08,regular,empirical,30,0.0011737089201877549,0,1.3775926293283055e-06,0.0011743982559415578
s55-131-14,u014,2025-07-08,regular,empirical,60,0.0046948356807511304,0,2.2041482069253932e-05,0.004705891037412617
s55-131-14,u014,2025-07-08,regular,empirical,120,0.017018779342723,0,0.0002896388503162951,0.017165263130094227
s55-131-14,u014,2025-07-08,regular,hazard,30,0.0006287962395660207,0,3.953847108923685e-07,0.0006289940148327086
s55-131-14,u014,2025-07-08,regular,hazard,60,0.001653271722099281,0,2.7333073870931223e-06,0.0016546398839629806
s55-131-14,u014,2025-07-08,regular,hazard,120,0.006086946290474793,0,3.705091514312484e-05,0.006105547268562148
s55-131-14,u014,2025-07-08,regular,hazard_cal,30,0.000556279425950934,0,3.094467997363007e-07,0.0005564342067543816
s55-131-14,u014,2025-07-08,regular,hazard_cal,60,0.00147180485630527,0,2.166209535043776e-06,0.0014728890249931952
s55-131-14,u014,2025-07-08,regular,hazard_cal,120,0.005500931101221851,0,3.0260242980389845e-05,0.005516116939148597
s55-132-47,u047,2025-07-09,regular,empirical,30,0.0011737089201877549,0,1.3775926293283055e-06,0.0011743982559415578
s55-132-47,u047,2025-07-09,regular,empirical,60,0.0046948356807511304,0,2.2041482069253932e-05,0.004705891037412617
s55-132-47,u047,2025-07-09,regular,empirical,120,0.017018779342723,0,0.0002896388503162951,0.017165263130094227
s55-132-47,u047,2025-07-09,regular,hazard,30,0.001469067753524178,0,2.1581600644445753e-06,0.0014701478915499701
s55-132-47,u047,2025-07-09,regular,hazard,60,0.0038596001393967905,0,1.4896513236031724e-05,0.0038670676165247003
s55-132-47,u047,2025-07-09,regular,hazard,120,0.014162822805859121,0,0.00020058554983016323,0.014264072707276731
s55-132-47,u047,2025-07-09,regular,hazard_cal,30,0.0013224727189774521,0,1.748934092439615e-06,0.001323347957761716
s55-132-47,u047,2025-07-09,regular,hazard_cal,60,0.0034965185973298007,0,1.2225642301473158e-05,0.003502645705013838
s55-132-47,u047,2025-07-09,regular,hazard_cal,120,0.0130275591440292,0,0.0001697172972511788,0.013113162070227289
s55-132-17,u017,2025-07-09,regular,empirical,30,0.0011737089201877549,0,1.3775926293283055e-06,0.0011743982559415578
s55-132-17,u017,2025-07-09,regular,empirical,60,0.0046948356807511304,0,2.2041482069253932e-05,0.004705891037412617
s55-132-17,u017,2025-07-09,regular,empirical,120,0.017018779342723,0,0.0002896388503162951,0.017165263130094227
s55-132-17,u017,2025-07-09,regular,hazard,30,0.0008269877070169462,0,6.839086675571465e-07,0.0008273298499957552
s55-132-17,u017,2025-07-09,regular,hazard,60,0.002173975386552063,0,4.726168981334191e-06,0.0021763419014949738
s55-132-17,u017,2025-07-09,regular,hazard,120,0.007997755692130237,0,6.396409611100162e-05,0.008029909292696721
s55-132-17,u017,2025-07-09,regular,hazard_cal,30,0.0007357350424154196,0,5.413060526380194e-07,0.0007360058282676454
s55-132-17,u017,2025-07-09,regular,hazard_cal,60,0.0019462853420701975,0,3.788026632757306e-06,0.0019481818165063608
s55-132-17,u017,2025-07-09,regular,hazard_cal,120,0.0072689890890343944,0,5.2838202376501074e-05,0.007295536919047302
s55-132-10,u010,2025-07-09,variable,empirical,30,0.0011737089201877549,0,1.3775926293283055e-06,0.0011743982559415578
s55-132-10,u010,2025-07-09,variable,empirical,60,0.0046948356807511304,0,2.2041482069253932e-05,0.004705891037412617
s55-132-10,u010,2025-07-09,variable,empirical,120,0.017018779342723,0,0.0002896388503162951,0.017165263130094227
s55-132-10,u010,2025-07-09,variable,hazard,30,0.0011750546777143933,0,1.3807534956184767e-06,0.0011757455957595558
s55-132-10,u010,2025-07-09,variable,hazard,60,0.003087986327695247,0,9.535659560032776e-06,0.0030927639955925486
s55-132-10,u010,2025-07-09,variable,hazard,120,0.01134459824771572,0,0.00012869990940207458,0.011409439064196064
s55-132-10,u010,2025-07-09,variable,hazard_cal,30,0.0010529575219851983,0,1.1087195431052095e-06,0.0010535122712091857
s55-132-10,u010,2025-07-09,variable,hazard_cal,60,0.0027846355032442593,0,7.75419488592841e-06,0.0027885198132881323
s55-132-10,u010,2025-07-09,variable,hazard_cal,120,0.010386596010669713,0,0.00010788137668886,0.010440913139758711
s55-132-36,u036,2025-07-09,regular,empirical,30,0.0011737089201877549,0,1.3775926293283055e-06,0.0011743982559415578
s55-132-36,u036,2025-07-09,regular,empirical,60,0.0046948356807511304,0,2.2041482069253932e-05,0.004705891037412617
s55-132-36,u036,2025-07-09,regular,empirical,120,0.017018779342723,0,0.0002896388503162951,0.017165263130094227
s55-132-36,u036,2025-07-09,regular,hazard,30,0.001608621991029291,0,2.58766471002304e-06,0.0016099172125852478
s55-132-36,u036,2025-07-09,regular,hazard,60,0.004225703738148678,0,1.7856572082603715e-05,0.00423465725636917
s55-132-36,u036,2025-07-09,regular,hazard,120,0.015497669096778188,0,0.00024017774743323366,0.015619013304721685
s55-132-36,u036,2025-07-09,regular,hazard_cal,30,0.0014508048682871921,0,2.104834765845817e-06,0.001451858304680493
s55-132-36,u036,2025-07-09,regular,hazard_cal,60,0.003835363368605349,0,1.471001216923977e-05,0.0038427372350332066
s55-132-36,u036,2025-07-09,regular,hazard_cal,120,0.014282570838577646,0,0.00020399182975898856,0.014385548452842952
s55-132-14,u014,2025-07-09,regular,empirical,30,0.0011737089201877549,0,1.3775926293283055e-06,0.0011743982559415578
s55-132-14,u014,2025-07-09,regular,empirical,60,0.0046948356807511304,0,2.2041482069253932e-05,0.004705891037412617
s55-132-14,u014,2025-07-09,regular,empirical,120,0.017018779342723,0,0.0002896388503162951,0.017165263130094227
s55-132-14,u014,2025-07-09,regular,hazard,30,0.0006852605245698529,0,4.6958198653374993e-07,0.0006854954228802763
s55-132-14,u014,2025-07-09,regular,hazard,60,0.001801638216084478,0,3.24590026165606e-06,0.0018032631181657275
s55-132-14,u014,2025-07-09,regular,hazard,120,0.006631708771370981,0,4.397956122827881e-05,0.006653796257995896
s55-132-14,u014,2025-07-09,regular,hazard_cal,30,0.0006073012824739932,0,3.6881484769455684e-07,0.0006074857645924398
s55-132-14,u014,2025-07-09,regular,hazard_cal,60,0.0016067226463298834,0,2.5815576622293036e-06,0.001608014809444972
s55-132-14,u014,2025-07-09,regular,hazard_cal,120,0.0060039398086279006,0,3.604729322562683e-05,0.0060220359235869745
s55-132-43,u043,2025-07-09,regular,empirical,30,0.0011737089201877549,0,1.3775926293283055e-06,0.0011743982559415578
s55-132-43,u043,2025-07-09,regular,empirical,60,0.0046948356807511304,0,2.2041482069253932e-05,0.004705891037412617
s55-132-43,u043,2025-07-09,regular,empirical,120,0.017018779342723,0,0.0002896388503162951,0.017165263130094227
s55-132-43,u043,2025-07-09,regular,hazard,30,0.003375944816093268,0,1.139700340130701e-05,0.003381656175572976
s55-132-43,u043,2025-07-09,regular,hazard,60,0.008853972689056078,0,7.839283237855091e-05,0.00889340201523324
s55-132-43,u043,2025-07-09,regular,hazard,120,0.03224561473866816,0,0.0010397796698746133,0.03277695813569841
s55-132-43,u043,2025-07-09,regular,hazard_cal,30,0.0030916011332488003,0,9.557997567105266e-06,0.0030963900047665184
s55-132-43,u043,2025-07-09,regular,hazard_cal,60,0.008160580805451012,0,6.659507908229549e-05,0.008194060612514181
s55-132-43,u043,2025-07-09,regular,hazard_cal,120,0.030187031900737793,0,0.0009112568949761612,0.03065204246869221
s55-132-58,u058,2025-07-09,new,empirical,30,0.0011737089201877549,0,1.3775926293283055e-06,0.0011743982559415578
s55-132-58,u058,2025-07-09,new,empirical,60,0.0046948356807511304,0,2.2041482069253932e-05,0.004705891037412617
s55-132-58,u058,2025-07-09,new,empirical,120,0.017018779342723,0,0.0002896388503162951,0.017165263130094227
s55-132-58,u058,2025-07-09,new,hazard,30,0.0015936734724801838,0,2.539795136887047e-06,0.0015949447208647043
s55-132-58,u058,2025-07-09,new,hazard,60,0.004186492588158841,0,1.7526720190708913e-05,0.004195280483803507
s55-132-58,u058,2025-07-09,new,hazard,120,0.015354772532704564,0,0.0002357690395310985,0.015473877848806225
s55-132-58,u058,2025-07-09,new,hazard_cal,30,0.001437047051853546,0,2.0651042292409685e-06,0.0014380805942528724
s55-132-58,u058,2025-07-09,new,hazard_cal,60,0.0037990414550177487,0,1.4432715976943374e-05,0.0038062761420695848
s55-132-58,u058,2025-07-09,new,hazard_cal,120,0.01414810492447871,0,0.00020016887295405873,0.014249143495985073
s55-132-6,u006,2025-07-09,variable,empirical,30,0.0011737089201877549,0,1.3775926293283055e-06,0.0011743982559415578
s55-132-6,u006,2025-07-09,variable,empirical,60,0.0046948356807511304,0,2.2041482069253932e-05,0.004705891037412617
s55-132-6,u006,2025-07-09,variable,empirical,120,0.017018779342723,0,0.0002896388503162951,0.017165263130094227
s55-132-6,u006,2025-07-09,variable,hazard,30,0.0006413511103299241,0,4.1133124672142647e-07,0.0006415568639315222
s55-132-6,u006,2025-07-09,variable,hazard,60,0.001686262434691277,0,2.8434809986509527e-06,0.001687685775499743
s55-132-6,u006,2025-07-09,variable,hazard,120,0.006208100596577837,0,3.85405130172301e-05,0.006227450980743715
s55-132-6,u006,2025-07-09,variable,hazard_cal,30,0.0005676163179753058,0,3.221882844318434e-07,0.0005677774731032607
s55-132-6,u006,2025-07-09,variable,hazard_cal,60,0.0015017842561602102,0,2.2553559520506758e-06,0.0015029130644287764
s55-132-6,u006,2025-07-09,variable,hazard_cal,120,0.005612720269498661,0,3.1502628823641125e-05,0.005628530771614767
s55-132-32,u032,2025-07-09,variable,empirical,30,0.0011737089201877549,0,1.3775926293283055e-06,0.0011743982559415578
s55-132-32,u032,2025-07-09,variable,empirical,60,0.0046948356807511304,0,2.2041482069253932e-05,0.004705891037412617
s55-132-32,u032,2025-07-09,variable,empirical,120,0.017018779342723,0,0.0002896388503162951,0.017165263130094227
s55-132-32,u032,2025-07-09,variable,hazard,30,0.0008241494634022573,0,6.792223380262286e-07,0.0008244892612802574
s55-132-32,u032,2025-07-09,variable,hazard,60,0.002166519870454353,0,4.693808349073547e-06,0.0021688701698894318
s55-132-32,u032,2025-07-09,variable,hazard,120,0.007970417667525154,0,6.352755779479712e-05,0.008002351242226225
s55-132-32,u032,2025-07-09,variable,hazard_cal,30,0.0007331582877282417,0,5.375210748646071e-07,0.0007334271797006255
s55-132-32,u032,2025-07-09,variable,hazard_cal,60,0.0019394735211598624,0,3.7615575392802353e-06,0.0019413567352860772
s55-132-32,u032,2025-07-09,variable,hazard_cal,120,0.007243624544840621,0,5.247009654661749e-05,0.00726998697663082
s55-132-35,u035,2025-07-09,variable,empirical,30,0.0011737089201877549,0,1.3775926293283055e-06,0.0011743982559415578
s55-132-35,u035,2025-07-09,variable,empirical,60,0.0046948356807511304,0,2.2041482069253932e-05,0.004705891037412617
s55-132-35,u035,2025-07-09,variable,empirical,120,0.017018779342723,0,0.0002896388503162951,0.017165263130094227
s55-132-35,u035,2025-07-09,variable,hazard,30,0.0003233682546304184,0,1.0456702810272311e-07,0.0003234205494184232
s55-132-35,u035,2025-07-09,variable,hazard,60,0.0008504582816235562,0,7.232792887820921e-07,0.0008508201264384399
s55-132-35,u035,2025-07-09,variable,hazard,120,0.003134982857337265,0,9.828117515798523e-06,0.0031399072106305034
s55-132-35,u035,2025-07-09,variable,hazard_cal,30,0.0002822054965019305,0,7.963994225590111e-08,0.00028224532396625425
s55-132-35,u035,2025-07-09,variable,hazard_cal,60,0.0007468491852623549,0,5.577837055270433e-07,0.0007471282160530475
s55-132-35,u035,2025-07-09,variable,hazard_cal,120,0.0027945091197857375,0,7.809281220565658e-06,0.0027984210500455993
s55-132-39,u039,2025-07-09,regular,empirical,30,0.0011737089201877549,0,1.3775926293283055e-06,0.0011743982559415578
s55-132-39,u039,2025-07-09,regular,empirical,60,0.0046948356807511304,0,2.2041482069253932e-05,0.004705891037412617
s55-132-39,u039,2025-07-09,regular,empirical,120,0.017018779342723,0,0.0002896388503162951,0.017165263130094227
s55-132-39,u039,2025-07-09,regular,hazard,30,0.0017556998827527037,0,3.0824820782978576e-06,0.001757242930141759
s55-132-39,u039,2025-07-09,regular,hazard,60,0.0046114434892511325,0,2.126541105455666e-05,0.004622108996331973
s55-132-39,u039,2025-07-09,regular,hazard,120,0.016902509719759373,0,0.00028569483482656006,0.01704698747566356
s55-132-39,u039,2025-07-09,regular,hazard_cal,30,0.0015863047325975765,0,2.5163627046614688e-06,0.0015875642461076283
s55-132-39,u039,2025-07-09,regular,hazard_cal,60,0.004193046123313948,0,1.758163579223813e-05,0.004201861592285281
s55-132-39,u039,2025-07-09,regular,hazard_cal,120,0.015605926179918517,0,0.00024354493193306614,0.015728980576732256
s55-132-49,u049,2025-07-09,regular,empirical,30,0.0011737089201877549,0,1.3775926293283055e-06,0.0011743982559415578
s55-132-49,u049,2025-07-09,regular,empirical,60,0.0046948356807511304,0,2.2041482069253932e-05,0.004705891037412617
s55-132-49,u049,2025-07-09,regular,empirical,120,0.017018779342723,0,0.0002896388503162951,0.017165263130094227
s55-132-49,u049,2025-07-09,regular,hazard,30,0.001310869551036653,0,1.7183789798350362e-06,0.001311729492122446
s55-132-49,u049,2025-07-09,regular,hazard,60,0.003444473221110189,0,1.1864395770945201e-05,0.0034504190764817234
s55-132-49,u049,2025-07-09,regular,hazard,120,0.01264744124027195,0,0.0001599577699261317,0.012728100939432736
s55-132-49,u049,2025-07-09,regular,hazard_cal,30,0.0011773016106757517,0,1.3860390824997192e-06,0.001177995174626412
s55-132-49,u049,2025-07-09,regular,hazard_cal,60,0.003113115536390487,0,9.691488342915831e-06,0.0031179713610094573
s55-132-49,u049,2025-07-09,regular,hazard_cal,120,0.01160592352134171,0,0.00013469746078323275,0.011673797926253202
s55-132-8,u008,2025-07-09,regular,empirical,30,0.0011737089201877549,0,1.3775926293283055e-06,0.0011743982559415578
s55-132-8,u008,2025-07-09,regular,empirical,60,0.0046948356807511304,0,2.2041482069253932e-05,0.004705891037412617
s55-132-8,u008,2025-07-09,regular,empirical,120,0.017018779342723,0,0.0002896388503162951,0.017165263130094227
s55-132-8,u008,2025-07-09,regular,hazard,30,0.006898158377931618,0,4.758458900702817e-05,0.006922060656994138
s55-132-8,u008,2025-07-09,regular,hazard,60,0.018033339484940125,0,0.00032520133297910057,0.018197921799667723
s55-132-8,u008,2025-07-09,regular,hazard,120,0.06477345496296694,0,0.004195600467839506,0.06696648488468421
s55-132-8,u008,2025-07-09,regular,hazard_cal,30,0.006411420904545828,0,4.110631801524724e-05,0.006432062338133028
s55-132-8,u008,2025-07-09,regular,hazard_cal,60,0.016871606160823727,0,0.0002846510944459451,0.01701555308230338
s55-132-8,u008,2025-07-09,regular,hazard_cal,120,0.061577475916929414,0,0.003791785540300022,0.06355497928486184
s55-132-34,u034,2025-07-09,regular,empirical,30,0.0011737089201877549,0,1.3775926293283055e-06,0.0011743982559415578
s55-132-34,u034,2025-07-09,regular,empirical,60,0.0046948356807511304,0,2.2041482069253932e-05,0.004705891037412617
s55-132-34,u034,2025-07-09,regular,empirical,120,0.017018779342723,0,0.0002896388503162951,0.017165263130094227
s55-132-34,u034,2025-07-09,regular,hazard,30,0.005513820441557682,0,3.040221586173935e-05,0.005529077659039315
s55-132-34,u034,2025-07-09,regular,hazard,60,0.014432642567485332,0,0.0002083011714807896,0.014537806239458254
s55-132-34,u034,2025-07-09,regular,hazard,120,0.05212231114979804,0,0.002716735319596361,0.05352980525114615
s55-132-34,u034,2025-07-09,regular,hazard_cal,30,0.0051009589256382215,0,2.601978196104824e-05,0.005114013228516003
s55-132-34,u034,2025-07-09,regular,hazard_cal,60,0.01343944012254994,0,0.00018061855080760513,0.013530566779799136
s55-132-34,u034,2025-07-09,regular,hazard_cal,120,0.04931101609944699,0,0.0024315763087599204,0.05056831104038909
s55-132-28,u028,2025-07-09,regular,empirical,30,0.0011737089201877549,0,1.3775926293283055e-06,0.0011743982559415578
s55-132-28,u028,2025-07-09,regular,empirical,60,0.0046948356807511304,0,2.2041482069253932e-05,0.004705891037412617
s55-132-28,u028,2025-07-09,regular,empirical,120,0.017018779342723,0,0.0002896388503162951,0.017165263130094227
s55-132-28,u028,2025-07-09,regular,hazard,30,0.006772592202413885,0,4.586800514019736e-05,0.0067956302822496885
s55-132-28,u028,2025-07-09,regular,hazard,60,0.017707116150370128,0,0.0003135419623626986,0.017865762703375945
s55-132-28,u028,2025-07-09,regular,hazard,120,0.06363297264123846,0,0.0040491552071606025,0.06574775611823334
s55-132-28,u028,2025-07-09,regular,hazard_cal,30,0.006292308628768062,0,3.9593147879669005e-05,0.006312188640697438
s55-132-28,u028,2025-07-09,regular,hazard_cal,60,0.01655999031820843,0,0.00027423327933915687,0.016698639778229694
s55-132-28,u028,2025-07-09,regular,hazard_cal,120,0.06046917531315743,0,0.003656521163053368,0.062374650994844086
s55-132-57,u057,2025-07-09,new,empirical,30,0.0011737089201877549,0,1.3775926293283055e-06,0.0011743982559415578
s55-132-57,u057,2025-07-09,new,empirical,60,0.0046948356807511304,0,2.2041482069253932e-05,0.004705891037412617
s55-132-57,u057,2025-07-09,new,empirical,120,0.017018779342723,0,0.0002896388503162951,0.017165263130094227
s55-132-57,u057,2025-07-09,new,hazard,30,0.0009200341215455099,0,8.46462784808018e-07,0.0009204576127087189
s55-132-57,u057,2025-07-09,new,hazard,60,0.002418368845450991,0,5.84850787264796e-06,0.002421297822571564
s55-132-57,u057,2025-07-09,new,hazard,120,0.00889356070125824,0,7.909542194696497e-05,0.008933344467442806
s55-132-57,u057,2025-07-09,new,hazard_cal,30,0.000820306373160995,0,6.729025458485455e-07,0.0008206430085426087
s55-132-57,u057,2025-07-09,new,hazard_cal,60,0.002169837184314183,0,4.708193406432501e-06,0.0021721946919065157
s55-132-57,u057,2025-07-09,new,hazard_cal,120,0.008101111624260637,0,6.562800954873083e-05,0.008134103932763384
s55-132-0,u000,2025-07-09,variable,empirical,30,0.0011737089201877549,0,1.3775926293283055e-06,0.0011743982559415578
s55-132-0,u000,2025-07-09,variable,empirical,60,0.0046948356807511304,0,2.2041482069253932e-05,0.004705891037412617
s55-132-0,u000,2025-07-09,variable,empirical,120,0.017018779342723,0,0.0002896388503162951,0.017165263130094227
s55-132-0,u000,2025-07-09,variable,hazard,30,0.0005926991079263644,0,3.5129223253670815e-07,0.0005928748234770299
s55-132-0,u000,2025-07-09,variable,hazard,60,0.001558414265393826,0,2.4286550225829783e-06,0.0015596298559984272
s55-132-0,u000,2025-07-09,variable,hazard,120,0.0057385266452368855,0,3.29306880580937e-05,0.005755055252834363
s55-132-0,u000,2025-07-09,variable,hazard_cal,30,0.0005237103866307935,0,2.742725690649752e-07,0.0005238475708139379
s55-132-0,u000,2025-07-09,variable,hazard_cal,60,0.00138567543419843,0,1.9200964089410076e-06,0.0013866363702024244
s55-132-0,u000,2025-07-09,variable,hazard_cal,120,0.005179708321029652,0,2.682937829094382e-05,0.00519316951366259
s55-132-15,u015,2025-07-09,regular,empirical,30,0.0011737089201877549,0,1.3775926293283055e-06,0.0011743982559415578
s55-132-15,u015,2025-07-09,regular,empirical,60,0.0046948356807511304,0,2.2041482069253932e-05,0.004705891037412617
s55-132-15,u015,2025-07-09,regular,empirical,120,0.017018779342723,0,0.0002896388503162951,0.017165263130094227
s55-132-15,u015,2025-07-09,regular,hazard,30,0.002402398959592378,0,5.771520761050539e-06,0.002405289350148377
s55-132-15,u015,2025-07-09,regular,hazard,60,0.0063063025362489755,0,3.976945167870026e-05,0.006326271258894005
s55-132-15,u015,2025-07-09,regular,hazard,120,0.02305565859642278,0,0.0005315633933148036,0.02332559744282101
s55-132-15,u015,2025-07-09,regular,hazard_cal,30,0.002184666598081808,0,4.7727681447743405e-06,0.0021870564634947107
s55-132-15,u015,2025-07-09,regular,hazard_cal,60,0.005771484662345228,0,3.3310035207686204e-05,0.0057882040414114
s55-132-15,u015,2025-07-09,regular,hazard_cal,120,0.021428349490635656,0,0.0004591741618928254,0.02166126998331453
s55-132-16,u016,2025-07-09,variable,empirical,30,0.0011737089201877549,0,1.3775926293283055e-06,0.0011743982559415578
s55-132-16,u016,2025-07-09,variable,empirical,60,0.0046948356807511304,0,2.2041482069253932e-05,0.004705891037412617
s55-132-16,u016,2025-07-09,variable,empirical,120,0.017018779342723,0,0.0002896388503162951,0.017165263130094227
s55-132-16,u016,2025-07-09,variable,hazard,30,0.0005970615735375606,0,3.564825225951479e-07,0.000597239885777982
s55-132-16,u016,2025-07-09,variable,hazard,60,0.0015698784563124013,0,2.464518367593808e-06,0.001571112006681334
s55-132-16,u016,2025-07-09,variable,hazard,120,0.005780640922900204,0,3.341580947950853e-05,0.00579741349635649
s55-132-16,u016,2025-07-09,variable,hazard_cal,30,0.0005276443539431463,0,2.784085642480803e-07,0.0005277836072115588
s55-132-16,u016,2025-07-09,variable,hazard_cal,60,0.0013960791588529808,0,1.9490370177836463e-06,0.0013970545853159411
s55-132-16,u016,2025-07-09,variable,hazard_cal,120,0.0052185139323864815,0,2.723288766251182e-05,0.005232177934137265
s55-132-21,u021,2025-07-09,regular,empirical,30,0.0011737089201877549,0,1.3775926293283055e-06,0.0011743982559415578
s55-132-21,u021,2025-07-09,regular,empirical,60,0.0046948356807511304,0,2.2041482069253932e-05,0.004705891037412617
s55-132-21,u021,2025-07-09,regular,empirical,120,0.017018779342723,0,0.0002896388503162951,0.017165263130094227
s55-132-21,u021,2025-07-09,regular,hazard,30,0.002671476685864982,0,7.136787683120147e-06,0.0026750514477212202
s55-132-21,u021,2025-07-09,regular,hazard,60,0.0070109060375199705,0,4.9152803466933976e-05,0.007035597915222735
s55-132-21,u021,2025-07-09,regular,hazard,120,0.0256044153596372,0,0.0006555860859088254,0.025937913399288783
s55-132-21,u021,2025-07-09,regular,hazard_cal,30,0.00243467947058551,0,5.92766412449054e-06,0.0024376481221032513
s55-132-21,u021,2025-07-09,regular,hazard_cal,60,0.006430483373898843,0,4.135111642198945e-05,0.006451247997688392
s55-132-21,u021,2025-07-09,regular,hazard_cal,120,0.02385079579449445,0,0.0005688604600306742,0.024139831091576906
s55-132-24,u024,2025-07-09,variable,empirical,30,0.0011737089201877549,0,1.3775926293283055e-06,0.0011743982559415578
s55-132-24,u024,2025-07-09,variable,empirical,60,0.0046948356807511304,0,2.2041482069253932e-05,0.004705891037412617
s55-132-24,u024,2025-07-09,variable,empirical,120,0.017018779342723,0,0.0002896388503162951,0.017165263130094227
s55-132-24,u024,2025-07-09,variable,hazard,30,0.0004381955850658592,0,1.9201537077121064e-07,0.0004382916208072281
s55-132-24,u024,2025-07-09,variable,hazard,60,0.001152333042722331,0,1.3278714413497057e-06,0.0011529974889342694
s55-132-24,u024,2025-07-09,variable,hazard,120,0.004245824392618225,0,1.8027024772951918e-05,0.0042548634997188785
s55-132-24,u024,2025-07-09,variable,hazard_cal,30,0.00038480263142604,0,1.480730651524048e-07,0.00038487668695706765
s55-132-24,u024,2025-07-09,variable,hazard_cal,60,0.001018272982477142,0,1.0368798668428937e-06,0.001018791774621814
s55-132-24,u024,2025-07-09,variable,hazard_cal,120,0.003808505891629732,0,1.4504717126578381e-05,0.003815776716717366
s55-132-42,u042,2025-07-09,variable,empirical,30,0.0011737089201877549,0,1.3775926293283055e-06,0.0011743982559415578
s55-132-42,u042,2025-07-09,variable,empirical,60,0.0046948356807511304,0,2.2041482069253932e-05,0.004705891037412617
s55-132-42,u042,2025-07-09,variable,empirical,120,0.017018779342723,0,0.0002896388503162951,0.017165263130094227
s55-132-42,u042,2025-07-09,variable,hazard,30,0.0008268315619409661,0,6.836504318217377e-07,0.0008271735756950502
s55-132-42,u042,2025-07-09,variable,hazard,60,0.002173565224695584,0,4.724385786005964e-06,0.00217593084609848
s55-132-42,u042,2025-07-09,variable,hazard,120,0.007996251719067815,0,6.394004155469499e-05,0.008028393195398588
s55-132-42,u042,2025-07-09,variable,hazard_cal,30,0.0007355932783370545,0,5.410974711346553e-07,0.0007358639598217491
s55-132-42,u042,2025-07-09,variable,hazard_cal,60,0.0019459105802271948,0,3.7865679862401377e-06,0.0019478063239179973
s55-132-42,u042,2025-07-09,variable,hazard_cal,120,0.007267593637103165,0,5.2817917274062404e-05,0.007294131250306101
s55-132-19,u019,2025-07-09,regular,empirical,30,0.0011737089201877549,0,1.3775926293283055e-06,0.0011743982559415578
s55-132-19,u019,2025-07-09,regular,empirical,60,0.0046948356807511304,0,2.2041482069253932e-05,0.004705891037412617
s55-132-19,u019,2025-07-09,regular,empirical,120,0.017018779342723,0,0.0002896388503162951,0.017165263130094227
s55-132-19,u019,2025-07-09,regular,hazard,30,0.005479115374321664,0,3.0020705285128023e-05,0.0054941807822363395
s55-132-19,u019,2025-07-09,regular,hazard,60,0.014342256194817438,0,0.00020570031275777916,0.014446100454386332
s55-132-19,u019,2025-07-09,regular,hazard,120,0.05180294716849132,0,0.0026835453353415027,0.05319293669073952
s55-132-19,u019,2025-07-09,regular,hazard_cal,30,0.005068188246288408,0,2.5686532099815965e-05,0.005081075072686124
s55-132-19,u019,2025-07-09,regular,hazard_cal,60,0.013353504918973913,0,0.00017831609362106048,0.013443464715761397
s55-132-19,u019,2025-07-09,regular,hazard_cal,120,0.04900220098672392,0,0.002401215701543287,0.05024353083135337
s55-132-33,u033,2025-07-09,regular,empirical,30,0.0011737089201877549,0,1.3775926293283055e-06,0.0011743982559415578
s55-132-33,u033,2025-07-09,regular,empirical,60,0.0046948356807511304,0,2.2041482069253932e-05,0.004705891037412617
s55-132-33,u033,2025-07-09,regular,empirical,120,0.017018779342723,0,0.0002896388503162951,0.017165263130094227
s55-132-33,u033,2025-07-09,regular,hazard,30,0.001935583212526959,0,3.7464823726161826e-06,0.0019374588744372043
s55-132-33,u033,2025-07-09,regular,hazard,60,0.005083080524898476,0,2.5837707622602163e-05,0.005096043324670936
s55-132-33,u033,2025-07-09,regular,hazard,120,0.01861795327814808,0,0.00034662818426730484,0.018793449031616862
s55-132-33,u033,2025-07-09,regular,hazard_cal,30,0.0017523453622272367,0,3.0707142685193055e-06,0.0017538825153727631
s55-132-33,u033,2025-07-09,regular,hazard_cal,60,0.004631225716587251,0,2.1448251637979092e-05,0.004641983068405717
s55-132-33,u033,2025-07-09,regular,hazard_cal,120,0.017225106460599493,0,0.0002967042925789864,0.017375184510619597
s55-132-2,u002,2025-07-09,variable,empirical,30,0.0011737089201877549,0,1.3775926293283055e-06,0.0011743982559415578
s55-132-2,u002,2025-07-09,variable,empirical,60,0.0046948356807511304,0,2.2041482069253932e-05,0.004705891037412617
s55-132-2,u002,2025-07-09,variable,empirical,120,0.017018779342723,0,0.0002896388503162951,0.017165263130094227
s55-132-2,u002,2025-07-09,variable,hazard,30,0.000390312594410247,0,1.52343921355258e-07,0.00039038878619731236
s55-132-2,u002,2025-07-09,variable,hazard,60,0.001026458993057422,0,1.0536180644284566e-06,0.0010269861628659713
s55-132-2,u002,2025-07-09,variable,hazard,120,0.003782755190731457,0,1.4309236833005782e-05,0.0037899279032718902
s55-132-2,u002,2025-07-09,variable,hazard_cal,30,0.0003419428520824441,0,1.1692491409027626e-07,0.00034200132787012095
s55-132-2,u002,2025-07-09,variable,hazard_cal,60,0.0009048924234632549,0,8.188302980412027e-07,0.000905302085764462
s55-132-2,u002,2025-07-09,variable,hazard_cal,120,0.0033850374264496885,0,1.1458478378465131e-05,0.003390779627678297
s55-132-41,u041,2025-07-09,regular,empirical,30,0.0011737089201877549,0,1.3775926293283055e-06,0.0011743982559415578
s55-132-41,u041,2025-07-09,regular,empirical,60,0.0046948356807511304,0,2.2041482069253932e-05,0.004705891037412617
s55-132-41,u041,2025-07-09,regular,empirical,120,0.017018779342723,0,0.0002896388503162951,0.017165263130094227
s55-132-41,u041,2025-07-09,regular,hazard,30,0.0009550647186952199,0,9.121486168963796e-07,0.0009555210835988184
s55-132-41,u041,2025-07-09,regular,hazard,60,0.0025103685795074826,0,6.301950404978416e-06,0.0025135248380646932
s55-132-41,u041,2025-07-09,regular,hazard,120,0.00923060685598831,0,8.52041029298184e-05,0.009273472897753172
s55-132-41,u041,2025-07-09,regular,hazard_cal,30,0.0008521928736923146,0,7.262326939719652e-07,0.0008525561964680195
s55-132-41,u041,2025-07-09,regular,hazard_cal,60,0.002254115354379471,0,5.081036030849289e-06,0.0022566596966078997
s55-132-41,u041,2025-07-09,regular,hazard_cal,120,0.008414669149708565,0,7.080665689905705e-05,0.008450272344914684
s55-132-53,u053,2025-07-09,regular,empirical,30,0.0011737089201877549,0,1.3775926293283055e-06,0.0011743982559415578
s55-132-53,u053,2025-07-09,regular,empirical,60,0.0046948356807511304,0,2.2041482069253932e-05,0.004705891037412617
s55-132-53,u053,2025-07-09,regular,empirical,120,0.017018779342723,0,0.0002896388503162951,0.017165263130094227
s55-132-53,u053,2025-07-09,regular,hazard,30,0.0030817088852566066,0,9.496929653469517e-06,0.0030864671282778235
s55-132-53,u053,2025-07-09,regular,hazard,60,0.008084466506401822,0,6.535859869313288e-05,0.008117323010439489
s55-132-53,u053,2025-07-09,regular,hazard,120,0.029477337558636796,0,0.0008689134295458195,0.02992052534085311
s55-132-53,u053,2025-07-09,regular,hazard_cal,30,0.002816838491883078,0,7.934579089354134e-06,0.0028208132473452915
s55-132-53,u053,2025-07-09,regular,hazard_cal,60,0.007437210434746322,0,5.5312099050699576e-05,0.007465004376281264
s55-132-53,u053,2025-07-09,regular,hazard_cal,120,0.02754192769771291,0,0.0007585577813060454,0.02792831773278493
s55-132-22,u022,2025-07-09,variable,empirical,30,0.0011737089201877549,0,1.3775926293283055e-06,0.0011743982559415578
s55-132-22,u022,2025-07-09,variable,empirical,60,0.0046948356807511304,0,2.2041482069253932e-05,0.004705891037412617
s55-132-22,u022,2025-07-09,variable,empirical,120,0.017018779342723,0,0.0002896388503162951,0.017165263130094227
s55-132-22,u022,2025-07-09,variable,hazard,30,0.002404999386843354,0,5.7840220507169085e-06,0.0024078960431050595
s55-132-22,u022,2025-07-09,variable,hazard,60,0.006313113644218493,0,3.9855403884817704e-05,0.00633312561585512
s55-132-22,u022,2025-07-09,variable,hazard,120,0.023080322444886447,0,0.0005327012841599291,0.023350843671039206
s55-132-22,u022,2025-07-09,variable,hazard_cal,30,0.0021870800988130767,0,4.783319358624217e-06,0.0021894752513899763
s55-132-22,u022,2025-07-09,variable,hazard_cal,60,0.005777847770742084,0,3.338352486186927e-05,0.00579460410805692
s55-132-22,u022,2025-07-09,variable,hazard_cal,120,0.021451763634195764,0,0.0004601781630174038,0.021685197126171996
s55-132-7,u007,2025-07-09,variable,empirical,30,0.0011737089201877549,0,1.3775926293283055e-06,0.0011743982559415578
s55-132-7,u007,2025-07-09,variable,empirical,60,0.0046948356807511304,0,2.2041482069253932e-05,0.004705891037412617
s55-132-7,u007,2025-07-09,variable,empirical,120,0.017018779342723,0,0.0002896388503162951,0.017165263130094227
s55-132-7,u007,2025-07-09,variable,hazard,30,0.0003881474654414685,0,1.5065845492863597e-07,0.0003882228141671749
s55-132-7,u007,2025-07-09,variable,hazard,60,0.0010207670756032794,0,1.0419654226356712e-06,0.001021288413120908
s55-132-7,u007,2025-07-09,variable,hazard,120,0.003761811428412809,0,1.4151225222937218e-05,0.0037689048359866345
s55-132-7,u007,2025-07-09,variable,hazard_cal,30,0.0003400073113227764,0,1.1560497175294339e-07,0.00034006512691417347
s55-132-7,u007,2025-07-09,variable,hazard_cal,60,0.0008997719631973489,0,8.095895857560113e-07,0.0009001770009695407
s55-132-7,u007,2025-07-09,variable,hazard_cal,120,0.0033659093596773992,0,1.132934581756392e-05,0.003371586775945058
s55-132-40,u040,2025-07-09,variable,empirical,30,0.0011737089201877549,0,1.3775926293283055e-06,0.0011743982559415578
s55-132-40,u040,2025-07-09,variable,empirical,60,0.0046948356807511304,0,2.2041482069253932e-05,0.004705891037412617
s55-132-40,u040,2025-07-09,variable,empirical,120,0.017018779342723,0,0.0002896388503162951,0.017165263130094227
s55-132-40,u040,2025-07-09,variable,hazard,30,0.0007280984557475056,0,5.301273612619024e-07,0.000728363648160074
s55-132-40,u040,2025-07-09,variable,hazard,60,0.001914189648810627,0,3.6641220116137513e-06,0.001916024051119505
s55-132-40,u040,2025-07-09,variable,hazard,120,0.007044804724613329,0,4.9629273607934285e-05,0.00706973652352142
s55-132-40,u040,2025-07-09,variable,hazard_cal,30,0.0006460682934493756,0,4.1740423980058843e-07,0.0006462770855034032
s55-132-40,u040,2025-07-09,variable,hazard_cal,60,0.0017092262565109317,0,2.9214543959463736e-06,0.001710688650321071
s55-132-40,u040,2025-07-09,variable,hazard_cal,120,0.006385959644548356,0,4.0780480581800164e-05,0.006406437110237645
s55-133-41,u041,2025-07-10,regular,empirical,30,0.0011737089201877549,0,1.3775926293283055e-06,0.0011743982559415578
s55-133-41,u041,2025-07-10,regular,empirical,60,0.0046948356807511304,0,2.2041482069253932e-05,0.004705891037412617
s55-133-41,u041,2025-07-10,regular,empirical,120,0.017018779342723,0,0.0002896388503162951,0.017165263130094227
s55-133-41,u041,2025-07-10,regular,hazard,30,0.0010408040751852532,0,1.0832731229222302e-06,0.001041346087865356
s55-133-41,u041,2025-07-10,regular,hazard,60,0.002735518215832178,0,7.483059909149661e-06,0.002739266583165402
s55-133-41,u041,2025-07-10,regular,hazard,120,0.010055059272564226,0,0.00010110421697477983,0.010105952826929188
s55-133-41,u041,2025-07-10,regular,hazard_cal,30,0.0009303368160265002,0,8.655265912543261e-07,0.0009307698479199686
s55-133-41,u041,2025-07-10,regular,hazard_cal,60,0.002460634010162277,0,6.054719731967289e-06,0.0024636663453610117
s55-133-41,u041,2025-07-10,regular,hazard_cal,120,0.009182677544897544,0,8.432156689356559e-05,0.009225098218287658
s55-133-5,u005,2025-07-10,variable,empirical,30,0.0011737089201877549,0,1.3775926293283055e-06,0.0011743982559415578
s55-133-5,u005,2025-07-10,variable,empirical,60,0.0046948356807511304,0,2.2041482069253932e-05,0.004705891037412617
s55-133-5,u005,2025-07-10,variable,empirical,120,0.017018779342723,0,0.0002896388503162951,0.017165263130094227
s55-133-5,u005,2025-07-10,variable,hazard,30,0.00047099975015596485,0,2.218407646469813e-07,0.0004711107053795779
s55-133-5,u005,2025-07-10,variable,hazard,60,0.0012385617482133515,0,1.5340352041373136e-06,0.0012393293997367612
s55-133-5,u005,2025-07-10,variable,hazard,120,0.004562943372940609,0,2.082045222466262e-05,0.004573385375337691
s55-133-5,u005,2025-07-10,variable,hazard_cal,30,0.00041422167177873614,0,1.71579593371171e-07,0.00041430748527344604
s55-133-5,u005,2025-07-10,variable,hazard_cal,60,0.0010960924213604395,0,1.2014185961637911e-06,0.0010966935699749626
s55-133-5,u005,2025-07-10,variable,hazard_cal,120,0.004099070113506853,0,1.6802375795445085e-05,0.004107494330255597
s55-133-26,u026,2025-07-10,variable,empirical,30,0.0011737089201877549,0,1.3775926293283055e-06,0.0011743982559415578
s55-133-26,u026,2025-07-10,variable,empirical,60,0.0046948356807511304,0,2.2041482069253932e-05,0.004705891037412617
s55-133-26,u026,2025-07-10,variable,empirical,120,0.017018779342723,0,0.0002896388503162951,0.017165263130094227
s55-133-26,u026,2025-07-10,variable,hazard,30,0.0009723804224744947,0,9.455236860116769e-07,0.0009728534910107521
s55-133-26,u026,2025-07-10,variable,hazard,60,0.0025558420786023772,0,6.53232873075452e-06,0.0025591138188576566
s55-133-26,u026,2025-07-10,variable,hazard,120,0.00939716689622827,0,8.830674567556847e-05,0.009441598844433791
s55-133-26,u026,2025-07-10,variable,hazard_cal,30,0.0008679633915921192,0,7.533604491440944e-07,0.0008683402899217747
s55-133-26,u026,2025-07-10,variable,hazard_cal,60,0.0022957960560192614,0,5.270679530833596e-06,0.0022984354362109004
s55-133-26,u026,2025-07-10,variable,hazard_cal,120,0.008569712266437768,0,7.343996832953395e-05,0.008606643394736116
s55-133-37,u037,2025-07-10,variable,empirical,30,0.0011737089201877549,0,1.3775926293283055e-06,0.0011743982559415578
s55-133-37,u037,2025-07-10,variable,empirical,60,0.0046948356807511304,0,2.2041482069253932e-05,0.004705891037412617
s55-133-37,u037,2025-07-10,variable,empirical,120,0.017018779342723,1,0.9662520801648703,4.073437877402787
s55-133-37,u037,2025-07-10,variable,hazard,30,0.0035802314289364867,0,1.2818057084744597e-05,0.003586655795876117
s55-133-37,u037,2025-07-10,variable,hazard,60,0.009387993130971495,0,8.813441502716797e-05,0.009432338096864418
s55-133-37,u037,2025-07-10,variable,hazard,120,0.034162940194872315,1,0.9328412260930138,3.3766138424872243
s55-133-37,u037,2025-07-10,variable,hazard_cal,30,0.0032826639187191198,0,1.0775882403260367e-05,0.003288063680227225
s55-133-37,u037,2025-07-10,variable,hazard_cal,60,0.008663376422509916,0,7.505409103810071e-05,0.008701121626753704
s55-133-37,u037,2025-07-10,variable,hazard_cal,120,0.03202207839986371,1,0.9369812567053196,3.4413296640927453
s55-133-38,u038,2025-07-10,variable,empirical,30,0.0011737089201877549,0,1.3775926293283055e-06,0.0011743982559415578
s55-133-38,u038,2025-07-10,variable,empirical,60,0.0046948356807511304,0,2.2041482069253932e-05,0.004705891037412617
s55-133-38,u038,2025-07-10,variable,empirical,120,0.017018779342723,0,0.0002896388503162951,0.017165263130094227
s55-133-38,u038,2025-07-10,variable,hazard,30,0.0019724902557856083,0,3.890717809169175e-06,0.001974438176614918
s55-133-38,u038,2025-07-10,variable,hazard,60,0.0051798280849088,0,2.683061898920996e-05,0.005193289901120866
s55-133-38,u038,2025-07-10,variable,hazard,120,0.0189695416239416,0,0.0003598435094224529,0.019151771605124747
s55-133-38,u038,2025-07-10,variable,hazard_cal,30,0.0017864527722630807,0,3.1914135075264467e-06,0.001788050382003271
s55-133-38,u038,2025-07-10,variable,hazard_cal,60,0.004721218141631289,0,2.2289900740868404e-05,0.004732398295177217
s55-133-38,u038,2025-07-10,variable,hazard_cal,120,0.017557378347395236,0,0.00030826153443358305,0.017713337297670734
s55-133-47,u047,2025-07-10,regular,empirical,30,0.0011737089201877549,0,1.3775926293283055e-06,0.0011743982559415578
s55-133-47,u047,2025-07-10,regular,empirical,60,0.0046948356807511304,0,2.2041482069253932e-05,0.004705891037412617
s55-133-47,u047,2025-07-10,regular,empirical,120,0.017018779342723,0,0.0002896388503162951,0.017165263130094227
s55-133-47,u047,2025-07-10,regular,hazard,30,0.0011594025020279508,0,1.3442141617086724e-06,0.00116007512905604
s55-133-47,u047,2025-07-10,regular,hazard,60,0.003046896799120402,0,9.283580104490153e-06,0.003051548039475017
s55-133-47,u047,2025-07-10,regular,hazard,120,0.011194339050001445,0,0.00012531322676638724,0.011257467224307463
s55-133-47,u047,2025-07-10,regular,hazard_cal,30,0.0010386457278985795,0,1.07878494808197e-06,0.0010391854941555992
s55-133-47,u047,2025-07-10,regular,hazard_cal,60,0.0027468231505383134,0,7.545037420333226e-06,0.002750602591806209
s55-133-47,u047,2025-07-10,regular,hazard_cal,120,0.010246155839364834,0,0.0001049837094845501,0.010299009032098235
s55-133-49,u049,2025-07-10,regular,empirical,30,0.0011737089201877549,0,1.3775926293283055e-06,0.0011743982559415578
s55-133-49,u049,2025-07-10,regular,empirical,60,0.0046948356807511304,0,2.2041482069253932e-05,0.004705891037412617
s55-133-49,u049,2025-07-10,regular,empirical,120,0.017018779342723,0,0.0002896388503162951,0.017165263130094227
s55-133-49,u049,2025-07-10,regular,hazard,30,0.002176926077115171,0,4.739007145224048e-06,0.0021792990251348707
s55-133-49,u049,2025-07-10,regular,hazard,60,0.005715614599346885,0,3.266825024826726e-05,0.005732011232209811
s55-133-49,u049,2025-07-10,regular,hazard,120,0.02091476704490436,0,0.0004374274805426174,0.021136579000076573
s55-133-49,u049,2025-07-10,regular,hazard_cal,30,0.0019756138279848345,0,3.903049997324891e-06,0.0019775679271044912
s55-133-49,u049,2025-07-10,regular,hazard_cal,60,0.005220216444817072,0,2.7250659730738587e-05,0.005233889379224767
s55-133-49,u049,2025-07-10,regular,hazard_cal,120,0.019398109588471657,0,0.000376286655606356,0.019588721955799436
s55-133-12,u012,2025-07-10,variable,empirical,30,0.0011737089201877549,0,1.3775926293283055e-06,0.0011743982559415578
s55-133-12,u012,2025-07-10,variable,empirical,60,0.0046948356807511304,0,2.2041482069253932e-05,0.004705891037412617
s55-133-12,u012,2025-07-10,variable,empirical,120,0.017018779342723,0,0.0002896388503162951,0.017165263130094227
s55-133-12,u012,2025-07-10,variable,hazard,30,0.0027646148129648607,0,7.643095064064732e-06,0.0027684434185381037
s55-133-12,u012,2025-07-10,variable,hazard,60,0.007254715430495162,0,5.263089597746461e-05,0.007281158849087999
s55-133-12,u012,2025-07-10,variable,hazard,120,0.026485077308673777,0,0.0007014593200464266,0.026842125379997604
s55-133-12,u012,2025-07-10,variable,hazard_cal,30,0.002521343203731541,0,6.35717155100323e-06,0.0025245271425013006
s55-133-12,u012,2025-07-10,variable,hazard_cal,60,0.006658845466537389,0,4.434022294722553e-05,0.006681114490388641
s55-133-12,u012,2025-07-10,variable,hazard_cal,120,0.024689089054314772,0,0.0006095511183318855,0.024998975795458764
s55-133-21,u021,2025-07-10,regular,empirical,30,0.0011737089201877549,0,1.3775926293283055e-06,0.0011743982559415578
s55-133-21,u021,2025-07-10,regular,empirical,60,0.0046948356807511304,0,2.2041482069253932e-05,0.004705891037412617
s55-133-21,u021,2025-07-10,regular,empirical,120,0.017018779342723,0,0.0002896388503162951,0.017165263130094227
s55-133-21,u021,2025-07-10,regular,hazard,30,0.0019049255270882082,0,3.6287412637522876e-06,0.0019067422051776714
s55-133-21,u021,2025-07-10,regular,hazard,60,0.005002709963664476,0,2.502710698054782e-05,0.005015265408825575
s55-133-21,u021,2025-07-10,regular,hazard,120,0.018325801847486334,0,0.0003358350133533335,0.018495799452210766
s55-133-21,u021,2025-07-10,regular,hazard_cal,30,0.0017240234753373995,0,2.972256943514445e-06,0.0017255113141010335
s55-133-21,u021,2025-07-10,regular,hazard_cal,60,0.004556494074370088,0,2.0761638249769723e-05,0.004566906535077906
s55-133-21,u021,2025-07-10,regular,hazard_cal,120,0.01694911031945956,0,0.00028727234062121053,0.01709439040840645
s55-133-27,u027,2025-07-10,variable,empirical,30,0.0011737089201877549,0,1.3775926293283055e-06,0.0011743982559415578
s55-133-27,u027,2025-07-10,variable,empirical,60,0.0046948356807511304,0,2.2041482069253932e-05,0.004705891037412617
s55-133-27,u027,2025-07-10,variable,empirical,120,0.017018779342723,0,0.0002896388503162951,0.017165263130094227
s55-133-27,u027,2025-07-10,variable,hazard,30,0.001455565234504741,0,2.1186701518988417e-06,0.001456625598658395
s55-133-27,u027,2025-07-10,variable,hazard,60,0.0038241729564051363,0,1.46242988005004e-05,0.00383150380138634
s55-133-27,u027,2025-07-10,variable,hazard,120,0.014033573573047131,0,0.0001969411872301268,0.014132975236149542
s55-133-27,u027,2025-07-10,variable,hazard_cal,30,0.0013100689731759818,0,1.7162807144783713e-06,0.0013109278637524363
s55-133-27,u027,2025-07-10,variable,hazard_cal,60,0.00346376380781388,0,1.199765971632131e-05,0.0034697765261111745
s55-133-27,u027,2025-07-10,variable,hazard_cal,120,0.012906172277066474,0,0.00016656928284531923,0.01299018051783685
s55-133-45,u045,2025-07-10,regular,empirical,30,0.0011737089201877549,0,1.3775926293283055e-06,0.0011743982559415578
s55-133-45,u045,2025-07-10,regular,empirical,60,0.0046948356807511304,0,2.2041482069253932e-05,0.004705891037412617
s55-133-45,u045,2025-07-10,regular,empirical,120,0.017018779342723,0,0.0002896388503162951,0.017165263130094227
s55-133-45,u045,2025-07-10,regular,hazard,30,0.001221562565592027,0,1.4922151016557754e-06,0.0012223092813114453
s55-133-45,u045,2025-07-10,regular,hazard,60,0.0032100702157598082,0,1.0304550790108221e-05,0.0032152335438796844
s55-133-45,u045,2025-07-10,regular,hazard,120,0.011790933280526605,0,0.0001390261076258299,0.01186099762828933
s55-133-45,u045,2025-07-10,regular,hazard_cal,30,0.0010955056735857394,0,1.2001326808585445e-06,0.0010961061785372845
s55-133-45,u045,2025-07-10,regular,hazard_cal,60,0.002897043560309287,0,8.39286139032951e-06,0.0029012481134837427
s55-133-45,u045,2025-07-10,regular,hazard_cal,120,0.010803997599725723,0,0.00011672636413487918,0.010862784588215364
s55-133-6,u006,2025-07-10,variable,empirical,30,0.0011737089201877549,0,1.3775926293283055e-06,0.0011743982559415578
s55-133-6,u006,2025-07-10,variable,empirical,60,0.0046948356807511304,0,2.2041482069253932e-05,0.004705891037412617
s55-133-6,u006,2025-07-10,variable,empirical,120,0.017018779342723,0,0.0002896388503162951,0.017165263130094227
s55-133-6,u006,2025-07-10,variable,hazard,30,0.0004312821795668942,0,1.8600431841197077e-07,0.0004313752084748685
s55-133-6,u006,2025-07-10,variable,hazard,60,0.0011341598727167002,0,1.2863186168807614e-06,0.0011348035187361564
s55-133-6,u006,2025-07-10,variable,hazard,120,0.004178979283486983,0,1.746386785181338e-05,0.004187735620962679
s55-133-6,u006,2025-07-10,variable,hazard_cal,30,0.0003786082863491691,0,1.4334423449225443e-07,0.000378679976561992
s55-133-6,u006,2025-07-10,variable,hazard_cal,60,0.0010018871197562396,0,1.0037778007334534e-06,0.0010023893441327173
s55-133-6,u006,2025-07-10,variable,hazard_cal,120,0.0037473150204817562,0,1.4042369862728185e-05,0.0037543537952529097
s55-133-30,u030,2025-07-10,variable,empirical,30,0.0011737089201877549,0,1.3775926293283055e-06,0.0011743982559415578
s55-133-30,u030,2025-07-10,variable,empirical,60,0.0046948356807511304,0,2.2041482069253932e-05,0.004705891037412617
s55-133-30,u030,2025-07-10,variable,empirical,120,0.017018779342723,0,0.0002896388503162951,0.017165263130094227
s55-133-30,u030,2025-07-10,variable,hazard,30,0.0011275571816340424,0,1.2713851978545048e-06,0.0011281933524906098
s55-133-30,u030,2025-07-10,variable,hazard,60,0.0029632939750678933,0,8.781111182673676e-06,0.0029676932236533077
s55-133-30,u030,2025-07-10,variable,hazard,120,0.010888556402229965,0,0.00011856066052454316,0.010948270595687854
s55-133-30,u030,2025-07-10,variable,hazard_cal,30,0.001009539842039997,0,1.0191706926661422e-06,0.0010100497706106906
s55-133-30,u030,2025-07-10,variable,hazard_cal,60,0.0026699211014103996,0,7.1284786877565214e-06,0.0026734916976438317
s55-133-30,u030,2025-07-10,variable,hazard_cal,120,0.009960480544304429,0,9.921117267346705e-05,0.010010418008112493
s55-133-4,u004,2025-07-10,variable,empirical,30,0.0011737089201877549,0,1.3775926293283055e-06,0.0011743982559415578
s55-133-4,u004,2025-07-10,variable,empirical,60,0.0046948356807511304,0,2.2041482069253932e-05,0.004705891037412617
s55-133-4,u004,2025-07-10,variable,empirical,120,0.017018779342723,0,0.0002896388503162951,0.017165263130094227
s55-133-4,u004,2025-07-10,variable,hazard,30,0.0009509125383876382,0,9.042346556628216e-07,0.0009513649425360593
s55-133-4,u004,2025-07-10,variable,hazard,60,0.0024994641496591807,0,6.247321035431492e-06,0.002502593024938689
s55-133-4,u004,2025-07-10,variable,hazard,120,0.009190662772258995,0,8.44682821933874e-05,0.009233157483460012
s55-133-4,u004,2025-07-10,variable,hazard_cal,30,0.0008484120884649782,0,7.19803071853506e-07,0.0008487721936937312
s55-133-4,u004,2025-07-10,variable,hazard_cal,60,0.0022441227443631417,0,5.036086891767959e-06,0.0022466445613600183
s55-133-4,u004,2025-07-10,variable,hazard_cal,120,0.00837749584779468,0,7.018243667981712e-05,0.008412784290196313
s55-133-10,u010,2025-07-10,variable,empirical,30,0.0011737089201877549,0,1.3775926293283055e-06,0.0011743982559415578
s55-133-10,u010,2025-07-10,variable,empirical,60,0.0046948356807511304,0,2.2041482069253932e-05,0.004705891037412617
s55-133-10,u010,2025-07-10,variable,empirical,120,0.017018779342723,0,0.0002896388503162951,0.017165263130094227
s55-133-10,u010,2025-07-10,variable,hazard,30,0.0006354177586970211,0,4.0375572806754577e-07,0.0006356197221196835
s55-133-10,u010,2025-07-10,variable,hazard,60,0.0016706713293628273,0,2.7911426907549566e-06,0.0016720684570191208
s55-133-10,u010,2025-07-10,variable,hazard,120,0.006150845700386043,0,3.783290282995747e-05,0.0061698400795189064
s55-133-10,u010,2025-07-10,variable,hazard_cal,30,0.0005622580016861889,0,3.161340604601464e-07,0.0005624161279910504
s55-133-10,u010,2025-07-10,variable,hazard_cal,60,0.0014876147450865185,0,2.2129976297988275e-06,0.0014887223424898514
s55-133-10,u010,2025-07-10,variable,hazard_cal,120,0.005559885352129368,0,3.091232512882271e-05,0.005575399044315489
s55-133-16,u016,2025-07-10,variable,empirical,30,0.0011737089201877549,0,1.3775926293283055e-06,0.0011743982559415578
s55-133-16,u016,2025-07-10,variable,empirical,60,0.0046948356807511304,0,2.2041482069253932e-05,0.004705891037412617
s55-133-16,u016,2025-07-10,variable,empirical,120,0.017018779342723,0,0.0002896388503162951,0.017165263130094227
s55-133-16,u016,2025-07-10,variable,hazard,30,0.0006796632153873716,0,4.619420863507007e-07,0.0006798942911389382
s55-133-16,u016,2025-07-10,variable,hazard,60,0.0017869313179671442,0,3.1931235351317953e-06,0.001788529784251518
s55-133-16,u016,2025-07-10,variable,hazard,120,0.006577719854629072,0,4.326639848598149e-05,0.0065994483890930745
s55-133-16,u016,2025-07-10,variable,hazard_cal,30,0.0006022395026621385,0,3.6269241856673996e-07,0.0006024209217135581
s55-133-16,u016,2025-07-10,variable,hazard_cal,60,0.001593338282805834,0,2.538726883454644e-06,0.0015946089962111459
s55-133-16,u016,2025-07-10,variable,hazard_cal,120,0.005954048793073263,0,3.5450697030297184e-05,0.005971844815673697
s55-133-19,u019,2025-07-10,regular,empirical,30,0.0011737089201877549,0,1.3775926293283055e-06,0.0011743982559415578
s55-133-19,u019,2025-07-10,regular,empirical,60,0.0046948356807511304,0,2.2041482069253932e-05,0.004705891037412617
s55-133-19,u019,2025-07-10,regular,empirical,120,0.017018779342723,0,0.0002896388503162951,0.017165263130094227
s55-133-19,u019,2025-07-10,regular,hazard,30,0.007480978193287413,0,5.5965034728441806e-05,0.007509101056123324
s55-133-19,u019,2025-07-10,regular,hazard,60,0.01954653163593767,0,0.00038206689899471214,0.019740091520238534
s55-133-19,u019,2025-07-10,regular,hazard,120,0.07004878143241111,0,0.004906831780165703,0.0726231473636804
s55-133-19,u019,2025-07-10,regular,hazard_cal,30,0.006964871208282042,0,4.850943094795615e-05,0.006989239135990593
s55-133-19,u019,2025-07-10,regular,hazard_cal,60,0.018318611557727515,0,0.0003355715294029081,0.018488474961621346
s55-133-19,u019,2025-07-10,regular,hazard_cal,120,0.06670984650233847,0,0.00445020362036556,0.06903913666681674
s55-133-29,u029,2025-07-10,regular,empirical,30,0.0011737089201877549,0,1.3775926293283055e-06,0.0011743982559415578
s55-133-29,u029,2025-07-10,regular,empirical,60,0.0046948356807511304,0,2.2041482069253932e-05,0.004705891037412617
s55-133-29,u029,2025-07-10,regular,empirical,120,0.017018779342723,0,0.0002896388503162951,0.017165263130094227
s55-133-29,u029,2025-07-10,regular,hazard,30,0.001525676013147903,0,2.3276872970948805e-06,0.0015268410419181963
s55-133-29,u029,2025-07-10,regular,hazard,60,0.00400811631285658,0,1.6064996377387027e-05,0.0040161703392318955
s55-133-29,u029,2025-07-10,regular,hazard,120,0.014704504451265477,0,0.00021622245115728622,0.014813687318746141
s55-133-29,u029,2025-07-10,regular,hazard_cal,30,0.0013744998338734993,0,1.889249793318277e-06,0.0013754453252546326
s55-133-29,u029,2025-07-10,regular,hazard_cal,60,0.0036338993117874807,0,1.3205224208209525e-05,0.0036405179630982455
s55-133-29,u029,2025-07-10,regular,hazard_cal,120,0.013536547959799639,0,0.00018323813066795577,0.013629002315040016
s55-133-31,u031,2025-07-10,regular,empirical,30,0.0011737089201877549,0,1.3775926293283055e-06,0.0011743982559415578
s55-133-31,u031,2025-07-10,regular,empirical,60,0.0046948356807511304,0,2.2041482069253932e-05,0.004705891037412617
s55-133-31,u031,2025-07-10,regular,empirical,120,0.017018779342723,0,0.0002896388503162951,0.017165263130094227
s55-133-31,u031,2025-07-10,regular,hazard,30,0.0018107388649409861,0,3.278775237007771e-06,0.0018123802342528978
s55-133-31,u031,2025-07-10,regular,hazard,60,0.004755766979228748,0,2.2617319560722533e-05,0.00476711162161723
s55-133-31,u031,2025-07-10,regular,hazard,120,0.017427705112017633,0,0.00030372490547144555,0.017581355362598073
s55-133-31,u031,2025-07-10,regular,hazard_cal,30,0.0016370724899867906,0,2.6800063374715506e-06,0.0016384139574083724
s55-133-31,u031,2025-07-10,regular,hazard_cal,60,0.004327036050606248,0,1.8723240983246115e-05,0.004336424764421857
s55-133-31,u031,2025-07-10,regular,hazard_cal,120,0.01610128493419738,0,0.0002592513765322115,0.016232319071425923
s55-133-54,u054,2025-07-10,new,empirical,30,0.0011737089201877549,0,1.3775926293283055e-06,0.0011743982559415578
s55-133-54,u054,2025-07-10,new,empirical,60,0.0046948356807511304,0,2.2041482069253932e-05,0.004705891037412617
s55-133-54,u054,2025-07-10,new,empirical,120,0.017018779342723,0,0.0002896388503162951,0.017165263130094227
s55-133-54,u054,2025-07-10,new,hazard,30,0.001458723230106873,0,2.1278734620534296e-06,0.001459788202630667
s55-133-54,u054,2025-07-10,new,hazard,60,0.003832458813838202,0,1.4687740559766119e-05,0.003839821501603322
s55-133-54,u054,2025-07-10,new,hazard,120,0.014063804165691973,0,0.0001977905876109349,0.01416363658048362
s55-133-54,u054,2025-07-10,new,hazard_cal,30,0.0013129697735909662,0,1.723889626363513e-06,0.0013138324736195355
s55-133-54,u054,2025-07-10,new,hazard_cal,60,0.003471424069898532,0,1.2050785073070888e-05,0.003477463443303328
s55-133-54,u054,2025-07-10,new,hazard_cal,120,0.012934561754236462,0,0.00016730288777415663,0.013018941598729697
s55-133-0,u000,2025-07-10,variable,empirical,30,0.0011737089201877549,0,1.3775926293283055e-06,0.0011743982559415578
s55-133-0,u000,2025-07-10,variable,empirical,60,0.0046948356807511304,0,2.2041482069253932e-05,0.004705891037412617
s55-133-0,u000,2025-07-10,variable,empirical,120,0.017018779342723,0,0.0002896388503162951,0.017165263130094227
s55-133-0,u000,2025-07-10,variable,hazard,30,0.0006668927694548632,0,4.447459659511773e-07,0.0006671152413532713
s55-133-0,u000,2025-07-10,variable,hazard,60,0.0017533764797882379,0,3.074329079874593e-06,0.0017549154435131358
s55-133-0,u000,2025-07-10,variable,hazard,120,0.006454531291462007,0,4.16609741924622e-05,0.006475451848740613
s55-133-0,u000,2025-07-10,variable,hazard_cal,30,0.0005906941017929102,0,3.489195218929329e-07,0.0005908686302858751
s55-133-0,u000,2025-07-10,variable,hazard_cal,60,0.0015628094520544478,0,2.4423733834307233e-06,0.00156403191256073
s55-133-0,u000,2025-07-10,variable,hazard_cal,120,0.005840243018640501,0,3.410843851677911e-05,0.0058573639306341305
s55-133-2,u002,2025-07-10,variable,empirical,30,0.0011737089201877549,0,1.3775926293283055e-06,0.0011743982559415578
s55-133-2,u002,2025-07-10,variable,empirical,60,0.0046948356807511304,0,2.2041482069253932e-05,0.004705891037412617
s55-133-2,u002,2025-07-10,variable,empirical,120,0.017018779342723,0,0.0002896388503162951,0.017165263130094227
s55-133-2,u002,2025-07-10,variable,hazard,30,0.0006335628604572374,0,4.014018981507569e-07,0.0006337636462177257
s55-133-2,u002,2025-07-10,variable,hazard,60,0.0016657971668812,0,2.774880201189432e-06,0.0016671861497052128
s55-133-2,u002,2025-07-10,variable,hazard,120,0.006132945859324002,0,3.7613024913399415e-05,0.006151829620091632
s55-133-2,u002,2025-07-10,variable,hazard_cal,30,0.0005605830827469793,0,3.1425339266210667e-07,0.0005607402681897222
s55-133-2,u002,2025-07-10,variable,hazard_cal,60,0.0014831855670064398,0,2.1998394261762144e-06,0.0014842865755208174
s55-133-2,u002,2025-07-10,variable,hazard_cal,120,0.005543369468814174,0,3.072894506778114e-05,0.005558790959098792
s55-133-43,u043,2025-07-10,regular,empirical,30,0.0011737089201877549,0,1.3775926293283055e-06,0.0011743982559415578
s55-133-43,u043,2025-07-10,regular,empirical,60,0.0046948356807511304,0,2.2041482069253932e-05,0.004705891037412617
s55-133-43,u043,2025-07-10,regular,empirical,120,0.017018779342723,0,0.0002896388503162951,0.017165263130094227
s55-133-43,u043,2025-07-10,regular,hazard,30,0.0043019393684816665,0,1.850668233009244e-05,0.004311219333775208
s55-133-43,u043,2025-07-10,regular,hazard,60,0.011272990783776304,0,0.0001270803212111055,0.01133701254358628
s55-133-43,u043,2025-07-10,regular,hazard,120,0.04090594625661759,0,0.0016732964391492863,0.0417661340971009
s55-133-43,u043,2025-07-10,regular,hazard_cal,30,0.003959398568685879,0,1.5676837025711787e-05,0.003967257739116826
s55-133-43,u043,2025-07-10,regular,hazard_cal,60,0.010442819728194053,0,0.00010905248387555891,0.010497728573442467
s55-133-43,u043,2025-07-10,regular,hazard_cal,120,0.038493523896183435,0,0.0014817513819460452,0.03925397855859953
s55-133-57,u057,2025-07-10,new,empirical,30,0.0011737089201877549,0,1.3775926293283055e-06,0.0011743982559415578
s55-133-57,u057,2025-07-10,new,empirical,60,0.0046948356807511304,0,2.2041482069253932e-05,0.004705891037412617
s55-133-57,u057,2025-07-10,new,empirical,120,0.017018779342723,0,0.0002896388503162951,0.017165263130094227
s55-133-57,u057,2025-07-10,new,hazard,30,0.0014418589021187866,0,2.078957093619193e-06,0.0014428993809349573
s55-133-57,u057,2025-07-10,new,hazard,60,0.003788210123093272,0,1.4350535936706342e-05,0.0037954035636511194
s55-133-57,u057,2025-07-10,new,hazard,120,0.013902355937397304,0,0.00019327550061008607,0.013999898793241781
s55-133-57,u057,2025-07-10,new,hazard_cal,30,0.001297480428155584,0,1.6834554614467978e-06,0.0012983228846790535
s55-133-57,u057,2025-07-10,new,hazard_cal,60,0.0034305202459147255,0,1.1768469157630829e-05,0.003436417972536956
s55-133-57,u057,2025-07-10,new,hazard_cal,120,0.012782961463583264,0,0.0001634041037794548,0.012865366522484024
s55-133-20,u020,2025-07-10,regular,empirical,30,0.0011737089201877549,0,1.3775926293283055e-06,0.0011743982559415578
s55-133-20,u020,2025-07-10,regular,empirical,60,0.0046948356807511304,0,2.2041482069253932e-05,0.004705891037412617
s55-133-20,u020,2025-07-10,regular,empirical,120,0.017018779342723,0,0.0002896388503162951,0.017165263130094227
s55-133-20,u020,2025-07-10,regular,hazard,30,0.0008362856480196301,0,6.993736850836127e-07,0.0008366355299432598
s55-133-20,u020,2025-07-10,regular,hazard,60,0.0021983990049442292,0,4.832958184939777e-06,0.002200819031476514
s55-133-20,u020,2025-07-10,regular,hazard,120,0.008087308348533218,0,6.540455632425508e-05,0.008120188018705203
s55-133-20,u020,2025-07-10,regular,hazard_cal,30,0.0007441776296814862,0,5.538003445183551e-07,0.0007444546673057406
s55-133-20,u020,2025-07-10,regular,hazard_cal,60,0.001968603650354006,0,3.875400332187118e-06,0.001970543897323118
s55-133-20,u020,2025-07-10,regular,hazard_cal,120,0.007352089952534668,0,5.405322667016122e-05,0.00737924976869183
s55-133-59,u059,2025-07-10,new,empirical,30,0.0011737089201877549,0,1.3775926293283055e-06,0.0011743982559415578
s55-133-59,u059,2025-07-10,new,empirical,60,0.0046948356807511304,0,2.2041482069253932e-05,0.004705891037412617
s55-133-59,u059,2025-07-10,new,empirical,120,0.017018779342723,0,0.0002896388503162951,0.017165263130094227
s55-133-59,u059,2025-07-10,new,hazard,30,0.0005091835000705647,0,2.592678367441107e-07,0.0005093131780107167
s55-133-59,u059,2025-07-10,new,hazard,60,0.0013389246588684234,0,1.7927192421259239e-06,0.0013398218193991418
s55-133-59,u059,2025-07-10,new,hazard,120,0.0049319388543237475,0,2.432402086278824e-05,0.004944141001450181
s55-133-59,u059,2025-07-10,new,hazard_cal,30,0.000448518004834364,0,2.0116840066059857e-07,0.00044861861912069836
s55-133-59,u059,2025-07-10,new,hazard_cal,60,0.0011868079539557597,0,1.4085131195726565e-06,0.0011875127682235192
s55-133-59,u059,2025-07-10,new,hazard_cal,120,0.004437697812629482,0,1.9693161876216488e-05,0.004447573621635358
s55-133-11,u011,2025-07-10,variable,empirical,30,0.0011737089201877549,0,1.3775926293283055e-06,0.0011743982559415578
s55-133-11,u011,2025-07-10,variable,empirical,60,0.0046948356807511304,0,2.2041482069253932e-05,0.004705891037412617
s55-133-11,u011,2025-07-10,variable,empirical,120,0.017018779342723,0,0.0002896388503162951,0.017165263130094227
s55-133-11,u011,2025-07-10,variable,hazard,30,0.0017590406448095841,0,3.0942239900921173e-06,0.0017605895734901466
s55-133-11,u011,2025-07-10,variable,hazard,60,0.004620204066643763,0,2.1346285617431563e-05,0.004630910198523008
s55-133-11,u011,2025-07-10,variable,hazard,120,0.01693439614337089,0,0.00028677377274061486,0.0170794226522869
s55-133-11,u011,2025-07-10,variable,hazard_cal,30,0.0015893853117897594,0,2.5261456693330307e-06,0.0015906497245614176
s55-133-11,u011,2025-07-10,variable,hazard_cal,60,0.004201176969455767,0,1.764988792868554e-05,0.004210026708329974
s55-133-11,u011,2025-07-10,variable,hazard_cal,120,0.015635991657374282,0,0.00024448423510947816,0.015759523158607097
s55-134-53,u053,2025-07-11,regular,empirical,30,0.0011737089201877549,0,1.3775926293283055e-06,0.0011743982559415578
s55-134-53,u053,2025-07-11,regular,empirical,60,0.0046948356807511304,0,2.2041482069253932e-05,0.004705891037412617
s55-134-53,u053,2025-07-11,regular,empirical,120,0.017018779342723,0,0.0002896388503162951,0.017165263130094227
s55-134-53,u053,2025-07-11,regular,hazard,30,0.003956737484348438,0,1.5655771520048008e-05,0.003964586080171534
s55-134-53,u053,2025-07-11,regular,hazard,60,0.010371684196615938,0,0.00010757183307433279,0.010425844930651216
s55-134-53,u053,2025-07-11,regular,hazard,120,0.03768661442312138,0,0.0014202809066770202,0.038415116733277785
s55-134-53,u053,2025-07-11,regular,hazard_cal,30,0.0036353852429578115,0,1.3216025864715426e-05,0.003642009314798517
s55-134-53,u053,2025-07-11,regular,hazard_cal,60,0.009591120107250384,0,9.198958491170261e-05,0.009637411125975989
s55-134-53,u053,2025-07-11,regular,hazard_cal,120,0.03540054161107198,0,0.0012531983463572385,0.03604233283516108
s55-134-21,u021,2025-07-11,regular,empirical,30,0.0011737089201877549,0,1.3775926293283055e-06,0.0011743982559415578
s55-134-21,u021,2025-07-11,regular,empirical,60,0.0046948356807511304,0,2.2041482069253932e-05,0.004705891037412617
s55-134-21,u021,2025-07-11,regular,empirical,120,0.017018779342723,0,0.0002896388503162951,0.017165263130094227
s55-134-21,u021,2025-07-11,regular,hazard,30,0.0022978895258820575,0,5.280296273158467e-06,0.002300533725514357
s55-134-21,u021,2025-07-11,regular,hazard,60,0.006032541800275348,0,3.639156057206934e-05,0.006050811091123821
s55-134-21,u021,2025-07-11,regular,hazard,120,0.022063915910804255,0,0.00048681638531904116,0.022310964774994186
s55-134-21,u021,2025-07-11,regular,hazard_cal,30,0.0020877150799725186,0,4.3585542551446595e-06,0.002089897394997101
s55-134-21,u021,2025-07-11,regular,hazard_cal,60,0.005515851903223679,0,3.0424622218296278e-05,0.005531120386009899
s55-134-21,u021,2025-07-11,regular,hazard_cal,120,0.02048732298232514,0,0.00041973040298210786,0.0207000993457392
s55-134-11,u011,2025-07-11,variable,empirical,30,0.0011737089201877549,0,1.3775926293283055e-06,0.0011743982559415578
s55-134-11,u011,2025-07-11,variable,empirical,60,0.0046948356807511304,0,2.2041482069253932e-05,0.004705891037412617
s55-134-11,u011,2025-07-11,variable,empirical,120,0.017018779342723,0,0.0002896388503162951,0.017165263130094227
s55-134-11,u011,2025-07-11,variable,hazard,30,0.0022752053912152848,0,5.176559572215097e-06,0.0022777976036248834
s55-134-11,u011,2025-07-11,variable,hazard,60,0.005973114161096915,0,3.56780927814965e-05,0.005991024563687926
s55-134-11,u011,2025-07-11,variable,hazard,120,0.02184852086846656,0,0.0004773578641398187,0.02209073430345678
s55-134-11,u011,2025-07-11,variable,hazard_cal,30,0.0020666833468588885,0,4.271180056183857e-06,0.00206882188384751
s55-134-11,u011,2025-07-11,variable,hazard_cal,60,0.0054603913169271046,0,2.981587333397292e-05,0.0054753537455945675
s55-134-11,u011,2025-07-11,variable,hazard_cal,120,0.020283064913162008,0,0.00041140272227154374,0.02049159078845606
s55-134-32,u032,2025-07-11,variable,empirical,30,0.0011737089201877549,0,1.3775926293283055e-06,0.0011743982559415578
s55-134-32,u032,2025-07-11,variable,empirical,60,0.0046948356807511304,0,2.2041482069253932e-05,0.004705891037412617
s55-134-32,u032,2025-07-11,variable,empirical,120,0.017018779342723,0,0.0002896388503162951,0.017165263130094227
s55-134-32,u032,2025-07-11,variable,hazard,30,0.0008031471589191597,0,6.450453588799179e-07,0.0008034698543914698
s55-134-32,u032,2025-07-11,variable,hazard,60,0.002111349681922392,0,4.457797479353786e-06,0.0021135817229615615
s55-134-32,u032,2025-07-11,variable,hazard,120,0.007768099425407793,0,6.034336868302088e-05,0.007798428276869802
s55-134-32,u032,2025-07-11,variable,hazard_cal,30,0.0007140966493980327,0,5.099340246814969e-07,0.000714351737856145
s55-134-32,u032,2025-07-11,variable,hazard_cal,60,0.001889081813434501,0,3.568630097848983e-06,0.0018908683788167637
s55-134-32,u032,2025-07-11,variable,hazard_cal,120,0.0070559690176659196,0,4.978669877826136e-05,0.007080980088053892
s55-134-16,u016,2025-07-11,variable,empirical,30,0.0011737089201877549,0,1.3775926293283055e-06,0.0011743982559415578
s55-134-16,u016,2025-07-11,variable,empirical,60,0.0046948356807511304,0,2.2041482069253932e-05,0.004705891037412617
s55-134-16,u016,2025-07-11,variable,empirical,120,0.017018779342723,0,0.0002896388503162951,0.017165263130094227
s55-134-16,u016,2025-07-11,variable,hazard,30,0.0004225425242001535,0,1.785421847574373e-07,0.000422631820447726
s55-134-16,u016,2025-07-11,variable,hazard,60,0.0011111857368365508,0,1.2347337417489882e-06,0.0011118035614284137
s55-134-16,u016,2025-07-11,variable,hazard,120,0.004094469855801863,0,1.676468340007013e-05,0.0041028751488267675
s55-134-16,u016,2025-07-11,variable,hazard_cal,30,0.0003707805574313383,0,1.3747822176909397e-07,0.0003708493135383666
s55-134-16,u016,2025-07-11,variable,hazard_cal,60,0.0009811802079736642,0,9.62714600519243e-07,0.0009816618803713147
s55-134-16,u016,2025-07-11,variable,hazard_cal,120,0.0036699833175112273,0,1.3468777550810714e-05,0.0036767342285018256
s55-134-2,u002,2025-07-11,variable,empirical,30,0.0011737089201877549,0,1.3775926293283055e-06,0.0011743982559415578
s55-134-2,u002,2025-07-11,variable,empirical,60,0.0046948356807511304,0,2.2041482069253932e-05,0.004705891037412617
s55-134-2,u002,2025-07-11,variable,empirical,120,0.017018779342723,0,0.0002896388503162951,0.017165263130094227
s55-134-2,u002,2025-07-11,variable,hazard,30,0.0004730860075848886,0,2.238103705726093e-07,0.00047319794807655397
s55-134-2,u002,2025-07-11,variable,hazard,60,0.001244045488904777,0,1.5476491784643256e-06,0.0012448199558754032
s55-134-2,u002,2025-07-11,variable,hazard,120,0.004583107853306179,0,2.100487759503677e-05,0.004593642492017374
s55-134-2,u002,2025-07-11,variable,hazard_cal,30,0.0004160940984748729,0,1.7313429878561722e-07,0.0004161806896451487
s55-134-2,u002,2025-07-11,variable,hazard_cal,60,0.0011010452332329557,0,1.2123006056250137e-06,0.0011016518288361112
s55-134-2,u002,2025-07-11,variable,hazard_cal,120,0.00411756068225011,0,1.695430597201199e-05,0.0041260611774636595
s55-134-23,u023,2025-07-11,variable,empirical,30,0.0011737089201877549,0,1.3775926293283055e-06,0.0011743982559415578
s55-134-23,u023,2025-07-11,variable,empirical,60,0.0046948356807511304,0,2.2041482069253932e-05,0.004705891037412617
s55-134-23,u023,2025-07-11,variable,empirical,120,0.017018779342723,0,0.0002896388503162951,0.017165263130094227
s55-134-23,u023,2025-07-11,variable,hazard,30,0.0010822536119298176,0,1.1712728805351364e-06,0.0010828396712514543
s55-134-23,u023,2025-07-11,variable,hazard,60,0.0028443511044884406,0,8.090333205604612e-06,0.0028484039580746684
s55-134-23,u023,2025-07-11,variable,hazard,120,0.010453381873681722,0,0.00010927319259701758,0.010508402238458236
s55-134-23,u023,2025-07-11,variable,hazard_cal,30,0.0009681627216595601,0,9.373390556112468e-07,0.0009686316939060975
s55-134-23,u023,2025-07-11,variable,hazard_cal,60,0.0025605894994628065,0,6.556618584759186e-06,0.0025638734157941274
s55-134-23,u023,2025-07-11,variable,hazard_cal,120,0.009554219029263233,0,9.128310125913568e-05,0.009600153392008436
s55-134-25,u025,2025-07-11,variable,empirical,30,0.0011737089201877549,0,1.3775926293283055e-06,0.0011743982559415578
s55-134-25,u025,2025-07-11,variable,empirical,60,0.0046948356807511304,0,2.2041482069253932e-05,0.004705891037412617
s55-134-25,u025,2025-07-11,variable,empirical,120,0.017018779342723,0,0.0002896388503162951,0.017165263130094227
s55-134-25,u025,2025-07-11,variable,hazard,30,0.000961205680133137,0,9.239163595202065e-07,0.0009616679345510177
s55-134-25,u025,2025-07-11,variable,hazard,60,0.0025264957819502998,0,6.3831809362126565e-06,0.0025296927583185248
s55-134-25,u025,2025-07-11,variable,hazard,120,0.009289680093127806,0,8.629815623265503e-05,0.009333098274453134
s55-134-25,u025,2025-07-11,variable,hazard_cal,30,0.0008577851716978779,0,7.35795400784758e-07,0.0008581532799185067
s55-134-25,u025,2025-07-11,variable,hazard_cal,60,0.002268895661776571,0,5.147887524028544e-06,0.00227147350551571
s55-134-25,u025,2025-07-11,variable,hazard_cal,120,0.008469650957618535,0,7.173498734388857e-05,0.008505722269981116
s55-134-4,u004,2025-07-11,variable,empirical,30,0.0011737089201877549,0,1.3775926293283055e-06,0.0011743982559415578
s55-134-4,u004,2025-07-11,variable,empirical,60,0.0046948356807511304,0,2.2041482069253932e-05,0.004705891037412617
s55-134-4,u004,2025-07-11,variable,empirical,120,0.017018779342723,0,0.0002896388503162951,0.017165263130094227
s55-134-4,u004,2025-07-11,variable,hazard,30,0.0009664197253856921,0,9.339670856145565e-07,0.0009668870100148132
s55-134-4,u004,2025-07-11,variable,hazard,60,0.002540188603563198,0,6.4525581416723506e-06,0.00254342035663566
s55-134-4,u004,2025-07-11,variable,hazard,120,0.009339834036141581,0,8.723249982266874e-05,0.009383723781779641
s55-134-4,u004,2025-07-11,variable,hazard_cal,30,0.0008625339461902914,0,7.439648083305966e-07,0.0008629061426312239
s55-134-4,u004,2025-07-11,variable,hazard_cal,60,0.0022814464368468013,0,5.204997844200966e-06,0.0022840529008622164
s55-134-4,u004,2025-07-11,variable,hazard_cal,120,0.008516337071565183,0,7.252799711651545e-05,0.008552808285181658
s55-134-5,u005,2025-07-11,variable,empirical,30,0.0011737089201877549,0,1.3775926293283055e-06,0.0011743982559415578
s55-134-5,u005,2025-07-11,variable,empirical,60,0.0046948356807511304,0,2.2041482069253932e-05,0.004705891037412617
s55-134-5,u005,2025-07-11,variable,empirical,120,0.017018779342723,0,0.0002896388503162951,0.017165263130094227
s55-134-5,u005,2025-07-11,variable,hazard,30,0.0004361311240163035,0,1.902103573357243e-07,0.0004362262568562385
s55-134-5,u005,2025-07-11,variable,hazard,60,0.0011469062476081593,0,1.3153939408026285e-06,0.001147564447889366
s55-134-5,u005,2025-07-11,variable,hazard,120,0.00422586377385159,0,1.7857924635151206e-05,0.00423481797121828
s55-134-5,u005,2025-07-11,variable,hazard_cal,30,0.0003829526827258123,0,1.4665275720689664e-07,0.00038302602783014977
s55-134-5,u005,2025-07-11,variable,hazard_cal,60,0.00101337934431045,0,1.0269376954750774e-06,0.0010138931603145345
s55-134-5,u005,2025-07-11,variable,hazard_cal,120,0.003790231561814239,0,1.4365855292172805e-05,0.003797432691184428
s55-134-9,u009,2025-07-11,regular,empirical,30,0.0011737089201877549,0,1.3775926293283055e-06,0.0011743982559415578
s55-134-9,u009,2025-07-11,regular,empirical,60,0.0046948356807511304,0,2.2041482069253932e-05,0.004705891037412617
s55-134-9,u009,2025-07-11,regular,empirical,120,0.017018779342723,0,0.0002896388503162951,0.017165263130094227
s55-134-9,u009,2025-07-11,regular,hazard,30,0.006228160889539258,0,3.878998806598644e-05,0.006247636791717608
s55-134-9,u009,2025-07-11,regular,hazard,60,0.016291802517101828,0,0.00026542282925624545,0.01642597318219855
s55-134-9,u009,2025-07-11,regular,hazard,120,0.0586718529005984,0,0.0034423863227894566,0.060463478507601066
s55-134-9,u009,2025-07-11,regular,hazard_cal,30,0.005776409598846954,0,3.3366907853651236e-05,0.005793157579379474
s55-134-9,u009,2025-07-11,regular,hazard_cal,60,0.015209523188850382,0,0.0002313295956321775,0.015326374334168006
s55-134-9,u009,2025-07-11,regular,hazard_cal,120,0.055653613311004935,0,0.0030973246745708656,0.05726224508893729
s55-134-56,u056,2025-07-11,new,empirical,30,0.0011737089201877549,0,1.3775926293283055e-06,0.0011743982559415578
s55-134-56,u056,2025-07-11,new,empirical,60,0.0046948356807511304,0,2.2041482069253932e-05,0.004705891037412617
s55-134-56,u056,2025-07-11,new,empirical,120,0.017018779342723,0,0.0002896388503162951,0.017165263130094227
s55-134-56,u056,2025-07-11,new,hazard,30,0.0008862201408422754,0,7.853861380345024e-07,0.0008866130660739478
s55-134-56,u056,2025-07-11,new,hazard,60,0.002329558676939958,0,5.426843629306247e-06,0.0023322763201812386
s55-134-56,u056,2025-07-11,new,hazard,120,0.008568110653500827,0,7.341252017063436e-05,0.008605027939102887
s55-134-56,u056,2025-07-11,new,hazard_cal,30,0.0007895509760222907,0,6.23390743737752e-07,0.0007898628355576318
s55-134-56,u056,2025-07-11,new,hazard_cal,60,0.002088543879697591,0,4.362015537422264e-06,0.0020907279289846766
s55-134-56,u056,2025-07-11,new,hazard_cal,120,0.007798581802162752,0,6.0817878125024034e-05,0.007829149769468215
s55-134-58,u058,2025-07-11,new,empirical,30,0.0011737089201877549,0,1.3775926293283055e-06,0.0011743982559415578
s55-134-58,u058,2025-07-11,new,empirical,60,0.0046948356807511304,0,2.2041482069253932e-05,0.004705891037412617
s55-134-58,u058,2025-07-11,new,empirical,120,0.017018779342723,0,0.0002896388503162951,0.017165263130094227
s55-134-58,u058,2025-07-11,new,hazard,30,0.0010520515249570206,0,1.1068124111643925e-06,0.0010526053196103476
s55-134-58,u058,2025-07-11,new,hazard,60,0.0027650511462710137,0,7.645507841494647e-06,0.0027688809615776825
s55-134-58,u058,2025-07-11,new,hazard,120,0.010163161206664495,0,0.00010328984571265012,0.010215158735707549
s55-134-58,u058,2025-07-11,new,hazard_cal,30,0.0009405979672001408,0,8.84724535901037e-07,0.0009410406070539563
s55-134-58,u058,2025-07-11,new,hazard_cal,60,0.0024877499393222147,0,6.188899760597683e-06,0.002490849530942232
s55-134-58,u058,2025-07-11,new,hazard_cal,120,0.00928348069765017,0,8.618301386364329e-05,0.009326840768140027
s55-134-26,u026,2025-07-11,variable,empirical,30,0.0011737089201877549,0,1.3775926293283055e-06,0.0011743982559415578
s55-134-26,u026,2025-07-11,variable,empirical,60,0.0046948356807511304,0,2.2041482069253932e-05,0.004705891037412617
s55-134-26,u026,2025-07-11,variable,empirical,120,0.017018779342723,0,0.0002896388503162951,0.017165263130094227
s55-134-26,u026,2025-07-11,variable,hazard,30,0.0009004192403522238,0,8.107548083964757e-07,0.0009008248612606142
s55-134-26,u026,2025-07-11,variable,hazard,60,0.0023668523356619176,0,5.601989978828274e-06,0.002369657758206145
s55-134-26,u026,2025-07-11,variable,hazard,120,0.008704786098343464,0,7.577330101791363e-05,0.00874289405777874
s55-134-26,u026,2025-07-11,variable,hazard_cal,30,0.000802462832680817,0,6.439465978341208e-07,0.0008027849783312044
s55-134-26,u026,2025-07-11,variable,hazard_cal,60,0.0021226733315522495,0,4.505742072483126e-06,0.0021249293957453985
s55-134-26,u026,2025-07-11,variable,hazard_cal,120,0.007925602479658789,0,6.281517466557354e-05,0.007957177009092223
s55-134-33,u033,2025-07-11,regular,empirical,30,0.0011737089201877549,0,1.3775926293283055e-06,0.0011743982559415578
s55-134-33,u033,2025-07-11,regular,empirical,60,0.0046948356807511304,0,2.2041482069253932e-05,0.004705891037412617
s55-134-33,u033,2025-07-11,regular,empirical,120,0.017018779342723,0,0.0002896388503162951,0.017165263130094227
s55-134-33,u033,2025-07-11,regular,hazard,30,0.0018862978704080602,0,3.558119655905983e-06,0.0018880791706303607
s55-134-33,u033,2025-07-11,regular,hazard,60,0.00495387448347373,0,2.454087239801212e-05,0.004966185594969371
s55-134-33,u033,2025-07-11,regular,hazard,120,0.018148247418788177,0,0.00032935888437355174,0.018314946808917962
s55-134-33,u033,2025-07-11,regular,hazard_cal,30,0.001706819648552682,0,2.9132333126855013e-06,0.0017082779247882779
s55-134-33,u033,2025-07-11,regular,hazard_cal,60,0.00451109722343479,0,2.0349998159281074e-05,0.004521302926693474
s55-134-33,u033,2025-07-11,regular,hazard_cal,120,0.0167814211388696,0,0.0002816160954400995,0.01692382458955063
s55-134-36,u036,2025-07-11,regular,empirical,30,0.0011737089201877549,0,1.3775926293283055e-06,0.0011743982559415578
s55-134-36,u036,2025-07-11,regular,empirical,60,0.0046948356807511304,0,2.2041482069253932e-05,0.004705891037412617
s55-134-36,u036,2025-07-11,regular,empirical,120,0.017018779342723,0,0.0002896388503162951,0.017165263130094227
s55-134-36,u036,2025-07-11,regular,hazard,30,0.0008739646404091195,0,7.638141926854415e-07,0.0008743467701669493
s55-134-36,u036,2025-07-11,regular,hazard,60,0.0022973690641012734,0,5.277904616689561e-06,0.0023000120651514412
s55-134-36,u036,2025-07-11,regular,hazard,120,0.008450128335566576,0,7.140466888754515e-05,0.008486033079550249
s55-134-36,u036,2025-07-11,regular,hazard_cal,30,0.000778409937375879,0,6.059220306055199e-07,0.000778713055701601
s55-134-36,u036,2025-07-11,regular,hazard_cal,60,0.0020590945120274595,0,4.239870209461601e-06,0.0020612173617315576
s55-134-36,u036,2025-07-11,regular,hazard_cal,120,0.007688968359952142,0,5.912023444034513e-05,0.00771868088091976
s55-134-45,u045,2025-07-11,regular,empirical,30,0.0011737089201877549,0,1.3775926293283055e-06,0.0011743982559415578
s55-134-45,u045,2025-07-11,regular,empirical,60,0.0046948356807511304,0,2.2041482069253932e-05,0.004705891037412617
s55-134-45,u045,2025-07-11,regular,empirical,120,0.017018779342723,0,0.0002896388503162951,0.017165263130094227
s55-134-45,u045,2025-07-11,regular,hazard,30,0.0014067353256050907,0,1.9789042763052606e-06,0.0014077257066548792
s55-134-45,u045,2025-07-11,regular,hazard,60,0.0036960483574582925,0,1.3660773460670142e-05,0.0037028956212742893
s55-134-45,u045,2025-07-11,regular,hazard,120,0.013566019930569051,0,0.0001840368967565967,0.013658879155358156
s55-134-45,u045,2025-07-11,regular,hazard_cal,30,0.001265232598545718,0,1.60081352842275e-06,0.0012660336810850496
s55-134-45,u045,2025-07-11,regular,hazard_cal,60,0.0033453573254628166,0,1.119141563502773e-05,0.0033509655444377362
s55-134-45,u045,2025-07-11,regular,hazard_cal,120,0.012467263739617818,0,0.00015543266515318925,0.01254563211290556
s55-134-46,u046,2025-07-11,variable,empirical,30,0.0011737089201877549,0,1.3775926293283055e-06,0.0011743982559415578
s55-134-46,u046,2025-07-11,variable,empirical,60,0.0046948356807511304,0,2.2041482069253932e-05,0.004705891037412617
s55-134-46,u046,2025-07-11,variable,empirical,120,0.017018779342723,0,0.0002896388503162951,0.017165263130094227
s55-134-46,u046,2025-07-11,variable,hazard,30,0.002147667721615898,0,4.612476642470822e-06,0.002149977267287424
s55-134-46,u046,2025-07-11,variable,hazard,60,0.005638946443206394,0,3.179771698935004e-05,0.005654905324161496
s55-134-46,u046,2025-07-11,variable,hazard,120,0.02063660945953838,0,0.00042586964998550894,0.020852519889309733
s55-134-46,u046,2025-07-11,variable,hazard_cal,30,0.0019485181518694716,0,3.796722988164821e-06,0.0019504189829675105
s55-134-46,u046,2025-07-11,variable,hazard_cal,60,0.005148750014672854,0,2.6509626713593713e-05,0.005162050501593491
s55-134-46,u046,2025-07-11,variable,hazard_cal,120,0.019134655086903152,0,0.0003661350252947487,0.019320091923741633
s55-134-57,u057,2025-07-11,new,empirical,30,0.0011737089201877549,0,1.3775926293283055e-06,0.0011743982559415578
s55-134-57,u057,2025-07-11,new,empirical,60,0.0046948356807511304,0,2.2041482069253932e-05,0.004705891037412617
s55-134-57,u057,2025-07-11,new,empirical,120,0.017018779342723,0,0.0002896388503162951,0.017165263130094227
s55-134-57,u057,2025-07-11,new,hazard,30,0.0007378784414040496,0,5.444645942888694e-07,0.000738150807691577
s55-134-57,u057,2025-07-11,new,hazard,60,0.0019398841296006664,0,3.763150436276535e-06,0.001941768141723236
s55-134-57,u057,2025-07-11,new,hazard,120,0.007139091094667371,0,5.096662165795897e-05,0.007164696343744846
s55-134-57,u057,2025-07-11,new,hazard_cal,30,0.0006549255568987222,0,4.2892748507910144e-07,0.0006551401143258046
s55-134-57,u057,2025-07-11,new,hazard_cal,60,0.0017326446581242827,0,3.0020575113266127e-06,0.001734147422969131
s55-134-57,u057,2025-07-11,new,hazard_cal,120,0.006473220483834363,0,4.190258343233279e-05,0.006494262631679789
s55-134-13,u013,2025-07-11,variable,empirical,30,0.0011737089201877549,0,1.3775926293283055e-06,0.0011743982559415578
s55-134-13,u013,2025-07-11,variable,empirical,60,0.0046948356807511304,0,2.2041482069253932e-05,0.004705891037412617
s55-134-13,u013,2025-07-11,variable,empirical,120,0.017018779342723,0,0.0002896388503162951,0.017165263130094227
s55-134-13,u013,2025-07-11,variable,hazard,30,0.0005738966647874655,0,3.293573818541765e-07,0.0005740614065112251
s55-134-13,u013,2025-07-11,variable,hazard,60,0.0015090019866678128,0,2.277086995767406e-06,0.0015101416768398114
s55-134-13,u013,2025-07-11,variable,hazard,120,0.005556991455166971,0,3.0880154032798725e-05,0.005572488971894789
s55-134-13,u013,2025-07-11,variable,hazard_cal,30,0.0005067616507549166,0,2.568073706758481e-07,0.0005068900978367912
s55-134-13,u013,2025-07-11,variable,hazard_cal,60,0.0013408521355579017,0,1.7978844494301856e-06,0.0013417518821573163
s55-134-13,u013,2025-07-11,variable,hazard_cal,120,0.005012504345418889,0,2.5125199812843244e-05,0.005025109083837484
s55-134-24,u024,2025-07-11,variable,empirical,30,0.0011737089201877549,0,1.3775926293283055e-06,0.0011743982559415578
s55-134-24,u024,2025-07-11,variable,empirical,60,0.0046948356807511304,0,2.2041482069253932e-05,0.004705891037412617
s55-134-24,u024,2025-07-11,variable,empirical,120,0.017018779342723,0,0.0002896388503162951,0.017165263130094227
s55-134-24,u024,2025-07-11,variable,hazard,30,0.00020999781195851774,0,4.409908102736498e-08,0.0002100198645864212
s55-134-24,u024,2025-07-11,variable,hazard,60,0.0005523513716439998,0,3.0509203775700803e-07,0.0005525039738588274
s55-134-24,u024,2025-07-11,variable,hazard,120,0.002037010526692473,0,4.149411885855947e-06,0.0020390880544120626
s55-134-24,u024,2025-07-11,variable,hazard_cal,30,0.0001816545091694044,0,3.2998360701577225e-08,0.0001816710103481278
s55-134-24,u024,2025-07-11,variable,hazard_cal,60,0.00048078848599453217,0,2.3115756826491446e-07,0.00048090410183799397
s55-134-24,u024,2025-07-11,variable,hazard_cal,120,0.0017997214655227634,0,3.238997353463403e-06,0.0018013429099237408
s55-134-29,u029,2025-07-11,regular,empirical,30,0.0011737089201877549,0,1.3775926293283055e-06,0.0011743982559415578
s55-134-29,u029,2025-07-11,regular,empirical,60,0.0046948356807511304,0,2.2041482069253932e-05,0.004705891037412617
s55-134-29,u029,2025-07-11,regular,empirical,120,0.017018779342723,0,0.0002896388503162951,0.017165263130094227
s55-134-29,u029,2025-07-11,regular,hazard,30,0.0017982151982387506,0,3.2335778991768294e-06,0.001799833928029086
s55-134-29,u029,2025-07-11,regular,hazard,60,0.00472292863716639,0,2.2306054911766377e-05,0.004734116906119315
s55-134-29,u029,2025-07-11,regular,hazard,120,0.017308226065957277,0,0.0002995746895502829,0.017459764531011585
s55-134-29,u029,2025-07-11,regular,hazard_cal,30,0.0016255178658812763,0,2.642308332299219e-06,0.0016268404535016144
s55-134-29,u029,2025-07-11,regular,hazard_cal,60,0.004296541361458073,0,1.846026767071999e-05,0.004305798019217222
s55-134-29,u029,2025-07-11,regular,hazard_cal,120,0.015988564599565325,0,0.0002556341979544735,0.016117760655505742
s55-134-34,u034,2025-07-11,regular,empirical,30,0.0011737089201877549,0,1.3775926293283055e-06,0.0011743982559415578
s55-134-34,u034,2025-07-11,regular,empirical,60,0.0046948356807511304,0,2.2041482069253932e-05,0.004705891037412617
s55-134-34,u034,2025-07-11,regular,empirical,120,0.017018779342723,0,0.0002896388503162951,0.017165263130094227
s55-134-34,u034,2025-07-11,regular,hazard,30,0.005130248420926353,0,2.631944886041734e-05,0.005143453327685705
s55-134-34,u034,2025-07-11,regular,hazard,60,0.013433342235586454,0,0.00018045468361839088,0.013524385843355725
s55-134-34,u034,2025-07-11,regular,hazard,120,0.04858657355495133,0,0.0023606551298106957,0.04980658278056039
s55-134-34,u034,2025-07-11,regular,hazard_cal,30,0.0047390129834600225,0,2.2458244057402662e-05,0.004750277708698571
s55-134-34,u034,2025-07-11,regular,hazard_cal,60,0.012490011889245145,0,0.00015600039699348507,0.012568667715475197
s55-134-34,u034,2025-07-11,regular,hazard_cal,120,0.04589458141689684,0,0.0021063126034321727,0.04698111197927189
s55-134-41,u041,2025-07-11,regular,empirical,30,0.0011737089201877549,0,1.3775926293283055e-06,0.0011743982559415578
s55-134-41,u041,2025-07-11,regular,empirical,60,0.0046948356807511304,0,2.2041482069253932e-05,0.004705891037412617
s55-134-41,u041,2025-07-11,regular,empirical,120,0.017018779342723,0,0.0002896388503162951,0.017165263130094227
s55-134-41,u041,2025-07-11,regular,hazard,30,0.0006604077235932149,0,4.361383613815721e-07,0.0006606258888311992
s55-134-41,u041,2025-07-11,regular,hazard,60,0.0017363364719706897,0,3.014864343895622e-06,0.0017378456513577898
s55-134-41,u041,2025-07-11,regular,hazard,120,0.006391968189385366,0,4.085725733411444e-05,0.0064124842902898264
s55-134-41,u041,2025-07-11,regular,hazard_cal,30,0.000584832887626674,0,3.4202950644975386e-07,0.0005850039690858599
s55-134-41,u041,2025-07-11,regular,hazard_cal,60,0.0015473107351077209,0,2.3941705109795956e-06,0.001548509056639911
s55-134-41,u041,2025-07-11,regular,hazard_cal,120,0.005782462584475012,0,3.343687354085344e-05,0.0057992457512075464
s55-134-42,u042,2025-07-11,variable,empirical,30,0.0011737089201877549,0,1.3775926293283055e-06,0.0011743982559415578
s55-134-42,u042,2025-07-11,variable,empirical,60,0.0046948356807511304,0,2.2041482069253932e-05,0.004705891037412617
s55-134-42,u042,2025-07-11,variable,empirical,120,0.017018779342723,0,0.0002896388503162951,0.017165263130094227
s55-134-42,u042,2025-07-11,variable,hazard,30,0.0006631196356623459,0,4.3972765120096236e-07,0.0006633395967336588
s55-134-42,u042,2025-07-11,variable,hazard,60,0.0017434622754557427,0,3.039660705937316e-06,0.0017449838746330792
s55-134-42,u042,2025-07-11,variable,hazard,120,0.00641813126762536,0,4.119240896847031e-05,0.00643881602459902
s55-134-42,u042,2025-07-11,variable,hazard_cal,30,0.0005872837830004363,0,3.449022417753035e-07,0.000587456301669575
s55-134-42,u042,2025-07-11,variable,hazard_cal,60,0.0015537916198816726,0,2.414268398014512e-06,0.0015550000059630015
s55-134-42,u042,2025-07-11,variable,hazard_cal,120,0.005806624169066521,0,3.3716884240787464e-05,0.005823548157145612
s55-134-55,u055,2025-07-11,new,empirical,30,0.0011737089201877549,0,1.3775926293283055e-06,0.0011743982559415578
s55-134-55,u055,2025-07-11,new,empirical,60,0.0046948356807511304,0,2.2041482069253932e-05,0.004705891037412617
s55-134-55,u055,2025-07-11,new,empirical,120,0.017018779342723,0,0.0002896388503162951,0.017165263130094227
s55-134-55,u055,2025-07-11,new,hazard,30,0.0007293432267229116,0,5.319415423665885e-07,0.0007296093268875303
s55-134-55,u055,2025-07-11,new,hazard,60,0.0019174600006128806,0,3.676652853950348e-06,0.00191930068036942
s55-134-55,u055,2025-07-11,new,hazard,120,0.007056805747899353,0,4.979850736358534e-05,0.007081822764539043
s55-134-55,u055,2025-07-11,new,hazard_cal,30,0.000647195487636032,0,4.188619992164412e-07,0.0006474050090413895
s55-134-55,u055,2025-07-11,new,hazard_cal,60,0.0017122065534511677,0,2.9316512816811263e-06,0.0017136740544411127
s55-134-55,u055,2025-07-11,new,hazard_cal,120,0.006397065075257058,0,4.092244157707359e-05,0.0064176139780351355
s55-134-59,u059,2025-07-11,new,empirical,30,0.0011737089201877549,0,1.3775926293283055e-06,0.0011743982559415578
s55-134-59,u059,2025-07-11,new,empirical,60,0.0046948356807511304,0,2.2041482069253932e-05,0.004705891037412617
s55-134-59,u059,2025-07-11,new,empirical,120,0.017018779342723,0,0.0002896388503162951,0.017165263130094227
s55-134-59,u059,2025-07-11,new,hazard,30,0.0004358919941598316,0,1.9000183057263467e-07,0.0004359870226909052
s55-134-59,u059,2025-07-11,new,hazard,60,0.001146277651843719,0,1.3139524551163502e-06,0.001146935130554736
s55-134-59,u059,2025-07-11,new,hazard,120,0.004223551677105086,0,1.7838388769177188e-05,0.004232496065097047
s55-134-59,u059,2025-07-11,new,hazard_cal,30,0.0003827384117730537,0,1.464886918465596e-07,0.00038281167481329307
s55-134-59,u059,2025-07-11,new,hazard_cal,60,0.0010128125358813689,0,1.0257892328384492e-06,0.0010133257770717937
s55-134-59,u059,2025-07-11,new,hazard_cal,120,0.0037881149092734434,0,1.4349814565859748e-05,0.003795307987774337
s55-134-38,u038,2025-07-11,variable,empirical,30,0.0011737089201877549,0,1.3775926293283055e-06,0.0011743982559415578
s55-134-38,u038,2025-07-11,variable,empirical,60,0.0046948356807511304,0,2.2041482069253932e-05,0.004705891037412617
s55-134-38,u038,2025-07-11,variable,empirical,120,0.017018779342723,0,0.0002896388503162951,0.017165263130094227
s55-134-38,u038,2025-07-11,variable,hazard,30,0.0014519192772094458,0,2.1080695875323997e-06,0.0014529743333644507
s55-134-38,u038,2025-07-11,variable,hazard,60,0.003814606739623083,0,1.4551224577977849e-05,0.0038219009074084427
s55-134-38,u038,2025-07-11,variable,hazard,120,0.01399867070103833,0,0.00019596278139610894,0.014097576207021302
s55-134-38,u038,2025-07-11,variable,hazard_cal,30,0.0013067201134725481,0,1.707517454953709e-06,0.001307574616678826
s55-134-38,u038,2025-07-11,variable,hazard_cal,60,0.003454920286061536,0,1.1936474183039524e-05,0.003460902305393911
s55-134-38,u038,2025-07-11,variable,hazard_cal,120,0.012873396717621,0,0.00016572434304925511,0.012956976971835864
s55-135-16,u016,2025-07-14,variable,empirical,30,0.0011737089201877549,0,1.3775926293283055e-06,0.0011743982559415578
s55-135-16,u016,2025-07-14,variable,empirical,60,0.0046948356807511304,0,2.2041482069253932e-05,0.004705891037412617
s55-135-16,u016,2025-07-14,variable,empirical,120,0.017018779342723,0,0.0002896388503162951,0.017165263130094227
s55-135-16,u016,2025-07-14,variable,hazard,30,0.0002818260366819203,0,7.942591495183909e-08,0.00028186575710240395
s55-135-16,u016,2025-07-14,variable,hazard,60,0.00074123044229224,0,5.494225685807497e-07,0.0007415052894016193
s55-135-16,u016,2025-07-14,variable,hazard,120,0.002732795289406953,0,7.468170093804832e-06,0.0027365361914211505
s55-135-16,u016,2025-07-14,variable,hazard_cal,30,0.00024526012865244695,0,6.015253070661483e-08,0.0002452902098363775
s55-135-16,u016,2025-07-14,variable,hazard_cal,60,0.0006490964758130158,0,4.2132623491287697e-07,0.0006493072301353323
s55-135-16,u016,2025-07-14,variable,hazard_cal,120,0.0024291117541058727,0,5.900583913935309e-06,0.002432066832509926
s55-135-14,u014,2025-07-14,regular,empirical,30,0.0011737089201877549,0,1.3775926293283055e-06,0.0011743982559415578
s55-135-14,u014,2025-07-14,regular,empirical,60,0.0046948356807511304,0,2.2041482069253932e-05,0.004705891037412617
s55-135-14,u014,2025-07-14,regular,empirical,120,0.017018779342723,0,0.0002896388503162951,0.017165263130094227
s55-135-14,u014,2025-07-14,regular,hazard,30,0.0006062628045334639,0,3.675545881607811e-07,0.00060644665613956
s55-135-14,u014,2025-07-14,regular,hazard,60,0.0015940582136134696,0,2.5410215883885656e-06,0.0015953300762027007
s55-135-14,u014,2025-07-14,regular,hazard,120,0.005869461678965182,0,3.4450580400840775e-05,0.005886754669396793
s55-135-14,u014,2025-07-14,regular,hazard_cal,30,0.0005359437348408935,0,2.87235686915206e-07,0.0005360874040190416
s55-135-14,u014,2025-07-14,regular,hazard_cal,60,0.0014180273573316526,0,2.0108015861409907e-06,0.0014190337095939217
s55-135-14,u014,2025-07-14,regular,hazard_cal,120,0.005300376021372122,0,2.8093985967936565e-05,0.005314472848744358
s55-135-11,u011,2025-07-14,variable,empirical,30,0.0011737089201877549,0,1.3775926293283055e-06,0.0011743982559415578
s55-135-11,u011,2025-07-14,variable,empirical,60,0.0046948356807511304,0,2.2041482069253932e-05,0.004705891037412617
s55-135-11,u011,2025-07-14,variable,empirical,120,0.017018779342723,0,0.0002896388503162951,0.017165263130094227
s55-135-11,u011,2025-07-14,variable,hazard,30,0.0017403769953008297,0,3.028912085772344e-06,0.0017418932107901293
s55-135-11,u011,2025-07-14,variable,hazard,60,0.004571261149679651,0,2.0896428498570523e-05,0.004581741314505449
s55-135-11,u011,2025-07-14,variable,hazard,120,0.016756244690089073,0,0.00028077173611413826,0.01689821876090656
s55-135-11,u011,2025-07-14,variable,hazard_cal,30,0.00157217676725252,0,2.4717397874885843e-06,0.0015734139340128517
s55-135-11,u011,2025-07-14,variable,hazard_cal,60,0.004155756335470495,0,1.7270310719803158e-05,0.004164415489379465
s55-135-11,u011,2025-07-14,variable,hazard_cal,120,0.015468029810699502,0,0.00023925994622468847,0.01558890790121045
s55-135-38,u038,2025-07-14,variable,empirical,30,0.0011737089201877549,0,1.3775926293283055e-06,0.0011743982559415578
s55-135-38,u038,2025-07-14,variable,empirical,60,0.0046948356807511304,0,2.2041482069253932e-05,0.004705891037412617
s55-135-38,u038,2025-07-14,variable,empirical,120,0.017018779342723,0,0.0002896388503162951,0.017165263130094227
s55-135-38,u038,2025-07-14,variable,hazard,30,0.0014636480754340875,0,2.1422656887219082e-06,0.0014647202546014698
s55-135-38,u038,2025-07-14,variable,hazard,60,0.0038453803848137458,0,1.4786950303910311e-05,0.0038527928686140946
s55-135-38,u038,2025-07-14,variable,hazard,120,0.014110946444657269,0,0.00019911880956398562,0.014211452459693878
s55-135-38,u038,2025-07-14,variable,hazard_cal,30,0.001317493785580992,0,1.7357898750445332e-06,0.0013183624435700086
s55-135-38,u038,2025-07-14,variable,hazard_cal,60,0.0034833707308680184,0,1.2133871648667994e-05,0.003489451792527384
s55-135-38,u038,2025-07-14,variable,hazard_cal,120,0.01297883558685975,0,0.00016845017319073706,0.013063796604149499
s55-135-39,u039,2025-07-14,regular,empirical,30,0.0011737089201877549,0,1.3775926293283055e-06,0.0011743982559415578
s55-135-39,u039,2025-07-14,regular,empirical,60,0.0046948356807511304,0,2.2041482069253932e-05,0.004705891037412617
s55-135-39,u039,2025-07-14,regular,empirical,120,0.017018779342723,0,0.0002896388503162951,0.017165263130094227
s55-135-39,u039,2025-07-14,regular,hazard,30,0.003047537620717966,0,9.287485549691322e-06,0.0030521908197637384
s55-135-39,u039,2025-07-14,regular,hazard,60,0.007995072550261662,0,6.39211850839475e-05,0.008027204522364464
s55-135-39,u039,2025-07-14,regular,hazard,120,0.029155325833306933,0,0.0008500330244462946,0.029588788299427883
s55-135-39,u039,2025-07-14,regular,hazard_cal,30,0.002784963180973654,0,7.756019919378894e-06,0.0027888484060825244
s55-135-39,u039,2025-07-14,regular,hazard_cal,60,0.0073532681140494605,0,5.4070551957096506e-05,0.007380436657015514
s55-135-39,u039,2025-07-14,regular,hazard_cal,120,0.027234596276379253,0,0.0007417232343373707,0.02761233200910992
s55-135-4,u004,2025-07-14,variable,empirical,30,0.0011737089201877549,0,1.3775926293283055e-06,0.0011743982559415578
s55-135-4,u004,2025-07-14,variable,empirical,60,0.0046948356807511304,0,2.2041482069253932e-05,0.004705891037412617
s55-135-4,u004,2025-07-14,variable,empirical,120,0.017018779342723,0,0.0002896388503162951,0.017165263130094227
s55-135-4,u004,2025-07-14,variable,hazard,30,0.0006225525941047083,0,3.875717324265017e-07,0.0006227464604364224
s55-135-4,u004,2025-07-14,variable,hazard,60,0.001636864874121735,0,2.679326616133564e-06,0.0016382060011253944
s55-135-4,u004,2025-07-14,variable,hazard,120,0.006026689670386665,0,3.6320988383145325e-05,0.0060449234610884155
s55-135-4,u004,2025-07-14,variable,hazard_cal,30,0.0005506432168856934,0,3.032079523022248e-07,0.0005507948765379725
s55-135-4,u004,2025-07-14,variable,hazard_cal,60,0.0014569001698068185,0,2.1225581047831365e-06,0.0014579624807719255
s55-135-4,u004,2025-07-14,variable,hazard_cal,120,0.005445349661363896,0,2.96518329345159e-05,0.005460229620133672
s55-135-48,u048,2025-07-14,regular,empirical,30,0.0011737089201877549,0,1.3775926293283055e-06,0.0011743982559415578
s55-135-48,u048,2025-07-14,regular,empirical,60,0.0046948356807511304,0,2.2041482069253932e-05,0.004705891037412617
s55-135-48,u048,2025-07-14,regular,empirical,120,0.017018779342723,0,0.0002896388503162951,0.017165263130094227
s55-135-48,u048,2025-07-14,regular,hazard,30,0.0008778423683943881,0,7.706072237482686e-07,0.0008782278976453823
s55-135-48,u048,2025-07-14,regular,hazard,60,0.002307554165902448,0,5.324806228573742e-06,0.002310220671877834
s55-135-48,u048,2025-07-14,regular,hazard,120,0.008487460314078654,0,7.203698258306012e-05,0.00852368391525044
s55-135-48,u048,2025-07-14,regular,hazard_cal,30,0.0007819346962343321,0,6.114218691750772e-07,0.0007822405666264285
s55-135-48,u048,2025-07-14,regular,hazard_cal,60,0.00206841165517635,0,4.278326775269367e-06,0.002070553772927912
s55-135-48,u048,2025-07-14,regular,hazard_cal,120,0.0077236487633463025,0,5.965475021954087e-05,0.007753630617773797
s55-135-58,u058,2025-07-14,new,empirical,30,0.0011737089201877549,0,1.3775926293283055e-06,0.0011743982559415578
s55-135-58,u058,2025-07-14,new,empirical,60,0.0046948356807511304,0,2.2041482069253932e-05,0.004705891037412617
s55-135-58,u058,2025-07-14,new,empirical,120,0.017018779342723,0,0.0002896388503162951,0.017165263130094227
s55-135-58,u058,2025-07-14,new,hazard,30,0.0013776476593336806,0,1.897913073267569e-06,0.0013785974883236609
s55-135-58,u058,2025-07-14,new,hazard,60,0.0036197199042862227,0,1.3102372185485862e-05,0.003626286942394126
s55-135-58,u058,2025-07-14,new,hazard,120,0.013287395078351527,0,0.0001765548679682004,0.013376462373767961
s55-135-58,u058,2025-07-14,new,hazard_cal,30,0.0012385390451018496,0,1.5339789662418016e-06,0.0012393066684714415
s55-135-58,u058,2025-07-14,new,hazard_cal,60,0.003274858778668732,0,1.072470002022366e-05,0.003280232864801852
s55-135-58,u058,2025-07-14,new,hazard_cal,120,0.01220586363963061,0,0.0001489831071892566,0.012280966952788267
s55-135-23,u023,2025-07-14,variable,empirical,30,0.0011737089201877549,0,1.3775926293283055e-06,0.0011743982559415578
s55-135-23,u023,2025-07-14,variable,empirical,60,0.0046948356807511304,0,2.2041482069253932e-05,0.004705891037412617
s55-135-23,u023,2025-07-14,variable,empirical,120,0.017018779342723,0,0.0002896388503162951,0.017165263130094227
s55-135-23,u023,2025-07-14,variable,hazard,30,0.0009711958884515148,0,9.432214537451273e-07,0.0009716678047519096
s55-135-23,u023,2025-07-14,variable,hazard,60,0.0025527313698319176,0,6.516437446523939e-06,0.002555995144097658
s55-135-23,u023,2025-07-14,variable,hazard,120,0.009385773742655812,0,8.809274874832729e-05,0.009430097677997984
s55-135-23,u023,2025-07-14,variable,hazard_cal,30,0.0008668843753936173,0,7.514885203015819e-07,0.0008672603369462686
s55-135-23,u023,2025-07-14,variable,hazard_cal,60,0.0022929443081916023,0,5.257593600468266e-06,0.00229557713037155
s55-135-23,u023,2025-07-14,variable,hazard_cal,120,0.008559105024142366,0,7.325827881429909e-05,0.008595944522930426
s55-135-27,u027,2025-07-14,variable,empirical,30,0.0011737089201877549,0,1.3775926293283055e-06,0.0011743982559415578
s55-135-27,u027,2025-07-14,variable,empirical,60,0.0046948356807511304,0,2.2041482069253932e-05,0.004705891037412617
s55-135-27,u027,2025-07-14,variable,empirical,120,0.017018779342723,0,0.0002896388503162951,0.017165263130094227
s55-135-27,u027,2025-07-14,variable,hazard,30,0.0030557358932759016,0,9.337521849454673e-06,0.003060414187051602
s55-135-27,u027,2025-07-14,variable,hazard,60,0.008016520204315758,0,6.426459618620276e-05,0.008048825267704111
s55-135-27,u027,2025-07-14,variable,hazard,120,0.029232591775619876,0,0.0008545444219200388,0.02966837777361222
s55-135-27,u027,2025-07-14,variable,hazard_cal,30,0.0027926099402905136,0,7.798670278609386e-06,0.002796516550216728
s55-135-27,u027,2025-07-14,variable,hazard_cal,60,0.007373405992799453,0,5.4367115934650894e-05,0.007400723917704541
s55-135-27,u027,2025-07-14,variable,hazard_cal,120,0.027308332807545632,0,0.0007457450407276731,0.027688135821287558
s55-135-32,u032,2025-07-14,variable,empirical,30,0.0011737089201877549,0,1.3775926293283055e-06,0.0011743982559415578
s55-135-32,u032,2025-07-14,variable,empirical,60,0.0046948356807511304,0,2.2041482069253932e-05,0.004705891037412617
s55-135-32,u032,2025-07-14,variable,empirical,120,0.017018779342723,0,0.0002896388503162951,0.017165263130094227
s55-135-32,u032,2025-07-14,variable,hazard,30,0.0014147489081043352,0,2.0015144729824085e-06,0.0014157506102236146
s55-135-32,u032,2025-07-14,variable,hazard,60,0.0037170759495928074,0,1.3816653615041271e-05,0.003724001443451285
s55-135-32,u032,2025-07-14,variable,hazard,120,0.013642766488212832,0,0.00018612507745190308,0.013736684203509378
s55-135-32,u032,2025-07-14,variable,hazard_cal,30,0.0012725886199395076,0,1.6194817955995403e-06,0.0012733990484716903
s55-135-32,u032,2025-07-14,variable,hazard_cal,60,0.003364784205388882,0,1.132177274883449e-05,0.0033704578223361452
s55-135-32,u032,2025-07-14,variable,hazard_cal,120,0.012539286235371372,0,0.00015723369929257396,0.012618566527735714
s55-135-52,u052,2025-07-14,variable,empirical,30,0.0011737089201877549,0,1.3775926293283055e-06,0.0011743982559415578
s55-135-52,u052,2025-07-14,variable,empirical,60,0.0046948356807511304,0,2.2041482069253932e-05,0.004705891037412617
s55-135-52,u052,2025-07-14,variable,empirical,120,0.017018779342723,0,0.0002896388503162951,0.017165263130094227
s55-135-52,u052,2025-07-14,variable,hazard,30,0.0007321444132136756,0,5.360354417999974e-07,0.0007324125618249026
s55-135-52,u052,2025-07-14,variable,hazard,60,0.0019248194519118078,0,3.7049299224580722e-06,0.001926674297417017
s55-135-52,u052,2025-07-14,variable,hazard,120,0.007083811871785861,0,5.018039063485431e-05,0.00710902118969219
s55-135-52,u052,2025-07-14,variable,hazard_cal,30,0.0006497322281833195,0,4.221519683400612e-07,0.0006499433956406455
s55-135-52,u052,2025-07-14,variable,hazard_cal,60,0.0017189136625939128,0,2.9546641794520196e-06,0.0017203926898066966
s55-135-52,u052,2025-07-14,variable,hazard_cal,120,0.00642205728941847,0,4.124281982857291e-05,0.006442767414689045
s55-135-53,u053,2025-07-14,regular,empirical,30,0.0011737089201877549,0,1.3775926293283055e-06,0.0011743982559415578
s55-135-53,u053,2025-07-14,regular,empirical,60,0.0046948356807511304,0,2.2041482069253932e-05,0.004705891037412617
s55-135-53,u053,2025-07-14,regular,empirical,120,0.017018779342723,0,0.0002896388503162951,0.017165263130094227
s55-135-53,u053,2025-07-14,regular,hazard,30,0.003312502638054604,0,1.0972673727118712e-05,0.0033180011207682636
s55-135-53,u053,2025-07-14,regular,hazard,60,0.008688089403953492,0,7.548289749108894e-05,0.0087260508878092
s55-135-53,u053,2025-07-14,regular,hazard,120,0.031649400898934865,0,0.001001684577261499,0.03216106812622562
s55-135-53,u053,2025-07-14,regular,hazard_cal,30,0.0030323140057662012,0,9.194928229565865e-06,0.003036920785038949
s55-135-53,u053,2025-07-14,regular,hazard_cal,60,0.008004526181980998,0,6.407243939801929e-05,0.008036734391121916
s55-135-53,u053,2025-07-14,regular,hazard_cal,120,0.02961689875055895,0,0.0008771606916008603,0.030064335715136604
s55-135-55,u055,2025-07-14,new,empirical,30,0.0011737089201877549,0,1.3775926293283055e-06,0.0011743982559415578
s55-135-55,u055,2025-07-14,new,empirical,60,0.0046948356807511304,0,2.2041482069253932e-05,0.004705891037412617
s55-135-55,u055,2025-07-14,new,empirical,120,0.017018779342723,0,0.0002896388503162951,0.017165263130094227
s55-135-55,u055,2025-07-14,new,hazard,30,0.0006777308493572942,0,4.5931910417055945e-07,0.0006779606127270605
s55-135-55,u055,2025-07-14,new,hazard,60,0.0017818540022054297,0,3.175003685175507e-06,0.0017834433923694518
s55-135-55,u055,2025-07-14,new,hazard,120,0.00655908050723375,0,4.3021537100373746e-05,0.006580685801513554
s55-135-55,u055,2025-07-14,new,hazard_cal,30,0.0006004922166243931,0,3.605909022264771e-07,0.0006006725842853718
s55-135-55,u055,2025-07-14,new,hazard_cal,60,0.0015887180780818078,0,2.524025131623953e-06,0.0015899814288971078
s55-135-55,u055,2025-07-14,new,hazard_cal,120,0.005936826223881697,0,3.524590561256941e-05,0.00595451923834439
s55-135-36,u036,2025-07-14,regular,empirical,30,0.0011737089201877549,0,1.3775926293283055e-06,0.0011743982559415578
s55-135-36,u036,2025-07-14,regular,empirical,60,0.0046948356807511304,0,2.2041482069253932e-05,0.004705891037412617
s55-135-36,u036,2025-07-14,regular,empirical,120,0.017018779342723,0,0.0002896388503162951,0.017165263130094227
s55-135-36,u036,2025-07-14,regular,hazard,30,0.0013273686035305543,0,1.7619074096386538e-06,0.0013282503375791374
s55-135-36,u036,2025-07-14,regular,hazard,60,0.003487773898199431,0,1.2164566764961256e-05,0.0034938703610990873
s55-135-36,u036,2025-07-14,regular,hazard,120,0.012805595281748183,0,0.00016398327051993133,0.012888293677047717
s55-135-36,u036,2025-07-14,regular,hazard_cal,30,0.0011924258525877196,0,1.42187941391955e-06,0.0011931373579625213
s55-135-36,u036,2025-07-14,regular,hazard_cal,60,0.0031530641146586547,0,9.941813311148165e-06,0.0031580454951448977
s55-135-36,u036,2025-07-14,regular,hazard_cal,120,0.01175412924691921,0,0.00013815955435328154,0.011823755156514371
s55-135-46,u046,2025-07-14,variable,empirical,30,0.0011737089201877549,0,1.3775926293283055e-06,0.0011743982559415578
s55-135-46,u046,2025-07-14,variable,empirical,60,0.0046948356807511304,0,2.2041482069253932e-05,0.004705891037412617
s55-135-46,u046,2025-07-14,variable,empirical,120,0.017018779342723,0,0.0002896388503162951,0.017165263130094227
s55-135-46,u046,2025-07-14,variable,hazard,30,0.0019499747522796484,0,3.8024015345280764e-06,0.0019518784281961216
s55-135-46,u046,2025-07-14,variable,hazard,60,0.005120807065439492,0,2.6222665001455023e-05,0.005133963330957258
s55-135-46,u046,2025-07-14,variable,hazard,120,0.018755066796800945,0,0.0003517525305524653,0.018933173513424578
s55-135-46,u046,2025-07-14,variable,hazard_cal,30,0.0017656436258718378,0,3.1174974135818503e-06,0.0017672042118082423
s55-135-46,u046,2025-07-14,variable,hazard_cal,60,0.004666313871173,0,2.177448514430155e-05,0.004677235101582104
s55-135-46,u046,2025-07-14,variable,hazard_cal,120,0.017354670689446072,0,0.0003011845947391186,0.017507028304153367
s55-135-2,u002,2025-07-14,variable,empirical,30,0.0011737089201877549,0,1.3775926293283055e-06,0.0011743982559415578
s55-135-2,u002,2025-07-14,variable,empirical,60,0.0046948356807511304,0,2.2041482069253932e-05,0.004705891037412617
s55-135-2,u002,2025-07-14,variable,empirical,120,0.017018779342723,1,0.9662520801648703,4.073437877402787
s55-135-2,u002,2025-07-14,variable,hazard,30,0.0003453079986005525,0,1.1923761389751918e-07,0.0003453676311356239
s55-135-2,u002,2025-07-14,variable,hazard,60,0.0009081415681341243,0,8.247211077731063e-07,0.0009085541785126824
s55-135-2,u002,2025-07-14,variable,hazard,120,0.0033473247448325694,1,0.9933165550932822,5.699593835815003
s55-135-2,u002,2025-07-14,variable,hazard_cal,30,0.00030175766917439617,0,9.105769090556432e-08,0.00030180320718104116
s55-135-2,u002,2025-07-14,variable,hazard_cal,60,0.0007985790224105394,0,6.377284550341727e-07,0.0007988980564986513
s55-135-2,u002,2025-07-14,variable,hazard_cal,120,0.0029878293559824076,1,0.9940332684122957,5.8132081231207025
s55-135-10,u010,2025-07-14,variable,empirical,30,0.0011737089201877549,0,1.3775926293283055e-06,0.0011743982559415578
s55-135-10,u010,2025-07-14,variable,empirical,60,0.0046948356807511304,0,2.2041482069253932e-05,0.004705891037412617
s55-135-10,u010,2025-07-14,variable,empirical,120,0.017018779342723,0,0.0002896388503162951,0.017165263130094227
s55-135-10,u010,2025-07-14,variable,hazard,30,0.0007887026400966723,0,6.220518544954611e-07,0.0007890138296586983
s55-135-10,u010,2025-07-14,variable,hazard,60,0.0020734046708273945,0,4.2990069290088565e-06,0.0020755571501136234
s55-135-10,u010,2025-07-14,variable,hazard,120,0.007628929161297315,0,5.820056014809256e-05,0.00765817829604921
s55-135-10,u010,2025-07-14,variable,hazard_cal,30,0.0007009927725278864,0,4.913908671363331e-07,0.0007012385828423368
s55-135-10,u010,2025-07-14,variable,hazard_cal,60,0.0018544391244977865,0,3.438944466468117e-06,0.0018561607254630535
s55-135-10,u010,2025-07-14,variable,hazard_cal,120,0.006926944862691298,0,4.798256513076536e-05,0.00695104751490747
s55-135-15,u015,2025-07-14,regular,empirical,30,0.0011737089201877549,0,1.3775926293283055e-06,0.0011743982559415578
s55-135-15,u015,2025-07-14,regular,empirical,60,0.0046948356807511304,0,2.2041482069253932e-05,0.004705891037412617
s55-135-15,u015,2025-07-14,regular,empirical,120,0.017018779342723,0,0.0002896388503162951,0.017165263130094227
s55-135-15,u015,2025-07-14,regular,hazard,30,0.002891986657649559,0,8.363586828023067e-06,0.0028961765310520286
s55-135-15,u015,2025-07-14,regular,hazard,60,0.0075880717026833855,0,5.757883216506433e-05,0.0076170075900954745
s55-135-15,u015,2025-07-14,regular,hazard,120,0.027688137003993418,0,0.0007666329307519096,0.028078679278284193
s55-135-15,u015,2025-07-14,regular,hazard_cal,30,0.00263995877417178,0,6.969382329326568e-06,0.0026434496104658953
s55-135-15,u015,2025-07-14,regular,hazard_cal,60,0.006971342324663454,0,4.8599613807644055e-05,0.006995755660208525
s55-135-15,u015,2025-07-14,regular,hazard_cal,120,0.025835270380826336,0,0.0006674611956504026,0.0261748627208775
s55-136-27,u027,2025-07-15,variable,empirical,30,0.0011737089201877549,0,1.3775926293283055e-06,0.0011743982559415578
s55-136-27,u027,2025-07-15,variable,empirical,60,0.0046948356807511304,0,2.2041482069253932e-05,0.004705891037412617
s55-136-27,u027,2025-07-15,variable,empirical,120,0.017018779342723,0,0.0002896388503162951,0.017165263130094227
s55-136-27,u027,2025-07-15,variable,hazard,30,0.003215589669398833,0,1.0340016921944495e-05,0.003220770787741602
s55-136-27,u027,2025-07-15,variable,hazard,60,0.008434652259727393,0,7.114335874252442e-05,0.008470425236205533
s55-136-27,u027,2025-07-15,variable,hazard,120,0.030737922981094346,0,0.0009448199091916879,0.031220242339620154
s55-136-27,u027,2025-07-15,variable,hazard_cal,30,0.0029417939871341225,0,8.654151862738478e-06,0.002946129568077222
s55-136-27,u027,2025-07-15,variable,hazard_cal,60,0.007766227734518405,0,6.0314293224402874e-05,0.007796541934450273
s55-136-27,u027,2025-07-15,variable,hazard_cal,120,0.02874576136774576,0,0.0008263187966113845,0.029167013209669447
s55-136-2,u002,2025-07-15,variable,empirical,30,0.0011737089201877549,0,1.3775926293283055e-06,0.0011743982559415578
s55-136-2,u002,2025-07-15,variable,empirical,60,0.0046948356807511304,1,0.990632370120567,5.361292165709434
s55-136-2,u002,2025-07-15,variable,empirical,120,0.017018779342723,1,0.9662520801648703,4.073437877402787
s55-136-2,u002,2025-07-15,variable,hazard,30,0.00036341093627512144,0,1.3206750860436037e-07,0.0003634769860320443
s55-136-2,u002,2025-07-15,variable,hazard,60,0.0009557355003794177,1,0.9980894424295879,6.953029356437263
s55-136-2,u002,2025-07-15,variable,hazard,120,0.0035224981291693824,1,0.9929674117347312,5.648584845300343
s55-136-2,u002,2025-07-15,variable,hazard_cal,30,0.000317909840457653,0,1.010666666598104e-07,0.00031796038450356646
s55-136-2,u002,2025-07-15,variable,hazard_cal,60,0.0008413119492441945,1,0.9983180839073076,7.080548040198977
s55-136-2,u002,2025-07-15,variable,hazard_cal,120,0.003147503794020734,1,0.9937148991920919,5.761145586638799
s55-136-43,u043,2025-07-15,regular,empirical,30,0.0011737089201877549,0,1.3775926293283055e-06,0.0011743982559415578
s55-136-43,u043,2025-07-15,regular,empirical,60,0.0046948356807511304,0,2.2041482069253932e-05,0.004705891037412617
s55-136-43,u043,2025-07-15,regular,empirical,120,0.017018779342723,0,0.0002896388503162951,0.017165263130094227
s55-136-43,u043,2025-07-15,regular,hazard,30,0.0029321329837348475,0,8.59740383430582e-06,0.002936440107084743
s55-136-43,u043,2025-07-15,regular,hazard,60,0.0076931261253192496,0,5.918418958006957e-05,0.007722870871703941
s55-136-43,u043,2025-07-15,regular,hazard,120,0.028067019022330664,0,0.0007877575567998713,0.028468426510283005
s55-136-43,u043,2025-07-15,regular,hazard_cal,30,0.002677367947443332,0,7.168299125996921e-06,0.0026809585072714746
s55-136-43,u043,2025-07-15,regular,hazard_cal,60,0.007069883837952262,0,4.998325748213861e-05,0.007094993886769767
s55-136-43,u043,2025-07-15,regular,hazard_cal,120,0.026196472261787784,0,0.0006862551589626168,0.02654571258841191
s55-136-54,u054,2025-07-15,new,empirical,30,0.0011737089201877549,0,1.3775926293283055e-06,0.0011743982559415578
s55-136-54,u054,2025-07-15,new,empirical,60,0.0046948356807511304,0,2.2041482069253932e-05,0.004705891037412617
s55-136-54,u054,2025-07-15,new,empirical,120,0.017018779342723,0,0.0002896388503162951,0.017165263130094227
s55-136-54,u054,2025-07-15,new,hazard,30,0.000696846220754388,0,4.855946553796731e-07,0.0006970891309359947
s55-136-54,u054,2025-07-15,new,hazard,60,0.001832079088445071,0,3.3565137863177227e-06,0.0018337593979584831
s55-136-54,u054,2025-07-15,new,hazard,120,0.0067434493609978,0,4.547410928434163e-05,0.006766289152869402
s55-136-54,u054,2025-07-15,new,hazard_cal,30,0.0006177811947561951,0,3.8165360459439185e-07,0.0006179721001877318
s55-136-54,u054,2025-07-15,new,hazard_cal,60,0.0016344332425616281,0,2.671372024390518e-06,0.0016357703857532964
s55-136-54,u054,2025-07-15,new,hazard_cal,120,0.006107226146148004,0,3.7298211200193796e-05,0.006125951530782037
s55-136-0,u000,2025-07-15,variable,empirical,30,0.0011737089201877549,0,1.3775926293283055e-06,0.0011743982559415578
s55-136-0,u000,2025-07-15,variable,empirical,60,0.0046948356807511304,0,2.2041482069253932e-05,0.004705891037412617
s55-136-0,u000,2025-07-15,variable,empirical,120,0.017018779342723,0,0.0002896388503162951,0.017165263130094227
s55-136-0,u000,2025-07-15,variable,hazard,30,0.0006326747938319999,0,4.002773947503635e-07,0.0006328750169845902
s55-136-0,u000,2025-07-15,variable,hazard,60,0.0016634635661489927,0,2.7671110359051242e-06,0.001664848657913186
s55-136-0,u000,2025-07-15,variable,hazard,120,0.006124375866457754,0,3.7507979753650163e-05,0.006143206780767438
s55-136-0,u000,2025-07-15,variable,hazard_cal,30,0.000559781220156319,0,3.133550144396973e-07,0.0005599379561581819
s55-136-0,u000,2025-07-15,variable,hazard_cal,60,0.0014810651059655733,0,2.193553848108815e-06,0.0014821629670259953
s55-136-0,u000,2025-07-15,variable,hazard_cal,120,0.005535462439256622,0,3.064134441642087e-05,0.005550839885235789
s55-136-16,u016,2025-07-15,variable,empirical,30,0.0011737089201877549,0,1.3775926293283055e-06,0.0011743982559415578
s55-136-16,u016,2025-07-15,variable,empirical,60,0.0046948356807511304,0,2.2041482069253932e-05,0.004705891037412617
s55-136-16,u016,2025-07-15,variable,empirical,120,0.017018779342723,1,0.9662520801648703,4.073437877402787
s55-136-16,u016,2025-07-15,variable,hazard,30,0.00038089046071076993,0,1.4507754306046257e-07,0.0003809630179071144
s55-136-16,u016,2025-07-15,variable,hazard,60,0.0010016889382044036,0,1.0033807289210655e-06,0.0010021909638458849
s55-136-16,u016,2025-07-15,variable,hazard,120,0.0036916096120227504,1,0.9926304087574821,5.601692706821027
s55-136-16,u016,2025-07-15,variable,hazard_cal,30,0.0003335214539560427,0,1.1123656024895272e-07,0.0003335770846058545
s55-136-16,u016,2025-07-15,variable,hazard_cal,60,0.0008826135366586385,0,7.790066550930698e-07,0.000883003269325278
s55-136-16,u016,2025-07-15,variable,hazard_cal,120,0.0033018098801147477,1,0.9934072821882549,5.713284512333003
s55-136-20,u020,2025-07-15,regular,empirical,30,0.0011737089201877549,0,1.3775926293283055e-06,0.0011743982559415578
s55-136-20,u020,2025-07-15,regular,empirical,60,0.0046948356807511304,0,2.2041482069253932e-05,0.004705891037412617
s55-136-20,u020,2025-07-15,regular,empirical,120,0.017018779342723,0,0.0002896388503162951,0.017165263130094227
s55-136-20,u020,2025-07-15,regular,hazard,30,0.0009528732890879965,0,9.079675050573765e-07,0.0009533275614394446
s55-136-20,u020,2025-07-15,regular,hazard,60,0.0025046134711623758,0,6.273088639928045e-06,0.0025077552625607747
s55-136-20,u020,2025-07-15,regular,hazard,120,0.009209525447676503,0,8.48153589714011e-05,0.009252195308661592
s55-136-20,u020,2025-07-15,regular,hazard_cal,30,0.0008501974160052272,0,7.228356461819655e-07,0.0008505590388100295
s55-136-20,u020,2025-07-15,regular,hazard_cal,60,0.0022488413712530297,0,5.057287513059207e-06,0.0022513738124275854
s55-136-20,u020,2025-07-15,regular,hazard_cal,120,0.008395049657403564,0,7.047685875027169e-05,0.008430486555833627
s55-136-38,u038,2025-07-15,variable,empirical,30,0.0011737089201877549,0,1.3775926293283055e-06,0.0011743982559415578
s55-136-38,u038,2025-07-15,variable,empirical,60,0.0046948356807511304,0,2.2041482069253932e-05,0.004705891037412617
s55-136-38,u038,2025-07-15,variable,empirical,120,0.017018779342723,0,0.0002896388503162951,0.017165263130094227
s55-136-38,u038,2025-07-15,variable,hazard,30,0.0017251213281378464,0,2.976043596796087e-06,0.001726611063498941
s55-136-38,u038,2025-07-15,variable,hazard,60,0.004531253966718607,0,2.053226251090311e-05,0.004541551216049659
s55-136-38,u038,2025-07-15,variable,hazard,120,0.01661059954309896,0,0.00027591201718119934,0.016750102528014517
s55-136-38,u038,2025-07-15,variable,hazard_cal,30,0.0015581133340922815,0,2.4277171618761658e-06,0.0015593284550346716
s55-136-38,u038,2025-07-15,variable,hazard_cal,60,0.0041186359060654265,0,1.6963161726731376e-05,0.0041271408474661715
s55-136-38,u038,2025-07-15,variable,hazard_cal,120,0.015330743899919064,0,0.0002350317085249056,0.015449474806034546
s55-136-12,u012,2025-07-15,variable,empirical,30,0.0011737089201877549,0,1.3775926293283055e-06,0.0011743982559415578
s55-136-12,u012,2025-07-15,variable,empirical,60,0.0046948356807511304,0,2.2041482069253932e-05,0.004705891037412617
s55-136-12,u012,2025-07-15,variable,empirical,120,0.017018779342723,0,0.0002896388503162951,0.017165263130094227
s55-136-12,u012,2025-07-15,variable,hazard,30,0.003406020160747203,0,1.1600973335416401e-05,0.0034118338522021842
s55-136-12,u012,2025-07-15,variable,hazard,60,0.008932604437345004,0,7.979142203407566e-05,0.008972739333226152
s55-136-12,u012,2025-07-15,variable,hazard,120,0.03252812624079482,0,0.0010580789967370844,0.033068925550688466
s55-136-12,u012,2025-07-15,variable,hazard_cal,30,0.003119714872167778,0,9.732620883624817e-06,0.0031245913273505294
s55-136-12,u012,2025-07-15,variable,hazard_cal,60,0.008234575337781824,0,6.780823099360464e-05,0.008268666734387996
s55-136-12,u012,2025-07-15,variable,hazard_cal,120,0.030457268535492354,0,0.0009276452066430926,0.030930729495073573
s55-136-37,u037,2025-07-15,variable,empirical,30,0.0011737089201877549,0,1.3775926293283055e-06,0.0011743982559415578
s55-136-37,u037,2025-07-15,variable,empirical,60,0.0046948356807511304,0,2.2041482069253932e-05,0.004705891037412617
s55-136-37,u037,2025-07-15,variable,empirical,120,0.017018779342723,0,0.0002896388503162951,0.017165263130094227
s55-136-37,u037,2025-07-15,variable,hazard,30,0.004309069221009376,0,1.856807755145035e-05,0.0043183800166538356
s55-136-37,u037,2025-07-15,variable,hazard,60,0.011291600494135023,0,0.0001275002417191503,0.011355834610064086
s55-136-37,u037,2025-07-15,variable,hazard,120,0.04097232445906296,0,0.0016787313715787289,0.041835345765430874
s55-136-37,u037,2025-07-15,variable,hazard_cal,30,0.003966096672550545,0,1.572992281601651e-05,0.003973982491477936
s55-136-37,u037,2025-07-15,variable,hazard_cal,60,0.010460420923687486,0,0.00010942040590071895,0.010515515672947085
s55-136-37,u037,2025-07-15,variable,hazard_cal,120,0.0385573570836939,0,0.00148666978527948,0.03932036948585031
s55-136-46,u046,2025-07-15,variable,empirical,30,0.0011737089201877549,0,1.3775926293283055e-06,0.0011743982559415578
s55-136-46,u046,2025-07-15,variable,empirical,60,0.0046948356807511304,0,2.2041482069253932e-05,0.004705891037412617
s55-136-46,u046,2025-07-15,variable,empirical,120,0.017018779342723,0,0.0002896388503162951,0.017165263130094227
s55-136-46,u046,2025-07-15,variable,hazard,30,0.003275050716905259,0,1.072595719830165e-05,0.0032804254336927826
s55-136-46,u046,2025-07-15,variable,hazard,60,0.008590154206714828,0,7.379074929514046e-05,0.008627262243358497
s55-136-46,u046,2025-07-15,variable,hazard,120,0.03129726349175299,0,0.0009795187020722146,0.03179748762527858
s55-136-46,u046,2025-07-15,variable,hazard_cal,30,0.0029973260088403952,0,8.983963203271093e-06,0.0030018269866239583
s55-136-46,u046,2025-07-15,variable,hazard_cal,60,0.007912423285553749,0,6.260644224977318e-05,0.007943892615704615
s55-136-46,u046,2025-07-15,variable,hazard_cal,120,0.029280278536957582,0,0.0008573347112018189,0.029717501726707878
s55-136-50,u050,2025-07-15,regular,empirical,30,0.0011737089201877549,0,1.3775926293283055e-06,0.0011743982559415578
s55-136-50,u050,2025-07-15,regular,empirical,60,0.0046948356807511304,0,2.2041482069253932e-05,0.004705891037412617
s55-136-50,u050,2025-07-15,regular,empirical,120,0.017018779342723,0,0.0002896388503162951,0.017165263130094227
s55-136-50,u050,2025-07-15,regular,hazard,30,0.003119852922549682,0,9.733482258341791e-06,0.003124729809767648
s55-136-50,u050,2025-07-15,regular,hazard,60,0.008184246847820265,0,6.698189646605593e-05,0.008217921657216198
s55-136-50,u050,2025-07-15,regular,hazard,120,0.029836659575650515,0,0.0008902262546332576,0.030290829471030928
s55-136-50,u050,2025-07-15,regular,hazard_cal,30,0.0028524283268142048,0,8.136347359612084e-06,0.0028565042531977993
s55-136-50,u050,2025-07-15,regular,hazard_cal,60,0.00753092893762819,0,5.671489066360565e-05,0.007559429563917163
s55-136-50,u050,2025-07-15,regular,hazard_cal,120,0.027884957323345172,0,0.0007775708449247815,0.0282811248620701
s55-136-10,u010,2025-07-15,variable,empirical,30,0.0011737089201877549,0,1.3775926293283055e-06,0.0011743982559415578
s55-136-10,u010,2025-07-15,variable,empirical,60,0.0046948356807511304,0,2.2041482069253932e-05,0.004705891037412617
s55-136-10,u010,2025-07-15,variable,empirical,120,0.017018779342723,0,0.0002896388503162951,0.017165263130094227
s55-136-10,u010,2025-07-15,variable,hazard,30,0.0009405630192025338,0,8.84658793091386e-07,0.0009410056261539973
s55-136-10,u010,2025-07-15,variable,hazard,60,0.0024722839466461144,0,6.112187912844088e-06,0.002475345086982109
s55-136-10,u010,2025-07-15,variable,hazard,120,0.00909109306515421,0,8.264797311929497e-05,0.009132669225371993
s55-136-10,u010,2025-07-15,variable,hazard_cal,30,0.0008389897722467232,0,7.039038379346085e-07,0.0008393419211456841
s55-136-10,u010,2025-07-15,variable,hazard_cal,60,0.00221921927132418,0,4.924934174216624e-06,0.0022216853876554274
s55-136-10,u010,2025-07-15,variable,hazard_cal,120,0.008284847949148855,0,6.863870554051599e-05,0.00831935804134408
s55-136-18,u018,2025-07-15,regular,empirical,30,0.0011737089201877549,0,1.3775926293283055e-06,0.0011743982559415578
s55-136-18,u018,2025-07-15,regular,empirical,60,0.0046948356807511304,0,2.2041482069253932e-05,0.004705891037412617
s55-136-18,u018,2025-07-15,regular,empirical,120,0.017018779342723,0,0.0002896388503162951,0.017165263130094227
s55-136-18,u018,2025-07-15,regular,hazard,30,0.0010092864571122906,0,1.0186591525102797e-06,0.0010097961296544676
s55-136-18,u018,2025-07-15,regular,hazard,60,0.002652757761382407,0,7.0371237405746e-06,0.0026562825582541775
s55-136-18,u018,2025-07-15,regular,hazard,120,0.009752072543098955,0,9.510291888586452e-05,0.009799935431656415
s55-136-18,u018,2025-07-15,regular,hazard_cal,30,0.0009015952459952015,0,8.128739876011478e-07,0.0009020019274487533
s55-136-18,u018,2025-07-15,regular,hazard_cal,60,0.002384679322082528,0,5.686695469167985e-06,0.0023875271982322244
s55-136-18,u018,2025-07-15,regular,hazard_cal,120,0.008900271821441041,0,7.921483849553744e-05,0.008940115831888078
s55-136-29,u029,2025-07-15,regular,empirical,30,0.0011737089201877549,0,1.3775926293283055e-06,0.0011743982559415578
s55-136-29,u029,2025-07-15,regular,empirical,60,0.0046948356807511304,0,2.2041482069253932e-05,0.004705891037412617
s55-136-29,u029,2025-07-15,regular,empirical,120,0.017018779342723,0,0.0002896388503162951,0.017165263130094227
s55-136-29,u029,2025-07-15,regular,hazard,30,0.001621122204990888,0,2.6280372035145188e-06,0.001622437645444688
s55-136-29,u029,2025-07-15,regular,hazard,60,0.004258491966988798,0,1.813475383290812e-05,0.004267585168638178
s55-136-29,u029,2025-07-15,regular,hazard,120,0.01561714568144601,0,0.00024389523923550776,0.01574037800969407
s55-136-29,u029,2025-07-15,regular,hazard_cal,30,0.0014623114248646374,0,2.138354703289646e-06,0.0014633816456742657
s55-136-29,u029,2025-07-15,regular,hazard_cal,60,0.003865741035807835,0,1.494395375592863e-05,0.003873232325174547
s55-136-29,u029,2025-07-15,regular,hazard_cal,120,0.014395019177070978,0,0.00020721657710824122,0.014499632620958491
s55-136-36,u036,2025-07-15,regular,empirical,30,0.0011737089201877549,0,1.3775926293283055e-06,0.0011743982559415578
s55-136-36,u036,2025-07-15,regular,empirical,60,0.0046948356807511304,0,2.2041482069253932e-05,0.004705891037412617
s55-136-36,u036,2025-07-15,regular,empirical,120,0.017018779342723,0,0.0002896388503162951,0.017165263130094227
s55-136-36,u036,2025-07-15,regular,hazard,30,0.0007787273534497485,0,6.064162910108496e-07,0.0007790307190982309
s55-136-36,u036,2025-07-15,regular,hazard,60,0.0020471995181607916,0,4.191025867157777e-06,0.0020492978954481274
s55-136-36,u036,2025-07-15,regular,hazard,120,0.007532807643871098,0,5.674319099956284e-05,0.007561322527714069
s55-136-36,u036,2025-07-15,regular,hazard_cal,30,0.0006919461987943132,0,4.787895420258991e-07,0.000692185704054869
s55-136-36,u036,2025-07-15,regular,hazard_cal,60,0.0018305222277682498,0,3.350811626353636e-06,0.0018321996809709158
s55-136-36,u036,2025-07-15,regular,hazard_cal,120,0.006837860062510304,0,4.675633023447341e-05,0.006861345348254065
s55-136-4,u004,2025-07-15,variable,empirical,30,0.0011737089201877549,0,1.3775926293283055e-06,0.0011743982559415578
s55-136-4,u004,2025-07-15,variable,empirical,60,0.0046948356807511304,0,2.2041482069253932e-05,0.004705891037412617
s55-136-4,u004,2025-07-15,variable,empirical,120,0.017018779342723,0,0.0002896388503162951,0.017165263130094227
s55-136-4,u004,2025-07-15,variable,hazard,30,0.00070048132007694,0,4.906740797767324e-07,0.0007007267717463947
s55-136-4,u004,2025-07-15,variable,hazard,60,0.0018416300080942305,0,3.3916010867131553e-06,0.001843327893542349
s55-136-4,u004,2025-07-15,variable,hazard,120,0.006778506201935874,0,4.594814632968311e-05,0.006801584625718837
s55-136-4,u004,2025-07-15,variable,hazard_cal,30,0.0006210700868608532,0,3.857280527933477e-07,0.0006212630307791833
s55-136-4,u004,2025-07-15,variable,hazard_cal,60,0.0016431294984514677,0,2.6998745486813717e-06,0.0016444809162983755
s55-136-4,u004,2025-07-15,variable,hazard_cal,120,0.006139638073337728,0,3.7695155671578205e-05,0.006158563153029454
s55-136-32,u032,2025-07-15,variable,empirical,30,0.0011737089201877549,0,1.3775926293283055e-06,0.0011743982559415578
s55-136-32,u032,2025-07-15,variable,empirical,60,0.0046948356807511304,0,2.2041482069253932e-05,0.004705891037412617
s55-136-32,u032,2025-07-15,variable,empirical,120,0.017018779342723,0,0.0002896388503162951,0.017165263130094227
s55-136-32,u032,2025-07-15,variable,hazard,30,0.0008015441145331481,0,6.424729675427285e-07,0.0008018655227769872
s55-136-32,u032,2025-07-15,variable,hazard,60,0.0021071386159139394,0,4.440033146675712e-06,0.0021093617560125066
s55-136-32,u032,2025-07-15,variable,hazard,120,0.0077526553594650105,0,6.010366512264155e-05,0.00778286342177713
s55-136-32,u032,2025-07-15,variable,hazard_cal,30,0.0007126421480161405,0,5.078588311290586e-07,0.0007128961981367581
s55-136-32,u032,2025-07-15,variable,hazard_cal,60,0.001885236592991113,0,3.5541170115527394e-06,0.0018870158881100787
s55-136-32,u032,2025-07-15,variable,hazard_cal,120,0.007041648458528393,0,4.95848130134953e-05,0.00706655786945564
s55-136-13,u013,2025-07-15,variable,empirical,30,0.0011737089201877549,0,1.3775926293283055e-06,0.0011743982559415578
s55-136-13,u013,2025-07-15,variable,empirical,60,0.0046948356807511304,0,2.2041482069253932e-05,0.004705891037412617
s55-136-13,u013,2025-07-15,variable,empirical,120,0.017018779342723,0,0.0002896388503162951,0.017165263130094227
s55-136-13,u013,2025-07-15,variable,hazard,30,0.0010039138421300553,0,1.0078430024203296e-06,0.00100441810114792
s55-136-13,u013,2025-07-15,variable,hazard,60,0.002638649618156741,0,6.962471807398715e-06,0.0026421369900462744
s55-136-13,u013,2025-07-15,variable,hazard,120,0.00970041493703766,0,9.409804995070336e-05,0.009747770456318576
s55-136-13,u013,2025-07-15,variable,hazard_cal,30,0.0008966976744533284,0,8.040667193700073e-07,0.0008970999483096793
s55-136-13,u013,2025-07-15,variable,hazard_cal,60,0.0023717362187383184,0,5.6251326912751365e-06,0.0023745532401198374
s55-136-13,u013,2025-07-15,variable,hazard_cal,120,0.008852141686044646,0,7.836041242980934e-05,0.008891554657457775
s55-136-25,u025,2025-07-15,variable,empirical,30,0.0011737089201877549,0,1.3775926293283055e-06,0.0011743982559415578
s55-136-25,u025,2025-07-15,variable,empirical,60,0.0046948356807511304,0,2.2041482069253932e-05,0.004705891037412617
s55-136-25,u025,2025-07-15,variable,empirical,120,0.017018779342723,0,0.0002896388503162951,0.017165263130094227
s55-136-25,u025,2025-07-15,variable,hazard,30,0.0008080691904687187,0,6.529758165847705e-07,0.0008083958543668876
s55-136-25,u025,2025-07-15,variable,hazard,60,0.002124279377549554,0,4.5125628738823204e-06,0.002126538859400719
s55-136-25,u025,2025-07-15,variable,hazard,120,0.007815517796960547,0,6.108231843460705e-05,0.007846219024792782
s55-136-25,u025,2025-07-15,variable,hazard_cal,30,0.0007185629629632428,0,5.163327317425147e-07,0.0007188212530683281
s55-136-25,u025,2025-07-15,variable,hazard_cal,60,0.0019008892041006975,0,3.6133797662665834e-06,0.0019026981867977936
s55-136-25,u025,2025-07-15,variable,hazard_cal,120,0.007099941617780048,0,5.040917097588516e-05,0.007125266142892554
s55-136-33,u033,2025-07-15,regular,empirical,30,0.0011737089201877549,0,1.3775926293283055e-06,0.0011743982559415578
s55-136-33,u033,2025-07-15,regular,empirical,60,0.0046948356807511304,0,2.2041482069253932e-05,0.004705891037412617
s55-136-33,u033,2025-07-15,regular,empirical,120,0.017018779342723,0,0.0002896388503162951,0.017165263130094227
s55-136-33,u033,2025-07-15,regular,hazard,30,0.0016422502198156774,0,2.6969857844846408e-06,0.001643600190903911
s55-136-33,u033,2025-07-15,regular,hazard,60,0.004313909326945753,0,1.860981368110956e-05,0.004323241081017084
s55-136-33,u033,2025-07-15,regular,hazard,120,0.015819053272583594,0,0.0002502424464408377,0.015945509884757823
s55-136-33,u033,2025-07-15,regular,hazard_cal,30,0.001481764107941097,0,2.1956248715824752e-06,0.001482863006049554
s55-136-33,u033,2025-07-15,regular,hazard_cal,60,0.003917095250739799,0,1.5343635203368293e-05,0.003924787161543506
s55-136-33,u033,2025-07-15,regular,hazard_cal,120,0.014585091875543132,0,0.0002127249050180343,0.014692499978743351
s55-136-57,u057,2025-07-15,new,empirical,30,0.0011737089201877549,0,1.3775926293283055e-06,0.0011743982559415578
s55-136-57,u057,2025-07-15,new,empirical,60,0.0046948356807511304,0,2.2041482069253932e-05,0.004705891037412617
s55-136-57,u057,2025-07-15,new,empirical,120,0.017018779342723,0,0.0002896388503162951,0.017165263130094227
s55-136-57,u057,2025-07-15,new,hazard,30,0.0010378098540508862,0,1.0770492931651217e-06,0.0010383487515785085
s55-136-57,u057,2025-07-15,new,hazard,60,0.00272765605339631,0,7.440107545629534e-06,0.002731382885722987
s55-136-57,u057,2025-07-15,new,hazard,120,0.010026279091863155,0,0.00010052627242793226,0.010076880743049415
s55-136-57,u057,2025-07-15,new,hazard_cal,30,0.0009276055445431863,0,8.604520462672612e-07,0.0009280360368049148
s55-136-57,u057,2025-07-15,new,hazard_cal,60,0.0024534163155576216,0,6.019251617444335e-06,0.0024564308730187145
s55-136-57,u057,2025-07-15,new,hazard_cal,120,0.009155844422837567,0,8.382948709520578e-05,0.009198016779445478
s55-137-56,u056,2025-07-16,new,empirical,30,0.0011737089201877549,0,1.3775926293283055e-06,0.0011743982559415578
s55-137-56,u056,2025-07-16,new,empirical,60,0.0046948356807511304,0,2.2041482069253932e-05,0.004705891037412617
s55-137-56,u056,2025-07-16,new,empirical,120,0.017018779342723,1,0.9662520801648703,4.073437877402787
s55-137-56,u056,2025-07-16,new,hazard,30,0.0011848313673552546,0,1.4038253690689223e-06,0.0011855338349650484
s55-137-56,u056,2025-07-16,new,hazard,60,0.003113651144295626,0,9.694823448373462e-06,0.00311850864167527
s55-137-56,u056,2025-07-16,new,hazard,120,0.011438441744547445,1,0.9772539544604485,4.470775513449023
s55-137-56,u056,2025-07-16,new,hazard_cal,30,0.0010618989769531906,0,1.1276294372542327e-06,0.0010624631911328236
s55-137-56,u056,2025-07-16,new,hazard_cal,60,0.002808258688662635,0,7.886316862449182e-06,0.002812209244949988
s55-137-56,u056,2025-07-16,new,hazard_cal,120,0.010474327359287439,1,0.9791610568150546,4.558828029146244
s55-137-18,u018,2025-07-16,regular,empirical,30,0.0011737089201877549,0,1.3775926293283055e-06,0.0011743982559415578
s55-137-18,u018,2025-07-16,regular,empirical,60,0.0046948356807511304,0,2.2041482069253932e-05,0.004705891037412617
s55-137-18,u018,2025-07-16,regular,empirical,120,0.017018779342723,0,0.0002896388503162951,0.017165263130094227
s55-137-18,u018,2025-07-16,regular,hazard,30,0.0012608952491086622,0,1.5898568292247954e-06,0.0012616908463701315
s55-137-18,u018,2025-07-16,regular,hazard,60,0.0033133109749001743,0,1.0978029616393944e-05,0.003318812144459742
s55-137-18,u018,2025-07-16,regular,hazard,120,0.012168249658409014,0,0.00014806629974937108,0.012242888912325929
s55-137-18,u018,2025-07-16,regular,hazard_cal,30,0.0011315156524431824,0,1.2803276717239209e-06,0.0011321562995928256
s55-137-18,u018,2025-07-16,regular,hazard_cal,60,0.002992171480263317,0,8.95309016730117e-06,0.002996656975161532
s55-137-18,u018,2025-07-16,regular,hazard_cal,120,0.011157119881455846,0,0.00012448132404917732,0.01121982740330076
s55-137-20,u020,2025-07-16,regular,empirical,30,0.0011737089201877549,0,1.3775926293283055e-06,0.0011743982559415578
s55-137-20,u020,2025-07-16,regular,empirical,60,0.0046948356807511304,0,2.2041482069253932e-05,0.004705891037412617
s55-137-20,u020,2025-07-16,regular,empirical,120,0.017018779342723,0,0.0002896388503162951,0.017165263130094227
s55-137-20,u020,2025-07-16,regular,hazard,30,0.0007969947474449901,0,6.352006274549035e-07,0.000797312516610173
s55-137-20,u020,2025-07-16,regular,hazard,60,0.0020951877347464842,0,4.389811643832104e-06,0.0020973857112206056
s55-137-20,u020,2025-07-16,regular,hazard,120,0.007708824483776078,0,5.9425974921665514e-05,0.007738691061048553
s55-137-20,u020,2025-07-16,regular,hazard_cal,30,0.0007085146653464935,0,5.019930310110537e-07,0.0007087657804815088
s55-137-20,u020,2025-07-16,regular,hazard_cal,60,0.0018743248379399224,0,3.5130935981185166e-06,0.0018760835827219351
s55-137-20,u020,2025-07-16,regular,hazard_cal,120,0.007001009435598893,0,4.9014133117344725e-05,0.0070256314889402555
s55-137-16,u016,2025-07-16,variable,empirical,30,0.0011737089201877549,0,1.3775926293283055e-06,0.0011743982559415578
s55-137-16,u016,2025-07-16,variable,empirical,60,0.0046948356807511304,0,2.2041482069253932e-05,0.004705891037412617
s55-137-16,u016,2025-07-16,variable,empirical,120,0.017018779342723,0,0.0002896388503162951,0.017165263130094227
s55-137-16,u016,2025-07-16,variable,hazard,30,0.00037382273662245336,0,1.3974343841590012e-07,0.00037389262575963635
s55-137-16,u016,2025-07-16,variable,hazard,60,0.0009831081623390414,0,9.66501658857647e-07,0.0009835917301274086
s55-137-16,u016,2025-07-16,variable,hazard,120,0.0036232340425484955,0,1.3127824927082313e-05,0.003629813853282974
s55-137-16,u016,2025-07-16,variable,hazard_cal,30,0.0003272071986312186,0,1.0706455083608975e-07,0.0003272607425869337
s55-137-16,u016,2025-07-16,variable,hazard_cal,60,0.0008659088877167598,0,7.497982018268761e-07,0.0008662840033772957
s55-137-16,u016,2025-07-16,variable,hazard_cal,120,0.0032394023287475315,0,1.049372744749493e-05,0.003244660551207438
s55-137-24,u024,2025-07-16,variable,empirical,30,0.0011737089201877549,0,1.3775926293283055e-06,0.0011743982559415578
s55-137-24,u024,2025-07-16,variable,empirical,60,0.0046948356807511304,0,2.2041482069253932e-05,0.004705891037412617
s55-137-24,u024,2025-07-16,variable,empirical,120,0.017018779342723,0,0.0002896388503162951,0.017165263130094227
s55-137-24,u024,2025-07-16,variable,hazard,30,0.0003257077107947648,0,1.0608551287116614e-07,0.00032576076507163785
s55-137-24,u024,2025-07-16,variable,hazard,60,0.0008566092166643058,0,7.337793500742356e-07,0.0008569763159947614
s55-137-24,u024,2025-07-16,variable,hazard,120,0.0031576272492168656,0,9.970609844996868e-06,0.003162623073545356
s55-137-24,u024,2025-07-16,variable,hazard_cal,30,0.0002842891000817138,0,8.08202924252707e-08,0.0002843295178883359
s55-137-24,u024,2025-07-16,variable,hazard_cal,60,0.0007523619341138765,0,5.660484799035731e-07,0.0007526451003917557
s55-137-24,u024,2025-07-16,variable,hazard_cal,120,0.0028151123566526604,0,7.924857580578495e-06,0.0028190822376340675
s55-137-25,u025,2025-07-16,variable,empirical,30,0.0011737089201877549,0,1.3775926293283055e-06,0.0011743982559415578
s55-137-25,u025,2025-07-16,variable,empirical,60,0.0046948356807511304,1,0.990632370120567,5.361292165709434
s55-137-25,u025,2025-07-16,variable,empirical,120,0.017018779342723,1,0.9662520801648703,4.073437877402787
s55-137-25,u025,2025-07-16,variable,hazard,30,0.0008504170497487529,0,7.232091585033728e-07,0.0008507788594686511
s55-137-25,u025,2025-07-16,variable,hazard,60,0.0022355182513630334,1,0.9955339610391261,6.103282197992082
s55-137-25,u025,2025-07-16,variable,hazard,120,0.008223398648742108,1,0.9836208269878519,4.8007716944479295
s55-137-25,u025,2025-07-16,variable,hazard_cal,30,0.0007570127191014464,0,5.730682568813654e-07,0.0007572993979186918
s55-137-25,u025,2025-07-16,variable,hazard_cal,60,0.002002533040446397,1,0.9959989440576853,6.213342379559177
s55-137-25,u025,2025-07-16,variable,hazard_cal,120,0.00747841297728824,1,0.9850991007060824,4.89573467831847
s55-137-39,u039,2025-07-16,regular,empirical,30,0.0011737089201877549,0,1.3775926293283055e-06,0.0011743982559415578
s55-137-39,u039,2025-07-16,regular,empirical,60,0.0046948356807511304,0,2.2041482069253932e-05,0.004705891037412617
s55-137-39,u039,2025-07-16,regular,empirical,120,0.017018779342723,0,0.0002896388503162951,0.017165263130094227
s55-137-39,u039,2025-07-16,regular,hazard,30,0.0029700023397906117,0,8.820913898361708e-06,0.002974421548949895
s55-137-39,u039,2025-07-16,regular,hazard,60,0.0077922151166144316,0,6.071861642359446e-05,0.007822733063137226
s55-137-39,u039,2025-07-16,regular,hazard,120,0.02842427584866447,0,0.0008079394575209704,0.02883606760127981
s55-137-39,u039,2025-07-16,regular,hazard_cal,30,0.002712665154716243,0,7.3585522416116976e-06,0.0027163510981663168
s55-137-39,u039,2025-07-16,regular,hazard_cal,60,0.007162855839307425,0,5.1306503774700476e-05,0.007188632253441181
s55-137-39,u039,2025-07-16,regular,hazard_cal,120,0.026537157988267057,0,0.0007042207540942461,0.02689562437782889
s55-137-5,u005,2025-07-16,variable,empirical,30,0.0011737089201877549,0,1.3775926293283055e-06,0.0011743982559415578
s55-137-5,u005,2025-07-16,variable,empirical,60,0.0046948356807511304,0,2.2041482069253932e-05,0.004705891037412617
s55-137-5,u005,2025-07-16,variable,empirical,120,0.017018779342723,0,0.0002896388503162951,0.017165263130094227
s55-137-5,u005,2025-07-16,variable,hazard,30,0.0003288043105531546,0,1.0811227463833534e-07,0.00032885837854265725
s55-137-5,u005,2025-07-16,variable,hazard,60,0.0008647508050935171,0,7.47793954909886e-07,0.000865124917762676
s55-137-5,u005,2025-07-16,variable,hazard,120,0.003187599494564042,0,1.0160790537744935e-05,0.003192690711886252
s55-137-5,u005,2025-07-16,variable,hazard_cal,30,0.000287047514313743,0,8.239627547369847e-08,0.00028708872033705955
s55-137-5,u005,2025-07-16,variable,hazard_cal,60,0.0007596600482338012,0,5.770833888825812e-07,0.0007599487361406144
s55-137-5,u005,2025-07-16,variable,hazard_cal,120,0.00284238764141842,0,8.079167504088169e-06,0.0028464348962345177
s55-137-12,u012,2025-07-16,variable,empirical,30,0.0011737089201877549,0,1.3775926293283055e-06,0.0011743982559415578
s55-137-12,u012,2025-07-16,variable,empirical,60,0.0046948356807511304,0,2.2041482069253932e-05,0.004705891037412617
s55-137-12,u012,2025-07-16,variable,empirical,120,0.017018779342723,0,0.0002896388503162951,0.017165263130094227
s55-137-12,u012,2025-07-16,variable,hazard,30,0.002849699530033445,0,8.120787411472837e-06,0.0028537676541983436
s55-137-12,u012,2025-07-16,variable,hazard,60,0.007477406898112271,0,5.5911613919936975e-05,0.007505502849266275
s55-137-12,u012,2025-07-16,variable,hazard,120,0.027288890316396697,0,0.0007446835347003294,0.027668147681678953
s55-137-12,u012,2025-07-16,variable,hazard_cal,30,0.0026005664299530995,0,6.7629457565990095e-06,0.0026039537767861653
s55-137-12,u012,2025-07-16,variable,hazard_cal,60,0.006867569443708033,0,4.7163510064152253e-05,0.006891259724138965
s55-137-12,u012,2025-07-16,variable,hazard_cal,120,0.025454773643884487,0,0.0006479455012613964,0.025784351305250364
s55-137-13,u013,2025-07-16,variable,empirical,30,0.0011737089201877549,0,1.3775926293283055e-06,0.0011743982559415578
s55-137-13,u013,2025-07-16,variable,empirical,60,0.0046948356807511304,0,2.2041482069253932e-05,0.004705891037412617
s55-137-13,u013,2025-07-16,variable,empirical,120,0.017018779342723,0,0.0002896388503162951,0.017165263130094227
s55-137-13,u013,2025-07-16,variable,hazard,30,0.0008796887441088197,0,7.738522865117525e-07,0.0008800758973182748
s55-137-13,u013,2025-07-16,variable,hazard,60,0.002312403764991311,0,5.34721117234599e-06,0.002315081499375982
s55-137-13,u013,2025-07-16,variable,hazard,120,0.008505235395105726,0,7.233902912615925e-05,0.00854161131369127
s55-137-13,u013,2025-07-16,variable,hazard_cal,30,0.0007836131187601847,0,6.140495198930633e-07,0.0007839203040068744
s55-137-13,u013,2025-07-16,variable,hazard_cal,60,0.002072848278558026,0,4.2966999859209714e-06,0.002074999601976451
s55-137-13,u013,2025-07-16,variable,hazard_cal,120,0.007740162474822343,0,5.991011513664794e-05,0.007770273006630132
s55-137-21,u021,2025-07-16,regular,empirical,30,0.0011737089201877549,0,1.3775926293283055e-06,0.0011743982559415578
s55-137-21,u021,2025-07-16,regular,empirical,60,0.0046948356807511304,0,2.2041482069253932e-05,0.004705891037412617
s55-137-21,u021,2025-07-16,regular,empirical,120,0.017018779342723,0,0.0002896388503162951,0.017165263130094227
s55-137-21,u021,2025-07-16,regular,hazard,30,0.002330668266311009,0,5.432014567589165e-06,0.0023333885010599384
s55-137-21,u021,2025-07-16,regular,hazard,60,0.006118410811071784,0,3.7434950853040084e-05,0.006137204986035155
s55-137-21,u021,2025-07-16,regular,hazard,120,0.02237507895875812,0,0.0005006441584106604,0.02262919882625984
s55-137-21,u021,2025-07-16,regular,hazard_cal,30,0.0021181136797780997,0,4.486405560463123e-06,0.002120360055171162
s55-137-21,u021,2025-07-16,regular,hazard_cal,60,0.005596009053379869,0,3.131531732550946e-05,0.00561172537190734
s55-137-21,u021,2025-07-16,regular,hazard_cal,120,0.02078247498878405,0,0.0004319112666594346,0.02100147010970363
s55-137-23,u023,2025-07-16,variable,empirical,30,0.0011737089201877549,0,1.3775926293283055e-06,0.0011743982559415578
s55-137-23,u023,2025-07-16,variable,empirical,60,0.0046948356807511304,0,2.2041482069253932e-05,0.004705891037412617
s55-137-23,u023,2025-07-16,variable,empirical,120,0.017018779342723,1,0.9662520801648703,4.073437877402787
s55-137-23,u023,2025-07-16,variable,hazard,30,0.001123540965444314,0,1.2623443010315412e-06,0.0011241726107587447
s55-137-23,u023,2025-07-16,variable,hazard,60,0.002952749944344246,0,8.718732233824949e-06,0.0029571179109222734
s55-137-23,u023,2025-07-16,variable,hazard,120,0.010849985442286214,1,0.9784177512995254,4.523591540721341
s55-137-23,u023,2025-07-16,variable,hazard_cal,30,0.0010058703061446295,0,1.0117750727834906e-06,0.0010063765331753168
s55-137-23,u023,2025-07-16,variable,hazard_cal,60,0.002660225351216461,0,7.076798919254742e-06,0.0026637700385163604
s55-137-23,u023,2025-07-16,variable,hazard_cal,120,0.009924457998123137,1,0.9802495788703103,4.612753063660943
s55-137-27,u027,2025-07-16,variable,empirical,30,0.0011737089201877549,0,1.3775926293283055e-06,0.0011743982559415578
s55-137-27,u027,2025-07-16,variable,empirical,60,0.0046948356807511304,0,2.2041482069253932e-05,0.004705891037412617
s55-137-27,u027,2025-07-16,variable,empirical,120,0.017018779342723,0,0.0002896388503162951,0.017165263130094227
s55-137-27,u027,2025-07-16,variable,hazard,30,0.002977992502028126,0,8.868439342135738e-06,0.002982435544790413
s55-137-27,u027,2025-07-16,variable,hazard,60,0.007813121303825943,0,6.10448645082988e-05,0.007843803657204006
s55-137-27,u027,2025-07-16,variable,hazard,120,0.028499637583141668,0,0.0008122293423704211,0.028913637115964216
s55-137-27,u027,2025-07-16,variable,hazard_cal,30,0.002720113811366054,0,7.3990191467843606e-06,0.0027238200433803914
s55-137-27,u027,2025-07-16,variable,hazard_cal,60,0.007182474645378467,0,5.158794203150454e-05,0.007208392795264367
s55-137-27,u027,2025-07-16,variable,hazard_cal,120,0.026609036401285535,0,0.0007080408182049386,0.026969464963951993
s55-137-4,u004,2025-07-16,variable,empirical,30,0.0011737089201877549,0,1.3775926293283055e-06,0.0011743982559415578
s55-137-4,u004,2025-07-16,variable,empirical,60,0.0046948356807511304,0,2.2041482069253932e-05,0.004705891037412617
s55-137-4,u004,2025-07-16,variable,empirical,120,0.017018779342723,0,0.0002896388503162951,0.017165263130094227
s55-137-4,u004,2025-07-16,variable,hazard,30,0.0008451410348853106,0,7.142633688470138e-07,0.0008454983679151243
s55-137-4,u004,2025-07-16,variable,hazard,60,0.0022216597458496468,0,4.935772026328717e-06,0.0022241312931661258
s55-137-4,u004,2025-07-16,variable,hazard,120,0.008172590995813689,0,6.679124358485498e-05,0.008206169692720689
s55-137-4,u004,2025-07-16,variable,hazard_cal,30,0.0007522201704805997,0,5.658351848778625e-07,0.0007525032300306757
s55-137-4,u004,2025-07-16,variable,hazard_cal,60,0.0019898640955726687,0,3.959559118849235e-06,0.0019918465053860453
s55-137-4,u004,2025-07-16,variable,hazard_cal,120,0.007431246589071794,0,5.522342586759117e-05,0.007458995861938073
s55-137-47,u047,2025-07-16,regular,empirical,30,0.0011737089201877549,0,1.3775926293283055e-06,0.0011743982559415578
s55-137-47,u047,2025-07-16,regular,empirical,60,0.0046948356807511304,0,2.2041482069253932e-05,0.004705891037412617
s55-137-47,u047,2025-07-16,regular,empirical,120,0.017018779342723,0,0.0002896388503162951,0.017165263130094227
s55-137-47,u047,2025-07-16,regular,hazard,30,0.0011676496822836668,0,1.363405780537148e-06,0.0011683319162991976
s55-137-47,u047,2025-07-16,regular,hazard,60,0.0030685471468022696,0,9.415981592148349e-06,0.0030732647909458887
s55-137-47,u047,2025-07-16,regular,hazard,120,0.011273513957157144,0,0.00012709211694221693,0.011337541682078886
s55-137-47,u047,2025-07-16,regular,hazard_cal,30,0.0010461861640475023,0,1.0945054898444274e-06,0.001046733798777661
s55-137-47,u047,2025-07-16,regular,hazard_cal,60,0.0027667454201123487,0,7.654880219712658e-06,0.002770579934605599
s55-137-47,u047,2025-07-16,regular,hazard_cal,120,0.01032015188132418,0,0.00010650553485359902,0.010373773892656517
s55-137-50,u050,2025-07-16,regular,empirical,30,0.0011737089201877549,0,1.3775926293283055e-06,0.0011743982559415578
s55-137-50,u050,2025-07-16,regular,empirical,60,0.0046948356807511304,0,2.2041482069253932e-05,0.004705891037412617
s55-137-50,u050,2025-07-16,regular,empirical,120,0.017018779342723,0,0.0002896388503162951,0.017165263130094227
s55-137-50,u050,2025-07-16,regular,hazard,30,0.003097849455778401,0,9.596671250666534e-06,0.0031026577241659034
s55-137-50,u050,2025-07-16,regular,hazard,60,0.008126689202929693,0,6.604307740101406e-05,0.008159890743044462
s55-137-50,u050,2025-07-16,regular,hazard,120,0.02962940027526806,0,0.0008779013606720549,0.03007721887975765
s55-137-50,u050,2025-07-16,regular,hazard_cal,30,0.002831897145213924,0,8.019641441070773e-06,0.002835914552316202
s55-137-50,u050,2025-07-16,regular,hazard_cal,60,0.007476865053014481,0,5.5903511020989234e-05,0.007504956922197559
s55-137-50,u050,2025-07-16,regular,hazard_cal,120,0.027687084197629996,0,0.0007665746313666527,0.028077596492160205
s55-137-54,u054,2025-07-16,new,empirical,30,0.0011737089201877549,0,1.3775926293283055e-06,0.0011743982559415578
s55-137-54,u054,2025-07-16,new,empirical,60,0.0046948356807511304,0,2.2041482069253932e-05,0.004705891037412617
s55-137-54,u054,2025-07-16,new,empirical,120,0.017018779342723,0,0.0002896388503162951,0.017165263130094227
s55-137-54,u054,2025-07-16,new,hazard,30,0.0009416904507059121,0,8.867809049507037e-07,0.0009421341197128341
s55-137-54,u054,2025-07-16,new,hazard,60,0.0024752448644651537,0,6.126837139061117e-06,0.0024783133475785603
s55-137-54,u054,2025-07-16,new,hazard,120,0.009101940244129914,0,8.28453162077117e-05,0.00914361598169905
s55-137-54,u054,2025-07-16,new,hazard_cal,30,0.0008400160951653746,0,7.056270401368836e-07,0.0008403691063893611
s55-137-54,u054,2025-07-16,new,hazard_cal,60,0.0022219318956223644,0,4.936981348783993e-06,0.0022244040489464963
s55-137-54,u054,2025-07-16,new,hazard_cal,120,0.008294940018310326,0,6.880602990736611e-05,0.008329534472037216
s55-137-22,u022,2025-07-16,variable,empirical,30,0.0011737089201877549,0,1.3775926293283055e-06,0.0011743982559415578
s55-137-22,u022,2025-07-16,variable,empirical,60,0.0046948356807511304,0,2.2041482069253932e-05,0.004705891037412617
s55-137-22,u022,2025-07-16,variable,empirical,120,0.017018779342723,0,0.0002896388503162951,0.017165263130094227
s55-137-22,u022,2025-07-16,variable,hazard,30,0.0012990105597366908,0,1.6874284343074308e-06,0.0012998550053288905
s55-137-22,u022,2025-07-16,variable,hazard,60,0.003413349271238264,0,1.1650953247462789e-05,0.0034191880381486987
s55-137-22,u022,2025-07-16,variable,hazard,120,0.0125337494106329,0,0.00015709487428854056,0.012612959409256476
s55-137-22,u022,2025-07-16,variable,hazard_cal,30,0.0011664332111436249,0,1.360566436058828e-06,0.0011671140238281642
s55-137-22,u022,2025-07-16,variable,hazard_cal,60,0.0030844074815858935,0,9.513569512463034e-06,0.003089174070266763
s55-137-22,u022,2025-07-16,variable,hazard_cal,120,0.011499407831066177,0,0.00013223638046518612,0.01156603731354289
s55-137-32,u032,2025-07-16,variable,empirical,30,0.0011737089201877549,0,1.3775926293283055e-06,0.0011743982559415578
s55-137-32,u032,2025-07-16,variable,empirical,60,0.0046948356807511304,0,2.2041482069253932e-05,0.004705891037412617
s55-137-32,u032,2025-07-16,variable,empirical,120,0.017018779342723,0,0.0002896388503162951,0.017165263130094227
s55-137-32,u032,2025-07-16,variable,hazard,30,0.0008146169445371054,0,6.636007663269694e-07,0.0008149489252239085
s55-137-32,u032,2025-07-16,variable,hazard,60,0.0021414795067444814,0,4.585934477806587e-06,0.0021437757528116747
s55-137-32,u032,2025-07-16,variable,hazard,120,0.007878594682603768,0,6.207225417275237e-05,0.007909794793086537
s55-137-32,u032,2025-07-16,variable,hazard_cal,30,0.0007245053442377358,0,5.249079938290401e-07,0.000724767925069788
s55-137-32,u032,2025-07-16,variable,hazard_cal,60,0.0019165986565847781,0,3.6733504104225764e-06,0.001918437681948033
s55-137-32,u032,2025-07-16,variable,hazard_cal,120,0.007158443625457478,0,5.12433151388528e-05,0.007184188217405779
s55-137-43,u043,2025-07-16,regular,empirical,30,0.0011737089201877549,0,1.3775926293283055e-06,0.0011743982559415578
s55-137-43,u043,2025-07-16,regular,empirical,60,0.0046948356807511304,0,2.2041482069253932e-05,0.004705891037412617
s55-137-43,u043,2025-07-16,regular,empirical,120,0.017018779342723,0,0.0002896388503162951,0.017165263130094227
s55-137-43,u043,2025-07-16,regular,hazard,30,0.0032984465899974502,0,1.0879749907065807e-05,0.0033038984567128516
s55-137-43,u043,2025-07-16,regular,hazard,60,0.00865133421810449,0,7.484558375334562e-05,0.008688974258262898
s55-137-43,u043,2025-07-16,regular,hazard,120,0.03151725562167729,0,0.0009933374019221485,0.03202461314634053
s55-137-43,u043,2025-07-16,regular,hazard_cal,30,0.0030191817205980076,0,9.115458261993146e-06,0.0030237486442938524
s55-137-43,u043,2025-07-16,regular,hazard_cal,60,0.007969957270141603,0,6.3520218887883e-05,0.008001887145908014
s55-137-43,u043,2025-07-16,regular,hazard_cal,120,0.02949056661560301,0,0.0008696935193093187,0.029934156292133994
s55-137-30,u030,2025-07-16,variable,empirical,30,0.0011737089201877549,0,1.3775926293283055e-06,0.0011743982559415578
s55-137-30,u030,2025-07-16,variable,empirical,60,0.0046948356807511304,0,2.2041482069253932e-05,0.004705891037412617
s55-137-30,u030,2025-07-16,variable,empirical,120,0.017018779342723,0,0.0002896388503162951,0.017165263130094227
s55-137-30,u030,2025-07-16,variable,hazard,30,0.00163780863287466,0,2.6824171179187627e-06,0.0016391513076634574
s55-137-30,u030,2025-07-16,variable,hazard,60,0.004302259521512419,0,1.850943699044427e-05,0.00431154087008715
s55-137-30,u030,2025-07-16,variable,hazard,120,0.01577661118930329,0,0.0002489014606184498,0.01590238654620322
s55-137-30,u030,2025-07-16,variable,hazard_cal,30,0.0014776742822105726,0,2.183521284306531e-06,0.0014787671195571602
s55-137-30,u030,2025-07-16,variable,hazard_cal,60,0.003906298447097001,0,1.525916755779244e-05,0.0039139479582231285
s55-137-30,u030,2025-07-16,variable,hazard_cal,120,0.014545133155598244,0,0.00021156089851408335,0.014651950653305558
s55-137-38,u038,2025-07-16,variable,empirical,30,0.0011737089201877549,0,1.3775926293283055e-06,0.0011743982559415578
s55-137-38,u038,2025-07-16,variable,empirical,60,0.0046948356807511304,0,2.2041482069253932e-05,0.004705891037412617
s55-137-38,u038,2025-07-16,variable,empirical,120,0.017018779342723,0,0.0002896388503162951,0.017165263130094227
s55-137-38,u038,2025-07-16,variable,hazard,30,0.0009774888346411048,0,9.554844218480252e-07,0.0009779668884055631
s55-137-38,u038,2025-07-16,variable,hazard,60,0.0025692572196650554,0,6.601082660801011e-06,0.0025725634252045625
s55-137-38,u038,2025-07-16,variable,hazard,120,0.009446299409353598,0,8.923257253115413e-05,0.009491198673927101
s55-137-38,u038,2025-07-16,variable,hazard_cal,30,0.000872617057946834,0,7.614605298197882e-07,0.0008729980098446164
s55-137-38,u038,2025-07-16,variable,hazard_cal,60,0.002308095234159979,0,5.327303609952009e-06,0.0023107629917144797
s55-137-38,u038,2025-07-16,variable,hazard_cal,120,0.00861545870383118,0,7.422612867742043e-05,0.008652786319160295
s55-137-45,u045,2025-07-16,regular,empirical,30,0.0011737089201877549,0,1.3775926293283055e-06,0.0011743982559415578
s55-137-45,u045,2025-07-16,regular,empirical,60,0.0046948356807511304,0,2.2041482069253932e-05,0.004705891037412617
s55-137-45,u045,2025-07-16,regular,empirical,120,0.017018779342723,0,0.0002896388503162951,0.017165263130094227
s55-137-45,u045,2025-07-16,regular,hazard,30,0.0014774686339315002,0,2.1829135642514133e-06,0.0014785611669684208
s55-137-45,u045,2025-07-16,regular,hazard,60,0.0038816414754827555,0,1.5067140544187943e-05,0.0038891945977655613
s55-137-45,u045,2025-07-16,regular,hazard,120,0.014243229363787524,0,0.00020286958270945916,0.01434563773547279
s55-137-45,u045,2025-07-16,regular,hazard_cal,30,0.0013301911631099506,0,1.7694085304158032e-06,0.0013310766527092244
s55-137-45,u045,2025-07-16,regular,hazard_cal,60,0.003516900448361504,0,1.2368588763685348e-05,0.003523099280795221
s55-137-45,u045,2025-07-16,regular,hazard_cal,120,0.013103086586056967,0,0.000171690878081706,0.013189689366120753
s55-137-14,u014,2025-07-16,regular,empirical,30,0.0011737089201877549,0,1.3775926293283055e-06,0.0011743982559415578
s55-137-14,u014,2025-07-16,regular,empirical,60,0.0046948356807511304,0,2.2041482069253932e-05,0.004705891037412617
s55-137-14,u014,2025-07-16,regular,empirical,120,0.017018779342723,0,0.0002896388503162951,0.017165263130094227
s55-137-14,u014,2025-07-16,regular,hazard,30,0.00046409410094672143,0,2.1538333453354567e-07,0.00046420182594496837
s55-137-14,u014,2025-07-16,regular,hazard,60,0.0012204100567749787,0,1.4894007066775068e-06,0.0012211553635766384
s55-137-14,u014,2025-07-16,regular,hazard,120,0.004496194682303667,0,2.0215766621175773e-05,0.004506332966159901
s55-137-14,u014,2025-07-16,regular,hazard_cal,30,0.000408025034238535,0,1.6648442856535763e-07,0.00040810829910302074
s55-137-14,u014,2025-07-16,regular,hazard_cal,60,0.0010797013875283312,0,1.1657550862306037e-06,0.0010802846849672812
s55-137-14,u014,2025-07-16,regular,hazard_cal,120,0.00403787466494443,0,1.630443180980009e-05,0.004046048892607404
s55-137-2,u002,2025-07-16,variable,empirical,30,0.0011737089201877549,0,1.3775926293283055e-06,0.0011743982559415578
s55-137-2,u002,2025-07-16,variable,empirical,60,0.0046948356807511304,0,2.2041482069253932e-05,0.004705891037412617
s55-137-2,u002,2025-07-16,variable,empirical,120,0.017018779342723,0,0.0002896388503162951,0.017165263130094227
s55-137-2,u002,2025-07-16,variable,hazard,30,0.0004742923435442359,0,2.2495322714468346e-07,0.0004744048557349951
s55-137-2,u002,2025-07-16,variable,hazard,60,0.0012472163409616988,0,1.5555486011618883e-06,0.001247994762569695
s55-137-2,u002,2025-07-16,variable,hazard,120,0.004594767366522312,0,2.1111887152458383e-05,0.0046053557566743605
s55-137-2,u002,2025-07-16,variable,hazard_cal,30,0.00041717686851450164,0,1.7403653962356578e-07,0.00041726391099322765
s55-137-2,u002,2025-07-16,variable,hazard_cal,60,0.0011039092928204486,0,1.218615726775343e-06,0.0011045190494691623
s55-137-2,u002,2025-07-16,variable,hazard_cal,120,0.00412825308319742,0,1.7042473518929e-05,0.004136797844690278
s55-137-40,u040,2025-07-16,variable,empirical,30,0.0011737089201877549,0,1.3775926293283055e-06,0.0011743982559415578
s55-137-40,u040,2025-07-16,variable,empirical,60,0.0046948356807511304,0,2.2041482069253932e-05,0.004705891037412617
s55-137-40,u040,2025-07-16,variable,empirical,120,0.017018779342723,0,0.0002896388503162951,0.017165263130094227
s55-137-40,u040,2025-07-16,variable,hazard,30,0.0007717100241750874,0,5.95536361412314e-07,0.0007720079456383075
s55-137-40,u040,2025-07-16,variable,hazard,60,0.0020287646549920213,0,4.115886025344895e-06,0.0020308253856347394
s55-137-40,u040,2025-07-16,variable,hazard,120,0.007465183282366783,0,5.572896143932849e-05,0.007493187219818808
s55-137-40,u040,2025-07-16,variable,hazard_cal,30,0.0006855836181264285,0,4.700248974433246e-07,0.0006858187380442013
s55-137-40,u040,2025-07-16,variable,hazard_cal,60,0.001813700902789095,0,3.2895109647779777e-06,0.0018153476497103044
s55-137-40,u040,2025-07-16,variable,hazard_cal,120,0.006775200644120072,0,4.5903343768085034e-05,0.006798256513776221
s55-137-34,u034,2025-07-16,regular,empirical,30,0.0011737089201877549,0,1.3775926293283055e-06,0.0011743982559415578
s55-137-34,u034,2025-07-16,regular,empirical,60,0.0046948356807511304,0,2.2041482069253932e-05,0.004705891037412617
s55-137-34,u034,2025-07-16,regular,empirical,120,0.017018779342723,0,0.0002896388503162951,0.017165263130094227
s55-137-34,u034,2025-07-16,regular,hazard,30,0.005325343512933789,0,2.8359283530745988e-05,0.005339573697597329
s55-137-34,u034,2025-07-16,regular,hazard,60,0.013941701286670494,0,0.0001943710347667497,0.014039799643296295
s55-137-34,u034,2025-07-16,regular,hazard,120,0.050386600284346494,0,0.002538809488214506,0.05170032488095706
s55-137-34,u034,2025-07-16,regular,hazard_cal,30,0.0049230400879064495,0,2.4236323707133943e-05,0.004935198169321669
s55-137-34,u034,2025-07-16,regular,hazard_cal,60,0.01297281712331666,0,0.00016829398411501793,0.013057699019405566
s55-137-34,u034,2025-07-16,regular,hazard_cal,120,0.04763317499044406,0,0.0022689193596702657,0.048804998019419274
s55-137-31,u031,2025-07-16,regular,empirical,30,0.0011737089201877549,0,1.3775926293283055e-06,0.0011743982559415578
s55-137-31,u031,2025-07-16,regular,empirical,60,0.0046948356807511304,0,2.2041482069253932e-05,0.004705891037412617
s55-137-31,u031,2025-07-16,regular,empirical,120,0.017018779342723,0,0.0002896388503162951,0.017165263130094227
s55-137-31,u031,2025-07-16,regular,hazard,30,0.0025991621984017277,0,6.755644133600502e-06,0.0026025458849069385
s55-137-31,u031,2025-07-16,regular,hazard,60,0.006821578374362924,0,4.6533931517575915e-05,0.006844951696064904
s55-137-31,u031,2025-07-16,regular,hazard,120,0.024920096983407358,0,0.0006210112336624285,0.025235859530266268
s55-137-31,u031,2025-07-16,regular,hazard_cal,30,0.0023674349867127686,0,5.604748416311687e-06,0.002370241791748293
s55-137-31,u031,2025-07-16,regular,hazard_cal,60,0.006253266421919257,0,3.910334094350286e-05,0.006272899984450819
s55-137-31,u031,2025-07-16,regular,hazard_cal,120,0.023199841696523116,0,0.0005382326547437326,0.023473194122308735
s55-137-48,u048,2025-07-16,regular,empirical,30,0.0011737089201877549,0,1.3775926293283055e-06,0.0011743982559415578
s55-137-48,u048,2025-07-16,regular,empirical,60,0.0046948356807511304,0,2.2041482069253932e-05,0.004705891037412617
s55-137-48,u048,2025-07-16,regular,empirical,120,0.017018779342723,0,0.0002896388503162951,0.017165263130094227
s55-137-48,u048,2025-07-16,regular,hazard,30,0.0006720204996489842,0,4.5161155194847046e-07,0.0006722464066400477
s55-137-48,u048,2025-07-16,regular,hazard,60,0.0017668498824449097,0,3.1217585070955913e-06,0.0017684126026978008
s55-137-48,u048,2025-07-16,regular,hazard,120,0.006503997169753473,0,4.2301979184161184e-05,0.006525240319701289
s55-137-48,u048,2025-07-16,regular,hazard_cal,30,0.0005953293974672036,0,3.544170914886637e-07,0.0005955066763760036
s55-137-48,u048,2025-07-16,regular,hazard_cal,60,0.00157506637274607,0,2.4808340785554624e-06,0.0015763080938187013
s55-137-48,u048,2025-07-16,regular,hazard_cal,120,0.005885935819538668,0,3.464424047172833e-05,0.005903326212508879
s55-137-19,u019,2025-07-16,regular,empirical,30,0.0011737089201877549,0,1.3775926293283055e-06,0.0011743982559415578
s55-137-19,u019,2025-07-16,regular,empirical,60,0.0046948356807511304,0,2.2041482069253932e-05,0.004705891037412617
s55-137-19,u019,2025-07-16,regular,empirical,120,0.017018779342723,0,0.0002896388503162951,0.017165263130094227
s55-137-19,u019,2025-07-16,regular,hazard,30,0.006351288139440969,0,4.033886103020353e-05,0.006371543380083198
s55-137-19,u019,2025-07-16,regular,hazard,60,0.016612010216748296,0,0.0002759588834413498,0.016751537030624056
s55-137-19,u019,2025-07-16,regular,hazard,120,0.059796156045795024,0,0.0035755802778530688,0.06165857195736206
s55-137-19,u019,2025-07-16,regular,hazard_cal,30,0.00589300382599256,0,3.472749409316295e-05,0.005910436092385779
s55-137-19,u019,2025-07-16,regular,hazard_cal,60,0.015514844752153478,0,0.00024071040768342434,0.015636459485051962
s55-137-19,u019,2025-07-16,regular,hazard_cal,120,0.05674411704732063,0,0.003219894819480024,0.05841768326060747
s55-137-35,u035,2025-07-16,variable,empirical,30,0.0011737089201877549,0,1.3775926293283055e-06,0.0011743982559415578
s55-137-35,u035,2025-07-16,variable,empirical,60,0.0046948356807511304,0,2.2041482069253932e-05,0.004705891037412617
s55-137-35,u035,2025-07-16,variable,empirical,120,0.017018779342723,0,0.0002896388503162951,0.017165263130094227
s55-137-35,u035,2025-07-16,variable,hazard,30,0.0002980684598082872,0,8.884480673248454e-08,0.0002981128910409055
s55-137-35,u035,2025-07-16,variable,hazard,60,0.0007839379801400925,0,6.145587567061281e-07,0.0007842454202049089
s55-137-35,u035,2025-07-16,variable,hazard,120,0.0028900644319274083,0,8.352472420691893e-06,0.002894248732013612
s55-137-35,u035,2025-07-16,variable,hazard_cal,30,0.00025969280254789506,0,6.744035169518001e-08,0.0002597265285628046
s55-137-35,u035,2025-07-16,variable,hazard_cal,60,0.0006872842777462251,0,4.7235967843715034e-07,0.0006875205658563821
s55-137-35,u035,2025-07-16,variable,hazard_cal,120,0.0025718700235844993,0,6.614515418212533e-06,0.002575182962812087
s55-137-26,u026,2025-07-16,variable,empirical,30,0.0011737089201877549,0,1.3775926293283055e-06,0.0011743982559415578
s55-137-26,u026,2025-07-16,variable,empirical,60,0.0046948356807511304,0,2.2041482069253932e-05,0.004705891037412617
s55-137-26,u026,2025-07-16,variable,empirical,120,0.017018779342723,0,0.0002896388503162951,0.017165263130094227
s55-137-26,u026,2025-07-16,variable,hazard,30,0.0007429194272173811,0,5.519292753370017e-07,0.0007431955286109118
s55-137-26,u026,2025-07-16,variable,hazard,60,0.001953127886909045,0,3.814708542621792e-06,0.0019550377283619282
s55-137-26,u026,2025-07-16,variable,hazard,120,0.007187686442671537,0,5.1662836398164216e-05,0.007213642310749023
s55-137-26,u026,2025-07-16,variable,hazard_cal,30,0.0006594918802300676,0,4.349295400893898e-07,0.0006597094406582615
s55-137-26,u026,2025-07-16,variable,hazard_cal,60,0.0017447177622734733,0,3.044040069992556e-06,0.0017462415549585125
s55-137-26,u026,2025-07-16,variable,hazard_cal,120,0.006518204397173766,0,4.248698856333542e-05,0.006539540658066155
s55-137-7,u007,2025-07-16,variable,empirical,30,0.0011737089201877549,0,1.3775926293283055e-06,0.0011743982559415578
s55-137-7,u007,2025-07-16,variable,empirical,60,0.0046948356807511304,0,2.2041482069253932e-05,0.004705891037412617
s55-137-7,u007,2025-07-16,variable,empirical,120,0.017018779342723,0,0.0002896388503162951,0.017165263130094227
s55-137-7,u007,2025-07-16,variable,hazard,30,0.0005407425762166129,0,2.924025337333794e-07,0.0005408888302096968
s55-137-7,u007,2025-07-16,variable,hazard,60,0.0014218698552845854,0,2.021713885367008e-06,0.0014228816714549409
s55-137-7,u007,2025-07-16,variable,hazard,120,0.005236811612992165,0,2.74241958699696e-05,0.005250571771522409
s55-137-7,u007,2025-07-16,variable,hazard_cal,30,0.0004769041827547005,0,2.2743759952892875e-07,0.00047701793772271604
s55-137-7,u007,2025-07-16,variable,hazard_cal,60,0.0012618864692588438,0,1.5923574612985511e-06,0.0012626833184154792
s55-137-7,u007,2025-07-16,variable,hazard_cal,120,0.004717882966642106,0,2.225841968693172e-05,0.004729047305020581
s55-137-3,u003,2025-07-16,regular,empirical,30,0.0011737089201877549,0,1.3775926293283055e-06,0.0011743982559415578
s55-137-3,u003,2025-07-16,regular,empirical,60,0.0046948356807511304,0,2.2041482069253932e-05,0.004705891037412617
s55-137-3,u003,2025-07-16,regular,empirical,120,0.017018779342723,0,0.0002896388503162951,0.017165263130094227
s55-137-3,u003,2025-07-16,regular,hazard,30,0.0026419628146423513,0,6.979967513952935e-06,0.002645458957543321
s55-137-3,u003,2025-07-16,regular,hazard,60,0.006933638350697824,0,4.807534077826764e-05,0.006957787714462424
s55-137-3,u003,2025-07-16,regular,hazard,120,0.025325181411331776,0,0.0006413648135168645,0.025651383010490886
s55-137-3,u003,2025-07-16,regular,hazard_cal,30,0.0024072302085098585,0,5.7947572767624165e-06,0.002410132245330831
s55-137-3,u003,2025-07-16,regular,hazard_cal,60,0.006358145915286051,0,4.04260194800687e-05,0.006378445013857972
s55-137-3,u003,2025-07-16,regular,hazard_cal,120,0.02358512873124441,0,0.0005562582972693705,0.02386770986572172
s55-138-18,u018,2025-07-17,regular,empirical,30,0.0011737089201877549,0,1.3775926293283055e-06,0.0011743982559415578
s55-138-18,u018,2025-07-17,regular,empirical,60,0.0046948356807511304,0,2.2041482069253932e-05,0.004705891037412617
s55-138-18,u018,2025-07-17,regular,empirical,120,0.017018779342723,0,0.0002896388503162951,0.017165263130094227
s55-138-18,u018,2025-07-17,regular,hazard,30,0.0010304156452265456,0,1.0617564019276384e-06,0.001030946888393043
s55-138-18,u018,2025-07-17,regular,hazard,60,0.002708240311877219,0,7.3345655868768175e-06,0.0027119142294042223
s55-138-18,u018,2025-07-17,regular,hazard,120,0.009955203020068804,0,9.910606717078702e-05,0.010005087402550062
s55-138-18,u018,2025-07-17,regular,hazard_cal,30,0.0009208613841559243,0,8.479856888295648e-07,0.0009212856374726667
s55-138-18,u018,2025-07-17,regular,hazard_cal,60,0.002435593950544268,0,5.932117891927835e-06,0.0024385648343817315
s55-138-18,u018,2025-07-17,regular,hazard_cal,120,0.009089583898231779,0,8.262053544299442e-05,0.009131146213758483
s55-138-0,u000,2025-07-17,variable,empirical,30,0.0011737089201877549,0,1.3775926293283055e-06,0.0011743982559415578
s55-138-0,u000,2025-07-17,variable,empirical,60,0.0046948356807511304,0,2.2041482069253932e-05,0.004705891037412617
s55-138-0,u000,2025-07-17,variable,empirical,120,0.017018779342723,0,0.0002896388503162951,0.017165263130094227
s55-138-0,u000,2025-07-17,variable,hazard,30,0.0006094172647911344,0,3.7138940262550767e-07,0.0006096030349706512
s55-138-0,u000,2025-07-17,variable,hazard,60,0.0016023476719679852,0,2.5675180618612218e-06,0.0016036328040012649
s55-138-0,u000,2025-07-17,variable,hazard,120,0.00589991028043213,0,3.4808941317148736e-05,0.005917383511986685
s55-138-0,u000,2025-07-17,variable,hazard_cal,30,0.0005387896110771173,0,2.9029424500463135e-07,0.0005389348103565375
s55-138-0,u000,2025-07-17,variable,hazard_cal,60,0.0014255533658973363,0,2.0322023990212247e-06,0.0014265704338014774
s55-138-0,u000,2025-07-17,variable,hazard_cal,120,0.005328445144739957,0,2.8392327660502824e-05,0.0053426919399510095
s55-138-44,u044,2025-07-17,regular,empirical,30,0.0011737089201877549,0,1.3775926293283055e-06,0.0011743982559415578
s55-138-44,u044,2025-07-17,regular,empirical,60,0.0046948356807511304,0,2.2041482069253932e-05,0.004705891037412617
s55-138-44,u044,2025-07-17,regular,empirical,120,0.017018779342723,0,0.0002896388503162951,0.017165263130094227
s55-138-44,u044,2025-07-17,regular,hazard,30,0.0010577010557655253,0,1.118731523367507e-06,0.001058260816268202
s55-138-44,u044,2025-07-17,regular,hazard,60,0.002779885141847238,0,7.72776140186304e-06,0.0027837561982740565
s55-138-44,u044,2025-07-17,regular,hazard,120,0.010217455714520152,0,0.0001043964012781805,0.010270012217476178
s55-138-44,u044,2025-07-17,regular,hazard_cal,30,0.0009457529396851294,0,8.94448622923064e-07,0.0009462004461725568
s55-138-44,u044,2025-07-17,regular,hazard_cal,60,0.002501372180150674,0,6.256862783631735e-06,0.002504505838263366
s55-138-44,u044,2025-07-17,regular,hazard_cal,120,0.009334118027161664,0,8.712575934498436e-05,0.009377953899547603
s55-138-2,u002,2025-07-17,variable,empirical,30,0.0011737089201877549,0,1.3775926293283055e-06,0.0011743982559415578
s55-138-2,u002,2025-07-17,variable,empirical,60,0.0046948356807511304,0,2.2041482069253932e-05,0.004705891037412617
s55-138-2,u002,2025-07-17,variable,empirical,120,0.017018779342723,0,0.0002896388503162951,0.017165263130094227
s55-138-2,u002,2025-07-17,variable,hazard,30,0.0006793736316770271,0,4.615485314180329e-07,0.0006796045105173225
s55-138-2,u002,2025-07-17,variable,hazard,60,0.0017861704343127283,0,3.19040482041292e-06,0.0017877675388068349
s55-138-2,u002,2025-07-17,variable,hazard,120,0.006574926590863561,0,4.322965967524473e-05,0.0065966366343193465
s55-138-2,u002,2025-07-17,variable,hazard_cal,30,0.0006019776484670336,0,3.6237708925389947e-07,0.0006021589097588083
s55-138-2,u002,2025-07-17,variable,hazard_cal,60,0.0015926458842524527,0,2.536520912626277e-06,0.0015939154929124999
s55-138-2,u002,2025-07-17,variable,hazard_cal,120,0.005951467779841568,0,3.5419968734492323e-05,0.005969248346287345
s55-138-33,u033,2025-07-17,regular,empirical,30,0.0011737089201877549,0,1.3775926293283055e-06,0.0011743982559415578
s55-138-33,u033,2025-07-17,regular,empirical,60,0.0046948356807511304,0,2.2041482069253932e-05,0.004705891037412617
s55-138-33,u033,2025-07-17,regular,empirical,120,0.017018779342723,0,0.0002896388503162951,0.017165263130094227
s55-138-33,u033,2025-07-17,regular,hazard,30,0.002334860383096382,0,5.4515730085529846e-06,0.002337590419931757
s55-138-33,u033,2025-07-17,regular,hazard,60,0.006129392341390205,0,3.75694504746929e-05,0.006148254180533291
s55-138-33,u033,2025-07-17,regular,hazard,120,0.022414866824974955,0,0.0005024262547813628,0.02266989815279668
s55-138-33,u033,2025-07-17,regular,hazard_cal,30,0.002122002039028681,0,4.502892653641879e-06,0.0021242566754822636
s55-138-33,u033,2025-07-17,regular,hazard_cal,60,0.005606261824611214,0,3.143017164609306e-05,0.0056220358937681646
s55-138-33,u033,2025-07-17,regular,hazard_cal,120,0.020820222113359987,0,0.0004334816488496442,0.02104001910537959
s55-138-43,u043,2025-07-17,regular,empirical,30,0.0011737089201877549,0,1.3775926293283055e-06,0.0011743982559415578
s55-138-43,u043,2025-07-17,regular,empirical,60,0.0046948356807511304,0,2.2041482069253932e-05,0.004705891037412617
s55-138-43,u043,2025-07-17,regular,empirical,120,0.017018779342723,0,0.0002896388503162951,0.017165263130094227
s55-138-43,u043,2025-07-17,regular,hazard,30,0.00384188202557334,0,1.4760057498423509e-05,0.0038492810110885116
s55-138-43,u043,2025-07-17,regular,hazard,60,0.010071675240883593,0,0.00010143864215782758,0.01012273770766818
s55-138-43,u043,2025-07-17,regular,hazard,120,0.036613069891329175,0,0.0013405168868673549,0.037300151300429976
s55-138-43,u043,2025-07-17,regular,hazard_cal,30,0.003527708004672503,0,1.2444723766230452e-05,0.0035339450391668778
s55-138-43,u043,2025-07-17,regular,hazard_cal,60,0.009307966920669153,0,8.663824819627119e-05,0.009351556744045952
s55-138-43,u043,2025-07-17,regular,hazard_cal,120,0.03437044531686817,0,0.0011813275112798251,0.03497500208319566
s55-138-48,u048,2025-07-17,regular,empirical,30,0.0011737089201877549,0,1.3775926293283055e-06,0.0011743982559415578
s55-138-48,u048,2025-07-17,regular,empirical,60,0.0046948356807511304,0,2.2041482069253932e-05,0.004705891037412617
s55-138-48,u048,2025-07-17,regular,empirical,120,0.017018779342723,0,0.0002896388503162951,0.017165263130094227
s55-138-48,u048,2025-07-17,regular,hazard,30,0.0013722648772596102,0,1.8831108933603332e-06,0.0013732072949694378
s55-138-48,u048,2025-07-17,regular,hazard,60,0.0036055945911559473,0,1.3000312355773022e-05,0.0036121104143267443
s55-138-48,u048,2025-07-17,regular,hazard,120,0.013235825811050761,0,0.00017518708490047753,0.013324200023525619
s55-138-48,u048,2025-07-17,regular,hazard_cal,30,0.001233600570253901,0,1.5217703669307497e-06,0.0012343620817691487
s55-138-48,u048,2025-07-17,regular,hazard_cal,60,0.0032618157229696854,0,1.063944181061225e-05,0.003267147040214663
s55-138-48,u048,2025-07-17,regular,hazard_cal,120,0.012157495307541955,0,0.00014780469215290465,0.012232002147121834
s55-138-11,u011,2025-07-17,variable,empirical,30,0.0011737089201877549,0,1.3775926293283055e-06,0.0011743982559415578
s55-138-11,u011,2025-07-17,variable,empirical,60,0.0046948356807511304,0,2.2041482069253932e-05,0.004705891037412617
s55-138-11,u011,2025-07-17,variable,empirical,120,0.017018779342723,0,0.0002896388503162951,0.017165263130094227
s55-138-11,u011,2025-07-17,variable,hazard,30,0.0015889706807840076,0,2.5248278243911925e-06,0.0015902344335843829
s55-138-11,u011,2025-07-17,variable,hazard,60,0.004174156570535104,0,1.7423583075341376e-05,0.004182892681143669
s55-138-11,u011,2025-07-17,variable,hazard,120,0.01530981307153878,0,0.0002343903762854597,0.015428218322404636
s55-138-11,u011,2025-07-17,variable,hazard_cal,30,0.001432719404031113,0,2.052684890687268e-06,0.001433746727838202
s55-138-11,u011,2025-07-17,variable,hazard_cal,60,0.0037876158712139008,0,1.4346033987871436e-05,0.003794807052238415
s55-138-11,u011,2025-07-17,variable,hazard_cal,120,0.01410580359625846,0,0.00019897369509621807,0.01420623601574759
s55-138-20,u020,2025-07-17,regular,empirical,30,0.0011737089201877549,0,1.3775926293283055e-06,0.0011743982559415578
s55-138-20,u020,2025-07-17,regular,empirical,60,0.0046948356807511304,0,2.2041482069253932e-05,0.004705891037412617
s55-138-20,u020,2025-07-17,regular,empirical,120,0.017018779342723,0,0.0002896388503162951,0.017165263130094227
s55-138-20,u020,2025-07-17,regular,hazard,30,0.001249099843480761,0,1.5602504189836615e-06,0.0012498806189356418
s55-138-20,u020,2025-07-17,regular,hazard,60,0.0032823510752041374,0,1.0773828580893757e-05,0.0032877498064191146
s55-138-20,u020,2025-07-17,regular,hazard,120,0.012055112183120387,0,0.00014532572974761758,0.012128364351981157
s55-138-20,u020,2025-07-17,regular,hazard_cal,30,0.0011207142220458488,0,1.2560003674958322e-06,0.0011213426918301598
s55-138-20,u020,2025-07-17,regular,hazard_cal,60,0.0029636379003837865,0,8.783149604591218e-06,0.002968038171209534
s55-138-20,u020,2025-07-17,regular,hazard_cal,120,0.011051211920376613,0,0.00012212928490907415,0.011112730217198297
s55-138-19,u019,2025-07-17,regular,empirical,30,0.0011737089201877549,0,1.3775926293283055e-06,0.0011743982559415578
s55-138-19,u019,2025-07-17,regular,empirical,60,0.0046948356807511304,0,2.2041482069253932e-05,0.004705891037412617
s55-138-19,u019,2025-07-17,regular,empirical,120,0.017018779342723,0,0.0002896388503162951,0.017165263130094227
s55-138-19,u019,2025-07-17,regular,hazard,30,0.0032561975913004693,0,1.0602822753590978e-05,0.0032615105391509427
s55-138-19,u019,2025-07-17,regular,hazard,60,0.008540851532828797,0,7.294614490582401e-05,0.008577533618785818
s55-138-19,u019,2025-07-17,regular,hazard,120,0.03111995035937498,0,0.0009684513103699631,0.03161446253428321
s55-138-19,u019,2025-07-17,regular,hazard_cal,30,0.002979716356740325,0,8.878709566625836e-06,0.0029841645499573124
s55-138-19,u019,2025-07-17,regular,hazard_cal,60,0.007866065127494215,0,6.187498058998058e-05,0.007897165818522688
s55-138-19,u019,2025-07-17,regular,hazard_cal,120,0.02911081105002067,0,0.0008474393199900055,0.02954293774890742
s55-138-21,u021,2025-07-17,regular,empirical,30,0.0011737089201877549,0,1.3775926293283055e-06,0.0011743982559415578
s55-138-21,u021,2025-07-17,regular,empirical,60,0.0046948356807511304,0,2.2041482069253932e-05,0.004705891037412617
s55-138-21,u021,2025-07-17,regular,empirical,120,0.017018779342723,0,0.0002896388503162951,0.017165263130094227
s55-138-21,u021,2025-07-17,regular,hazard,30,0.0026219893765488944,0,6.87482829073526e-06,0.0026254328111104982
s55-138-21,u021,2025-07-17,regular,hazard,60,0.006881345267315431,0,4.7352912688004475e-05,0.006905130904585032
s55-138-21,u021,2025-07-17,regular,hazard,120,0.02513616483106773,0,0.0006318267824146062,0.025457473974122725
s55-138-21,u021,2025-07-17,regular,hazard_cal,30,0.0023886575964042756,0,5.705685112859851e-06,0.0023915149900910287
s55-138-21,u021,2025-07-17,regular,hazard_cal,60,0.006309199138998189,0,3.980599377553549e-05,0.006329186248672437
s55-138-21,u021,2025-07-17,regular,hazard_cal,120,0.02340533264258582,0,0.0005478095961100933,0.023683587785813188
s55-138-26,u026,2025-07-17,variable,empirical,30,0.0011737089201877549,0,1.3775926293283055e-06,0.0011743982559415578
s55-138-26,u026,2025-07-17,variable,empirical,60,0.0046948356807511304,0,2.2041482069253932e-05,0.004705891037412617
s55-138-26,u026,2025-07-17,variable,empirical,120,0.017018779342723,0,0.0002896388503162951,0.017165263130094227
s55-138-26,u026,2025-07-17,variable,hazard,30,0.000917436236559821,0,8.416892481530478e-07,0.0009178573387598765
s55-138-26,u026,2025-07-17,variable,hazard,60,0.002411545868459486,0,5.815553475684016e-06,0.0024144583284934906
s55-138-26,u026,2025-07-17,variable,hazard,120,0.00886856060596053,0,7.865136722159499e-05,0.008908120355273661
s55-138-26,u026,2025-07-17,variable,hazard_cal,30,0.0008179426392931344,0,6.690301611738186e-07,0.0008182773368951269
s55-138-26,u026,2025-07-17,variable,hazard_cal,60,0.002163589478167527,0,4.681119430037232e-06,0.0021659334193771793
s55-138-26,u026,2025-07-17,variable,hazard_cal,120,0.008077863732812163,0,6.525188248588205e-05,0.008110666444037583
s55-138-40,u040,2025-07-17,variable,empirical,30,0.0011737089201877549,0,1.3775926293283055e-06,0.0011743982559415578
s55-138-40,u040,2025-07-17,variable,empirical,60,0.0046948356807511304,0,2.2041482069253932e-05,0.004705891037412617
s55-138-40,u040,2025-07-17,variable,empirical,120,0.017018779342723,0,0.0002896388503162951,0.017165263130094227
s55-138-40,u040,2025-07-17,variable,hazard,30,0.0006379865461426659,0,4.07026833059048e-07,0.0006381901461598488
s55-138-40,u040,2025-07-17,variable,hazard,60,0.0016774213690384787,0,2.813742449306924e-06,0.0016788298155223159
s55-138-40,u040,2025-07-17,variable,hazard,120,0.006175634064136237,0,3.813845609411986e-05,0.006194782167340797
s55-138-40,u040,2025-07-17,variable,hazard_cal,30,0.0005645777075208303,0,3.1874798782947615e-07,0.0005647371415261593
s55-138-40,u040,2025-07-17,variable,hazard_cal,60,0.0014937489835754603,0,2.2312860259327207e-06,0.0014948657388283197
s55-138-40,u040,2025-07-17,variable,hazard_cal,120,0.005582758831040646,0,3.1167196165562325e-05,0.0055984006727081825
s55-138-15,u015,2025-07-17,regular,empirical,30,0.0011737089201877549,0,1.3775926293283055e-06,0.0011743982559415578
s55-138-15,u015,2025-07-17,regular,empirical,60,0.0046948356807511304,0,2.2041482069253932e-05,0.004705891037412617
s55-138-15,u015,2025-07-17,regular,empirical,120,0.017018779342723,0,0.0002896388503162951,0.017165263130094227
s55-138-15,u015,2025-07-17,regular,hazard,30,0.003895934718838201,0,1.5178307333448891e-05,0.003903543641511778
s55-138-15,u015,2025-07-17,regular,hazard,60,0.010212871804123558,0,0.00010430275048746198,0.010265380998418496
s55-138-15,u015,2025-07-17,regular,hazard,120,0.03711844604243053,0,0.0013777790366048268,0.037824871677550026
s55-138-15,u015,2025-07-17,regular,hazard_cal,30,0.0035783742731437806,0,1.280476243869728e-05,0.003584791968882137
s55-138-15,u015,2025-07-17,regular,hazard_cal,60,0.009441208397633516,0,8.913641600754563e-05,0.009486059125577215
s55-138-15,u015,2025-07-17,regular,hazard_cal,120,0.03485528359933754,0,0.0012148907947902483,0.035477223704771306
s55-138-24,u024,2025-07-17,variable,empirical,30,0.0011737089201877549,0,1.3775926293283055e-06,0.0011743982559415578
s55-138-24,u024,2025-07-17,variable,empirical,60,0.0046948356807511304,0,2.2041482069253932e-05,0.004705891037412617
s55-138-24,u024,2025-07-17,variable,empirical,120,0.017018779342723,0,0.0002896388503162951,0.017165263130094227
s55-138-24,u024,2025-07-17,variable,hazard,30,0.0003580569894017227,0,1.2820480765942536e-07,0.0003581211071112052
s55-138-24,u024,2025-07-17,variable,hazard,60,0.0009416597510557567,0,8.867230867583897e-07,0.0009421033911263339
s55-138-24,u024,2025-07-17,variable,hazard,120,0.003470693801513103,0,1.2045715463861473e-05,0.003476730631284192
s55-138-24,u024,2025-07-17,variable,hazard_cal,30,0.00031313107716257615,0,9.805107148499523e-08,0.000313180112935002
s55-138-24,u024,2025-07-17,variable,hazard_cal,60,0.0008286691665577717,0,6.86692587603552e-07,0.0008290127026498631
s55-138-24,u024,2025-07-17,variable,hazard_cal,120,0.0031002653897348464,0,9.611645486787759e-06,0.003105081168515551
s55-138-28,u028,2025-07-17,regular,empirical,30,0.0011737089201877549,0,1.3775926293283055e-06,0.0011743982559415578
s55-138-28,u028,2025-07-17,regular,empirical,60,0.0046948356807511304,0,2.2041482069253932e-05,0.004705891037412617
s55-138-28,u028,2025-07-17,regular,empirical,120,0.017018779342723,0,0.0002896388503162951,0.017165263130094227
s55-138-28,u028,2025-07-17,regular,hazard,30,0.004614424548882501,0,2.129291391732947e-05,0.004625103871123151
s55-138-28,u028,2025-07-17,regular,hazard,60,0.01208838359174158,0,0.00014612901786108706,0.012162042312453682
s55-138-28,u028,2025-07-17,regular,hazard,120,0.043810816887381865,0,0.001919387676339704,0.04479949522327005
s55-138-28,u028,2025-07-17,regular,hazard_cal,30,0.00425317391771729,0,1.808948837435064e-05,0.004262244389904585
s55-138-28,u028,2025-07-17,regular,hazard_cal,60,0.011214593348694013,0,0.000125767103976572,0.011277951033144488
s55-138-28,u028,2025-07-17,regular,hazard_cal,120,0.04128919098159656,0,0.0017047972919147544,0.04216580430080304
s55-138-54,u054,2025-07-17,new,empirical,30,0.0011737089201877549,0,1.3775926293283055e-06,0.0011743982559415578
s55-138-54,u054,2025-07-17,new,empirical,60,0.0046948356807511304,0,2.2041482069253932e-05,0.004705891037412617
s55-138-54,u054,2025-07-17,new,empirical,120,0.017018779342723,0,0.0002896388503162951,0.017165263130094227
s55-138-54,u054,2025-07-17,new,hazard,30,0.0007431288749735199,0,5.522405248194093e-07,0.0007434051321075106
s55-138-54,u054,2025-07-17,new,hazard,60,0.001953678148708393,0,3.816858308740655e-06,0.0019555890671481254
s55-138-54,u054,2025-07-17,new,hazard,120,0.0071897054773694125,0,5.169186485131573e-05,0.007215675964767325
s55-138-54,u054,2025-07-17,new,hazard_cal,30,0.0006596816200606925,0,4.351798398458999e-07,0.0006598993057213664
s55-138-54,u054,2025-07-17,new,hazard_cal,60,0.0017452194215906713,0,3.0457908294972776e-06,0.0017467440911856432
s55-138-54,u054,2025-07-17,new,hazard_cal,120,0.006520073523779479,0,4.251135875549016e-05,0.006541422049725536
s55-138-58,u058,2025-07-17,new,empirical,30,0.0011737089201877549,0,1.3775926293283055e-06,0.0011743982559415578
s55-138-58,u058,2025-07-17,new,empirical,60,0.0046948356807511304,0,2.2041482069253932e-05,0.004705891037412617
s55-138-58,u058,2025-07-17,new,empirical,120,0.017018779342723,0,0.0002896388503162951,0.017165263130094227
s55-138-58,u058,2025-07-17,new,hazard,30,0.0012288489736701491,0,1.5100698000901788e-06,0.0012296046276900742
s55-138-58,u058,2025-07-17,new,hazard,60,0.0032291962020982723,0,1.0427708111645905e-05,0.0032344213077805956
s55-138-58,u058,2025-07-17,new,hazard,120,0.011860842365129742,0,0.0001406795816104565,0.011931743343817405
s55-138-58,u058,2025-07-17,new,hazard_cal,30,0.0011021747671201565,0,1.2147892172763711e-06,0.0011027826084013894
s55-138-58,u058,2025-07-17,new,hazard_cal,60,0.00291466185007494,0,8.495253700282271e-06,0.002918917748606876
s55-138-58,u058,2025-07-17,new,hazard_cal,120,0.010869405917885766,0,0.00011814398500777012,0.010928909482153682
s55-138-38,u038,2025-07-17,variable,empirical,30,0.0011737089201877549,0,1.3775926293283055e-06,0.0011743982559415578
s55-138-38,u038,2025-07-17,variable,empirical,60,0.0046948356807511304,0,2.2041482069253932e-05,0.004705891037412617
s55-138-38,u038,2025-07-17,variable,empirical,120,0.017018779342723,0,0.0002896388503162951,0.017165263130094227
s55-138-38,u038,2025-07-17,variable,hazard,30,0.0015318631058057752,0,2.3466045749289156e-06,0.0015330376076972245
s55-138-38,u038,2025-07-17,variable,hazard,60,0.004024347698670883,0,1.619537439979763e-05,0.004032467176927704
s55-138-38,u038,2025-07-17,variable,hazard,120,0.014763690261972107,0,0.00021796655015145002,0.014873758219977613
s55-138-38,u038,2025-07-17,variable,hazard_cal,30,0.0013801886662379026,0,1.9049207544115605e-06,0.001381142003906637
s55-138-38,u038,2025-07-17,variable,hazard_cal,60,0.0036489202111725794,0,1.3314618707503741e-05,0.0036555937596363043
s55-138-38,u038,2025-07-17,variable,hazard_cal,120,0.01359218652257932,0,0.0001847475344645869,0.013685405957555264
s55-138-12,u012,2025-07-17,variable,empirical,30,0.0011737089201877549,0,1.3775926293283055e-06,0.0011743982559415578
s55-138-12,u012,2025-07-17,variable,empirical,60,0.0046948356807511304,0,2.2041482069253932e-05,0.004705891037412617
s55-138-12,u012,2025-07-17,variable,empirical,120,0.017018779342723,0,0.0002896388503162951,0.017165263130094227
s55-138-12,u012,2025-07-17,variable,hazard,30,0.0025486830876667588,0,6.495785481358563e-06,0.002551936509543999
s55-138-12,u012,2025-07-17,variable,hazard,60,0.006689403376543224,0,4.474811753410788e-05,0.00671187771800561
s55-138-12,u012,2025-07-17,variable,hazard,120,0.02444212195260531,0,0.0005974173255460305,0.024745789005632454
s55-138-12,u012,2025-07-17,variable,hazard_cal,30,0.0023205179367087325,0,5.384803494586953e-06,0.0023232145108962347
s55-138-12,u012,2025-07-17,variable,hazard_cal,60,0.0061296075543788575,0,3.757208877069836e-05,0.006148470720805531
s55-138-12,u012,2025-07-17,variable,hazard_cal,120,0.0227454054340942,0,0.0005173534683613221,0.023008072794511492
s55-138-1,u001,2025-07-17,variable,empirical,30,0.0011737089201877549,0,1.3775926293283055e-06,0.0011743982559415578
s55-138-1,u001,2025-07-17,variable,empirical,60,0.0046948356807511304,0,2.2041482069253932e-05,0.004705891037412617
s55-138-1,u001,2025-07-17,variable,empirical,120,0.017018779342723,0,0.0002896388503162951,0.017165263130094227
s55-138-1,u001,2025-07-17,variable,hazard,30,0.0004679094154275143,0,2.1893922104571816e-07,0.0004680189191979329
s55-138-1,u001,2025-07-17,variable,hazard,60,0.00123043874559281,0,1.513979506656008e-06,0.0012311963568727511
s55-138-1,u001,2025-07-17,variable,hazard,120,0.004533073343125693,0,2.0548753934156747e-05,0.004543378875709429
s55-138-1,u001,2025-07-17,variable,hazard_cal,30,0.00041144839351014983,0,1.692897805220831e-07,0.00041153306162558073
s55-138-1,u001,2025-07-17,variable,hazard_cal,60,0.0010887567084811867,0,1.1853911702627876e-06,0.0010893498346187752
s55-138-1,u001,2025-07-17,variable,hazard_cal,120,0.004071682826229495,0,1.6578601037412205e-05,0.004079994696620328
s55-139-46,u046,2025-07-18,variable,empirical,30,0.0011737089201877549,0,1.3775926293283055e-06,0.0011743982559415578
s55-139-46,u046,2025-07-18,variable,empirical,60,0.0046948356807511304,0,2.2041482069253932e-05,0.004705891037412617
s55-139-46,u046,2025-07-18,variable,empirical,120,0.017018779342723,1,0.9662520801648703,4.073437877402787
s55-139-46,u046,2025-07-18,variable,hazard,30,0.002797364004053504,0,7.825245371174253e-06,0.0028012839387686213
s55-139-46,u046,2025-07-18,variable,hazard,60,0.007340433704956961,0,5.388196697686818e-05,0.0073675072575526334
s55-139-46,u046,2025-07-18,variable,hazard,120,0.026794544855560765,1,0.9471288579228951,3.619556962350116
s55-139-46,u046,2025-07-18,variable,hazard_cal,30,0.002551830389462495,0,6.511838336584309e-06,0.0025550918582891375
s55-139-46,u046,2025-07-18,variable,hazard_cal,60,0.006739171584791981,0,4.541643364926766e-05,0.006761982343121921
s55-139-46,u046,2025-07-18,variable,hazard_cal,120,0.02498381666522953,1,0.9506565577647027,3.689526997115478
s55-139-21,u021,2025-07-18,regular,empirical,30,0.0011737089201877549,0,1.3775926293283055e-06,0.0011743982559415578
s55-139-21,u021,2025-07-18,regular,empirical,60,0.0046948356807511304,0,2.2041482069253932e-05,0.004705891037412617
s55-139-21,u021,2025-07-18,regular,empirical,120,0.017018779342723,0,0.0002896388503162951,0.017165263130094227
s55-139-21,u021,2025-07-18,regular,hazard,30,0.0016693489639570958,0,2.786725963464629e-06,0.0016707438795555848
s55-139-21,u021,2025-07-18,regular,hazard,60,0.004384984369415035,0,1.922808792001417e-05,0.0043946266110853095
s55-139-21,u021,2025-07-18,regular,hazard,120,0.01607795844461113,0,0.0002585007477466423,0.016208611130030495
s55-139-21,u021,2025-07-18,regular,hazard_cal,30,0.001506721636141295,0,2.270210088816301e-06,0.0015078578826672748
s55-139-21,u021,2025-07-18,regular,hazard_cal,60,0.003982979299567813,0,1.5864124100785704e-05,0.003990932486896261
s55-139-21,u021,2025-07-18,regular,hazard_cal,120,0.014828898254531597,0,0.00021989622344325025,0.014939945539618481
s55-139-40,u040,2025-07-18,variable,empirical,30,0.0011737089201877549,0,1.3775926293283055e-06,0.0011743982559415578
s55-139-40,u040,2025-07-18,variable,empirical,60,0.0046948356807511304,0,2.2041482069253932e-05,0.004705891037412617
s55-139-40,u040,2025-07-18,variable,empirical,120,0.017018779342723,0,0.0002896388503162951,0.017165263130094227
s55-139-40,u040,2025-07-18,variable,hazard,30,0.0004763896085003827,0,2.269470590871479e-07,0.0004765031180812143
s55-139-40,u040,2025-07-18,variable,hazard,60,0.001252728981738671,0,1.5693299016880077e-06,0.0012535143026208484
s55-139-40,u040,2025-07-18,variable,hazard,120,0.004615037584950854,0,2.129857191050901e-05,0.004625719749303678
s55-139-40,u040,2025-07-18,variable,hazard_cal,30,0.0004190594434458905,0,1.7561081714117953e-07,0.00041914727339263056
s55-139-40,u040,2025-07-18,variable,hazard_cal,60,0.0011088889207899744,0,1.229634638650754e-06,0.0011095041929970449
s55-139-40,u040,2025-07-18,variable,hazard_cal,120,0.004146843315418258,0,1.719630948262909e-05,0.004155465314467619
s55-139-11,u011,2025-07-18,variable,empirical,30,0.0011737089201877549,0,1.3775926293283055e-06,0.0011743982559415578
s55-139-11,u011,2025-07-18,variable,empirical,60,0.0046948356807511304,0,2.2041482069253932e-05,0.004705891037412617
s55-139-11,u011,2025-07-18,variable,empirical,120,0.017018779342723,0,0.0002896388503162951,0.017165263130094227
s55-139-11,u011,2025-07-18,variable,hazard,30,0.0016148704440990258,0,2.607806551224585e-06,0.0016161757528335757
s55-139-11,u011,2025-07-18,variable,hazard,60,0.004242093608149533,0,1.7995358180303125e-05,0.004251116814471606
s55-139-11,u011,2025-07-18,variable,hazard,120,0.015557393406429587,0,0.0002420324896024188,0.015679679612379475
s55-139-11,u011,2025-07-18,variable,hazard_cal,30,0.0014565563941564275,0,2.1215565293579742e-06,0.001457618203603246
s55-139-11,u011,2025-07-18,variable,hazard_cal,60,0.0038505476567427532,0,1.4826717256847108e-05,0.0038579801008260324
s55-139-11,u011,2025-07-18,variable,hazard_cal,120,0.014338779504642907,0,0.0002056005976827675,0.014442573181288984
s55-139-16,u016,2025-07-18,variable,empirical,30,0.0011737089201877549,0,1.3775926293283055e-06,0.0011743982559415578
s55-139-16,u016,2025-07-18,variable,empirical,60,0.0046948356807511304,0,2.2041482069253932e-05,0.004705891037412617
s55-139-16,u016,2025-07-18,variable,empirical,120,0.017018779342723,0,0.0002896388503162951,0.017165263130094227
s55-139-16,u016,2025-07-18,variable,hazard,30,0.00021517662695713646,0,4.6300980788650664e-08,0.0002151997807690298
s55-139-16,u016,2025-07-18,variable,hazard,60,0.0005659703829388185,0,3.2032247436391286e-07,0.0005661306046326748
s55-139-16,u016,2025-07-18,variable,hazard,120,0.0020871929630622565,0,4.3563744650566025e-06,0.0020893741859119297
s55-139-16,u016,2025-07-18,variable,hazard_cal,30,0.00018622714243610172,0,3.468054857991612e-08,0.00018624448486351223
s55-139-16,u016,2025-07-18,variable,hazard_cal,60,0.0004928888757085303,0,2.4293944379721907e-07,0.0004930103853592394
s55-139-16,u016,2025-07-18,variable,hazard_cal,120,0.0018449819883169516,0,3.403958537213972e-06,0.0018466860639006375
s55-139-45,u045,2025-07-18,regular,empirical,30,0.0011737089201877549,0,1.3775926293283055e-06,0.0011743982559415578
s55-139-45,u045,2025-07-18,regular,empirical,60,0.0046948356807511304,0,2.2041482069253932e-05,0.004705891037412617
s55-139-45,u045,2025-07-18,regular,empirical,120,0.017018779342723,0,0.0002896388503162951,0.017165263130094227
s55-139-45,u045,2025-07-18,regular,hazard,30,0.0012271242023615958,0,1.5058338080215827e-06,0.0012278777357814178
s55-139-45,u045,2025-07-18,regular,hazard,60,0.0032246688980827054,0,1.0398489502261929e-05,0.003229879347164468
s55-139-45,u045,2025-07-18,regular,hazard,120,0.011844294581479842,0,0.00014028731413287274,0.011914997073855725
s55-139-45,u045,2025-07-18,regular,hazard_cal,30,0.001100596046996083,0,1.211311658663404e-06,0.0011012021475808314
s55-139-45,u045,2025-07-18,regular,hazard_cal,60,0.0029104912356904267,0,8.470959233030787e-06,0.002914734951505636
s55-139-45,u045,2025-07-18,regular,hazard_cal,120,0.010853922735521326,0,0.00011780763874866676,0.010913256279961071
s55-139-17,u017,2025-07-18,regular,empirical,30,0.0011737089201877549,0,1.3775926293283055e-06,0.0011743982559415578
s55-139-17,u017,2025-07-18,regular,empirical,60,0.0046948356807511304,0,2.2041482069253932e-05,0.004705891037412617
s55-139-17,u017,2025-07-18,regular,empirical,120,0.017018779342723,0,0.0002896388503162951,0.017165263130094227
s55-139-17,u017,2025-07-18,regular,hazard,30,0.0012573480403373916,0,1.5809240945402788e-06,0.001258139165600725
s55-139-17,u017,2025-07-18,regular,hazard,60,0.0033040005364060043,0,1.0916419544571164e-05,0.0033094707986679847
s55-139-17,u017,2025-07-18,regular,hazard,120,0.012134227423590938,0,0.00014723947516742637,0.012208448179949863
s55-139-17,u017,2025-07-18,regular,hazard_cal,30,0.001128267139921535,0,1.2729867390267205e-06,0.0011289041124529072
s55-139-17,u017,2025-07-18,regular,hazard_cal,60,0.0029835901128439923,0,8.901809961460427e-06,0.0029880498908000765
s55-139-17,u017,2025-07-18,regular,hazard_cal,120,0.01112526944218406,0,0.00012377162016119443,0.011187618114064926
s55-139-31,u031,2025-07-18,regular,empirical,30,0.0011737089201877549,0,1.3775926293283055e-06,0.0011743982559415578
s55-139-31,u031,2025-07-18,regular,empirical,60,0.0046948356807511304,0,2.2041482069253932e-05,0.004705891037412617
s55-139-31,u031,2025-07-18,regular,empirical,120,0.017018779342723,0,0.0002896388503162951,0.017165263130094227
s55-139-31,u031,2025-07-18,regular,hazard,30,0.0018402483634658573,0,3.386514039238766e-06,0.0018419437006991298
s55-139-31,u031,2025-07-18,regular,hazard,60,0.0048331409411696,0,2.335925135720977e-05,0.004844858336642803
s55-139-31,u031,2025-07-18,regular,hazard,120,0.01770917558164309,0,0.00031361489978146384,0.01786785926079347
s55-139-31,u031,2025-07-18,regular,hazard_cal,30,0.0016643051496502137,0,2.76991163115222e-06,0.001665691644045847
s55-139-31,u031,2025-07-18,regular,hazard_cal,60,0.004398905254798691,0,1.9350367440695535e-05,0.004408608905936525
s55-139-31,u031,2025-07-18,regular,hazard_cal,120,0.01636689958420301,0,0.0002678754019993847,0.016502316892583593
s55-139-6,u006,2025-07-18,variable,empirical,30,0.0011737089201877549,0,1.3775926293283055e-06,0.0011743982559415578
s55-139-6,u006,2025-07-18,variable,empirical,60,0.0046948356807511304,0,2.2041482069253932e-05,0.004705891037412617
s55-139-6,u006,2025-07-18,variable,empirical,120,0.017018779342723,0,0.0002896388503162951,0.017165263130094227
s55-139-6,u006,2025-07-18,variable,hazard,30,0.0005025175233333012,0,2.5252386125703497e-07,0.0005026438275791001
s55-139-6,u006,2025-07-18,variable,hazard,60,0.0013214041812488198,0,1.7461090102218637e-06,0.0013222780056222105
s55-139-6,u006,2025-07-18,variable,hazard,120,0.004867530927601171,0,2.3692857331153918e-05,0.0048794159390586
s55-139-6,u006,2025-07-18,variable,hazard_cal,30,0.0004425267594144744,0,1.958299327978761e-07,0.0004426247032771259
s55-139-6,u006,2025-07-18,variable,hazard_cal,60,0.0011709612227243094,0,1.3711501851240096e-06,0.0011716473334752245
s55-139-6,u006,2025-07-18,variable,hazard_cal,120,0.00437855115337793,0,1.9171710202747198e-05,0.004388165082128912
s55-139-7,u007,2025-07-18,variable,empirical,30,0.0011737089201877549,0,1.3775926293283055e-06,0.0011743982559415578
s55-139-7,u007,2025-07-18,variable,empirical,60,0.0046948356807511304,0,2.2041482069253932e-05,0.004705891037412617
s55-139-7,u007,2025-07-18,variable,empirical,120,0.017018779342723,0,0.0002896388503162951,0.017165263130094227
s55-139-7,u007,2025-07-18,variable,hazard,30,0.0004704618835801311,0,2.213343839017648e-07,0.0004705725854941309
s55-139-7,u007,2025-07-18,variable,hazard,60,0.0012371479591626322,0,1.5305350728602659e-06,0.001237913858451391
s55-139-7,u007,2025-07-18,variable,hazard,120,0.004557744618917781,0,2.0773036011273986e-05,0.004568162804595724
s55-139-7,u007,2025-07-18,variable,hazard_cal,30,0.00041373896134100363,0,1.711799281315325e-07,0.00041382457492033267
s55-139-7,u007,2025-07-18,variable,hazard_cal,60,0.0010948155867551712,0,1.1986211690020698e-06,0.0010954153351222064
s55-139-7,u007,2025-07-18,variable,hazard_cal,120,0.004094303200053329,0,1.6763318693966926e-05,0.004102707807919877
s55-139-0,u000,2025-07-18,variable,empirical,30,0.0011737089201877549,0,1.3775926293283055e-06,0.0011743982559415578
s55-139-0,u000,2025-07-18,variable,empirical,60,0.0046948356807511304,0,2.2041482069253932e-05,0.004705891037412617
s55-139-0,u000,2025-07-18,variable,empirical,120,0.017018779342723,0,0.0002896388503162951,0.017165263130094227
s55-139-0,u000,2025-07-18,variable,hazard,30,0.0007953133943526813,0,6.325233952367836e-07,0.0007956298238351611
s55-139-0,u000,2025-07-18,variable,hazard,60,0.002090770908144801,0,4.371322990344636e-06,0.0020929596209034065
s55-139-0,u000,2025-07-18,variable,hazard,120,0.007692624994396269,0,5.917647930441019e-05,0.007722365855756119
s55-139-0,u000,2025-07-18,variable,hazard_cal,30,0.0007069893545651462,0,4.99833947468442e-07,0.000707239389393801
s55-139-0,u000,2025-07-18,variable,hazard_cal,60,0.0018702923789082337,0,3.49799358260222e-06,0.0018720435595200218
s55-139-0,u000,2025-07-18,variable,hazard_cal,120,0.006985990863073832,0,4.8804068338951064e-05,0.007010507144308467
s55-139-51,u051,2025-07-18,regular,empirical,30,0.0011737089201877549,0,1.3775926293283055e-06,0.0011743982559415578
s55-139-51,u051,2025-07-18,regular,empirical,60,0.0046948356807511304,0,2.2041482069253932e-05,0.004705891037412617
s55-139-51,u051,2025-07-18,regular,empirical,120,0.017018779342723,0,0.0002896388503162951,0.017165263130094227
s55-139-51,u051,2025-07-18,regular,hazard,30,0.0012777273535637956,0,1.6325871900451409e-06,0.0012785443431596053
s55-139-51,u051,2025-07-18,regular,hazard,60,0.0033574897532017145,0,1.127273744285451e-05,0.003363138769810849
s55-139-51,u051,2025-07-18,regular,hazard,120,0.012329674820849457,0,0.0001520208811878891,0.01240631588595457
s55-139-51,u051,2025-07-18,regular,hazard_cal,30,0.0011469329524446126,0,1.315455197403316e-06,0.0011475911833892882
s55-139-51,u051,2025-07-18,regular,hazard_cal,60,0.003032897574763993,0,9.198467699009311e-06,0.0030375061291546953
s55-139-51,u051,2025-07-18,regular,hazard_cal,120,0.011308266536711908,0,0.00012787689206531834,0.011372691130198183
s55-139-12,u012,2025-07-18,variable,empirical,30,0.0011737089201877549,0,1.3775926293283055e-06,0.0011743982559415578
s55-139-12,u012,2025-07-18,variable,empirical,60,0.0046948356807511304,0,2.2041482069253932e-05,0.004705891037412617
s55-139-12,u012,2025-07-18,variable,empirical,120,0.017018779342723,0,0.0002896388503162951,0.017165263130094227
s55-139-12,u012,2025-07-18,variable,hazard,30,0.0018385675158080206,0,3.380330510184476e-06,0.0018402597555792692
s55-139-12,u012,2025-07-18,variable,hazard,60,0.00482873386767757,0,2.3316670764856387e-05,0.004840429869503217
s55-139-12,u012,2025-07-18,variable,hazard,120,0.01769314533224886,0,0.00031304739174807967,0.017851540144095703
s55-139-12,u012,2025-07-18,variable,hazard_cal,30,0.0016627537457749586,0,2.764750019088656e-06,0.0016641376550641592
s55-139-12,u012,2025-07-18,variable,hazard_cal,60,0.004394811071214866,0,1.9314364351672756e-05,0.004404496641308396
s55-139-12,u012,2025-07-18,variable,hazard_cal,120,0.01635176986385045,0,0.0002673803776803278,0.016486935543594112
s55-139-2,u002,2025-07-18,variable,empirical,30,0.0011737089201877549,0,1.3775926293283055e-06,0.0011743982559415578
s55-139-2,u002,2025-07-18,variable,empirical,60,0.0046948356807511304,0,2.2041482069253932e-05,0.004705891037412617
s55-139-2,u002,2025-07-18,variable,empirical,120,0.017018779342723,0,0.0002896388503162951,0.017165263130094227
s55-139-2,u002,2025-07-18,variable,hazard,30,0.0003716119143792884,0,1.380954149086396e-07,0.0003716809791974789
s55-139-2,u002,2025-07-18,variable,hazard,60,0.0009772959460210284,0,9.551073661091368e-07,0.0009777738110731712
s55-139-2,u002,2025-07-18,variable,hazard,120,0.0036018448247500112,0,1.2973286141578438e-05,0.003608347085940129
s55-139-2,u002,2025-07-18,variable,hazard_cal,30,0.00032523256587113636,0,1.0577622190312305e-07,0.0003252854654521765
s55-139-2,u002,2025-07-18,variable,hazard_cal,60,0.0008606848670611456,0,7.407784403880618e-07,0.0008610554689442202
s55-139-2,u002,2025-07-18,variable,hazard_cal,120,0.0032198850437137327,0,1.0367659694731387e-05,0.00322508002806006
s55-139-5,u005,2025-07-18,variable,empirical,30,0.0011737089201877549,0,1.3775926293283055e-06,0.0011743982559415578
s55-139-5,u005,2025-07-18,variable,empirical,60,0.0046948356807511304,0,2.2041482069253932e-05,0.004705891037412617
s55-139-5,u005,2025-07-18,variable,empirical,120,0.017018779342723,0,0.0002896388503162951,0.017165263130094227
s55-139-5,u005,2025-07-18,variable,hazard,30,0.00024305085665810022,0,5.907371892223638e-08,0.0002430803983044066
s55-139-5,u005,2025-07-18,variable,hazard,60,0.0006392705435438462,0,4.086668278428445e-07,0.0006394749640824295
s55-139-5,u005,2025-07-18,variable,hazard,120,0.0023572490754307784,0,5.55662320361926e-06,0.0023600317608811583
s55-139-5,u005,2025-07-18,variable,hazard_cal,30,0.00021087615780801539,0,4.446875393187101e-08,0.00021089839531127576
s55-139-5,u005,2025-07-18,variable,hazard_cal,60,0.000558114885367722,0,3.114922252690255e-07,0.0005582706894541068
s55-139-5,u005,2025-07-18,variable,hazard_cal,120,0.002088925396961372,0,4.3636093140702255e-06,0.002091110244804754
s55-139-50,u050,2025-07-18,regular,empirical,30,0.0011737089201877549,0,1.3775926293283055e-06,0.0011743982559415578
s55-139-50,u050,2025-07-18,regular,empirical,60,0.0046948356807511304,0,2.2041482069253932e-05,0.004705891037412617
s55-139-50,u050,2025-07-18,regular,empirical,120,0.017018779342723,0,0.0002896388503162951,0.017165263130094227
s55-139-50,u050,2025-07-18,regular,hazard,30,0.0027511296681326236,0,7.56871445087952e-06,0.0027549209805493072
s55-139-50,u050,2025-07-18,regular,hazard,60,0.007219417694188657,0,5.211999184316426e-05,0.0072456037985101154
s55-139-50,u050,2025-07-18,regular,hazard,120,0.026357618963491425,0,0.0006947240774246027,0.026711208021528026
s55-139-50,u050,2025-07-18,regular,hazard_cal,30,0.0025087916606706395,0,6.294035596650545e-06,0.002511943951867277
s55-139-50,u050,2025-07-18,regular,hazard_cal,60,0.006625773966323134,0,4.3900880652805396e-05,0.006647821850143546
s55-139-50,u050,2025-07-18,regular,hazard_cal,120,0.02456772381489114,0,0.0006035730534447693,0.024874546049523084
s55-139-57,u057,2025-07-18,new,empirical,30,0.0011737089201877549,0,1.3775926293283055e-06,0.0011743982559415578
s55-139-57,u057,2025-07-18,new,empirical,60,0.0046948356807511304,0,2.2041482069253932e-05,0.004705891037412617
s55-139-57,u057,2025-07-18,new,empirical,120,0.017018779342723,0,0.0002896388503162951,0.017165263130094227
s55-139-57,u057,2025-07-18,new,hazard,30,0.000836141355505915,0,6.991323663872689e-07,0.0008364911166692151
s55-139-57,u057,2025-07-18,new,hazard,60,0.0021980199838503856,0,4.831291849405649e-06,0.002200439175379391
s55-139-57,u057,2025-07-18,new,hazard,120,0.008085918664570757,0,6.538208065005374e-05,0.008118787005288725
s55-139-57,u057,2025-07-18,new,hazard_cal,30,0.0007440465963942655,0,5.53605337605891e-07,0.0007443235364424562
s55-139-57,u057,2025-07-18,new,hazard_cal,60,0.001968257261421802,0,3.874036647139651e-06,0.0019701968252035834
s55-139-57,u057,2025-07-18,new,hazard_cal,120,0.007350800238264732,0,5.403426414287284e-05,0.0073779505029410615
s55-139-14,u014,2025-07-18,regular,empirical,30,0.0011737089201877549,0,1.3775926293283055e-06,0.0011743982559415578
s55-139-14,u014,2025-07-18,regular,empirical,60,0.0046948356807511304,0,2.2041482069253932e-05,0.004705891037412617
s55-139-14,u014,2025-07-18,regular,empirical,120,0.017018779342723,0,0.0002896388503162951,0.017165263130094227
s55-139-14,u014,2025-07-18,regular,hazard,30,0.0005007166874146929,0,2.5071720105554325e-07,0.0005008420878770372
s55-139-14,u014,2025-07-18,regular,hazard,60,0.0013166709289333944,0,1.7336223350983279e-06,0.001317538501723141
s55-139-14,u014,2025-07-18,regular,hazard,120,0.004850130190191426,0,2.352376286180632e-05,0.004861930241607291
s55-139-14,u014,2025-07-18,regular,hazard_cal,30,0.00044090848333300237,0,1.9440029067500843e-07,0.0004410057120587035
s55-139-14,u014,2025-07-18,regular,hazard_cal,60,0.00116668088282057,0,1.3611442823389844e-06,0.0011673619847656883
s55-139-14,u014,2025-07-18,regular,hazard_cal,120,0.0043625746289893685,0,1.9032057393501725e-05,0.004372118424815024
s55-139-29,u029,2025-07-18,regular,empirical,30,0.0011737089201877549,0,1.3775926293283055e-06,0.0011743982559415578
s55-139-29,u029,2025-07-18,regular,empirical,60,0.0046948356807511304,0,2.2041482069253932e-05,0.004705891037412617
s55-139-29,u029,2025-07-18,regular,empirical,120,0.017018779342723,0,0.0002896388503162951,0.017165263130094227
s55-139-29,u029,2025-07-18,regular,hazard,30,0.0017165078656495858,0,2.9463992528368966e-06,0.0017179827532884703
s55-139-29,u029,2025-07-18,regular,hazard,60,0.004508665121714994,0,2.0328061179769285e-05,0.0045188598067932365
s55-139-29,u029,2025-07-18,regular,hazard,120,0.016528357620150813,0,0.00027318660561959746,0.01666647493948141
s55-139-29,u029,2025-07-18,regular,hazard_cal,30,0.0015501741495679289,0,2.4030398939886517e-06,0.001551376912670474
s55-139-29,u029,2025-07-18,regular,hazard_cal,60,0.004097680002581261,0,1.6790981403554364e-05,0.004106098498688726
s55-139-29,u029,2025-07-18,regular,hazard_cal,120,0.015253233774969677,0,0.00023266114059387568,0.015370760990252851
s55-139-53,u053,2025-07-18,regular,empirical,30,0.0011737089201877549,0,1.3775926293283055e-06,0.0011743982559415578
s55-139-53,u053,2025-07-18,regular,empirical,60,0.0046948356807511304,0,2.2041482069253932e-05,0.004705891037412617
s55-139-53,u053,2025-07-18,regular,empirical,120,0.017018779342723,0,0.0002896388503162951,0.017165263130094227
s55-139-53,u053,2025-07-18,regular,hazard,30,0.00286696048162538,0,8.219462403201633e-06,0.0028710780847136658
s55-139-53,u053,2025-07-18,regular,hazard,60,0.007522579595887646,0,5.658920377646514e-05,0.007551016902138634
s55-139-53,u053,2025-07-18,regular,hazard,120,0.027451876571316758,0,0.0007536055272868099,0.02783572046840794
s55-139-53,u053,2025-07-18,regular,hazard_cal,30,0.0026166443187606303,0,6.846827490902283e-06,0.002620073716154515
s55-139-53,u053,2025-07-18,regular,hazard_cal,60,0.0069099250066063655,0,4.774706359692398e-05,0.006933909087728803
s55-139-53,u053,2025-07-18,regular,hazard_cal,120,0.02561009060731856,0,0.0006558767409150663,0.025943737793711615
