sid,user,day,cohort,model,lead_minutes,p,y,brier,logloss
s22-110-21,u021,2025-06-09,regular,empirical,30,0.0011990407673860837,0,1.4376987618538084e-06,0.0011997601919040602
s22-110-21,u021,2025-06-09,regular,empirical,60,0.00659472422062346,0,4.349038754607771e-05,0.006616565492129114
s22-110-21,u021,2025-06-09,regular,empirical,120,0.017386091127098324,0,0.0003022761646797671,0.017539004174862385
s22-110-21,u021,2025-06-09,regular,hazard,30,0.0019669130324849737,0,3.868746877359236e-06,0.001968849946167569
s22-110-21,u021,2025-06-09,regular,hazard,60,0.0051120625695224575,0,2.613318371471255e-05,0.005125173864306971
s22-110-21,u021,2025-06-09,regular,hazard,120,0.018234392636183427,0,0.0003324930748105004,0.018402688157316844
s22-110-21,u021,2025-06-09,regular,hazard_cal,30,0.002641483420952495,0,6.977434663166896e-06,0.002644978294073665
s22-110-21,u021,2025-06-09,regular,hazard_cal,60,0.006802408797432213,0,4.627276544738317e-05,0.006825650640466661
s22-110-21,u021,2025-06-09,regular,hazard_cal,120,0.02372247954865514,0,0.0005627560359363614,0.024008388262605585
s22-110-38,u038,2025-06-09,regular,empirical,30,0.0011990407673860837,0,1.4376987618538084e-06,0.0011997601919040602
s22-110-38,u038,2025-06-09,regular,empirical,60,0.00659472422062346,0,4.349038754607771e-05,0.006616565492129114
s22-110-38,u038,2025-06-09,regular,empirical,120,0.017386091127098324,0,0.0003022761646797671,0.017539004174862385
s22-110-38,u038,2025-06-09,regular,hazard,30,0.0010999109345996017,0,1.2098040640517691e-06,0.0011005162805567625
s22-110-38,u038,2025-06-09,regular,hazard,60,0.002860921802322447,0,8.184873559003918e-06,0.0028650220613161493
s22-110-38,u038,2025-06-09,regular,hazard,120,0.010238085762854343,0,0.0001048184000875608,0.01029085544556951
s22-110-38,u038,2025-06-09,regular,hazard_cal,30,0.0015032520812959804,0,2.259766819920697e-06,0.001504383098317173
s22-110-38,u038,2025-06-09,regular,hazard_cal,60,0.0038750935034606027,0,1.5016349660562567e-05,0.0038826211314252376
s22-110-38,u038,2025-06-09,regular,hazard_cal,120,0.013569557996502724,0,0.000184132904220451,0.01366246588528657
s22-110-35,u035,2025-06-09,regular,empirical,30,0.0011990407673860837,0,1.4376987618538084e-06,0.0011997601919040602
s22-110-35,u035,2025-06-09,regular,empirical,60,0.00659472422062346,0,4.349038754607771e-05,0.006616565492129114
s22-110-35,u035,2025-06-09,regular,empirical,120,0.017386091127098324,0,0.0003022761646797671,0.017539004174862385
s22-110-35,u035,2025-06-09,regular,hazard,30,0.0045498820156506525,0,2.0701426356341244e-05,0.004560264232706699
s22-110-35,u035,2025-06-09,regular,hazard,60,0.01179792304895122,0,0.00013919098826897444,0.011868070820977024
s22-110-35,u035,2025-06-09,regular,hazard,120,0.041676663988120644,0,0.0017369443211787121,0.04257004646081364
s22-110-35,u035,2025-06-09,regular,hazard_cal,30,0.0059560044510109655,0,3.5473989020462435e-05,0.0059738121893741615
s22-110-35,u035,2025-06-09,regular,hazard_cal,60,0.015293299964816653,0,0.00023388502381386104,0.015411448613026275
s22-110-35,u035,2025-06-09,regular,hazard_cal,120,0.05270124310803037,0,0.0027774210251317187,0.05414075836587154
s22-110-41,u041,2025-06-09,variable,empirical,30,0.0011990407673860837,0,1.4376987618538084e-06,0.0011997601919040602
s22-110-41,u041,2025-06-09,variable,empirical,60,0.00659472422062346,0,4.349038754607771e-05,0.006616565492129114
s22-110-41,u041,2025-06-09,variable,empirical,120,0.017386091127098324,0,0.0003022761646797671,0.017539004174862385
s22-110-41,u041,2025-06-09,variable,hazard,30,0.001865004299073325,0,3.4782410355619846e-06,0.0018667455849316608
s22-110-41,u041,2025-06-09,variable,hazard,60,0.004847641648237477,0,2.3499629549726565e-05,0.0048594295742023725
s22-110-41,u041,2025-06-09,variable,hazard,120,0.017297850650703328,0,0.00029921563713403756,0.017449206428504872
s22-110-41,u041,2025-06-09,variable,hazard_cal,30,0.002508658237048267,0,6.293366150310118e-06,0.0025118101926798935
s22-110-41,u041,2025-06-09,variable,hazard_cal,60,0.006461110464928477,0,4.1745948440008274e-05,0.006482073785488492
s22-110-41,u041,2025-06-09,variable,hazard_cal,120,0.022543053446177463,0,0.0005081892586772136,0.022801032538818673
s22-110-29,u029,2025-06-09,regular,empirical,30,0.0011990407673860837,0,1.4376987618538084e-06,0.0011997601919040602
s22-110-29,u029,2025-06-09,regular,empirical,60,0.00659472422062346,0,4.349038754607771e-05,0.006616565492129114
s22-110-29,u029,2025-06-09,regular,empirical,120,0.017386091127098324,0,0.0003022761646797671,0.017539004174862385
s22-110-29,u029,2025-06-09,regular,hazard,30,0.0012557892179561048,0,1.5770065599348051e-06,0.0012565783819877131
s22-110-29,u029,2025-06-09,regular,hazard,60,0.003265912518938263,0,1.0666184581357671e-05,0.0032712572513539134
s22-110-29,u029,2025-06-09,regular,hazard,120,0.011680522002197047,0,0.0001364345942438093,0.011749275205924621
s22-110-29,u029,2025-06-09,regular,hazard_cal,30,0.0017094627136894358,0,2.92226276949445e-06,0.0017109255123784264
s22-110-29,u029,2025-06-09,regular,hazard_cal,60,0.004405864181841523,0,1.9411639188834075e-05,0.004415598604320739
s22-110-29,u029,2025-06-09,regular,hazard_cal,120,0.015416675035157201,0,0.0002376738691396393,0.015536747648654063
s22-110-50,u050,2025-06-09,variable,empirical,30,0.0011990407673860837,0,1.4376987618538084e-06,0.0011997601919040602
s22-110-50,u050,2025-06-09,variable,empirical,60,0.00659472422062346,0,4.349038754607771e-05,0.006616565492129114
s22-110-50,u050,2025-06-09,variable,empirical,120,0.017386091127098324,0,0.0003022761646797671,0.017539004174862385
s22-110-50,u050,2025-06-09,variable,hazard,30,0.0012767921975905816,0,1.6301983158281867e-06,0.001277607991221725
s22-110-50,u050,2025-06-09,variable,hazard,60,0.0033204721564397133,0,1.1025535341691399e-05,0.0033259971579098235
s22-110-50,u050,2025-06-09,variable,hazard,120,0.011874714736387904,0,0.00014100885007058803,0.011945782326614711
s22-110-50,u050,2025-06-09,variable,hazard_cal,30,0.0017371857791208534,0,3.0178144311797265e-06,0.001738696436117851
s22-110-50,u050,2025-06-09,variable,hazard_cal,60,0.0044772065520642945,0,2.004537850984745e-05,0.004487259257901337
s22-110-50,u050,2025-06-09,variable,hazard_cal,120,0.015664740627952423,0,0.00024538409894102326,0.01578872921465806
s22-110-57,u057,2025-06-09,new,empirical,30,0.0011990407673860837,0,1.4376987618538084e-06,0.0011997601919040602
s22-110-57,u057,2025-06-09,new,empirical,60,0.00659472422062346,0,4.349038754607771e-05,0.006616565492129114
s22-110-57,u057,2025-06-09,new,empirical,120,0.017386091127098324,0,0.0003022761646797671,0.017539004174862385
s22-110-57,u057,2025-06-09,new,hazard,30,0.0010107875874598715,0,1.0216915469629474e-06,0.001011298777732239
s22-110-57,u057,2025-06-09,new,hazard,60,0.0026293176434480925,0,6.91331127014743e-06,0.0026327803701539218
s22-110-57,u057,2025-06-09,new,hazard,120,0.009412428865328781,0,8.859381714487445e-05,0.009457005712010134
s22-110-57,u057,2025-06-09,new,hazard_cal,30,0.0013849593228398849,0,1.9181123259211124e-06,0.0013859192654261704
s22-110-57,u057,2025-06-09,new,hazard_cal,60,0.003570529703570968,0,1.2748682364082587e-05,0.003576919258684665
s22-110-57,u057,2025-06-09,new,hazard_cal,120,0.012508407861555604,0,0.00015646026723102602,0.012587296533289782
s22-110-24,u024,2025-06-09,regular,empirical,30,0.0011990407673860837,0,1.4376987618538084e-06,0.0011997601919040602
s22-110-24,u024,2025-06-09,regular,empirical,60,0.00659472422062346,0,4.349038754607771e-05,0.006616565492129114
s22-110-24,u024,2025-06-09,regular,empirical,120,0.017386091127098324,0,0.0003022761646797671,0.017539004174862385
s22-110-24,u024,2025-06-09,regular,hazard,30,0.006188731674252157,0,3.8300399735891905e-05,0.006207961252974342
s22-110-24,u024,2025-06-09,regular,hazard,60,0.0160239247256857,0,0.00025676616361444156,0.01615369597108308
s22-110-24,u024,2025-06-09,regular,hazard,120,0.056259862802897964,0,0.003165172162600902,0.05790442912558835
s22-110-24,u024,2025-06-09,regular,hazard_cal,30,0.008024562588609285,0,6.439360473850776e-05,0.008056932677816103
s22-110-24,u024,2025-06-09,regular,hazard_cal,60,0.020567217042622987,0,0.00042301041687836145,0.02078166778342624
s22-110-24,u024,2025-06-09,regular,hazard_cal,120,0.07035283261614023,0,0.004949521057114644,0.07295015473122336
s22-110-4,u004,2025-06-09,regular,empirical,30,0.0011990407673860837,0,1.4376987618538084e-06,0.0011997601919040602
s22-110-4,u004,2025-06-09,regular,empirical,60,0.00659472422062346,0,4.349038754607771e-05,0.006616565492129114
s22-110-4,u004,2025-06-09,regular,empirical,120,0.017386091127098324,0,0.0003022761646797671,0.017539004174862385
s22-110-4,u004,2025-06-09,regular,hazard,30,0.00885525227028694,0,7.8415492770422e-05,0.008894693027880802
s22-110-4,u004,2025-06-09,regular,hazard,60,0.02287333821505877,0,0.0005231896011004679,0.0231389917549053
s22-110-4,u004,2025-06-09,regular,hazard,120,0.07951613528607782,0,0.00632281577083383,0.08285580729053171
s22-110-4,u004,2025-06-09,regular,hazard_cal,30,0.01135383107301513,0,0.0001289094800345639,0.01141877787769461
s22-110-4,u004,2025-06-09,regular,hazard_cal,60,0.029014920762238883,0,0.000841865626839001,0.02944417719635196
s22-110-4,u004,2025-06-09,regular,hazard_cal,120,0.09808076359461182,0,0.009619836187302132,0.10323030128153922
s22-110-43,u043,2025-06-09,regular,empirical,30,0.0011990407673860837,0,1.4376987618538084e-06,0.0011997601919040602
s22-110-43,u043,2025-06-09,regular,empirical,60,0.00659472422062346,0,4.349038754607771e-05,0.006616565492129114
s22-110-43,u043,2025-06-09,regular,empirical,120,0.017386091127098324,0,0.0003022761646797671,0.017539004174862385
s22-110-43,u043,2025-06-09,regular,hazard,30,0.004700902178884414,0,2.2098481295440233e-05,0.004711986169678413
s22-110-43,u043,2025-06-09,regular,hazard,60,0.01218787060882598,0,0.00014854418997748415,0.012262751753619234
s22-110-43,u043,2025-06-09,regular,hazard,120,0.04302985981396934,0,0.0018515688356098535,0.043983089493460935
s22-110-43,u043,2025-06-09,regular,hazard_cal,30,0.006147508118649503,0,3.779185606886155e-05,0.006166481847419078
s22-110-43,u043,2025-06-09,regular,hazard_cal,60,0.015782361560394254,0,0.0002490829364230101,0.015908229109949223
s22-110-43,u043,2025-06-09,regular,hazard_cal,120,0.05434925049165229,0,0.0029538410290043666,0.05588196466262562
s22-110-11,u011,2025-06-09,variable,empirical,30,0.0011990407673860837,0,1.4376987618538084e-06,0.0011997601919040602
s22-110-11,u011,2025-06-09,variable,empirical,60,0.00659472422062346,0,4.349038754607771e-05,0.006616565492129114
s22-110-11,u011,2025-06-09,variable,empirical,120,0.017386091127098324,1,0.9655300939104832,4.052084752932218
s22-110-11,u011,2025-06-09,variable,hazard,30,0.004776398910758428,0,2.2813986554694298e-05,0.0047878423575546366
s22-110-11,u011,2025-06-09,variable,hazard,60,0.012382770237850838,0,0.00015333299876340447,0.012460075569582755
s22-110-11,u011,2025-06-09,variable,hazard,120,0.04370562307998471,1,0.9144989353288403,3.130278510559266
s22-110-11,u011,2025-06-09,variable,hazard_cal,30,0.006243169350827027,0,3.897716354310596e-05,0.006262739427987875
s22-110-11,u011,2025-06-09,variable,hazard_cal,60,0.016026598950695692,0,0.00025685187392644027,0.016156413749199
s22-110-11,u011,2025-06-09,variable,hazard_cal,120,0.0551714101040327,1,0.892701064284802,2.8973103927706196
s22-110-31,u031,2025-06-09,variable,empirical,30,0.0011990407673860837,0,1.4376987618538084e-06,0.0011997601919040602
s22-110-31,u031,2025-06-09,variable,empirical,60,0.00659472422062346,0,4.349038754607771e-05,0.006616565492129114
s22-110-31,u031,2025-06-09,variable,empirical,120,0.017386091127098324,0,0.0003022761646797671,0.017539004174862385
s22-110-31,u031,2025-06-09,variable,hazard,30,0.0012750691421912208,0,1.6258013173682556e-06,0.0012758827345144175
s22-110-31,u031,2025-06-09,variable,hazard,60,0.003315996236631924,0,1.0995831041357082e-05,0.00332150633650487
s22-110-31,u031,2025-06-09,variable,hazard,120,0.011858784868080563,0,0.00014063077854741655,0.011929661152365694
s22-110-31,u031,2025-06-09,variable,hazard_cal,30,0.0017349119424413528,0,3.009919448025628e-06,0.0017364186450818163
s22-110-31,u031,2025-06-09,variable,hazard_cal,60,0.004471355205709959,0,1.9993017375629554e-05,0.004481381613314196
s22-110-31,u031,2025-06-09,variable,hazard_cal,120,0.015644396704111996,0,0.0002447471482356303,0.015768061750581368
s22-110-39,u039,2025-06-09,variable,empirical,30,0.0011990407673860837,0,1.4376987618538084e-06,0.0011997601919040602
s22-110-39,u039,2025-06-09,variable,empirical,60,0.00659472422062346,0,4.349038754607771e-05,0.006616565492129114
s22-110-39,u039,2025-06-09,variable,empirical,120,0.017386091127098324,0,0.0003022761646797671,0.017539004174862385
s22-110-39,u039,2025-06-09,variable,hazard,30,0.0006867309082090323,0,4.715993402896023e-07,0.0006869668158887568
s22-110-39,u039,2025-06-09,variable,hazard,60,0.0017868819960596971,0,3.1929472678422874e-06,0.0017884803740526576
s22-110-39,u039,2025-06-09,variable,hazard,120,0.006404499121410945,0,4.1017608996153566e-05,0.006425095914433617
s22-110-39,u039,2025-06-09,variable,hazard_cal,30,0.0009519184346058474,0,9.061487061424469e-07,0.000952371796690904
s22-110-39,u039,2025-06-09,variable,hazard_cal,60,0.0024550539995390475,0,6.027290140652673e-06,0.0024580725861502264
s22-110-39,u039,2025-06-09,variable,hazard_cal,120,0.008614126255709231,0,7.420317114929914e-05,0.008651442292527818
s22-110-40,u040,2025-06-09,regular,empirical,30,0.0011990407673860837,0,1.4376987618538084e-06,0.0011997601919040602
s22-110-40,u040,2025-06-09,regular,empirical,60,0.00659472422062346,0,4.349038754607771e-05,0.006616565492129114
s22-110-40,u040,2025-06-09,regular,empirical,120,0.017386091127098324,0,0.0003022761646797671,0.017539004174862385
s22-110-40,u040,2025-06-09,regular,hazard,30,0.0008171013064079968,0,6.676545449336551e-07,0.0008174353156391108
s22-110-40,u040,2025-06-09,regular,hazard,60,0.002125858940022596,0,4.519276232873994e-06,0.0021281217857016237
s22-110-40,u040,2025-06-09,regular,hazard,120,0.007615706769402819,0,5.799898959752792e-05,0.007644854344761247
s22-110-40,u040,2025-06-09,regular,hazard_cal,30,0.0011267461684373314,0,1.2695569280882072e-06,0.0011273814241274842
s22-110-40,u040,2025-06-09,regular,hazard_cal,60,0.002905497555861336,0,8.441916047116198e-06,0.002909726707731708
s22-110-40,u040,2025-06-09,regular,hazard_cal,120,0.010188160370131816,0,0.00010379861172752445,0.010240414897309476
s22-110-15,u015,2025-06-09,variable,empirical,30,0.0011990407673860837,0,1.4376987618538084e-06,0.0011997601919040602
s22-110-15,u015,2025-06-09,variable,empirical,60,0.00659472422062346,0,4.349038754607771e-05,0.006616565492129114
s22-110-15,u015,2025-06-09,variable,empirical,120,0.017386091127098324,0,0.0003022761646797671,0.017539004174862385
s22-110-15,u015,2025-06-09,variable,hazard,30,0.0004924862674238195,0,2.425427236010459e-07,0.0004926075786166528
s22-110-15,u015,2025-06-09,variable,hazard,60,0.0012816782118867387,0,1.6426990388251878e-06,0.0012825002638853144
s22-110-15,u015,2025-06-09,variable,hazard,120,0.004597127550243996,0,2.1133581713212362e-05,0.004607726837760135
s22-110-15,u015,2025-06-09,variable,hazard_cal,30,0.0006894927202021339,0,4.754002112117381e-07,0.0006897305296259339
s22-110-15,u015,2025-06-09,variable,hazard_cal,60,0.0017786536790821428,0,3.1636089101124424e-06,0.0017802373616977456
s22-110-15,u015,2025-06-09,variable,hazard_cal,120,0.006246754539103727,0,3.9021942271813017e-05,0.006266347146328324
s22-110-14,u014,2025-06-09,variable,empirical,30,0.0011990407673860837,0,1.4376987618538084e-06,0.0011997601919040602
s22-110-14,u014,2025-06-09,variable,empirical,60,0.00659472422062346,0,4.349038754607771e-05,0.006616565492129114
s22-110-14,u014,2025-06-09,variable,empirical,120,0.017386091127098324,0,0.0003022761646797671,0.017539004174862385
s22-110-14,u014,2025-06-09,variable,hazard,30,0.0006171342918518397,0,3.808547341794716e-07,0.0006173247976013821
s22-110-14,u014,2025-06-09,variable,hazard,60,0.0016058909263685361,0,2.578885667392795e-06,0.001607181751336732
s22-110-14,u014,2025-06-09,variable,hazard,120,0.005757306559827313,0,3.314657882383061e-05,0.005773943736856255
s22-110-14,u014,2025-06-09,variable,hazard_cal,30,0.0008581887556464718,0,7.364879403180396e-07,0.0008585572104342173
s22-110-14,u014,2025-06-09,variable,hazard_cal,60,0.002213502367604425,0,4.899592731390396e-06,0.0022159557850689733
s22-110-14,u014,2025-06-09,variable,hazard_cal,120,0.007769223406562054,0,6.036083234107168e-05,0.007799561058218821
s22-110-23,u023,2025-06-09,regular,empirical,30,0.0011990407673860837,0,1.4376987618538084e-06,0.0011997601919040602
s22-110-23,u023,2025-06-09,regular,empirical,60,0.00659472422062346,0,4.349038754607771e-05,0.006616565492129114
s22-110-23,u023,2025-06-09,regular,empirical,120,0.017386091127098324,0,0.0003022761646797671,0.017539004174862385
s22-110-23,u023,2025-06-09,regular,hazard,30,0.00319996291277147,0,1.0239762643112871e-05,0.0032050937426603937
s22-110-23,u023,2025-06-09,regular,hazard,60,0.008307607044095833,0,6.90163347991107e-05,0.008342307530474817
s22-110-23,u023,2025-06-09,regular,hazard,120,0.029495752557355037,0,0.0008699994189247162,0.02993949983175277
s22-110-23,u023,2025-06-09,regular,hazard_cal,30,0.004234339700135092,0,1.7929632696140143e-05,0.0042433299038428145
s22-110-23,u023,2025-06-09,regular,hazard_cal,60,0.010889073587948994,0,0.00011857192360376838,0.010948793474942351
s22-110-23,u023,2025-06-09,regular,hazard_cal,120,0.03775684216167352,0,0.0014255791300215271,0.03848809742986849
s22-110-3,u003,2025-06-09,regular,empirical,30,0.0011990407673860837,0,1.4376987618538084e-06,0.0011997601919040602
s22-110-3,u003,2025-06-09,regular,empirical,60,0.00659472422062346,0,4.349038754607771e-05,0.006616565492129114
s22-110-3,u003,2025-06-09,regular,empirical,120,0.017386091127098324,0,0.0003022761646797671,0.017539004174862385
s22-110-3,u003,2025-06-09,regular,hazard,30,0.0013952750641533784,0,1.9467925046482145e-06,0.001396249366791274
s22-110-3,u003,2025-06-09,regular,hazard,60,0.0036282177134312477,0,1.316396377605627e-05,0.0036348156593434067
s22-110-3,u003,2025-06-09,regular,hazard,120,0.012969489095523645,0,0.00016820764739890675,0.013054327255952552
s22-110-3,u003,2025-06-09,regular,hazard_cal,30,0.001893324907031979,0,3.584679203587652e-06,0.0018951195121719342
s22-110-3,u003,2025-06-09,regular,hazard_cal,60,0.004878948906627434,0,2.3804142433481033e-05,0.00489088983312355
s22-110-3,u003,2025-06-09,regular,hazard_cal,120,0.017060713855720278,0,0.00029106795726676585,0.017207924583452647
s22-110-32,u032,2025-06-09,regular,empirical,30,0.0011990407673860837,0,1.4376987618538084e-06,0.0011997601919040602
s22-110-32,u032,2025-06-09,regular,empirical,60,0.00659472422062346,0,4.349038754607771e-05,0.006616565492129114
s22-110-32,u032,2025-06-09,regular,empirical,120,0.017386091127098324,0,0.0003022761646797671,0.017539004174862385
s22-110-32,u032,2025-06-09,regular,hazard,30,0.0014716799031340155,0,2.1658417372885453e-06,0.0014727638876520124
s22-110-32,u032,2025-06-09,regular,hazard,60,0.003826635771416953,0,1.464314132708782e-05,0.0038339760738399908
s22-110-32,u032,2025-06-09,regular,hazard,120,0.013674822557039445,0,0.00018700077196651485,0.013769184182879013
s22-110-32,u032,2025-06-09,regular,hazard_cal,30,0.0019937964315643875,0,3.975224210518885e-06,0.0019957866895558424
s22-110-32,u032,2025-06-09,regular,hazard_cal,60,0.0051374013141489705,0,2.6392892262619568e-05,0.005150643132105073
s22-110-32,u032,2025-06-09,regular,hazard_cal,120,0.017957948247721234,0,0.00032248790526783416,0.018121148986202058
s22-110-33,u033,2025-06-09,variable,empirical,30,0.0011990407673860837,0,1.4376987618538084e-06,0.0011997601919040602
s22-110-33,u033,2025-06-09,variable,empirical,60,0.00659472422062346,0,4.349038754607771e-05,0.006616565492129114
s22-110-33,u033,2025-06-09,variable,empirical,120,0.017386091127098324,0,0.0003022761646797671,0.017539004174862385
s22-110-33,u033,2025-06-09,variable,hazard,30,0.0034764948461372125,0,1.2086016415218601e-05,0.003482551896622555
s22-110-33,u033,2025-06-09,variable,hazard,60,0.009023290363212255,0,8.141976897883916e-05,0.009064246808456031
s22-110-33,u033,2025-06-09,variable,hazard,120,0.03200354338199396,0,0.0010242267890031693,0.03252685223084855
s22-110-33,u033,2025-06-09,variable,hazard_cal,30,0.004588624347427128,0,2.1055473401801037e-05,0.004599184400588987
s22-110-33,u033,2025-06-09,variable,hazard_cal,60,0.011796471852572155,0,0.0001391567481685271,0.011866602300168014
s22-110-33,u033,2025-06-09,variable,hazard_cal,120,0.04085108145657146,0,0.0016688108561714364,0.041708930916008906
s22-110-54,u054,2025-06-09,new,empirical,30,0.0011990407673860837,0,1.4376987618538084e-06,0.0011997601919040602
s22-110-54,u054,2025-06-09,new,empirical,60,0.00659472422062346,0,4.349038754607771e-05,0.006616565492129114
s22-110-54,u054,2025-06-09,new,empirical,120,0.017386091127098324,0,0.0003022761646797671,0.017539004174862385
s22-110-54,u054,2025-06-09,new,hazard,30,0.001642347229888208,0,2.6973044235214704e-06,0.0016436973605580406
s22-110-54,u054,2025-06-09,new,hazard,60,0.004269748755343916,0,1.8230754433760923e-05,0.004278890162849415
s22-110-54,u054,2025-06-09,new,hazard,120,0.015248525469305774,0,0.00023251752898806687,0.015365979766724462
s22-110-54,u054,2025-06-09,new,hazard_cal,30,0.0022176594380355352,0,4.918013383108086e-06,0.0022201220862774827
s22-110-54,u054,2025-06-09,new,hazard_cal,60,0.005713100602876553,0,3.2639518498588435e-05,0.005729482787301093
s22-110-54,u054,2025-06-09,new,hazard_cal,120,0.019954177138196805,0,0.00039816918526253603,0.02015595038839354
s22-110-28,u028,2025-06-09,regular,empirical,30,0.0011990407673860837,0,1.4376987618538084e-06,0.0011997601919040602
s22-110-28,u028,2025-06-09,regular,empirical,60,0.00659472422062346,0,4.349038754607771e-05,0.006616565492129114
s22-110-28,u028,2025-06-09,regular,empirical,120,0.017386091127098324,0,0.0003022761646797671,0.017539004174862385
s22-110-28,u028,2025-06-09,regular,hazard,30,0.0015001320830994036,0,2.250396266744156e-06,0.001501258407797581
s22-110-28,u028,2025-06-09,regular,hazard,60,0.003900517157242711,0,1.521403409394476e-05,0.0039081440132045535
s22-110-28,u028,2025-06-09,regular,hazard,120,0.013937351028465161,0,0.0001942497536906589,0.014035387887302884
s22-110-28,u028,2025-06-09,regular,hazard_cal,30,0.002031169657645493,0,4.125650178139709e-06,0.0020332352802952232
s22-110-28,u028,2025-06-09,regular,hazard_cal,60,0.005233528312265978,0,2.7389818595289577e-05,0.005247271191699873
s22-110-28,u028,2025-06-09,regular,hazard_cal,120,0.018291492624659345,0,0.0003345787024379672,0.018460850358757018
s22-110-2,u002,2025-06-09,regular,empirical,30,0.0011990407673860837,0,1.4376987618538084e-06,0.0011997601919040602
s22-110-2,u002,2025-06-09,regular,empirical,60,0.00659472422062346,0,4.349038754607771e-05,0.006616565492129114
s22-110-2,u002,2025-06-09,regular,empirical,120,0.017386091127098324,0,0.0003022761646797671,0.017539004174862385
s22-110-2,u002,2025-06-09,regular,hazard,30,0.001923869410876744,0,3.70127351010723e-06,0.0019257224246508962
s22-110-2,u002,2025-06-09,regular,hazard,60,0.005000383887758253,0,2.500383902495234e-05,0.005012927640461175
s22-110-2,u002,2025-06-09,regular,hazard,120,0.01783893021920968,0,0.00031822743136583235,0.01799996189780733
s22-110-2,u002,2025-06-09,regular,hazard_cal,30,0.0025854079034064448,0,6.684334026996508e-06,0.0025887558421898507
s22-110-2,u002,2025-06-09,regular,hazard_cal,60,0.006658330813668845,0,4.433336922425202e-05,0.006680596387687597
s22-110-2,u002,2025-06-09,regular,hazard_cal,120,0.02322472718287616,0,0.0005393879527190268,0.0234986709848429
s22-110-52,u052,2025-06-09,variable,empirical,30,0.0011990407673860837,0,1.4376987618538084e-06,0.0011997601919040602
s22-110-52,u052,2025-06-09,variable,empirical,60,0.00659472422062346,0,4.349038754607771e-05,0.006616565492129114
s22-110-52,u052,2025-06-09,variable,empirical,120,0.017386091127098324,0,0.0003022761646797671,0.017539004174862385
s22-110-52,u052,2025-06-09,variable,hazard,30,0.0006884165291225486,0,4.739173175691368e-07,0.0006886535965883518
s22-110-52,u052,2025-06-09,variable,hazard,60,0.0017912652959035658,0,3.208631360308489e-06,0.0017928715299979103
s22-110-52,u052,2025-06-09,variable,hazard,120,0.006420168819843641,0,4.121856767529249e-05,0.0064408667406714686
s22-110-52,u052,2025-06-09,variable,hazard_cal,30,0.000954184884075171,0,9.104687929975475e-07,0.000954640408264253
s22-110-52,u052,2025-06-09,variable,hazard_cal,60,0.002460894393499835,0,6.056001215958921e-06,0.00246392737102117
s22-110-52,u052,2025-06-09,variable,hazard_cal,120,0.008634547758611943,0,7.455541499575054e-05,0.008672041449503072
s22-110-9,u009,2025-06-09,variable,empirical,30,0.0011990407673860837,0,1.4376987618538084e-06,0.0011997601919040602
s22-110-9,u009,2025-06-09,variable,empirical,60,0.00659472422062346,0,4.349038754607771e-05,0.006616565492129114
s22-110-9,u009,2025-06-09,variable,empirical,120,0.017386091127098324,0,0.0003022761646797671,0.017539004174862385
s22-110-9,u009,2025-06-09,variable,hazard,30,0.0010500545358934632,0,1.1026145283504364e-06,0.0010506062293969625
s22-110-9,u009,2025-06-09,variable,hazard,60,0.002731364923068913,0,7.460354342971249e-06,0.0027351019065018157
s22-110-9,u009,2025-06-09,variable,hazard,120,0.009776290640029162,0,9.55758586783218e-05,0.00982439233018624
s22-110-9,u009,2025-06-09,variable,hazard_cal,30,0.0014371154444806633,0,2.0653008007648545e-06,0.0014381490853071996
s22-110-9,u009,2025-06-09,variable,hazard_cal,60,0.0037048218870093796,0,1.372570521446374e-05,0.0037117017372864146
s22-110-9,u009,2025-06-09,variable,hazard_cal,120,0.012976416037850713,0,0.0001683873731873892,0.013061345242283431
s22-111-27,u027,2025-06-10,regular,empirical,30,0.0011990407673860837,0,1.4376987618538084e-06,0.0011997601919040602
s22-111-27,u027,2025-06-10,regular,empirical,60,0.00659472422062346,0,4.349038754607771e-05,0.006616565492129114
s22-111-27,u027,2025-06-10,regular,empirical,120,0.017386091127098324,0,0.0003022761646797671,0.017539004174862385
s22-111-27,u027,2025-06-10,regular,hazard,30,0.001641271532825117,0,2.6937722444621095e-06,0.0016426198945010692
s22-111-27,u027,2025-06-10,regular,hazard,60,0.004266956288617951,0,1.820691596897628e-05,0.004276085725797485
s22-111-27,u027,2025-06-10,regular,hazard,120,0.015238614452489085,0,0.00023221537043160924,0.01535591533199274
s22-111-27,u027,2025-06-10,regular,hazard_cal,30,0.0022162507605928417,0,4.911767433828349e-06,0.002218710278921271
s22-111-27,u027,2025-06-10,regular,hazard_cal,60,0.00570947867577698,0,3.259814674915206e-05,0.005725840055505152
s22-111-27,u027,2025-06-10,regular,hazard_cal,120,0.019941628286611168,0,0.0003976685387213707,0.020143146118477135
s22-111-10,u010,2025-06-10,regular,empirical,30,0.0011990407673860837,0,1.4376987618538084e-06,0.0011997601919040602
s22-111-10,u010,2025-06-10,regular,empirical,60,0.00659472422062346,0,4.349038754607771e-05,0.006616565492129114
s22-111-10,u010,2025-06-10,regular,empirical,120,0.017386091127098324,0,0.0003022761646797671,0.017539004174862385
s22-111-10,u010,2025-06-10,regular,hazard,30,0.004906678875648773,0,2.407549758873791e-05,0.004918756146833498
s22-111-10,u010,2025-06-10,regular,hazard,60,0.012719034081152714,0,0.00016177382795752425,0.012800613474054862
s22-111-10,u010,2025-06-10,regular,hazard,120,0.044870625643509854,0,0.002013373045640004,0.04590847714635428
s22-111-10,u010,2025-06-10,regular,hazard_cal,30,0.006408133234029556,0,4.10641715450741e-05,0.006428753458435543
s22-111-10,u010,2025-06-10,regular,hazard_cal,60,0.016447679278594918,0,0.00027052615365152064,0.016584444071414163
s22-111-10,u010,2025-06-10,regular,hazard_cal,120,0.05658752716464566,0,0.00320214823060951,0.05825168706678343
s22-111-38,u038,2025-06-10,regular,empirical,30,0.0011990407673860837,0,1.4376987618538084e-06,0.0011997601919040602
s22-111-38,u038,2025-06-10,regular,empirical,60,0.00659472422062346,0,4.349038754607771e-05,0.006616565492129114
s22-111-38,u038,2025-06-10,regular,empirical,120,0.017386091127098324,0,0.0003022761646797671,0.017539004174862385
s22-111-38,u038,2025-06-10,regular,hazard,30,0.0008819488993090374,0,7.778338609924227e-07,0.0008823380450608026
s22-111-38,u038,2025-06-10,regular,hazard,60,0.002294440092344252,0,5.2644553373567e-06,0.0022970763532800917
s22-111-38,u038,2025-06-10,regular,hazard,120,0.008217624725878947,0,6.752935613537704e-05,0.008251575528515536
s22-111-38,u038,2025-06-10,regular,hazard_cal,30,0.001213384726097555,0,1.4723024935268385e-06,0.0012141214733765496
s22-111-38,u038,2025-06-10,regular,hazard_cal,60,0.0031286703096620183,0,9.788577906560629e-06,0.0031335748310404987
s22-111-38,u038,2025-06-10,regular,hazard_cal,120,0.010967277983785606,0,0.00012028118637362847,0.01102786194495917
s22-111-59,u059,2025-06-10,new,empirical,30,0.0011990407673860837,0,1.4376987618538084e-06,0.0011997601919040602
s22-111-59,u059,2025-06-10,new,empirical,60,0.00659472422062346,0,4.349038754607771e-05,0.006616565492129114
s22-111-59,u059,2025-06-10,new,empirical,120,0.017386091127098324,0,0.0003022761646797671,0.017539004174862385
s22-111-59,u059,2025-06-10,new,hazard,30,0.0006904483451964927,0,4.767189173845751e-07,0.0006906868144286274
s22-111-59,u059,2025-06-10,new,hazard,60,0.0017965488263391727,0,3.227587685420659e-06,0.001798164555629585
s22-111-59,u059,2025-06-10,new,hazard,120,0.006439056454575098,0,4.1461448025205234e-05,0.006459876601444553
s22-111-59,u059,2025-06-10,new,hazard_cal,30,0.0009569165978013938,0,9.156893751477945e-07,0.0009573747347782039
s22-111-59,u059,2025-06-10,new,hazard_cal,60,0.002467933691875701,0,6.090696707495228e-06,0.0024709840600004806
s22-111-59,u059,2025-06-10,new,hazard_cal,120,0.008659160900625573,0,7.498106750292269e-05,0.008696869274100582
s22-111-41,u041,2025-06-10,variable,empirical,30,0.0011990407673860837,0,1.4376987618538084e-06,0.0011997601919040602
s22-111-41,u041,2025-06-10,variable,empirical,60,0.00659472422062346,0,4.349038754607771e-05,0.006616565492129114
s22-111-41,u041,2025-06-10,variable,empirical,120,0.017386091127098324,1,0.9655300939104832,4.052084752932218
s22-111-41,u041,2025-06-10,variable,hazard,30,0.0020743198337273006,0,4.302802772594456e-06,0.0020764742148795304
s22-111-41,u041,2025-06-10,variable,hazard,60,0.005390696906579118,0,2.905961313860167e-05,0.005405279142367138
s22-111-41,u041,2025-06-10,variable,hazard,120,0.01922049724227326,1,0.9619284330296937,3.9517780046886237
s22-111-41,u041,2025-06-10,variable,hazard_cal,30,0.0027812461710443603,0,7.735330263948915e-06,0.0027851210224544218
s22-111-41,u041,2025-06-10,variable,hazard_cal,60,0.00716144705452082,0,5.1286323914704924e-05,0.00718721330593766
s22-111-41,u041,2025-06-10,variable,hazard_cal,120,0.02496198412716788,1,0.9506991323972293,3.6904012463658993
s22-111-12,u012,2025-06-10,variable,empirical,30,0.0011990407673860837,0,1.4376987618538084e-06,0.0011997601919040602
s22-111-12,u012,2025-06-10,variable,empirical,60,0.00659472422062346,0,4.349038754607771e-05,0.006616565492129114
s22-111-12,u012,2025-06-10,variable,empirical,120,0.017386091127098324,0,0.0003022761646797671,0.017539004174862385
s22-111-12,u012,2025-06-10,variable,hazard,30,0.0010541895878685148,0,1.111315687170389e-06,0.0010547456365335916
s22-111-12,u012,2025-06-10,variable,hazard,60,0.0027421107131146982,0,7.519171162978399e-06,0.002745877185661682
s22-111-12,u012,2025-06-10,variable,hazard,120,0.009814599760534892,0,9.632636845949157e-05,0.009863080417738269
s22-111-12,u012,2025-06-10,variable,hazard_cal,30,0.0014426043277980805,0,2.0811072465817516e-06,0.001443645883243481
s22-111-12,u012,2025-06-10,variable,hazard_cal,60,0.0037189540088361506,0,1.3830618919838475e-05,0.0037258865114055194
s22-111-12,u012,2025-06-10,variable,hazard_cal,120,0.013025656177787281,0,0.00016966771886192797,0.013111233987609572
s22-111-18,u018,2025-06-10,variable,empirical,30,0.0011990407673860837,0,1.4376987618538084e-06,0.0011997601919040602
s22-111-18,u018,2025-06-10,variable,empirical,60,0.00659472422062346,0,4.349038754607771e-05,0.006616565492129114
s22-111-18,u018,2025-06-10,variable,empirical,120,0.017386091127098324,0,0.0003022761646797671,0.017539004174862385
s22-111-18,u018,2025-06-10,variable,hazard,30,0.0005709277984820016,0,3.2595855107950503e-07,0.0005710908398170484
s22-111-18,u018,2025-06-10,variable,hazard,60,0.0014857151003929703,0,2.2073493595356937e-06,0.0014868198694563772
s22-111-18,u018,2025-06-10,variable,hazard,120,0.005327390761162953,0,2.8381092322124394e-05,0.005341631908614014
s22-111-18,u018,2025-06-10,variable,hazard_cal,30,0.0007957857891287556,0,6.332750221792764e-07,0.0007961025947239229
s22-111-18,u018,2025-06-10,variable,hazard_cal,60,0.0020526609688004127,0,4.213417052836649e-06,0.002054770564677929
s22-111-18,u018,2025-06-10,variable,hazard_cal,120,0.007206311280970046,0,5.193092227823614e-05,0.00723240216368833
s22-111-28,u028,2025-06-10,regular,empirical,30,0.0011990407673860837,0,1.4376987618538084e-06,0.0011997601919040602
s22-111-28,u028,2025-06-10,regular,empirical,60,0.00659472422062346,0,4.349038754607771e-05,0.006616565492129114
s22-111-28,u028,2025-06-10,regular,empirical,120,0.017386091127098324,0,0.0003022761646797671,0.017539004174862385
s22-111-28,u028,2025-06-10,regular,hazard,30,0.0016753625772094605,0,2.806839765113925e-06,0.0016767675665556826
s22-111-28,u028,2025-06-10,regular,hazard,60,0.0043554526610103395,0,1.8969967882302047e-05,0.0043649652761633875
s22-111-28,u028,2025-06-10,regular,hazard,120,0.015552666445596497,0,0.00024188543356798317,0.015674877961726782
s22-111-28,u028,2025-06-10,regular,hazard_cal,30,0.0022608810056010675,0,5.111582921487694e-06,0.00226344065583263
s22-111-28,u028,2025-06-10,regular,hazard_cal,60,0.0058242255485008165,0,3.3921603239809636e-05,0.005841252494825821
s22-111-28,u028,2025-06-10,regular,hazard_cal,120,0.020339128239171722,0,0.0004136801375294726,0.02054881643001338
s22-111-15,u015,2025-06-10,variable,empirical,30,0.0011990407673860837,0,1.4376987618538084e-06,0.0011997601919040602
s22-111-15,u015,2025-06-10,variable,empirical,60,0.00659472422062346,0,4.349038754607771e-05,0.006616565492129114
s22-111-15,u015,2025-06-10,variable,empirical,120,0.017386091127098324,0,0.0003022761646797671,0.017539004174862385
s22-111-15,u015,2025-06-10,variable,hazard,30,0.0005485686779612697,0,3.0092759444017527e-07,0.0005487191968076233
s22-111-15,u015,2025-06-10,variable,hazard,60,0.001427558968296272,0,2.0379246079631163e-06,0.0014285789013922419
s22-111-15,u015,2025-06-10,variable,hazard,120,0.005119289719317965,0,2.6207127230314614e-05,0.005132438175968383
s22-111-15,u015,2025-06-10,variable,hazard_cal,30,0.0007655353848303736,0,5.860444254273882e-07,0.0007658285566749169
s22-111-15,u015,2025-06-10,variable,hazard_cal,60,0.00197468527449296,0,3.899381933299336e-06,0.001976637535950947
s22-111-15,u015,2025-06-10,variable,hazard_cal,120,0.006933320502109597,0,4.807093318497327e-05,0.0069574676466908885
s22-111-20,u020,2025-06-10,variable,empirical,30,0.0011990407673860837,0,1.4376987618538084e-06,0.0011997601919040602
s22-111-20,u020,2025-06-10,variable,empirical,60,0.00659472422062346,0,4.349038754607771e-05,0.006616565492129114
s22-111-20,u020,2025-06-10,variable,empirical,120,0.017386091127098324,0,0.0003022761646797671,0.017539004174862385
s22-111-20,u020,2025-06-10,variable,hazard,30,0.0014254959017052649,0,2.032038565778506e-06,0.0014265128875758438
s22-111-20,u020,2025-06-10,variable,hazard,60,0.003706702379549398,0,1.373964253055717e-05,0.0037135892244047237
s22-111-20,u020,2025-06-10,variable,hazard,120,0.013248533821052955,0,0.000175523648407584,0.013337078573603894
s22-111-20,u020,2025-06-10,variable,hazard_cal,30,0.0019330845293364929,0,3.7368157975600903e-06,0.0019349553485918975
s22-111-20,u020,2025-06-10,variable,hazard_cal,60,0.004981231820733956,0,2.481267045189252e-05,0.0049936795097141745
s22-111-20,u020,2025-06-10,variable,hazard_cal,120,0.017415873833195317,0,0.00030331266137377733,0.017569314307040663
s22-111-30,u030,2025-06-10,regular,empirical,30,0.0011990407673860837,0,1.4376987618538084e-06,0.0011997601919040602
s22-111-30,u030,2025-06-10,regular,empirical,60,0.00659472422062346,0,4.349038754607771e-05,0.006616565492129114
s22-111-30,u030,2025-06-10,regular,empirical,120,0.017386091127098324,0,0.0003022761646797671,0.017539004174862385
s22-111-30,u030,2025-06-10,regular,hazard,30,0.00397100021468888,0,1.576884270505913e-05,0.003978905571096238
s22-111-30,u030,2025-06-10,regular,hazard,60,0.010302217786520629,0,0.000106135691320902,0.010355652949457788
s22-111-30,u030,2025-06-10,regular,hazard,120,0.03647195974135953,0,0.00133020384737535,0.037153689051299184
s22-111-30,u030,2025-06-10,regular,hazard_cal,30,0.005220012676392161,0,2.724853234169485e-05,0.00523368454152359
s22-111-30,u030,2025-06-10,regular,hazard_cal,60,0.01341218399447175,0,0.00017988667950156415,0.013502939736224446
s22-111-30,u030,2025-06-10,regular,hazard_cal,120,0.04634104662810379,0,0.0021474926025880896,0.047449162673498954
s22-111-34,u034,2025-06-10,variable,empirical,30,0.0011990407673860837,0,1.4376987618538084e-06,0.0011997601919040602
s22-111-34,u034,2025-06-10,variable,empirical,60,0.00659472422062346,0,4.349038754607771e-05,0.006616565492129114
s22-111-34,u034,2025-06-10,variable,empirical,120,0.017386091127098324,0,0.0003022761646797671,0.017539004174862385
s22-111-34,u034,2025-06-10,variable,hazard,30,0.0004040342180992029,0,1.6324364939503428e-07,0.0004041158619159048
s22-111-34,u034,2025-06-10,variable,hazard,60,0.001051568208822129,0,1.1057956978053808e-06,0.001052121494583519
s22-111-34,u034,2025-06-10,variable,hazard,120,0.0037730274606003755,0,1.4235736218444518e-05,0.0037801632834682766
s22-111-34,u034,2025-06-10,variable,hazard_cal,30,0.0005690158204507689,0,3.237790039232617e-07,0.0005691777713907425
s22-111-34,u034,2025-06-10,variable,hazard_cal,60,0.0014680205726723683,0,2.155084401789308e-06,0.001469099170605138
s22-111-34,u034,2025-06-10,variable,hazard_cal,120,0.00515804114906504,0,2.66053884954482e-05,0.0051713897649040275
s22-111-49,u049,2025-06-10,regular,empirical,30,0.0011990407673860837,0,1.4376987618538084e-06,0.0011997601919040602
s22-111-49,u049,2025-06-10,regular,empirical,60,0.00659472422062346,0,4.349038754607771e-05,0.006616565492129114
s22-111-49,u049,2025-06-10,regular,empirical,120,0.017386091127098324,0,0.0003022761646797671,0.017539004174862385
s22-111-49,u049,2025-06-10,regular,hazard,30,0.0012873330723628396,0,1.657226439199148e-06,0.0012881623974038813
s22-111-49,u049,2025-06-10,regular,hazard,60,0.0033478535112749785,0,1.1208123132956204e-05,0.0033534701120494395
s22-111-49,u049,2025-06-10,regular,hazard,120,0.011972160892909756,0,0.00014333263644571772,0.012044404397343026
s22-111-49,u049,2025-06-10,regular,hazard_cal,30,0.0017510940580419687,0,3.0663304001098897e-06,0.001752629015406898
s22-111-49,u049,2025-06-10,regular,hazard_cal,60,0.004512996719680418,0,2.036713939184621e-05,0.004523211032401685
s22-111-49,u049,2025-06-10,regular,hazard_cal,120,0.015789168353583682,0,0.00024929783729780845,0.015915145076968496
s22-111-57,u057,2025-06-10,new,empirical,30,0.0011990407673860837,0,1.4376987618538084e-06,0.0011997601919040602
s22-111-57,u057,2025-06-10,new,empirical,60,0.00659472422062346,0,4.349038754607771e-05,0.006616565492129114
s22-111-57,u057,2025-06-10,new,empirical,120,0.017386091127098324,0,0.0003022761646797671,0.017539004174862385
s22-111-57,u057,2025-06-10,new,hazard,30,0.001122023222920543,0,1.2589361127730023e-06,0.001122653162225367
s22-111-57,u057,2025-06-10,new,hazard,60,0.0029183791051347052,0,8.516936601286842e-06,0.0029226458768289486
s22-111-57,u057,2025-06-10,new,hazard,120,0.01044283207476926,0,0.00010905274174182963,0.010497741050311444
s22-111-57,u057,2025-06-10,new,hazard_cal,30,0.0015325556294628617,0,2.3487267573983084e-06,0.0015337311940738546
s22-111-57,u057,2025-06-10,new,hazard_cal,60,0.003950530400741892,0,1.560669044718589e-05,0.003958354358619118
s22-111-57,u057,2025-06-10,new,hazard_cal,120,0.013832251829814846,0,0.00019133119068341615,0.01392880885992138
s22-111-9,u009,2025-06-10,variable,empirical,30,0.0011990407673860837,0,1.4376987618538084e-06,0.0011997601919040602
s22-111-9,u009,2025-06-10,variable,empirical,60,0.00659472422062346,0,4.349038754607771e-05,0.006616565492129114
s22-111-9,u009,2025-06-10,variable,empirical,120,0.017386091127098324,0,0.0003022761646797671,0.017539004174862385
s22-111-9,u009,2025-06-10,variable,hazard,30,0.0019131543513208893,0,3.6601595719780525e-06,0.0019149867686112751
s22-111-9,u009,2025-06-10,variable,hazard,60,0.004972581825637978,0,2.472657001266513e-05,0.004984986249069926
s22-111-9,u009,2025-06-10,variable,hazard,120,0.017740461098304183,0,0.0003147239599804441,0.017899709313861967
s22-111-9,u009,2025-06-10,variable,hazard_cal,30,0.0025714427953470453,0,6.612318049742226e-06,0.0025747546330576747
s22-111-9,u009,2025-06-10,variable,hazard_cal,60,0.0066224472580475036,0,4.38568076856209e-05,0.006644472958438832
s22-111-9,u009,2025-06-10,variable,hazard_cal,120,0.023100727250014663,0,0.00053364359947957,0.02337173077025152
s22-111-2,u002,2025-06-10,regular,empirical,30,0.0011990407673860837,0,1.4376987618538084e-06,0.0011997601919040602
s22-111-2,u002,2025-06-10,regular,empirical,60,0.00659472422062346,0,4.349038754607771e-05,0.006616565492129114
s22-111-2,u002,2025-06-10,regular,empirical,120,0.017386091127098324,0,0.0003022761646797671,0.017539004174862385
s22-111-2,u002,2025-06-10,regular,hazard,30,0.00296922165858049,0,8.816277257783476e-06,0.002973638542514467
s22-111-2,u002,2025-06-10,regular,hazard,60,0.007710161038937513,0,5.944658324634999e-05,0.0077400380004293955
s22-111-2,u002,2025-06-10,regular,hazard,120,0.027398261787931033,0,0.0007506647490000018,0.027780593833225106
s22-111-2,u002,2025-06-10,regular,hazard_cal,30,0.003937991104844385,0,1.55077739418335e-05,0.003945765408620045
s22-111-2,u002,2025-06-10,regular,hazard_cal,60,0.010129625571529521,0,0.00010260931421938478,0.010181279346963387
s22-111-2,u002,2025-06-10,regular,hazard_cal,120,0.03516100329125904,0,0.001236296152447929,0.035794034351827
s22-111-25,u025,2025-06-10,regular,empirical,30,0.0011990407673860837,0,1.4376987618538084e-06,0.0011997601919040602
s22-111-25,u025,2025-06-10,regular,empirical,60,0.00659472422062346,0,4.349038754607771e-05,0.006616565492129114
s22-111-25,u025,2025-06-10,regular,empirical,120,0.017386091127098324,0,0.0003022761646797671,0.017539004174862385
s22-111-25,u025,2025-06-10,regular,hazard,30,0.004649962755400194,0,2.1622153626608966e-05,0.004660807463599045
s22-111-25,u025,2025-06-10,regular,hazard,60,0.012056352294118944,0,0.0001453556306399071,0.01212961959586386
s22-111-25,u025,2025-06-10,regular,hazard,120,0.042573637215478466,0,0.001812514585755173,0.0435064665928031
s22-111-25,u025,2025-06-10,regular,hazard_cal,30,0.0060829356793367095,0,3.7002106478947556e-05,0.00610151210368391
s22-111-25,u025,2025-06-10,regular,hazard_cal,60,0.015617475132122416,0,0.00024390552950246208,0.01574071268713191
s22-111-25,u025,2025-06-10,regular,hazard_cal,120,0.053793882488608946,0,0.002893781793198268,0.05529485045892657
s22-111-35,u035,2025-06-10,regular,empirical,30,0.0011990407673860837,0,1.4376987618538084e-06,0.0011997601919040602
s22-111-35,u035,2025-06-10,regular,empirical,60,0.00659472422062346,0,4.349038754607771e-05,0.006616565492129114
s22-111-35,u035,2025-06-10,regular,empirical,120,0.017386091127098324,0,0.0003022761646797671,0.017539004174862385
s22-111-35,u035,2025-06-10,regular,hazard,30,0.004285927998979089,0,1.8369178812432895e-05,0.004295138916024859
s22-111-35,u035,2025-06-10,regular,hazard,60,0.011116115981113617,0,0.00012356803450556955,0.011178361715429576
s22-111-35,u035,2025-06-10,regular,hazard,120,0.039306952646382176,0,0.0015450365263449308,0.040100330655588254
s22-111-35,u035,2025-06-10,regular,hazard_cal,30,0.0056208043910600525,0,3.159344200255997e-05,0.005636660556244263
s22-111-35,u035,2025-06-10,regular,hazard_cal,60,0.014436868125669688,0,0.00020842316127797742,0.014542093685882817
s22-111-35,u035,2025-06-10,regular,hazard_cal,120,0.049809785673542106,0,0.0024810147488442003,0.05109308882322426
s22-111-37,u037,2025-06-10,regular,empirical,30,0.0011990407673860837,0,1.4376987618538084e-06,0.0011997601919040602
s22-111-37,u037,2025-06-10,regular,empirical,60,0.00659472422062346,0,4.349038754607771e-05,0.006616565492129114
s22-111-37,u037,2025-06-10,regular,empirical,120,0.017386091127098324,0,0.0003022761646797671,0.017539004174862385
s22-111-37,u037,2025-06-10,regular,hazard,30,0.0019242075216431287,0,3.7025745863479915e-06,0.0019260611872094744
s22-111-37,u037,2025-06-10,regular,hazard,60,0.005001261165505699,0,2.5012613245595425e-05,0.005013809327368368
s22-111-37,u037,2025-06-10,regular,hazard,120,0.017842037224888863,0,0.0003183382923343199,0.01800312534084045
s22-111-37,u037,2025-06-10,regular,hazard_cal,30,0.002585848529641721,0,6.686612618250251e-06,0.0025891976106741854
s22-111-37,u037,2025-06-10,regular,hazard_cal,60,0.006659462995031062,0,4.434844738218809e-05,0.006681736158667262
s22-111-37,u037,2025-06-10,regular,hazard_cal,120,0.02322863936712649,0,0.0005395696868480186,0.023502676196884783
s22-111-43,u043,2025-06-10,regular,empirical,30,0.0011990407673860837,0,1.4376987618538084e-06,0.0011997601919040602
s22-111-43,u043,2025-06-10,regular,empirical,60,0.00659472422062346,0,4.349038754607771e-05,0.006616565492129114
s22-111-43,u043,2025-06-10,regular,empirical,120,0.017386091127098324,0,0.0003022761646797671,0.017539004174862385
s22-111-43,u043,2025-06-10,regular,hazard,30,0.0037688298293979683,0,1.420407828295992e-05,0.0037759497633822747
s22-111-43,u043,2025-06-10,regular,hazard,60,0.009779486633274437,0,9.563835881039338e-05,0.009827619882074451
s22-111-43,u043,2025-06-10,regular,hazard,120,0.03464761457473087,0,0.0012004571957191029,0.03526207805631497
s22-111-43,u043,2025-06-10,regular,hazard_cal,30,0.0049621972385373025,0,2.462340143414723e-05,0.004974549820161444
s22-111-43,u043,2025-06-10,regular,hazard_cal,60,0.012752656382644667,0,0.00016263024481380777,0.01283466950792667
s22-111-43,u043,2025-06-10,regular,hazard_cal,120,0.04410309637172072,0,0.0019450831095732851,0.045105213139050186
s22-111-33,u033,2025-06-10,variable,empirical,30,0.0011990407673860837,0,1.4376987618538084e-06,0.0011997601919040602
s22-111-33,u033,2025-06-10,variable,empirical,60,0.00659472422062346,0,4.349038754607771e-05,0.006616565492129114
s22-111-33,u033,2025-06-10,variable,empirical,120,0.017386091127098324,0,0.0003022761646797671,0.017539004174862385
s22-111-33,u033,2025-06-10,variable,hazard,30,0.003866145189432846,0,1.4947078625774736e-05,0.0038736380472982074
s22-111-33,u033,2025-06-10,variable,hazard,60,0.01003112864082445,0,0.00010062354180876856,0.010081779419385026
s22-111-33,u033,2025-06-10,variable,hazard,120,0.03552619889069997,0,0.0012621108076215715,0.03617261018900134
s22-111-33,u033,2025-06-10,variable,hazard_cal,30,0.005086350458653133,0,2.5870960988240933e-05,0.005099329970082436
s22-111-33,u033,2025-06-10,variable,hazard_cal,60,0.013070295036123114,0,0.00017083261233130452,0.013156462992910912
s22-111-33,u033,2025-06-10,variable,hazard_cal,120,0.04518144944109437,0,0.0020413633735981668,0.04623395596834075
s22-111-8,u008,2025-06-10,variable,empirical,30,0.0011990407673860837,0,1.4376987618538084e-06,0.0011997601919040602
s22-111-8,u008,2025-06-10,variable,empirical,60,0.00659472422062346,0,4.349038754607771e-05,0.006616565492129114
s22-111-8,u008,2025-06-10,variable,empirical,120,0.017386091127098324,0,0.0003022761646797671,0.017539004174862385
s22-111-8,u008,2025-06-10,variable,hazard,30,0.0005356512637056943,0,2.8692227630950724e-07,0.0005357947760945322
s22-111-8,u008,2025-06-10,variable,hazard,60,0.0013939596769333429,0,1.94312358091611e-06,0.0013949321425474268
s22-111-8,u008,2025-06-10,variable,hazard,120,0.004999044805707009,0,2.499044896946623e-05,0.005011581829740764
s22-111-8,u008,2025-06-10,variable,hazard_cal,30,0.0007480421685756022,0,5.595670859672897e-07,0.0007483220917235037
s22-111-8,u008,2025-06-10,variable,hazard_cal,60,0.001929591560634547,0,3.723323590872067e-06,0.001931455620732386
s22-111-8,u008,2025-06-10,variable,hazard_cal,120,0.0067754212951838255,0,4.5906333727230465e-05,0.006798478670017594
s22-112-28,u028,2025-06-11,regular,empirical,30,0.0011990407673860837,0,1.4376987618538084e-06,0.0011997601919040602
s22-112-28,u028,2025-06-11,regular,empirical,60,0.00659472422062346,0,4.349038754607771e-05,0.006616565492129114
s22-112-28,u028,2025-06-11,regular,empirical,120,0.017386091127098324,0,0.0003022761646797671,0.017539004174862385
s22-112-28,u028,2025-06-11,regular,hazard,30,0.0018723040145478542,0,3.5055223228920117e-06,0.0018740589665872534
s22-112-28,u028,2025-06-11,regular,hazard,60,0.004866583708076133,0,2.3683636987712045e-05,0.0048784640868141296
s22-112-28,u028,2025-06-11,regular,hazard,120,0.017364964740307243,0,0.0003015420004321138,0.017517504214915866
s22-112-28,u028,2025-06-11,regular,hazard_cal,30,0.0025181797613198498,0,6.341229310320895e-06,0.0025213557088332055
s22-112-28,u028,2025-06-11,regular,hazard_cal,60,0.006485578971531125,0,4.206273459596673e-05,0.006506701717183938
s22-112-28,u028,2025-06-11,regular,hazard_cal,120,0.022627647170014753,0,0.0005120104164506767,0.022887580989792638
s22-112-55,u055,2025-06-11,new,empirical,30,0.0011990407673860837,0,1.4376987618538084e-06,0.0011997601919040602
s22-112-55,u055,2025-06-11,new,empirical,60,0.00659472422062346,0,4.349038754607771e-05,0.006616565492129114
s22-112-55,u055,2025-06-11,new,empirical,120,0.017386091127098324,0,0.0003022761646797671,0.017539004174862385
s22-112-55,u055,2025-06-11,new,hazard,30,0.0028347276946910638,0,8.035681103048514e-06,0.0028387531444115824
s22-112-55,u055,2025-06-11,new,hazard,60,0.0073618087993458925,0,5.419622879812661e-05,0.007389040646495479
s22-112-55,u055,2025-06-11,new,hazard,120,0.02617359388408591,0,0.0006850570168090593,0.026522219031134678
s22-112-55,u055,2025-06-11,new,hazard_cal,30,0.0037649283674451306,0,1.4174685611993057e-05,0.003772033549525309
s22-112-55,u055,2025-06-11,new,hazard_cal,60,0.00968593646132554,0,9.38173651328355e-05,0.009733150264518322
s22-112-55,u055,2025-06-11,new,hazard_cal,120,0.033641865867603205,0,0.0011317751390538056,0.03422077420894876
s22-112-54,u054,2025-06-11,new,empirical,30,0.0011990407673860837,0,1.4376987618538084e-06,0.0011997601919040602
s22-112-54,u054,2025-06-11,new,empirical,60,0.00659472422062346,0,4.349038754607771e-05,0.006616565492129114
s22-112-54,u054,2025-06-11,new,empirical,120,0.017386091127098324,0,0.0003022761646797671,0.017539004174862385
s22-112-54,u054,2025-06-11,new,hazard,30,0.0017381477421694047,0,3.0211575736085992e-06,0.0017396600736473066
s22-112-54,u054,2025-06-11,new,hazard,60,0.004518421458904465,0,2.0416132480288352e-05,0.004528660379291023
s22-112-54,u054,2025-06-11,new,hazard,120,0.01613079143644891,0,0.0002602024323662135,0.016262308890753113
s22-112-54,u054,2025-06-11,new,hazard_cal,30,0.0023430038601506276,0,5.489667088680742e-06,0.0023457529886802887
s22-112-54,u054,2025-06-11,new,hazard_cal,60,0.006035344425036171,0,3.642538232881519e-05,0.006053630729421733
s22-112-54,u054,2025-06-11,new,hazard_cal,120,0.02107013889772258,0,0.0004439507531693221,0.021295282427456565
s22-112-40,u040,2025-06-11,regular,empirical,30,0.0011990407673860837,0,1.4376987618538084e-06,0.0011997601919040602
s22-112-40,u040,2025-06-11,regular,empirical,60,0.00659472422062346,0,4.349038754607771e-05,0.006616565492129114
s22-112-40,u040,2025-06-11,regular,empirical,120,0.017386091127098324,0,0.0003022761646797671,0.017539004174862385
s22-112-40,u040,2025-06-11,regular,hazard,30,0.000622518118087001,0,3.875288073465813e-07,0.0006227119629428055
s22-112-40,u040,2025-06-11,regular,hazard,60,0.0016198927645596495,0,2.624052568672704e-06,0.0016212062094622226
s22-112-40,u040,2025-06-11,regular,hazard,120,0.005807386837594186,0,3.37257418814622e-05,0.005824315280362017
s22-112-40,u040,2025-06-11,regular,hazard_cal,30,0.0008654503878520181,0,7.490043738332086e-07,0.000865825106254659
s22-112-40,u040,2025-06-11,regular,hazard_cal,60,0.0022322178140118387,0,4.982796369191792e-06,0.0022347129259768774
s22-112-40,u040,2025-06-11,regular,hazard_cal,120,0.007834707104581562,0,6.13826354145808e-05,0.007865559675178534
s22-112-18,u018,2025-06-11,variable,empirical,30,0.0011990407673860837,0,1.4376987618538084e-06,0.0011997601919040602
s22-112-18,u018,2025-06-11,variable,empirical,60,0.00659472422062346,0,4.349038754607771e-05,0.006616565492129114
s22-112-18,u018,2025-06-11,variable,empirical,120,0.017386091127098324,0,0.0003022761646797671,0.017539004174862385
s22-112-18,u018,2025-06-11,variable,hazard,30,0.0005402774591271031,0,2.918997328408386e-07,0.0005404234615837828
s22-112-18,u018,2025-06-11,variable,hazard,60,0.0014059928934897492,0,1.9768160165436774e-06,0.0014069822289391619
s22-112-18,u018,2025-06-11,variable,hazard,120,0.005042110547053946,0,2.5422878768712645e-05,0.005054864876995236
s22-112-18,u018,2025-06-11,variable,hazard_cal,30,0.0007543085672471195,0,5.689814146224021e-07,0.000754593201097933
s22-112-18,u018,2025-06-11,variable,hazard_cal,60,0.001945745135837118,0,3.785924133633805e-06,0.001947640556973983
s22-112-18,u018,2025-06-11,variable,hazard_cal,120,0.0068319866204633595,0,4.6676041182190353e-05,0.006855431485407897
s22-112-58,u058,2025-06-11,new,empirical,30,0.0011990407673860837,0,1.4376987618538084e-06,0.0011997601919040602
s22-112-58,u058,2025-06-11,new,empirical,60,0.00659472422062346,0,4.349038754607771e-05,0.006616565492129114
s22-112-58,u058,2025-06-11,new,empirical,120,0.017386091127098324,0,0.0003022761646797671,0.017539004174862385
s22-112-58,u058,2025-06-11,new,hazard,30,0.00332658082035453,0,1.1066139954350618e-05,0.0033321261918312453
s22-112-58,u058,2025-06-11,new,hazard,60,0.008635346853241743,0,7.456921527579208e-05,0.00867284750437421
s22-112-58,u058,2025-06-11,new,hazard,120,0.030644818879480673,0,0.000939104924156175,0.03112419026818176
s22-112-58,u058,2025-06-11,new,hazard_cal,30,0.004396672922424405,0,1.933073278677996e-05,0.0044063667128700365
s22-112-58,u058,2025-06-11,new,hazard_cal,60,0.01130491396049138,0,0.0001278010796541129,0.011369300214280807
s22-112-58,u058,2025-06-11,new,hazard_cal,120,0.039175848991349516,0,0.001534747144193021,0.039963872178559956
s22-112-7,u007,2025-06-11,variable,empirical,30,0.0011990407673860837,0,1.4376987618538084e-06,0.0011997601919040602
s22-112-7,u007,2025-06-11,variable,empirical,60,0.00659472422062346,0,4.349038754607771e-05,0.006616565492129114
s22-112-7,u007,2025-06-11,variable,empirical,120,0.017386091127098324,0,0.0003022761646797671,0.017539004174862385
s22-112-7,u007,2025-06-11,variable,hazard,30,0.0008016306075592228,0,6.426116309757687e-07,0.0008019520851903983
s22-112-7,u007,2025-06-11,variable,hazard,60,0.002085637615959479,0,4.34988426510514e-06,0.0020878155869243943
s22-112-7,u007,2025-06-11,variable,hazard,120,0.007472053222787767,0,5.583157936417305e-05,0.007500108855292858
s22-112-7,u007,2025-06-11,variable,hazard_cal,30,0.0011060466828092252,0,1.223339264553291e-06,0.0011066588038394182
s22-112-7,u007,2025-06-11,variable,hazard_cal,60,0.002852172587954449,0,8.134888471478779e-06,0.002856247782807432
s22-112-7,u007,2025-06-11,variable,hazard_cal,120,0.010001925274642276,0,0.00010003850919952797,0.0100522805772533
s22-112-12,u012,2025-06-11,variable,empirical,30,0.0011990407673860837,0,1.4376987618538084e-06,0.0011997601919040602
s22-112-12,u012,2025-06-11,variable,empirical,60,0.00659472422062346,0,4.349038754607771e-05,0.006616565492129114
s22-112-12,u012,2025-06-11,variable,empirical,120,0.017386091127098324,0,0.0003022761646797671,0.017539004174862385
s22-112-12,u012,2025-06-11,variable,hazard,30,0.0011733823474352478,0,1.3768261332726526e-06,0.0011740712994907354
s22-112-12,u012,2025-06-11,variable,hazard,60,0.0030518235644688696,0,9.313627068647477e-06,0.0030564898742577056
s22-112-12,u012,2025-06-11,variable,hazard,120,0.010918223048848152,0,0.00011920759454439905,0.010978264275084026
s22-112-12,u012,2025-06-11,variable,hazard_cal,30,0.0016005505217098204,0,2.561761972545578e-06,0.0016018327710820067
s22-112-12,u012,2025-06-11,variable,hazard_cal,60,0.004125556430468302,0,1.702021586097836e-05,0.004134090017014242
s22-112-12,u012,2025-06-11,variable,hazard_cal,120,0.01444152977901858,0,0.00020855778235828046,0.014546823635921358
s22-112-16,u016,2025-06-11,variable,empirical,30,0.0011990407673860837,0,1.4376987618538084e-06,0.0011997601919040602
s22-112-16,u016,2025-06-11,variable,empirical,60,0.00659472422062346,0,4.349038754607771e-05,0.006616565492129114
s22-112-16,u016,2025-06-11,variable,empirical,120,0.017386091127098324,0,0.0003022761646797671,0.017539004174862385
s22-112-16,u016,2025-06-11,variable,hazard,30,0.0009187326521931105,0,8.44069686205787e-07,0.0009191549457059183
s22-112-16,u016,2025-06-11,variable,hazard,60,0.002390056323553713,0,5.712369229759091e-06,0.0023929170673034125
s22-112-16,u016,2025-06-11,variable,hazard,120,0.008558890894028393,0,7.325461333588214e-05,0.008595728544255414
s22-112-16,u016,2025-06-11,variable,hazard_cal,30,0.001262442561081878,0,1.593761220030971e-06,0.0012632401130048862
s22-112-16,u016,2025-06-11,variable,hazard_cal,60,0.003255023551149039,0,1.05951783185349e-05,0.0032603326642976884
s22-112-16,u016,2025-06-11,variable,hazard_cal,120,0.011408172280345075,0,0.00013014639477803373,0.011473744662103758
s22-112-45,u045,2025-06-11,regular,empirical,30,0.0011990407673860837,0,1.4376987618538084e-06,0.0011997601919040602
s22-112-45,u045,2025-06-11,regular,empirical,60,0.00659472422062346,0,4.349038754607771e-05,0.006616565492129114
s22-112-45,u045,2025-06-11,regular,empirical,120,0.017386091127098324,0,0.0003022761646797671,0.017539004174862385
s22-112-45,u045,2025-06-11,regular,hazard,30,0.0011364439600528575,0,1.291504874340621e-06,0.0011370902021483748
s22-112-45,u045,2025-06-11,regular,hazard,60,0.002955849198909566,0,8.737044486694322e-06,0.0029602263487441207
s22-112-45,u045,2025-06-11,regular,hazard,120,0.010576336520724317,0,0.00011185889419960694,0.010632663475065638
s22-112-45,u045,2025-06-11,regular,hazard_cal,30,0.0015516567546821625,0,2.4076386843507807e-06,0.0015528618207515958
s22-112-45,u045,2025-06-11,regular,hazard_cal,60,0.003999700832892916,0,1.599760675264429e-05,0.00400772102900252
s22-112-45,u045,2025-06-11,regular,hazard_cal,120,0.014003447921745127,0,0.0001960965536970279,0.01410242126365338
s22-112-57,u057,2025-06-11,new,empirical,30,0.0011990407673860837,0,1.4376987618538084e-06,0.0011997601919040602
s22-112-57,u057,2025-06-11,new,empirical,60,0.00659472422062346,0,4.349038754607771e-05,0.006616565492129114
s22-112-57,u057,2025-06-11,new,empirical,120,0.017386091127098324,0,0.0003022761646797671,0.017539004174862385
s22-112-57,u057,2025-06-11,new,hazard,30,0.0007674941779202138,0,5.890473131414247e-07,0.0007677888523603764
s22-112-57,u057,2025-06-11,new,hazard,60,0.0019968844525029006,0,3.987547516647809e-06,0.001998880884466599
s22-112-57,u057,2025-06-11,new,hazard,120,0.007155005101062817,0,5.119409799623493e-05,0.007180724907053539
s22-112-57,u057,2025-06-11,new,hazard_cal,30,0.0010603297915332544,0,1.1242992668129545e-06,0.0010608923388589436
s22-112-57,u057,2025-06-11,new,hazard_cal,60,0.0027343921500508905,0,7.476900430259932e-06,0.002738137429198621
s22-112-57,u057,2025-06-11,new,hazard_cal,120,0.009590483188118282,0,9.19773677815794e-05,0.00963676803912546
s22-112-9,u009,2025-06-11,variable,empirical,30,0.0011990407673860837,0,1.4376987618538084e-06,0.0011997601919040602
s22-112-9,u009,2025-06-11,variable,empirical,60,0.00659472422062346,0,4.349038754607771e-05,0.006616565492129114
s22-112-9,u009,2025-06-11,variable,empirical,120,0.017386091127098324,1,0.9655300939104832,4.052084752932218
s22-112-9,u009,2025-06-11,variable,hazard,30,0.0015404900448371395,0,2.373109578242332e-06,0.0015416778196198039
s22-112-9,u009,2025-06-11,variable,hazard,60,0.004005307655876478,0,1.6042489418222725e-05,0.004013350383501371
s22-112-9,u009,2025-06-11,variable,hazard,120,0.014309614545503724,1,0.9715855359774335,4.246823621800058
s22-112-9,u009,2025-06-11,variable,hazard_cal,30,0.0020841446774562122,0,4.343659036569059e-06,0.002086319529303839
s22-112-9,u009,2025-06-11,variable,hazard_cal,60,0.005369773544516621,0,2.883446791939059e-05,0.0053842425987508805
s22-112-9,u009,2025-06-11,variable,hazard_cal,120,0.018764085623712012,1,0.96282391966187,3.975810575335545
s22-112-31,u031,2025-06-11,variable,empirical,30,0.0011990407673860837,0,1.4376987618538084e-06,0.0011997601919040602
s22-112-31,u031,2025-06-11,variable,empirical,60,0.00659472422062346,0,4.349038754607771e-05,0.006616565492129114
s22-112-31,u031,2025-06-11,variable,empirical,120,0.017386091127098324,0,0.0003022761646797671,0.017539004174862385
s22-112-31,u031,2025-06-11,variable,hazard,30,0.0011403505354414811,0,1.3003993436816728e-06,0.0011410012298401636
s22-112-31,u031,2025-06-11,variable,hazard,60,0.0029659996745173833,0,8.797154069237224e-06,0.0029704069683975385
s22-112-31,u031,2025-06-11,variable,hazard,120,0.010612499757039262,0,0.0001126251510931584,0.01066921394231785
s22-112-31,u031,2025-06-11,variable,hazard_cal,30,0.0015568299764122662,0,2.4237195754558174e-06,0.0015580430954435262
s22-112-31,u031,2025-06-11,variable,hazard_cal,60,0.004013017540733799,0,1.6104309782237145e-05,0.004021091302963515
s22-112-31,u031,2025-06-11,variable,hazard_cal,120,0.014049808458971413,0,0.00019739711773378467,0.014149441333931485
s22-112-22,u022,2025-06-11,variable,empirical,30,0.0011990407673860837,0,1.4376987618538084e-06,0.0011997601919040602
s22-112-22,u022,2025-06-11,variable,empirical,60,0.00659472422062346,0,4.349038754607771e-05,0.006616565492129114
s22-112-22,u022,2025-06-11,variable,empirical,120,0.017386091127098324,0,0.0003022761646797671,0.017539004174862385
s22-112-22,u022,2025-06-11,variable,hazard,30,0.00209817318113914,0,4.402330698051539e-06,0.002100377430292177
s22-112-22,u022,2025-06-11,variable,hazard,60,0.005452569887248848,0,2.9730518375332918e-05,0.005467489404290497
s22-112-22,u022,2025-06-11,variable,hazard,120,0.01943936119280365,0,0.00037788876358428055,0.01963079047763124
s22-112-22,u022,2025-06-11,variable,hazard_cal,30,0.0028122546638607027,0,7.908776294406274e-06,0.002816216481511361
s22-112-22,u022,2025-06-11,variable,hazard_cal,60,0.0072410931527369105,0,5.243343004661337e-05,0.0072674371175325036
s22-112-22,u022,2025-06-11,variable,hazard_cal,120,0.02523677546217451,0,0.0006368948357282135,0.02556068410417829
s22-112-3,u003,2025-06-11,regular,empirical,30,0.0011990407673860837,0,1.4376987618538084e-06,0.0011997601919040602
s22-112-3,u003,2025-06-11,regular,empirical,60,0.00659472422062346,0,4.349038754607771e-05,0.006616565492129114
s22-112-3,u003,2025-06-11,regular,empirical,120,0.017386091127098324,0,0.0003022761646797671,0.017539004174862385
s22-112-3,u003,2025-06-11,regular,hazard,30,0.0014696737956286787,0,2.1599410655576074e-06,0.0014707548254654283
s22-112-3,u003,2025-06-11,regular,hazard,60,0.003821426397239369,0,1.4603299709517865e-05,0.0038287467023833937
s22-112-3,u003,2025-06-11,regular,hazard,120,0.013656309554403112,0,0.00018649479064568173,0.013750414684421126
s22-112-3,u003,2025-06-11,regular,hazard_cal,30,0.001991160491650823,0,3.964720103511147e-06,0.001993145487103277
s22-112-3,u003,2025-06-11,regular,hazard_cal,60,0.005130621221586251,0,2.6323274119391196e-05,0.005143828050838313
s22-112-3,u003,2025-06-11,regular,hazard_cal,120,0.017934419063557305,0,0.0003216433871472877,0.018097189826557794
s22-112-32,u032,2025-06-11,regular,empirical,30,0.0011990407673860837,0,1.4376987618538084e-06,0.0011997601919040602
s22-112-32,u032,2025-06-11,regular,empirical,60,0.00659472422062346,0,4.349038754607771e-05,0.006616565492129114
s22-112-32,u032,2025-06-11,regular,empirical,120,0.017386091127098324,0,0.0003022761646797671,0.017539004174862385
s22-112-32,u032,2025-06-11,regular,hazard,30,0.0018243698722832935,0,3.3283254308949607e-06,0.0018260360618044403
s22-112-32,u032,2025-06-11,regular,hazard,60,0.0047421946830258355,0,2.2488410411718504e-05,0.004753474563285496
s22-112-32,u032,2025-06-11,regular,hazard,120,0.016924171248894226,0,0.00028642757246189794,0.01706902167674447
s22-112-32,u032,2025-06-11,regular,hazard_cal,30,0.002455634924306671,0,6.03014288147463e-06,0.0024586549407991124
s22-112-32,u032,2025-06-11,regular,hazard_cal,60,0.006324843116085166,0,4.0003640443089915e-05,0.006344929677331194
s22-112-32,u032,2025-06-11,regular,hazard_cal,120,0.02207183642903554,0,0.0004871659633501004,0.022319064026504923
s22-112-24,u024,2025-06-11,regular,empirical,30,0.0011990407673860837,0,1.4376987618538084e-06,0.0011997601919040602
s22-112-24,u024,2025-06-11,regular,empirical,60,0.00659472422062346,0,4.349038754607771e-05,0.006616565492129114
s22-112-24,u024,2025-06-11,regular,empirical,120,0.017386091127098324,0,0.0003022761646797671,0.017539004174862385
s22-112-24,u024,2025-06-11,regular,hazard,30,0.004693994646206012,0,2.2033585738610705e-05,0.004705046036080431
s22-112-24,u024,2025-06-11,regular,hazard,60,0.012170037051924432,0,0.00014810980184521352,0.01224469832484164
s22-112-24,u024,2025-06-11,regular,hazard,120,0.042968007430649435,0,0.001846249662560345,0.04391845802593755
s22-112-24,u024,2025-06-11,regular,hazard_cal,30,0.006138753218289383,0,3.768429107505826e-05,0.0061576728321269016
s22-112-24,u024,2025-06-11,regular,hazard_cal,60,0.015760006930245263,0,0.0002483778184413787,0.01588551627143838
s22-112-24,u024,2025-06-11,regular,hazard_cal,120,0.054273971177328684,0,0.002945663947357505,0.05580236199939552
s22-112-39,u039,2025-06-11,variable,empirical,30,0.0011990407673860837,0,1.4376987618538084e-06,0.0011997601919040602
s22-112-39,u039,2025-06-11,variable,empirical,60,0.00659472422062346,0,4.349038754607771e-05,0.006616565492129114
s22-112-39,u039,2025-06-11,variable,empirical,120,0.017386091127098324,0,0.0003022761646797671,0.017539004174862385
s22-112-39,u039,2025-06-11,variable,hazard,30,0.0006128936994869161,0,3.7563868687075817e-07,0.0006130815956078397
s22-112-39,u039,2025-06-11,variable,hazard,60,0.0015948622271110269,0,2.5435855234655448e-06,0.001596135373715107
s22-112-39,u039,2025-06-11,variable,hazard,120,0.00571785885379672,0,3.2693909871941544e-05,0.005734268390237843
s22-112-39,u039,2025-06-11,variable,hazard_cal,30,0.0008524677597904207,0,7.267012814820984e-07,0.0008528313170597467
s22-112-39,u039,2025-06-11,variable,hazard_cal,60,0.002198757443407251,0,4.8345342949387905e-06,0.0022011782597309536
s22-112-39,u039,2025-06-11,variable,hazard_cal,120,0.00771762978621493,0,5.956180951707191e-05,0.007747564808718782
s22-112-15,u015,2025-06-11,variable,empirical,30,0.0011990407673860837,0,1.4376987618538084e-06,0.0011997601919040602
s22-112-15,u015,2025-06-11,variable,empirical,60,0.00659472422062346,0,4.349038754607771e-05,0.006616565492129114
s22-112-15,u015,2025-06-11,variable,empirical,120,0.017386091127098324,0,0.0003022761646797671,0.017539004174862385
s22-112-15,u015,2025-06-11,variable,hazard,30,0.0007167767833734517,0,5.137689571831922e-07,0.0007170337906706243
s22-112-15,u015,2025-06-11,variable,hazard,60,0.0018650115034488657,0,3.478267907996598e-06,0.0018667528027685241
s22-112-15,u015,2025-06-11,variable,hazard,120,0.006683771532867033,0,4.467280190356373e-05,0.006706207963016825
s22-112-15,u015,2025-06-11,variable,hazard_cal,30,0.0009922927122276715,0,9.846448267401484e-07,0.0009927853605689106
s22-112-15,u015,2025-06-11,variable,hazard_cal,60,0.002559090630716687,0,6.548944856221932e-06,0.0025623707003367734
s22-112-15,u015,2025-06-11,variable,hazard_cal,120,0.008977850129262555,0,8.060179294349966e-05,0.009018393871922098
s22-112-25,u025,2025-06-11,regular,empirical,30,0.0011990407673860837,0,1.4376987618538084e-06,0.0011997601919040602
s22-112-25,u025,2025-06-11,regular,empirical,60,0.00659472422062346,0,4.349038754607771e-05,0.006616565492129114
s22-112-25,u025,2025-06-11,regular,empirical,120,0.017386091127098324,0,0.0003022761646797671,0.017539004174862385
s22-112-25,u025,2025-06-11,regular,hazard,30,0.005170622569241612,0,2.6735337753550728e-05,0.005184036497002256
s22-112-25,u025,2025-06-11,regular,hazard,60,0.01340005419487278,0,0.00017956145242552755,0.013490645113448161
s22-112-25,u025,2025-06-11,regular,hazard,120,0.04722655025240663,0,0.0022303470487430887,0.04837812683350219
s22-112-25,u025,2025-06-11,regular,hazard_cal,30,0.006741921625646352,0,4.545350720635795e-05,0.006764751046550792
s22-112-25,u025,2025-06-11,regular,hazard_cal,60,0.017299318650881523,0,0.00029926642578473735,0.017450700270027097
s22-112-25,u025,2025-06-11,regular,hazard_cal,120,0.05944647255810598,0,0.003533883099601647,0.06128671804676555
s22-112-33,u033,2025-06-11,variable,empirical,30,0.0011990407673860837,0,1.4376987618538084e-06,0.0011997601919040602
s22-112-33,u033,2025-06-11,variable,empirical,60,0.00659472422062346,0,4.349038754607771e-05,0.006616565492129114
s22-112-33,u033,2025-06-11,variable,empirical,120,0.017386091127098324,0,0.0003022761646797671,0.017539004174862385
s22-112-33,u033,2025-06-11,variable,hazard,30,0.0031076191320265067,0,9.65729666973718e-06,0.0031124578074686344
s22-112-33,u033,2025-06-11,variable,hazard,60,0.00806853593397916,0,6.510127211791295e-05,0.008101262727118648
s22-112-33,u033,2025-06-11,variable,hazard,120,0.02865686898201225,0,0.0008212161398522159,0.029075494105212346
s22-112-33,u033,2025-06-11,variable,hazard_cal,30,0.004115822278674797,0,1.6939993029635797e-05,0.0041243155878343905
s22-112-33,u033,2025-06-11,variable,hazard_cal,60,0.01058539850167084,0,0.00011205066143917525,0.01064182236501331
s22-112-33,u033,2025-06-11,variable,hazard_cal,120,0.03671953135247874,0,0.0013483239827456691,0.0374106648860407
s22-112-6,u006,2025-06-11,variable,empirical,30,0.0011990407673860837,0,1.4376987618538084e-06,0.0011997601919040602
s22-112-6,u006,2025-06-11,variable,empirical,60,0.00659472422062346,0,4.349038754607771e-05,0.006616565492129114
s22-112-6,u006,2025-06-11,variable,empirical,120,0.017386091127098324,0,0.0003022761646797671,0.017539004174862385
s22-112-6,u006,2025-06-11,variable,hazard,30,0.0011061504683615997,0,1.2235688586565864e-06,0.0011067627043159617
s22-112-6,u006,2025-06-11,variable,hazard,60,0.0028771350444003474,0,8.277906063716589e-06,0.0028812819534872066
s22-112-6,u006,2025-06-11,variable,hazard,120,0.01029586432705043,0,0.00010600482224102961,0.010349233374521734
s22-112-6,u006,2025-06-11,variable,hazard_cal,30,0.0015115226031021667,0,2.28470057968875e-06,0.0015126661058240778
s22-112-6,u006,2025-06-11,variable,hazard_cal,60,0.0038963849208101253,0,1.5181815451116526e-05,0.0039039956044033606
s22-112-6,u006,2025-06-11,variable,hazard_cal,120,0.01364370673383597,0,0.00018615073343892098,0.01373763745456218
s22-112-49,u049,2025-06-11,regular,empirical,30,0.0011990407673860837,0,1.4376987618538084e-06,0.0011997601919040602
s22-112-49,u049,2025-06-11,regular,empirical,60,0.00659472422062346,0,4.349038754607771e-05,0.006616565492129114
s22-112-49,u049,2025-06-11,regular,empirical,120,0.017386091127098324,0,0.0003022761646797671,0.017539004174862385
s22-112-49,u049,2025-06-11,regular,hazard,30,0.0005378144125864903,0,2.8924434238575166e-07,0.0005379590866318665
s22-112-49,u049,2025-06-11,regular,hazard,60,0.0013995862650957314,0,1.958841713444619e-06,0.00140056660076878
s22-112-49,u049,2025-06-11,regular,hazard,120,0.005019182018666579,0,2.519218813650592e-05,0.00503182042009541
s22-112-49,u049,2025-06-11,regular,hazard_cal,30,0.0007509724568873777,0,5.639596310034644e-07,0.0007512545779551564
s22-112-49,u049,2025-06-11,regular,hazard_cal,60,0.0019371453046989062,0,3.7525319315170183e-06,0.0019390239972570404
s22-112-49,u049,2025-06-11,regular,hazard_cal,120,0.00680187272502164,0,4.626547256739332e-05,0.006825110896642623
s22-112-21,u021,2025-06-11,regular,empirical,30,0.0011990407673860837,0,1.4376987618538084e-06,0.0011997601919040602
s22-112-21,u021,2025-06-11,regular,empirical,60,0.00659472422062346,0,4.349038754607771e-05,0.006616565492129114
s22-112-21,u021,2025-06-11,regular,empirical,120,0.017386091127098324,0,0.0003022761646797671,0.017539004174862385
s22-112-21,u021,2025-06-11,regular,hazard,30,0.002053536434675207,0,4.217011888538562e-06,0.0020556478316684427
s22-112-21,u021,2025-06-11,regular,hazard,60,0.00533678487787792,0,2.848127283274645e-05,0.005351076384101761
s22-112-21,u021,2025-06-11,regular,hazard,120,0.019029761523441713,0,0.0003621318236390627,0.01921315782136374
s22-112-21,u021,2025-06-11,regular,hazard_cal,30,0.00275421956262234,0,7.585725399131593e-06,0.00275801940399058
s22-112-21,u021,2025-06-11,regular,hazard_cal,60,0.007092024972111144,0,5.0296818205048074e-05,0.007117292919362632
s22-112-21,u021,2025-06-11,regular,hazard_cal,120,0.02472241683085452,0,0.0006111978939585189,0.025033147817536763
s22-112-30,u030,2025-06-11,regular,empirical,30,0.0011990407673860837,0,1.4376987618538084e-06,0.0011997601919040602
s22-112-30,u030,2025-06-11,regular,empirical,60,0.00659472422062346,0,4.349038754607771e-05,0.006616565492129114
s22-112-30,u030,2025-06-11,regular,empirical,120,0.017386091127098324,0,0.0003022761646797671,0.017539004174862385
s22-112-30,u030,2025-06-11,regular,hazard,30,0.003740533989231909,0,1.3991594524599178e-05,0.0037475472809272597
s22-112-30,u030,2025-06-11,regular,hazard,60,0.009706309845754935,0,9.421245082179919e-05,0.009753723125946462
s22-112-30,u030,2025-06-11,regular,hazard,120,0.03439200368169515,0,0.0011828099172417326,0.034997328041819126
s22-112-30,u030,2025-06-11,regular,hazard_cal,30,0.004926079099155878,0,2.4266255291140384e-05,0.004938252220427773
s22-112-30,u030,2025-06-11,regular,hazard_cal,60,0.012660237176657985,0,0.00016028160536923295,0.012741060868679795
s22-112-30,u030,2025-06-11,regular,hazard_cal,120,0.04378915975773823,0,0.001917490512288721,0.044776846060563424
s22-113-16,u016,2025-06-12,variable,empirical,30,0.0011990407673860837,0,1.4376987618538084e-06,0.0011997601919040602
s22-113-16,u016,2025-06-12,variable,empirical,60,0.00659472422062346,0,4.349038754607771e-05,0.006616565492129114
s22-113-16,u016,2025-06-12,variable,empirical,120,0.017386091127098324,1,0.9655300939104832,4.052084752932218
s22-113-16,u016,2025-06-12,variable,hazard,30,0.0007421822807495149,0,5.508345378585518e-07,0.000742457834367555
s22-113-16,u016,2025-06-12,variable,hazard,60,0.0019310711643585332,0,3.729035841817021e-06,0.0019329380861057763
s22-113-16,u016,2025-06-12,variable,hazard,120,0.006919851072288208,1,0.9862081821942862,4.973361030929781
s22-113-16,u016,2025-06-12,variable,hazard_cal,30,0.001026391569773133,0,1.053479654501356e-06,0.001026918670305612
s22-113-16,u016,2025-06-12,variable,hazard_cal,60,0.0026469509622377707,0,7.0063493964914606e-06,0.0026504603310553865
s22-113-16,u016,2025-06-12,variable,hazard_cal,120,0.00928493685523546,1,0.9815163363419348,4.679361884929138
s22-113-49,u049,2025-06-12,regular,empirical,30,0.0011990407673860837,0,1.4376987618538084e-06,0.0011997601919040602
s22-113-49,u049,2025-06-12,regular,empirical,60,0.00659472422062346,0,4.349038754607771e-05,0.006616565492129114
s22-113-49,u049,2025-06-12,regular,empirical,120,0.017386091127098324,0,0.0003022761646797671,0.017539004174862385
s22-113-49,u049,2025-06-12,regular,hazard,30,0.0008373146529353503,0,7.010958280202462e-07,0.0008376653966515967
s22-113-49,u049,2025-06-12,regular,hazard,60,0.002178408702621315,0,4.745464475656281e-06,0.0021807848863525346
s22-113-49,u049,2025-06-12,regular,hazard,120,0.007803366992945926,0,6.0892536426597944e-05,0.00783397258289547
s22-113-49,u049,2025-06-12,regular,hazard_cal,30,0.0011537734247706322,0,1.3311931157069536e-06,0.0011544395337369938
s22-113-49,u049,2025-06-12,regular,hazard_cal,60,0.0029751208775548044,0,8.85134423606247e-06,0.0029795553472458203
s22-113-49,u049,2025-06-12,regular,hazard_cal,120,0.010431274657097811,0,0.00010881149097181106,0.01048606173500271
s22-113-43,u043,2025-06-12,regular,empirical,30,0.0011990407673860837,0,1.4376987618538084e-06,0.0011997601919040602
s22-113-43,u043,2025-06-12,regular,empirical,60,0.00659472422062346,0,4.349038754607771e-05,0.006616565492129114
s22-113-43,u043,2025-06-12,regular,empirical,120,0.017386091127098324,0,0.0003022761646797671,0.017539004174862385
s22-113-43,u043,2025-06-12,regular,hazard,30,0.003993710042765608,0,1.5949719905686875e-05,0.004001706199372905
s22-113-43,u043,2025-06-12,regular,hazard,60,0.01036092439065106,0,0.00010734875422878806,0.010414972416900254
s22-113-43,u043,2025-06-12,regular,hazard,120,0.036676673595677944,0,0.0013451783860438998,0.03736617441330527
s22-113-43,u043,2025-06-12,regular,hazard_cal,30,0.0052489469090699625,0,2.7551443654235112e-05,0.005262771026822973
s22-113-43,u043,2025-06-12,regular,hazard_cal,60,0.013486183015602227,0,0.00018187713233031798,0.01357794755125832
s22-113-43,u043,2025-06-12,regular,hazard_cal,120,0.046591884012912255,0,0.0021708036558726685,0.047712223569767585
s22-113-52,u052,2025-06-12,variable,empirical,30,0.0011990407673860837,0,1.4376987618538084e-06,0.0011997601919040602
s22-113-52,u052,2025-06-12,variable,empirical,60,0.00659472422062346,0,4.349038754607771e-05,0.006616565492129114
s22-113-52,u052,2025-06-12,variable,empirical,120,0.017386091127098324,0,0.0003022761646797671,0.017539004174862385
s22-113-52,u052,2025-06-12,variable,hazard,30,0.0005877737863637655,0,3.454780239363975e-07,0.0005879465930932286
s22-113-52,u052,2025-06-12,variable,hazard,60,0.0015295300199635875,0,2.3394620819698123e-06,0.0015307009451336812
s22-113-52,u052,2025-06-12,variable,hazard,120,0.0054841511957004485,0,3.0075914337302658e-05,0.0054992443602931524
s22-113-52,u052,2025-06-12,variable,hazard_cal,30,0.0008185536815822347,0,6.700301296318305e-07,0.0008188888795779024
s22-113-52,u052,2025-06-12,variable,hazard_cal,60,0.0021113464414430627,0,4.4577837957942845e-06,0.002113578475625976
s22-113-52,u052,2025-06-12,variable,hazard_cal,120,0.007411728008479779,0,5.4933712071683624e-05,0.007439331341355691
s22-113-8,u008,2025-06-12,variable,empirical,30,0.0011990407673860837,0,1.4376987618538084e-06,0.0011997601919040602
s22-113-8,u008,2025-06-12,variable,empirical,60,0.00659472422062346,0,4.349038754607771e-05,0.006616565492129114
s22-113-8,u008,2025-06-12,variable,empirical,120,0.017386091127098324,0,0.0003022761646797671,0.017539004174862385
s22-113-8,u008,2025-06-12,variable,hazard,30,0.00041001830634967984,0,1.681150115418599e-07,0.00041010238683926285
s22-113-8,u008,2025-06-12,variable,hazard,60,0.0010671371002528574,0,1.1387815907360769e-06,0.0010677068964514032
s22-113-8,u008,2025-06-12,variable,hazard,120,0.003828802181323754,0,1.4659726143709535e-05,0.0038361508080180747
s22-113-8,u008,2025-06-12,variable,hazard_cal,30,0.0005771897335410392,0,3.3314798850517585e-07,0.0005773563716595844
s22-113-8,u008,2025-06-12,variable,hazard_cal,60,0.001489097968337183,0,2.2174127593059262e-06,0.0014902077765958103
s22-113-8,u008,2025-06-12,variable,hazard_cal,120,0.005231943744365863,0,2.737323534420909e-05,0.005245678288558099
s22-113-39,u039,2025-06-12,variable,empirical,30,0.0011990407673860837,0,1.4376987618538084e-06,0.0011997601919040602
s22-113-39,u039,2025-06-12,variable,empirical,60,0.00659472422062346,0,4.349038754607771e-05,0.006616565492129114
s22-113-39,u039,2025-06-12,variable,empirical,120,0.017386091127098324,0,0.0003022761646797671,0.017539004174862385
s22-113-39,u039,2025-06-12,variable,hazard,30,0.0005831543219873003,0,3.4006896325246796e-07,0.0005833244226020804
s22-113-39,u039,2025-06-12,variable,hazard,60,0.001517515334731545,0,2.302852791145393e-06,0.0015186679273259869
s22-113-39,u039,2025-06-12,variable,hazard,120,0.005441167199980224,0,2.9606300498140627e-05,0.005456024267931164
s22-113-39,u039,2025-06-12,variable,hazard_cal,30,0.0008123123052519166,0,6.598512812636828e-07,0.0008126424096699086
s22-113-39,u039,2025-06-12,variable,hazard_cal,60,0.002095259191118637,0,4.390111077967124e-06,0.0020974573176241753
s22-113-39,u039,2025-06-12,variable,hazard_cal,120,0.007355421190880507,0,5.410222089525401e-05,0.007382605685630557
s22-113-26,u026,2025-06-12,regular,empirical,30,0.0011990407673860837,0,1.4376987618538084e-06,0.0011997601919040602
s22-113-26,u026,2025-06-12,regular,empirical,60,0.00659472422062346,0,4.349038754607771e-05,0.006616565492129114
s22-113-26,u026,2025-06-12,regular,empirical,120,0.017386091127098324,0,0.0003022761646797671,0.017539004174862385
s22-113-26,u026,2025-06-12,regular,hazard,30,0.0043814145189576825,0,1.919679318693318e-05,0.004391041044373937
s22-113-26,u026,2025-06-12,regular,hazard,60,0.011362800007432838,0,0.0001291132240089157,0.011427849854487365
s22-113-26,u026,2025-06-12,regular,hazard,120,0.0401648804206749,0,0.0016132176192071137,0.040993759709253653
s22-113-26,u026,2025-06-12,regular,hazard_cal,30,0.005742137934519165,0,3.297214805904402e-05,0.005758687391801239
s22-113-26,u026,2025-06-12,regular,hazard_cal,60,0.014746932384167799,0,0.00021747201474321698,0.014856749371315647
s22-113-26,u026,2025-06-12,regular,hazard_cal,120,0.050857425289331126,0,0.0025864777070598974,0.05219625486982959
s22-113-14,u014,2025-06-12,variable,empirical,30,0.0011990407673860837,0,1.4376987618538084e-06,0.0011997601919040602
s22-113-14,u014,2025-06-12,variable,empirical,60,0.00659472422062346,0,4.349038754607771e-05,0.006616565492129114
s22-113-14,u014,2025-06-12,variable,empirical,120,0.017386091127098324,0,0.0003022761646797671,0.017539004174862385
s22-113-14,u014,2025-06-12,variable,hazard,30,0.0004449119434366544,0,1.9794663741258077e-07,0.0004450109461214343
s22-113-14,u014,2025-06-12,variable,hazard,60,0.0011579170688427176,0,1.3407719383173108e-06,0.0011585879727626146
s22-113-14,u014,2025-06-12,variable,hazard,120,0.004153966360412875,0,1.725543652344179e-05,0.0041626180461946305
s22-113-14,u014,2025-06-12,variable,hazard_cal,30,0.0006247827648669935,0,3.9035350327484483e-07,0.0006249780229521242
s22-113-14,u014,2025-06-12,variable,hazard_cal,60,0.0016118161632980854,0,2.5979513442689605e-06,0.0016131165364663925
s22-113-14,u014,2025-06-12,variable,hazard_cal,120,0.005662137240315612,0,3.20597981281689e-05,0.005678227906499122
s22-113-22,u022,2025-06-12,variable,empirical,30,0.0011990407673860837,0,1.4376987618538084e-06,0.0011997601919040602
s22-113-22,u022,2025-06-12,variable,empirical,60,0.00659472422062346,0,4.349038754607771e-05,0.006616565492129114
s22-113-22,u022,2025-06-12,variable,empirical,120,0.017386091127098324,0,0.0003022761646797671,0.017539004174862385
s22-113-22,u022,2025-06-12,variable,hazard,30,0.0007490533848192316,0,5.610809733091478e-07,0.0007493340654778371
s22-113-22,u022,2025-06-12,variable,hazard,60,0.0019489369697147652,0,3.7983553119209714e-06,0.0019508386185682646
s22-113-22,u022,2025-06-12,variable,hazard,120,0.006983690895201677,0,4.8771938519722805e-05,0.007008190998526572
s22-113-22,u022,2025-06-12,variable,hazard_cal,30,0.0010356077587366785,0,1.0724834299556065e-06,0.0010361443709635037
s22-113-22,u022,2025-06-12,variable,hazard_cal,60,0.0026706968165732814,0,7.132621486054659e-06,0.0026742694897519477
s22-113-22,u022,2025-06-12,variable,hazard_cal,120,0.00936791959505312,0,8.775791753938022e-05,0.009412074530100486
s22-113-4,u004,2025-06-12,regular,empirical,30,0.0011990407673860837,0,1.4376987618538084e-06,0.0011997601919040602
s22-113-4,u004,2025-06-12,regular,empirical,60,0.00659472422062346,0,4.349038754607771e-05,0.006616565492129114
s22-113-4,u004,2025-06-12,regular,empirical,120,0.017386091127098324,0,0.0003022761646797671,0.017539004174862385
s22-113-4,u004,2025-06-12,regular,hazard,30,0.004612014079401261,0,2.127067386859546e-05,0.0046226822300806806
s22-113-4,u004,2025-06-12,regular,hazard,60,0.011958366406570997,0,0.00014300252711380574,0.012030442857498852
s22-113-4,u004,2025-06-12,regular,hazard,120,0.04223362101128891,0,0.0017836787437251844,0.0431513940193272
s22-113-4,u004,2025-06-12,regular,hazard_cal,30,0.006034816130229159,0,3.641900572567404e-05,0.006053099226954665
s22-113-4,u004,2025-06-12,regular,hazard_cal,60,0.015494589093542399,0,0.00024008229117772307,0.015615884822115556
s22-113-4,u004,2025-06-12,regular,hazard_cal,120,0.05337981064946151,0,0.0028494041849723645,0.05485733345670455
s22-113-47,u047,2025-06-12,variable,empirical,30,0.0011990407673860837,0,1.4376987618538084e-06,0.0011997601919040602
s22-113-47,u047,2025-06-12,variable,empirical,60,0.00659472422062346,0,4.349038754607771e-05,0.006616565492129114
s22-113-47,u047,2025-06-12,variable,empirical,120,0.017386091127098324,0,0.0003022761646797671,0.017539004174862385
s22-113-47,u047,2025-06-12,variable,hazard,30,0.0007754965992869955,0,6.013949755056949e-07,0.000775797452325143
s22-113-47,u047,2025-06-12,variable,hazard,60,0.002017690871329636,0,4.071076452246945e-06,0.002019729151763806
s22-113-47,u047,2025-06-12,variable,hazard,120,0.0072293380796844,0,5.2263329070374924e-05,0.007255596374148416
s22-113-47,u047,2025-06-12,variable,hazard_cal,30,0.0010710523686949802,0,1.1471531764871278e-06,0.001071626355166205
s22-113-47,u047,2025-06-12,variable,hazard_cal,60,0.0027620175802380853,0,7.628741113544248e-06,0.00276583898894886
s22-113-47,u047,2025-06-12,variable,hazard_cal,120,0.009686999278543995,0,9.383795502251188e-05,0.009734223477378666
s22-113-50,u050,2025-06-12,variable,empirical,30,0.0011990407673860837,0,1.4376987618538084e-06,0.0011997601919040602
s22-113-50,u050,2025-06-12,variable,empirical,60,0.00659472422062346,0,4.349038754607771e-05,0.006616565492129114
s22-113-50,u050,2025-06-12,variable,empirical,120,0.017386091127098324,0,0.0003022761646797671,0.017539004174862385
s22-113-50,u050,2025-06-12,variable,hazard,30,0.0007800273271106883,0,6.084426310394448e-07,0.0007803317067194428
s22-113-50,u050,2025-06-12,variable,hazard,60,0.0020294707011042634,0,4.118751326640631e-06,0.0020315328673105567
s22-113-50,u050,2025-06-12,variable,hazard,120,0.007271420689017982,0,5.287355883667875e-05,0.007297986326726576
s22-113-50,u050,2025-06-12,variable,hazard_cal,30,0.0010771216834054576,0,1.1601911208622068e-06,0.0010777021958583608
s22-113-50,u050,2025-06-12,variable,hazard_cal,60,0.0027776542080466537,0,7.715362899479283e-06,0.002781519047947987
s22-113-50,u050,2025-06-12,variable,hazard_cal,120,0.009741626274551773,0,9.489928247303746e-05,0.00978938634272795
s22-113-13,u013,2025-06-12,regular,empirical,30,0.0011990407673860837,0,1.4376987618538084e-06,0.0011997601919040602
s22-113-13,u013,2025-06-12,regular,empirical,60,0.00659472422062346,0,4.349038754607771e-05,0.006616565492129114
s22-113-13,u013,2025-06-12,regular,empirical,120,0.017386091127098324,0,0.0003022761646797671,0.017539004174862385
s22-113-13,u013,2025-06-12,regular,hazard,30,0.0010961182571623818,0,1.2014752336846973e-06,0.0010967194341267397
s22-113-13,u013,2025-06-12,regular,hazard,60,0.0028510665546501723,0,8.128580499044805e-06,0.0028551385864972485
s22-113-13,u013,2025-06-12,regular,hazard,120,0.010202963630826511,0,0.00010410046685196851,0.010255370640208438
s22-113-13,u013,2025-06-12,regular,hazard_cal,30,0.0014982241803528362,0,2.244675694593928e-06,0.0014993476404704213
s22-113-13,u013,2025-06-12,regular,hazard_cal,60,0.003862149653599656,0,1.491619994679994e-05,0.003869627012234212
s22-113-13,u013,2025-06-12,regular,hazard_cal,120,0.013524478028492437,0,0.00018291150594317468,0.013616766831361765
s22-113-27,u027,2025-06-12,regular,empirical,30,0.0011990407673860837,0,1.4376987618538084e-06,0.0011997601919040602
s22-113-27,u027,2025-06-12,regular,empirical,60,0.00659472422062346,0,4.349038754607771e-05,0.006616565492129114
s22-113-27,u027,2025-06-12,regular,empirical,120,0.017386091127098324,0,0.0003022761646797671,0.017539004174862385
s22-113-27,u027,2025-06-12,regular,hazard,30,0.0014659111841509587,0,2.148895599818866e-06,0.0014669866831366928
s22-113-27,u027,2025-06-12,regular,hazard,60,0.0038116557581119315,0,1.4528719618347844e-05,0.0038189386303460545
s22-113-27,u027,2025-06-12,regular,hazard,120,0.013621586034673672,0,0.0001855476061000168,0.013715211023798695
s22-113-27,u027,2025-06-12,regular,hazard_cal,30,0.001986216284208142,0,3.9450551276535995e-06,0.0019881914275799387
s22-113-27,u027,2025-06-12,regular,hazard_cal,60,0.005117903781387545,0,2.6192939115540933e-05,0.005131045107482135
s22-113-27,u027,2025-06-12,regular,hazard_cal,120,0.0178902840883306,0,0.00032006226476117503,0.018052249871040628
s22-113-35,u035,2025-06-12,regular,empirical,30,0.0011990407673860837,0,1.4376987618538084e-06,0.0011997601919040602
s22-113-35,u035,2025-06-12,regular,empirical,60,0.00659472422062346,0,4.349038754607771e-05,0.006616565492129114
s22-113-35,u035,2025-06-12,regular,empirical,120,0.017386091127098324,0,0.0003022761646797671,0.017539004174862385
s22-113-35,u035,2025-06-12,regular,hazard,30,0.002778547550351229,0,7.720326489562816e-06,0.002782414878961488
s22-113-35,u035,2025-06-12,regular,hazard,60,0.007216271939809116,0,5.207458070927642e-05,0.007242435173486871
s22-113-35,u035,2025-06-12,regular,hazard,120,0.025661576016247523,0,0.00065851648363765,0.025996577800252434
s22-113-35,u035,2025-06-12,regular,hazard_cal,30,0.0036925625514629967,0,1.3635018196466917e-05,0.0036993968898965776
s22-113-35,u035,2025-06-12,regular,hazard_cal,60,0.0095003685938988,0,9.025700341993866e-05,0.009545784972726165
s22-113-35,u035,2025-06-12,regular,hazard_cal,120,0.03300593884305236,0,0.0010893919989113127,0.03356292506068262
s22-113-24,u024,2025-06-12,regular,empirical,30,0.0011990407673860837,0,1.4376987618538084e-06,0.0011997601919040602
s22-113-24,u024,2025-06-12,regular,empirical,60,0.00659472422062346,0,4.349038754607771e-05,0.006616565492129114
s22-113-24,u024,2025-06-12,regular,empirical,120,0.017386091127098324,0,0.0003022761646797671,0.017539004174862385
s22-113-24,u024,2025-06-12,regular,hazard,30,0.0032157372422715325,0,1.034096601133212e-05,0.0032209188366898946
s22-113-24,u024,2025-06-12,regular,hazard,60,0.008348441633715509,0,6.969647771155447e-05,0.008383485047463963
s22-113-24,u024,2025-06-12,regular,hazard,120,0.02963897980724861,0,0.0008784691240144909,0.030087090962927027
s22-113-24,u024,2025-06-12,regular,hazard_cal,30,0.004254574301656877,0,1.8101402488319103e-05,0.004263650756349983
s22-113-24,u024,2025-06-12,regular,hazard_cal,60,0.010940913995154844,0,0.00011970359904937513,0.011001205964154418
s22-113-24,u024,2025-06-12,regular,hazard_cal,120,0.0379338325951144,0,0.0014389756553541638,0.03867204959558135
s22-113-54,u054,2025-06-12,new,empirical,30,0.0011990407673860837,0,1.4376987618538084e-06,0.0011997601919040602
s22-113-54,u054,2025-06-12,new,empirical,60,0.00659472422062346,0,4.349038754607771e-05,0.006616565492129114
s22-113-54,u054,2025-06-12,new,empirical,120,0.017386091127098324,0,0.0003022761646797671,0.017539004174862385
s22-113-54,u054,2025-06-12,new,hazard,30,0.0011834719170911168,0,1.4006057785433231e-06,0.001184172772997146
s22-113-54,u054,2025-06-12,new,hazard,60,0.003078037464953942,0,9.47431463566009e-06,0.0030827843655329666
s22-113-54,u054,2025-06-12,new,hazard,120,0.011011587440658888,0,0.00012125505796327656,0.01107266374824243
s22-113-54,u054,2025-06-12,new,hazard_cal,30,0.0016138974676652706,0,2.604665036136373e-06,0.0016152012031023703
s22-113-54,u054,2025-06-12,new,hazard_cal,60,0.00415991041418895,0,1.730485465407768e-05,0.004168586912178861
s22-113-54,u054,2025-06-12,new,hazard_cal,120,0.014561083144283504,0,0.0002120251423347372,0.01466813619188457
s22-113-59,u059,2025-06-12,new,empirical,30,0.0011990407673860837,0,1.4376987618538084e-06,0.0011997601919040602
s22-113-59,u059,2025-06-12,new,empirical,60,0.00659472422062346,0,4.349038754607771e-05,0.006616565492129114
s22-113-59,u059,2025-06-12,new,empirical,120,0.017386091127098324,0,0.0003022761646797671,0.017539004174862385
s22-113-59,u059,2025-06-12,new,hazard,30,0.0006166306697362733,0,3.80233382859405e-07,0.0006168208646183871
s22-113-59,u059,2025-06-12,new,hazard,60,0.0016045811380730468,0,2.574680628659794e-06,0.0016058698571414097
s22-113-59,u059,2025-06-12,new,hazard,120,0.005752621744937625,0,3.3092656940329204e-05,0.00576923180496745
s22-113-59,u059,2025-06-12,new,hazard_cal,30,0.0008575093796302502,0,7.353223361538565e-07,0.0008578772511155281
s22-113-59,u059,2025-06-12,new,hazard_cal,60,0.002211751395640227,0,4.891844236116491e-06,0.002214200930265864
s22-113-59,u059,2025-06-12,new,hazard_cal,120,0.0077630967334511025,0,6.026567089291918e-05,0.007793386431972046
s22-113-11,u011,2025-06-12,variable,empirical,30,0.0011990407673860837,0,1.4376987618538084e-06,0.0011997601919040602
s22-113-11,u011,2025-06-12,variable,empirical,60,0.00659472422062346,0,4.349038754607771e-05,0.006616565492129114
s22-113-11,u011,2025-06-12,variable,empirical,120,0.017386091127098324,0,0.0003022761646797671,0.017539004174862385
s22-113-11,u011,2025-06-12,variable,hazard,30,0.007732883822330283,0,5.979749220965741e-05,0.00776293760362287
s22-113-11,u011,2025-06-12,variable,hazard,60,0.01999435090250201,0,0.000399774068012383,0.020196942948931425
s22-113-11,u011,2025-06-12,variable,hazard,120,0.06979778243454104,0,0.004871730432779526,0.07235327822867486
s22-113-11,u011,2025-06-12,variable,hazard_cal,30,0.009957203931218461,0,9.914591012787239e-05,0.010007108435515152
s22-113-11,u011,2025-06-12,variable,hazard_cal,60,0.025477181322656528,0,0.0006490867681475187,0.025807344528940145
s22-113-11,u011,2025-06-12,variable,hazard_cal,120,0.08655004274983868,0,0.007490909899998904,0.09052668599997392
s22-113-32,u032,2025-06-12,regular,empirical,30,0.0011990407673860837,0,1.4376987618538084e-06,0.0011997601919040602
s22-113-32,u032,2025-06-12,regular,empirical,60,0.00659472422062346,0,4.349038754607771e-05,0.006616565492129114
s22-113-32,u032,2025-06-12,regular,empirical,120,0.017386091127098324,0,0.0003022761646797671,0.017539004174862385
s22-113-32,u032,2025-06-12,regular,hazard,30,0.0012464321922280863,0,1.5535932098225131e-06,0.0012472096349198762
s22-113-32,u032,2025-06-12,regular,hazard,60,0.0032416050235086757,0,1.0508003128436681e-05,0.0032468704070144497
s22-113-32,u032,2025-06-12,regular,hazard,120,0.011593995033214566,0,0.00013442072083020402,0.011661729444225858
s22-113-32,u032,2025-06-12,regular,hazard_cal,30,0.0016971073000777714,0,2.880173187977263e-06,0.00169854901806941
s22-113-32,u032,2025-06-12,regular,hazard_cal,60,0.004374067710906981,0,1.9132468339599042e-05,0.00438366193248168
s22-113-32,u032,2025-06-12,regular,hazard_cal,120,0.01530609899401314,0,0.00023427666641453004,0.015424446506080538
s22-113-48,u048,2025-06-12,regular,empirical,30,0.0011990407673860837,0,1.4376987618538084e-06,0.0011997601919040602
s22-113-48,u048,2025-06-12,regular,empirical,60,0.00659472422062346,0,4.349038754607771e-05,0.006616565492129114
s22-113-48,u048,2025-06-12,regular,empirical,120,0.017386091127098324,0,0.0003022761646797671,0.017539004174862385
s22-113-48,u048,2025-06-12,regular,hazard,30,0.004734000914293879,0,2.2410764656535282e-05,0.004745241786853605
s22-113-48,u048,2025-06-12,regular,hazard,60,0.012273320361483764,0,0.00015063439269561194,0.012349259548171794
s22-113-48,u048,2025-06-12,regular,hazard,120,0.043326181735976466,0,0.0018771580238188606,0.04429278338721481
s22-113-48,u048,2025-06-12,regular,hazard_cal,30,0.006189453198118922,0,3.830933089170455e-05,0.006208687270229005
s22-113-48,u048,2025-06-12,regular,hazard_cal,60,0.015889458690111602,0,0.00025247489746476313,0.016017049509844797
s22-113-48,u048,2025-06-12,regular,hazard_cal,120,0.05470983434484411,0,0.002993165974040284,0.05626334501636475
s22-113-18,u018,2025-06-12,variable,empirical,30,0.0011990407673860837,0,1.4376987618538084e-06,0.0011997601919040602
s22-113-18,u018,2025-06-12,variable,empirical,60,0.00659472422062346,0,4.349038754607771e-05,0.006616565492129114
s22-113-18,u018,2025-06-12,variable,empirical,120,0.017386091127098324,0,0.0003022761646797671,0.017539004174862385
s22-113-18,u018,2025-06-12,variable,hazard,30,0.0005997575925820176,0,3.5970916985977734e-07,0.0005999375191120792
s22-113-18,u018,2025-06-12,variable,hazard,60,0.0015606980310041152,0,2.435778343980122e-06,0.0015619171888327022
s22-113-18,u018,2025-06-12,variable,hazard,120,0.005595651549524905,0,3.131131626370047e-05,0.005611365856263844
s22-113-18,u018,2025-06-12,variable,hazard_cal,30,0.0008347381971512968,0,6.967878577833973e-07,0.000835086785080128
s22-113-18,u018,2025-06-12,variable,hazard_cal,60,0.0021530614725338015,0,4.6356737045094215e-06,0.002155382641731178
s22-113-18,u018,2025-06-12,variable,hazard_cal,120,0.007557722477928297,0,5.711916905338264e-05,0.007586426780010308
s22-113-2,u002,2025-06-12,regular,empirical,30,0.0011990407673860837,0,1.4376987618538084e-06,0.0011997601919040602
s22-113-2,u002,2025-06-12,regular,empirical,60,0.00659472422062346,0,4.349038754607771e-05,0.006616565492129114
s22-113-2,u002,2025-06-12,regular,empirical,120,0.017386091127098324,0,0.0003022761646797671,0.017539004174862385
s22-113-2,u002,2025-06-12,regular,hazard,30,0.0022584060265308237,0,5.100397780670744e-06,0.0022609600715261407
s22-113-2,u002,2025-06-12,regular,hazard,60,0.0058681277611668525,0,3.44349234213771e-05,0.005885412876893706
s22-113-2,u002,2025-06-12,regular,hazard,120,0.02090829774852021,0,0.0004371569147407753,0.02112997153139705
s22-113-2,u002,2025-06-12,regular,hazard_cal,30,0.0030202763861703064,0,9.122069448857965e-06,0.0030248466254718144
s22-113-2,u002,2025-06-12,regular,hazard_cal,60,0.0077752895216672835,0,6.045512714574905e-05,0.0078056746900385
s22-113-2,u002,2025-06-12,regular,hazard_cal,120,0.027078239411397087,0,0.0007332310496209384,0.027451610523984624
s22-113-21,u021,2025-06-12,regular,empirical,30,0.0011990407673860837,0,1.4376987618538084e-06,0.0011997601919040602
s22-113-21,u021,2025-06-12,regular,empirical,60,0.00659472422062346,0,4.349038754607771e-05,0.006616565492129114
s22-113-21,u021,2025-06-12,regular,empirical,120,0.017386091127098324,0,0.0003022761646797671,0.017539004174862385
s22-113-21,u021,2025-06-12,regular,hazard,30,0.0022917417333234713,0,5.252080172256469e-06,0.0022943717924554592
s22-113-21,u021,2025-06-12,regular,hazard,60,0.005954567650648834,0,3.545687590615358e-05,0.00597236678119285
s22-113-21,u021,2025-06-12,regular,hazard,120,0.021213627023507375,0,0.00045001797149248236,0.02144186968412224
s22-113-21,u021,2025-06-12,regular,hazard_cal,30,0.0030634961153187534,0,9.385008448573093e-06,0.003068198225262381
s22-113-21,u021,2025-06-12,regular,hazard_cal,60,0.007886252470863941,0,6.219297803420762e-05,0.007917513422856024
s22-113-21,u021,2025-06-12,regular,hazard_cal,120,0.027460398956626775,0,0.0007540735108571089,0.027844483451385876
s22-113-28,u028,2025-06-12,regular,empirical,30,0.0011990407673860837,0,1.4376987618538084e-06,0.0011997601919040602
s22-113-28,u028,2025-06-12,regular,empirical,60,0.00659472422062346,0,4.349038754607771e-05,0.006616565492129114
s22-113-28,u028,2025-06-12,regular,empirical,120,0.017386091127098324,0,0.0003022761646797671,0.017539004174862385
s22-113-28,u028,2025-06-12,regular,hazard,30,0.0014933173338830263,0,2.22999665967551e-06,0.0014944334434884613
s22-113-28,u028,2025-06-12,regular,hazard,60,0.003882821734755626,0,1.5076304623890689e-05,0.0038903794569361515
s22-113-28,u028,2025-06-12,regular,hazard,120,0.01387447764405414,0,0.0001925011298953581,0.013971627861412452
s22-113-28,u028,2025-06-12,regular,hazard_cal,30,0.002022220160967425,0,4.089374379423119e-06,0.002024267608883096
s22-113-28,u028,2025-06-12,regular,hazard_cal,60,0.00521051005094697,0,2.71494149910194e-05,0.005224132097586534
s22-113-28,u028,2025-06-12,regular,hazard_cal,120,0.018211631394213446,0,0.00033166351803870075,0.018379504438152963
s22-113-40,u040,2025-06-12,regular,empirical,30,0.0011990407673860837,0,1.4376987618538084e-06,0.0011997601919040602
s22-113-40,u040,2025-06-12,regular,empirical,60,0.00659472422062346,0,4.349038754607771e-05,0.006616565492129114
s22-113-40,u040,2025-06-12,regular,empirical,120,0.017386091127098324,0,0.0003022761646797671,0.017539004174862385
s22-113-40,u040,2025-06-12,regular,hazard,30,0.0005851081445792383,0,3.4235154085295886e-07,0.0005852793871498713
s22-113-40,u040,2025-06-12,regular,hazard,60,0.0015225970103589503,0,2.3183016559540137e-06,0.0015237573391452535
s22-113-40,u040,2025-06-12,regular,hazard,120,0.005459347694770966,0,2.9804477252401062e-05,0.005474304394116292
s22-113-40,u040,2025-06-12,regular,hazard_cal,30,0.00081495230344375,0,6.641472568882741e-07,0.0008152845575986513
s22-113-40,u040,2025-06-12,regular,hazard_cal,60,0.00210206385155165,0,4.418672436000157e-06,0.0021042762887695725
s22-113-40,u040,2025-06-12,regular,hazard_cal,120,0.007379238423261492,0,5.4453159707338746e-05,0.007406599689754458
s22-114-9,u009,2025-06-13,variable,empirical,30,0.0011990407673860837,0,1.4376987618538084e-06,0.0011997601919040602
s22-114-9,u009,2025-06-13,variable,empirical,60,0.00659472422062346,0,4.349038754607771e-05,0.006616565492129114
s22-114-9,u009,2025-06-13,variable,empirical,120,0.017386091127098324,0,0.0003022761646797671,0.017539004174862385
s22-114-9,u009,2025-06-13,variable,hazard,30,0.0011761880005155545,0,1.383418212556778e-06,0.0011768802524873788
s22-114-9,u009,2025-06-13,variable,hazard,60,0.0030591130320620774,0,9.358172542932037e-06,0.0030638016828503033
s22-114-9,u009,2025-06-13,variable,hazard,120,0.010944186198619588,0,0.00011977521155005547,0.011004514370016046
s22-114-9,u009,2025-06-13,variable,hazard_cal,30,0.0016042623169720827,0,2.573657581656635e-06,0.0016055505236949258
s22-114-9,u009,2025-06-13,variable,hazard_cal,60,0.004135110379195672,0,1.7099137848131778e-05,0.004143683590398305
s22-114-9,u009,2025-06-13,variable,hazard_cal,120,0.01447477910004169,0,0.00020951922999500373,0.014580560733109104
s22-114-45,u045,2025-06-13,regular,empirical,30,0.0011990407673860837,0,1.4376987618538084e-06,0.0011997601919040602
s22-114-45,u045,2025-06-13,regular,empirical,60,0.00659472422062346,0,4.349038754607771e-05,0.006616565492129114
s22-114-45,u045,2025-06-13,regular,empirical,120,0.017386091127098324,0,0.0003022761646797671,0.017539004174862385
s22-114-45,u045,2025-06-13,regular,hazard,30,0.0012011277302456103,0,1.4427078243649714e-06,0.001201849662304103
s22-114-45,u045,2025-06-13,regular,hazard,60,0.00312390822352826,0,9.75880258902749e-06,0.003128797810558873
s22-114-45,u045,2025-06-13,regular,hazard,120,0.011174945308350503,0,0.00012487940264462494,0.01123785411706942
s22-114-45,u045,2025-06-13,regular,hazard_cal,30,0.001637245091849926,0,2.6805714907866725e-06,0.0016385868423115467
s22-114-45,u045,2025-06-13,regular,hazard_cal,60,0.004220003408722084,0,1.7808428769626008e-05,0.004228932753203913
s22-114-45,u045,2025-06-13,regular,hazard_cal,120,0.01477018156542309,0,0.0002181582634755641,0.014880346816815894
s22-114-0,u000,2025-06-13,variable,empirical,30,0.0011990407673860837,0,1.4376987618538084e-06,0.0011997601919040602
s22-114-0,u000,2025-06-13,variable,empirical,60,0.00659472422062346,0,4.349038754607771e-05,0.006616565492129114
s22-114-0,u000,2025-06-13,variable,empirical,120,0.017386091127098324,1,0.9655300939104832,4.052084752932218
s22-114-0,u000,2025-06-13,variable,hazard,30,0.002851900919574768,0,8.133338855071408e-06,0.002855975337403445
s22-114-0,u000,2025-06-13,variable,hazard,60,0.007406293780274242,0,5.485318755972893e-05,0.007433856550364039
s22-114-0,u000,2025-06-13,variable,hazard,120,0.0263300546073576,1,0.9480331625609112,3.637044231516419
s22-114-0,u000,2025-06-13,variable,hazard_cal,30,0.0037870403210410464,0,1.4341674393190672e-05,0.003794229313981227
s22-114-0,u000,2025-06-13,variable,hazard_cal,60,0.009742633476938267,0,9.491890706595823e-05,0.009790403453944009
s22-114-0,u000,2025-06-13,variable,hazard_cal,120,0.03383609573284552,1,0.9334726899087512,3.38622712522514
s22-114-18,u018,2025-06-13,variable,empirical,30,0.0011990407673860837,0,1.4376987618538084e-06,0.0011997601919040602
s22-114-18,u018,2025-06-13,variable,empirical,60,0.00659472422062346,0,4.349038754607771e-05,0.006616565492129114
s22-114-18,u018,2025-06-13,variable,empirical,120,0.017386091127098324,0,0.0003022761646797671,0.017539004174862385
s22-114-18,u018,2025-06-13,variable,hazard,30,0.00041159619619546284,0,1.6941142872257395e-07,0.0004116809251600348
s22-114-18,u018,2025-06-13,variable,hazard,60,0.001071242291915242,0,1.1475600479878207e-06,0.0010718164820403605
s22-114-18,u018,2025-06-13,variable,hazard,120,0.0038435083908460177,0,1.4772556750503744e-05,0.0038509136500952776
s22-114-18,u018,2025-06-13,variable,hazard_cal,30,0.0005793444400177261,0,3.3563998017945265e-07,0.0005795123248530445
s22-114-18,u018,2025-06-13,variable,hazard_cal,60,0.0014946540816850318,0,2.2339908238977257e-06,0.0014957721913606543
s22-114-18,u018,2025-06-13,variable,hazard_cal,120,0.005251424130700233,0,2.7577455400500696e-05,0.0052652613229700156
s22-114-40,u040,2025-06-13,regular,empirical,30,0.0011990407673860837,0,1.4376987618538084e-06,0.0011997601919040602
s22-114-40,u040,2025-06-13,regular,empirical,60,0.00659472422062346,0,4.349038754607771e-05,0.006616565492129114
s22-114-40,u040,2025-06-13,regular,empirical,120,0.017386091127098324,0,0.0003022761646797671,0.017539004174862385
s22-114-40,u040,2025-06-13,regular,hazard,30,0.00040236119179903884,0,1.6189452866594293e-07,0.0004024421607832849
s22-114-40,u040,2025-06-13,regular,hazard,60,0.001047215441533078,0,1.0966601809853198e-06,0.0010477641547376472
s22-114-40,u040,2025-06-13,regular,hazard,120,0.003757433453679182,0,1.4118306158827466e-05,0.00376451033960579
s22-114-40,u040,2025-06-13,regular,hazard_cal,30,0.000566729917355846,0,3.21182799226164e-07,0.0005668905694558941
s22-114-40,u040,2025-06-13,regular,hazard_cal,60,0.0014621260485300214,0,2.1378125817900144e-06,0.0014631959978819694
s22-114-40,u040,2025-06-13,regular,hazard_cal,120,0.005137372696009113,0,2.639259821769994e-05,0.005150614366183544
s22-114-50,u050,2025-06-13,variable,empirical,30,0.0011990407673860837,0,1.4376987618538084e-06,0.0011997601919040602
s22-114-50,u050,2025-06-13,variable,empirical,60,0.00659472422062346,0,4.349038754607771e-05,0.006616565492129114
s22-114-50,u050,2025-06-13,variable,empirical,120,0.017386091127098324,0,0.0003022761646797671,0.017539004174862385
s22-114-50,u050,2025-06-13,variable,hazard,30,0.0006279807849521868,0,3.9435986626916466e-07,0.0006281780474743603
s22-114-50,u050,2025-06-13,variable,hazard,60,0.0016340995072195996,0,2.6702811994953383e-06,0.001635436104106012
s22-114-50,u050,2025-06-13,variable,hazard,120,0.005858197914478835,0,3.4318482805204174e-05,0.0058754244665291475
s22-114-50,u050,2025-06-13,variable,hazard_cal,30,0.0008728164269236061,0,7.618085151076905e-07,0.0008731975529660113
s22-114-50,u050,2025-06-13,variable,hazard_cal,60,0.0022512021040972385,0,5.067910913491834e-06,0.002253739868950404
s22-114-50,u050,2025-06-13,variable,hazard_cal,120,0.007901127938449326,0,6.24278226997445e-05,0.007932507247044817
s22-114-47,u047,2025-06-13,variable,empirical,30,0.0011990407673860837,0,1.4376987618538084e-06,0.0011997601919040602
s22-114-47,u047,2025-06-13,variable,empirical,60,0.00659472422062346,0,4.349038754607771e-05,0.006616565492129114
s22-114-47,u047,2025-06-13,variable,empirical,120,0.017386091127098324,0,0.0003022761646797671,0.017539004174862385
s22-114-47,u047,2025-06-13,variable,hazard,30,0.0007343690446577344,0,5.392978937515136e-07,0.0007346388256919232
s22-114-47,u047,2025-06-13,variable,hazard,60,0.0019107554201300836,0,3.6509862755564923e-06,0.001912583241985994
s22-114-47,u047,2025-06-13,variable,hazard,120,0.006847252865446851,0,4.6884871803370116e-05,0.006870802864781531
s22-114-47,u047,2025-06-13,variable,hazard_cal,30,0.0010159085729654072,0,1.03207022862461e-06,0.0010164249578425593
s22-114-47,u047,2025-06-13,variable,hazard_cal,60,0.0026199406613081067,0,6.864089068775559e-06,0.002623378712148184
s22-114-47,u047,2025-06-13,variable,hazard_cal,120,0.009190539369855033,0,8.446601390885535e-05,0.009233032936393647
s22-114-5,u005,2025-06-13,regular,empirical,30,0.0011990407673860837,0,1.4376987618538084e-06,0.0011997601919040602
s22-114-5,u005,2025-06-13,regular,empirical,60,0.00659472422062346,0,4.349038754607771e-05,0.006616565492129114
s22-114-5,u005,2025-06-13,regular,empirical,120,0.017386091127098324,0,0.0003022761646797671,0.017539004174862385
s22-114-5,u005,2025-06-13,regular,hazard,30,0.0008523027950488871,0,7.264200544481452e-07,0.0008526662115847369
s22-114-5,u005,2025-06-13,regular,hazard,60,0.002217372980602983,0,4.916742935108156e-06,0.0022198349922091802
s22-114-5,u005,2025-06-13,regular,hazard,120,0.007942493658589012,0,6.308320551672666e-05,0.007974203275236883
s22-114-5,u005,2025-06-13,regular,hazard_cal,30,0.0011738013124201752,0,1.3778095210393257e-06,0.001174490756747272
s22-114-5,u005,2025-06-13,regular,hazard_cal,60,0.0030267113983145633,0,9.160981888687299e-06,0.003031301152840169
s22-114-5,u005,2025-06-13,regular,hazard_cal,120,0.01061139034056402,0,0.00011260160495981538,0.010668092626500775
s22-114-8,u008,2025-06-13,variable,empirical,30,0.0011990407673860837,0,1.4376987618538084e-06,0.0011997601919040602
s22-114-8,u008,2025-06-13,variable,empirical,60,0.00659472422062346,0,4.349038754607771e-05,0.006616565492129114
s22-114-8,u008,2025-06-13,variable,empirical,120,0.017386091127098324,0,0.0003022761646797671,0.017539004174862385
s22-114-8,u008,2025-06-13,variable,hazard,30,0.00032895740881333513,0,1.082129768131837e-07,0.00032901152717049013
s22-114-8,u008,2025-06-13,variable,hazard,60,0.0008562255650427231,0,7.331222182327304e-07,0.0008565923355256271
s22-114-8,u008,2025-06-13,variable,hazard,120,0.003073008598647342,0,9.443381847360501e-06,0.003077739985118209
s22-114-8,u008,2025-06-13,variable,hazard_cal,30,0.00046613669553763337,0,2.1728341892674431e-07,0.00046624537102016246
s22-114-8,u008,2025-06-13,variable,hazard_cal,60,0.0012027086964068179,0,1.4465082084125872e-06,0.0012034325309439584
s22-114-8,u008,2025-06-13,variable,hazard_cal,120,0.004227416779346682,0,1.7871052626301875e-05,0.004236377568570356
s22-114-1,u001,2025-06-13,regular,empirical,30,0.0011990407673860837,0,1.4376987618538084e-06,0.0011997601919040602
s22-114-1,u001,2025-06-13,regular,empirical,60,0.00659472422062346,0,4.349038754607771e-05,0.006616565492129114
s22-114-1,u001,2025-06-13,regular,empirical,120,0.017386091127098324,0,0.0003022761646797671,0.017539004174862385
s22-114-1,u001,2025-06-13,regular,hazard,30,0.003953332367967799,0,1.5628836811621885e-05,0.003961167442961325
s22-114-1,u001,2025-06-13,regular,hazard,60,0.01025654342464799,0,0.00010519668302168992,0.010309504207089773
s22-114-1,u001,2025-06-13,regular,hazard,120,0.03631266593525084,0,0.001318609707325127,0.03698837923840153
s22-114-1,u001,2025-06-13,regular,hazard_cal,30,0.005197498747228746,0,2.7013993227444382e-05,0.005211052728775293
s22-114-1,u001,2025-06-13,regular,hazard_cal,60,0.01335460221958229,0,0.00017834540044327224,0.013444576868111837
s22-114-1,u001,2025-06-13,regular,hazard_cal,120,0.04614582305225956,0,0.0021294369851704497,0.047244473569740986
s22-114-35,u035,2025-06-13,regular,empirical,30,0.0011990407673860837,0,1.4376987618538084e-06,0.0011997601919040602
s22-114-35,u035,2025-06-13,regular,empirical,60,0.00659472422062346,0,4.349038754607771e-05,0.006616565492129114
s22-114-35,u035,2025-06-13,regular,empirical,120,0.017386091127098324,0,0.0003022761646797671,0.017539004174862385
s22-114-35,u035,2025-06-13,regular,hazard,30,0.0036409914631355678,0,1.3256818834626082e-05,0.0036476360059384595
s22-114-35,u035,2025-06-13,regular,hazard,60,0.009448850139016307,0,8.928076894958849e-05,0.009493773731640101
s22-114-35,u035,2025-06-13,regular,hazard,120,0.03349224782523952,0,0.0011217306643872612,0.03406595949187765
s22-114-35,u035,2025-06-13,regular,hazard_cal,30,0.004798949674453157,0,2.302991797793406e-05,0.004810501606353293
s22-114-35,u035,2025-06-13,regular,hazard_cal,60,0.01233489108782504,0,0.0001521495381485056,0.012411597284633064
s22-114-35,u035,2025-06-13,regular,hazard_cal,120,0.0426833455572595,0,0.0018218679879604242,0.04362105987337811
s22-114-7,u007,2025-06-13,variable,empirical,30,0.0011990407673860837,0,1.4376987618538084e-06,0.0011997601919040602
s22-114-7,u007,2025-06-13,variable,empirical,60,0.00659472422062346,0,4.349038754607771e-05,0.006616565492129114
s22-114-7,u007,2025-06-13,variable,empirical,120,0.017386091127098324,0,0.0003022761646797671,0.017539004174862385
s22-114-7,u007,2025-06-13,variable,hazard,30,0.0007173940180240646,0,5.146541770967118e-07,0.0007176514682488109
s22-114-7,u007,2025-06-13,variable,hazard,60,0.0018666164796168339,0,3.4842570819771418e-06,0.0018683607791212696
s22-114-7,u007,2025-06-13,variable,hazard,120,0.006689507824838903,0,4.4749514938580906e-05,0.006711982869708939
s22-114-7,u007,2025-06-13,variable,hazard_cal,30,0.000993121581785772,0,9.862904762086737e-07,0.000993615053769381
s22-114-7,u007,2025-06-13,variable,hazard_cal,60,0.0025612263881853448,0,6.559880611536947e-06,0.0025645119397176537
s22-114-7,u007,2025-06-13,variable,hazard_cal,120,0.00898531586390372,0,8.073590117411986e-05,0.009025927268388911
s22-114-28,u028,2025-06-13,regular,empirical,30,0.0011990407673860837,0,1.4376987618538084e-06,0.0011997601919040602
s22-114-28,u028,2025-06-13,regular,empirical,60,0.00659472422062346,0,4.349038754607771e-05,0.006616565492129114
s22-114-28,u028,2025-06-13,regular,empirical,120,0.017386091127098324,0,0.0003022761646797671,0.017539004174862385
s22-114-28,u028,2025-06-13,regular,hazard,30,0.0014180099173681793,0,2.0107521257545104e-06,0.0014190162448651374
s22-114-28,u028,2025-06-13,regular,hazard,60,0.0036872613895252426,0,1.3595896554683622e-05,0.0036940760946928964
s22-114-28,u028,2025-06-13,regular,hazard,120,0.013179419172259066,0,0.00017369708971810984,0.013267038415782478
s22-114-28,u028,2025-06-13,regular,hazard_cal,30,0.0019232381132101573,0,3.6988448401041657e-06,0.0019250899103089674
s22-114-28,u028,2025-06-13,regular,hazard_cal,60,0.004955902265060708,0,2.4560967260833852e-05,0.004968223474019563
s22-114-28,u028,2025-06-13,regular,hazard_cal,120,0.017327930810479897,0,0.0003002571861727785,0.017479816537760585
s22-114-36,u036,2025-06-13,variable,empirical,30,0.0011990407673860837,0,1.4376987618538084e-06,0.0011997601919040602
s22-114-36,u036,2025-06-13,variable,empirical,60,0.00659472422062346,0,4.349038754607771e-05,0.006616565492129114
s22-114-36,u036,2025-06-13,variable,empirical,120,0.017386091127098324,0,0.0003022761646797671,0.017539004174862385
s22-114-36,u036,2025-06-13,variable,hazard,30,0.0009856739867020181,0,9.715532080610501e-07,0.0009861600827537884
s22-114-36,u036,2025-06-13,variable,hazard,60,0.002564048436510813,0,6.574344384773544e-06,0.0025673412385100597
s22-114-36,u036,2025-06-13,variable,hazard,120,0.009179647127875556,0,8.426592139231395e-05,0.009222039720702837
s22-114-36,u036,2025-06-13,variable,hazard_cal,30,0.0013515702601143431,0,1.8267421680255532e-06,0.0013524844550236348
s22-114-36,u036,2025-06-13,variable,hazard_cal,60,0.0034845526759628154,0,1.2142107351559618e-05,0.003490637869870221
s22-114-36,u036,2025-06-13,variable,hazard_cal,120,0.012208684998716635,0,0.0001490519893978886,0.012283823178606374
s22-114-38,u038,2025-06-13,regular,empirical,30,0.0011990407673860837,0,1.4376987618538084e-06,0.0011997601919040602
s22-114-38,u038,2025-06-13,regular,empirical,60,0.00659472422062346,0,4.349038754607771e-05,0.006616565492129114
s22-114-38,u038,2025-06-13,regular,empirical,120,0.017386091127098324,0,0.0003022761646797671,0.017539004174862385
s22-114-38,u038,2025-06-13,regular,hazard,30,0.0007453899359793903,0,5.556061566593596e-07,0.0007456678771826864
s22-114-38,u038,2025-06-13,regular,hazard,60,0.0019394115317316052,0,3.761317089413531e-06,0.0019412946253992642
s22-114-38,u038,2025-06-13,regular,hazard,120,0.006949654091589652,0,4.829769199274879e-05,0.006973915408098182
s22-114-38,u038,2025-06-13,regular,hazard_cal,30,0.0010306943059275042,0,1.0623307522713798e-06,0.0010312258365654285
s22-114-38,u038,2025-06-13,regular,hazard_cal,60,0.0026580371703061045,0,7.065161598728883e-06,0.0026615760234319054
s22-114-38,u038,2025-06-13,regular,hazard_cal,120,0.009323679631243142,0,8.693100186605826e-05,0.009367417207898597
s22-114-42,u042,2025-06-13,variable,empirical,30,0.0011990407673860837,0,1.4376987618538084e-06,0.0011997601919040602
s22-114-42,u042,2025-06-13,variable,empirical,60,0.00659472422062346,0,4.349038754607771e-05,0.006616565492129114
s22-114-42,u042,2025-06-13,variable,empirical,120,0.017386091127098324,0,0.0003022761646797671,0.017539004174862385
s22-114-42,u042,2025-06-13,variable,hazard,30,0.0008156646734404083,0,6.653088594986478e-07,0.0008159975088705333
s22-114-42,u042,2025-06-13,variable,hazard,60,0.002122123972799539,0,4.503410155930498e-06,0.00212437886855452
s22-114-42,u042,2025-06-13,variable,hazard,120,0.007602367754146688,0,5.779599546928936e-05,0.007631413054224373
s22-114-42,u042,2025-06-13,variable,hazard_cal,30,0.0011248244841987054,0,1.2652301202528836e-06,0.0011254575740466666
s22-114-42,u042,2025-06-13,variable,hazard_cal,60,0.0029005470920632215,0,8.41317343327641e-06,0.002904761830784971
s22-114-42,u042,2025-06-13,variable,hazard_cal,120,0.010170872271495157,0,0.00010344664276306906,0.010222949004329733
s22-114-6,u006,2025-06-13,variable,empirical,30,0.0011990407673860837,0,1.4376987618538084e-06,0.0011997601919040602
s22-114-6,u006,2025-06-13,variable,empirical,60,0.00659472422062346,0,4.349038754607771e-05,0.006616565492129114
s22-114-6,u006,2025-06-13,variable,empirical,120,0.017386091127098324,0,0.0003022761646797671,0.017539004174862385
s22-114-6,u006,2025-06-13,variable,hazard,30,0.0009933079393532607,0,9.86660662382221e-07,0.0009938015966139766
s22-114-6,u006,2025-06-13,variable,hazard,60,0.002583889073836332,0,6.676482745890777e-06,0.002587233076806491
s22-114-6,u006,2025-06-13,variable,hazard,120,0.009250413160798221,0,8.557014364546893e-05,0.009293463929896339
s22-114-6,u006,2025-06-13,variable,hazard_cal,30,0.001361722457306147,0,1.8542880507318916e-06,0.0013626504438672734
s22-114-6,u006,2025-06-13,variable,hazard_cal,60,0.0035106951773653527,0,1.2324980628376345e-05,0.00351687212884615
s22-114-6,u006,2025-06-13,variable,hazard_cal,120,0.012299827550744102,0,0.00015128575777804366,0.012376096471274176
s22-114-12,u012,2025-06-13,variable,empirical,30,0.0011990407673860837,0,1.4376987618538084e-06,0.0011997601919040602
s22-114-12,u012,2025-06-13,variable,empirical,60,0.00659472422062346,0,4.349038754607771e-05,0.006616565492129114
s22-114-12,u012,2025-06-13,variable,empirical,120,0.017386091127098324,0,0.0003022761646797671,0.017539004174862385
s22-114-12,u012,2025-06-13,variable,hazard,30,0.0007574902162005293,0,5.737914276395245e-07,0.0007577772568771723
s22-114-12,u012,2025-06-13,variable,hazard,60,0.0019708735780393782,0,3.884342660613741e-06,0.001972818304997111
s22-114-12,u012,2025-06-13,variable,hazard,120,0.007062072373862915,0,4.987286621367779e-05,0.007087126834259584
s22-114-12,u012,2025-06-13,variable,hazard_cal,30,0.0010469205668331982,0,1.0960426732583451e-06,0.0010474689709602787
s22-114-12,u012,2025-06-13,variable,hazard_cal,60,0.00269984416083513,0,7.289158492795546e-06,0.0027034953132572376
s22-114-12,u012,2025-06-13,variable,hazard_cal,120,0.009469770905593977,0,8.967656100443418e-05,0.009514894284082505
s22-114-2,u002,2025-06-13,regular,empirical,30,0.0011990407673860837,0,1.4376987618538084e-06,0.0011997601919040602
s22-114-2,u002,2025-06-13,regular,empirical,60,0.00659472422062346,0,4.349038754607771e-05,0.006616565492129114
s22-114-2,u002,2025-06-13,regular,empirical,120,0.017386091127098324,0,0.0003022761646797671,0.017539004174862385
s22-114-2,u002,2025-06-13,regular,hazard,30,0.002140213729928453,0,4.580514809774261e-06,0.0021425072603478445
s22-114-2,u002,2025-06-13,regular,hazard,60,0.005561612036815489,0,3.093152844805093e-05,0.005577135384352202
s22-114-2,u002,2025-06-13,regular,hazard,120,0.019824981238892425,0,0.00039302988112243666,0.020024132690358565
s22-114-2,u002,2025-06-13,regular,hazard_cal,30,0.002866879540780576,0,8.218998301346245e-06,0.0028709969111507497
s22-114-2,u002,2025-06-13,regular,hazard_cal,60,0.007381387929347394,0,5.4484887763515406e-05,0.007408765177820468
s22-114-2,u002,2025-06-13,regular,hazard_cal,120,0.025720663872902727,0,0.0006615525500628435,0.026057223718485217
s22-114-31,u031,2025-06-13,variable,empirical,30,0.0011990407673860837,0,1.4376987618538084e-06,0.0011997601919040602
s22-114-31,u031,2025-06-13,variable,empirical,60,0.00659472422062346,0,4.349038754607771e-05,0.006616565492129114
s22-114-31,u031,2025-06-13,variable,empirical,120,0.017386091127098324,0,0.0003022761646797671,0.017539004174862385
s22-114-31,u031,2025-06-13,variable,hazard,30,0.0012011685238207948,0,1.4428058226178272e-06,0.0012018905049373397
s22-114-31,u031,2025-06-13,variable,hazard,60,0.00312401420576347,0,9.759464757811965e-06,0.0031289041249160116
s22-114-31,u031,2025-06-13,variable,hazard,120,0.011175322713822267,0,0.00012488783775807186,0.011238235787762325
s22-114-31,u031,2025-06-13,variable,hazard_cal,30,0.0016372990241665386,0,2.6807480945366998e-06,0.0016386408630748458
s22-114-31,u031,2025-06-13,variable,hazard_cal,60,0.00422014221888567,0,1.7809600347621264e-05,0.004229072151639045
s22-114-31,u031,2025-06-13,variable,hazard_cal,120,0.014770664525593502,0,0.00021817253052762632,0.014880837017457153
s22-114-49,u049,2025-06-13,regular,empirical,30,0.0011990407673860837,0,1.4376987618538084e-06,0.0011997601919040602
s22-114-49,u049,2025-06-13,regular,empirical,60,0.00659472422062346,0,4.349038754607771e-05,0.006616565492129114
s22-114-49,u049,2025-06-13,regular,empirical,120,0.017386091127098324,0,0.0003022761646797671,0.017539004174862385
s22-114-49,u049,2025-06-13,regular,hazard,30,0.0007875393500107464,0,6.202182278153489e-07,0.0007878496220363023
s22-114-49,u049,2025-06-13,regular,hazard,60,0.0020490016460399385,0,4.198407745474377e-06,0.002051103721841362
s22-114-49,u049,2025-06-13,regular,hazard,120,0.007341190436638834,0,5.389307702699747e-05,0.007368269585339525
s22-114-49,u049,2025-06-13,regular,hazard_cal,30,0.0010871823676943393,0,1.1819655006254695e-06,0.0010877737791315672
s22-114-49,u049,2025-06-13,regular,hazard_cal,60,0.00280357359872363,0,7.860024923460164e-06,0.0028075109720512004
s22-114-49,u049,2025-06-13,regular,hazard_cal,120,0.009832171092224007,0,9.667158838676543e-05,0.009880826071827607
s22-114-53,u053,2025-06-13,regular,empirical,30,0.0011990407673860837,0,1.4376987618538084e-06,0.0011997601919040602
s22-114-53,u053,2025-06-13,regular,empirical,60,0.00659472422062346,0,4.349038754607771e-05,0.006616565492129114
s22-114-53,u053,2025-06-13,regular,empirical,120,0.017386091127098324,0,0.0003022761646797671,0.017539004174862385
s22-114-53,u053,2025-06-13,regular,hazard,30,0.007062848816757783,0,4.988383340837681e-05,0.00708790879975495
s22-114-53,u053,2025-06-13,regular,hazard,60,0.018272867876722665,0,0.00033389770044016306,0.018441878768792407
s22-114-53,u053,2025-06-13,regular,hazard,120,0.06394739086395462,0,0.004089268798307387,0.06608359774213343
s22-114-53,u053,2025-06-13,regular,hazard_cal,30,0.009120308664619547,0,8.31800301379344e-05,0.00916215329798494
s22-114-53,u053,2025-06-13,regular,hazard_cal,60,0.023353074261956208,0,0.0005453660774844415,0.02363007839831416
s22-114-53,u053,2025-06-13,regular,hazard_cal,120,0.07957072998916015,0,0.0063315010710078305,0.0829151199241031
s22-114-59,u059,2025-06-13,new,empirical,30,0.0011990407673860837,0,1.4376987618538084e-06,0.0011997601919040602
s22-114-59,u059,2025-06-13,new,empirical,60,0.00659472422062346,0,4.349038754607771e-05,0.006616565492129114
s22-114-59,u059,2025-06-13,new,empirical,120,0.017386091127098324,0,0.0003022761646797671,0.017539004174862385
s22-114-59,u059,2025-06-13,new,hazard,30,0.0006863761041140393,0,4.711121562987665e-07,0.0006866117680344147
s22-114-59,u059,2025-06-13,new,hazard,60,0.0017859593594419243,0,3.1896508335782084e-06,0.001787556086268074
s22-114-59,u059,2025-06-13,new,hazard,120,0.006401200796068096,0,4.097537163158283e-05,0.006421776334317355
s22-114-59,u059,2025-06-13,new,hazard_cal,30,0.0009514413513362907,0,9.05240645032627e-07,0.0009518942589582891
s22-114-59,u059,2025-06-13,new,hazard_cal,60,0.002453824604831012,0,6.021255191274072e-06,0.00245684016654307
s22-114-59,u059,2025-06-13,new,hazard_cal,120,0.008609827515312696,0,7.412912984343559e-05,0.008647106209887807
s22-114-32,u032,2025-06-13,regular,empirical,30,0.0011990407673860837,0,1.4376987618538084e-06,0.0011997601919040602
s22-114-32,u032,2025-06-13,regular,empirical,60,0.00659472422062346,0,4.349038754607771e-05,0.006616565492129114
s22-114-32,u032,2025-06-13,regular,empirical,120,0.017386091127098324,0,0.0003022761646797671,0.017539004174862385
s22-114-32,u032,2025-06-13,regular,hazard,30,0.0013882811540865125,0,1.927324562791779e-06,0.001389245709187042
s22-114-32,u032,2025-06-13,regular,hazard,60,0.0036100536563741237,0,1.303248740190018e-05,0.0036165856253191054
s22-114-32,u032,2025-06-13,regular,hazard,120,0.01290489945427531,0,0.00016653642992495518,0.012988891053821588
s22-114-32,u032,2025-06-13,regular,hazard_cal,30,0.0018841197481902494,0,3.549907225520489e-06,0.001885896934441662
s22-114-32,u032,2025-06-13,regular,hazard_cal,60,0.004855267315248102,0,2.357362070251651e-05,0.00486709241714678
s22-114-32,u032,2025-06-13,regular,hazard_cal,120,0.016978468966787563,0,0.00028826840845616836,0.017124255683989256
s22-114-24,u024,2025-06-13,regular,empirical,30,0.0011990407673860837,0,1.4376987618538084e-06,0.0011997601919040602
s22-114-24,u024,2025-06-13,regular,empirical,60,0.00659472422062346,0,4.349038754607771e-05,0.006616565492129114
s22-114-24,u024,2025-06-13,regular,empirical,120,0.017386091127098324,0,0.0003022761646797671,0.017539004174862385
s22-114-24,u024,2025-06-13,regular,hazard,30,0.0025810633834194574,0,6.661888189228697e-06,0.0025844000702174427
s22-114-24,u024,2025-06-13,regular,hazard,60,0.006704564986606876,0,4.4951191659634856e-05,0.006727141549709024
s22-114-24,u024,2025-06-13,regular,hazard,120,0.023859599480755223,0,0.0005692804873820549,0.02414884992386442
s22-114-24,u024,2025-06-13,regular,hazard_cal,30,0.003437815660384924,0,1.1818576514787833e-05,0.003443738527020795
s22-114-24,u024,2025-06-13,regular,hazard_cal,60,0.008846931728094809,0,7.82682010015706e-05,0.008886298182136623
s22-114-24,u024,2025-06-13,regular,hazard_cal,120,0.030764003673614537,0,0.0009464239220301687,0.03124715048348718
s22-114-4,u004,2025-06-13,regular,empirical,30,0.0011990407673860837,0,1.4376987618538084e-06,0.0011997601919040602
s22-114-4,u004,2025-06-13,regular,empirical,60,0.00659472422062346,0,4.349038754607771e-05,0.006616565492129114
s22-114-4,u004,2025-06-13,regular,empirical,120,0.017386091127098324,0,0.0003022761646797671,0.017539004174862385
s22-114-4,u004,2025-06-13,regular,hazard,30,0.007081347437223329,0,5.0145481526669404e-05,0.007106539176070477
s22-114-4,u004,2025-06-13,regular,hazard,60,0.018320423216016124,0,0.0003356379068139426,0.01849032042796268
s22-114-4,u004,2025-06-13,regular,hazard,120,0.0641094025320108,0,0.004110015493011394,0.06625669238292076
s22-114-4,u004,2025-06-13,regular,hazard_cal,30,0.009143447840200047,0,8.360263840645891e-05,0.009185505725087691
s22-114-4,u004,2025-06-13,regular,hazard_cal,60,0.023411845699326417,0,0.0005481145190490689,0.0236902569584768
s22-114-4,u004,2025-06-13,regular,hazard_cal,120,0.07976440776027438,0,0.0063623607453473195,0.08312556320011825
s22-114-14,u014,2025-06-13,variable,empirical,30,0.0011990407673860837,0,1.4376987618538084e-06,0.0011997601919040602
s22-114-14,u014,2025-06-13,variable,empirical,60,0.00659472422062346,0,4.349038754607771e-05,0.006616565492129114
s22-114-14,u014,2025-06-13,variable,empirical,120,0.017386091127098324,0,0.0003022761646797671,0.017539004174862385
s22-114-14,u014,2025-06-13,variable,hazard,30,0.00041931059358812917,0,1.7582137389522923e-07,0.0004193985288573959
s22-114-14,u014,2025-06-13,variable,hazard,60,0.00109131265118656,0,1.1909633026398385e-06,0.0010919085664305613
s22-114-14,u014,2025-06-13,variable,hazard,120,0.0039154048026985855,0,1.533039476899515e-05,0.003923090067256746
s22-114-14,u014,2025-06-13,variable,hazard_cal,30,0.0005898753785784638,0,3.47952962253086e-07,0.0005900494235061676
s22-114-14,u014,2025-06-13,variable,hazard_cal,60,0.0015218087938948521,0,2.3159020051757044e-06,0.001522967921026604
s22-114-14,u014,2025-06-13,variable,hazard_cal,120,0.005346627361361045,0,2.858642414125457e-05,0.005360971725591156
s22-114-44,u044,2025-06-13,variable,empirical,30,0.0011990407673860837,0,1.4376987618538084e-06,0.0011997601919040602
s22-114-44,u044,2025-06-13,variable,empirical,60,0.00659472422062346,0,4.349038754607771e-05,0.006616565492129114
s22-114-44,u044,2025-06-13,variable,empirical,120,0.017386091127098324,0,0.0003022761646797671,0.017539004174862385
s22-114-44,u044,2025-06-13,variable,hazard,30,0.0021770638077264204,0,4.73960682291226e-06,0.002179437056239136
s22-114-44,u044,2025-06-13,variable,hazard,60,0.005657184701399087,0,3.200373874574388e-05,0.005673247178349875
s22-114-44,u044,2025-06-13,variable,hazard,120,0.02016286676810486,0,0.0004065411963083473,0.02036891170840289
s22-114-44,u044,2025-06-13,variable,hazard_cal,30,0.0029147330612673272,0,8.495668818444804e-06,0.0029189891679650853
s22-114-44,u044,2025-06-13,variable,hazard_cal,60,0.007504280506059002,0,5.6314225913617156e-05,0.007532579282544344
s22-114-44,u044,2025-06-13,variable,hazard_cal,120,0.026144373213923933,0,0.0006835282507489432,0.02649221344534547
s22-114-55,u055,2025-06-13,new,empirical,30,0.0011990407673860837,0,1.4376987618538084e-06,0.0011997601919040602
s22-114-55,u055,2025-06-13,new,empirical,60,0.00659472422062346,0,4.349038754607771e-05,0.006616565492129114
s22-114-55,u055,2025-06-13,new,empirical,120,0.017386091127098324,0,0.0003022761646797671,0.017539004174862385
s22-114-55,u055,2025-06-13,new,hazard,30,0.0021400126757812332,0,4.579654252504354e-06,0.00214230577499917
s22-114-55,u055,2025-06-13,new,hazard,60,0.005561090574703109,0,3.0925728380051755e-05,0.00557661100598752
s22-114-55,u055,2025-06-13,new,hazard,120,0.019823137415243886,0,0.00039295677698364205,0.02002225157537499
s22-114-55,u055,2025-06-13,new,hazard_cal,30,0.002866618382619035,0,8.217500951569372e-06,0.0028707350021618867
s22-114-55,u055,2025-06-13,new,hazard_cal,60,0.007380717220864863,0,5.4474986694371147e-05,0.0074080894819914984
s22-114-55,u055,2025-06-13,new,hazard_cal,120,0.025718350999141326,0,0.0006614335781150336,0.026054849788411633
s22-115-16,u016,2025-06-16,variable,empirical,30,0.0011990407673860837,1,0.9976033561639897,6.726233402358753
s22-115-16,u016,2025-06-16,variable,empirical,60,0.00659472422062346,1,0.9868540419462991,5.021485310120328
s22-115-16,u016,2025-06-16,variable,empirical,120,0.017386091127098324,1,0.9655300939104832,4.052084752932218
s22-115-16,u016,2025-06-16,variable,hazard,30,0.0010293866333813684,1,0.9979422863700782,6.8787921556935645
s22-115-16,u016,2025-06-16,variable,hazard,60,0.002677653897955712,1,0.9946518620344859,5.92281427906609
s22-115-16,u016,2025-06-16,variable,hazard,120,0.009584791008247828,1,0.9809222862021761,4.647577706765243
s22-115-16,u016,2025-06-16,variable,hazard_cal,30,0.0014096709198299084,1,0.9971826453324424,6.564398992023343
s22-115-16,u016,2025-06-16,variable,hazard_cal,60,0.0036341589479705894,1,0.9927448892153179,5.6173775708423435
s22-115-16,u016,2025-06-16,variable,hazard_cal,120,0.01273017781027741,1,0.9747017018065265,4.363779898695963
s22-115-14,u014,2025-06-16,variable,empirical,30,0.0011990407673860837,0,1.4376987618538084e-06,0.0011997601919040602
s22-115-14,u014,2025-06-16,variable,empirical,60,0.00659472422062346,0,4.349038754607771e-05,0.006616565492129114
s22-115-14,u014,2025-06-16,variable,empirical,120,0.017386091127098324,0,0.0003022761646797671,0.017539004174862385
s22-115-14,u014,2025-06-16,variable,hazard,30,0.0005257284479354141,0,2.763904009685794e-07,0.0005258666915904364
s22-115-14,u014,2025-06-16,variable,hazard,60,0.0013681490620894854,0,1.8718318560963385e-06,0.0013690858325427647
s22-115-14,u014,2025-06-16,variable,hazard,120,0.004906665986350589,0,2.40753711016098e-05,0.004918743193979905
s22-115-14,u014,2025-06-16,variable,hazard_cal,30,0.0007345957416494686,0,5.396309036495329e-07,0.0007348656893109912
s22-115-14,u014,2025-06-16,variable,hazard_cal,60,0.001894928646054006,0,3.5907545736360682e-06,0.0018967262946436654
s22-115-14,u014,2025-06-16,variable,hazard_cal,120,0.006654032733653503,0,4.427615162053231e-05,0.006676269507169004
s22-115-22,u022,2025-06-16,variable,empirical,30,0.0011990407673860837,0,1.4376987618538084e-06,0.0011997601919040602
s22-115-22,u022,2025-06-16,variable,empirical,60,0.00659472422062346,0,4.349038754607771e-05,0.006616565492129114
s22-115-22,u022,2025-06-16,variable,empirical,120,0.017386091127098324,0,0.0003022761646797671,0.017539004174862385
s22-115-22,u022,2025-06-16,variable,hazard,30,0.001998781325983523,0,3.99512678910045e-06,0.0020007815551696642
s22-115-22,u022,2025-06-16,variable,hazard,60,0.005194740784873475,0,2.6985331822027886e-05,0.005208280360864319
s22-115-22,u022,2025-06-16,variable,hazard,120,0.01852707950733512,0,0.00034325267507111695,0.018700855567101403
s22-115-22,u022,2025-06-16,variable,hazard_cal,30,0.0026829758458604136,0,7.198359389470402e-06,0.0026865814762119006
s22-115-22,u022,2025-06-16,variable,hazard_cal,60,0.006909008443334641,0,4.773439767006936e-05,0.006932986147431808
s22-115-22,u022,2025-06-16,variable,hazard_cal,120,0.024090623660795507,0,0.0005803581483660803,0.024385548991539534
s22-115-8,u008,2025-06-16,variable,empirical,30,0.0011990407673860837,0,1.4376987618538084e-06,0.0011997601919040602
s22-115-8,u008,2025-06-16,variable,empirical,60,0.00659472422062346,0,4.349038754607771e-05,0.006616565492129114
s22-115-8,u008,2025-06-16,variable,empirical,120,0.017386091127098324,0,0.0003022761646797671,0.017539004174862385
s22-115-8,u008,2025-06-16,variable,hazard,30,0.0006694373387065022,0,4.481463504544442e-07,0.0006696615119339319
s22-115-8,u008,2025-06-16,variable,hazard,60,0.0017419109176751713,0,3.0342536451159573e-06,0.0017434298086024657
s22-115-8,u008,2025-06-16,variable,hazard,120,0.00624372213396418,0,3.898406608615421e-05,0.006263295684079757
s22-115-8,u008,2025-06-16,variable,hazard_cal,30,0.0009286561141048644,0,8.624021782643469e-07,0.0009290875823384211
s22-115-8,u008,2025-06-16,variable,hazard_cal,60,0.002395108179033545,0,5.736543189273383e-06,0.0023979810387514625
s22-115-8,u008,2025-06-16,variable,hazard_cal,120,0.008404500479482713,0,7.063562830962514e-05,0.008440017435155356
s22-115-0,u000,2025-06-16,variable,empirical,30,0.0011990407673860837,0,1.4376987618538084e-06,0.0011997601919040602
s22-115-0,u000,2025-06-16,variable,empirical,60,0.00659472422062346,0,4.349038754607771e-05,0.006616565492129114
s22-115-0,u000,2025-06-16,variable,empirical,120,0.017386091127098324,0,0.0003022761646797671,0.017539004174862385
s22-115-0,u000,2025-06-16,variable,hazard,30,0.0041795579737152755,0,1.746870485564694e-05,0.004188316739842876
s22-115-0,u000,2025-06-16,variable,hazard,60,0.010841265190241645,0,0.0001175330309251452,0.010900459925018596
s22-115-0,u000,2025-06-16,variable,hazard,120,0.038350337561982695,0,0.0014707483911180208,0.0391050709045659
s22-115-0,u000,2025-06-16,variable,hazard_cal,30,0.0054855405031369875,0,3.0091154611556394e-05,0.005500641329892601
s22-115-0,u000,2025-06-16,variable,hazard_cal,60,0.014091126870127924,0,0.00019855985647004116,0.014191349411342133
s22-115-0,u000,2025-06-16,variable,hazard_cal,120,0.04864051519935075,0,0.002365899718858272,0.049863280712399836
s22-115-10,u010,2025-06-16,regular,empirical,30,0.0011990407673860837,0,1.4376987618538084e-06,0.0011997601919040602
s22-115-10,u010,2025-06-16,regular,empirical,60,0.00659472422062346,0,4.349038754607771e-05,0.006616565492129114
s22-115-10,u010,2025-06-16,regular,empirical,120,0.017386091127098324,0,0.0003022761646797671,0.017539004174862385
s22-115-10,u010,2025-06-16,regular,hazard,30,0.0019519056090938625,0,3.8099355068120822e-06,0.0019538130593600087
s22-115-10,u010,2025-06-16,regular,hazard,60,0.005073126089703339,0,2.5736608322028695e-05,0.005086038081818899
s22-115-10,u010,2025-06-16,regular,hazard,120,0.01809653028981839,0,0.0003274844085303145,0.018262275143534536
s22-115-10,u010,2025-06-16,regular,hazard_cal,30,0.002621936667479008,0,6.874551888270925e-06,0.0026253799634760686
s22-115-10,u010,2025-06-16,regular,hazard_cal,60,0.006752187842058888,0,4.559204065444786e-05,0.006775087000208474
s22-115-10,u010,2025-06-16,regular,hazard_cal,120,0.023549002044470413,0,0.0005545554972904717,0.023830711229668476
s22-115-7,u007,2025-06-16,variable,empirical,30,0.0011990407673860837,0,1.4376987618538084e-06,0.0011997601919040602
s22-115-7,u007,2025-06-16,variable,empirical,60,0.00659472422062346,0,4.349038754607771e-05,0.006616565492129114
s22-115-7,u007,2025-06-16,variable,empirical,120,0.017386091127098324,0,0.0003022761646797671,0.017539004174862385
s22-115-7,u007,2025-06-16,variable,hazard,30,0.0008957515983935016,0,8.02370926024513e-07,0.0008961530235925922
s22-115-7,u007,2025-06-16,variable,hazard,60,0.0023303197717260415,0,5.43039023849731e-06,0.002333039192413259
s22-115-7,u007,2025-06-16,variable,hazard,120,0.008345694856313202,0,6.965062263469264e-05,0.008380715149534607
s22-115-7,u007,2025-06-16,variable,hazard_cal,30,0.0012318002571070075,0,1.5173318734088897e-06,0.001232559546636451
s22-115-7,u007,2025-06-16,variable,hazard_cal,60,0.003176102588120955,0,1.0087627650268627e-05,0.0031811571072310548
s22-115-7,u007,2025-06-16,variable,hazard_cal,120,0.011132805555636893,0,0.00012393935953961967,0.011195239041100551
s22-115-3,u003,2025-06-16,regular,empirical,30,0.0011990407673860837,0,1.4376987618538084e-06,0.0011997601919040602
s22-115-3,u003,2025-06-16,regular,empirical,60,0.00659472422062346,0,4.349038754607771e-05,0.006616565492129114
s22-115-3,u003,2025-06-16,regular,empirical,120,0.017386091127098324,0,0.0003022761646797671,0.017539004174862385
s22-115-3,u003,2025-06-16,regular,hazard,30,0.0016454836896443448,0,2.7076165728855663e-06,0.00164683898487897
s22-115-3,u003,2025-06-16,regular,hazard,60,0.004277890849168964,0,1.830035011740356e-05,0.004287067203874365
s22-115-3,u003,2025-06-16,regular,hazard,120,0.015277422911502692,0,0.00023339965081690738,0.015395325106080656
s22-115-3,u003,2025-06-16,regular,hazard_cal,30,0.002221766623149546,0,4.936246927741336e-06,0.002224238408445453
s22-115-3,u003,2025-06-16,regular,hazard_cal,60,0.005723660758267579,0,3.2760292475732196e-05,0.0057401036769825844
s22-115-3,u003,2025-06-16,regular,hazard_cal,120,0.019990764062470134,0,0.00039963064780134744,0.02019328293587819
s22-115-31,u031,2025-06-16,variable,empirical,30,0.0011990407673860837,0,1.4376987618538084e-06,0.0011997601919040602
s22-115-31,u031,2025-06-16,variable,empirical,60,0.00659472422062346,0,4.349038754607771e-05,0.006616565492129114
s22-115-31,u031,2025-06-16,variable,empirical,120,0.017386091127098324,0,0.0003022761646797671,0.017539004174862385
s22-115-31,u031,2025-06-16,variable,hazard,30,0.0017661681624008274,0,3.1193499778783154e-06,0.001767729676258001
s22-115-31,u031,2025-06-16,variable,hazard,60,0.00459114695463303,0,2.1078630359036142e-05,0.00460171863966245
s22-115-31,u031,2025-06-16,variable,hazard,120,0.016388693675380206,0,0.0002685892803854472,0.016524473866168995
s22-115-31,u031,2025-06-16,variable,hazard_cal,30,0.00237962501300093,0,5.662615202499676e-06,0.002382460820267365
s22-115-31,u031,2025-06-16,variable,hazard_cal,60,0.0061294790831020185,0,3.757051383018516e-05,0.0061483414572018336
s22-115-31,u031,2025-06-16,variable,hazard_cal,120,0.021395944999175076,0,0.00045778646240772497,0.021628156460218664
s22-115-39,u039,2025-06-16,variable,empirical,30,0.0011990407673860837,0,1.4376987618538084e-06,0.0011997601919040602
s22-115-39,u039,2025-06-16,variable,empirical,60,0.00659472422062346,0,4.349038754607771e-05,0.006616565492129114
s22-115-39,u039,2025-06-16,variable,empirical,120,0.017386091127098324,0,0.0003022761646797671,0.017539004174862385
s22-115-39,u039,2025-06-16,variable,hazard,30,0.000808307116206497,0,6.533603941100634e-07,0.0008086339725489597
s22-115-39,u039,2025-06-16,variable,hazard,60,0.0021029955994460447,0,4.422590491289429e-06,0.0021052099998192042
s22-115-39,u039,2025-06-16,variable,hazard,120,0.0075340506520455985,0,5.676191922758871e-05,0.007562574971081944
s22-115-39,u039,2025-06-16,variable,hazard_cal,30,0.001114981184070496,0,1.2431830408312452e-06,0.0011156032380195322
s22-115-39,u039,2025-06-16,variable,hazard_cal,60,0.0028751894368901354,0,8.266714298004614e-06,0.0028793307339530466
s22-115-39,u039,2025-06-16,variable,hazard_cal,120,0.010082314033390216,0,0.0001016530562678973,0.010133484798552108
s22-115-18,u018,2025-06-16,variable,empirical,30,0.0011990407673860837,0,1.4376987618538084e-06,0.0011997601919040602
s22-115-18,u018,2025-06-16,variable,empirical,60,0.00659472422062346,0,4.349038754607771e-05,0.006616565492129114
s22-115-18,u018,2025-06-16,variable,empirical,120,0.017386091127098324,0,0.0003022761646797671,0.017539004174862385
s22-115-18,u018,2025-06-16,variable,hazard,30,0.0009824691243626171,0,9.652455803258477e-07,0.0009829520634938814
s22-115-18,u018,2025-06-16,variable,hazard,60,0.002555718920698613,0,6.5316992016168835e-06,0.0025589903453827932
s22-115-18,u018,2025-06-16,variable,hazard,120,0.00914993684670462,0,8.372134429868289e-05,0.00919205463243296
s22-115-18,u018,2025-06-16,variable,hazard_cal,30,0.0013473074875676172,0,1.815237466055765e-06,0.0013482159223529822
s22-115-18,u018,2025-06-16,variable,hazard_cal,60,0.0034735756479012947,0,1.20657277816929e-05,0.003479622518695085
s22-115-18,u018,2025-06-16,variable,hazard_cal,120,0.012170412966415411,0,0.00014811895177309237,0.012245078870660866
s22-115-2,u002,2025-06-16,regular,empirical,30,0.0011990407673860837,0,1.4376987618538084e-06,0.0011997601919040602
s22-115-2,u002,2025-06-16,regular,empirical,60,0.00659472422062346,0,4.349038754607771e-05,0.006616565492129114
s22-115-2,u002,2025-06-16,regular,empirical,120,0.017386091127098324,0,0.0003022761646797671,0.017539004174862385
s22-115-2,u002,2025-06-16,regular,hazard,30,0.0016380447722482705,0,2.6831906758898883e-06,0.0016393878344506086
s22-115-2,u002,2025-06-16,regular,hazard,60,0.004258579714368271,0,1.8135501183628946e-05,0.004267673291291127
s22-115-2,u002,2025-06-16,regular,hazard,120,0.01520888385058694,0,0.00023131014798064424,0.0153257251219031
s22-115-2,u002,2025-06-16,regular,hazard_cal,30,0.002212024991815831,0,4.893054564417827e-06,0.002214475132947141
s22-115-2,u002,2025-06-16,regular,hazard_cal,60,0.005698613518109075,0,3.247419602877549e-05,0.005714912566938631
s22-115-2,u002,2025-06-16,regular,hazard_cal,120,0.019903983123492064,0,0.0003961685441802569,0.020104735712293962
s22-115-36,u036,2025-06-16,variable,empirical,30,0.0011990407673860837,0,1.4376987618538084e-06,0.0011997601919040602
s22-115-36,u036,2025-06-16,variable,empirical,60,0.00659472422062346,0,4.349038754607771e-05,0.006616565492129114
s22-115-36,u036,2025-06-16,variable,empirical,120,0.017386091127098324,0,0.0003022761646797671,0.017539004174862385
s22-115-36,u036,2025-06-16,variable,hazard,30,0.0014464701161419624,0,2.092275796891742e-06,0.0014475172639408858
s22-115-36,u036,2025-06-16,variable,hazard,60,0.0037611707122627847,0,1.4146405126783344e-05,0.0037682617006889307
s22-115-36,u036,2025-06-16,variable,hazard,120,0.013442153346133856,0,0.00018069148658097763,0.013533316968105056
s22-115-36,u036,2025-06-16,variable,hazard_cal,30,0.0019606638299556334,0,3.8442026540962925e-06,0.0019625884473793258
s22-115-36,u036,2025-06-16,variable,hazard_cal,60,0.005052176250127771,0,2.5524484862355108e-05,0.005064981640826935
s22-115-36,u036,2025-06-16,variable,hazard_cal,120,0.017662156121646788,0,0.0003119517588654251,0.017819993258668964
s22-115-51,u051,2025-06-16,variable,empirical,30,0.0011990407673860837,0,1.4376987618538084e-06,0.0011997601919040602
s22-115-51,u051,2025-06-16,variable,empirical,60,0.00659472422062346,0,4.349038754607771e-05,0.006616565492129114
s22-115-51,u051,2025-06-16,variable,empirical,120,0.017386091127098324,0,0.0003022761646797671,0.017539004174862385
s22-115-51,u051,2025-06-16,variable,hazard,30,0.001062435439464604,0,1.1287690630303464e-06,0.0010630002240630053
s22-115-51,u051,2025-06-16,variable,hazard,60,0.0027635390305462693,0,7.637147973352614e-06,0.0027673646543322668
s22-115-51,u051,2025-06-16,variable,hazard,120,0.00989098889698281,0,9.783166136023724e-05,0.009940229690137642
s22-115-51,u051,2025-06-16,variable,hazard_cal,30,0.0014535479561362807,0,2.112801660787959e-06,0.0014546053817701353
s22-115-51,u051,2025-06-16,variable,hazard_cal,60,0.003747129949076111,0,1.404098285526314e-05,0.0037541680277350447
s22-115-51,u051,2025-06-16,variable,hazard_cal,120,0.013123822934121843,0,0.00017223472840618246,0.013210701252609284
s22-115-25,u025,2025-06-16,regular,empirical,30,0.0011990407673860837,0,1.4376987618538084e-06,0.0011997601919040602
s22-115-25,u025,2025-06-16,regular,empirical,60,0.00659472422062346,0,4.349038754607771e-05,0.006616565492129114
s22-115-25,u025,2025-06-16,regular,empirical,120,0.017386091127098324,0,0.0003022761646797671,0.017539004174862385
s22-115-25,u025,2025-06-16,regular,hazard,30,0.004912894495027409,0,2.413653231927062e-05,0.0049250024341504555
s22-115-25,u025,2025-06-16,regular,hazard,60,0.012735075163544662,0,0.0001621821394211321,0.012816861343975137
s22-115-25,u025,2025-06-16,regular,hazard,120,0.044926172169552636,0,0.0020183609458082857,0.04596663486066954
s22-115-25,u025,2025-06-16,regular,hazard_cal,30,0.006416000097414165,0,4.116505725001858e-05,0.00643667109020292
s22-115-25,u025,2025-06-16,regular,hazard_cal,60,0.016467756855766846,0,0.000271187015860656,0.016604857608830337
s22-115-25,u025,2025-06-16,regular,hazard_cal,120,0.056655006953451714,0,0.003209789812895662,0.058323216969333236
s22-115-44,u044,2025-06-16,variable,empirical,30,0.0011990407673860837,0,1.4376987618538084e-06,0.0011997601919040602
s22-115-44,u044,2025-06-16,variable,empirical,60,0.00659472422062346,0,4.349038754607771e-05,0.006616565492129114
s22-115-44,u044,2025-06-16,variable,empirical,120,0.017386091127098324,0,0.0003022761646797671,0.017539004174862385
s22-115-44,u044,2025-06-16,variable,hazard,30,0.001667391630362669,0,2.7801948490034795e-06,0.0016687832749466634
s22-115-44,u044,2025-06-16,variable,hazard,60,0.004334761498102191,0,1.879015724542915e-05,0.004344183815583003
s22-115-44,u044,2025-06-16,variable,hazard,120,0.015479245805779196,0,0.00023960705071573283,0.015600300176227695
s22-115-44,u044,2025-06-16,variable,hazard_cal,30,0.0022504483597615144,0,5.064517819953291e-06,0.002252984424240666
s22-115-44,u044,2025-06-16,variable,hazard_cal,60,0.005797403437773907,0,3.3609886620312714e-05,0.005814273614830398
s22-115-44,u044,2025-06-16,variable,hazard_cal,120,0.020246224044538907,0,0.0004099095880616654,0.020453987910883226
s22-115-48,u048,2025-06-16,regular,empirical,30,0.0011990407673860837,0,1.4376987618538084e-06,0.0011997601919040602
s22-115-48,u048,2025-06-16,regular,empirical,60,0.00659472422062346,0,4.349038754607771e-05,0.006616565492129114
s22-115-48,u048,2025-06-16,regular,empirical,120,0.017386091127098324,0,0.0003022761646797671,0.017539004174862385
s22-115-48,u048,2025-06-16,regular,hazard,30,0.0055830603861879435,0,3.117056327582107e-05,0.005598703920862515
s22-115-48,u048,2025-06-16,regular,hazard,60,0.014463567799045673,0,0.0002091947934775909,0.01456918483223
s22-115-48,u048,2025-06-16,regular,hazard,120,0.05089630931208344,0,0.002590434301591272,0.052237223234647724
s22-115-48,u048,2025-06-16,regular,hazard_cal,30,0.007262418470870058,0,5.2742722046034586e-05,0.007288918211313139
s22-115-48,u048,2025-06-16,regular,hazard_cal,60,0.018626329238506267,0,0.00034694014090123345,0.018801983930059524
s22-115-48,u048,2025-06-16,regular,hazard_cal,120,0.06388748202752303,0,0.004081610359817079,0.06601959822031288
s22-115-13,u013,2025-06-16,regular,empirical,30,0.0011990407673860837,0,1.4376987618538084e-06,0.0011997601919040602
s22-115-13,u013,2025-06-16,regular,empirical,60,0.00659472422062346,0,4.349038754607771e-05,0.006616565492129114
s22-115-13,u013,2025-06-16,regular,empirical,120,0.017386091127098324,0,0.0003022761646797671,0.017539004174862385
s22-115-13,u013,2025-06-16,regular,hazard,30,0.0012889631563475223,0,1.6614260184213674e-06,0.0012897945838865044
s22-115-13,u013,2025-06-16,regular,hazard,60,0.0033520878297529366,0,1.1236492818377753e-05,0.0033577186630486433
s22-115-13,u013,2025-06-16,regular,hazard,120,0.011987229508202524,0,0.0001436936712823213,0.012059655718818773
s22-115-13,u013,2025-06-16,regular,hazard_cal,30,0.0017532445812263875,0,3.073866561599691e-06,0.0017547833132859668
s22-115-13,u013,2025-06-16,regular,hazard_cal,60,0.004518530581616553,0,2.0417118617004027e-05,0.0045287699973095
s22-115-13,u013,2025-06-16,regular,hazard_cal,120,0.015808406200255143,0,0.00024990570659226525,0.01593469173716702
s22-115-20,u020,2025-06-16,variable,empirical,30,0.0011990407673860837,0,1.4376987618538084e-06,0.0011997601919040602
s22-115-20,u020,2025-06-16,variable,empirical,60,0.00659472422062346,0,4.349038754607771e-05,0.006616565492129114
s22-115-20,u020,2025-06-16,variable,empirical,120,0.017386091127098324,0,0.0003022761646797671,0.017539004174862385
s22-115-20,u020,2025-06-16,variable,hazard,30,0.0009207462809467382,0,8.477737138772497e-07,0.0009211704281783207
s22-115-20,u020,2025-06-16,variable,hazard,60,0.0023952903978413653,0,5.737416089991046e-06,0.0023981636950575376
s22-115-20,u020,2025-06-16,variable,hazard,120,0.00857756921666708,0,7.357469366671471e-05,0.00861456829017185
s22-115-20,u020,2025-06-16,variable,hazard_cal,30,0.0012651263651717315,0,1.6005447198526372e-06,0.0012659273131365172
s22-115-20,u020,2025-06-16,variable,hazard_cal,60,0.003261935635211155,0,1.0640224088260402e-05,0.0032672673448749783
s22-115-20,u020,2025-06-16,variable,hazard_cal,120,0.011432286632464872,0,0.000130697177646835,0.011498137587024459
s22-115-42,u042,2025-06-16,variable,empirical,30,0.0011990407673860837,0,1.4376987618538084e-06,0.0011997601919040602
s22-115-42,u042,2025-06-16,variable,empirical,60,0.00659472422062346,0,4.349038754607771e-05,0.006616565492129114
s22-115-42,u042,2025-06-16,variable,empirical,120,0.017386091127098324,0,0.0003022761646797671,0.017539004174862385
s22-115-42,u042,2025-06-16,variable,hazard,30,0.000622016950260762,0,3.8690508641169923e-07,0.0006222104830619176
s22-115-42,u042,2025-06-16,variable,hazard,60,0.0016185893718070332,0,2.6198315545266866e-06,0.0016199007027795707
s22-115-42,u042,2025-06-16,variable,hazard,120,0.005802725087713512,0,3.3671618443579784e-05,0.0058196263107503305
s22-115-42,u042,2025-06-16,variable,hazard_cal,30,0.0008647744995117224,0,7.478349350057499e-07,0.0008651486326886635
s22-115-42,u042,2025-06-16,variable,hazard_cal,60,0.002230475853219449,0,4.97502253179503e-06,0.0022329670695733295
s22-115-42,u042,2025-06-16,variable,hazard_cal,120,0.00782861228285392,0,6.128717027525125e-05,0.007859416744105185
s22-115-49,u049,2025-06-16,regular,empirical,30,0.0011990407673860837,0,1.4376987618538084e-06,0.0011997601919040602
s22-115-49,u049,2025-06-16,regular,empirical,60,0.00659472422062346,0,4.349038754607771e-05,0.006616565492129114
s22-115-49,u049,2025-06-16,regular,empirical,120,0.017386091127098324,0,0.0003022761646797671,0.017539004174862385
s22-115-49,u049,2025-06-16,regular,hazard,30,0.0007073765530758447,0,5.003815878414633e-07,0.000707626861918464
s22-115-49,u049,2025-06-16,regular,hazard,60,0.00184056815588729,0,3.3876911364663393e-06,0.001842264082754343
s22-115-49,u049,2025-06-16,regular,hazard,120,0.006596406072026273,0,4.351257306706508e-05,0.0066182585099412005
s22-115-49,u049,2025-06-16,regular,hazard_cal,30,0.000979666698098569,0,9.597468393633529e-07,0.0009801468851593823
s22-115-49,u049,2025-06-16,regular,hazard_cal,60,0.002526556652960865,0,6.38348852062081e-06,0.0025297537835108383
s22-115-49,u049,2025-06-16,regular,hazard_cal,120,0.008864119097981571,0,7.857260738320161e-05,0.008903639115096324
s22-115-53,u053,2025-06-16,regular,empirical,30,0.0011990407673860837,0,1.4376987618538084e-06,0.0011997601919040602
s22-115-53,u053,2025-06-16,regular,empirical,60,0.00659472422062346,0,4.349038754607771e-05,0.006616565492129114
s22-115-53,u053,2025-06-16,regular,empirical,120,0.017386091127098324,0,0.0003022761646797671,0.017539004174862385
s22-115-53,u053,2025-06-16,regular,hazard,30,0.005395740591263798,0,2.91140165282118e-05,0.005410350176246825
s22-115-53,u053,2025-06-16,regular,hazard,60,0.013980642082999095,0,0.00019545835305292527,0.01407929179635907
s22-115-53,u053,2025-06-16,regular,hazard,120,0.04923134019760278,0,0.0024237248576520994,0.050484505963631576
s22-115-53,u053,2025-06-16,regular,hazard_cal,30,0.007026179143787115,0,4.936719336058903e-05,0.007050978974107049
s22-115-53,u053,2025-06-16,regular,hazard_cal,60,0.018024186793148322,0,0.0003248713095543024,0.018188601066586856
s22-115-53,u053,2025-06-16,regular,hazard_cal,120,0.061874409635836014,0,0.0038284425677832367,0.06387144729236857
s22-115-46,u046,2025-06-16,variable,empirical,30,0.0011990407673860837,0,1.4376987618538084e-06,0.0011997601919040602
s22-115-46,u046,2025-06-16,variable,empirical,60,0.00659472422062346,0,4.349038754607771e-05,0.006616565492129114
s22-115-46,u046,2025-06-16,variable,empirical,120,0.017386091127098324,0,0.0003022761646797671,0.017539004174862385
s22-115-46,u046,2025-06-16,variable,hazard,30,0.0009250318994976636,0,8.556840150882557e-07,0.0009254600055333954
s22-115-46,u046,2025-06-16,variable,hazard,60,0.002406430047657393,0,5.790905574268363e-06,0.0024093301539807386
s22-115-46,u046,2025-06-16,variable,hazard,120,0.008617321236415565,0,7.425822529157868e-05,0.008654665039532047
s22-115-46,u046,2025-06-16,variable,hazard_cal,30,0.0012708377314882835,0,1.6150285397742864e-06,0.0012716459305573155
s22-115-46,u046,2025-06-16,variable,hazard_cal,60,0.003276645036721648,0,1.0736402696672612e-05,0.00328202499342352
s22-115-46,u046,2025-06-16,variable,hazard_cal,120,0.011483602108957047,0,0.00013187311739684275,0.011550047848415445
s22-115-52,u052,2025-06-16,variable,empirical,30,0.0011990407673860837,0,1.4376987618538084e-06,0.0011997601919040602
s22-115-52,u052,2025-06-16,variable,empirical,60,0.00659472422062346,0,4.349038754607771e-05,0.006616565492129114
s22-115-52,u052,2025-06-16,variable,empirical,120,0.017386091127098324,0,0.0003022761646797671,0.017539004174862385
s22-115-52,u052,2025-06-16,variable,hazard,30,0.0003586251875955515,0,1.2861202517794452e-07,0.0003586895089867808
s22-115-52,u052,2025-06-16,variable,hazard,60,0.0009334214164190557,0,8.712755406297562e-07,0.0009338573254683757
s22-115-52,u052,2025-06-16,variable,hazard,120,0.0033496907327040804,0,1.1220428004763598e-05,0.003355313506586778
s22-115-52,u052,2025-06-16,variable,hazard_cal,30,0.0005068671967254357,0,2.569143551163015e-07,0.0005069956973266547
s22-115-52,u052,2025-06-16,variable,hazard_cal,60,0.001307753110954546,0,1.710218199211293e-06,0.0013086089663005192
s22-115-52,u052,2025-06-16,variable,hazard_cal,120,0.004595960149899492,0,2.112284969946416e-05,0.004606554046629773
s22-115-58,u058,2025-06-16,new,empirical,30,0.0011990407673860837,0,1.4376987618538084e-06,0.0011997601919040602
s22-115-58,u058,2025-06-16,new,empirical,60,0.00659472422062346,0,4.349038754607771e-05,0.006616565492129114
s22-115-58,u058,2025-06-16,new,empirical,120,0.017386091127098324,0,0.0003022761646797671,0.017539004174862385
s22-115-58,u058,2025-06-16,new,hazard,30,0.0026695347058783847,0,7.126415545889194e-06,0.002673104267779497
s22-115-58,u058,2025-06-16,new,hazard,60,0.006933828027263167,0,4.8077971111660223e-05,0.006957978715377149
s22-115-58,u058,2025-06-16,new,hazard,120,0.024667281548762077,0,0.000608474779005898,0.02497661650314626
s22-115-58,u058,2025-06-16,new,hazard_cal,30,0.003552012302215579,0,1.2616791395090818e-05,0.0035583356761551507
s22-115-58,u058,2025-06-16,new,hazard_cal,60,0.009139887432228044,0,8.353754227380016e-05,0.00918191246876061
s22-115-58,u058,2025-06-16,new,hazard_cal,120,0.031769643613343224,0,0.0010093102553188399,0.032285248542460884
s22-115-27,u027,2025-06-16,regular,empirical,30,0.0011990407673860837,0,1.4376987618538084e-06,0.0011997601919040602
s22-115-27,u027,2025-06-16,regular,empirical,60,0.00659472422062346,0,4.349038754607771e-05,0.006616565492129114
s22-115-27,u027,2025-06-16,regular,empirical,120,0.017386091127098324,0,0.0003022761646797671,0.017539004174862385
s22-115-27,u027,2025-06-16,regular,hazard,30,0.0017202218838338057,0,2.959163329620727e-06,0.0017217031644966342
s22-115-27,u027,2025-06-16,regular,hazard,60,0.00447189393874492,0,1.9997835399383552e-05,0.004481922766181616
s22-115-27,u027,2025-06-16,regular,hazard,120,0.015965764953174144,0,0.0002549056505400038,0.01609459082084736
s22-115-27,u027,2025-06-16,regular,hazard_cal,30,0.0023195662824321284,0,5.380387738596004e-06,0.002322260643607353
s22-115-27,u027,2025-06-16,regular,hazard_cal,60,0.005975094949366988,0,3.570175965395089e-05,0.005993017256513284
s22-115-27,u027,2025-06-16,regular,hazard_cal,120,0.020861566179599667,0,0.0004352049434658166,0.02108224315865006
s22-116-5,u005,2025-06-17,regular,empirical,30,0.0011990407673860837,0,1.4376987618538084e-06,0.0011997601919040602
s22-116-5,u005,2025-06-17,regular,empirical,60,0.00659472422062346,0,4.349038754607771e-05,0.006616565492129114
s22-116-5,u005,2025-06-17,regular,empirical,120,0.017386091127098324,0,0.0003022761646797671,0.017539004174862385
s22-116-5,u005,2025-06-17,regular,hazard,30,0.0007284088879829786,0,5.305795080925995e-07,0.0007286743066337211
s22-116-5,u005,2025-06-17,regular,hazard,60,0.0018952578065579706,0,3.59200215331893e-06,0.0018970560801218558
s22-116-5,u005,2025-06-17,regular,hazard,120,0.006791869343107493,0,4.6129489173843405e-05,0.006815039057738281
s22-116-5,u005,2025-06-17,regular,hazard_cal,30,0.0010079095871943222,0,1.0158817359582291e-06,0.0010084178696261605
s22-116-5,u005,2025-06-17,regular,hazard_cal,60,0.0025993302827759246,0,6.756517918955968e-06,0.0026027144073123643
s22-116-5,u005,2025-06-17,regular,hazard_cal,120,0.009118503951024426,0,8.314711430484807e-05,0.009160331975005551
s22-116-4,u004,2025-06-17,regular,empirical,30,0.0011990407673860837,0,1.4376987618538084e-06,0.0011997601919040602
s22-116-4,u004,2025-06-17,regular,empirical,60,0.00659472422062346,0,4.349038754607771e-05,0.006616565492129114
s22-116-4,u004,2025-06-17,regular,empirical,120,0.017386091127098324,0,0.0003022761646797671,0.017539004174862385
s22-116-4,u004,2025-06-17,regular,hazard,30,0.008405362203903421,0,7.065011377880819e-05,0.008440886463701327
s22-116-4,u004,2025-06-17,regular,hazard,60,0.021720024206838495,0,0.0004717594515456502,0.02195937609871173
s22-116-4,u004,2025-06-17,regular,hazard,120,0.07563284722864627,0,0.005720327579911746,0.07864593477949867
s22-116-4,u004,2025-06-17,regular,hazard_cal,30,0.010794755005311574,0,0.00011652673562469927,0.010853441089846276
s22-116-4,u004,2025-06-17,regular,hazard_cal,60,0.027599799793591284,0,0.0007617489486463215,0.027987830651246395
s22-116-4,u004,2025-06-17,regular,hazard_cal,120,0.09348236228035,0,0.008738952057514605,0.09814479203261006
s22-116-40,u040,2025-06-17,regular,empirical,30,0.0011990407673860837,0,1.4376987618538084e-06,0.0011997601919040602
s22-116-40,u040,2025-06-17,regular,empirical,60,0.00659472422062346,0,4.349038754607771e-05,0.006616565492129114
s22-116-40,u040,2025-06-17,regular,empirical,120,0.017386091127098324,0,0.0003022761646797671,0.017539004174862385
s22-116-40,u040,2025-06-17,regular,hazard,30,0.0009126018876599584,0,8.328422053605193e-07,0.0009130185622872948
s22-116-40,u040,2025-06-17,regular,hazard,60,0.0023741203615402773,0,5.636447491080137e-06,0.0023769430537782356
s22-116-40,u040,2025-06-17,regular,hazard,120,0.00850202005546652,0,7.228434502355492e-05,0.008538368397500025
s22-116-40,u040,2025-06-17,regular,hazard_cal,30,0.001254270259993473,0,1.5731938851040942e-06,0.001255057515292149
s22-116-40,u040,2025-06-17,regular,hazard_cal,60,0.003233975750786988,0,1.0458599156678263e-05,0.003239216352067194
s22-116-40,u040,2025-06-17,regular,hazard_cal,120,0.011334739427088847,0,0.0001284763178800024,0.011399467165540677
s22-116-16,u016,2025-06-17,variable,empirical,30,0.0011990407673860837,0,1.4376987618538084e-06,0.0011997601919040602
s22-116-16,u016,2025-06-17,variable,empirical,60,0.00659472422062346,0,4.349038754607771e-05,0.006616565492129114
s22-116-16,u016,2025-06-17,variable,empirical,120,0.017386091127098324,0,0.0003022761646797671,0.017539004174862385
s22-116-16,u016,2025-06-17,variable,hazard,30,0.001867895215440063,0,3.4890325358638795e-06,0.00186964190713828
s22-116-16,u016,2025-06-17,variable,hazard,60,0.004855143327938238,0,2.357241673482319e-05,0.0048669678249160546
s22-116-16,u016,2025-06-17,variable,hazard,120,0.017324430483398046,0,0.00030013589157409145,0.01747625449406621
s22-116-16,u016,2025-06-17,variable,hazard_cal,30,0.0025124291958580347,0,6.312300464199851e-06,0.0025155906424741423
s22-116-16,u016,2025-06-17,variable,hazard_cal,60,0.0064708011610841165,0,4.187126766628755e-05,0.0064918275490483965
s22-116-16,u016,2025-06-17,variable,hazard_cal,120,0.022576557295766242,0,0.0005097009393290159,0.022835309673906998
s22-116-6,u006,2025-06-17,variable,empirical,30,0.0011990407673860837,0,1.4376987618538084e-06,0.0011997601919040602
s22-116-6,u006,2025-06-17,variable,empirical,60,0.00659472422062346,0,4.349038754607771e-05,0.006616565492129114
s22-116-6,u006,2025-06-17,variable,empirical,120,0.017386091127098324,0,0.0003022761646797671,0.017539004174862385
s22-116-6,u006,2025-06-17,variable,hazard,30,0.000999199822360075,0,9.984002850044055e-07,0.0009996993552857732
s22-116-6,u006,2025-06-17,variable,hazard,60,0.0025992018877263323,0,6.75585045316013e-06,0.0026025856776601525
s22-116-6,u006,2025-06-17,variable,hazard,120,0.009305026918128845,0,8.658352594710239e-05,0.009348589123352803
s22-116-6,u006,2025-06-17,variable,hazard_cal,30,0.001369556304540942,0,1.8756844713078414e-06,0.0013704950039422732
s22-116-6,u006,2025-06-17,variable,hazard_cal,60,0.0035308674722059896,0,1.2467025106282316e-05,0.0035371156968636995
s22-116-6,u006,2025-06-17,variable,hazard_cal,120,0.012370151138900387,0,0.00015302063919923854,0.012447298333674205
s22-116-19,u019,2025-06-17,regular,empirical,30,0.0011990407673860837,0,1.4376987618538084e-06,0.0011997601919040602
s22-116-19,u019,2025-06-17,regular,empirical,60,0.00659472422062346,0,4.349038754607771e-05,0.006616565492129114
s22-116-19,u019,2025-06-17,regular,empirical,120,0.017386091127098324,0,0.0003022761646797671,0.017539004174862385
s22-116-19,u019,2025-06-17,regular,hazard,30,0.002632787499841749,0,6.9315700193229665e-06,0.002636259380005398
s22-116-19,u019,2025-06-17,regular,hazard,60,0.0068386063798642205,0,4.6766537218719616e-05,0.0068620968042392635
s22-116-19,u019,2025-06-17,regular,hazard,120,0.024331885982244117,0,0.0005920406754529278,0.02463279751112924
s22-116-19,u019,2025-06-17,regular,hazard_cal,30,0.003504594362114366,0,1.22821816429638e-05,0.0035107498387764026
s22-116-19,u019,2025-06-17,regular,hazard_cal,60,0.009018250430566366,0,8.132884082841044e-05,0.009059160997880648
s22-116-19,u019,2025-06-17,regular,hazard_cal,120,0.03135219680888979,0,0.000982960244743359,0.031854197359553145
s22-116-46,u046,2025-06-17,variable,empirical,30,0.0011990407673860837,0,1.4376987618538084e-06,0.0011997601919040602
s22-116-46,u046,2025-06-17,variable,empirical,60,0.00659472422062346,0,4.349038754607771e-05,0.006616565492129114
s22-116-46,u046,2025-06-17,variable,empirical,120,0.017386091127098324,0,0.0003022761646797671,0.017539004174862385
s22-116-46,u046,2025-06-17,variable,hazard,30,0.0006357350908575699,0,4.0415910574768257e-07,0.0006359372560973426
s22-116-46,u046,2025-06-17,variable,hazard,60,0.0016542658702807245,0,2.736595569575643e-06,0.001655635678959116
s22-116-46,u046,2025-06-17,variable,hazard,120,0.005930320251484988,0,3.5168698285172977e-05,0.005947974431859051
s22-116-46,u046,2025-06-17,variable,hazard_cal,30,0.0008832692783956597,0,7.801646181575895e-07,0.0008836595905554901
s22-116-46,u046,2025-06-17,variable,hazard_cal,60,0.002278141527898403,0,5.18992882113527e-06,0.002280740440185898
s22-116-46,u046,2025-06-17,variable,hazard_cal,120,0.007995375515275294,0,6.392602963026367e-05,0.00802750992917396
s22-116-41,u041,2025-06-17,variable,empirical,30,0.0011990407673860837,0,1.4376987618538084e-06,0.0011997601919040602
s22-116-41,u041,2025-06-17,variable,empirical,60,0.00659472422062346,0,4.349038754607771e-05,0.006616565492129114
s22-116-41,u041,2025-06-17,variable,empirical,120,0.017386091127098324,0,0.0003022761646797671,0.017539004174862385
s22-116-41,u041,2025-06-17,variable,hazard,30,0.0017625777681034016,0,3.1066803886123687e-06,0.0017641329359692427
s22-116-41,u041,2025-06-17,variable,hazard,60,0.00458182848329447,0,2.0993152250328505e-05,0.004592357232344125
s22-116-41,u041,2025-06-17,variable,hazard,120,0.016355651164018936,0,0.000267507324999074,0.016490881372709695
s22-116-41,u041,2025-06-17,variable,hazard_cal,30,0.002374933564206816,0,5.64030943439609e-06,0.00237775819201249
s22-116-41,u041,2025-06-17,variable,hazard_cal,60,0.006117420055614553,0,3.7422828136835164e-05,0.006136208131908679
s22-116-41,u041,2025-06-17,variable,hazard_cal,120,0.021354212761524716,0,0.00045600240266446503,0.021585512709016274
s22-116-42,u042,2025-06-17,variable,empirical,30,0.0011990407673860837,0,1.4376987618538084e-06,0.0011997601919040602
s22-116-42,u042,2025-06-17,variable,empirical,60,0.00659472422062346,0,4.349038754607771e-05,0.006616565492129114
s22-116-42,u042,2025-06-17,variable,empirical,120,0.017386091127098324,0,0.0003022761646797671,0.017539004174862385
s22-116-42,u042,2025-06-17,variable,hazard,30,0.000964433255272179,0,9.301315038748921e-07,0.0009648986202571544
s22-116-42,u042,2025-06-17,variable,hazard,60,0.002508842361887087,0,6.294289996799177e-06,0.0025119947806037228
s22-116-42,u042,2025-06-17,variable,hazard,120,0.008982720951307921,0,8.068927568906627e-05,0.009023308831709787
s22-116-42,u042,2025-06-17,variable,hazard_cal,30,0.0013233101687286641,0,1.7511498026606856e-06,0.001324186516835552
s22-116-42,u042,2025-06-17,variable,hazard_cal,60,0.003411778823839029,0,1.1640234742796428e-05,0.003417612213145713
s22-116-42,u042,2025-06-17,variable,hazard_cal,120,0.011954932741567226,0,0.00014292041685539606,0.012026967640543751
s22-116-52,u052,2025-06-17,variable,empirical,30,0.0011990407673860837,0,1.4376987618538084e-06,0.0011997601919040602
s22-116-52,u052,2025-06-17,variable,empirical,60,0.00659472422062346,0,4.349038754607771e-05,0.006616565492129114
s22-116-52,u052,2025-06-17,variable,empirical,120,0.017386091127098324,0,0.0003022761646797671,0.017539004174862385
s22-116-52,u052,2025-06-17,variable,hazard,30,0.0004727714711825204,0,2.235128639640847e-07,0.0004728832628504985
s22-116-52,u052,2025-06-17,variable,hazard,60,0.001230392884331688,0,1.5138666498140506e-06,0.0012311504391136923
s22-116-52,u052,2025-06-17,variable,hazard,120,0.004413505494779479,0,1.9479030752448657e-05,0.004423273762286445
s22-116-52,u052,2025-06-17,variable,hazard_cal,30,0.0006627007942676677,0,4.3917234272299763e-07,0.0006629204775005596
s22-116-52,u052,2025-06-17,variable,hazard_cal,60,0.0017095800876977263,0,2.9226640762525654e-06,0.0017110430873837046
s22-116-52,u052,2025-06-17,variable,hazard_cal,120,0.006004746251200288,0,3.6056977541303914e-05,0.006022847237566802
s22-116-47,u047,2025-06-17,variable,empirical,30,0.0011990407673860837,0,1.4376987618538084e-06,0.0011997601919040602
s22-116-47,u047,2025-06-17,variable,empirical,60,0.00659472422062346,0,4.349038754607771e-05,0.006616565492129114
s22-116-47,u047,2025-06-17,variable,empirical,120,0.017386091127098324,0,0.0003022761646797671,0.017539004174862385
s22-116-47,u047,2025-06-17,variable,hazard,30,0.0008653740022314116,0,7.488721637380112e-07,0.0008657486544717473
s22-116-47,u047,2025-06-17,variable,hazard,60,0.002251352998534517,0,5.068590324010361e-06,0.0022538911038594385
s22-116-47,u047,2025-06-17,variable,hazard,120,0.008063810566656726,0,6.502504085492468e-05,0.008096498934217334
s22-116-47,u047,2025-06-17,variable,hazard_cal,30,0.0011912590050635607,0,1.4190980171450247e-06,0.001191969118080504
s22-116-47,u047,2025-06-17,variable,hazard_cal,60,0.003071679779946268,0,9.435216670530754e-06,0.0030764070712469478
s22-116-47,u047,2025-06-17,variable,hazard_cal,120,0.010768365100795152,0,0.00011595768694402299,0.010826763559937511
s22-116-51,u051,2025-06-17,variable,empirical,30,0.0011990407673860837,0,1.4376987618538084e-06,0.0011997601919040602
s22-116-51,u051,2025-06-17,variable,empirical,60,0.00659472422062346,0,4.349038754607771e-05,0.006616565492129114
s22-116-51,u051,2025-06-17,variable,empirical,120,0.017386091127098324,0,0.0003022761646797671,0.017539004174862385
s22-116-51,u051,2025-06-17,variable,hazard,30,0.0016402992200604816,0,2.690581531331024e-06,0.0016416459837579282
s22-116-51,u051,2025-06-17,variable,hazard,60,0.004264432198775148,0,1.818538197795024e-05,0.0042735508228337
s22-116-51,u051,2025-06-17,variable,hazard,120,0.015229655889066107,0,0.00023194241849936595,0.015346818181347095
s22-116-51,u051,2025-06-17,variable,hazard_cal,30,0.0022149774456128313,0,4.906125084573543e-06,0.002217434136502119
s22-116-51,u051,2025-06-17,variable,hazard_cal,60,0.005706204778713753,0,3.2560772976615664e-05,0.00572254736428156
s22-116-51,u051,2025-06-17,variable,hazard_cal,120,0.019930285140619675,0,0.0003972162657864054,0.02013157223606677
s22-116-1,u001,2025-06-17,regular,empirical,30,0.0011990407673860837,0,1.4376987618538084e-06,0.0011997601919040602
s22-116-1,u001,2025-06-17,regular,empirical,60,0.00659472422062346,0,4.349038754607771e-05,0.006616565492129114
s22-116-1,u001,2025-06-17,regular,empirical,120,0.017386091127098324,0,0.0003022761646797671,0.017539004174862385
s22-116-1,u001,2025-06-17,regular,hazard,30,0.008912139988923928,0,7.9426239182177e-05,0.008952090649562996
s22-116-1,u001,2025-06-17,regular,hazard,60,0.023019105936741835,0,0.0005298792381269432,0.02328818284883172
s22-116-1,u001,2025-06-17,regular,hazard,120,0.08000600978701344,0,0.006400961602039691,0.08338814133757565
s22-116-1,u001,2025-06-17,regular,hazard_cal,30,0.011424456965222096,0,0.00013051821695021166,0.011490217404996714
s22-116-1,u001,2025-06-17,regular,hazard_cal,60,0.029193587607261096,0,0.0008522655573828286,0.029628199884984087
s22-116-1,u001,2025-06-17,regular,hazard_cal,120,0.09866001665104507,0,0.00973379888558449,0.10387275253869763
s22-116-29,u029,2025-06-17,regular,empirical,30,0.0011990407673860837,0,1.4376987618538084e-06,0.0011997601919040602
s22-116-29,u029,2025-06-17,regular,empirical,60,0.00659472422062346,0,4.349038754607771e-05,0.006616565492129114
s22-116-29,u029,2025-06-17,regular,empirical,120,0.017386091127098324,0,0.0003022761646797671,0.017539004174862385
s22-116-29,u029,2025-06-17,regular,hazard,30,0.001006277179205095,0,1.012593761388963e-06,0.0010067838159923306
s22-116-29,u029,2025-06-17,regular,hazard,60,0.0026175954959891667,0,6.851806180622772e-06,0.002621027389259921
s22-116-29,u029,2025-06-17,regular,hazard,120,0.009370625238306896,0,8.780861735679417e-05,0.009414805763019514
s22-116-29,u029,2025-06-17,regular,hazard_cal,30,0.0013789645090064306,0,1.9015431170993463e-06,0.0013799161555234356
s22-116-29,u029,2025-06-17,regular,hazard_cal,60,0.003555093396443887,0,1.2638689057438932e-05,0.0035614277582606373
s22-116-29,u029,2025-06-17,regular,hazard_cal,120,0.01245460099447715,0,0.0001551170859316312,0.012532809587138358
s22-116-3,u003,2025-06-17,regular,empirical,30,0.0011990407673860837,0,1.4376987618538084e-06,0.0011997601919040602
s22-116-3,u003,2025-06-17,regular,empirical,60,0.00659472422062346,0,4.349038754607771e-05,0.006616565492129114
s22-116-3,u003,2025-06-17,regular,empirical,120,0.017386091127098324,0,0.0003022761646797671,0.017539004174862385
s22-116-3,u003,2025-06-17,regular,hazard,30,0.002152415744758329,0,4.632893538283553e-06,0.0021547355208736516
s22-116-3,u003,2025-06-17,regular,hazard,60,0.005593259320404997,0,3.128454982529737e-05,0.005608960168631687
s22-116-3,u003,2025-06-17,regular,hazard,120,0.01993687676744149,0,0.0003974790552401483,0.020138297930054182
s22-116-3,u003,2025-06-17,regular,hazard_cal,30,0.0028827278686262003,0,8.310119964554156e-06,0.002886890931184383
s22-116-3,u003,2025-06-17,regular,hazard_cal,60,0.0074220891532754685,0,5.508740739916936e-05,0.0074497699080463345
s22-116-3,u003,2025-06-17,regular,hazard_cal,120,0.025861009937482637,0,0.0006687918349865757,0.026201285250791885
s22-116-49,u049,2025-06-17,regular,empirical,30,0.0011990407673860837,0,1.4376987618538084e-06,0.0011997601919040602
s22-116-49,u049,2025-06-17,regular,empirical,60,0.00659472422062346,0,4.349038754607771e-05,0.006616565492129114
s22-116-49,u049,2025-06-17,regular,empirical,120,0.017386091127098324,0,0.0003022761646797671,0.017539004174862385
s22-116-49,u049,2025-06-17,regular,hazard,30,0.0009292850923233731,0,8.635707828144601e-07,0.0009297171454025092
s22-116-49,u049,2025-06-17,regular,hazard,60,0.002417485328333746,0,5.84423531270892e-06,0.0024204121639964608
s22-116-49,u049,2025-06-17,regular,hazard,120,0.008656770911597778,0,7.493968261588542e-05,0.008694458411910135
s22-116-49,u049,2025-06-17,regular,hazard_cal,30,0.0012765050932399546,0,1.6294652530675452e-06,0.001277320519871188
s22-116-49,u049,2025-06-17,regular,hazard_cal,60,0.0032912409597797287,0,1.083226705533179e-05,0.0032966690065863538
s22-116-49,u049,2025-06-17,regular,hazard_cal,120,0.011534519601106852,0,0.00013304514242831817,0.01160155817607217
s22-116-2,u002,2025-06-17,regular,empirical,30,0.0011990407673860837,0,1.4376987618538084e-06,0.0011997601919040602
s22-116-2,u002,2025-06-17,regular,empirical,60,0.00659472422062346,0,4.349038754607771e-05,0.006616565492129114
s22-116-2,u002,2025-06-17,regular,empirical,120,0.017386091127098324,0,0.0003022761646797671,0.017539004174862385
s22-116-2,u002,2025-06-17,regular,hazard,30,0.002523244288592741,0,6.3667617399158865e-06,0.0025264330345821776
s22-116-2,u002,2025-06-17,regular,hazard,60,0.006554713919452615,0,4.296427456586586e-05,0.006576290393493816
s22-116-2,u002,2025-06-17,regular,hazard,120,0.023331390301031485,0,0.000544353773379066,0.023607876188243924
s22-116-2,u002,2025-06-17,regular,hazard_cal,30,0.0033631188956837477,0,1.1310568706505071e-05,0.0033687868917013104
s22-116-2,u002,2025-06-17,regular,hazard_cal,60,0.008655275544662722,0,7.491379475403657e-05,0.008692949988022874
s22-116-2,u002,2025-06-17,regular,hazard_cal,120,0.030105647837992633,0,0.0009063500317452305,0.030568128713309824
s22-116-31,u031,2025-06-17,variable,empirical,30,0.0011990407673860837,0,1.4376987618538084e-06,0.0011997601919040602
s22-116-31,u031,2025-06-17,variable,empirical,60,0.00659472422062346,0,4.349038754607771e-05,0.006616565492129114
s22-116-31,u031,2025-06-17,variable,empirical,120,0.017386091127098324,0,0.0003022761646797671,0.017539004174862385
s22-116-31,u031,2025-06-17,variable,hazard,30,0.0012033760281785488,0,1.4481138651947796e-06,0.0012041006665110803
s22-116-31,u031,2025-06-17,variable,hazard,60,0.0031297493190366454,0,9.795330800010346e-06,0.0031346572274606266
s22-116-31,u031,2025-06-17,variable,hazard,120,0.011195745426657466,0,0.00012534471565852156,0.011258889523664866
s22-116-31,u031,2025-06-17,variable,hazard_cal,30,0.00164021743571785,0,2.6903132364328394e-06,0.0016415640650474497
s22-116-31,u031,2025-06-17,variable,hazard_cal,60,0.004227653561782341,0,1.7873054638450912e-05,0.004236615356261844
s22-116-31,u031,2025-06-17,variable,hazard_cal,120,0.014796798349281048,0,0.00021894524138928637,0.01490736299406045
s22-116-8,u008,2025-06-17,variable,empirical,30,0.0011990407673860837,0,1.4376987618538084e-06,0.0011997601919040602
s22-116-8,u008,2025-06-17,variable,empirical,60,0.00659472422062346,0,4.349038754607771e-05,0.006616565492129114
s22-116-8,u008,2025-06-17,variable,empirical,120,0.017386091127098324,0,0.0003022761646797671,0.017539004174862385
s22-116-8,u008,2025-06-17,variable,hazard,30,0.0003868717137411881,0,1.496697228930438e-07,0.0003869465679092307
s22-116-8,u008,2025-06-17,variable,hazard,60,0.0010069153395201313,0,1.0138785009609414e-06,0.0010074226193244114
s22-116-8,u008,2025-06-17,variable,hazard,120,0.003613046960168509,0,1.3054108336382902e-05,0.0036195897787647956
s22-116-8,u008,2025-06-17,variable,hazard_cal,30,0.0005455525029655073,0,2.9762753349192984e-07,0.0005457013708782237
s22-116-8,u008,2025-06-17,variable,hazard_cal,60,0.0014075159640034585,0,1.981101188924585e-06,0.0014085074450574007
s22-116-8,u008,2025-06-17,variable,hazard_cal,120,0.0049458725808623205,0,2.4461655586125712e-05,0.004958143886920092
s22-116-0,u000,2025-06-17,variable,empirical,30,0.0011990407673860837,0,1.4376987618538084e-06,0.0011997601919040602
s22-116-0,u000,2025-06-17,variable,empirical,60,0.00659472422062346,0,4.349038754607771e-05,0.006616565492129114
s22-116-0,u000,2025-06-17,variable,empirical,120,0.017386091127098324,0,0.0003022761646797671,0.017539004174862385
s22-116-0,u000,2025-06-17,variable,hazard,30,0.004635148824885249,0,2.1484604628835104e-05,0.0046459244378062575
s22-116-0,u000,2025-06-17,variable,hazard,60,0.01201810258151581,0,0.00014443478965983698,0.012090903853054325
s22-116-0,u000,2025-06-17,variable,hazard,120,0.04244092026867685,0,0.0018012317132521855,0.04336785776156338
s22-116-0,u000,2025-06-17,variable,hazard_cal,30,0.006064152860111083,0,3.6773949910793425e-05,0.006082614509080308
s22-116-0,u000,2025-06-17,variable,hazard_cal,60,0.01556950946296709,0,0.00024240962491742178,0.01569198721773537
s22-116-0,u000,2025-06-17,variable,hazard_cal,120,0.05363227647294744,0,0.002876421079670671,0.05512407137221404
s22-116-12,u012,2025-06-17,variable,empirical,30,0.0011990407673860837,0,1.4376987618538084e-06,0.0011997601919040602
s22-116-12,u012,2025-06-17,variable,empirical,60,0.00659472422062346,0,4.349038754607771e-05,0.006616565492129114
s22-116-12,u012,2025-06-17,variable,empirical,120,0.017386091127098324,0,0.0003022761646797671,0.017539004174862385
s22-116-12,u012,2025-06-17,variable,hazard,30,0.0008926170106149378,0,7.96765127639148e-07,0.0008930156304062816
s22-116-12,u012,2025-06-17,variable,hazard,60,0.0023221715879488958,0,5.3924808838770965e-06,0.0023248720097627106
s22-116-12,u012,2025-06-17,variable,hazard,120,0.0083166116275456,0,6.916602896342668e-05,0.008351387588358551
s22-116-12,u012,2025-06-17,variable,hazard_cal,30,0.0012276188546876954,0,1.5070480523847289e-06,0.001228372995975779
s22-116-12,u012,2025-06-17,variable,hazard_cal,60,0.0031653328223612,0,1.001933187631712e-05,0.003170353084966513
s22-116-12,u012,2025-06-17,variable,hazard_cal,120,0.011095223529260068,0,0.00012310398516424622,0.011157234633176862
s22-116-15,u015,2025-06-17,variable,empirical,30,0.0011990407673860837,0,1.4376987618538084e-06,0.0011997601919040602
s22-116-15,u015,2025-06-17,variable,empirical,60,0.00659472422062346,0,4.349038754607771e-05,0.006616565492129114
s22-116-15,u015,2025-06-17,variable,empirical,120,0.017386091127098324,0,0.0003022761646797671,0.017539004174862385
s22-116-15,u015,2025-06-17,variable,hazard,30,0.0005470789494722572,0,2.9929537695566857e-07,0.0005472286517625394
s22-116-15,u015,2025-06-17,variable,hazard,60,0.0014236840976888931,0,2.0268764100122377e-06,0.0014246984987993652
s22-116-15,u015,2025-06-17,variable,hazard,120,0.005105422957413008,0,2.606534357407979e-05,0.005118500157948432
s22-116-15,u015,2025-06-17,variable,hazard_cal,30,0.0007635185795831223,0,5.829606213686287e-07,0.0007638102083459079
s22-116-15,u015,2025-06-17,variable,hazard_cal,60,0.0019694864593039485,0,3.878876913381603e-06,0.0019714284479931832
s22-116-15,u015,2025-06-17,variable,hazard_cal,120,0.006915117461403941,0,4.781884950501369e-05,0.0069391376853182515
s22-116-54,u054,2025-06-17,new,empirical,30,0.0011990407673860837,0,1.4376987618538084e-06,0.0011997601919040602
s22-116-54,u054,2025-06-17,new,empirical,60,0.00659472422062346,0,4.349038754607771e-05,0.006616565492129114
s22-116-54,u054,2025-06-17,new,empirical,120,0.017386091127098324,0,0.0003022761646797671,0.017539004174862385
s22-116-54,u054,2025-06-17,new,hazard,30,0.0018267076948818017,0,3.336861002540386e-06,0.0018283781599940298
s22-116-54,u054,2025-06-17,new,hazard,60,0.0047482615772127534,0,2.2545988005634945e-05,0.004759570383530134
s22-116-54,u054,2025-06-17,new,hazard,120,0.016945674011832557,0,0.0002871558677152973,0.017090894860355796
s22-116-54,u054,2025-06-17,new,hazard_cal,30,0.0024586864913893614,0,6.045139262940528e-06,0.00246171402454218
s22-116-54,u054,2025-06-17,new,hazard_cal,60,0.0063326858416175025,0,4.0102909968622775e-05,0.006352822353753757
s22-116-54,u054,2025-06-17,new,hazard_cal,120,0.022098961747901158,0,0.0004883641103351986,0.022346801948448285
s22-116-18,u018,2025-06-17,variable,empirical,30,0.0011990407673860837,0,1.4376987618538084e-06,0.0011997601919040602
s22-116-18,u018,2025-06-17,variable,empirical,60,0.00659472422062346,0,4.349038754607771e-05,0.006616565492129114
s22-116-18,u018,2025-06-17,variable,empirical,120,0.017386091127098324,0,0.0003022761646797671,0.017539004174862385
s22-116-18,u018,2025-06-17,variable,hazard,30,0.0006692777245879133,0,4.479326726295748e-07,0.0006695017909048692
s22-116-18,u018,2025-06-17,variable,hazard,60,0.001741495842502383,0,3.032807769453085e-06,0.0017430140092305057
s22-116-18,u018,2025-06-17,variable,hazard,120,0.006242238092738939,0,3.8965536406441065e-05,0.006261802319811084
s22-116-18,u018,2025-06-17,variable,hazard_cal,30,0.0009284413266815728,0,8.620032970902389e-07,0.00092887259528918
s22-116-18,u018,2025-06-17,variable,hazard_cal,60,0.002394554671281024,0,5.733892073753773e-06,0.002397426202259074
s22-116-18,u018,2025-06-17,variable,hazard_cal,120,0.008402564741967433,0,7.060309424295424e-05,0.00843806529274769
s22-116-37,u037,2025-06-17,regular,empirical,30,0.0011990407673860837,0,1.4376987618538084e-06,0.0011997601919040602
s22-116-37,u037,2025-06-17,regular,empirical,60,0.00659472422062346,0,4.349038754607771e-05,0.006616565492129114
s22-116-37,u037,2025-06-17,regular,empirical,120,0.017386091127098324,0,0.0003022761646797671,0.017539004174862385
s22-116-37,u037,2025-06-17,regular,hazard,30,0.001177935406912467,0,1.3875318228580392e-06,0.001178629718113282
s22-116-37,u037,2025-06-17,regular,hazard,60,0.0030636530125696115,0,9.385969781426857e-06,0.0030683556046567488
s22-116-37,u037,2025-06-17,regular,hazard,120,0.010960356126830884,0,0.00012012940642695928,0.0110208633567638
s22-116-37,u037,2025-06-17,regular,hazard_cal,30,0.0016065739475519258,0,2.5810798489525782e-06,0.0016078658713759195
s22-116-37,u037,2025-06-17,regular,hazard_cal,60,0.004141060352505832,0,1.7148380843095727e-05,0.0041496582875151875
s22-116-37,u037,2025-06-17,regular,hazard_cal,120,0.01449548553848723,0,0.0002101191009964924,0.01460157151551874
s22-117-13,u013,2025-06-18,regular,empirical,30,0.0011990407673860837,0,1.4376987618538084e-06,0.0011997601919040602
s22-117-13,u013,2025-06-18,regular,empirical,60,0.00659472422062346,0,4.349038754607771e-05,0.006616565492129114
s22-117-13,u013,2025-06-18,regular,empirical,120,0.017386091127098324,0,0.0003022761646797671,0.017539004174862385
s22-117-13,u013,2025-06-18,regular,hazard,30,0.0013697439034927594,0,1.8761983611555818e-06,0.0013706828601914218
s22-117-13,u013,2025-06-18,regular,hazard,60,0.003561909001342456,0,1.2687195733844411e-05,0.003568267703111184
s22-117-13,u013,2025-06-18,regular,hazard,120,0.012733685186408605,0,0.00016214673842656195,0.012815453438029516
s22-117-13,u013,2025-06-18,regular,hazard_cal,30,0.0018597147630347033,0,3.4585389998492227e-06,0.0018614461794948024
s22-117-13,u013,2025-06-18,regular,hazard_cal,60,0.004792480129629184,0,2.2967865792890562e-05,0.004804000885927478
s22-117-13,u013,2025-06-18,regular,hazard_cal,120,0.016760385881404383,0,0.00028091053489357935,0.01690243053445084
s22-117-21,u021,2025-06-18,regular,empirical,30,0.0011990407673860837,0,1.4376987618538084e-06,0.0011997601919040602
s22-117-21,u021,2025-06-18,regular,empirical,60,0.00659472422062346,0,4.349038754607771e-05,0.006616565492129114
s22-117-21,u021,2025-06-18,regular,empirical,120,0.017386091127098324,0,0.0003022761646797671,0.017539004174862385
s22-117-21,u021,2025-06-18,regular,hazard,30,0.0028670767393402796,0,8.22012902926609e-06,0.0028711946766999596
s22-117-21,u021,2025-06-18,regular,hazard,60,0.007445603604348872,0,5.5437013033092907e-05,0.007473460471127409
s22-117-21,u021,2025-06-18,regular,hazard,120,0.026468296611786624,0,0.0007005707255295152,0.02682488830240244
s22-117-21,u021,2025-06-18,regular,hazard_cal,30,0.003806577005433187,0,1.449002849829269e-05,0.0038138404581360167
s22-117-21,u021,2025-06-18,regular,hazard_cal,60,0.00979272543115306,0,9.589747136995188e-05,0.00984098951661449
s22-117-21,u021,2025-06-18,regular,hazard_cal,120,0.034007672404528955,0,0.0011565217823737602,0.034599387248913004
s22-117-5,u005,2025-06-18,regular,empirical,30,0.0011990407673860837,0,1.4376987618538084e-06,0.0011997601919040602
s22-117-5,u005,2025-06-18,regular,empirical,60,0.00659472422062346,0,4.349038754607771e-05,0.006616565492129114
s22-117-5,u005,2025-06-18,regular,empirical,120,0.017386091127098324,0,0.0003022761646797671,0.017539004174862385
s22-117-5,u005,2025-06-18,regular,hazard,30,0.0008096880802473949,0,6.555947872947118e-07,0.0008100160546909913
s22-117-5,u005,2025-06-18,regular,hazard,60,0.0021065858857953756,0,4.4377040942322875e-06,0.0021088078589090445
s22-117-5,u005,2025-06-18,regular,hazard,120,0.0075468736710236906,0,5.6955302206390595e-05,0.007575495416187644
s22-117-5,u005,2025-06-18,regular,hazard_cal,30,0.001116828910879386,0,1.2473068161760357e-06,0.0011174530290195366
s22-117-5,u005,2025-06-18,regular,hazard_cal,60,0.0028799494613611643,0,8.294108899994461e-06,0.002884104495253761
s22-117-5,u005,2025-06-18,regular,hazard_cal,120,0.01009893826787922,0,0.00010198855413843535,0.010150278491922998
s22-117-8,u008,2025-06-18,variable,empirical,30,0.0011990407673860837,0,1.4376987618538084e-06,0.0011997601919040602
s22-117-8,u008,2025-06-18,variable,empirical,60,0.00659472422062346,0,4.349038754607771e-05,0.006616565492129114
s22-117-8,u008,2025-06-18,variable,empirical,120,0.017386091127098324,0,0.0003022761646797671,0.017539004174862385
s22-117-8,u008,2025-06-18,variable,hazard,30,0.0004329868742389831,0,1.8747763326324495e-07,0.00043308064012285616
s22-117-8,u008,2025-06-18,variable,hazard,60,0.0011268932143272403,0,1.2698883164967796e-06,0.0011275286358985155
s22-117-8,u008,2025-06-18,variable,hazard,120,0.004042851857153473,0,1.634465113888929e-05,0.004051046276060965
s22-117-8,u008,2025-06-18,variable,hazard_cal,30,0.0006085306769867405,0,3.7030958483394064e-07,0.0006087159069283705
s22-117-8,u008,2025-06-18,variable,hazard_cal,60,0.001569911460976403,0,2.4646219953050644e-06,0.0015711450632406615
s22-117-8,u008,2025-06-18,variable,hazard_cal,120,0.0055152553478813315,0,3.041804155233363e-05,0.0055305205220859115
s22-117-0,u000,2025-06-18,variable,empirical,30,0.0011990407673860837,0,1.4376987618538084e-06,0.0011997601919040602
s22-117-0,u000,2025-06-18,variable,empirical,60,0.00659472422062346,0,4.349038754607771e-05,0.006616565492129114
s22-117-0,u000,2025-06-18,variable,empirical,120,0.017386091127098324,0,0.0003022761646797671,0.017539004174862385
s22-117-0,u000,2025-06-18,variable,hazard,30,0.005185678418431983,0,2.6891260659391228e-05,0.005199170713443252
s22-117-0,u000,2025-06-18,variable,hazard,60,0.013438891132543929,0,0.00018060379487236784,0.013530010311321082
s22-117-0,u000,2025-06-18,variable,hazard,120,0.047360761721563116,0,0.002243041750846678,0.04851900074519791
s22-117-0,u000,2025-06-18,variable,hazard_cal,30,0.00676094488181922,0,4.57103756949975e-05,0.006783903609977857
s22-117-0,u000,2025-06-18,variable,hazard_cal,60,0.01734784010562196,0,0.0003009475563302257,0.017500077108355622
s22-117-0,u000,2025-06-18,variable,hazard_cal,120,0.05960915065746031,0,0.0035532508421038007,0.06145969296486286
s22-117-11,u011,2025-06-18,variable,empirical,30,0.0011990407673860837,0,1.4376987618538084e-06,0.0011997601919040602
s22-117-11,u011,2025-06-18,variable,empirical,60,0.00659472422062346,0,4.349038754607771e-05,0.006616565492129114
s22-117-11,u011,2025-06-18,variable,empirical,120,0.017386091127098324,0,0.0003022761646797671,0.017539004174862385
s22-117-11,u011,2025-06-18,variable,hazard,30,0.0036415454856161267,0,1.3260853523811192e-05,0.0036481920531361497
s22-117-11,u011,2025-06-18,variable,hazard,60,0.009450283206396848,0,8.930785268110628e-05,0.009495220470071912
s22-117-11,u011,2025-06-18,variable,hazard,120,0.03349725789922131,0,0.0011220662867669445,0.034071143192635246
s22-117-11,u011,2025-06-18,variable,hazard_cal,30,0.004799657536263768,0,2.3036712465413588e-05,0.004811212881790676
s22-117-11,u011,2025-06-18,variable,hazard_cal,60,0.012336702830446744,0,0.0001521942367267527,0.012413431655683595
s22-117-11,u011,2025-06-18,variable,hazard_cal,120,0.042689506283860146,0,0.001822393946759735,0.043627495305578676
s22-117-32,u032,2025-06-18,regular,empirical,30,0.0011990407673860837,0,1.4376987618538084e-06,0.0011997601919040602
s22-117-32,u032,2025-06-18,regular,empirical,60,0.00659472422062346,0,4.349038754607771e-05,0.006616565492129114
s22-117-32,u032,2025-06-18,regular,empirical,120,0.017386091127098324,0,0.0003022761646797671,0.017539004174862385
s22-117-32,u032,2025-06-18,regular,hazard,30,0.0013224837768698317,0,1.7489633400838947e-06,0.001323359030297283
s22-117-32,u032,2025-06-18,regular,hazard,60,0.0034391585021653626,0,1.18278112030163e-05,0.003445086002076806
s22-117-32,u032,2025-06-18,regular,hazard,120,0.012297045687396313,0,0.00015121733263791226,0.012373279969356056
s22-117-32,u032,2025-06-18,regular,hazard_cal,30,0.0017974491870041964,0,3.2308235798620467e-06,0.0017990665371545131
s22-117-32,u032,2025-06-18,regular,hazard_cal,60,0.004632276012490832,0,2.1457981055897966e-05,0.004643038251655228
s22-117-32,u032,2025-06-18,regular,hazard_cal,120,0.016203762895561136,0,0.0002625619319755638,0.016336479486477436
s22-117-26,u026,2025-06-18,regular,empirical,30,0.0011990407673860837,0,1.4376987618538084e-06,0.0011997601919040602
s22-117-26,u026,2025-06-18,regular,empirical,60,0.00659472422062346,0,4.349038754607771e-05,0.006616565492129114
s22-117-26,u026,2025-06-18,regular,empirical,120,0.017386091127098324,0,0.0003022761646797671,0.017539004174862385
s22-117-26,u026,2025-06-18,regular,hazard,30,0.004629214449880514,0,2.142962642298255e-05,0.004639962445771479
s22-117-26,u026,2025-06-18,regular,hazard,60,0.012002779681851039,0,0.00014406672009105613,0.012075394681396043
s22-117-26,u026,2025-06-18,regular,hazard,120,0.04238774947629609,0,0.0017967213056652393,0.04331233187564972
s22-117-26,u026,2025-06-18,regular,hazard_cal,30,0.006056628036618328,0,3.6682743173951183e-05,0.006075043804159729
s22-117-26,u026,2025-06-18,regular,hazard_cal,60,0.015550292880720629,0,0.00024181160867619067,0.01567246690129362
s22-117-26,u026,2025-06-18,regular,hazard_cal,120,0.053567525763163926,0,0.002869479816387231,0.05505565346958991
s22-117-38,u038,2025-06-18,regular,empirical,30,0.0011990407673860837,0,1.4376987618538084e-06,0.0011997601919040602
s22-117-38,u038,2025-06-18,regular,empirical,60,0.00659472422062346,0,4.349038754607771e-05,0.006616565492129114
s22-117-38,u038,2025-06-18,regular,empirical,120,0.017386091127098324,0,0.0003022761646797671,0.017539004174862385
s22-117-38,u038,2025-06-18,regular,hazard,30,0.0011554291989214205,0,1.3350166337201955e-06,0.00115609722185666
s22-117-38,u038,2025-06-18,regular,hazard,60,0.003005177979035545,0,9.031094685680161e-06,0.0030097025934999887
s22-117-38,u038,2025-06-18,regular,hazard,120,0.010752070826279714,0,0.00011560702705333533,0.010810292048367018
s22-117-38,u038,2025-06-18,regular,hazard_cal,30,0.0015767926340868321,0,2.4862750109104905e-06,0.0015780370799196714
s22-117-38,u038,2025-06-18,regular,hazard_cal,60,0.004064403505294356,0,1.651937585384905e-05,0.004072685642136015
s22-117-38,u038,2025-06-18,regular,hazard_cal,120,0.014228686286853809,0,0.00020245551344970163,0.014330884634008575
s22-117-27,u027,2025-06-18,regular,empirical,30,0.0011990407673860837,0,1.4376987618538084e-06,0.0011997601919040602
s22-117-27,u027,2025-06-18,regular,empirical,60,0.00659472422062346,0,4.349038754607771e-05,0.006616565492129114
s22-117-27,u027,2025-06-18,regular,empirical,120,0.017386091127098324,0,0.0003022761646797671,0.017539004174862385
s22-117-27,u027,2025-06-18,regular,hazard,30,0.0018242719735914736,0,3.32796823363133e-06,0.001825937984187572
s22-117-27,u027,2025-06-18,regular,hazard,60,0.004741940625124896,0,2.248600089220989e-05,0.0047532192948845295
s22-117-27,u027,2025-06-18,regular,hazard,120,0.016923270788647082,0,0.00028639709418587565,0.01706810571501658
s22-117-27,u027,2025-06-18,regular,hazard_cal,30,0.002455507134227264,0,6.02951528624099e-06,0.002458526836149639
s22-117-27,u027,2025-06-18,regular,hazard_cal,60,0.006324514686362748,0,3.999948601801808e-05,0.0063445991571749166
s22-117-27,u027,2025-06-18,regular,hazard_cal,120,0.022070700489291606,0,0.00048711582008801674,0.02231790244927818
s22-117-36,u036,2025-06-18,variable,empirical,30,0.0011990407673860837,0,1.4376987618538084e-06,0.0011997601919040602
s22-117-36,u036,2025-06-18,variable,empirical,60,0.00659472422062346,0,4.349038754607771e-05,0.006616565492129114
s22-117-36,u036,2025-06-18,variable,empirical,120,0.017386091127098324,0,0.0003022761646797671,0.017539004174862385
s22-117-36,u036,2025-06-18,variable,hazard,30,0.001526703805639018,0,2.3308245101526607e-06,0.0015278704054134912
s22-117-36,u036,2025-06-18,variable,hazard,60,0.003969512179915369,0,1.575702694649646e-05,0.003977411604894153
s22-117-36,u036,2025-06-18,variable,hazard,120,0.014182465487622475,0,0.00020114232730760262,0.014283997780006127
s22-117-36,u036,2025-06-18,variable,hazard_cal,30,0.002066053283654612,0,4.2685761709000045e-06,0.002068190516004728
s22-117-36,u036,2025-06-18,variable,hazard_cal,60,0.005323246137383442,0,2.8336949439167732e-05,0.005337465095226288
s22-117-36,u036,2025-06-18,variable,hazard_cal,120,0.018602716706295208,0,0.00034606106885467483,0.01877792352488243
s22-117-14,u014,2025-06-18,variable,empirical,30,0.0011990407673860837,0,1.4376987618538084e-06,0.0011997601919040602
s22-117-14,u014,2025-06-18,variable,empirical,60,0.00659472422062346,0,4.349038754607771e-05,0.006616565492129114
s22-117-14,u014,2025-06-18,variable,empirical,120,0.017386091127098324,0,0.0003022761646797671,0.017539004174862385
s22-117-14,u014,2025-06-18,variable,hazard,30,0.00046983450466886456,0,2.2074446177743732e-07,0.0004699449114830615
s22-117-14,u014,2025-06-18,variable,hazard,60,0.0012227526152630563,0,1.4951239581326438e-06,0.0012235007871904287
s22-117-14,u014,2025-06-18,variable,hazard,120,0.004386147924961725,0,1.9238293619646047e-05,0.004395795291959278
s22-117-14,u014,2025-06-18,variable,hazard_cal,30,0.0006587066890521021,0,4.338945022019827e-07,0.000658923731620031
s22-117-14,u014,2025-06-18,variable,hazard_cal,60,0.0016992824078372326,0,2.887560701585103e-06,0.0017007278258690652
s22-117-14,u014,2025-06-18,variable,hazard_cal,120,0.005968662964348392,0,3.562493758198414e-05,0.00598654662969453
s22-117-50,u050,2025-06-18,variable,empirical,30,0.0011990407673860837,0,1.4376987618538084e-06,0.0011997601919040602
s22-117-50,u050,2025-06-18,variable,empirical,60,0.00659472422062346,0,4.349038754607771e-05,0.006616565492129114
s22-117-50,u050,2025-06-18,variable,empirical,120,0.017386091127098324,0,0.0003022761646797671,0.017539004174862385
s22-117-50,u050,2025-06-18,variable,hazard,30,0.0006998185772060239,0,4.897460410026637e-07,0.0007000635645309809
s22-117-50,u050,2025-06-18,variable,hazard,60,0.0018209149097665467,0,3.3157311086101107e-06,0.0018225747906281174
s22-117-50,u050,2025-06-18,variable,hazard,120,0.00652615690270042,0,4.2590723918664336e-05,0.006547545371781756
s22-117-50,u050,2025-06-18,variable,hazard_cal,30,0.0009695114602715771,0,9.399524715979258e-07,0.000969981740493323
s22-117-50,u050,2025-06-18,variable,hazard_cal,60,0.0025003887022443383,0,6.251943662311126e-06,0.002503519894629881
s22-117-50,u050,2025-06-18,variable,hazard_cal,120,0.008772634620277886,0,7.695911818089813e-05,0.008811340715254393
s22-117-53,u053,2025-06-18,regular,empirical,30,0.0011990407673860837,0,1.4376987618538084e-06,0.0011997601919040602
s22-117-53,u053,2025-06-18,regular,empirical,60,0.00659472422062346,0,4.349038754607771e-05,0.006616565492129114
s22-117-53,u053,2025-06-18,regular,empirical,120,0.017386091127098324,0,0.0003022761646797671,0.017539004174862385
s22-117-53,u053,2025-06-18,regular,hazard,30,0.0048501874695634495,0,2.3524318489910298e-05,0.004861987800147376
s22-117-53,u053,2025-06-18,regular,hazard,60,0.012573234552389123,0,0.00015808622710939172,0.01265294652900509
s22-117-53,u053,2025-06-18,regular,hazard,120,0.04436563653484482,0,0.0019683097051419575,0.045379904083733644
s22-117-53,u053,2025-06-18,regular,hazard_cal,30,0.006336619690884726,0,4.015274910690804e-05,0.006356781281453289
s22-117-53,u053,2025-06-18,regular,hazard_cal,60,0.016265151704356384,0,0.0002645551599657274,0.016398881355775156
s22-117-53,u053,2025-06-18,regular,hazard_cal,120,0.055973884264383766,0,0.003133075719642629,0.05760144824513497
s22-117-56,u056,2025-06-18,new,empirical,30,0.0011990407673860837,0,1.4376987618538084e-06,0.0011997601919040602
s22-117-56,u056,2025-06-18,new,empirical,60,0.00659472422062346,0,4.349038754607771e-05,0.006616565492129114
s22-117-56,u056,2025-06-18,new,empirical,120,0.017386091127098324,0,0.0003022761646797671,0.017539004174862385
s22-117-56,u056,2025-06-18,new,hazard,30,0.0017334317383953524,0,3.0047855916763333e-06,0.0017349358696484131
s22-117-56,u056,2025-06-18,new,hazard,60,0.004506180964953033,0,2.0305666888905043e-05,0.004516364402187049
s22-117-56,u056,2025-06-18,new,hazard,120,0.01608737831354412,0,0.00025880374100308967,0.016218184971887255
s22-117-56,u056,2025-06-18,new,hazard_cal,30,0.002336838532384644,0,5.460814326437617e-06,0.002339573200697396
s22-117-56,u056,2025-06-18,new,hazard_cal,60,0.006019495854420409,0,3.623433034138449e-05,0.006037686053545136
s22-117-56,u056,2025-06-18,new,hazard_cal,120,0.021015277466756466,0,0.00044164188700476206,0.021239241748829407
s22-117-30,u030,2025-06-18,regular,empirical,30,0.0011990407673860837,0,1.4376987618538084e-06,0.0011997601919040602
s22-117-30,u030,2025-06-18,regular,empirical,60,0.00659472422062346,0,4.349038754607771e-05,0.006616565492129114
s22-117-30,u030,2025-06-18,regular,empirical,120,0.017386091127098324,0,0.0003022761646797671,0.017539004174862385
s22-117-30,u030,2025-06-18,regular,hazard,30,0.00441888463142881,0,1.952654138587773e-05,0.004428676759625966
s22-117-30,u030,2025-06-18,regular,hazard,60,0.011459590360834881,0,0.00013132221123813973,0.011525757450656622
s22-117-30,u030,2025-06-18,regular,hazard,120,0.04050133315359561,0,0.0016403579872185429,0.041344352960668816
s22-117-30,u030,2025-06-18,regular,hazard_cal,30,0.0057897277748760745,0,3.352094770717146e-05,0.00580655322333791
s22-117-30,u030,2025-06-18,regular,hazard_cal,60,0.014868528644077506,0,0.00022107314403975326,0.014980173259048265
s22-117-30,u030,2025-06-18,regular,hazard_cal,120,0.05126802131050878,0,0.0026284100090947825,0.052628945246385894
s22-117-6,u006,2025-06-18,variable,empirical,30,0.0011990407673860837,0,1.4376987618538084e-06,0.0011997601919040602
s22-117-6,u006,2025-06-18,variable,empirical,60,0.00659472422062346,0,4.349038754607771e-05,0.006616565492129114
s22-117-6,u006,2025-06-18,variable,empirical,120,0.017386091127098324,0,0.0003022761646797671,0.017539004174862385
s22-117-6,u006,2025-06-18,variable,hazard,30,0.0015364342030932399,0,2.3606300604347592e-06,0.0015376157285025705
s22-117-6,u006,2025-06-18,variable,hazard,60,0.003994776900063557,0,1.59582424812814e-05,0.0040027773350475295
s22-117-6,u006,2025-06-18,variable,hazard,120,0.0142722096371235,0,0.00020369596792600093,0.014375037177813214
s22-117-6,u006,2025-06-18,variable,hazard_cal,30,0.0020788227961340278,0,4.321504217726497e-06,0.002080986547466679
s22-117-6,u006,2025-06-18,variable,hazard_cal,60,0.005356086895884737,0,2.8687666836268202e-05,0.0053704821538127796
s22-117-6,u006,2025-06-18,variable,hazard_cal,120,0.018716619032553505,0,0.0003503118280097441,0.01889399164381817
s22-117-40,u040,2025-06-18,regular,empirical,30,0.0011990407673860837,0,1.4376987618538084e-06,0.0011997601919040602
s22-117-40,u040,2025-06-18,regular,empirical,60,0.00659472422062346,0,4.349038754607771e-05,0.006616565492129114
s22-117-40,u040,2025-06-18,regular,empirical,120,0.017386091127098324,0,0.0003022761646797671,0.017539004174862385
s22-117-40,u040,2025-06-18,regular,hazard,30,0.0011907141746162475,0,1.4178002456320515e-06,0.0011914236379736984
s22-117-40,u040,2025-06-18,regular,hazard,60,0.0030968534178543727,0,9.59050109167631e-06,0.003101658591577116
s22-117-40,u040,2025-06-18,regular,hazard,120,0.011078598645293702,0,0.00012273534794350345,0.011140423364165309
s22-117-40,u040,2025-06-18,regular,hazard_cal,30,0.0016234757263823285,0,2.635673434152629e-06,0.0016247949911556382
s22-117-40,u040,2025-06-18,regular,hazard_cal,60,0.004184563596557611,0,1.751057249363517e-05,0.004193343384418382
s22-117-40,u040,2025-06-18,regular,hazard_cal,120,0.014646870164193082,0,0.00021453080560672949,0.014755194610968183
s22-117-9,u009,2025-06-18,variable,empirical,30,0.0011990407673860837,0,1.4376987618538084e-06,0.0011997601919040602
s22-117-9,u009,2025-06-18,variable,empirical,60,0.00659472422062346,0,4.349038754607771e-05,0.006616565492129114
s22-117-9,u009,2025-06-18,variable,empirical,120,0.017386091127098324,0,0.0003022761646797671,0.017539004174862385
s22-117-9,u009,2025-06-18,variable,hazard,30,0.0009435715599445116,0,8.90327288736119e-07,0.0009440170038163695
s22-117-9,u009,2025-06-18,variable,hazard,60,0.002454619380450662,0,6.025156302883993e-06,0.0024576368975174
s22-117-9,u009,2025-06-18,variable,hazard,120,0.008789270826568774,0,7.725128166277294e-05,0.008828124297386906
s22-117-9,u009,2025-06-18,variable,hazard_cal,30,0.0012955360279843786,0,1.6784135998055406e-06,0.0012963759603043764
s22-117-9,u009,2025-06-18,variable,hazard_cal,60,0.0033402528322581393,0,1.1157288983408521e-05,0.0033458439306765547
s22-117-9,u009,2025-06-18,variable,hazard_cal,120,0.011705480908859922,0,0.0001370182833076841,0.011774529410034235
s22-117-12,u012,2025-06-18,variable,empirical,30,0.0011990407673860837,0,1.4376987618538084e-06,0.0011997601919040602
s22-117-12,u012,2025-06-18,variable,empirical,60,0.00659472422062346,0,4.349038754607771e-05,0.006616565492129114
s22-117-12,u012,2025-06-18,variable,empirical,120,0.017386091127098324,0,0.0003022761646797671,0.017539004174862385
s22-117-12,u012,2025-06-18,variable,hazard,30,0.0007181475296766937,0,5.157358743807377e-07,0.0007184055211385662
s22-117-12,u012,2025-06-18,variable,hazard,60,0.0018685758102499062,0,3.4915755586510933e-06,0.001870323775839446
s22-117-12,u012,2025-06-18,variable,hazard,120,0.006696510567077429,0,4.484325377497967e-05,0.0067190327971768694
s22-117-12,u012,2025-06-18,variable,hazard_cal,30,0.0009941334253018574,0,9.883012673024039e-07,0.0009946279036809958
s22-117-12,u012,2025-06-18,variable,hazard_cal,60,0.0025638336124699235,0,6.573242792430578e-06,0.0025671258622571597
s22-117-12,u012,2025-06-18,variable,hazard_cal,120,0.00899442959286445,0,8.089976370099577e-05,0.009035123671846348
s22-117-54,u054,2025-06-18,new,empirical,30,0.0011990407673860837,0,1.4376987618538084e-06,0.0011997601919040602
s22-117-54,u054,2025-06-18,new,empirical,60,0.00659472422062346,0,4.349038754607771e-05,0.006616565492129114
s22-117-54,u054,2025-06-18,new,empirical,120,0.017386091127098324,0,0.0003022761646797671,0.017539004174862385
s22-117-54,u054,2025-06-18,new,hazard,30,0.0023958669340350403,0,5.740178365602464e-06,0.0023987416157055875
s22-117-54,u054,2025-06-18,new,hazard,60,0.00622453224805164,0,3.87448017070348e-05,0.006243985415496178
s22-117-54,u054,2025-06-18,new,hazard,120,0.022166721158033087,0,0.0004913635268979917,0.022416095010974
s22-117-54,u054,2025-06-18,new,hazard_cal,30,0.003198370785597704,0,1.0229575682164873e-05,0.003203496505658962
s22-117-54,u054,2025-06-18,new,hazard_cal,60,0.008232477200206811,0,6.777368085192499e-05,0.008266551178326578
s22-117-54,u054,2025-06-18,new,hazard_cal,120,0.028652037330682223,0,0.0008209392431988077,0.02907051992136424
s22-117-55,u055,2025-06-18,new,empirical,30,0.0011990407673860837,0,1.4376987618538084e-06,0.0011997601919040602
s22-117-55,u055,2025-06-18,new,empirical,60,0.00659472422062346,0,4.349038754607771e-05,0.006616565492129114
s22-117-55,u055,2025-06-18,new,empirical,120,0.017386091127098324,0,0.0003022761646797671,0.017539004174862385
s22-117-55,u055,2025-06-18,new,hazard,30,0.002819378618189594,0,7.948895792704665e-06,0.0028233605522335068
s22-117-55,u055,2025-06-18,new,hazard,60,0.007322047874168125,0,5.3612385071609955e-05,0.007348985640327582
s22-117-55,u055,2025-06-18,new,hazard,120,0.02603373125331543,0,0.0006777551629698525,0.026378607616207545
s22-117-55,u055,2025-06-18,new,hazard_cal,30,0.0037451616347223826,0,1.4026235670196429e-05,0.003752192312062362
s22-117-55,u055,2025-06-18,new,hazard_cal,60,0.00963525092646178,0,9.283806041588259e-05,0.009681970300808833
s22-117-55,u055,2025-06-18,new,hazard_cal,120,0.033468203486630155,0,0.0011201206446224828,0.03404108225785839
s22-117-23,u023,2025-06-18,regular,empirical,30,0.0011990407673860837,0,1.4376987618538084e-06,0.0011997601919040602
s22-117-23,u023,2025-06-18,regular,empirical,60,0.00659472422062346,0,4.349038754607771e-05,0.006616565492129114
s22-117-23,u023,2025-06-18,regular,empirical,120,0.017386091127098324,0,0.0003022761646797671,0.017539004174862385
s22-117-23,u023,2025-06-18,regular,hazard,30,0.0024307081565929645,0,5.908342142527567e-06,0.0024336671235601725
s22-117-23,u023,2025-06-18,regular,hazard,60,0.00631485354981709,0,3.98773753556375e-05,0.0063348765769936245
s22-117-23,u023,2025-06-18,regular,hazard,120,0.022485428021697507,0,0.0005055944733189394,0.022742079839047462
s22-117-23,u023,2025-06-18,regular,hazard_cal,30,0.0032434602544658686,0,1.0520034422299798e-05,0.0032487316731879606
s22-117-23,u023,2025-06-18,regular,hazard_cal,60,0.008348203968254864,0,6.969250949558625e-05,0.008383245381191914
s22-117-23,u023,2025-06-18,regular,hazard_cal,120,0.029050086675994402,0,0.0008439075358827874,0.029480394591778748
s22-117-39,u039,2025-06-18,variable,empirical,30,0.0011990407673860837,0,1.4376987618538084e-06,0.0011997601919040602
s22-117-39,u039,2025-06-18,variable,empirical,60,0.00659472422062346,0,4.349038754607771e-05,0.006616565492129114
s22-117-39,u039,2025-06-18,variable,empirical,120,0.017386091127098324,0,0.0003022761646797671,0.017539004174862385
s22-117-39,u039,2025-06-18,variable,hazard,30,0.000721405161209665,0,5.204254066199427e-07,0.0007216654991265829
s22-117-39,u039,2025-06-18,variable,hazard,60,0.001877046487882228,0,3.523303517671007e-06,0.0018788103472173125
s22-117-39,u039,2025-06-18,variable,hazard,120,0.006726784719163548,0,4.524963265797221e-05,0.006749511511657541
s22-117-39,u039,2025-06-18,variable,hazard_cal,30,0.0009985075263247989,0,9.97017280127269e-07,0.000999006367056658
s22-117-39,u039,2025-06-18,variable,hazard_cal,60,0.0025751043357506997,0,6.631162340002053e-06,0.0025784256199147724
s22-117-39,u039,2025-06-18,variable,hazard_cal,120,0.00903382639928707,0,8.161001941245599e-05,0.009074878836416094
s22-117-17,u017,2025-06-18,variable,empirical,30,0.0011990407673860837,0,1.4376987618538084e-06,0.0011997601919040602
s22-117-17,u017,2025-06-18,variable,empirical,60,0.00659472422062346,0,4.349038754607771e-05,0.006616565492129114
s22-117-17,u017,2025-06-18,variable,empirical,120,0.017386091127098324,0,0.0003022761646797671,0.017539004174862385
s22-117-17,u017,2025-06-18,variable,hazard,30,0.0008029622485313803,0,6.447483725665701e-07,0.0008032847953911899
s22-117-17,u017,2025-06-18,variable,hazard,60,0.002089099711792275,0,4.364337605810566e-06,0.002091284924543825
s22-117-17,u017,2025-06-18,variable,hazard,120,0.0074844190240143105,0,5.601652812702733e-05,0.007512567827656754
s22-117-17,u017,2025-06-18,variable,hazard_cal,30,0.0011078288630331778,0,1.2272847897693836e-06,0.0011084429590121246
s22-117-17,u017,2025-06-18,variable,hazard_cal,60,0.0028567638270621254,0,8.16109956361064e-06,0.0028608521649776363
s22-117-17,u017,2025-06-18,variable,hazard_cal,120,0.010017961074723969,0,0.00010035954409468462,0.01006847851779976
s22-118-17,u017,2025-06-19,variable,empirical,30,0.0011990407673860837,0,1.4376987618538084e-06,0.0011997601919040602
s22-118-17,u017,2025-06-19,variable,empirical,60,0.00659472422062346,0,4.349038754607771e-05,0.006616565492129114
s22-118-17,u017,2025-06-19,variable,empirical,120,0.017386091127098324,0,0.0003022761646797671,0.017539004174862385
s22-118-17,u017,2025-06-19,variable,hazard,30,0.00047040940724696334,0,2.212850104264394e-07,0.00047052008446260644
s22-118-17,u017,2025-06-19,variable,hazard,60,0.0012242481786830517,0,1.4987836030087692e-06,0.0012249981826743936
s22-118-17,u017,2025-06-19,variable,hazard,120,0.004391503148095666,0,1.928529989973414e-05,0.0044011741218391645
s22-118-17,u017,2025-06-19,variable,hazard_cal,30,0.0006594885823092422,0,4.3492519019625416e-07,0.0006597061405610544
s22-118-17,u017,2025-06-19,variable,hazard_cal,60,0.001701298305968102,0,2.8944159258899333e-06,0.0017027471574499497
s22-118-17,u017,2025-06-19,variable,hazard_cal,120,0.005975726796119796,0,3.570931074186416e-05,0.005993652901506093
s22-118-22,u022,2025-06-19,variable,empirical,30,0.0011990407673860837,0,1.4376987618538084e-06,0.0011997601919040602
s22-118-22,u022,2025-06-19,variable,empirical,60,0.00659472422062346,0,4.349038754607771e-05,0.006616565492129114
s22-118-22,u022,2025-06-19,variable,empirical,120,0.017386091127098324,0,0.0003022761646797671,0.017539004174862385
s22-118-22,u022,2025-06-19,variable,hazard,30,0.0014394475674159857,0,2.0720092993397985e-06,0.001440484567323114
s22-118-22,u022,2025-06-19,variable,hazard,60,0.0037429339513410653,0,1.400955456410164e-05,0.003749956256783211
s22-118-22,u022,2025-06-19,variable,hazard,120,0.013377330230696316,0,0.00017895296410110154,0.013467612776399001
s22-118-22,u022,2025-06-19,variable,hazard_cal,30,0.0019514311444635002,0,3.808083511582126e-06,0.001953337666921257
s22-118-22,u022,2025-06-19,variable,hazard_cal,60,0.00502842666289538,0,2.5285074704117166e-05,0.005041111742108137
s22-118-22,u022,2025-06-19,variable,hazard_cal,120,0.01757971534901004,0,0.00030904639175221915,0.017736073745637772
s22-118-40,u040,2025-06-19,regular,empirical,30,0.0011990407673860837,0,1.4376987618538084e-06,0.0011997601919040602
s22-118-40,u040,2025-06-19,regular,empirical,60,0.00659472422062346,0,4.349038754607771e-05,0.006616565492129114
s22-118-40,u040,2025-06-19,regular,empirical,120,0.017386091127098324,0,0.0003022761646797671,0.017539004174862385
s22-118-40,u040,2025-06-19,regular,hazard,30,0.0006934003072097683,0,4.808039860386011e-07,0.0006936408203904901
s22-118-40,u040,2025-06-19,regular,hazard,60,0.0018042250681303829,0,3.2552280964700847e-06,0.0018058546425529529
s22-118-40,u040,2025-06-19,regular,hazard,120,0.0064664970691846735,0,4.181558434577397e-05,0.006487495434218184
s22-118-40,u040,2025-06-19,regular,hazard_cal,30,0.0009608849876896475,0,9.23299959567334e-07,0.0009613469336110725
s22-118-40,u040,2025-06-19,regular,hazard_cal,60,0.002478159695891824,0,6.141275478342657e-06,0.0024812354160990003
s22-118-40,u040,2025-06-19,regular,hazard_cal,120,0.008694915596423103,0,7.560155722892172e-05,0.008732936930334665
s22-118-58,u058,2025-06-19,new,empirical,30,0.0011990407673860837,0,1.4376987618538084e-06,0.0011997601919040602
s22-118-58,u058,2025-06-19,new,empirical,60,0.00659472422062346,0,4.349038754607771e-05,0.006616565492129114
s22-118-58,u058,2025-06-19,new,empirical,120,0.017386091127098324,0,0.0003022761646797671,0.017539004174862385
s22-118-58,u058,2025-06-19,new,hazard,30,0.0019345598999843672,0,3.7425220066275245e-06,0.001936433577872393
s22-118-58,u058,2025-06-19,new,hazard,60,0.005028121664945595,0,2.5282007477495263e-05,0.005040805202794642
s22-118-58,u058,2025-06-19,new,hazard,120,0.01793716371972809,0,0.0003217418423083296,0.018099984609370085
s22-118-58,u058,2025-06-19,new,hazard_cal,30,0.0025993386095244375,0,6.756561206964436e-06,0.0026027227557612878
s22-118-58,u058,2025-06-19,new,hazard_cal,60,0.006694125092006509,0,4.4811310747431146e-05,0.006716631242937026
s22-118-58,u058,2025-06-19,new,hazard_cal,120,0.023348406099104824,0,0.0005451480673687153,0.02362529862419929
s22-118-2,u002,2025-06-19,regular,empirical,30,0.0011990407673860837,0,1.4376987618538084e-06,0.0011997601919040602
s22-118-2,u002,2025-06-19,regular,empirical,60,0.00659472422062346,0,4.349038754607771e-05,0.006616565492129114
s22-118-2,u002,2025-06-19,regular,empirical,120,0.017386091127098324,0,0.0003022761646797671,0.017539004174862385
s22-118-2,u002,2025-06-19,regular,hazard,30,0.002267625000740847,0,5.1421231439849274e-06,0.0022701999557375443
s22-118-2,u002,2025-06-19,regular,hazard,60,0.005892033189736079,0,3.471605510895151e-05,0.005909459702735211
s22-118-2,u002,2025-06-19,regular,hazard,120,0.020992745929690027,0,0.00044069538166851717,0.02121622680562569
s22-118-2,u002,2025-06-19,regular,hazard_cal,30,0.0030322307380182822,0,9.194423248582897e-06,0.0030368372640325898
s22-118-2,u002,2025-06-19,regular,hazard_cal,60,0.0078059821420225495,0,6.093335720157495e-05,0.00783660830290905
s22-118-2,u002,2025-06-19,regular,hazard_cal,120,0.02718395764619108,0,0.0007389675533099106,0.027560276999743234
s22-118-44,u044,2025-06-19,variable,empirical,30,0.0011990407673860837,0,1.4376987618538084e-06,0.0011997601919040602
s22-118-44,u044,2025-06-19,variable,empirical,60,0.00659472422062346,0,4.349038754607771e-05,0.006616565492129114
s22-118-44,u044,2025-06-19,variable,empirical,120,0.017386091127098324,0,0.0003022761646797671,0.017539004174862385
s22-118-44,u044,2025-06-19,variable,hazard,30,0.0016688622445991674,0,2.7851011914485713e-06,0.0016702563464534234
s22-118-44,u044,2025-06-19,variable,hazard,60,0.004338578973836715,0,1.8823267512218045e-05,0.0043480179185577846
s22-118-44,u044,2025-06-19,variable,hazard,120,0.015492792090696761,0,0.0002400266067655561,0.015614059538896479
s22-118-44,u044,2025-06-19,variable,hazard_cal,30,0.0022523732641371863,0,5.073185321000003e-06,0.0022549136721459312
s22-118-44,u044,2025-06-19,variable,hazard_cal,60,0.005802352363153296,0,3.3667292946190636e-05,0.005819251410818744
s22-118-44,u044,2025-06-19,variable,hazard_cal,120,0.02026336624911307,0,0.0004106040117456946,0.020471484505395435
s22-118-51,u051,2025-06-19,variable,empirical,30,0.0011990407673860837,0,1.4376987618538084e-06,0.0011997601919040602
s22-118-51,u051,2025-06-19,variable,empirical,60,0.00659472422062346,0,4.349038754607771e-05,0.006616565492129114
s22-118-51,u051,2025-06-19,variable,empirical,120,0.017386091127098324,0,0.0003022761646797671,0.017539004174862385
s22-118-51,u051,2025-06-19,variable,hazard,30,0.00173127029444764,0,2.997296832436818e-06,0.0017327706748232437
s22-118-51,u051,2025-06-19,variable,hazard,60,0.004500570853922303,0,2.025513801117493e-05,0.004510728912427484
s22-118-51,u051,2025-06-19,variable,hazard,120,0.016067480524850186,0,0.00025816393041644,0.016197962050603042
s22-118-51,u051,2025-06-19,variable,hazard_cal,30,0.0023340126611799406,0,5.447615102548268e-06,0.0023367407144317632
s22-118-51,u051,2025-06-19,variable,hazard_cal,60,0.006012231621883357,0,3.6146929075174185e-05,0.006030377855886767
s22-118-51,u051,2025-06-19,variable,hazard_cal,120,0.020990130771007753,0,0.00044058558978400653,0.02121355557394834
s22-118-54,u054,2025-06-19,new,empirical,30,0.0011990407673860837,0,1.4376987618538084e-06,0.0011997601919040602
s22-118-54,u054,2025-06-19,new,empirical,60,0.00659472422062346,0,4.349038754607771e-05,0.006616565492129114
s22-118-54,u054,2025-06-19,new,empirical,120,0.017386091127098324,0,0.0003022761646797671,0.017539004174862385
s22-118-54,u054,2025-06-19,new,hazard,30,0.002677333580361041,0,7.168115100528871e-06,0.0026809240479294377
s22-118-54,u054,2025-06-19,new,hazard,60,0.006954036148211995,0,4.835861875063912e-05,0.0069783281413587145
s22-118-54,u054,2025-06-19,new,hazard,120,0.024738447877781566,0,0.0006119908034017152,0.02504958537230032
s22-118-54,u054,2025-06-19,new,hazard_cal,30,0.003562073219083972,0,1.2688365618115252e-05,0.0035684325078858426
s22-118-54,u054,2025-06-19,new,hazard_cal,60,0.009165694493049492,0,8.400995553991778e-05,0.009207957918137189
s22-118-54,u054,2025-06-19,new,hazard_cal,120,0.03185819258267819,0,0.0010149444346350116,0.03237670716911532
s22-118-18,u018,2025-06-19,variable,empirical,30,0.0011990407673860837,0,1.4376987618538084e-06,0.0011997601919040602
s22-118-18,u018,2025-06-19,variable,empirical,60,0.00659472422062346,0,4.349038754607771e-05,0.006616565492129114
s22-118-18,u018,2025-06-19,variable,empirical,120,0.017386091127098324,0,0.0003022761646797671,0.017539004174862385
s22-118-18,u018,2025-06-19,variable,hazard,30,0.0006017996747813559,0,3.621628485669457e-07,0.0006019808288882738
s22-118-18,u018,2025-06-19,variable,hazard,60,0.0015660091015553546,0,2.4523845061542086e-06,0.0015672365754660176
s22-118-18,u018,2025-06-19,variable,hazard,120,0.005614650351817074,0,3.1524298573159596e-05,0.005630471749974889
s22-118-18,u018,2025-06-19,variable,hazard_cal,30,0.0008374951189921154,0,7.013980743356175e-07,0.0008378460139581767
s22-118-18,u018,2025-06-19,variable,hazard_cal,60,0.0021601672249462744,0,4.666322439732088e-06,0.002162503751631471
s22-118-18,u018,2025-06-19,variable,hazard_cal,120,0.0075825895161996115,0,5.749566377118026e-05,0.007611483501573936
s22-118-23,u023,2025-06-19,regular,empirical,30,0.0011990407673860837,0,1.4376987618538084e-06,0.0011997601919040602
s22-118-23,u023,2025-06-19,regular,empirical,60,0.00659472422062346,0,4.349038754607771e-05,0.006616565492129114
s22-118-23,u023,2025-06-19,regular,empirical,120,0.017386091127098324,0,0.0003022761646797671,0.017539004174862385
s22-118-23,u023,2025-06-19,regular,hazard,30,0.002308210835663904,0,5.3278372618762586e-06,0.002310878860661667
s22-118-23,u023,2025-06-19,regular,hazard,60,0.0059972703229543844,0,3.5967251326589385e-05,0.006015326175364258
s22-118-23,u023,2025-06-19,regular,hazard,120,0.021364436166743328,0,0.00045643913272285034,0.021595959245190654
s22-118-23,u023,2025-06-19,regular,hazard_cal,30,0.0030848411262083264,0,9.516244773946256e-06,0.0030896090566587928
s22-118-23,u023,2025-06-19,regular,hazard_cal,60,0.00794105083374863,0,6.306028834417983e-05,0.007972748900080246
s22-118-23,u023,2025-06-19,regular,hazard_cal,120,0.027649081910410933,0,0.0007644717304886131,0.02803851283506576
s22-118-47,u047,2025-06-19,variable,empirical,30,0.0011990407673860837,0,1.4376987618538084e-06,0.0011997601919040602
s22-118-47,u047,2025-06-19,variable,empirical,60,0.00659472422062346,0,4.349038754607771e-05,0.006616565492129114
s22-118-47,u047,2025-06-19,variable,empirical,120,0.017386091127098324,0,0.0003022761646797671,0.017539004174862385
s22-118-47,u047,2025-06-19,variable,hazard,30,0.0006588529180036051,0,4.340871675618652e-07,0.0006590700569677179
s22-118-47,u047,2025-06-19,variable,hazard,60,0.0017143859634513037,0,2.939119231678855e-06,0.0017158572048246333
s22-118-47,u047,2025-06-19,variable,hazard,120,0.006145306768298053,0,3.7764795276489864e-05,0.006164266882993798
s22-118-47,u047,2025-06-19,variable,hazard_cal,30,0.000914409650427328,0,8.361450087946282e-07,0.0009148279779663263
s22-118-47,u047,2025-06-19,variable,hazard_cal,60,0.002358394550782128,0,5.562024857158836e-06,0.0023611799434423964
s22-118-47,u047,2025-06-19,variable,hazard_cal,120,0.008276098366578388,0,6.849380417328147e-05,0.008310535403154849
s22-118-5,u005,2025-06-19,regular,empirical,30,0.0011990407673860837,0,1.4376987618538084e-06,0.0011997601919040602
s22-118-5,u005,2025-06-19,regular,empirical,60,0.00659472422062346,0,4.349038754607771e-05,0.006616565492129114
s22-118-5,u005,2025-06-19,regular,empirical,120,0.017386091127098324,0,0.0003022761646797671,0.017539004174862385
s22-118-5,u005,2025-06-19,regular,hazard,30,0.0006496508907436471,0,4.220462798440141e-07,0.0006498620053223702
s22-118-5,u005,2025-06-19,regular,hazard,60,0.0016904555208795413,0,2.857639868072121e-06,0.0016918859530955658
s22-118-5,u005,2025-06-19,regular,hazard,120,0.006059737171442037,0,3.672041458695633e-05,0.006078171889495606
s22-118-5,u005,2025-06-19,regular,hazard_cal,30,0.0009020182660109954,0,8.136369522174829e-07,0.0009024253292911893
s22-118-5,u005,2025-06-19,regular,hazard_cal,60,0.0023264607760701272,0,5.412419742592819e-06,0.0023291711905393973
s22-118-5,u005,2025-06-19,regular,hazard_cal,120,0.008164402504183044,0,6.665746825031036e-05,0.00819791376255124
s22-118-7,u007,2025-06-19,variable,empirical,30,0.0011990407673860837,0,1.4376987618538084e-06,0.0011997601919040602
s22-118-7,u007,2025-06-19,variable,empirical,60,0.00659472422062346,0,4.349038754607771e-05,0.006616565492129114
s22-118-7,u007,2025-06-19,variable,empirical,120,0.017386091127098324,0,0.0003022761646797671,0.017539004174862385
s22-118-7,u007,2025-06-19,variable,hazard,30,0.0008928934700054292,0,7.972587487783363e-07,0.0008932923368278809
s22-118-7,u007,2025-06-19,variable,hazard,60,0.002322890230351815,0,5.395819022263908e-06,0.002325592325120312
s22-118-7,u007,2025-06-19,variable,hazard,120,0.008319176698184383,0,6.920870093561401e-05,0.008353974173942465
s22-118-7,u007,2025-06-19,variable,hazard_cal,30,0.001227987657202556,0,1.5079536862418223e-06,0.0012287422518642219
s22-118-7,u007,2025-06-19,variable,hazard_cal,60,0.0031662827261608184,0,1.0025346301984384e-05,0.003171306005529458
s22-118-7,u007,2025-06-19,variable,hazard_cal,120,0.011098538346324238,0,0.00012317755342482957,0.011160586647140897
s22-118-28,u028,2025-06-19,regular,empirical,30,0.0011990407673860837,0,1.4376987618538084e-06,0.0011997601919040602
s22-118-28,u028,2025-06-19,regular,empirical,60,0.00659472422062346,0,4.349038754607771e-05,0.006616565492129114
s22-118-28,u028,2025-06-19,regular,empirical,120,0.017386091127098324,0,0.0003022761646797671,0.017539004174862385
s22-118-28,u028,2025-06-19,regular,hazard,30,0.0014994166979401813,0,2.248250434061837e-06,0.0015005419481104682
s22-118-28,u028,2025-06-19,regular,hazard,60,0.0038986595726159257,0,1.5199546463149792e-05,0.003906279156403886
s22-118-28,u028,2025-06-19,regular,hazard,120,0.013930751019716303,0,0.00019406582397332682,0.01402869461414429
s22-118-28,u028,2025-06-19,regular,hazard_cal,30,0.00203023023359028,0,4.121834801384043e-06,0.0020322939446698065
s22-118-28,u028,2025-06-19,regular,hazard_cal,60,0.005231112114304937,0,2.7364533952427863e-05,0.005244842284920794
s22-118-28,u028,2025-06-19,regular,hazard_cal,120,0.018283109935145925,0,0.0003342721089006316,0.01845231151686937
s22-118-39,u039,2025-06-19,variable,empirical,30,0.0011990407673860837,0,1.4376987618538084e-06,0.0011997601919040602
s22-118-39,u039,2025-06-19,variable,empirical,60,0.00659472422062346,0,4.349038754607771e-05,0.006616565492129114
s22-118-39,u039,2025-06-19,variable,empirical,120,0.017386091127098324,0,0.0003022761646797671,0.017539004174862385
s22-118-39,u039,2025-06-19,variable,hazard,30,0.0005815707116711977,0,3.3822449267374336e-07,0.0005817398895132998
s22-118-39,u039,2025-06-19,variable,hazard,60,0.001513396527067945,0,2.2903690481413174e-06,0.0015145428683172408
s22-118-39,u039,2025-06-19,variable,hazard,120,0.005426431320104119,0,2.9446156871806935e-05,0.005441207878770331
s22-118-39,u039,2025-06-19,variable,hazard_cal,30,0.000810172341333959,0,6.56379222662549e-07,0.0008105007083131657
s22-118-39,u039,2025-06-19,variable,hazard_cal,60,0.0020897433581202884,0,4.36702730280786e-06,0.0020919299185361757
s22-118-39,u039,2025-06-19,variable,hazard_cal,120,0.007336114694172613,0,5.381857880605533e-05,0.00736315631838363
s22-118-48,u048,2025-06-19,regular,empirical,30,0.0011990407673860837,0,1.4376987618538084e-06,0.0011997601919040602
s22-118-48,u048,2025-06-19,regular,empirical,60,0.00659472422062346,0,4.349038754607771e-05,0.006616565492129114
s22-118-48,u048,2025-06-19,regular,empirical,120,0.017386091127098324,0,0.0003022761646797671,0.017539004174862385
s22-118-48,u048,2025-06-19,regular,hazard,30,0.005580406133214977,0,3.114093261162333e-05,0.0055960347693980415
s22-118-48,u048,2025-06-19,regular,hazard,60,0.014456726054490665,0,0.00020899692821458923,0.014562242703473158
s22-118-48,u048,2025-06-19,regular,hazard,120,0.050872737637906784,0,0.0025880354347752976,0.05221238782234977
s22-118-48,u048,2025-06-19,regular,hazard_cal,30,0.007259072842633274,0,5.269413853465592e-05,0.007285548113654413
s22-118-48,u048,2025-06-19,regular,hazard_cal,60,0.018617803436932534,0,0.00034662260481625685,0.018793296347751686
s22-118-48,u048,2025-06-19,regular,hazard_cal,120,0.06385900273461431,0,0.004077972230259478,0.06598917574528038
s22-118-6,u006,2025-06-19,variable,empirical,30,0.0011990407673860837,0,1.4376987618538084e-06,0.0011997601919040602
s22-118-6,u006,2025-06-19,variable,empirical,60,0.00659472422062346,0,4.349038754607771e-05,0.006616565492129114
s22-118-6,u006,2025-06-19,variable,empirical,120,0.017386091127098324,0,0.0003022761646797671,0.017539004174862385
s22-118-6,u006,2025-06-19,variable,hazard,30,0.0007581784225220156,0,5.74834520377972e-07,0.0007584659851405733
s22-118-6,u006,2025-06-19,variable,hazard,60,0.0019726629689065245,0,3.8913991888951035e-06,0.0019746112310990624
s22-118-6,u006,2025-06-19,variable,hazard,120,0.007068465808399926,0,4.996320888451882e-05,0.007093565761550587
s22-118-6,u006,2025-06-19,variable,hazard_cal,30,0.0010478432030730511,0,1.0979753782263915e-06,0.001048392574565817
s22-118-6,u006,2025-06-19,variable,hazard_cal,60,0.0027022212988421224,0,7.3019999479160065e-06,0.002705878889381357
s22-118-6,u006,2025-06-19,variable,hazard_cal,120,0.00947807711263704,0,8.983394575309409e-05,0.009523279936156129
s22-118-9,u009,2025-06-19,variable,empirical,30,0.0011990407673860837,0,1.4376987618538084e-06,0.0011997601919040602
s22-118-9,u009,2025-06-19,variable,empirical,60,0.00659472422062346,0,4.349038754607771e-05,0.006616565492129114
s22-118-9,u009,2025-06-19,variable,empirical,120,0.017386091127098324,0,0.0003022761646797671,0.017539004174862385
s22-118-9,u009,2025-06-19,variable,hazard,30,0.0010524105255986793,0,1.1075679143908884e-06,0.0010529646984015202
s22-118-9,u009,2025-06-19,variable,hazard,60,0.002737487460648169,0,7.493837597205961e-06,0.0027412412316124737
s22-118-9,u009,2025-06-19,variable,hazard,120,0.00979811784904916,0,9.600311338385573e-05,0.009846435278039918
s22-118-9,u009,2025-06-19,variable,hazard_cal,30,0.0014402428740841744,0,2.074299536350243e-06,0.0014412810207609786
s22-118-9,u009,2025-06-19,variable,hazard_cal,60,0.003712874036348679,0,1.3785433609792131e-05,0.003719783861997519
s22-118-9,u009,2025-06-19,variable,hazard_cal,120,0.013004472147244095,0,0.00016911629582844743,0.013089770609826582
s22-118-19,u019,2025-06-19,regular,empirical,30,0.0011990407673860837,0,1.4376987618538084e-06,0.0011997601919040602
s22-118-19,u019,2025-06-19,regular,empirical,60,0.00659472422062346,0,4.349038754607771e-05,0.006616565492129114
s22-118-19,u019,2025-06-19,regular,empirical,120,0.017386091127098324,0,0.0003022761646797671,0.017539004174862385
s22-118-19,u019,2025-06-19,regular,hazard,30,0.002351677474799252,0,5.5303869454781865e-06,0.002354447011161502
s22-118-19,u019,2025-06-19,regular,hazard,60,0.006109968743264638,0,3.733171804367085e-05,0.006128710984289317
s22-118-19,u019,2025-06-19,regular,hazard,120,0.021762352920369543,0,0.0004736000046307168,0.02200264554136106
s22-118-19,u019,2025-06-19,regular,hazard_cal,30,0.003141154195901885,0,9.866849682432019e-06,0.003146097976241864
s22-118-19,u019,2025-06-19,regular,hazard_cal,60,0.008085611665861636,0,6.537711601111778e-05,0.008118477504025069
s22-118-19,u019,2025-06-19,regular,hazard_cal,120,0.02814669692980809,0,0.0007922365480584682,0.028550408678977113
s22-118-21,u021,2025-06-19,regular,empirical,30,0.0011990407673860837,0,1.4376987618538084e-06,0.0011997601919040602
s22-118-21,u021,2025-06-19,regular,empirical,60,0.00659472422062346,0,4.349038754607771e-05,0.006616565492129114
s22-118-21,u021,2025-06-19,regular,empirical,120,0.017386091127098324,0,0.0003022761646797671,0.017539004174862385
s22-118-21,u021,2025-06-19,regular,hazard,30,0.0011961812879065503,0,1.4308496735377734e-06,0.0011968972837741773
s22-118-21,u021,2025-06-19,regular,hazard,60,0.0031110572449642993,0,9.678677181444855e-06,0.00311590664400558
s22-118-21,u021,2025-06-19,regular,hazard,120,0.011129181780779374,0,0.00012385868710963155,0.011191574475992007
s22-118-21,u021,2025-06-19,regular,hazard_cal,30,0.0016307050928213718,0,2.6591990997535587e-06,0.0016320361395978978
s22-118-21,u021,2025-06-19,regular,hazard_cal,60,0.004203170762349773,0,1.766664445747197e-05,0.004212028914843868
s22-118-21,u021,2025-06-19,regular,hazard_cal,120,0.014711614584802635,0,0.00021643160369177759,0.014820903589624915
s22-118-50,u050,2025-06-19,variable,empirical,30,0.0011990407673860837,0,1.4376987618538084e-06,0.0011997601919040602
s22-118-50,u050,2025-06-19,variable,empirical,60,0.00659472422062346,0,4.349038754607771e-05,0.006616565492129114
s22-118-50,u050,2025-06-19,variable,empirical,120,0.017386091127098324,1,0.9655300939104832,4.052084752932218
s22-118-50,u050,2025-06-19,variable,hazard,30,0.0012692650300786257,0,1.6110337165804946e-06,0.0012700712291960192
s22-118-50,u050,2025-06-19,variable,hazard,60,0.0033009189989842147,0,1.089606623785495e-05,0.0033063790508734894
s22-118-50,u050,2025-06-19,variable,hazard,120,0.011805123219567615,1,0.9765291144950939,4.4392216705857415
s22-118-50,u050,2025-06-19,variable,hazard_cal,30,0.0017272518352788868,0,2.9833989024742827e-06,0.0017287452546521137
s22-118-50,u050,2025-06-19,variable,hazard_cal,60,0.004451643001596062,0,1.9817125413659194e-05,0.004461581069089344
s22-118-50,u050,2025-06-19,variable,hazard_cal,120,0.01557585896907232,1,0.9690908894444797,4.162033065327118
s22-118-53,u053,2025-06-19,regular,empirical,30,0.0011990407673860837,0,1.4376987618538084e-06,0.0011997601919040602
s22-118-53,u053,2025-06-19,regular,empirical,60,0.00659472422062346,0,4.349038754607771e-05,0.006616565492129114
s22-118-53,u053,2025-06-19,regular,empirical,120,0.017386091127098324,0,0.0003022761646797671,0.017539004174862385
s22-118-53,u053,2025-06-19,regular,hazard,30,0.00877444718512832,0,7.69909234046063e-05,0.008813169323473835
s22-118-53,u053,2025-06-19,regular,hazard,60,0.022666259517687415,0,0.0005137593205231554,0.022927088052066388
s22-118-53,u053,2025-06-19,regular,hazard,120,0.07881985527260604,0,0.006212569585194562,0.08209966497241375
s22-118-53,u053,2025-06-19,regular,hazard_cal,30,0.011253485894041515,0,0.00012664094476739135,0.011317285463040946
s22-118-53,u053,2025-06-19,regular,hazard_cal,60,0.028761032621314464,0,0.0008271969974443147,0.029182736563060606
s22-118-53,u053,2025-06-19,regular,hazard_cal,120,0.09725712789062302,0,0.009458948925533003,0.10231751460830096
s22-118-34,u034,2025-06-19,variable,empirical,30,0.0011990407673860837,0,1.4376987618538084e-06,0.0011997601919040602
s22-118-34,u034,2025-06-19,variable,empirical,60,0.00659472422062346,0,4.349038754607771e-05,0.006616565492129114
s22-118-34,u034,2025-06-19,variable,empirical,120,0.017386091127098324,0,0.0003022761646797671,0.017539004174862385
s22-118-34,u034,2025-06-19,variable,hazard,30,0.0003615662844244083,0,1.307301780324721e-07,0.00036163166527357327
s22-118-34,u034,2025-06-19,variable,hazard,60,0.0009410739555533176,0,8.856201898207676e-07,0.0009415170436558216
s22-118-34,u034,2025-06-19,variable,hazard,120,0.00337711526480311,0,1.1404907511766179e-05,0.0033828305897274907
s22-118-34,u034,2025-06-19,variable,hazard_cal,30,0.0005108993478646351,0,2.610181436485094e-07,0.000511029901404832
s22-118-34,u034,2025-06-19,variable,hazard_cal,60,0.001318151663353806,0,1.7375238076024053e-06,0.001319021189453117
s22-118-34,u034,2025-06-19,variable,hazard_cal,120,0.004632437055768657,0,2.145947307565858e-05,0.004643200044414799
s22-118-36,u036,2025-06-19,variable,empirical,30,0.0011990407673860837,0,1.4376987618538084e-06,0.0011997601919040602
s22-118-36,u036,2025-06-19,variable,empirical,60,0.00659472422062346,0,4.349038754607771e-05,0.006616565492129114
s22-118-36,u036,2025-06-19,variable,empirical,120,0.017386091127098324,0,0.0003022761646797671,0.017539004174862385
s22-118-36,u036,2025-06-19,variable,hazard,30,0.0010394508044042627,0,1.080457974776669e-06,0.0010399914080447116
s22-118-36,u036,2025-06-19,variable,hazard,60,0.0027038085637146603,0,7.310580749216734e-06,0.002707470456282994
s22-118-36,u036,2025-06-19,variable,hazard,120,0.009678045779976219,0,9.36645701193155e-05,0.009725182438750625
s22-118-36,u036,2025-06-19,variable,hazard_cal,30,0.001423037011430095,0,2.025034335899896e-06,0.0014240504901906741
s22-118-36,u036,2025-06-19,variable,hazard_cal,60,0.003668573792126928,0,1.3458433668280549e-05,0.0036753195121290785
s22-118-36,u036,2025-06-19,variable,hazard_cal,120,0.012850108894744472,0,0.000165125298606791,0.01293338572416229
s22-118-27,u027,2025-06-19,regular,empirical,30,0.0011990407673860837,0,1.4376987618538084e-06,0.0011997601919040602
s22-118-27,u027,2025-06-19,regular,empirical,60,0.00659472422062346,0,4.349038754607771e-05,0.006616565492129114
s22-118-27,u027,2025-06-19,regular,empirical,120,0.017386091127098324,0,0.0003022761646797671,0.017539004174862385
s22-118-27,u027,2025-06-19,regular,hazard,30,0.002381329996424486,0,5.670732551871043e-06,0.002384169872050245
s22-118-27,u027,2025-06-19,regular,hazard,60,0.006186845473120872,0,3.827705690827623e-05,0.006206063307759341
s22-118-27,u027,2025-06-19,regular,hazard,120,0.02203371519233399,0,0.0004854846051768897,0.022280083153341776
s22-118-27,u027,2025-06-19,regular,hazard_cal,30,0.003179551959736071,0,1.010955066466149e-05,0.003184617475298196
s22-118-27,u027,2025-06-19,regular,hazard_cal,60,0.008184174019892354,0,6.698070438788098e-05,0.008217848228330837
s22-118-27,u027,2025-06-19,regular,hazard_cal,120,0.028485857079774135,0,0.0008114440535693182,0.028899452452566275
s22-118-3,u003,2025-06-19,regular,empirical,30,0.0011990407673860837,0,1.4376987618538084e-06,0.0011997601919040602
s22-118-3,u003,2025-06-19,regular,empirical,60,0.00659472422062346,0,4.349038754607771e-05,0.006616565492129114
s22-118-3,u003,2025-06-19,regular,empirical,120,0.017386091127098324,0,0.0003022761646797671,0.017539004174862385
s22-118-3,u003,2025-06-19,regular,hazard,30,0.001634674847708406,0,2.6721618577305007e-06,0.0016360123864633139
s22-118-3,u003,2025-06-19,regular,hazard,60,0.00424983143897395,0,1.8061067259691393e-05,0.004258887639929734
s22-118-3,u003,2025-06-19,regular,hazard,120,0.015177833213202763,0,0.0002303666210478009,0.015294195442797299
s22-118-3,u003,2025-06-19,regular,hazard_cal,30,0.0022076114636907507,0,4.873548374618819e-06,0.002210051830126855
s22-118-3,u003,2025-06-19,regular,hazard_cal,60,0.005687265513305451,0,3.234498901883351e-05,0.005703499588740306
s22-118-3,u003,2025-06-19,regular,hazard_cal,120,0.019864663779340153,0,0.0003946048670662286,0.020064618667849123
s22-118-13,u013,2025-06-19,regular,empirical,30,0.0011990407673860837,0,1.4376987618538084e-06,0.0011997601919040602
s22-118-13,u013,2025-06-19,regular,empirical,60,0.00659472422062346,0,4.349038754607771e-05,0.006616565492129114
s22-118-13,u013,2025-06-19,regular,empirical,120,0.017386091127098324,0,0.0003022761646797671,0.017539004174862385
s22-118-13,u013,2025-06-19,regular,hazard,30,0.0012848516000315557,0,1.650843634103649e-06,0.0012856777295603247
s22-118-13,u013,2025-06-19,regular,hazard,60,0.0033414075962256984,0,1.11650047241148e-05,0.0033470025654461595
s22-118-13,u013,2025-06-19,regular,hazard,120,0.011949221540970667,0,0.0001427838954351974,0.012021187353510659
s22-118-13,u013,2025-06-19,regular,hazard_cal,30,0.0017478201635025004,0,3.0548753239459072e-06,0.001749349383291702
s22-118-13,u013,2025-06-19,regular,hazard_cal,60,0.004504572087401626,0,2.0291169690597842e-05,0.004514748243231019
s22-118-13,u013,2025-06-19,regular,hazard_cal,120,0.015759880493853462,0,0.0002483738331805428,0.015885387810509573
s22-118-31,u031,2025-06-19,variable,empirical,30,0.0011990407673860837,0,1.4376987618538084e-06,0.0011997601919040602
s22-118-31,u031,2025-06-19,variable,empirical,60,0.00659472422062346,0,4.349038754607771e-05,0.006616565492129114
s22-118-31,u031,2025-06-19,variable,empirical,120,0.017386091127098324,0,0.0003022761646797671,0.017539004174862385
s22-118-31,u031,2025-06-19,variable,hazard,30,0.0012658307626164378,0,1.6023275195861126e-06,0.0012666326031105669
s22-118-31,u031,2025-06-19,variable,hazard,60,0.0032919977902520214,0,1.0837249451024191e-05,0.0032974283364836485
s22-118-31,u031,2025-06-19,variable,hazard,120,0.011773370489023272,0,0.00013861225267180406,0.011843225442189582
s22-118-31,u031,2025-06-19,variable,hazard_cal,30,0.0017227188824446849,0,2.967760347931464e-06,0.0017242044690291866
s22-118-31,u031,2025-06-19,variable,hazard_cal,60,0.004439977962147124,0,1.9713404304352126e-05,0.004449863937493807
s22-118-31,u031,2025-06-19,variable,hazard_cal,120,0.015535298779557505,0,0.0002413455081701209,0.01565723607043586
s22-118-42,u042,2025-06-19,variable,empirical,30,0.0011990407673860837,0,1.4376987618538084e-06,0.0011997601919040602
s22-118-42,u042,2025-06-19,variable,empirical,60,0.00659472422062346,0,4.349038754607771e-05,0.006616565492129114
s22-118-42,u042,2025-06-19,variable,empirical,120,0.017386091127098324,0,0.0003022761646797671,0.017539004174862385
s22-118-42,u042,2025-06-19,variable,hazard,30,0.001187573440357026,0,1.4103306762414226e-06,0.0011882791644832955
s22-118-42,u042,2025-06-19,variable,hazard,60,0.0030886935740024324,0,9.540027994083919e-06,0.0030934734328832616
s22-118-42,u042,2025-06-19,variable,hazard,120,0.011049538597056374,0,0.00012209230320783855,0.011111038196413438
s22-118-42,u042,2025-06-19,variable,hazard_cal,30,0.0016193221614231312,0,2.6222042624760813e-06,0.0016206346806734127
s22-118-42,u042,2025-06-19,variable,hazard_cal,60,0.004173872915959054,0,1.7421215118576535e-05,0.004182607837626579
s22-118-42,u042,2025-06-19,variable,hazard_cal,120,0.014609669953148496,0,0.00021344245613993,0.014717442146676135
s22-119-4,u004,2025-06-20,regular,empirical,30,0.0011990407673860837,0,1.4376987618538084e-06,0.0011997601919040602
s22-119-4,u004,2025-06-20,regular,empirical,60,0.00659472422062346,0,4.349038754607771e-05,0.006616565492129114
s22-119-4,u004,2025-06-20,regular,empirical,120,0.017386091127098324,0,0.0003022761646797671,0.017539004174862385
s22-119-4,u004,2025-06-20,regular,hazard,30,0.006065544247729093,0,3.6790827021159494e-05,0.006084014386744345
s22-119-4,u004,2025-06-20,regular,hazard,60,0.01570670158325993,0,0.00024670047462558,0.015831358846487637
s22-119-4,u004,2025-06-20,regular,hazard,120,0.055171425277136366,0,0.0030438861671106413,0.05675177035346959
s22-119-4,u004,2025-06-20,regular,hazard_cal,30,0.007869752987457068,0,6.193301208358945e-05,0.007900882924336043
s22-119-4,u004,2025-06-20,regular,hazard_cal,60,0.0201731884773656,0,0.00040695753334331623,0.020379445870944854
s22-119-4,u004,2025-06-20,regular,hazard_cal,120,0.06904315603234279,0,0.004766957394906433,0.071542357271785
s22-119-55,u055,2025-06-20,new,empirical,30,0.0011990407673860837,0,1.4376987618538084e-06,0.0011997601919040602
s22-119-55,u055,2025-06-20,new,empirical,60,0.00659472422062346,0,4.349038754607771e-05,0.006616565492129114
s22-119-55,u055,2025-06-20,new,empirical,120,0.017386091127098324,0,0.0003022761646797671,0.017539004174862385
s22-119-55,u055,2025-06-20,new,hazard,30,0.0029917922167208566,0,8.950820668031498e-06,0.002996276573464098
s22-119-55,u055,2025-06-20,new,hazard,60,0.007768612702429567,0,6.035134332035002e-05,0.00779894557242766
s22-119-55,u055,2025-06-20,new,hazard,120,0.027603632846738058,0,0.0007619605463375162,0.02799177250635979
s22-119-55,u055,2025-06-20,new,hazard_cal,30,0.00396701001771993,0,1.5737168480690278e-05,0.003974899473907042
s22-119-55,u055,2025-06-20,new,hazard_cal,60,0.010204009453791962,0,0.00010412180893307574,0.010256427244218687
s22-119-55,u055,2025-06-20,new,hazard_cal,120,0.035415498186079364,0,0.0012542575117681907,0.03605783843267405
s22-119-23,u023,2025-06-20,regular,empirical,30,0.0011990407673860837,0,1.4376987618538084e-06,0.0011997601919040602
s22-119-23,u023,2025-06-20,regular,empirical,60,0.00659472422062346,0,4.349038754607771e-05,0.006616565492129114
s22-119-23,u023,2025-06-20,regular,empirical,120,0.017386091127098324,0,0.0003022761646797671,0.017539004174862385
s22-119-23,u023,2025-06-20,regular,hazard,30,0.0018587012627883093,0,3.4547703842908555e-06,0.0018604307914307835
s22-119-23,u023,2025-06-20,regular,hazard,60,0.004831285675475305,0,2.3341321278052877e-05,0.0048429940623775924
s22-119-23,u023,2025-06-20,regular,hazard,120,0.017239896416043843,0,0.00029721402843592133,0.017390233803017113
s22-119-23,u023,2025-06-20,regular,hazard_cal,30,0.0025004358310516395,0,6.252179345206903e-06,0.002503567141574021
s22-119-23,u023,2025-06-20,regular,hazard_cal,60,0.006439980114450683,0,4.147334387452023e-05,0.006460806247794808
s22-119-23,u023,2025-06-20,regular,hazard_cal,120,0.02246999586027909,0,0.0005049007139609594,0.02272629282159809
s22-119-25,u025,2025-06-20,regular,empirical,30,0.0011990407673860837,0,1.4376987618538084e-06,0.0011997601919040602
s22-119-25,u025,2025-06-20,regular,empirical,60,0.00659472422062346,0,4.349038754607771e-05,0.006616565492129114
s22-119-25,u025,2025-06-20,regular,empirical,120,0.017386091127098324,0,0.0003022761646797671,0.017539004174862385
s22-119-25,u025,2025-06-20,regular,hazard,30,0.005478798809789853,0,3.001723639815471e-05,0.005493862473705748
s22-119-25,u025,2025-06-20,regular,hazard,60,0.014194793022224372,0,0.00020149214894378973,0.014296502742890398
s22-119-25,u025,2025-06-20,regular,hazard,120,0.049969952310932375,0,0.0024969961339568556,0.05126166574135446
s22-119-25,u025,2025-06-20,regular,hazard_cal,30,0.007130960376614315,0,5.085059589284337e-05,0.007156507195911198
s22-119-25,u025,2025-06-20,regular,hazard_cal,60,0.018291291207118587,0,0.00033457133402361376,0.018460645188364197
s22-119-25,u025,2025-06-20,regular,hazard_cal,120,0.0627678134395685,0,0.003939798403984476,0.06482422961722516
s22-119-47,u047,2025-06-20,variable,empirical,30,0.0011990407673860837,0,1.4376987618538084e-06,0.0011997601919040602
s22-119-47,u047,2025-06-20,variable,empirical,60,0.00659472422062346,0,4.349038754607771e-05,0.006616565492129114
s22-119-47,u047,2025-06-20,variable,empirical,120,0.017386091127098324,0,0.0003022761646797671,0.017539004174862385
s22-119-47,u047,2025-06-20,variable,hazard,30,0.0008649611238586985,0,7.481577457869027e-07,0.0008653354185807454
s22-119-47,u047,2025-06-20,variable,hazard,60,0.002250279688694956,0,5.063758677353068e-06,0.0022528153727467077
s22-119-47,u047,2025-06-20,variable,hazard,120,0.008059978773286125,0,6.496325782582291e-05,0.008092635998263955
s22-119-47,u047,2025-06-20,variable,hazard_cal,30,0.0011907076939139394,0,1.4177848123458516e-06,0.001191417149545548
s22-119-47,u047,2025-06-20,variable,hazard_cal,60,0.0030702597067888693,0,9.426494667131273e-06,0.00307498262365409
s22-119-47,u047,2025-06-20,variable,hazard_cal,120,0.01076340824074895,0,0.00011585095695702242,0.01082175275412378
s22-119-6,u006,2025-06-20,variable,empirical,30,0.0011990407673860837,0,1.4376987618538084e-06,0.0011997601919040602
s22-119-6,u006,2025-06-20,variable,empirical,60,0.00659472422062346,0,4.349038754607771e-05,0.006616565492129114
s22-119-6,u006,2025-06-20,variable,empirical,120,0.017386091127098324,0,0.0003022761646797671,0.017539004174862385
s22-119-6,u006,2025-06-20,variable,hazard,30,0.0011722935865545736,0,1.3742722530769855e-06,0.001172981260170561
s22-119-6,u006,2025-06-20,variable,hazard,60,0.0030489948060133942,0,9.296369327096655e-06,0.0030536524605293287
s22-119-6,u006,2025-06-20,variable,hazard,120,0.010908147613521435,0,0.00011898768435837337,0.010968077671464021
s22-119-6,u006,2025-06-20,variable,hazard_cal,30,0.0015991100510185374,0,2.5571529552685094e-06,0.0016003899921893546
s22-119-6,u006,2025-06-20,variable,hazard_cal,60,0.004121848724445543,0,1.6989636907213347e-05,0.0041303669582042676
s22-119-6,u006,2025-06-20,variable,hazard_cal,120,0.014428626108003106,0,0.00020818525136454886,0.014533730971270984
s22-119-29,u029,2025-06-20,regular,empirical,30,0.0011990407673860837,0,1.4376987618538084e-06,0.0011997601919040602
s22-119-29,u029,2025-06-20,regular,empirical,60,0.00659472422062346,0,4.349038754607771e-05,0.006616565492129114
s22-119-29,u029,2025-06-20,regular,empirical,120,0.017386091127098324,0,0.0003022761646797671,0.017539004174862385
s22-119-29,u029,2025-06-20,regular,hazard,30,0.0007265039678375773,0,5.278080152837436e-07,0.0007267679997331108
s22-119-29,u029,2025-06-20,regular,hazard,60,0.0018903045937371799,0,3.5732514571038845e-06,0.0018920934741738127
s22-119-29,u029,2025-06-20,regular,hazard,120,0.006774167616372173,0,4.588934689470545e-05,0.006797216439856041
s22-119-29,u029,2025-06-20,regular,hazard_cal,30,0.0010053526232296495,0,1.0107338970347376e-06,0.0010058583291484265
s22-119-29,u029,2025-06-20,regular,hazard_cal,60,0.0025927418868179064,0,6.7223104916600776e-06,0.0025961088631232475
s22-119-29,u029,2025-06-20,regular,hazard_cal,120,0.00909547593948512,0,8.272768256575273e-05,0.009137092320162219
s22-119-31,u031,2025-06-20,variable,empirical,30,0.0011990407673860837,0,1.4376987618538084e-06,0.0011997601919040602
s22-119-31,u031,2025-06-20,variable,empirical,60,0.00659472422062346,0,4.349038754607771e-05,0.006616565492129114
s22-119-31,u031,2025-06-20,variable,empirical,120,0.017386091127098324,1,0.9655300939104832,4.052084752932218
s22-119-31,u031,2025-06-20,variable,hazard,30,0.0012044377596802658,0,1.4506703169436176e-06,0.0012051636777793916
s22-119-31,u031,2025-06-20,variable,hazard,60,0.0031325076975444732,0,9.812604475175377e-06,0.0031374242699340285
s22-119-31,u031,2025-06-20,variable,hazard,120,0.011205567879008949,1,0.9777144289934732,4.491344492155919
s22-119-31,u031,2025-06-20,variable,hazard_cal,30,0.0016416210304893708,0,2.6949196077449836e-06,0.0016429699667901802
s22-119-31,u031,2025-06-20,variable,hazard_cal,60,0.004231266089095298,0,1.790361271672782e-05,0.004240243227510503
s22-119-31,u031,2025-06-20,variable,hazard_cal,120,0.014809367030199083,1,0.970600583291437,4.212495390967633
s22-119-46,u046,2025-06-20,variable,empirical,30,0.0011990407673860837,0,1.4376987618538084e-06,0.0011997601919040602
s22-119-46,u046,2025-06-20,variable,empirical,60,0.00659472422062346,0,4.349038754607771e-05,0.006616565492129114
s22-119-46,u046,2025-06-20,variable,empirical,120,0.017386091127098324,0,0.0003022761646797671,0.017539004174862385
s22-119-46,u046,2025-06-20,variable,hazard,30,0.0006337062162650176,0,4.015835685329252e-07,0.0006339070929182897
s22-119-46,u046,2025-06-20,variable,hazard,60,0.001648989471316975,0,2.719166276514237e-06,0.0016503505509316606
s22-119-46,u046,2025-06-20,variable,hazard,120,0.0059114503146875386,0,3.49452448230194e-05,0.005928992102868676
s22-119-46,u046,2025-06-20,variable,hazard_cal,30,0.0008805347158827859,0,7.753413858747785e-07,0.0008809226142977867
s22-119-46,u046,2025-06-20,variable,hazard_cal,60,0.0022710939736939606,0,5.1578678373490245e-06,0.002273676818943163
s22-119-46,u046,2025-06-20,variable,hazard_cal,120,0.00797072033650581,0,6.353238268278729e-05,0.008002656343033921
s22-119-19,u019,2025-06-20,regular,empirical,30,0.0011990407673860837,0,1.4376987618538084e-06,0.0011997601919040602
s22-119-19,u019,2025-06-20,regular,empirical,60,0.00659472422062346,0,4.349038754607771e-05,0.006616565492129114
s22-119-19,u019,2025-06-20,regular,empirical,120,0.017386091127098324,0,0.0003022761646797671,0.017539004174862385
s22-119-19,u019,2025-06-20,regular,hazard,30,0.0018937151534385022,0,3.5861570823626098e-06,0.001895510498919696
s22-119-19,u019,2025-06-20,regular,hazard,60,0.004922142123907514,0,2.422748308794477e-05,0.004934295763146119
s22-119-19,u019,2025-06-20,regular,hazard,120,0.01756179383374712,0,0.00030841660265903834,0.01771783170393637
s22-119-19,u019,2025-06-20,regular,hazard_cal,30,0.002546101241342802,0,6.4826315311673565e-06,0.0025493480694480214
s22-119-19,u019,2025-06-20,regular,hazard_cal,60,0.006557329494931707,0,4.299857010510132e-05,0.006578923229905577
s22-119-19,u019,2025-06-20,regular,hazard_cal,120,0.022875672936869762,0,0.0005232964123146357,0.023141381132548516
s22-119-49,u049,2025-06-20,regular,empirical,30,0.0011990407673860837,0,1.4376987618538084e-06,0.0011997601919040602
s22-119-49,u049,2025-06-20,regular,empirical,60,0.00659472422062346,0,4.349038754607771e-05,0.006616565492129114
s22-119-49,u049,2025-06-20,regular,empirical,120,0.017386091127098324,0,0.0003022761646797671,0.017539004174862385
s22-119-49,u049,2025-06-20,regular,hazard,30,0.0006704510920299,0,4.495046668040855e-07,0.0006706759448708077
s22-119-49,u049,2025-06-20,regular,hazard,60,0.0017445471718910976,0,3.043444834953227e-06,0.0017460706664384764
s22-119-49,u049,2025-06-20,regular,hazard,120,0.006253147637722334,0,3.91018553791524e-05,0.006272780452797722
s22-119-49,u049,2025-06-20,regular,hazard_cal,30,0.0009300202523062628,0,8.649376696998048e-07,0.0009304529894647979
s22-119-49,u049,2025-06-20,regular,hazard_cal,60,0.0023986235618610463,0,5.753394991514972e-06,0.0024015048677243664
s22-119-49,u049,2025-06-20,regular,hazard_cal,120,0.00841679447069632,0,7.084242916194415e-05,0.008452415703836296
s22-119-17,u017,2025-06-20,variable,empirical,30,0.0011990407673860837,0,1.4376987618538084e-06,0.0011997601919040602
s22-119-17,u017,2025-06-20,variable,empirical,60,0.00659472422062346,0,4.349038754607771e-05,0.006616565492129114
s22-119-17,u017,2025-06-20,variable,empirical,120,0.017386091127098324,0,0.0003022761646797671,0.017539004174862385
s22-119-17,u017,2025-06-20,variable,hazard,30,0.000320195112433197,0,1.0252491002610765e-07,0.00032024638583349693
s22-119-17,u017,2025-06-20,variable,hazard,60,0.0008334251986099606,0,6.945975616780522e-07,0.0008337726904765335
s22-119-17,u017,2025-06-20,variable,hazard,120,0.0029912766193641582,0,8.947735813554668e-06,0.0029957594290520918
s22-119-17,u017,2025-06-20,variable,hazard_cal,30,0.0004540864095166075,0,2.0619446730768416e-07,0.00045418953797092933
s22-119-17,u017,2025-06-20,variable,hazard_cal,60,0.0011716294297480223,0,1.372715520651676e-06,0.0011723163240845113
s22-119-17,u017,2025-06-20,variable,hazard_cal,120,0.0041183557577832985,0,1.6960854147666848e-05,0.004126859540622983
s22-119-48,u048,2025-06-20,regular,empirical,30,0.0011990407673860837,0,1.4376987618538084e-06,0.0011997601919040602
s22-119-48,u048,2025-06-20,regular,empirical,60,0.00659472422062346,0,4.349038754607771e-05,0.006616565492129114
s22-119-48,u048,2025-06-20,regular,empirical,120,0.017386091127098324,0,0.0003022761646797671,0.017539004174862385
s22-119-48,u048,2025-06-20,regular,hazard,30,0.005278316157914853,0,2.7860621462905016e-05,0.0052922956825790495
s22-119-48,u048,2025-06-20,regular,hazard,60,0.013677829352657933,0,0.00018708301580043092,0.013772232670609372
s22-119-48,u048,2025-06-20,regular,hazard,120,0.04818614186359016,0,0.002321904267698036,0.04938579047633719
s22-119-48,u048,2025-06-20,regular,hazard_cal,30,0.0068779551749645895,0,4.7306267388822175e-05,0.006901717328021427
s22-119-48,u048,2025-06-20,regular,hazard_cal,60,0.017646255181534176,0,0.00031139032193182173,0.017803806555163497
s22-119-48,u048,2025-06-20,regular,hazard_cal,120,0.06060915570652381,0,0.0036734697554576478,0.06252365177112586
s22-119-12,u012,2025-06-20,variable,empirical,30,0.0011990407673860837,0,1.4376987618538084e-06,0.0011997601919040602
s22-119-12,u012,2025-06-20,variable,empirical,60,0.00659472422062346,0,4.349038754607771e-05,0.006616565492129114
s22-119-12,u012,2025-06-20,variable,empirical,120,0.017386091127098324,0,0.0003022761646797671,0.017539004174862385
s22-119-12,u012,2025-06-20,variable,hazard,30,0.0010493990469495618,0,1.1012383597386486e-06,0.0010499500516456958
s22-119-12,u012,2025-06-20,variable,hazard,60,0.0027296614918019824,0,7.451051859826624e-06,0.0027333938112582626
s22-119-12,u012,2025-06-20,variable,hazard,120,0.009770217737642528,0,9.545715464094468e-05,0.009818259489993484
s22-119-12,u012,2025-06-20,variable,hazard_cal,30,0.001436245285932225,0,2.0628005213625386e-06,0.0014372776748204246
s22-119-12,u012,2025-06-20,variable,hazard_cal,60,0.003702581494046564,0,1.3709109720056087e-05,0.0037094530157297675
s22-119-12,u012,2025-06-20,variable,hazard_cal,120,0.012968609721957125,0,0.00016818483812044085,0.013053436327896047
s22-119-58,u058,2025-06-20,new,empirical,30,0.0011990407673860837,0,1.4376987618538084e-06,0.0011997601919040602
s22-119-58,u058,2025-06-20,new,empirical,60,0.00659472422062346,0,4.349038754607771e-05,0.006616565492129114
s22-119-58,u058,2025-06-20,new,empirical,120,0.017386091127098324,0,0.0003022761646797671,0.017539004174862385
s22-119-58,u058,2025-06-20,new,hazard,30,0.002147290597254159,0,4.610856909056122e-06,0.0021495993313160626
s22-119-58,u058,2025-06-20,new,hazard,60,0.005579966764312827,0,3.113602909083576e-05,0.005595592934977445
s22-119-58,u058,2025-06-20,new,hazard,120,0.01988987943631526,0,0.0003956073039911567,0.020090345708194225
s22-119-58,u058,2025-06-20,new,hazard_cal,30,0.002876071517431522,0,8.271787373380858e-06,0.002880215358347302
s22-119-58,u058,2025-06-20,new,hazard_cal,60,0.007404994640491269,0,5.4833945625704424e-05,0.0074325477178330095
s22-119-58,u058,2025-06-20,new,hazard_cal,120,0.02580206655878825,0,0.0006657466387041389,0.026140778899963846
s22-119-24,u024,2025-06-20,regular,empirical,30,0.0011990407673860837,0,1.4376987618538084e-06,0.0011997601919040602
s22-119-24,u024,2025-06-20,regular,empirical,60,0.00659472422062346,0,4.349038754607771e-05,0.006616565492129114
s22-119-24,u024,2025-06-20,regular,empirical,120,0.017386091127098324,0,0.0003022761646797671,0.017539004174862385
s22-119-24,u024,2025-06-20,regular,hazard,30,0.003576240557825572,0,1.2789496527436556e-05,0.003582650593204838
s22-119-24,u024,2025-06-20,regular,hazard,60,0.009281351786322278,0,8.614349098146774e-05,0.009324691910218461
s22-119-24,u024,2025-06-20,regular,hazard,120,0.03290652110141323,0,0.0010828391309977545,0.033460119226233334
s22-119-24,u024,2025-06-20,regular,hazard_cal,30,0.0047161955069069394,0,2.2242500059369203e-05,0.004727351847746929
s22-119-24,u024,2025-06-20,regular,hazard_cal,60,0.0121230696467175,0,0.00014696881765916315,0.012197153412815446
s22-119-24,u024,2025-06-20,regular,hazard_cal,120,0.04196284110671222,0,0.0017608800337471772,0.04286871377469296
s22-119-53,u053,2025-06-20,regular,empirical,30,0.0011990407673860837,0,1.4376987618538084e-06,0.0011997601919040602
s22-119-53,u053,2025-06-20,regular,empirical,60,0.00659472422062346,0,4.349038754607771e-05,0.006616565492129114
s22-119-53,u053,2025-06-20,regular,empirical,120,0.017386091127098324,0,0.0003022761646797671,0.017539004174862385
s22-119-53,u053,2025-06-20,regular,hazard,30,0.005101181443868619,0,2.6022052123269526e-05,0.005114236887647327
s22-119-53,u053,2025-06-20,regular,hazard,60,0.013220915476715778,0,0.00017479260604246277,0.013309089805627485
s22-119-53,u053,2025-06-20,regular,hazard,120,0.04660729110549999,0,0.0021722395841928185,0.04772838371862743
s22-119-53,u053,2025-06-20,regular,hazard_cal,30,0.006654158891003514,0,4.427783054672112e-05,0.006676396509605395
s22-119-53,u053,2025-06-20,regular,hazard_cal,60,0.017075446469783206,0,0.0002915708721424318,0.017222913021375838
s22-119-53,u053,2025-06-20,regular,hazard_cal,120,0.05869560506481741,0,0.0034451740539250195,0.06048871143403779
s22-119-21,u021,2025-06-20,regular,empirical,30,0.0011990407673860837,0,1.4376987618538084e-06,0.0011997601919040602
s22-119-21,u021,2025-06-20,regular,empirical,60,0.00659472422062346,0,4.349038754607771e-05,0.006616565492129114
s22-119-21,u021,2025-06-20,regular,empirical,120,0.017386091127098324,0,0.0003022761646797671,0.017539004174862385
s22-119-21,u021,2025-06-20,regular,hazard,30,0.0013305080200098907,0,1.7702515913106397e-06,0.0013313939317011417
s22-119-21,u021,2025-06-20,regular,hazard,60,0.003460000903171112,0,1.1971606249944912e-05,0.003466000549481533
s22-119-21,u021,2025-06-20,regular,hazard,120,0.01237119580189494,0,0.000153046485568823,0.012448356081724503
s22-119-21,u021,2025-06-20,regular,hazard_cal,30,0.0018080258975072816,0,3.268957646057011e-06,0.0018096623491257284
s22-119-21,u021,2025-06-20,regular,hazard_cal,60,0.004659490244054099,0,2.1710849334435323e-05,0.0046703795074994215
s22-119-21,u021,2025-06-20,regular,hazard_cal,120,0.016298335410212528,0,0.00026563573714378754,0.016432614292662275
s22-119-30,u030,2025-06-20,regular,empirical,30,0.0011990407673860837,0,1.4376987618538084e-06,0.0011997601919040602
s22-119-30,u030,2025-06-20,regular,empirical,60,0.00659472422062346,0,4.349038754607771e-05,0.006616565492129114
s22-119-30,u030,2025-06-20,regular,empirical,120,0.017386091127098324,0,0.0003022761646797671,0.017539004174862385
s22-119-30,u030,2025-06-20,regular,hazard,30,0.003950314792762644,0,1.560498696191937e-05,0.003958137895519148
s22-119-30,u030,2025-06-20,regular,hazard,60,0.010248742339142636,0,0.00010503671953413486,0.010301622311321838
s22-119-30,u030,2025-06-20,regular,hazard,120,0.03628545676396355,0,0.0013166343725694685,0.03696014519794578
s22-119-30,u030,2025-06-20,regular,hazard_cal,30,0.0051936531700780275,0,2.6974033251061545e-05,0.005207187067286675
s22-119-30,u030,2025-06-20,regular,hazard_cal,60,0.013344766516772855,0,0.00017808279338718191,0.013434608085196871
s22-119-30,u030,2025-06-20,regular,hazard_cal,120,0.046112473187551184,0,0.0021263601834726267,0.047209510907189715
s22-119-26,u026,2025-06-20,regular,empirical,30,0.0011990407673860837,0,1.4376987618538084e-06,0.0011997601919040602
s22-119-26,u026,2025-06-20,regular,empirical,60,0.00659472422062346,0,4.349038754607771e-05,0.006616565492129114
s22-119-26,u026,2025-06-20,regular,empirical,120,0.017386091127098324,0,0.0003022761646797671,0.017539004174862385
s22-119-26,u026,2025-06-20,regular,hazard,30,0.0035077581915399225,0,1.2304367530315427e-05,0.003513924800176302
s22-119-26,u026,2025-06-20,regular,hazard,60,0.009104179651143185,0,8.288608712028964e-05,0.009145875961443414
s22-119-26,u026,2025-06-20,regular,hazard,120,0.03228665462638747,0,0.0010424280669636273,0.03281936637333097
s22-119-26,u026,2025-06-20,regular,hazard_cal,30,0.004628621225597707,0,2.1424134450053616e-05,0.00463936646273215
s22-119-26,u026,2025-06-20,regular,hazard_cal,60,0.011898876682084336,0,0.00014158326629545035,0.011970234935478469
s22-119-26,u026,2025-06-20,regular,hazard_cal,120,0.041199784597500066,0,0.0016974222508804038,0.04207255176350586
s22-119-42,u042,2025-06-20,variable,empirical,30,0.0011990407673860837,0,1.4376987618538084e-06,0.0011997601919040602
s22-119-42,u042,2025-06-20,variable,empirical,60,0.00659472422062346,0,4.349038754607771e-05,0.006616565492129114
s22-119-42,u042,2025-06-20,variable,empirical,120,0.017386091127098324,0,0.0003022761646797671,0.017539004174862385
s22-119-42,u042,2025-06-20,variable,hazard,30,0.0011261398890950458,0,1.268191049811002e-06,0.0011267744610759004
s22-119-42,u042,2025-06-20,variable,hazard,60,0.002929075735371711,0,8.57948466354333e-06,0.002933373872802048
s22-119-42,u042,2025-06-20,variable,hazard,120,0.01048094522329357,0,0.0001098502127736803,0.010536257149986461
s22-119-42,u042,2025-06-20,variable,hazard_cal,30,0.0015380091546458585,0,2.3654721597744684e-06,0.0015391931048322795
s22-119-42,u042,2025-06-20,variable,hazard_cal,60,0.003964569124302986,0,1.5717808341376544e-05,0.003972448861878471
s22-119-42,u042,2025-06-20,variable,hazard_cal,120,0.013881132701072052,0,0.00019268584506477188,0.013978376575773457
s22-120-31,u031,2025-06-23,variable,empirical,30,0.0011990407673860837,0,1.4376987618538084e-06,0.0011997601919040602
s22-120-31,u031,2025-06-23,variable,empirical,60,0.00659472422062346,0,4.349038754607771e-05,0.006616565492129114
s22-120-31,u031,2025-06-23,variable,empirical,120,0.017386091127098324,0,0.0003022761646797671,0.017539004174862385
s22-120-31,u031,2025-06-23,variable,hazard,30,0.001505790746334612,0,2.267405771746948e-06,0.0015069255885868612
s22-120-31,u031,2025-06-23,variable,hazard,60,0.003915210480979314,0,1.5328873110370274e-05,0.003922894981717572
s22-120-31,u031,2025-06-23,variable,hazard,120,0.01398955523518619,0,0.00019570765567832534,0.014088331367845297
s22-120-31,u031,2025-06-23,variable,hazard_cal,30,0.002038599976964095,0,4.155889866078009e-06,0.002040680750287705
s22-120-31,u031,2025-06-23,variable,hazard_cal,60,0.005252638946875998,0,2.7590215906238595e-05,0.00526648255308486
s22-120-31,u031,2025-06-23,variable,hazard_cal,120,0.018357792512847304,0,0.00033700854594475254,0.018528387847307867
s22-120-33,u033,2025-06-23,variable,empirical,30,0.0011990407673860837,0,1.4376987618538084e-06,0.0011997601919040602
s22-120-33,u033,2025-06-23,variable,empirical,60,0.00659472422062346,0,4.349038754607771e-05,0.006616565492129114
s22-120-33,u033,2025-06-23,variable,empirical,120,0.017386091127098324,0,0.0003022761646797671,0.017539004174862385
s22-120-33,u033,2025-06-23,variable,hazard,30,0.0029685630168809762,0,8.812366385193484e-06,0.0029729779395558913
s22-120-33,u033,2025-06-23,variable,hazard,60,0.007708455298848893,0,5.9420283094351574e-05,0.0077383190080991615
s22-120-33,u033,2025-06-23,variable,hazard,120,0.027392268111682827,0,0.0007503363523023159,0.027774431333668782
s22-120-33,u033,2025-06-23,variable,hazard_cal,30,0.0039371441879305635,0,1.5501104356555416e-05,0.003944915143730705
s22-120-33,u033,2025-06-23,variable,hazard_cal,60,0.010127454620821874,0,0.00010256533709680632,0.010179086182703596
s22-120-33,u033,2025-06-23,variable,hazard_cal,120,0.035153574858540426,0,0.0012357738253350055,0.03578633523917937
s22-120-59,u059,2025-06-23,new,empirical,30,0.0011990407673860837,0,1.4376987618538084e-06,0.0011997601919040602
s22-120-59,u059,2025-06-23,new,empirical,60,0.00659472422062346,0,4.349038754607771e-05,0.006616565492129114
s22-120-59,u059,2025-06-23,new,empirical,120,0.017386091127098324,0,0.0003022761646797671,0.017539004174862385
s22-120-59,u059,2025-06-23,new,hazard,30,0.0010121623881178543,0,1.024472699920438e-06,0.001012674970374658
s22-120-59,u059,2025-06-23,new,hazard,60,0.002632890608485483,0,6.932112956251057e-06,0.0026363627608342157
s22-120-59,u059,2025-06-23,new,hazard,120,0.009425170522039839,0,8.883383936952872e-05,0.009469868520942197
s22-120-59,u059,2025-06-23,new,hazard_cal,30,0.0013867864183088052,0,1.9231765700057645e-06,0.0013877488965312029
s22-120-59,u059,2025-06-23,new,hazard_cal,60,0.0035752343387950303,0,1.2782300577299137e-05,0.003581640763287645
s22-120-59,u059,2025-06-23,new,hazard_cal,120,0.012524806505276542,0,0.0001568707779946176,0.012603903034057904
s22-120-40,u040,2025-06-23,regular,empirical,30,0.0011990407673860837,0,1.4376987618538084e-06,0.0011997601919040602
s22-120-40,u040,2025-06-23,regular,empirical,60,0.00659472422062346,0,4.349038754607771e-05,0.006616565492129114
s22-120-40,u040,2025-06-23,regular,empirical,120,0.017386091127098324,0,0.0003022761646797671,0.017539004174862385
s22-120-40,u040,2025-06-23,regular,hazard,30,0.0009637039289414062,0,9.287252626571029e-07,0.000964168590127262
s22-120-40,u040,2025-06-23,regular,hazard,60,0.0025069467568737958,0,6.284782041800042e-06,0.002510094409660482
s22-120-40,u040,2025-06-23,regular,hazard,120,0.008975958557547847,0,8.056783202681644e-05,0.009016485165936337
s22-120-40,u040,2025-06-23,regular,hazard_cal,30,0.0013223394918514542,0,1.748581731709962e-06,0.0013232145542220626
s22-120-40,u040,2025-06-23,regular,hazard_cal,60,0.0034092791250627252,0,1.1623184152588461e-05,0.003415103959899035
s22-120-40,u040,2025-06-23,regular,hazard_cal,120,0.01194621571702037,0,0.0001427120699575845,0.012018145182557793
s22-120-26,u026,2025-06-23,regular,empirical,30,0.0011990407673860837,0,1.4376987618538084e-06,0.0011997601919040602
s22-120-26,u026,2025-06-23,regular,empirical,60,0.00659472422062346,0,4.349038754607771e-05,0.006616565492129114
s22-120-26,u026,2025-06-23,regular,empirical,120,0.017386091127098324,0,0.0003022761646797671,0.017539004174862385
s22-120-26,u026,2025-06-23,regular,hazard,30,0.0043954022749553845,0,1.931956115868297e-05,0.004405090454923095
s22-120-26,u026,2025-06-23,regular,hazard,60,0.011398933029836966,0,0.00012993567421870815,0.01146439883597522
s22-120-26,u026,2025-06-23,regular,hazard,120,0.04029049345963587,0,0.0016233238632209607,0.04112463766585964
s22-120-26,u026,2025-06-23,regular,hazard_cal,30,0.005759904931017523,0,3.317650481435998e-05,0.005776557157706792
s22-120-26,u026,2025-06-23,regular,hazard_cal,60,0.014792329831792905,0,0.00021881302185255033,0.014902827374051386
s22-120-26,u026,2025-06-23,regular,hazard_cal,120,0.05101073612648632,0,0.002602095200166017,0.05235779353049811
s22-120-37,u037,2025-06-23,regular,empirical,30,0.0011990407673860837,0,1.4376987618538084e-06,0.0011997601919040602
s22-120-37,u037,2025-06-23,regular,empirical,60,0.00659472422062346,0,4.349038754607771e-05,0.006616565492129114
s22-120-37,u037,2025-06-23,regular,empirical,120,0.017386091127098324,0,0.0003022761646797671,0.017539004174862385
s22-120-37,u037,2025-06-23,regular,hazard,30,0.0020415501498770583,0,4.167927014463039e-06,0.0020436369540783057
s22-120-37,u037,2025-06-23,regular,hazard,60,0.005305691603461726,0,2.8150363391044266e-05,0.005319816769828174
s22-120-37,u037,2025-06-23,regular,hazard,120,0.018919742819221153,0,0.00035795666834547037,0.019101011161958822
s22-120-37,u037,2025-06-23,regular,hazard_cal,30,0.0027386288501254352,0,7.500087978739364e-06,0.0027423857548609545
s22-120-37,u037,2025-06-23,regular,hazard_cal,60,0.007051976275933569,0,4.973036939632989e-05,0.007076958981546221
s22-120-37,u037,2025-06-23,regular,hazard_cal,120,0.024584192221889567,0,0.0006043825072028154,0.024891429380556593
s22-120-54,u054,2025-06-23,new,empirical,30,0.0011990407673860837,0,1.4376987618538084e-06,0.0011997601919040602
s22-120-54,u054,2025-06-23,new,empirical,60,0.00659472422062346,0,4.349038754607771e-05,0.006616565492129114
s22-120-54,u054,2025-06-23,new,empirical,120,0.017386091127098324,0,0.0003022761646797671,0.017539004174862385
s22-120-54,u054,2025-06-23,new,hazard,30,0.0037188512273952368,0,1.382985445149906e-05,0.003725783346303638
s22-120-54,u054,2025-06-23,new,hazard,60,0.009650232836783568,0,9.312699380413583e-05,0.009697098084443738
s22-120-54,u054,2025-06-23,new,hazard,120,0.034196086414136295,0,0.001169372326043077,0.0347944533808251
s22-120-54,u054,2025-06-23,new,hazard_cal,30,0.004898396396029292,0,2.3994287252632756e-05,0.004910432861996803
s22-120-54,u054,2025-06-23,new,hazard_cal,60,0.012589398597464108,0,0.00015849295704583124,0.01266931653024841
s22-120-54,u054,2025-06-23,new,hazard_cal,120,0.04354847424737407,0,0.0018964696092742025,0.044525170160086974
s22-120-8,u008,2025-06-23,variable,empirical,30,0.0011990407673860837,0,1.4376987618538084e-06,0.0011997601919040602
s22-120-8,u008,2025-06-23,variable,empirical,60,0.00659472422062346,0,4.349038754607771e-05,0.006616565492129114
s22-120-8,u008,2025-06-23,variable,empirical,120,0.017386091127098324,0,0.0003022761646797671,0.017539004174862385
s22-120-8,u008,2025-06-23,variable,hazard,30,0.0004831830340683574,0,2.3346584441150343e-07,0.00048329980460644
s22-120-8,u008,2025-06-23,variable,hazard,60,0.0012574773572873177,0,1.5812493040902964e-06,0.001258268645360145
s22-120-8,u008,2025-06-23,variable,hazard,120,0.004510482185098641,0,2.034444954209221e-05,0.004520685101477702
s22-120-8,u008,2025-06-23,variable,hazard_cal,30,0.0006768539487600478,0,4.581312679520694e-07,0.0006770831178091759
s22-120-8,u008,2025-06-23,variable,hazard_cal,60,0.0017460694427570145,0,3.048758498929791e-06,0.00174759559878148
s22-120-8,u008,2025-06-23,variable,hazard_cal,120,0.006132597301818032,0,3.760874966626581e-05,0.0061514789117716445
s22-120-21,u021,2025-06-23,regular,empirical,30,0.0011990407673860837,0,1.4376987618538084e-06,0.0011997601919040602
s22-120-21,u021,2025-06-23,regular,empirical,60,0.00659472422062346,0,4.349038754607771e-05,0.006616565492129114
s22-120-21,u021,2025-06-23,regular,empirical,120,0.017386091127098324,0,0.0003022761646797671,0.017539004174862385
s22-120-21,u021,2025-06-23,regular,hazard,30,0.001960245568903396,0,3.842562690405399e-06,0.001962169364734548
s22-120-21,u021,2025-06-23,regular,hazard,60,0.005094764089168535,0,2.5956621124281294e-05,0.005107786649810391
s22-120-21,u021,2025-06-23,regular,hazard,120,0.018173145855893025,0,0.00033026323029956183,0.018340305782653183
s22-120-21,u021,2025-06-23,regular,hazard_cal,30,0.002632799801681962,0,6.931634795736579e-06,0.0026362717143193146
s22-120-21,u021,2025-06-23,regular,hazard_cal,60,0.0067800984185442115,0,4.5969734565145716e-05,0.006803187710120965
s22-120-21,u021,2025-06-23,regular,hazard_cal,120,0.023645416171455436,0,0.0005591057059213262,0.023929455444620256
s22-120-29,u029,2025-06-23,regular,empirical,30,0.0011990407673860837,0,1.4376987618538084e-06,0.0011997601919040602
s22-120-29,u029,2025-06-23,regular,empirical,60,0.00659472422062346,0,4.349038754607771e-05,0.006616565492129114
s22-120-29,u029,2025-06-23,regular,empirical,120,0.017386091127098324,0,0.0003022761646797671,0.017539004174862385
s22-120-29,u029,2025-06-23,regular,hazard,30,0.0017382911295027448,0,3.021656050907928e-06,0.0017398037106532822
s22-120-29,u029,2025-06-23,regular,hazard,60,0.004518793622333206,0,2.0419495801239256e-05,0.004529034232013496
s22-120-29,u029,2025-06-23,regular,hazard,120,0.01613211135706527,0,0.0002602450168367543,0.016263650452710995
s22-120-29,u029,2025-06-23,regular,hazard_cal,30,0.002343191305302472,0,5.490545493245103e-06,0.0023459408740659263
s22-120-29,u029,2025-06-23,regular,hazard_cal,60,0.0060358262682066455,0,3.643119873997336e-05,0.006054115498457094
s22-120-29,u029,2025-06-23,regular,hazard_cal,120,0.021071806808199645,0,0.0004440210421620889,0.021296986238898266
s22-120-5,u005,2025-06-23,regular,empirical,30,0.0011990407673860837,0,1.4376987618538084e-06,0.0011997601919040602
s22-120-5,u005,2025-06-23,regular,empirical,60,0.00659472422062346,0,4.349038754607771e-05,0.006616565492129114
s22-120-5,u005,2025-06-23,regular,empirical,120,0.017386091127098324,0,0.0003022761646797671,0.017539004174862385
s22-120-5,u005,2025-06-23,regular,hazard,30,0.0006517307887419221,0,4.2475302099416796e-07,0.0006519432575724203
s22-120-5,u005,2025-06-23,regular,hazard,60,0.001695864459146712,0,2.8759562637969703e-06,0.0016973040650932055
s22-120-5,u005,2025-06-23,regular,hazard,120,0.006079078774250957,0,3.6955198743548516e-05,0.006097631601234715
s22-120-5,u005,2025-06-23,regular,hazard_cal,30,0.0009048195016861937,0,8.186983306316519e-07,0.0009052290979439362
s22-120-5,u005,2025-06-23,regular,hazard_cal,60,0.002333679887513762,0,5.4460618173862455e-06,0.0023364071623061993
s22-120-5,u005,2025-06-23,regular,hazard_cal,120,0.008189653917039852,0,6.707043128088619e-05,0.008223373359249848
s22-120-25,u025,2025-06-23,regular,empirical,30,0.0011990407673860837,0,1.4376987618538084e-06,0.0011997601919040602
s22-120-25,u025,2025-06-23,regular,empirical,60,0.00659472422062346,0,4.349038754607771e-05,0.006616565492129114
s22-120-25,u025,2025-06-23,regular,empirical,120,0.017386091127098324,0,0.0003022761646797671,0.017539004174862385
s22-120-25,u025,2025-06-23,regular,hazard,30,0.005795067097986606,0,3.35828026701669e-05,0.005811923654117937
s22-120-25,u025,2025-06-23,regular,hazard,60,0.01500994217204954,0,0.00022529836400827125,0.015123731436673461
s22-120-25,u025,2025-06-23,regular,hazard,120,0.05277719616697807,0,0.0027854324352476847,0.05422094014956085
s22-120-25,u025,2025-06-23,regular,hazard_cal,30,0.0075294853195078115,0,5.669314917668365e-05,0.0075579749925732825
s22-120-25,u025,2025-06-23,regular,hazard_cal,60,0.01930674379161712,0,0.0003727503558351462,0.0194955531157316
s22-120-25,u025,2025-06-23,regular,hazard_cal,120,0.06615809248375581,0,0.004376893201089188,0.06844811898128274
s22-120-44,u044,2025-06-23,variable,empirical,30,0.0011990407673860837,0,1.4376987618538084e-06,0.0011997601919040602
s22-120-44,u044,2025-06-23,variable,empirical,60,0.00659472422062346,0,4.349038754607771e-05,0.006616565492129114
s22-120-44,u044,2025-06-23,variable,empirical,120,0.017386091127098324,0,0.0003022761646797671,0.017539004174862385
s22-120-44,u044,2025-06-23,variable,hazard,30,0.001967661140955479,0,3.871690365626218e-06,0.001969599529283258
s22-120-44,u044,2025-06-23,variable,hazard,60,0.005114003495546915,0,2.6153031752466066e-05,0.00512712476535292
s22-120-44,u044,2025-06-23,variable,hazard,120,0.01824126446193608,0,0.00033274372917029216,0.018409687638405555
s22-120-44,u044,2025-06-23,variable,hazard_cal,30,0.002642457691393263,0,6.982582650803413e-06,0.002645955145326681
s22-120-44,u044,2025-06-23,variable,hazard_cal,60,0.006804911919319201,0,4.630682622969253e-05,0.006828170909407536
s22-120-44,u044,2025-06-23,variable,hazard_cal,120,0.02373112540238298,0,0.0005631663128636268,0.02401724424036859
s22-120-47,u047,2025-06-23,variable,empirical,30,0.0011990407673860837,0,1.4376987618538084e-06,0.0011997601919040602
s22-120-47,u047,2025-06-23,variable,empirical,60,0.00659472422062346,0,4.349038754607771e-05,0.006616565492129114
s22-120-47,u047,2025-06-23,variable,empirical,120,0.017386091127098324,0,0.0003022761646797671,0.017539004174862385
s22-120-47,u047,2025-06-23,variable,hazard,30,0.0010770450890416061,0,1.1600261238286412e-06,0.0010776255189070389
s22-120-47,u047,2025-06-23,variable,hazard,60,0.002801504035043867,0,7.848424858367068e-06,0.0028054355920383908
s22-120-47,u047,2025-06-23,variable,hazard,120,0.01002631747180327,0,0.00010052704204538751,0.01007691951169554
s22-120-47,u047,2025-06-23,variable,hazard_cal,30,0.0014729311027964487,0,2.1695260335851626e-06,0.001474016932178798
s22-120-47,u047,2025-06-23,variable,hazard_cal,60,0.003797033304982489,0,1.4417461919146243e-05,0.0038042603359272446
s22-120-47,u047,2025-06-23,variable,hazard_cal,120,0.01329767025785722,0,0.00017682803428670048,0.013386875976427287
s22-120-50,u050,2025-06-23,variable,empirical,30,0.0011990407673860837,0,1.4376987618538084e-06,0.0011997601919040602
s22-120-50,u050,2025-06-23,variable,empirical,60,0.00659472422062346,0,4.349038754607771e-05,0.006616565492129114
s22-120-50,u050,2025-06-23,variable,empirical,120,0.017386091127098324,0,0.0003022761646797671,0.017539004174862385
s22-120-50,u050,2025-06-23,variable,hazard,30,0.0010833361314971368,0,1.1736171738071818e-06,0.0010839233642359798
s22-120-50,u050,2025-06-23,variable,hazard,60,0.002817851790528958,0,7.940288713387255e-06,0.002821829408868903
s22-120-50,u050,2025-06-23,variable,hazard,120,0.01008458544530888,0,0.0001016988636037357,0.01013577934743915
s22-120-50,u050,2025-06-23,variable,hazard_cal,30,0.0014812751930883827,0,2.1941761976590256e-06,0.0014823733657851662
s22-120-50,u050,2025-06-23,variable,hazard_cal,60,0.003818515262262845,0,1.4581058808134282e-05,0.0038258244043134844
s22-120-50,u050,2025-06-23,variable,hazard_cal,120,0.013372498998034499,0,0.00017882372945243367,0.013462716050445658
s22-120-19,u019,2025-06-23,regular,empirical,30,0.0011990407673860837,0,1.4376987618538084e-06,0.0011997601919040602
s22-120-19,u019,2025-06-23,regular,empirical,60,0.00659472422062346,0,4.349038754607771e-05,0.006616565492129114
s22-120-19,u019,2025-06-23,regular,empirical,120,0.017386091127098324,0,0.0003022761646797671,0.017539004174862385
s22-120-19,u019,2025-06-23,regular,hazard,30,0.0027743564243464247,0,7.69705356931228e-06,0.002778212084098528
s22-120-19,u019,2025-06-23,regular,hazard,60,0.007205414075706518,0,5.1917992002389614e-05,0.007231498446361847
s22-120-19,u019,2025-06-23,regular,hazard,120,0.025623367917026796,0,0.0006565569834113181,0.025957364166523198
s22-120-19,u019,2025-06-23,regular,hazard_cal,30,0.003687162139081157,0,1.3595164639873533e-05,0.0036939764769370496
s22-120-19,u019,2025-06-23,regular,hazard_cal,60,0.009486519350226708,0,8.999404938222576e-05,0.009531802991902276
s22-120-19,u019,2025-06-23,regular,hazard_cal,120,0.032958465158150596,0,0.0010862604255810267,0.0335138321846161
s22-120-43,u043,2025-06-23,regular,empirical,30,0.0011990407673860837,0,1.4376987618538084e-06,0.0011997601919040602
s22-120-43,u043,2025-06-23,regular,empirical,60,0.00659472422062346,0,4.349038754607771e-05,0.006616565492129114
s22-120-43,u043,2025-06-23,regular,empirical,120,0.017386091127098324,0,0.0003022761646797671,0.017539004174862385
s22-120-43,u043,2025-06-23,regular,hazard,30,0.003987492190989594,0,1.5900093973202995e-05,0.003995463435215251
s22-120-43,u043,2025-06-23,regular,hazard,60,0.010344851016883982,0,0.00010701594256152557,0.010398730896495938
s22-120-43,u043,2025-06-23,regular,hazard,120,0.036620628152133516,0,0.001341070406256834,0.03730799684017883
s22-120-43,u043,2025-06-23,regular,hazard_cal,30,0.005241025359251195,0,2.7468346816314113e-05,0.005254807709515303
s22-120-43,u043,2025-06-23,regular,hazard_cal,60,0.013465924104536175,0,0.0001813311119891284,0.013557411900664262
s22-120-43,u043,2025-06-23,regular,hazard_cal,120,0.04652321681369953,0,0.0021644097026944946,0.04764020328236359
s22-120-2,u002,2025-06-23,regular,empirical,30,0.0011990407673860837,0,1.4376987618538084e-06,0.0011997601919040602
s22-120-2,u002,2025-06-23,regular,empirical,60,0.00659472422062346,0,4.349038754607771e-05,0.006616565492129114
s22-120-2,u002,2025-06-23,regular,empirical,120,0.017386091127098324,0,0.0003022761646797671,0.017539004174862385
s22-120-2,u002,2025-06-23,regular,hazard,30,0.0031394712039627404,0,9.856279440511258e-06,0.003144409682532542
s22-120-2,u002,2025-06-23,regular,hazard,60,0.008151003033791349,0,6.643885045687577e-05,0.008184404084219003
s22-120-2,u002,2025-06-23,regular,hazard,120,0.02894630621926475,0,0.0008378886437394452,0.029373514814162713
s22-120-2,u002,2025-06-23,regular,hazard_cal,30,0.004156714653778648,0,1.7278276712938146e-05,0.004165377807307548
s22-120-2,u002,2025-06-23,regular,hazard_cal,60,0.010690183492183092,0,0.00011428002309654388,0.010747734021691394
s22-120-2,u002,2025-06-23,regular,hazard_cal,120,0.03707756261372985,0,0.0013747456493750578,0.0377824131211335
s22-120-48,u048,2025-06-23,regular,empirical,30,0.0011990407673860837,0,1.4376987618538084e-06,0.0011997601919040602
s22-120-48,u048,2025-06-23,regular,empirical,60,0.00659472422062346,0,4.349038754607771e-05,0.006616565492129114
s22-120-48,u048,2025-06-23,regular,empirical,120,0.017386091127098324,0,0.0003022761646797671,0.017539004174862385
s22-120-48,u048,2025-06-23,regular,hazard,30,0.007728949588135636,0,5.973666173594202e-05,0.007758972717221704
s22-120-48,u048,2025-06-23,regular,hazard,60,0.01998424895776507,0,0.00039937020640593436,0.02018663495460411
s22-120-48,u048,2025-06-23,regular,hazard,120,0.06976353742604402,0,0.004866951154195044,0.07231646432143195
s22-120-48,u048,2025-06-23,regular,hazard_cal,30,0.009952297094425577,0,9.90482174557118e-05,0.01000215226124389
s22-120-48,u048,2025-06-23,regular,hazard_cal,60,0.02546473656018089,0,0.0006484528080794133,0.025794574501622855
s22-120-48,u048,2025-06-23,regular,hazard_cal,120,0.08650927514780837,0,0.007483854686599216,0.09048205663413139
s22-120-49,u049,2025-06-23,regular,empirical,30,0.0011990407673860837,0,1.4376987618538084e-06,0.0011997601919040602
s22-120-49,u049,2025-06-23,regular,empirical,60,0.00659472422062346,0,4.349038754607771e-05,0.006616565492129114
s22-120-49,u049,2025-06-23,regular,empirical,120,0.017386091127098324,0,0.0003022761646797671,0.017539004174862385
s22-120-49,u049,2025-06-23,regular,hazard,30,0.0007088205585067398,0,5.024265841618065e-07,0.0007090718905720619
s22-120-49,u049,2025-06-23,regular,hazard,60,0.0018443230190411386,0,3.40152739856502e-06,0.0018460258768090532
s22-120-49,u049,2025-06-23,regular,hazard,120,0.0066098271144996446,0,4.3689814483574696e-05,0.0066317687621855505
s22-120-49,u049,2025-06-23,regular,hazard_cal,30,0.0009816065557777254,0,9.635514303458086e-07,0.0009820886470013222
s22-120-49,u049,2025-06-23,regular,hazard_cal,60,0.0025315552123126306,0,6.408771792987248e-06,0.0025347650165512647
s22-120-49,u049,2025-06-23,regular,hazard_cal,120,0.008881593547321986,0,7.888270393983155e-05,0.00892127000075246
s22-120-3,u003,2025-06-23,regular,empirical,30,0.0011990407673860837,0,1.4376987618538084e-06,0.0011997601919040602
s22-120-3,u003,2025-06-23,regular,empirical,60,0.00659472422062346,0,4.349038754607771e-05,0.006616565492129114
s22-120-3,u003,2025-06-23,regular,empirical,120,0.017386091127098324,0,0.0003022761646797671,0.017539004174862385
s22-120-3,u003,2025-06-23,regular,hazard,30,0.0016399044617964043,0,2.6892866438197544e-06,0.0016412505769864772
s22-120-3,u003,2025-06-23,regular,hazard,60,0.004263407418907295,0,1.817664281959376e-05,0.004272521654675349
s22-120-3,u003,2025-06-23,regular,hazard,120,0.015226018695706833,0,0.00023183164532201403,0.015343124744939146
s22-120-3,u003,2025-06-23,regular,hazard_cal,30,0.002214460474086577,0,4.903835191291748e-06,0.0022169160174878603
s22-120-3,u003,2025-06-23,regular,hazard_cal,60,0.005704875559894407,0,3.254560515388052e-05,0.005721210518032239
s22-120-3,u003,2025-06-23,regular,hazard_cal,120,0.019925679735897983,0,0.00039703271293757553,0.02012687318881394
s22-120-38,u038,2025-06-23,regular,empirical,30,0.0011990407673860837,0,1.4376987618538084e-06,0.0011997601919040602
s22-120-38,u038,2025-06-23,regular,empirical,60,0.00659472422062346,0,4.349038754607771e-05,0.006616565492129114
s22-120-38,u038,2025-06-23,regular,empirical,120,0.017386091127098324,0,0.0003022761646797671,0.017539004174862385
s22-120-38,u038,2025-06-23,regular,hazard,30,0.0015122812268389962,0,2.2869945090496596e-06,0.0015134258782623117
s22-120-38,u038,2025-06-23,regular,hazard,60,0.00393206352349218,0,1.5461123552777736e-05,0.003939814409925413
s22-120-38,u038,2025-06-23,regular,hazard,120,0.014049430004346997,0,0.00019738648344704566,0.014149057486395342
s22-120-38,u038,2025-06-23,regular,hazard_cal,30,0.0020471214962091144,0,4.190706420241444e-06,0.002049219713445342
s22-120-38,u038,2025-06-23,regular,hazard_cal,60,0.005274555817804338,0,2.782093907513359e-05,0.005288515396028531
s22-120-38,u038,2025-06-23,regular,hazard_cal,120,0.01843382358540624,0,0.00033980585197787935,0.01860584378445687
s22-120-58,u058,2025-06-23,new,empirical,30,0.0011990407673860837,0,1.4376987618538084e-06,0.0011997601919040602
s22-120-58,u058,2025-06-23,new,empirical,60,0.00659472422062346,0,4.349038754607771e-05,0.006616565492129114
s22-120-58,u058,2025-06-23,new,empirical,120,0.017386091127098324,0,0.0003022761646797671,0.017539004174862385
s22-120-58,u058,2025-06-23,new,hazard,30,0.002673161065173013,0,7.145790080356918e-06,0.0026767403402887385
s22-120-58,u058,2025-06-23,new,hazard,60,0.0069432245346499055,0,4.8208366938564396e-05,0.00696744087621561
s22-120-58,u058,2025-06-23,new,hazard,120,0.02470037346589149,0,0.0006101084493545163,0.025010545928358205
s22-120-58,u058,2025-06-23,new,hazard_cal,30,0.003556690590369782,0,1.2650047955624949e-05,0.003563030651903203
s22-120-58,u058,2025-06-23,new,hazard_cal,60,0.009151887674574755,0,8.37570480080333e-05,0.009194023477027233
s22-120-58,u058,2025-06-23,new,hazard_cal,120,0.03181081954681997,0,0.0010119282402403433,0.032327776447906575
s22-120-18,u018,2025-06-23,variable,empirical,30,0.0011990407673860837,0,1.4376987618538084e-06,0.0011997601919040602
s22-120-18,u018,2025-06-23,variable,empirical,60,0.00659472422062346,0,4.349038754607771e-05,0.006616565492129114
s22-120-18,u018,2025-06-23,variable,empirical,120,0.017386091127098324,0,0.0003022761646797671,0.017539004174862385
s22-120-18,u018,2025-06-23,variable,hazard,30,0.0006008603264682222,0,3.6103313192349856e-07,0.0006010409153769477
s22-120-18,u018,2025-06-23,variable,hazard,60,0.0015635660362208759,0,2.4447387496234615e-06,0.0015647896812619048
s22-120-18,u018,2025-06-23,variable,hazard,120,0.005605911036167255,0,3.1426238545421826e-05,0.0056216831276870655
s22-120-18,u018,2025-06-23,variable,hazard_cal,30,0.0008362269827976165,0,6.992755667588053e-07,0.0008365768156210234
s22-120-18,u018,2025-06-23,variable,hazard_cal,60,0.0021568987064605194,0,4.652212029931062e-06,0.002159228162678977
s22-120-18,u018,2025-06-23,variable,hazard_cal,120,0.007571151186997582,0,5.73223302963749e-05,0.007599957843958309
s22-121-31,u031,2025-06-24,variable,empirical,30,0.0011990407673860837,0,1.4376987618538084e-06,0.0011997601919040602
s22-121-31,u031,2025-06-24,variable,empirical,60,0.00659472422062346,0,4.349038754607771e-05,0.006616565492129114
s22-121-31,u031,2025-06-24,variable,empirical,120,0.017386091127098324,0,0.0003022761646797671,0.017539004174862385
s22-121-31,u031,2025-06-24,variable,hazard,30,0.0014250060823798316,0,2.0306423348195155e-06,0.001426022369138521
s22-121-31,u031,2025-06-24,variable,hazard,60,0.0037054303340252615,0,1.3730213960314561e-05,0.003712312447059021
s22-121-31,u031,2025-06-24,variable,hazard,120,0.013244011692416957,0,0.00017540384570887706,0.013332495739497314
s22-121-31,u031,2025-06-24,variable,hazard_cal,30,0.0019324403116468547,0,3.734325558077793e-06,0.0019343098833713372
s22-121-31,u031,2025-06-24,variable,hazard_cal,60,0.004979574607063553,0,2.4796163267312136e-05,0.004992014001139513
s22-121-31,u031,2025-06-24,variable,hazard_cal,120,0.017410120257479678,0,0.00030311228737990424,0.017563458768855896
s22-121-51,u051,2025-06-24,variable,empirical,30,0.0011990407673860837,1,0.9976033561639897,6.726233402358753
s22-121-51,u051,2025-06-24,variable,empirical,60,0.00659472422062346,1,0.9868540419462991,5.021485310120328
s22-121-51,u051,2025-06-24,variable,empirical,120,0.017386091127098324,1,0.9655300939104832,4.052084752932218
s22-121-51,u051,2025-06-24,variable,hazard,30,0.0013984584506703257,1,0.9972050387846976,6.572384755688295
s22-121-51,u051,2025-06-24,variable,hazard,60,0.0036364852899354316,1,0.9927402534453931,5.6167376434939245
s22-121-51,u051,2025-06-24,variable,hazard,120,0.012998886673534549,1,0.9741711977076823,4.342891565685299
s22-121-51,u051,2025-06-24,variable,hazard_cal,30,0.0018975143117656579,1,0.996208571937032,6.267210506290438
s22-121-51,u051,2025-06-24,variable,hazard_cal,60,0.004889726623861224,1,0.9902444561787337,5.3206188821989615
s22-121-51,u051,2025-06-24,variable,hazard_cal,120,0.01709814246808472,1,0.9660960615396895,4.068785448971313
s22-121-28,u028,2025-06-24,regular,empirical,30,0.0011990407673860837,0,1.4376987618538084e-06,0.0011997601919040602
s22-121-28,u028,2025-06-24,regular,empirical,60,0.00659472422062346,0,4.349038754607771e-05,0.006616565492129114
s22-121-28,u028,2025-06-24,regular,empirical,120,0.017386091127098324,0,0.0003022761646797671,0.017539004174862385
s22-121-28,u028,2025-06-24,regular,hazard,30,0.00167878008245681,0,2.8183025652536936e-06,0.001680190812831219
s22-121-28,u028,2025-06-24,regular,hazard,60,0.004364323807287351,0,1.904732229485516e-05,0.004373875269013451
s22-121-28,u028,2025-06-24,regular,hazard,120,0.01558414351821591,0,0.00024286552919635095,0.015706852832079773
s22-121-28,u028,2025-06-24,regular,hazard_cal,30,0.002265353487095445,0,5.131826421495493e-06,0.002267923282035684
s22-121-28,u028,2025-06-24,regular,hazard_cal,60,0.005835724052187907,0,3.4055675213284446e-05,0.0058528184276097125
s22-121-28,u028,2025-06-24,regular,hazard_cal,120,0.020378953646891462,0,0.0004153017517421508,0.02058946949515631
s22-121-46,u046,2025-06-24,variable,empirical,30,0.0011990407673860837,0,1.4376987618538084e-06,0.0011997601919040602
s22-121-46,u046,2025-06-24,variable,empirical,60,0.00659472422062346,0,4.349038754607771e-05,0.006616565492129114
s22-121-46,u046,2025-06-24,variable,empirical,120,0.017386091127098324,0,0.0003022761646797671,0.017539004174862385
s22-121-46,u046,2025-06-24,variable,hazard,30,0.0006361674069937928,0,4.0470896972120604e-07,0.0006363698473405069
s22-121-46,u046,2025-06-24,variable,hazard,60,0.0016553901720925968,0,2.7403166218607573e-06,0.0016567618443810853
s22-121-46,u046,2025-06-24,variable,hazard,120,0.005934341044281366,0,3.5216403629842456e-05,0.005952019219674154
s22-121-46,u046,2025-06-24,variable,hazard_cal,30,0.0008838519297499348,0,7.811942337226836e-07,0.0008842427571728138
s22-121-46,u046,2025-06-24,variable,hazard_cal,60,0.002279643141036569,0,5.196772850475075e-06,0.00228224548315495
s22-121-46,u046,2025-06-24,variable,hazard_cal,120,0.00800062869869178,0,6.401005957433054e-05,0.008032805466307611
s22-121-59,u059,2025-06-24,new,empirical,30,0.0011990407673860837,0,1.4376987618538084e-06,0.0011997601919040602
s22-121-59,u059,2025-06-24,new,empirical,60,0.00659472422062346,0,4.349038754607771e-05,0.006616565492129114
s22-121-59,u059,2025-06-24,new,empirical,120,0.017386091127098324,0,0.0003022761646797671,0.017539004174862385
s22-121-59,u059,2025-06-24,new,hazard,30,0.001126607347950448,0,1.2692441164559415e-06,0.001127242447058367
s22-121-59,u059,2025-06-24,new,hazard,60,0.0029302903623930066,0,8.586601607933338e-06,0.0029345920687513663
s22-121-59,u059,2025-06-24,new,hazard,120,0.010485272984263161,0,0.0001099409495545189,0.01054063075998687
s22-121-59,u059,2025-06-24,new,hazard_cal,30,0.0015386283792609978,0,2.367377289467325e-06,0.0015398132834798712
s22-121-59,u059,2025-06-24,new,hazard_cal,60,0.003966163153184876,0,1.57304501576814e-05,0.003974049236833016
s22-121-59,u059,2025-06-24,new,hazard_cal,120,0.01388668276438132,0,0.0001928399581985652,0.013984004780558678
s22-121-42,u042,2025-06-24,variable,empirical,30,0.0011990407673860837,0,1.4376987618538084e-06,0.0011997601919040602
s22-121-42,u042,2025-06-24,variable,empirical,60,0.00659472422062346,0,4.349038754607771e-05,0.006616565492129114
s22-121-42,u042,2025-06-24,variable,empirical,120,0.017386091127098324,0,0.0003022761646797671,0.017539004174862385
s22-121-42,u042,2025-06-24,variable,hazard,30,0.0006966201226923374,0,4.852795953398872e-07,0.0006968628752340914
s22-121-42,u042,2025-06-24,variable,hazard,60,0.0018125977861084275,0,3.2855107342051725e-06,0.0018142425292812555
s22-121-42,u042,2025-06-24,variable,hazard,120,0.006496426711701475,0,4.2203560020508444e-05,0.006517620330101873
s22-121-42,u042,2025-06-24,variable,hazard_cal,30,0.0009652128785655467,0,9.316359009487888e-07,0.0009656789964754984
s22-121-42,u042,2025-06-24,variable,hazard_cal,60,0.0024893120037838834,0,6.196674252182533e-06,0.0024924154923473578
s22-121-42,u042,2025-06-24,variable,hazard_cal,120,0.008733907892526704,0,7.628114707514026e-05,0.00877227200851052
s22-121-27,u027,2025-06-24,regular,empirical,30,0.0011990407673860837,0,1.4376987618538084e-06,0.0011997601919040602
s22-121-27,u027,2025-06-24,regular,empirical,60,0.00659472422062346,0,4.349038754607771e-05,0.006616565492129114
s22-121-27,u027,2025-06-24,regular,empirical,120,0.017386091127098324,0,0.0003022761646797671,0.017539004174862385
s22-121-27,u027,2025-06-24,regular,hazard,30,0.002270088563115835,0,5.153302084389317e-06,0.0022726691202932816
s22-121-27,u027,2025-06-24,regular,hazard,60,0.005898421307942381,0,3.479137392598871e-05,0.005915885703677391
s22-121-27,u027,2025-06-24,regular,hazard,120,0.021015311564923977,0,0.0004416433201708275,0.02123927657896242
s22-121-27,u027,2025-06-24,regular,hazard_cal,30,0.003035425014219273,0,9.213805016948072e-06,0.003040041260607708
s22-121-27,u027,2025-06-24,regular,hazard_cal,60,0.007814183288958776,0,6.10614604734426e-05,0.00784487400566757
s22-121-27,u027,2025-06-24,regular,hazard_cal,120,0.027212204278813212,0,0.0007405040617118601,0.02758931336580228
s22-121-33,u033,2025-06-24,variable,empirical,30,0.0011990407673860837,0,1.4376987618538084e-06,0.0011997601919040602
s22-121-33,u033,2025-06-24,variable,empirical,60,0.00659472422062346,0,4.349038754607771e-05,0.006616565492129114
s22-121-33,u033,2025-06-24,variable,empirical,120,0.017386091127098324,0,0.0003022761646797671,0.017539004174862385
s22-121-33,u033,2025-06-24,variable,hazard,30,0.002024585549414537,0,4.098946646898163e-06,0.002026637793167858
s22-121-33,u033,2025-06-24,variable,hazard,60,0.005261683081368984,0,2.7685308848764607e-05,0.005275574485329649
s22-121-33,u033,2025-06-24,variable,hazard,120,0.018764008509622787,0,0.0003520880153491964,0.01894228617557522
s22-121-33,u033,2025-06-24,variable,hazard_cal,30,0.0027165579650781924,0,7.379687177629769e-06,0.0027202545047609362
s22-121-33,u033,2025-06-24,variable,hazard_cal,60,0.006995279730230397,0,4.893393850417226e-05,0.007019861403680843
s22-121-33,u033,2025-06-24,variable,hazard_cal,120,0.024388482283161594,0,0.000594798068076087,0.024690806932242338
s22-121-11,u011,2025-06-24,variable,empirical,30,0.0011990407673860837,0,1.4376987618538084e-06,0.0011997601919040602
s22-121-11,u011,2025-06-24,variable,empirical,60,0.00659472422062346,0,4.349038754607771e-05,0.006616565492129114
s22-121-11,u011,2025-06-24,variable,empirical,120,0.017386091127098324,0,0.0003022761646797671,0.017539004174862385
s22-121-11,u011,2025-06-24,variable,hazard,30,0.0032656012580725147,0,1.066415157672479e-05,0.0032709449706553226
s22-121-11,u011,2025-06-24,variable,hazard,60,0.008477515685453962,0,7.186827219711796e-05,0.00851365420976928
s22-121-11,u011,2025-06-24,variable,hazard,120,0.03009159473742662,0,0.0009055040738415214,0.030553639507629016
s22-121-11,u011,2025-06-24,variable,hazard_cal,30,0.004318517314698456,0,1.864959179735036e-05,0.004327869044045467
s22-121-11,u011,2025-06-24,variable,hazard_cal,60,0.011104721786890592,0,0.00012331484596424258,0.011166839504617838
s22-121-11,u011,2025-06-24,variable,hazard_cal,120,0.038492924875279555,0,0.0014817052654539156,0.03925335555632947
s22-121-17,u017,2025-06-24,variable,empirical,30,0.0011990407673860837,0,1.4376987618538084e-06,0.0011997601919040602
s22-121-17,u017,2025-06-24,variable,empirical,60,0.00659472422062346,0,4.349038754607771e-05,0.006616565492129114
s22-121-17,u017,2025-06-24,variable,empirical,120,0.017386091127098324,0,0.0003022761646797671,0.017539004174862385
s22-121-17,u017,2025-06-24,variable,hazard,30,0.0006166305036083841,0,3.802331779803294e-07,0.0006168206983879951
s22-121-17,u017,2025-06-24,variable,hazard,60,0.0016045807060177664,0,2.5746792421244736e-06,0.0016058694243917474
s22-121-17,u017,2025-06-24,variable,hazard,120,0.0057526201995714565,0,3.3092639160517543e-05,0.005769230250659939
s22-121-17,u017,2025-06-24,variable,hazard_cal,30,0.0008575091555242942,0,7.353219518079882e-07,0.0008578770268172343
s22-121-17,u017,2025-06-24,variable,hazard_cal,60,0.002211750818046143,0,4.891841681127784e-06,0.002214200351391454
s22-121-17,u017,2025-06-24,variable,hazard_cal,120,0.007763094712437413,0,6.026563951427372e-05,0.0077933843951462824
s22-121-30,u030,2025-06-24,regular,empirical,30,0.0011990407673860837,0,1.4376987618538084e-06,0.0011997601919040602
s22-121-30,u030,2025-06-24,regular,empirical,60,0.00659472422062346,0,4.349038754607771e-05,0.006616565492129114
s22-121-30,u030,2025-06-24,regular,empirical,120,0.017386091127098324,0,0.0003022761646797671,0.017539004174862385
s22-121-30,u030,2025-06-24,regular,hazard,30,0.005499865651641844,0,3.0248522186109768e-05,0.005515045596758648
s22-121-30,u030,2025-06-24,regular,hazard,60,0.014249105066011736,0,0.0002030369951822413,0.014351598353660426
s22-121-30,u030,2025-06-24,regular,hazard,120,0.050157202456440286,0,0.0025157449582563396,0.0514587843501962
s22-121-30,u030,2025-06-24,regular,hazard_cal,30,0.007157528904053523,0,5.1230220012361623e-05,0.007183266901233316
s22-121-30,u030,2025-06-24,regular,hazard_cal,60,0.018359010835936718,0,0.00033705327887404183,0.018529628955153633
s22-121-30,u030,2025-06-24,regular,hazard_cal,120,0.06299421259886784,0,0.003968270820951359,0.06506582024077011
s22-121-25,u025,2025-06-24,regular,empirical,30,0.0011990407673860837,0,1.4376987618538084e-06,0.0011997601919040602
s22-121-25,u025,2025-06-24,regular,empirical,60,0.00659472422062346,0,4.349038754607771e-05,0.006616565492129114
s22-121-25,u025,2025-06-24,regular,empirical,120,0.017386091127098324,0,0.0003022761646797671,0.017539004174862385
s22-121-25,u025,2025-06-24,regular,hazard,30,0.00758331715899363,0,5.750669913388722e-05,0.007612216704209325
s22-121-25,u025,2025-06-24,regular,hazard,60,0.019610257776556117,0,0.0003845622100629797,0.019805090231299973
s22-121-25,u025,2025-06-24,regular,hazard,120,0.06849501473640685,0,0.004691567043740591,0.07095373708837048
s22-121-25,u025,2025-06-24,regular,hazard_cal,30,0.009770603999603833,0,9.546470251707441e-05,0.009818649563129597
s22-121-25,u025,2025-06-24,regular,hazard_cal,60,0.025003848709411858,0,0.000625192450283157,0.02532175538634943
s22-121-25,u025,2025-06-24,regular,hazard_cal,120,0.0849984405809342,0,0.007224734901190601,0.088829509424936
s22-121-36,u036,2025-06-24,variable,empirical,30,0.0011990407673860837,0,1.4376987618538084e-06,0.0011997601919040602
s22-121-36,u036,2025-06-24,variable,empirical,60,0.00659472422062346,0,4.349038754607771e-05,0.006616565492129114
s22-121-36,u036,2025-06-24,variable,empirical,120,0.017386091127098324,0,0.0003022761646797671,0.017539004174862385
s22-121-36,u036,2025-06-24,variable,hazard,30,0.0011638404221484544,0,1.3545245282266926e-06,0.0011645182103551456
s22-121-36,u036,2025-06-24,variable,hazard,60,0.0030270320726758504,0,9.162923169008255e-06,0.00303162280078854
s22-121-36,u036,2025-06-24,variable,hazard,120,0.010829918215424672,0,0.00011728712855278711,0.010888988652172629
s22-121-36,u036,2025-06-24,variable,hazard_cal,30,0.0015879248185195483,0,2.5215052292703404e-06,0.0015891869073792802
s22-121-36,u036,2025-06-24,variable,hazard_cal,60,0.004093058124380433,0,1.675312480955667e-05,0.004101457614353756
s22-121-36,u036,2025-06-24,variable,hazard_cal,120,0.014328423599998641,0,0.00020530372286099802,0.014432066680650767
s22-121-24,u024,2025-06-24,regular,empirical,30,0.0011990407673860837,0,1.4376987618538084e-06,0.0011997601919040602
s22-121-24,u024,2025-06-24,regular,empirical,60,0.00659472422062346,0,4.349038754607771e-05,0.006616565492129114
s22-121-24,u024,2025-06-24,regular,empirical,120,0.017386091127098324,0,0.0003022761646797671,0.017539004174862385
s22-121-24,u024,2025-06-24,regular,hazard,30,0.003051080882888302,0,9.30909455392646e-06,0.0030557449194832348
s22-121-24,u024,2025-06-24,regular,hazard,60,0.007922143087931155,0,6.276035110565538e-05,0.007953689986642297
s22-121-24,u024,2025-06-24,regular,hazard,120,0.02814289829765193,0,0.0007920227245919799,0.028546500038938105
s22-121-24,u024,2025-06-24,regular,hazard_cal,30,0.004043204985113014,0,1.6347506551642725e-05,0.004051400837522571
s22-121-24,u024,2025-06-24,regular,hazard_cal,60,0.010399301088055646,0,0.00010814546312003534,0.010453751647090974
s22-121-24,u024,2025-06-24,regular,hazard_cal,120,0.03608340874477123,0,0.0013020123866422327,0.03675051170913456
s22-121-3,u003,2025-06-24,regular,empirical,30,0.0011990407673860837,0,1.4376987618538084e-06,0.0011997601919040602
s22-121-3,u003,2025-06-24,regular,empirical,60,0.00659472422062346,0,4.349038754607771e-05,0.006616565492129114
s22-121-3,u003,2025-06-24,regular,empirical,120,0.017386091127098324,0,0.0003022761646797671,0.017539004174862385
s22-121-3,u003,2025-06-24,regular,hazard,30,0.0021538777673004716,0,4.639189436471264e-06,0.00215620069815751
s22-121-3,u003,2025-06-24,regular,hazard,60,0.005597051192105518,0,3.13269820470498e-05,0.005612773375818446
s22-121-3,u003,2025-06-24,regular,hazard,120,0.019950283024194437,0,0.00039801379274546076,0.02015197699635909
s22-121-3,u003,2025-06-24,regular,hazard_cal,30,0.002884626599688467,0,8.321070619630246e-06,0.002888795153408928
s22-121-3,u003,2025-06-24,regular,hazard_cal,60,0.007426965343913516,0,5.515981421969242e-05,0.00745468257289845
s22-121-3,u003,2025-06-24,regular,hazard_cal,120,0.025877822948878082,0,0.0006696617205734811,0.026218544755502712
s22-121-47,u047,2025-06-24,variable,empirical,30,0.0011990407673860837,0,1.4376987618538084e-06,0.0011997601919040602
s22-121-47,u047,2025-06-24,variable,empirical,60,0.00659472422062346,0,4.349038754607771e-05,0.006616565492129114
s22-121-47,u047,2025-06-24,variable,empirical,120,0.017386091127098324,0,0.0003022761646797671,0.017539004174862385
s22-121-47,u047,2025-06-24,variable,hazard,30,0.0006242063833747924,0,3.896336090458383e-07,0.0006244012812878832
s22-121-47,u047,2025-06-24,variable,hazard,60,0.0016242834462962819,0,2.638296713912126e-06,0.001625604024842881
s22-121-47,u047,2025-06-24,variable,hazard,120,0.005823090539176734,0,3.390838342744959e-05,0.0058401108368762375
s22-121-47,u047,2025-06-24,variable,hazard_cal,30,0.0008677271071200199,0,7.529503324308784e-07,0.0008681038002132052
s22-121-47,u047,2025-06-24,variable,hazard_cal,60,0.002238085566336867,0,5.009027002245415e-06,0.0022405938229988413
s22-121-47,u047,2025-06-24,variable,hazard_cal,120,0.007855237142617266,0,6.170475056675387e-05,0.007886252044273694
s22-121-0,u000,2025-06-24,variable,empirical,30,0.0011990407673860837,0,1.4376987618538084e-06,0.0011997601919040602
s22-121-0,u000,2025-06-24,variable,empirical,60,0.00659472422062346,0,4.349038754607771e-05,0.006616565492129114
s22-121-0,u000,2025-06-24,variable,empirical,120,0.017386091127098324,0,0.0003022761646797671,0.017539004174862385
s22-121-0,u000,2025-06-24,variable,hazard,30,0.006422819913933342,0,4.1252615646818705e-05,0.006443534968772893
s22-121-0,u000,2025-06-24,variable,hazard,60,0.016626537725626056,0,0.00027644175674166645,0.01676631005646593
s22-121-0,u000,2025-06-24,variable,hazard,120,0.058324732548381886,0,0.0034017744268402773,0.060094790534476694
s22-121-0,u000,2025-06-24,variable,hazard_cal,30,0.008318468295187231,0,6.919691477803516e-05,0.00835325982843181
s22-121-0,u000,2025-06-24,variable,hazard_cal,60,0.021314982321678833,0,0.00045432847137348115,0.021545427057932064
s22-121-0,u000,2025-06-24,variable,hazard_cal,120,0.07283423164353608,0,0.0053048252991042735,0.07562290701209236
s22-121-34,u034,2025-06-24,variable,empirical,30,0.0011990407673860837,0,1.4376987618538084e-06,0.0011997601919040602
s22-121-34,u034,2025-06-24,variable,empirical,60,0.00659472422062346,0,4.349038754607771e-05,0.006616565492129114
s22-121-34,u034,2025-06-24,variable,empirical,120,0.017386091127098324,0,0.0003022761646797671,0.017539004174862385
s22-121-34,u034,2025-06-24,variable,hazard,30,0.00034324832627274926,0,1.1781941348904373e-07,0.0003433072494634039
s22-121-34,u034,2025-06-24,variable,hazard,60,0.0008934111849179249,0,7.981835453364507e-07,0.000893810514552017
s22-121-34,u034,2025-06-24,variable,hazard,120,0.003206295478578758,0,1.0280330695954586e-05,0.0032114466576752643
s22-121-34,u034,2025-06-24,variable,hazard_cal,30,0.000485769667612046,0,2.3597216997191763e-07,0.0004858876919203323
s22-121-34,u034,2025-06-24,variable,hazard_cal,60,0.001253343290479103,0,1.5708694037889853e-06,0.001254129382078067
s22-121-34,u034,2025-06-24,variable,hazard_cal,120,0.004405079460085726,0,1.9404725049669147e-05,0.004414810410197943
s22-121-37,u037,2025-06-24,regular,empirical,30,0.0011990407673860837,0,1.4376987618538084e-06,0.0011997601919040602
s22-121-37,u037,2025-06-24,regular,empirical,60,0.00659472422062346,0,4.349038754607771e-05,0.006616565492129114
s22-121-37,u037,2025-06-24,regular,empirical,120,0.017386091127098324,0,0.0003022761646797671,0.017539004174862385
s22-121-37,u037,2025-06-24,regular,hazard,30,0.0019255147597611044,0,3.7076070900578638e-06,0.0019273709464320817
s22-121-37,u037,2025-06-24,regular,hazard,60,0.005004652980653779,0,2.5046551456766753e-05,0.0050172181969446086
s22-121-37,u037,2025-06-24,regular,hazard,120,0.017854049752866197,0,0.0003187670925778215,0.01801535616510125
s22-121-37,u037,2025-06-24,regular,hazard_cal,30,0.002587552101106172,0,6.695425875938965e-06,0.0025909056001956706
s22-121-37,u037,2025-06-24,regular,hazard_cal,60,0.006663840283666622,0,4.440676732621805e-05,0.006686142802831148
s22-121-37,u037,2025-06-24,regular,hazard_cal,120,0.023243764705800696,0,0.0005402725976986261,0.023518161351746218
s22-121-39,u039,2025-06-24,variable,empirical,30,0.0011990407673860837,0,1.4376987618538084e-06,0.0011997601919040602
s22-121-39,u039,2025-06-24,variable,empirical,60,0.00659472422062346,0,4.349038754607771e-05,0.006616565492129114
s22-121-39,u039,2025-06-24,variable,empirical,120,0.017386091127098324,0,0.0003022761646797671,0.017539004174862385
s22-121-39,u039,2025-06-24,variable,hazard,30,0.0007628434545579044,0,5.819301361618375e-07,0.0007631345676845628
s22-121-39,u039,2025-06-24,variable,hazard,60,0.0019847923629514597,0,3.9394007240304386e-06,0.0019867646734968553
s22-121-39,u039,2025-06-24,variable,hazard,120,0.007111802857133753,0,5.0577739878735814e-05,0.007137212269898638
s22-121-39,u039,2025-06-24,variable,hazard_cal,30,0.0010540966619672076,0,1.1111197727704097e-06,0.0010546526125717146
s22-121-39,u039,2025-06-24,variable,hazard_cal,60,0.002718333001533013,0,7.389334307223481e-06,0.0027220343779240453
s22-121-39,u039,2025-06-24,variable,hazard_cal,120,0.009534373236200766,0,9.090427300718147e-05,0.00958011635957413
s22-121-6,u006,2025-06-24,variable,empirical,30,0.0011990407673860837,0,1.4376987618538084e-06,0.0011997601919040602
s22-121-6,u006,2025-06-24,variable,empirical,60,0.00659472422062346,0,4.349038754607771e-05,0.006616565492129114
s22-121-6,u006,2025-06-24,variable,empirical,120,0.017386091127098324,0,0.0003022761646797671,0.017539004174862385
s22-121-6,u006,2025-06-24,variable,hazard,30,0.0008449006713437957,0,7.138571444371966e-07,0.0008452578010896253
s22-121-6,u006,2025-06-24,variable,hazard,60,0.0021981300055958775,0,4.831775521500932e-06,0.0022005494394936754
s22-121-6,u006,2025-06-24,variable,hazard,120,0.007873786257864834,0,6.199651003454111e-05,0.007904948195622838
s22-121-6,u006,2025-06-24,variable,hazard_cal,30,0.0011639115749182416,0,1.3546901542286616e-06,0.0011645894460344303
s22-121-6,u006,2025-06-24,variable,hazard_cal,60,0.0030012363129108266,0,9.007419405934573e-06,0.0030057490540774195
s22-121-6,u006,2025-06-24,variable,hazard_cal,120,0.010522453581978675,0,0.00011072202938489584,0.010578206043345988
s22-121-8,u008,2025-06-24,variable,empirical,30,0.0011990407673860837,0,1.4376987618538084e-06,0.0011997601919040602
s22-121-8,u008,2025-06-24,variable,empirical,60,0.00659472422062346,0,4.349038754607771e-05,0.006616565492129114
s22-121-8,u008,2025-06-24,variable,empirical,120,0.017386091127098324,0,0.0003022761646797671,0.017539004174862385
s22-121-8,u008,2025-06-24,variable,hazard,30,0.0005360155477812656,0,2.873126674632502e-07,0.0005361592554703288
s22-121-8,u008,2025-06-24,variable,hazard,60,0.001394907221409225,0,1.945766156339605e-06,0.0013958810101560414
s22-121-8,u008,2025-06-24,variable,hazard,120,0.005002436032143676,0,2.502436625568936e-05,0.0050149901000525405
s22-121-8,u008,2025-06-24,variable,hazard_cal,30,0.0007485356672828347,0,5.603056451945586e-07,0.0007488159599868846
s22-121-8,u008,2025-06-24,variable,hazard_cal,60,0.0019308637122248395,0,3.728234675186688e-06,0.0019327302326137576
s22-121-8,u008,2025-06-24,variable,hazard_cal,120,0.006779876109340388,0,4.5966720058004555e-05,0.0068029638833746525
s22-121-18,u018,2025-06-24,variable,empirical,30,0.0011990407673860837,0,1.4376987618538084e-06,0.0011997601919040602
s22-121-18,u018,2025-06-24,variable,empirical,60,0.00659472422062346,0,4.349038754607771e-05,0.006616565492129114
s22-121-18,u018,2025-06-24,variable,empirical,120,0.017386091127098324,0,0.0003022761646797671,0.017539004174862385
s22-121-18,u018,2025-06-24,variable,hazard,30,0.0006697328390559143,0,4.485420757098952e-07,0.0006699572102785463
s22-121-18,u018,2025-06-24,variable,hazard,60,0.0017426793635343385,0,3.036931364088447e-06,0.0017441995956578788
s22-121-18,u018,2025-06-24,variable,hazard,120,0.006246469596229098,0,3.9018382416614514e-05,0.006266060412337689
s22-121-18,u018,2025-06-24,variable,hazard_cal,30,0.0009290537550471489,0,8.631408797672078e-07,0.0009294855929748493
s22-121-18,u018,2025-06-24,variable,hazard_cal,60,0.002396132900230885,0,5.741452875568873e-06,0.0023990082206869455
s22-121-18,u018,2025-06-24,variable,hazard_cal,120,0.008408084145382855,0,7.069587899583853e-05,0.008443631481787926
s22-121-54,u054,2025-06-24,new,empirical,30,0.0011990407673860837,0,1.4376987618538084e-06,0.0011997601919040602
s22-121-54,u054,2025-06-24,new,empirical,60,0.00659472422062346,0,4.349038754607771e-05,0.006616565492129114
s22-121-54,u054,2025-06-24,new,empirical,120,0.017386091127098324,0,0.0003022761646797671,0.017539004174862385
s22-121-54,u054,2025-06-24,new,hazard,30,0.003502980269009748,0,1.2270870765071604e-05,0.0035091300703477095
s22-121-54,u054,2025-06-24,new,hazard,60,0.009091817776435085,0,8.266115047990101e-05,0.009133400585783446
s22-121-54,u054,2025-06-24,new,hazard,120,0.03224339257995401,0,0.0010396363650650334,0.03277466193720349
s22-121-54,u054,2025-06-24,new,hazard_cal,30,0.004622509297917965,0,2.1367592209338037e-05,0.004633226132554423
s22-121-54,u054,2025-06-24,new,hazard_cal,60,0.011883228656418443,0,0.00014121112330072448,0.011954398599102313
s22-121-54,u054,2025-06-24,new,hazard_cal,120,0.04114650736511638,0,0.0016930350683475766,0.042016986744468174
s22-121-14,u014,2025-06-24,variable,empirical,30,0.0011990407673860837,0,1.4376987618538084e-06,0.0011997601919040602
s22-121-14,u014,2025-06-24,variable,empirical,60,0.00659472422062346,0,4.349038754607771e-05,0.006616565492129114
s22-121-14,u014,2025-06-24,variable,empirical,120,0.017386091127098324,0,0.0003022761646797671,0.017539004174862385
s22-121-14,u014,2025-06-24,variable,hazard,30,0.0004195108135486292,0,1.7598932268423272e-07,0.0004195988328275249
s22-121-14,u014,2025-06-24,variable,hazard,60,0.0010918335548720792,0,1.1921005115446016e-06,0.0010924300393418845
s22-121-14,u014,2025-06-24,variable,hazard,120,0.003917270737730516,0,1.534501003267978e-05,0.003924963338652197
s22-121-14,u014,2025-06-24,variable,hazard_cal,30,0.0005901486213674145,0,3.4827539530186e-07,0.0005903228276068185
s22-121-14,u014,2025-06-24,variable,hazard_cal,60,0.0015225133615475173,0,2.318046936090721e-06,0.0015236735627796806
s22-121-14,u014,2025-06-24,variable,hazard_cal,120,0.005349097447845841,0,2.861284350655089e-05,0.00536345509278199
s22-122-43,u043,2025-06-25,regular,empirical,30,0.0011990407673860837,0,1.4376987618538084e-06,0.0011997601919040602
s22-122-43,u043,2025-06-25,regular,empirical,60,0.00659472422062346,0,4.349038754607771e-05,0.006616565492129114
s22-122-43,u043,2025-06-25,regular,empirical,120,0.017386091127098324,0,0.0003022761646797671,0.017539004174862385
s22-122-43,u043,2025-06-25,regular,hazard,30,0.0035912379763749502,0,1.2896990202957647e-05,0.003597701951899677
s22-122-43,u043,2025-06-25,regular,hazard,60,0.009320149006811995,0,8.686517750917862e-05,0.009363853361597582
s22-122-43,u043,2025-06-25,regular,hazard,120,0.0330422169617236,0,0.001091788101745615,0.0336004421465236
s22-122-43,u043,2025-06-25,regular,hazard_cal,30,0.0047353669412650845,0,2.2423700068426242e-05,0.004746614312298977
s22-122-43,u043,2025-06-25,regular,hazard_cal,60,0.01217214450424653,0,0.000148161101832259,0.01224683174319215
s22-122-43,u043,2025-06-25,regular,hazard_cal,120,0.0421298062515818,0,0.0017749205747958211,0.04304300732292955
s22-122-30,u030,2025-06-25,regular,empirical,30,0.0011990407673860837,0,1.4376987618538084e-06,0.0011997601919040602
s22-122-30,u030,2025-06-25,regular,empirical,60,0.00659472422062346,0,4.349038754607771e-05,0.006616565492129114
s22-122-30,u030,2025-06-25,regular,empirical,120,0.017386091127098324,0,0.0003022761646797671,0.017539004174862385
s22-122-30,u030,2025-06-25,regular,hazard,30,0.008498765120844909,0,7.222900857928998e-05,0.008535085557449177
s22-122-30,u030,2025-06-25,regular,hazard,60,0.021959543815180727,0,0.0004822215645708421,0.022204243560732622
s22-122-30,u030,2025-06-25,regular,hazard,120,0.07644040851304623,0,0.0058431360536413905,0.07951995355574912
s22-122-30,u030,2025-06-25,regular,hazard_cal,30,0.010910906267255216,0,0.00011904787557282915,0.01097086675275529
s22-122-30,u030,2025-06-25,regular,hazard_cal,60,0.027893914825124155,0,0.0007780704842712811,0.028290339350741916
s22-122-30,u030,2025-06-25,regular,hazard_cal,120,0.09443961243634613,0,0.008918840397127262,0.09920131413782106
s22-122-21,u021,2025-06-25,regular,empirical,30,0.0011990407673860837,0,1.4376987618538084e-06,0.0011997601919040602
s22-122-21,u021,2025-06-25,regular,empirical,60,0.00659472422062346,0,4.349038754607771e-05,0.006616565492129114
s22-122-21,u021,2025-06-25,regular,empirical,120,0.017386091127098324,0,0.0003022761646797671,0.017539004174862385
s22-122-21,u021,2025-06-25,regular,hazard,30,0.003371382866239947,0,1.1366222430776281e-05,0.0033770787831362966
s22-122-21,u021,2025-06-25,regular,hazard,60,0.008751295333795817,0,7.658517001931643e-05,0.00878981280194909
s22-122-21,u021,2025-06-25,regular,hazard,120,0.03105107519849193,0,0.0009641692709824005,0.031543377663718834
s22-122-21,u021,2025-06-25,regular,hazard_cal,30,0.004454065730376322,0,1.983870153051276e-05,0.004464014634180546
s22-122-21,u021,2025-06-25,regular,hazard_cal,60,0.011451905529413997,0,0.0001311461402546229,0.011517983563544389
s22-122-21,u021,2025-06-25,regular,hazard_cal,120,0.039677041416523284,0,0.001574267615568504,0.04048563590403588
s22-122-56,u056,2025-06-25,new,empirical,30,0.0011990407673860837,0,1.4376987618538084e-06,0.0011997601919040602
s22-122-56,u056,2025-06-25,new,empirical,60,0.00659472422062346,0,4.349038754607771e-05,0.006616565492129114
s22-122-56,u056,2025-06-25,new,empirical,120,0.017386091127098324,0,0.0003022761646797671,0.017539004174862385
s22-122-56,u056,2025-06-25,new,hazard,30,0.0017381477421694047,0,3.0211575736085992e-06,0.0017396600736473066
s22-122-56,u056,2025-06-25,new,hazard,60,0.004518421458904465,0,2.0416132480288352e-05,0.004528660379291023
s22-122-56,u056,2025-06-25,new,hazard,120,0.01613079143644891,0,0.0002602024323662135,0.016262308890753113
s22-122-56,u056,2025-06-25,new,hazard_cal,30,0.0023430038601506276,0,5.489667088680742e-06,0.0023457529886802887
s22-122-56,u056,2025-06-25,new,hazard_cal,60,0.006035344425036171,0,3.642538232881519e-05,0.006053630729421733
s22-122-56,u056,2025-06-25,new,hazard_cal,120,0.02107013889772258,0,0.0004439507531693221,0.021295282427456565
s22-122-58,u058,2025-06-25,new,empirical,30,0.0011990407673860837,0,1.4376987618538084e-06,0.0011997601919040602
s22-122-58,u058,2025-06-25,new,empirical,60,0.00659472422062346,0,4.349038754607771e-05,0.006616565492129114
s22-122-58,u058,2025-06-25,new,empirical,120,0.017386091127098324,0,0.0003022761646797671,0.017539004174862385
s22-122-58,u058,2025-06-25,new,hazard,30,0.0017381477421694047,0,3.0211575736085992e-06,0.0017396600736473066
s22-122-58,u058,2025-06-25,new,hazard,60,0.004518421458904465,0,2.0416132480288352e-05,0.004528660379291023
s22-122-58,u058,2025-06-25,new,hazard,120,0.01613079143644891,0,0.0002602024323662135,0.016262308890753113
s22-122-58,u058,2025-06-25,new,hazard_cal,30,0.0023430038601506276,0,5.489667088680742e-06,0.0023457529886802887
s22-122-58,u058,2025-06-25,new,hazard_cal,60,0.006035344425036171,0,3.642538232881519e-05,0.006053630729421733
s22-122-58,u058,2025-06-25,new,hazard_cal,120,0.02107013889772258,0,0.0004439507531693221,0.021295282427456565
s22-122-16,u016,2025-06-25,variable,empirical,30,0.0011990407673860837,0,1.4376987618538084e-06,0.0011997601919040602
s22-122-16,u016,2025-06-25,variable,empirical,60,0.00659472422062346,0,4.349038754607771e-05,0.006616565492129114
s22-122-16,u016,2025-06-25,variable,empirical,120,0.017386091127098324,0,0.0003022761646797671,0.017539004174862385
s22-122-16,u016,2025-06-25,variable,hazard,30,0.0010835548601896283,0,1.174091135040565e-06,0.001084142330166122
s22-122-16,u016,2025-06-25,variable,hazard,60,0.0028184201704651857,0,7.943492257285007e-06,0.002822399395103848
s22-122-16,u016,2025-06-25,variable,hazard,120,0.010086611260602618,0,0.00010173972672251554,0.010137825802456238
s22-122-16,u016,2025-06-25,variable,hazard_cal,30,0.0014815652762317777,0,2.195035667735744e-06,0.0014826638793011622
s22-122-16,u016,2025-06-25,variable,hazard_cal,60,0.0038192620789964105,0,1.4586762828059984e-05,0.0038265740839902745
s22-122-16,u016,2025-06-25,variable,hazard_cal,120,0.013375100325496603,0,0.00017889330871709934,0.013465352639116437
s22-122-20,u020,2025-06-25,variable,empirical,30,0.0011990407673860837,0,1.4376987618538084e-06,0.0011997601919040602
s22-122-20,u020,2025-06-25,variable,empirical,60,0.00659472422062346,0,4.349038754607771e-05,0.006616565492129114
s22-122-20,u020,2025-06-25,variable,empirical,120,0.017386091127098324,0,0.0003022761646797671,0.017539004174862385
s22-122-20,u020,2025-06-25,variable,hazard,30,0.0008290566931096199,0,6.873350003898585e-07,0.0008294005506745614
s22-122-20,u020,2025-06-25,variable,hazard,60,0.0021569402547088057,0,4.652391262383288e-06,0.0021592698007372024
s22-122-20,u020,2025-06-25,variable,hazard,120,0.007726704575071852,0,5.9701963590436294e-05,0.007756710219970388
s22-122-20,u020,2025-06-25,variable,hazard_cal,30,0.0011427341189577112,0,1.3058412666300564e-06,0.0011433875374275114
s22-122-20,u020,2025-06-25,variable,hazard_cal,60,0.002946683573420761,0,8.682944081867745e-06,0.002951033592984181
s22-122-20,u020,2025-06-25,variable,hazard_cal,120,0.010331981577849092,0,0.00010674984332501302,0.010385727017950989
s22-122-23,u023,2025-06-25,regular,empirical,30,0.0011990407673860837,0,1.4376987618538084e-06,0.0011997601919040602
s22-122-23,u023,2025-06-25,regular,empirical,60,0.00659472422062346,0,4.349038754607771e-05,0.006616565492129114
s22-122-23,u023,2025-06-25,regular,empirical,120,0.017386091127098324,0,0.0003022761646797671,0.017539004174862385
s22-122-23,u023,2025-06-25,regular,hazard,30,0.004681446082409946,0,2.1915937422511428e-05,0.004692438371076212
s22-122-23,u023,2025-06-25,regular,hazard,60,0.01213763916834465,0,0.0001473222845809342,0.012211901838068128
s22-122-23,u023,2025-06-25,regular,hazard,120,0.04285563314075502,0,0.0018366052918949802,0.04380104534400781
s22-122-23,u023,2025-06-25,regular,hazard_cal,30,0.006122847587348268,0,3.7489262577896505e-05,0.00614166908540862
s22-122-23,u023,2025-06-25,regular,hazard_cal,60,0.015719392847124647,0,0.00024709931148223353,0.015844252712274423
s22-122-23,u023,2025-06-25,regular,hazard_cal,120,0.054137190862947104,0,0.0029308354345311633,0.0556577425008289
s22-122-12,u012,2025-06-25,variable,empirical,30,0.0011990407673860837,0,1.4376987618538084e-06,0.0011997601919040602
s22-122-12,u012,2025-06-25,variable,empirical,60,0.00659472422062346,0,4.349038754607771e-05,0.006616565492129114
s22-122-12,u012,2025-06-25,variable,empirical,120,0.017386091127098324,0,0.0003022761646797671,0.017539004174862385
s22-122-12,u012,2025-06-25,variable,hazard,30,0.0011741799537775544,0,1.3786985638530596e-06,0.0011748698431485354
s22-122-12,u012,2025-06-25,variable,hazard,60,0.00305389585775917,0,9.326279910038617e-06,0.0030585685133415197
s22-122-12,u012,2025-06-25,variable,hazard,120,0.010925604063754202,0,0.00011936882415792233,0.010985726794987407
s22-122-12,u012,2025-06-25,variable,hazard_cal,30,0.0016016057584783416,0,2.565141005590984e-06,0.0016028897000764366
s22-122-12,u012,2025-06-25,variable,hazard_cal,60,0.004128272555923518,0,1.7042634295991294e-05,0.004136817398138148
s22-122-12,u012,2025-06-25,variable,hazard_cal,120,0.014450982435697535,0,0.00020883089335683866,0.014556414849731466
s22-122-22,u022,2025-06-25,variable,empirical,30,0.0011990407673860837,0,1.4376987618538084e-06,0.0011997601919040602
s22-122-22,u022,2025-06-25,variable,empirical,60,0.00659472422062346,0,4.349038754607771e-05,0.006616565492129114
s22-122-22,u022,2025-06-25,variable,empirical,120,0.017386091127098324,0,0.0003022761646797671,0.017539004174862385
s22-122-22,u022,2025-06-25,variable,hazard,30,0.0007915406689105176,0,6.265366305393095e-07,0.0007918541026337276
s22-122-22,u022,2025-06-25,variable,hazard,60,0.0020594048002228194,0,4.241148131180791e-06,0.002061528290206272
s22-122-22,u022,2025-06-25,variable,hazard,120,0.00737835166407641,0,5.444007327877913e-05,0.0074057063387151555
s22-122-22,u022,2025-06-25,variable,hazard_cal,30,0.001092540060474323,0,1.1936437837412373e-06,0.0010931373174239188
s22-122-22,u022,2025-06-25,variable,hazard_cal,60,0.0028173764615367913,0,7.937610126021571e-06,0.002821352736798778
s22-122-22,u022,2025-06-25,variable,hazard_cal,120,0.009880386261303054,0,9.762203267254613e-05,0.009929521193606634
s22-122-52,u052,2025-06-25,variable,empirical,30,0.0011990407673860837,0,1.4376987618538084e-06,0.0011997601919040602
s22-122-52,u052,2025-06-25,variable,empirical,60,0.00659472422062346,0,4.349038754607771e-05,0.006616565492129114
s22-122-52,u052,2025-06-25,variable,empirical,120,0.017386091127098324,0,0.0003022761646797671,0.017539004174862385
s22-122-52,u052,2025-06-25,variable,hazard,30,0.0006194307113839281,0,3.8369440620559926e-07,0.0006196226378478875
s22-122-52,u052,2025-06-25,variable,hazard,60,0.0016118632929147392,0,2.5981032750459463e-06,0.0016131637421710765
s22-122-52,u052,2025-06-25,variable,hazard,120,0.005778668130980491,0,3.339300536800956e-05,0.0057954292360979905
s22-122-52,u052,2025-06-25,variable,hazard_cal,30,0.0008612863676399352,0,7.418142070823936e-07,0.0008616574878526313
s22-122-52,u052,2025-06-25,variable,hazard_cal,60,0.0022214858900909684,0,4.934999559873262e-06,0.002223957050314264
s22-122-52,u052,2025-06-25,variable,hazard_cal,120,0.0077971574702744295,0,6.079566461625634e-05,0.007827714243535813
s22-122-54,u054,2025-06-25,new,empirical,30,0.0011990407673860837,0,1.4376987618538084e-06,0.0011997601919040602
s22-122-54,u054,2025-06-25,new,empirical,60,0.00659472422062346,0,4.349038754607771e-05,0.006616565492129114
s22-122-54,u054,2025-06-25,new,empirical,120,0.017386091127098324,0,0.0003022761646797671,0.017539004174862385
s22-122-54,u054,2025-06-25,new,hazard,30,0.0017346095399630723,0,3.0088702561309015e-06,0.0017361157170959584
s22-122-54,u054,2025-06-25,new,hazard,60,0.004509237985136694,0,2.0333227206599628e-05,0.004519435264927786
s22-122-54,u054,2025-06-25,new,hazard,120,0.016098220732640334,0,0.00025915271075681106,0.01622920472973745
s22-122-54,u054,2025-06-25,new,hazard_cal,30,0.0023383783444096418,0,5.468013281603977e-06,0.0023411166206338614
s22-122-54,u054,2025-06-25,new,hazard_cal,60,0.0060234541061334745,0,3.6281999368696217e-05,0.0060416682841602206
s22-122-54,u054,2025-06-25,new,hazard_cal,120,0.021028979585396734,0,0.00044221798240303263,0.021253238100575195
s22-122-6,u006,2025-06-25,variable,empirical,30,0.0011990407673860837,0,1.4376987618538084e-06,0.0011997601919040602
s22-122-6,u006,2025-06-25,variable,empirical,60,0.00659472422062346,0,4.349038754607771e-05,0.006616565492129114
s22-122-6,u006,2025-06-25,variable,empirical,120,0.017386091127098324,0,0.0003022761646797671,0.017539004174862385
s22-122-6,u006,2025-06-25,variable,hazard,30,0.000943648054767765,0,8.904716512669869e-07,0.0009440935708890638
s22-122-6,u006,2025-06-25,variable,hazard,60,0.0024548182067979374,0,6.026132428426641e-06,0.0024578362131284517
s22-122-6,u006,2025-06-25,variable,hazard,120,0.008789980230576866,0,7.726375245393214e-05,0.008828839992083374
s22-122-6,u006,2025-06-25,variable,hazard_cal,30,0.0012956379027861953,0,1.6786775751362105e-06,0.0012964779672650817
s22-122-6,u006,2025-06-25,variable,hazard_cal,60,0.0033405151940731903,0,1.1159041761833845e-05,0.0033461071718181067
s22-122-6,u006,2025-06-25,variable,hazard_cal,120,0.011706396005636055,0,0.00013703970744077178,0.011775455345756953
s22-122-36,u036,2025-06-25,variable,empirical,30,0.0011990407673860837,0,1.4376987618538084e-06,0.0011997601919040602
s22-122-36,u036,2025-06-25,variable,empirical,60,0.00659472422062346,0,4.349038754607771e-05,0.006616565492129114
s22-122-36,u036,2025-06-25,variable,empirical,120,0.017386091127098324,0,0.0003022761646797671,0.017539004174862385
s22-122-36,u036,2025-06-25,variable,hazard,30,0.001296299303020887,0,1.6803918830124371e-06,0.0012971402257659975
s22-122-36,u036,2025-06-25,variable,hazard,60,0.003371144106564916,0,1.1364612587227367e-05,0.0033768392158167087
s22-122-36,u036,2025-06-25,variable,hazard,120,0.01205504254254619,0,0.0001453240507025985,0.01212829386164045
s22-122-36,u036,2025-06-25,variable,hazard_cal,30,0.0017629219273507246,0,3.1078937219339935e-06,0.0017644777029545164
s22-122-36,u036,2025-06-25,variable,hazard_cal,60,0.004543432679485648,0,2.064278051301814e-05,0.004553785439689799
s22-122-36,u036,2025-06-25,variable,hazard_cal,120,0.01589497182094246,0,0.00025265012918855486,0.016022651671433533
s22-122-44,u044,2025-06-25,variable,empirical,30,0.0011990407673860837,0,1.4376987618538084e-06,0.0011997601919040602
s22-122-44,u044,2025-06-25,variable,empirical,60,0.00659472422062346,0,4.349038754607771e-05,0.006616565492129114
s22-122-44,u044,2025-06-25,variable,empirical,120,0.017386091127098324,0,0.0003022761646797671,0.017539004174862385
s22-122-44,u044,2025-06-25,variable,hazard,30,0.0017610589922335551,0,3.1013287741266647e-06,0.0017626114795695463
s22-122-44,u044,2025-06-25,variable,hazard,60,0.004577886650419027,0,2.0957046184084744e-05,0.004588397263374828
s22-122-44,u044,2025-06-25,variable,hazard,120,0.016341673488429964,0,0.00026705029240245475,0.01647667138279369
s22-122-44,u044,2025-06-25,variable,hazard_cal,30,0.002372948942247599,0,5.630886682513999e-06,0.0023757688474661874
s22-122-44,u044,2025-06-25,variable,hazard_cal,60,0.006112318699347585,0,3.7360439882394156e-05,0.006131075389592891
s22-122-44,u044,2025-06-25,variable,hazard_cal,120,0.021336558256198734,0,0.0004552487182201624,0.02156747314218131
s22-122-59,u059,2025-06-25,new,empirical,30,0.0011990407673860837,0,1.4376987618538084e-06,0.0011997601919040602
s22-122-59,u059,2025-06-25,new,empirical,60,0.00659472422062346,0,4.349038754607771e-05,0.006616565492129114
s22-122-59,u059,2025-06-25,new,empirical,120,0.017386091127098324,0,0.0003022761646797671,0.017539004174862385
s22-122-59,u059,2025-06-25,new,hazard,30,0.0010632550760999449,0,1.1305113568522995e-06,0.0010638207327721366
s22-122-59,u059,2025-06-25,new,hazard,60,0.00276566898535191,0,7.648924936537463e-06,0.002769500513943951
s22-122-59,u059,2025-06-25,new,hazard,120,0.009898581646145876,0,9.798191860541601e-05,0.009947898318734032
s22-122-59,u059,2025-06-25,new,hazard_cal,30,0.0014546356104377933,0,2.1159647591537317e-06,0.0014556946199238974
s22-122-59,u059,2025-06-25,new,hazard_cal,60,0.003749930241318311,0,1.4061976814753607e-05,0.003756978856453289
s22-122-59,u059,2025-06-25,new,hazard_cal,120,0.013133578903546272,0,0.0001724908948156757,0.013220587009175102
s22-122-9,u009,2025-06-25,variable,empirical,30,0.0011990407673860837,0,1.4376987618538084e-06,0.0011997601919040602
s22-122-9,u009,2025-06-25,variable,empirical,60,0.00659472422062346,0,4.349038754607771e-05,0.006616565492129114
s22-122-9,u009,2025-06-25,variable,empirical,120,0.017386091127098324,0,0.0003022761646797671,0.017539004174862385
s22-122-9,u009,2025-06-25,variable,hazard,30,0.0013088960546310258,0,1.7132088818286651e-06,0.0013097534072772626
s22-122-9,u009,2025-06-25,variable,hazard,60,0.0034038646757236224,0,1.1586294730639082e-05,0.003409671002800932
s22-122-9,u009,2025-06-25,variable,hazard,120,0.012171472112432302,0,0.00014814473338371724,0.012246151066309385
s22-122-9,u009,2025-06-25,variable,hazard_cal,30,0.0017795348251141707,0,3.166744193794122e-06,0.0017811200781655677
s22-122-9,u009,2025-06-25,variable,hazard_cal,60,0.004586180599216116,0,2.1033052488626296e-05,0.004596729390257508
s22-122-9,u009,2025-06-25,variable,hazard_cal,120,0.016043559600523394,0,0.00025739580465554635,0.01617365079644621
s22-122-18,u018,2025-06-25,variable,empirical,30,0.0011990407673860837,0,1.4376987618538084e-06,0.0011997601919040602
s22-122-18,u018,2025-06-25,variable,empirical,60,0.00659472422062346,0,4.349038754607771e-05,0.006616565492129114
s22-122-18,u018,2025-06-25,variable,empirical,120,0.017386091127098324,0,0.0003022761646797671,0.017539004174862385
s22-122-18,u018,2025-06-25,variable,hazard,30,0.0005395433498561752,0,2.911070263740231e-07,0.0005396889557455106
s22-122-18,u018,2025-06-25,variable,hazard,60,0.0014040834054095397,0,1.97145020934645e-06,0.0014050700541804674
s22-122-18,u018,2025-06-25,variable,hazard,120,0.00503527677067539,0,2.535401215730318e-05,0.0050479964929334336
s22-122-18,u018,2025-06-25,variable,hazard_cal,30,0.000753314289856255,0,5.674824193016339e-07,0.000753598173644002
s22-122-18,u018,2025-06-25,variable,hazard_cal,60,0.001943182091124207,0,3.7759566392658462e-06,0.0019450725188042916
s22-122-18,u018,2025-06-25,variable,hazard_cal,120,0.006823011722752126,0,4.6553488968812935e-05,0.00684639489035134
s22-122-3,u003,2025-06-25,regular,empirical,30,0.0011990407673860837,0,1.4376987618538084e-06,0.0011997601919040602
s22-122-3,u003,2025-06-25,regular,empirical,60,0.00659472422062346,0,4.349038754607771e-05,0.006616565492129114
s22-122-3,u003,2025-06-25,regular,empirical,120,0.017386091127098324,0,0.0003022761646797671,0.017539004174862385
s22-122-3,u003,2025-06-25,regular,hazard,30,0.0017320297236308457,0,2.9999269635407437e-06,0.0017335314213531852
s22-122-3,u003,2025-06-25,regular,hazard,60,0.0045025419841014935,0,2.0272884318596613e-05,0.004512708955884006
s22-122-3,u003,2025-06-25,regular,hazard,120,0.016074471712570704,0,0.00025838864083823574,0.01620506742868506
s22-122-3,u003,2025-06-25,regular,hazard_cal,30,0.0023350055509783196,0,5.4522509230995664e-06,0.0023377359275642625
s22-122-3,u003,2025-06-25,regular,hazard_cal,60,0.006014783965397896,0,3.617762615040764e-05,0.006032945640795871
s22-122-3,u003,2025-06-25,regular,hazard_cal,120,0.020998966313099166,0,0.00044095658621867354,0.021222580592224094
s22-122-34,u034,2025-06-25,variable,empirical,30,0.0011990407673860837,0,1.4376987618538084e-06,0.0011997601919040602
s22-122-34,u034,2025-06-25,variable,empirical,60,0.00659472422062346,0,4.349038754607771e-05,0.006616565492129114
s22-122-34,u034,2025-06-25,variable,empirical,120,0.017386091127098324,0,0.0003022761646797671,0.017539004174862385
s22-122-34,u034,2025-06-25,variable,hazard,30,0.00032503893484914226,0,1.0565030916786494e-07,0.0003250917714533387
s22-122-34,u034,2025-06-25,variable,hazard,60,0.0008460293504317651,0,7.157656617919944e-07,0.0008463874352437473
s22-122-34,u034,2025-06-25,variable,hazard,120,0.003036459117831236,0,9.220083974260449e-06,0.003041078513258627
s22-122-34,u034,2025-06-25,variable,hazard_cal,30,0.00046074904606374645,0,2.1228968344865235e-07,0.0004608552235208314
s22-122-34,u034,2025-06-25,variable,hazard_cal,60,0.0011888133240129939,0,1.4132771193508237e-06,0.0011895205231133726
s22-122-34,u034,2025-06-25,variable,hazard_cal,120,0.004178657363840044,0,1.7461177364374623e-05,0.004187412350426901
s22-122-40,u040,2025-06-25,regular,empirical,30,0.0011990407673860837,0,1.4376987618538084e-06,0.0011997601919040602
s22-122-40,u040,2025-06-25,regular,empirical,60,0.00659472422062346,0,4.349038754607771e-05,0.006616565492129114
s22-122-40,u040,2025-06-25,regular,empirical,120,0.017386091127098324,0,0.0003022761646797671,0.017539004174862385
s22-122-40,u040,2025-06-25,regular,hazard,30,0.0008601059338524397,0,7.397822174481774e-07,0.0008604760371951025
s22-122-40,u040,2025-06-25,regular,hazard,60,0.0022376581803638107,0,5.00711413214908e-06,0.0022401654784455567
s22-122-40,u040,2025-06-25,regular,hazard,120,0.008014918183854691,0,6.423891349388458e-05,0.008047210302132514
s22-122-40,u040,2025-06-25,regular,hazard_cal,30,0.001184224023750624,0,1.4023865384281186e-06,0.0011849257710919196
s22-122-40,u040,2025-06-25,regular,hazard_cal,60,0.0030535588962512517,0,9.324221932875163e-06,0.003058230519693144
s22-122-40,u040,2025-06-25,regular,hazard_cal,120,0.01070511146044828,0,0.0001145994113806211,0.010762823410923503
s22-122-45,u045,2025-06-25,regular,empirical,30,0.0011990407673860837,0,1.4376987618538084e-06,0.0011997601919040602
s22-122-45,u045,2025-06-25,regular,empirical,60,0.00659472422062346,0,4.349038754607771e-05,0.006616565492129114
s22-122-45,u045,2025-06-25,regular,empirical,120,0.017386091127098324,0,0.0003022761646797671,0.017539004174862385
s22-122-45,u045,2025-06-25,regular,hazard,30,0.0009642376063706548,0,9.297541615394099e-07,0.0009647027825023445
s22-122-45,u045,2025-06-25,regular,hazard,60,0.0025083338475975214,0,6.291738691003386e-06,0.002511484987453124
s22-122-45,u045,2025-06-25,regular,hazard,120,0.008980906877750883,0,8.065668834683311e-05,0.009021478316808537
s22-122-45,u045,2025-06-25,regular,hazard_cal,30,0.001323049777370855,0,1.7504607134010687e-06,0.0013239257804766144
s22-122-45,u045,2025-06-25,regular,hazard_cal,60,0.0034111082613001997,0,1.1635659570310472e-05,0.0034169393551899555
s22-122-45,u045,2025-06-25,regular,hazard_cal,120,0.011952594341793299,0,0.0001428645114994692,0.012024600949909607
s22-122-27,u027,2025-06-25,regular,empirical,30,0.0011990407673860837,0,1.4376987618538084e-06,0.0011997601919040602
s22-122-27,u027,2025-06-25,regular,empirical,60,0.00659472422062346,0,4.349038754607771e-05,0.006616565492129114
s22-122-27,u027,2025-06-25,regular,empirical,120,0.017386091127098324,0,0.0003022761646797671,0.017539004174862385
s22-122-27,u027,2025-06-25,regular,hazard,30,0.0025196449237462337,0,6.348610541760164e-06,0.002522824571195123
s22-122-27,u027,2025-06-25,regular,hazard,60,0.006545384849232616,0,4.284206282456388e-05,0.006566899814517707
s22-122-27,u027,2025-06-25,regular,hazard,120,0.023298498692951974,0,0.0005428200413454848,0.023574199407896672
s22-122-27,u027,2025-06-25,regular,hazard_cal,30,0.003358467119724984,0,1.1279301394273828e-05,0.003364119429367764
s22-122-27,u027,2025-06-25,regular,hazard_cal,60,0.008643339230173575,0,7.470731304785752e-05,0.00868090953192773
s22-122-27,u027,2025-06-25,regular,hazard_cal,120,0.03006463375624513,0,0.0009038822028971541,0.03052584244316512
s22-122-29,u029,2025-06-25,regular,empirical,30,0.0011990407673860837,0,1.4376987618538084e-06,0.0011997601919040602
s22-122-29,u029,2025-06-25,regular,empirical,60,0.00659472422062346,0,4.349038754607771e-05,0.006616565492129114
s22-122-29,u029,2025-06-25,regular,empirical,120,0.017386091127098324,0,0.0003022761646797671,0.017539004174862385
s22-122-29,u029,2025-06-25,regular,hazard,30,0.0018259873976788077,0,3.334229976481824e-06,0.0018276565448710265
s22-122-29,u029,2025-06-25,regular,hazard,60,0.0047463923333378455,0,2.2528240181968276e-05,0.004757692223415085
s22-122-29,u029,2025-06-25,regular,hazard,120,0.016939048931307266,0,0.00028693137869722184,0.017084155600860053
s22-122-29,u029,2025-06-25,regular,hazard_cal,30,0.0024577462979843423,0,6.040516865255739e-06,0.0024607715142428914
s22-122-29,u029,2025-06-25,regular,hazard_cal,60,0.006330269488023288,0,4.007231179099862e-05,0.006350390603587679
s22-122-29,u029,2025-06-25,regular,hazard_cal,120,0.0220906044670367,0,0.00048799480571906184,0.02233825584324285
s22-122-8,u008,2025-06-25,variable,empirical,30,0.0011990407673860837,0,1.4376987618538084e-06,0.0011997601919040602
s22-122-8,u008,2025-06-25,variable,empirical,60,0.00659472422062346,0,4.349038754607771e-05,0.006616565492129114
s22-122-8,u008,2025-06-25,variable,empirical,120,0.017386091127098324,0,0.0003022761646797671,0.017539004174862385
s22-122-8,u008,2025-06-25,variable,hazard,30,0.00036609972418233383,0,1.340290080463809e-07,0.0003661667550468436
s22-122-8,u008,2025-06-25,variable,hazard,60,0.0009528695864917669,0,9.079604488609908e-07,0.0009533238553117518
s22-122-8,u008,2025-06-25,variable,hazard,120,0.003419386270768765,0,1.1692202468721922e-05,0.0034252457329926496
s22-122-8,u008,2025-06-25,variable,hazard_cal,30,0.0005171126282706995,0,2.6740547031703063e-07,0.000517246377116657
s22-122-8,u008,2025-06-25,variable,hazard_cal,60,0.0013341750058321056,0,1.780022946187099e-06,0.001335065809718874
s22-122-8,u008,2025-06-25,variable,hazard_cal,120,0.004688642978302293,0,2.1983372977983398e-05,0.004699669143459193
s22-122-4,u004,2025-06-25,regular,empirical,30,0.0011990407673860837,0,1.4376987618538084e-06,0.0011997601919040602
s22-122-4,u004,2025-06-25,regular,empirical,60,0.00659472422062346,0,4.349038754607771e-05,0.006616565492129114
s22-122-4,u004,2025-06-25,regular,empirical,120,0.017386091127098324,0,0.0003022761646797671,0.017539004174862385
s22-122-4,u004,2025-06-25,regular,hazard,30,0.007881692334545165,0,6.212107405642802e-05,0.007912917048851435
s22-122-4,u004,2025-06-25,regular,hazard,60,0.02037639440915273,0,0.0004151974491173507,0.020586857021276446
s22-122-4,u004,2025-06-25,regular,hazard,120,0.07109214340012593,0,0.005054092853224068,0.07374573066353667
s22-122-4,u004,2025-06-25,regular,hazard_cal,30,0.010142740271228523,0,0.00010287518020960086,0.010194528340888529
s22-122-4,u004,2025-06-25,regular,hazard_cal,60,0.025947660778093296,0,0.0006732810998550012,0.026290240415888143
s22-122-4,u004,2025-06-25,regular,hazard_cal,120,0.0880902181857125,0,0.007759886540006433,0.09221421725029894
s22-123-0,u000,2025-06-26,variable,empirical,30,0.0011990407673860837,0,1.4376987618538084e-06,0.0011997601919040602
s22-123-0,u000,2025-06-26,variable,empirical,60,0.00659472422062346,0,4.349038754607771e-05,0.006616565492129114
s22-123-0,u000,2025-06-26,variable,empirical,120,0.017386091127098324,0,0.0003022761646797671,0.017539004174862385
s22-123-0,u000,2025-06-26,variable,hazard,30,0.004174737505970083,0,1.7428433243753308e-05,0.004183476051828676
s22-123-0,u000,2025-06-26,variable,hazard,60,0.01082880828116295,0,0.00011726308879018327,0.010887866566436878
s22-123-0,u000,2025-06-26,variable,hazard,120,0.03830696325128957,0,0.0014674234335356497,0.039059967854840213
s22-123-0,u000,2025-06-26,variable,hazard_cal,30,0.005479408069107183,0,3.0023912787796913e-05,0.00549447508960898
s22-123-0,u000,2025-06-26,variable,hazard_cal,60,0.014075450103125386,0,0.00019811829560557244,0.014175448710177625
s22-123-0,u000,2025-06-26,variable,hazard_cal,120,0.04858747042006861,0,0.0023607422818210425,0.04980752544703437
s22-123-4,u004,2025-06-26,regular,empirical,30,0.0011990407673860837,0,1.4376987618538084e-06,0.0011997601919040602
s22-123-4,u004,2025-06-26,regular,empirical,60,0.00659472422062346,0,4.349038754607771e-05,0.006616565492129114
s22-123-4,u004,2025-06-26,regular,empirical,120,0.017386091127098324,0,0.0003022761646797671,0.017539004174862385
s22-123-4,u004,2025-06-26,regular,hazard,30,0.006395132839221773,0,4.0897724031292737e-05,0.006415669303670172
s22-123-4,u004,2025-06-26,regular,hazard,60,0.01655527616542296,0,0.00027407716891342156,0.016693846256062232
s22-123-4,u004,2025-06-26,regular,hazard,120,0.05808074271415853,0,0.003373372674228279,0.05983572221336655
s22-123-4,u004,2025-06-26,regular,hazard_cal,30,0.008283724571015672,0,6.862009276844877e-05,0.00831822527908407
s22-123-4,u004,2025-06-26,regular,hazard_cal,60,0.02122660639557794,0,0.0004505688190727903,0.021455130451218437
s22-123-4,u004,2025-06-26,regular,hazard_cal,120,0.07254123818124325,0,0.005262231236867864,0.07530694713993147
s22-123-19,u019,2025-06-26,regular,empirical,30,0.0011990407673860837,0,1.4376987618538084e-06,0.0011997601919040602
s22-123-19,u019,2025-06-26,regular,empirical,60,0.00659472422062346,0,4.349038754607771e-05,0.006616565492129114
s22-123-19,u019,2025-06-26,regular,empirical,120,0.017386091127098324,0,0.0003022761646797671,0.017539004174862385
s22-123-19,u019,2025-06-26,regular,hazard,30,0.0038420150431311972,0,1.4761079591646416e-05,0.0038494145416639674
s22-123-19,u019,2025-06-26,regular,hazard,60,0.009968736030899872,0,9.937569805376134e-05,0.010018756585363971
s22-123-19,u019,2025-06-26,regular,hazard,120,0.035308421102180576,0,0.0012466846007289107,0.03594683608824107
s22-123-19,u019,2025-06-26,regular,hazard_cal,30,0.00505557490565578,0,2.5558837626696446e-05,0.005068397559985357
s22-123-19,u019,2025-06-26,regular,hazard_cal,60,0.012991564105142461,0,0.00016878073789802604,0.013076692579246227
s22-123-19,u019,2025-06-26,regular,hazard_cal,120,0.04491425580627639,0,0.0020172903746316327,0.04595415803574777
s22-123-57,u057,2025-06-26,new,empirical,30,0.0011990407673860837,0,1.4376987618538084e-06,0.0011997601919040602
s22-123-57,u057,2025-06-26,new,empirical,60,0.00659472422062346,0,4.349038754607771e-05,0.006616565492129114
s22-123-57,u057,2025-06-26,new,empirical,120,0.017386091127098324,0,0.0003022761646797671,0.017539004174862385
s22-123-57,u057,2025-06-26,new,hazard,30,0.0011866930309871737,0,1.4082403497935253e-06,0.0011873977087079966
s22-123-57,u057,2025-06-26,new,hazard,60,0.0030864062015935056,0,9.52590324123485e-06,0.003091178976224936
s22-123-57,u057,2025-06-26,new,hazard,120,0.011041392342926448,0,0.0001219123448704348,0.011102800958152689
s22-123-57,u057,2025-06-26,new,hazard_cal,30,0.0016181577759225574,0,2.6184345877786376e-06,0.0016194684072794814
s22-123-57,u057,2025-06-26,new,hazard_cal,60,0.004170875940596619,0,1.739620611184773e-05,0.004179598305368708
s22-123-57,u057,2025-06-26,new,hazard_cal,120,0.014599241218973935,0,0.00021313784416978756,0.014706858849203584
s22-123-23,u023,2025-06-26,regular,empirical,30,0.0011990407673860837,0,1.4376987618538084e-06,0.0011997601919040602
s22-123-23,u023,2025-06-26,regular,empirical,60,0.00659472422062346,0,4.349038754607771e-05,0.006616565492129114
s22-123-23,u023,2025-06-26,regular,empirical,120,0.017386091127098324,0,0.0003022761646797671,0.017539004174862385
s22-123-23,u023,2025-06-26,regular,hazard,30,0.002718103779651204,0,7.388088156954162e-06,0.002721804531268831
s22-123-23,u023,2025-06-26,regular,hazard,60,0.007059673596763294,0,4.983899129283678e-05,0.0070847109992558475
s22-123-23,u023,2025-06-26,regular,hazard,120,0.025110399924649474,0,0.0006305321843758363,0.025431045087316813
s22-123-23,u023,2025-06-26,regular,hazard_cal,30,0.0036146539738707295,0,1.3065723350819456e-05,0.003621202621037818
s22-123-23,u023,2025-06-26,regular,hazard_cal,60,0.009300560898759858,0,8.650043303154078e-05,0.009344081167398618
s22-123-23,u023,2025-06-26,regular,hazard_cal,120,0.03232084002071478,0,0.0010446366996446383,0.03285469294841723
s22-123-32,u032,2025-06-26,regular,empirical,30,0.0011990407673860837,0,1.4376987618538084e-06,0.0011997601919040602
s22-123-32,u032,2025-06-26,regular,empirical,60,0.00659472422062346,0,4.349038754607771e-05,0.006616565492129114
s22-123-32,u032,2025-06-26,regular,empirical,120,0.017386091127098324,0,0.0003022761646797671,0.017539004174862385
s22-123-32,u032,2025-06-26,regular,hazard,30,0.0012506740254952797,0,1.5641855180485676e-06,0.0012514567709619852
s22-123-32,u032,2025-06-26,regular,hazard,60,0.0032526244241952718,0,1.0579565644871623e-05,0.0032579257055237237
s22-123-32,u032,2025-06-26,regular,hazard,120,0.011633221359808599,0,0.00013533183920630702,0.011701416682864996
s22-123-32,u032,2025-06-26,regular,hazard_cal,30,0.00170270874475964,0,2.8992170694809492e-06,0.001704160000906031
s22-123-32,u032,2025-06-26,regular,hazard_cal,60,0.0043884830303232425,0,1.925878330743507e-05,0.00439814068731012
s22-123-32,u032,2025-06-26,regular,hazard_cal,120,0.015356231224000871,0,0.0002358138374049793,0.015475359288350234
s22-123-34,u034,2025-06-26,variable,empirical,30,0.0011990407673860837,0,1.4376987618538084e-06,0.0011997601919040602
s22-123-34,u034,2025-06-26,variable,empirical,60,0.00659472422062346,0,4.349038754607771e-05,0.006616565492129114
s22-123-34,u034,2025-06-26,variable,empirical,120,0.017386091127098324,0,0.0003022761646797671,0.017539004174862385
s22-123-34,u034,2025-06-26,variable,hazard,30,0.000502664059059077,0,2.5267115626974723e-07,0.0005027904369894153
s22-123-34,u034,2025-06-26,variable,hazard,60,0.0013081536258722215,0,1.7112659088826401e-06,0.0013090100057591054
s22-123-34,u034,2025-06-26,variable,hazard,120,0.004691909457135157,0,2.2014014353954324e-05,0.004702951015176928
s22-123-34,u034,2025-06-26,variable,hazard_cal,30,0.0007033114004495467,0,4.946469260023026e-07,0.0007035588399373586
s22-123-34,u034,2025-06-26,variable,hazard_cal,60,0.0018142790282060783,0,3.291608392188392e-06,0.0018159268257468065
s22-123-34,u034,2025-06-26,variable,hazard_cal,120,0.0063715541836744105,0,4.0596702715498884e-05,0.006391939170530299
s22-123-30,u030,2025-06-26,regular,empirical,30,0.0011990407673860837,0,1.4376987618538084e-06,0.0011997601919040602
s22-123-30,u030,2025-06-26,regular,empirical,60,0.00659472422062346,0,4.349038754607771e-05,0.006616565492129114
s22-123-30,u030,2025-06-26,regular,empirical,120,0.017386091127098324,0,0.0003022761646797671,0.017539004174862385
s22-123-30,u030,2025-06-26,regular,hazard,30,0.003025014395232284,0,9.15071209136254e-06,0.0030295989992745707
s22-123-30,u030,2025-06-26,regular,hazard,60,0.007854644883068418,0,6.169544623911288e-05,0.007885655095729242
s22-123-30,u030,2025-06-26,regular,hazard,120,0.027905844975509853,0,0.0007787361837971884,0.028302611903886568
s22-123-30,u030,2025-06-26,regular,hazard_cal,30,0.004009711311080411,0,1.6077784798206184e-05,0.004017771757403152
s22-123-30,u030,2025-06-26,regular,hazard_cal,60,0.010313458309867518,0,0.00010636742230937537,0.010367010545060892
s22-123-30,u030,2025-06-26,regular,hazard_cal,120,0.035789866081346045,0,0.0012809145141206841,0.03644602688263376
s22-123-37,u037,2025-06-26,regular,empirical,30,0.0011990407673860837,0,1.4376987618538084e-06,0.0011997601919040602
s22-123-37,u037,2025-06-26,regular,empirical,60,0.00659472422062346,0,4.349038754607771e-05,0.006616565492129114
s22-123-37,u037,2025-06-26,regular,empirical,120,0.017386091127098324,0,0.0003022761646797671,0.017539004174862385
s22-123-37,u037,2025-06-26,regular,hazard,30,0.0014682650216425452,0,2.155802173778984e-06,0.0014693439789889803
s22-123-37,u037,2025-06-26,regular,hazard,60,0.0038177681419949705,0,1.457535358603173e-05,0.0038250744205011403
s22-123-37,u037,2025-06-26,regular,hazard,120,0.013643308729403336,0,0.00018613987308581327,0.013737233944841552
s22-123-37,u037,2025-06-26,regular,hazard_cal,30,0.0019893093569899323,0,3.957351717807698e-06,0.0019912906609025026
s22-123-37,u037,2025-06-26,regular,hazard_cal,60,0.005125859764789964,0,2.6274438328292624e-05,0.005139042050280154
s22-123-37,u037,2025-06-26,regular,hazard_cal,120,0.017917894950406743,0,0.00032105095945381145,0.01808036409265922
s22-123-42,u042,2025-06-26,variable,empirical,30,0.0011990407673860837,0,1.4376987618538084e-06,0.0011997601919040602
s22-123-42,u042,2025-06-26,variable,empirical,60,0.00659472422062346,0,4.349038754607771e-05,0.006616565492129114
s22-123-42,u042,2025-06-26,variable,empirical,120,0.017386091127098324,0,0.0003022761646797671,0.017539004174862385
s22-123-42,u042,2025-06-26,variable,hazard,30,0.0008631002450442127,0,7.449420329953799e-07,0.0008634729305194246
s22-123-42,u042,2025-06-26,variable,hazard,60,0.0022454421778299594,0,5.042010573977751e-06,0.0022479669633315887
s22-123-42,u042,2025-06-26,variable,hazard,120,0.008042708363073414,0,6.468515781345104e-05,0.008075225409418288
s22-123-42,u042,2025-06-26,variable,hazard_cal,30,0.0011882227877375584,0,1.4118733932988147e-06,0.0011889292841397417
s22-123-42,u042,2025-06-26,variable,hazard_cal,60,0.0030638590417445544,0,9.387232227679859e-06,0.003068562266994675
s22-123-42,u042,2025-06-26,variable,hazard_cal,120,0.010741066046571879,0,0.00011537049981681925,0.010799167720306256
s22-123-56,u056,2025-06-26,new,empirical,30,0.0011990407673860837,0,1.4376987618538084e-06,0.0011997601919040602
s22-123-56,u056,2025-06-26,new,empirical,60,0.00659472422062346,0,4.349038754607771e-05,0.006616565492129114
s22-123-56,u056,2025-06-26,new,empirical,120,0.017386091127098324,1,0.9655300939104832,4.052084752932218
s22-123-56,u056,2025-06-26,new,hazard,30,0.001641564108980531,0,2.694732723893045e-06,0.0016429129516857687
s22-123-56,u056,2025-06-26,new,hazard,60,0.004267715805196026,0,1.8213398193919966e-05,0.004276848497378223
s22-123-56,u056,2025-06-26,new,hazard,120,0.015241310135041264,1,0.96974967726455,4.183745765552351
s22-123-56,u056,2025-06-26,new,hazard_cal,30,0.0022166339060430973,0,4.913465873419878e-06,0.0022190942754777504
s22-123-56,u056,2025-06-26,new,hazard_cal,60,0.0057104638027498655,0,3.2609396842516455e-05,0.005726830839828025
s22-123-56,u056,2025-06-26,new,hazard_cal,120,0.01994504145805298,1,0.9605077217626575,3.9147747150080767
s22-123-59,u059,2025-06-26,new,empirical,30,0.0011990407673860837,0,1.4376987618538084e-06,0.0011997601919040602
s22-123-59,u059,2025-06-26,new,empirical,60,0.00659472422062346,0,4.349038754607771e-05,0.006616565492129114
s22-123-59,u059,2025-06-26,new,empirical,120,0.017386091127098324,0,0.0003022761646797671,0.017539004174862385
s22-123-59,u059,2025-06-26,new,hazard,30,0.0008554544711832923,0,7.318023522674863e-07,0.0008558205811679329
s22-123-59,u059,2025-06-26,new,hazard,60,0.00222556617672498,0,4.953144806982246e-06,0.002228046429790006
s22-123-59,u059,2025-06-26,new,hazard,120,0.007971746452186013,0,6.354874149794027e-05,0.008003690703845568
s22-123-59,u059,2025-06-26,new,hazard_cal,30,0.0011780113756667543,0,1.387710801200279e-06,0.0011787057764622805
s22-123-59,u059,2025-06-26,new,hazard_cal,60,0.003037556012516651,0,9.226746529176058e-06,0.0030421787493694345
s22-123-59,u059,2025-06-26,new,hazard_cal,120,0.01064924832989056,0,0.00011340648999167686,0.010706357382406497
s22-123-6,u006,2025-06-26,variable,empirical,30,0.0011990407673860837,0,1.4376987618538084e-06,0.0011997601919040602
s22-123-6,u006,2025-06-26,variable,empirical,60,0.00659472422062346,0,4.349038754607771e-05,0.006616565492129114
s22-123-6,u006,2025-06-26,variable,empirical,120,0.017386091127098324,0,0.0003022761646797671,0.017539004174862385
s22-123-6,u006,2025-06-26,variable,hazard,30,0.0012370828771027798,0,1.5303740448208913e-06,0.0012378486957777901
s22-123-6,u006,2025-06-26,variable,hazard,60,0.003217317151094079,0,1.0351129650724121e-05,0.003222503843730695
s22-123-6,u006,2025-06-26,variable,hazard,120,0.011507531809892946,0,0.00013242328835569802,0.01157425583387026
s22-123-6,u006,2025-06-26,variable,hazard_cal,30,0.00168475925143996,0,2.8384137353125346e-06,0.001686180054339083
s22-123-6,u006,2025-06-26,variable,hazard_cal,60,0.004342289501405472,0,1.885547811401618e-05,0.00435174462163618
s22-123-6,u006,2025-06-26,variable,hazard_cal,120,0.01519557655849435,0,0.000230905546945063,0.015312212406398518
s22-123-10,u010,2025-06-26,regular,empirical,30,0.0011990407673860837,0,1.4376987618538084e-06,0.0011997601919040602
s22-123-10,u010,2025-06-26,regular,empirical,60,0.00659472422062346,0,4.349038754607771e-05,0.006616565492129114
s22-123-10,u010,2025-06-26,regular,empirical,120,0.017386091127098324,0,0.0003022761646797671,0.017539004174862385
s22-123-10,u010,2025-06-26,regular,hazard,30,0.0022881996902779367,0,5.235857822588046e-06,0.002290821619618102
s22-123-10,u010,2025-06-26,regular,hazard,60,0.005945383335894672,0,3.5347583010734056e-05,0.005963127492899702
s22-123-10,u010,2025-06-26,regular,hazard,120,0.021181189165163983,0,0.0004486427744504601,0.021408729336298674
s22-123-10,u010,2025-06-26,regular,hazard_cal,30,0.0030589047836320216,0,9.356898475326865e-06,0.0030635927954317734
s22-123-10,u010,2025-06-26,regular,hazard_cal,60,0.0078744650222482,0,6.200719938661035e-05,0.0079056323471009
s22-123-10,u010,2025-06-26,regular,hazard_cal,120,0.027419808333126294,0,0.0007518458890253822,0.02780274759156018
s22-123-35,u035,2025-06-26,regular,empirical,30,0.0011990407673860837,0,1.4376987618538084e-06,0.0011997601919040602
s22-123-35,u035,2025-06-26,regular,empirical,60,0.00659472422062346,0,4.349038754607771e-05,0.006616565492129114
s22-123-35,u035,2025-06-26,regular,empirical,120,0.017386091127098324,0,0.0003022761646797671,0.017539004174862385
s22-123-35,u035,2025-06-26,regular,hazard,30,0.004526191456404982,0,2.048640910003345e-05,0.004536465674729546
s22-123-35,u035,2025-06-26,regular,hazard,60,0.011736742302698278,0,0.00013775111987994725,0.011806161567928204
s22-123-35,u035,2025-06-26,regular,hazard,120,0.041464214728679116,0,0.0017192811030660102,0.042348382533660564
s22-123-35,u035,2025-06-26,regular,hazard_cal,30,0.005925945090540674,0,3.511682521610312e-05,0.00594357317970806
s22-123-35,u035,2025-06-26,regular,hazard_cal,60,0.015216519403608353,0,0.0002315424627603895,0.015333478626679274
s22-123-35,u035,2025-06-26,regular,hazard_cal,120,0.0524423054329769,0,0.0027501953991256383,0.0538674525157467
s22-123-51,u051,2025-06-26,variable,empirical,30,0.0011990407673860837,0,1.4376987618538084e-06,0.0011997601919040602
s22-123-51,u051,2025-06-26,variable,empirical,60,0.00659472422062346,0,4.349038754607771e-05,0.006616565492129114
s22-123-51,u051,2025-06-26,variable,empirical,120,0.017386091127098324,0,0.0003022761646797671,0.017539004174862385
s22-123-51,u051,2025-06-26,variable,hazard,30,0.0017289200172433405,0,2.989164426024713e-06,0.0017304163243686266
s22-123-51,u051,2025-06-26,variable,hazard,60,0.004494470594210931,0,2.0200265922226757e-05,0.004504601092719964
s22-123-51,u051,2025-06-26,variable,hazard,120,0.016045843921732028,0,0.0002574691071605847,0.016175972366554856
s22-123-51,u051,2025-06-26,variable,hazard_cal,30,0.0023309397868616077,0,5.433280289974437e-06,0.002333660655950251
s22-123-51,u051,2025-06-26,variable,hazard_cal,60,0.006004332397841594,0,3.605200754377019e-05,0.0060224308841979315
s22-123-51,u051,2025-06-26,variable,hazard_cal,120,0.02096278533143725,0,0.00043943836885192074,0.02118562423379093
s22-123-14,u014,2025-06-26,variable,empirical,30,0.0011990407673860837,0,1.4376987618538084e-06,0.0011997601919040602
s22-123-14,u014,2025-06-26,variable,empirical,60,0.00659472422062346,0,4.349038754607771e-05,0.006616565492129114
s22-123-14,u014,2025-06-26,variable,empirical,120,0.017386091127098324,0,0.0003022761646797671,0.017539004174862385
s22-123-14,u014,2025-06-26,variable,hazard,30,0.0005229827667370124,0,2.735109743039003e-07,0.000523119569923383
s22-123-14,u014,2025-06-26,variable,hazard,60,0.001361007084822563,0,1.8523402849372113e-06,0.0013619340961731749
s22-123-14,u014,2025-06-26,variable,hazard,120,0.004881102899323753,0,2.3825165513786744e-05,0.004893054388908167
s22-123-14,u014,2025-06-26,variable,hazard_cal,30,0.0007308737219478001,0,5.341763974338302e-07,0.0007311409403563921
s22-123-14,u014,2025-06-26,variable,hazard_cal,60,0.0018853336805176868,0,3.554483086894367e-06,0.0018871131590200531
s22-123-14,u014,2025-06-26,variable,hazard_cal,120,0.006620429338782263,0,4.383008462980896e-05,0.006642441588583433
s22-123-21,u021,2025-06-26,regular,empirical,30,0.0011990407673860837,0,1.4376987618538084e-06,0.0011997601919040602
s22-123-21,u021,2025-06-26,regular,empirical,60,0.00659472422062346,0,4.349038754607771e-05,0.006616565492129114
s22-123-21,u021,2025-06-26,regular,empirical,120,0.017386091127098324,0,0.0003022761646797671,0.017539004174862385
s22-123-21,u021,2025-06-26,regular,hazard,30,0.0014088097090001472,0,1.9847447961730794e-06,0.0014098030144267277
s22-123-21,u021,2025-06-26,regular,hazard,60,0.0036633682276122626,0,1.342026677107901e-05,0.0036700947939490186
s22-123-21,u021,2025-06-26,regular,hazard,120,0.013094471259771034,0,0.00017146517757296963,0.013180959691760249
s22-123-21,u021,2025-06-26,regular,hazard_cal,30,0.0019111347842420967,0,3.6524361635400855e-06,0.0019129633324299795
s22-123-21,u021,2025-06-26,regular,hazard_cal,60,0.004924766278570414,0,2.4253322898544284e-05,0.004936932901639616
s22-123-21,u021,2025-06-26,regular,hazard_cal,120,0.017219819529293523,0,0.0002965221846214386,0.017369804929679954
s22-123-44,u044,2025-06-26,variable,empirical,30,0.0011990407673860837,0,1.4376987618538084e-06,0.0011997601919040602
s22-123-44,u044,2025-06-26,variable,empirical,60,0.00659472422062346,0,4.349038754607771e-05,0.006616565492129114
s22-123-44,u044,2025-06-26,variable,empirical,120,0.017386091127098324,0,0.0003022761646797671,0.017539004174862385
s22-123-44,u044,2025-06-26,variable,hazard,30,0.0023066650170947556,0,5.320703501088749e-06,0.0023093294669627343
s22-123-44,u044,2025-06-26,variable,hazard,60,0.005993262229589735,0,3.5919192152626926e-05,0.006011293907479939
s22-123-44,u044,2025-06-26,variable,hazard,120,0.021350281945135774,0,0.0004558345391367906,0.021581496129630773
s22-123-44,u044,2025-06-26,variable,hazard_cal,30,0.0030828378467111506,0,9.503889189114643e-06,0.003087599580258947
s22-123-44,u044,2025-06-26,variable,hazard_cal,60,0.007935907966241329,0,6.297863524865258e-05,0.007967564879331007
s22-123-44,u044,2025-06-26,variable,hazard_cal,120,0.027631375114945067,0,0.0007634928907428055,0.02802030270751259
s22-123-9,u009,2025-06-26,variable,empirical,30,0.0011990407673860837,0,1.4376987618538084e-06,0.0011997601919040602
s22-123-9,u009,2025-06-26,variable,empirical,60,0.00659472422062346,0,4.349038754607771e-05,0.006616565492129114
s22-123-9,u009,2025-06-26,variable,empirical,120,0.017386091127098324,0,0.0003022761646797671,0.017539004174862385
s22-123-9,u009,2025-06-26,variable,hazard,30,0.0012378234160409507,0,1.5322068092992884e-06,0.0012385901522335855
s22-123-9,u009,2025-06-26,variable,hazard,60,0.003219240955550595,0,1.036351232989431e-05,0.003224433859516588
s22-123-9,u009,2025-06-26,variable,hazard,120,0.011514380649417122,0,0.00013258096173967147,0.011581184428139834
s22-123-9,u009,2025-06-26,variable,hazard_cal,30,0.0016857374167098538,0,2.841710638095611e-06,0.0016871598708431078
s22-123-9,u009,2025-06-26,variable,hazard_cal,60,0.004344806875075324,0,1.8877346781701806e-05,0.004354272977340874
s22-123-9,u009,2025-06-26,variable,hazard_cal,120,0.015204332172652046,0,0.0002311717168163421,0.015321103159599198
s22-123-11,u011,2025-06-26,variable,empirical,30,0.0011990407673860837,0,1.4376987618538084e-06,0.0011997601919040602
s22-123-11,u011,2025-06-26,variable,empirical,60,0.00659472422062346,0,4.349038754607771e-05,0.006616565492129114
s22-123-11,u011,2025-06-26,variable,empirical,120,0.017386091127098324,0,0.0003022761646797671,0.017539004174862385
s22-123-11,u011,2025-06-26,variable,hazard,30,0.0034348072243657324,0,1.1797900668555027e-05,0.0034407197174316675
s22-123-11,u011,2025-06-26,variable,hazard,60,0.008915422733666967,0,7.948476251998577e-05,0.008955402919152972
s22-123-11,u011,2025-06-26,variable,hazard,120,0.03162590446986013,0,0.0010001978335367192,0.03213680403836531
s22-123-11,u011,2025-06-26,variable,hazard_cal,30,0.004535273585735022,0,2.0568706497465806e-05,0.004545589140040639
s22-123-11,u011,2025-06-26,variable,hazard_cal,60,0.011659865535797564,0,0.0001359524643128798,0.011728374828064918
s22-123-11,u011,2025-06-26,variable,hazard_cal,120,0.04038576000860461,0,0.0016310096114726075,0.04122390861920362
s22-123-16,u016,2025-06-26,variable,empirical,30,0.0011990407673860837,0,1.4376987618538084e-06,0.0011997601919040602
s22-123-16,u016,2025-06-26,variable,empirical,60,0.00659472422062346,0,4.349038754607771e-05,0.006616565492129114
s22-123-16,u016,2025-06-26,variable,empirical,120,0.017386091127098324,0,0.0003022761646797671,0.017539004174862385
s22-123-16,u016,2025-06-26,variable,hazard,30,0.0007376557140162943,0,5.44135952420889e-07,0.0007379279158615676
s22-123-16,u016,2025-06-26,variable,hazard,60,0.0019193013547755822,0,3.6837176904433853e-06,0.0019211455737399164
s22-123-16,u016,2025-06-26,variable,hazard,120,0.0068777922406696446,0,4.730402610581557e-05,0.006901553265323968
s22-123-16,u016,2025-06-26,variable,hazard_cal,30,0.0010203186958652743,0,1.0410502411322143e-06,0.001020839575324683
s22-123-16,u016,2025-06-26,variable,hazard_cal,60,0.0026313037654323024,0,6.9237595059782126e-06,0.0026347717300333395
s22-123-16,u016,2025-06-26,variable,hazard_cal,120,0.009230252814237172,0,8.519756701473324e-05,0.009273115557598811
s22-123-26,u026,2025-06-26,regular,empirical,30,0.0011990407673860837,0,1.4376987618538084e-06,0.0011997601919040602
s22-123-26,u026,2025-06-26,regular,empirical,60,0.00659472422062346,0,4.349038754607771e-05,0.006616565492129114
s22-123-26,u026,2025-06-26,regular,empirical,120,0.017386091127098324,0,0.0003022761646797671,0.017539004174862385
s22-123-26,u026,2025-06-26,regular,hazard,30,0.003713833990104387,0,1.3792562906054672e-05,0.003720747393687495
s22-123-26,u026,2025-06-26,regular,hazard,60,0.009637256703489694,0,9.287671676895704e-05,0.009683995594076726
s22-123-26,u026,2025-06-26,regular,hazard,120,0.03415074689583486,0,0.0011662735135433743,0.0347475096343062
s22-123-26,u026,2025-06-26,regular,hazard_cal,30,0.004891990093495835,0,2.3931567074861388e-05,0.004903995045105567
s22-123-26,u026,2025-06-26,regular,hazard_cal,60,0.012573004712925329,0,0.00015808044751124253,0.012652713762945784
s22-123-26,u026,2025-06-26,regular,hazard_cal,120,0.043492766499390045,0,0.001891620737770465,0.04446692766245831
s22-123-12,u012,2025-06-26,variable,empirical,30,0.0011990407673860837,0,1.4376987618538084e-06,0.0011997601919040602
s22-123-12,u012,2025-06-26,variable,empirical,60,0.00659472422062346,0,4.349038754607771e-05,0.006616565492129114
s22-123-12,u012,2025-06-26,variable,empirical,120,0.017386091127098324,0,0.0003022761646797671,0.017539004174862385
s22-123-12,u012,2025-06-26,variable,hazard,30,0.0006795977276538023,0,4.618530714322117e-07,0.0006798287588676404
s22-123-12,u012,2025-06-26,variable,hazard,60,0.001768332679217166,0,3.1270004643873607e-06,0.0017698980250897257
s22-123-12,u012,2025-06-26,variable,hazard,120,0.006338185638128824,0,4.0172597183382485e-05,0.006358357216029369
s22-123-12,u012,2025-06-26,variable,hazard_cal,30,0.0009423254529098424,0,8.879772592017395e-07,0.0009427697206579089
s22-123-12,u012,2025-06-26,variable,hazard_cal,60,0.0024303336699048605,0,5.906521747073228e-06,0.0024332917244566966
s22-123-12,u012,2025-06-26,variable,hazard_cal,120,0.008527685511416694,0,7.27214201816262e-05,0.008564254267826636
s22-123-24,u024,2025-06-26,regular,empirical,30,0.0011990407673860837,0,1.4376987618538084e-06,0.0011997601919040602
s22-123-24,u024,2025-06-26,regular,empirical,60,0.00659472422062346,0,4.349038754607771e-05,0.006616565492129114
s22-123-24,u024,2025-06-26,regular,empirical,120,0.017386091127098324,0,0.0003022761646797671,0.017539004174862385
s22-123-24,u024,2025-06-26,regular,hazard,30,0.005230183882103612,0,2.7354823440616406e-05,0.005243909171933892
s22-123-24,u024,2025-06-26,regular,hazard,60,0.013553687936648129,0,0.000183702456684041,0.013646377642752188
s22-123-24,u024,2025-06-26,regular,hazard,120,0.047757383869135195,0,0.0022807677140239345,0.0489354277822717
s22-123-24,u024,2025-06-26,regular,hazard_cal,30,0.006817167794985424,0,4.6473776744986426e-05,0.006840510832783865
s22-123-24,u024,2025-06-26,regular,hazard_cal,60,0.01749123490209381,0,0.0003059432984002247,0.01764601405927165
s22-123-24,u024,2025-06-26,regular,hazard_cal,120,0.0600897801037098,0,0.003610781672912198,0.06197091902815692
s22-123-36,u036,2025-06-26,variable,empirical,30,0.0011990407673860837,0,1.4376987618538084e-06,0.0011997601919040602
s22-123-36,u036,2025-06-26,variable,empirical,60,0.00659472422062346,0,4.349038754607771e-05,0.006616565492129114
s22-123-36,u036,2025-06-26,variable,empirical,120,0.017386091127098324,0,0.0003022761646797671,0.017539004174862385
s22-123-36,u036,2025-06-26,variable,hazard,30,0.0008837322290263794,0,7.80982652619933e-07,0.0008841229505651275
s22-123-36,u036,2025-06-26,variable,hazard,60,0.0022990758514537246,0,5.285749770737669e-06,0.0023017227841166375
s22-123-36,u036,2025-06-26,variable,hazard,120,0.008234172510836135,0,6.780159693820946e-05,0.008268260562874186
s22-123-36,u036,2025-06-26,variable,hazard_cal,30,0.0012157645280732599,0,1.4780833877211963e-06,0.0012165041693142857
s22-123-36,u036,2025-06-26,variable,hazard_cal,60,0.003134799974104374,0,9.826970877644785e-06,0.0031397237522755904
s22-123-36,u036,2025-06-26,variable,hazard_cal,120,0.010988670324988625,0,0.00012075087551128562,0.01104949173746613
s22-123-41,u041,2025-06-26,variable,empirical,30,0.0011990407673860837,0,1.4376987618538084e-06,0.0011997601919040602
s22-123-41,u041,2025-06-26,variable,empirical,60,0.00659472422062346,0,4.349038754607771e-05,0.006616565492129114
s22-123-41,u041,2025-06-26,variable,empirical,120,0.017386091127098324,0,0.0003022761646797671,0.017539004174862385
s22-123-41,u041,2025-06-26,variable,hazard,30,0.0025641812017584975,0,6.575025235451652e-06,0.002567474345058217
s22-123-41,u041,2025-06-26,variable,hazard,60,0.006660812658812576,0,4.4366425275797855e-05,0.006683094871664606
s22-123-41,u041,2025-06-26,variable,hazard,120,0.023705400969151635,0,0.0005619460351082553,0.02399089484524749
s22-123-41,u041,2025-06-26,variable,hazard_cal,30,0.0034160108952473456,0,1.1669130436448571e-05,0.003421858781893254
s22-123-41,u041,2025-06-26,variable,hazard_cal,60,0.008790987900185065,0,7.728146826120022e-05,0.008829856598151012
s22-123-41,u041,2025-06-26,variable,hazard_cal,120,0.030571868545154923,0,0.000934639146342233,0.03104893654190198
s22-123-39,u039,2025-06-26,variable,empirical,30,0.0011990407673860837,0,1.4376987618538084e-06,0.0011997601919040602
s22-123-39,u039,2025-06-26,variable,empirical,60,0.00659472422062346,0,4.349038754607771e-05,0.006616565492129114
s22-123-39,u039,2025-06-26,variable,empirical,120,0.017386091127098324,0,0.0003022761646797671,0.017539004174862385
s22-123-39,u039,2025-06-26,variable,hazard,30,0.0008035401692177979,0,6.456768035465673e-07,0.0008038631806662789
s22-123-39,u039,2025-06-26,variable,hazard,60,0.002090602228924432,0,4.370617679583803e-06,0.0020927905882888206
s22-123-39,u039,2025-06-26,variable,hazard,120,0.007489785627112888,0,5.60968887401068e-05,0.007517974914165318
s22-123-39,u039,2025-06-26,variable,hazard_cal,30,0.0011086022860868905,0,1.2289990287170798e-06,0.0011092172401362382
s22-123-39,u039,2025-06-26,variable,hazard_cal,60,0.002858756309149224,0,8.172487635100494e-06,0.002862850357419304
s22-123-39,u039,2025-06-26,variable,hazard_cal,120,0.010024920143396732,0,0.00010049902388148155,0.010075508032334977
s22-123-48,u048,2025-06-26,regular,empirical,30,0.0011990407673860837,0,1.4376987618538084e-06,0.0011997601919040602
s22-123-48,u048,2025-06-26,regular,empirical,60,0.00659472422062346,0,4.349038754607771e-05,0.006616565492129114
s22-123-48,u048,2025-06-26,regular,empirical,120,0.017386091127098324,0,0.0003022761646797671,0.017539004174862385
s22-123-48,u048,2025-06-26,regular,hazard,30,0.006541874464528585,0,4.2796121509651165e-05,0.006563366307854679
s22-123-48,u048,2025-06-26,regular,hazard,60,0.016932922314686683,0,0.0002867238581152142,0.017077923436391612
s22-123-48,u048,2025-06-26,regular,hazard,120,0.05937317182367419,0,0.0035251735324035383,0.061208787470624915
s22-123-48,u048,2025-06-26,regular,hazard_cal,30,0.008467811405594827,0,7.170383000072184e-05,0.008503867006227406
s22-123-48,u048,2025-06-26,regular,hazard_cal,60,0.02169479722680967,0,0.00047066422671238853,0.021933589355250135
s22-123-48,u048,2025-06-26,regular,hazard_cal,120,0.07409259693590664,0,0.005489712920706722,0.076981046027004
s22-123-50,u050,2025-06-26,variable,empirical,30,0.0011990407673860837,0,1.4376987618538084e-06,0.0011997601919040602
s22-123-50,u050,2025-06-26,variable,empirical,60,0.00659472422062346,0,4.349038754607771e-05,0.006616565492129114
s22-123-50,u050,2025-06-26,variable,empirical,120,0.017386091127098324,0,0.0003022761646797671,0.017539004174862385
s22-123-50,u050,2025-06-26,variable,hazard,30,0.0006600050598144502,0,4.3560667898067605e-07,0.000660222959035608
s22-123-50,u050,2025-06-26,variable,hazard,60,0.0017173821518723376,0,2.9494014555696605e-06,0.0017188585431943296
s22-123-50,u050,2025-06-26,variable,hazard,120,0.006156020009808638,0,3.789658236116435e-05,0.006175046425844046
s22-123-50,u050,2025-06-26,variable,hazard_cal,30,0.0009159607476617593,0,8.38984091257089e-07,0.0009163804960423223
s22-123-50,u050,2025-06-26,variable,hazard_cal,60,0.0023623918265769372,0,5.580895142277518e-06,0.0023651866767031085
s22-123-50,u050,2025-06-26,variable,hazard_cal,120,0.008290079068537293,0,6.872541096260015e-05,0.008324632875730018
s22-124-43,u043,2025-06-27,regular,empirical,30,0.0011990407673860837,0,1.4376987618538084e-06,0.0011997601919040602
s22-124-43,u043,2025-06-27,regular,empirical,60,0.00659472422062346,0,4.349038754607771e-05,0.006616565492129114
s22-124-43,u043,2025-06-27,regular,empirical,120,0.017386091127098324,0,0.0003022761646797671,0.017539004174862385
s22-124-43,u043,2025-06-27,regular,hazard,30,0.004447160705415842,0,1.9777238339794732e-05,0.004457078740238783
s22-124-43,u043,2025-06-27,regular,hazard,60,0.011532626958093206,0,0.00013300148455453815,0.011599643449418353
s22-124-43,u043,2025-06-27,regular,hazard,120,0.040755152583900056,0,0.0016609824621369755,0.041608921340859584
s22-124-43,u043,2025-06-27,regular,hazard_cal,30,0.005825632031097205,0,3.393798856174575e-05,0.005842667218084449
s22-124-43,u043,2025-06-27,regular,hazard_cal,60,0.014960260429240702,0,0.00022380939211070518,0.015073293881987767
s22-124-43,u043,2025-06-27,regular,hazard_cal,120,0.0515776798451667,0,0.0026602570582105155,0.052955390530880136
s22-124-58,u058,2025-06-27,new,empirical,30,0.0011990407673860837,0,1.4376987618538084e-06,0.0011997601919040602
s22-124-58,u058,2025-06-27,new,empirical,60,0.00659472422062346,0,4.349038754607771e-05,0.006616565492129114
s22-124-58,u058,2025-06-27,new,empirical,120,0.017386091127098324,0,0.0003022761646797671,0.017539004174862385
s22-124-58,u058,2025-06-27,new,hazard,30,0.0029877345843478675,0,8.926557946508325e-06,0.00299220677335168
s22-124-58,u058,2025-06-27,new,hazard,60,0.00775810470263949,0,6.018818857711697e-05,0.007788355356996354
s22-124-58,u058,2025-06-27,new,hazard,120,0.027566715363153804,0,0.00075992379591314,0.027953807758594133
s22-124-58,u058,2025-06-27,new,hazard_cal,30,0.003961793633327604,0,1.5695808793075137e-05,0.003969662327361378
s22-124-58,u058,2025-06-27,new,hazard_cal,60,0.010190638630132476,0,0.0001038491156899483,0.010242918669242622
s22-124-58,u058,2025-06-27,new,hazard_cal,120,0.03536975557662969,0,0.0012510196095505272,0.03601041747080606
s22-124-17,u017,2025-06-27,variable,empirical,30,0.0011990407673860837,0,1.4376987618538084e-06,0.0011997601919040602
s22-124-17,u017,2025-06-27,variable,empirical,60,0.00659472422062346,0,4.349038754607771e-05,0.006616565492129114
s22-124-17,u017,2025-06-27,variable,empirical,120,0.017386091127098324,0,0.0003022761646797671,0.017539004174862385
s22-124-17,u017,2025-06-27,variable,hazard,30,0.0005236226773380759,0,2.741807082226947e-07,0.0005237598155667344
s22-124-17,u017,2025-06-27,variable,hazard,60,0.0013626716027553831,0,1.8568738969559247e-06,0.0013636008840032402
s22-124-17,u017,2025-06-27,variable,hazard,120,0.00488706071094458,0,2.388336239245814e-05,0.004899041441785034
s22-124-17,u017,2025-06-27,variable,hazard_cal,30,0.0007317412311464988,0,5.354452293597938e-07,0.0007320090844353466
s22-124-17,u017,2025-06-27,variable,hazard_cal,60,0.0018875700313352173,0,3.562920623194833e-06,0.0018893537365792794
s22-124-17,u017,2025-06-27,variable,hazard_cal,120,0.0066282615459422045,0,4.3933851121416144e-05,0.006650326024973682
s22-124-18,u018,2025-06-27,variable,empirical,30,0.0011990407673860837,0,1.4376987618538084e-06,0.0011997601919040602
s22-124-18,u018,2025-06-27,variable,empirical,60,0.00659472422062346,0,4.349038754607771e-05,0.006616565492129114
s22-124-18,u018,2025-06-27,variable,empirical,120,0.017386091127098324,0,0.0003022761646797671,0.017539004174862385
s22-124-18,u018,2025-06-27,variable,hazard,30,0.0004848108989311539,0,2.3504160772243355e-07,0.00048492845773240935
s22-124-18,u018,2025-06-27,variable,hazard,60,0.0012617120131734882,0,1.5919172041862965e-06,0.0012625086419234585
s22-124-18,u018,2025-06-27,variable,hazard,120,0.004525643796010281,0,2.0481451768366348e-05,0.004535915524399771
s22-124-18,u018,2025-06-27,variable,hazard_cal,30,0.0006790659845027358,0,4.611306113086698e-07,0.0006792966542409503
s22-124-18,u018,2025-06-27,variable,hazard_cal,60,0.001751772382950767,0,3.0687064816690087e-06,0.0017533085304409007
s22-124-18,u018,2025-06-27,variable,hazard_cal,120,0.0061525780224352955,0,3.7854216322153814e-05,0.006171583124277275
s22-124-15,u015,2025-06-27,variable,empirical,30,0.0011990407673860837,0,1.4376987618538084e-06,0.0011997601919040602
s22-124-15,u015,2025-06-27,variable,empirical,60,0.00659472422062346,0,4.349038754607771e-05,0.006616565492129114
s22-124-15,u015,2025-06-27,variable,empirical,120,0.017386091127098324,0,0.0003022761646797671,0.017539004174862385
s22-124-15,u015,2025-06-27,variable,hazard,30,0.0005483068880006714,0,3.0064044342898083e-07,0.0005484572631927339
s22-124-15,u015,2025-06-27,variable,hazard,60,0.0014268780381037072,0,2.0359809356226845e-06,0.0014278969979745018
s22-124-15,u015,2025-06-27,variable,hazard,120,0.005116852927480542,0,2.618218388146619e-05,0.005129988848297243
s22-124-15,u015,2025-06-27,variable,hazard_cal,30,0.0007651809836217716,0,5.855019376963819e-07,0.0007654738840146915
s22-124-15,u015,2025-06-27,variable,hazard_cal,60,0.0019737717189131088,0,3.895774798381208e-06,0.001975722173235939
s22-124-15,u015,2025-06-27,variable,hazard_cal,120,0.006930121813847667,0,4.802658835476728e-05,0.006954246631248061
s22-124-34,u034,2025-06-27,variable,empirical,30,0.0011990407673860837,0,1.4376987618538084e-06,0.0011997601919040602
s22-124-34,u034,2025-06-27,variable,empirical,60,0.00659472422062346,0,4.349038754607771e-05,0.006616565492129114
s22-124-34,u034,2025-06-27,variable,empirical,120,0.017386091127098324,0,0.0003022761646797671,0.017539004174862385
s22-124-34,u034,2025-06-27,variable,hazard,30,0.00047600066569841726,0,2.265766337453364e-07,0.0004761139899783386
s22-124-34,u034,2025-06-27,variable,hazard,60,0.0012387933133123363,0,1.5346088731073563e-06,0.001239561252025967
s22-124-34,u034,2025-06-27,variable,hazard,120,0.004443584274542833,0,1.974544120496436e-05,0.0044534863398077214
s22-124-34,u034,2025-06-27,variable,hazard_cal,30,0.0006670914528420502,0,4.4501100645491724e-07,0.0006673140573491591
s22-124-34,u034,2025-06-27,variable,hazard_cal,60,0.0017209000855125112,0,2.9614971043169682e-06,0.001722382535073849
s22-124-34,u034,2025-06-27,variable,hazard_cal,120,0.006044410555150814,0,3.6534898959218574e-05,0.006062751950594886
s22-124-59,u059,2025-06-27,new,empirical,30,0.0011990407673860837,0,1.4376987618538084e-06,0.0011997601919040602
s22-124-59,u059,2025-06-27,new,empirical,60,0.00659472422062346,0,4.349038754607771e-05,0.006616565492129114
s22-124-59,u059,2025-06-27,new,empirical,120,0.017386091127098324,0,0.0003022761646797671,0.017539004174862385
s22-124-59,u059,2025-06-27,new,hazard,30,0.0005847191425808473,0,3.418964757004813e-07,0.0005848901574857393
s22-124-59,u059,2025-06-27,new,hazard,60,0.0015215852607717295,0,2.315221705797772e-06,0.0015227440472353989
s22-124-59,u059,2025-06-27,new,hazard,120,0.005455728022688344,0,2.976496825754687e-05,0.0054706648591337104
s22-124-59,u059,2025-06-27,new,hazard_cal,30,0.0008144267064934541,0,6.632908602497747e-07,0.0008147585321009029
s22-124-59,u059,2025-06-27,new,hazard_cal,60,0.002100709114977284,0,4.412978785748643e-06,0.002102918699375203
s22-124-59,u059,2025-06-27,new,hazard_cal,120,0.007374496698285826,0,5.438320155302855e-05,0.007401822725747965
s22-124-32,u032,2025-06-27,regular,empirical,30,0.0011990407673860837,0,1.4376987618538084e-06,0.0011997601919040602
s22-124-32,u032,2025-06-27,regular,empirical,60,0.00659472422062346,0,4.349038754607771e-05,0.006616565492129114
s22-124-32,u032,2025-06-27,regular,empirical,120,0.017386091127098324,0,0.0003022761646797671,0.017539004174862385
s22-124-32,u032,2025-06-27,regular,hazard,30,0.0013920591219723777,0,1.9378285990665073e-06,0.001393028936402412
s22-124-32,u032,2025-06-27,regular,hazard,60,0.0036198655386415757,0,1.3103426517844865e-05,0.003626433105830824
s22-124-32,u032,2025-06-27,regular,hazard,120,0.012939789988233419,0,0.0001674381649395858,0.013024238357830703
s22-124-32,u032,2025-06-27,regular,hazard_cal,30,0.001889092362659106,0,3.5686699546569637e-06,0.0018908789480074906
s22-124-32,u032,2025-06-27,regular,hazard_cal,60,0.004868060126921758,0,2.3698009399325484e-05,0.004879947727014219
s22-124-32,u032,2025-06-27,regular,hazard_cal,120,0.017022898393277086,0,0.0002897790697078356,0.017169453504333035
s22-124-22,u022,2025-06-27,variable,empirical,30,0.0011990407673860837,0,1.4376987618538084e-06,0.0011997601919040602
s22-124-22,u022,2025-06-27,variable,empirical,60,0.00659472422062346,0,4.349038754607771e-05,0.006616565492129114
s22-124-22,u022,2025-06-27,variable,empirical,120,0.017386091127098324,0,0.0003022761646797671,0.017539004174862385
s22-124-22,u022,2025-06-27,variable,hazard,30,0.0011550450183765992,0,1.3341289944765985e-06,0.0011557125969789072
s22-124-22,u022,2025-06-27,variable,hazard,60,0.0030041797908296752,0,9.025096215629432e-06,0.0030087013970201966
s22-124-22,u022,2025-06-27,variable,hazard,120,0.01074851501987617,0,0.00011553057513250363,0.010806697600597047
s22-124-22,u022,2025-06-27,variable,hazard_cal,30,0.0015762841156908847,0,2.4846716133793945e-06,0.0015775277585590537
s22-124-22,u022,2025-06-27,variable,hazard_cal,60,0.004063094548316437,0,1.6508737308558752e-05,0.00407137134418106
s22-124-22,u022,2025-06-27,variable,hazard_cal,120,0.01422413004539691,0,0.0002023258755483631,0.01432626263815207
s22-124-33,u033,2025-06-27,variable,empirical,30,0.0011990407673860837,0,1.4376987618538084e-06,0.0011997601919040602
s22-124-33,u033,2025-06-27,variable,empirical,60,0.00659472422062346,0,4.349038754607771e-05,0.006616565492129114
s22-124-33,u033,2025-06-27,variable,empirical,120,0.017386091127098324,0,0.0003022761646797671,0.017539004174862385
s22-124-33,u033,2025-06-27,variable,hazard,30,0.002016761045805948,0,4.067325115880302e-06,0.0020187974467806404
s22-124-33,u033,2025-06-27,variable,hazard,60,0.005241384784372194,0,2.747211445784835e-05,0.0052551690283825815
s22-124-33,u033,2025-06-27,variable,hazard,120,0.018692171581882744,0,0.00034939727844654484,0.01886907820228729
s22-124-33,u033,2025-06-27,variable,hazard_cal,30,0.00270637640082938,0,7.324473222966189e-06,0.0027100452584757706
s22-124-33,u033,2025-06-27,variable,hazard_cal,60,0.006969124188688891,0,4.8568691957368594e-05,0.006993521954786141
s22-124-33,u033,2025-06-27,variable,hazard_cal,120,0.02429818581288512,0,0.0005904018337974917,0.024598257500160283
s22-124-42,u042,2025-06-27,variable,empirical,30,0.0011990407673860837,0,1.4376987618538084e-06,0.0011997601919040602
s22-124-42,u042,2025-06-27,variable,empirical,60,0.00659472422062346,0,4.349038754607771e-05,0.006616565492129114
s22-124-42,u042,2025-06-27,variable,empirical,120,0.017386091127098324,0,0.0003022761646797671,0.017539004174862385
s22-124-42,u042,2025-06-27,variable,hazard,30,0.0011307408187823942,0,1.2785747992606791e-06,0.0011313805885033214
s22-124-42,u042,2025-06-27,variable,hazard,60,0.0029410305689219207,0,8.649660807333196e-06,0.0029453638977128094
s22-124-42,u042,2025-06-27,variable,hazard,120,0.01052354007234757,0,0.0001107448956543051,0.010579304088439923
s22-124-42,u042,2025-06-27,variable,hazard_cal,30,0.001544103488855808,0,2.3842555842966784e-06,0.0015452968452500048
s22-124-42,u042,2025-06-27,variable,hazard_cal,60,0.003980257289167732,0,1.5842448087972866e-05,0.003988199595164463
s22-124-42,u042,2025-06-27,variable,hazard_cal,120,0.013935754408588186,0,0.00019420525093648505,0.01403376870155842
s22-124-23,u023,2025-06-27,regular,empirical,30,0.0011990407673860837,0,1.4376987618538084e-06,0.0011997601919040602
s22-124-23,u023,2025-06-27,regular,empirical,60,0.00659472422062346,0,4.349038754607771e-05,0.006616565492129114
s22-124-23,u023,2025-06-27,regular,empirical,120,0.017386091127098324,0,0.0003022761646797671,0.017539004174862385
s22-124-23,u023,2025-06-27,regular,hazard,30,0.003554596255993747,0,1.2635154543124764e-05,0.0035609288442486034
s22-124-23,u023,2025-06-27,regular,hazard,60,0.009225357724286787,0,8.510722514105788e-05,0.00926817487600073
s22-124-23,u023,2025-06-27,regular,hazard,120,0.032710651076893416,0,0.0010699866938742684,0.033257604995469814
s22-124-23,u023,2025-06-27,regular,hazard_cal,30,0.004688522809800588,0,2.1982246138020404e-05,0.004699548408883422
s22-124-23,u023,2025-06-27,regular,hazard_cal,60,0.012052230404980602,0,0.00014525625773473887,0.012125447414030124
s22-124-23,u023,2025-06-27,regular,hazard_cal,120,0.04172178708942609,0,0.0017407075179354014,0.042617133035839264
s22-124-28,u028,2025-06-27,regular,empirical,30,0.0011990407673860837,0,1.4376987618538084e-06,0.0011997601919040602
s22-124-28,u028,2025-06-27,regular,empirical,60,0.00659472422062346,0,4.349038754607771e-05,0.006616565492129114
s22-124-28,u028,2025-06-27,regular,empirical,120,0.017386091127098324,0,0.0003022761646797671,0.017539004174862385
s22-124-28,u028,2025-06-27,regular,hazard,30,0.0014180099173681793,0,2.0107521257545104e-06,0.0014190162448651374
s22-124-28,u028,2025-06-27,regular,hazard,60,0.0036872613895252426,0,1.3595896554683622e-05,0.0036940760946928964
s22-124-28,u028,2025-06-27,regular,hazard,120,0.013179419172259066,0,0.00017369708971810984,0.013267038415782478
s22-124-28,u028,2025-06-27,regular,hazard_cal,30,0.0019232381132101573,0,3.6988448401041657e-06,0.0019250899103089674
s22-124-28,u028,2025-06-27,regular,hazard_cal,60,0.004955902265060708,0,2.4560967260833852e-05,0.004968223474019563
s22-124-28,u028,2025-06-27,regular,hazard_cal,120,0.017327930810479897,0,0.0003002571861727785,0.017479816537760585
s22-124-35,u035,2025-06-27,regular,empirical,30,0.0011990407673860837,0,1.4376987618538084e-06,0.0011997601919040602
s22-124-35,u035,2025-06-27,regular,empirical,60,0.00659472422062346,0,4.349038754607771e-05,0.006616565492129114
s22-124-35,u035,2025-06-27,regular,empirical,120,0.017386091127098324,0,0.0003022761646797671,0.017539004174862385
s22-124-35,u035,2025-06-27,regular,hazard,30,0.0030922512889064446,0,9.562018033743568e-06,0.0030970421768922525
s22-124-35,u035,2025-06-27,regular,hazard,60,0.00802874589503566,0,6.446076064705197e-05,0.008061149833896223
s22-124-35,u035,2025-06-27,regular,hazard,120,0.02851719181921497,0,0.0008132302292539013,0.028931706480989527
s22-124-35,u035,2025-06-27,regular,hazard_cal,30,0.004096088045386859,0,1.6777937275561138e-05,0.004104499992600267
s22-124-35,u035,2025-06-27,regular,hazard_cal,60,0.010534827651652368,0,0.00011098259365001934,0.010590711781441902
s22-124-35,u035,2025-06-27,regular,hazard_cal,120,0.03654670199204313,0,0.0013356614264952093,0.037231263492978325
s22-124-37,u037,2025-06-27,regular,empirical,30,0.0011990407673860837,0,1.4376987618538084e-06,0.0011997601919040602
s22-124-37,u037,2025-06-27,regular,empirical,60,0.00659472422062346,0,4.349038754607771e-05,0.006616565492129114
s22-124-37,u037,2025-06-27,regular,empirical,120,0.017386091127098324,0,0.0003022761646797671,0.017539004174862385
s22-124-37,u037,2025-06-27,regular,hazard,30,0.0016331081048457374,0,2.6670420821128362e-06,0.0016344430795234121
s22-124-37,u037,2025-06-27,regular,hazard,60,0.004245764179138911,0,1.802651346485911e-05,0.004254803029495435
s22-124-37,u037,2025-06-27,regular,hazard,120,0.015163396840549792,0,0.00022992860374399543,0.015279536687815468
s22-124-37,u037,2025-06-27,regular,hazard_cal,30,0.002205559434725668,0,4.864492420107408e-06,0.0022079952631710513
s22-124-37,u037,2025-06-27,regular,hazard_cal,60,0.005681989333637283,0,3.228500278756785e-05,0.005698193244482038
s22-124-37,u037,2025-06-27,regular,hazard_cal,120,0.019846382082150837,0,0.0003938788817507178,0.020045966624586572
s22-124-39,u039,2025-06-27,variable,empirical,30,0.0011990407673860837,0,1.4376987618538084e-06,0.0011997601919040602
s22-124-39,u039,2025-06-27,variable,empirical,60,0.00659472422062346,0,4.349038754607771e-05,0.006616565492129114
s22-124-39,u039,2025-06-27,variable,empirical,120,0.017386091127098324,0,0.0003022761646797671,0.017539004174862385
s22-124-39,u039,2025-06-27,variable,hazard,30,0.0003969483355595882,0,1.5756798110352742e-07,0.00039702714040513147
s22-124-39,u039,2025-06-27,variable,hazard,60,0.001033132546831017,0,1.0673628593215437e-06,0.001033666596121499
s22-124-39,u039,2025-06-27,variable,hazard,120,0.0037069794275331747,0,1.3741696476154184e-05,0.0037138673031822875
s22-124-39,u039,2025-06-27,variable,hazard_cal,30,0.000559332219020936,0,3.128525312348843e-07,0.0005594887036405338
s22-124-39,u039,2025-06-27,variable,hazard_cal,60,0.001443049875264335,0,2.082392942500413e-06,0.0014440920744865538
s22-124-39,u039,2025-06-27,variable,hazard_cal,120,0.005070481996497511,0,2.5709787676805387e-05,0.0050833805099292145
s22-124-48,u048,2025-06-27,regular,empirical,30,0.0011990407673860837,0,1.4376987618538084e-06,0.0011997601919040602
s22-124-48,u048,2025-06-27,regular,empirical,60,0.00659472422062346,0,4.349038754607771e-05,0.006616565492129114
s22-124-48,u048,2025-06-27,regular,empirical,120,0.017386091127098324,0,0.0003022761646797671,0.017539004174862385
s22-124-48,u048,2025-06-27,regular,hazard,30,0.005278316157914853,0,2.7860621462905016e-05,0.0052922956825790495
s22-124-48,u048,2025-06-27,regular,hazard,60,0.013677829352657933,0,0.00018708301580043092,0.013772232670609372
s22-124-48,u048,2025-06-27,regular,hazard,120,0.04818614186359016,0,0.002321904267698036,0.04938579047633719
s22-124-48,u048,2025-06-27,regular,hazard_cal,30,0.0068779551749645895,0,4.7306267388822175e-05,0.006901717328021427
s22-124-48,u048,2025-06-27,regular,hazard_cal,60,0.017646255181534176,0,0.00031139032193182173,0.017803806555163497
s22-124-48,u048,2025-06-27,regular,hazard_cal,120,0.06060915570652381,0,0.0036734697554576478,0.06252365177112586
s22-124-2,u002,2025-06-27,regular,empirical,30,0.0011990407673860837,0,1.4376987618538084e-06,0.0011997601919040602
s22-124-2,u002,2025-06-27,regular,empirical,60,0.00659472422062346,0,4.349038754607771e-05,0.006616565492129114
s22-124-2,u002,2025-06-27,regular,empirical,120,0.017386091127098324,0,0.0003022761646797671,0.017539004174862385
s22-124-2,u002,2025-06-27,regular,hazard,30,0.0013120317427310901,0,1.7214272939339815e-06,0.0013128932099754143
s22-124-2,u002,2025-06-27,regular,hazard,60,0.0034120096368149833,0,1.1641809761718314e-05,0.0034178438163272257
s22-124-2,u002,2025-06-27,regular,hazard,120,0.01220045259835667,0,0.00014885104360474802,0.01227548906397092
s22-124-2,u002,2025-06-27,regular,hazard_cal,30,0.0017836694877527703,0,3.18147684154023e-06,0.001785262120275328
s22-124-2,u002,2025-06-27,regular,hazard_cal,60,0.004596819621703774,0,2.1130750634480825e-05,0.004607417487143299
s22-124-2,u002,2025-06-27,regular,hazard_cal,120,0.01608053706760304,0,0.0002585836723825554,0.016211231892918187
s22-124-7,u007,2025-06-27,variable,empirical,30,0.0011990407673860837,0,1.4376987618538084e-06,0.0011997601919040602
s22-124-7,u007,2025-06-27,variable,empirical,60,0.00659472422062346,0,4.349038754607771e-05,0.006616565492129114
s22-124-7,u007,2025-06-27,variable,empirical,120,0.017386091127098324,0,0.0003022761646797671,0.017539004174862385
s22-124-7,u007,2025-06-27,variable,hazard,30,0.0007159325562158259,0,5.125594250497266e-07,0.0007161889583133941
s22-124-7,u007,2025-06-27,variable,hazard,60,0.0018628162828103756,0,3.470084503503465e-06,0.0018645534827869642
s22-124-7,u007,2025-06-27,variable,hazard,120,0.006675925624453738,0,4.456798294323803e-05,0.006698309292681677
s22-124-7,u007,2025-06-27,variable,hazard_cal,30,0.0009911589850393199,0,9.823961336241747e-07,0.0009916505079178505
s22-124-7,u007,2025-06-27,variable,hazard_cal,60,0.0025561693381259687,0,6.5340016851753525e-06,0.002559441917001978
s22-124-7,u007,2025-06-27,variable,hazard_cal,120,0.008967638412401668,0,8.041853869558192e-05,0.009008089698346707
s22-124-47,u047,2025-06-27,variable,empirical,30,0.0011990407673860837,0,1.4376987618538084e-06,0.0011997601919040602
s22-124-47,u047,2025-06-27,variable,empirical,60,0.00659472422062346,0,4.349038754607771e-05,0.006616565492129114
s22-124-47,u047,2025-06-27,variable,empirical,120,0.017386091127098324,0,0.0003022761646797671,0.017539004174862385
s22-124-47,u047,2025-06-27,variable,hazard,30,0.0010132346621487542,0,1.0266444805797e-06,0.001013748331396682
s22-124-47,u047,2025-06-27,variable,hazard,60,0.0026356773319241578,0,6.9467949980188465e-06,0.0026391568446831873
s22-124-47,u047,2025-06-27,variable,hazard,120,0.009435108247419777,0,8.902126764052869e-05,0.009479900852608181
s22-124-47,u047,2025-06-27,variable,hazard_cal,30,0.001388211406916695,0,1.92713091029363e-06,0.00138917586505637
s22-124-47,u047,2025-06-27,variable,hazard_cal,60,0.0035789035681765835,0,1.2808550750307082e-05,0.0035853231648735897
s22-124-47,u047,2025-06-27,variable,hazard_cal,120,0.012537595950750657,0,0.00015719131222427927,0.012616854780472777
s22-124-31,u031,2025-06-27,variable,empirical,30,0.0011990407673860837,0,1.4376987618538084e-06,0.0011997601919040602
s22-124-31,u031,2025-06-27,variable,empirical,60,0.00659472422062346,0,4.349038754607771e-05,0.006616565492129114
s22-124-31,u031,2025-06-27,variable,empirical,120,0.017386091127098324,0,0.0003022761646797671,0.017539004174862385
s22-124-31,u031,2025-06-27,variable,hazard,30,0.001659325454950844,0,2.7533609654478254e-06,0.0016607036602386486
s22-124-31,u031,2025-06-27,variable,hazard,60,0.004313822837534342,0,1.8609067473632846e-05,0.004323154216885442
s22-124-31,u031,2025-06-27,variable,hazard,120,0.015404942446092362,0,0.00023731225176741813,0.01552483142088198
s22-124-31,u031,2025-06-27,variable,hazard_cal,30,0.002239889522655081,0,5.017105073700006e-06,0.002242401827416427
s22-124-31,u031,2025-06-27,variable,hazard_cal,60,0.005770256389321382,0,3.3295858798504233e-05,0.005786968639040425
s22-124-31,u031,2025-06-27,variable,hazard_cal,120,0.020152187200897176,0,0.00040611064898000396,0.02035801243887549
s22-125-22,u022,2025-06-30,variable,empirical,30,0.0011990407673860837,0,1.4376987618538084e-06,0.0011997601919040602
s22-125-22,u022,2025-06-30,variable,empirical,60,0.00659472422062346,0,4.349038754607771e-05,0.006616565492129114
s22-125-22,u022,2025-06-30,variable,empirical,120,0.017386091127098324,0,0.0003022761646797671,0.017539004174862385
s22-125-22,u022,2025-06-30,variable,hazard,30,0.002004218152149684,0,4.016890401406293e-06,0.0020062292849656036
s22-125-22,u022,2025-06-30,variable,hazard,60,0.0052088454635516035,0,2.713207106316212e-05,0.005222458792812504
s22-125-22,u022,2025-06-30,variable,hazard,120,0.018577004061805402,0,0.0003451050799123344,0.01875172383175379
s22-125-22,u022,2025-06-30,variable,hazard_cal,30,0.002690052539459198,0,7.2363826650508796e-06,0.0026936772326611232
s22-125-22,u022,2025-06-30,variable,hazard_cal,60,0.006927188646254745,0,4.7985942540800646e-05,0.0069512929989553034
s22-125-22,u022,2025-06-30,variable,hazard_cal,120,0.024153398318654373,0,0.0005833866503395759,0.024449875330064885
s22-125-50,u050,2025-06-30,variable,empirical,30,0.0011990407673860837,0,1.4376987618538084e-06,0.0011997601919040602
s22-125-50,u050,2025-06-30,variable,empirical,60,0.00659472422062346,0,4.349038754607771e-05,0.006616565492129114
s22-125-50,u050,2025-06-30,variable,empirical,120,0.017386091127098324,0,0.0003022761646797671,0.017539004174862385
s22-125-50,u050,2025-06-30,variable,hazard,30,0.0012785284497012217,0,1.6346349966954095e-06,0.0012793464645107107
s22-125-50,u050,2025-06-30,variable,hazard,60,0.003324982342883809,0,1.1055507580489102e-05,0.003330522380434119
s22-125-50,u050,2025-06-30,variable,hazard,120,0.011890766350555082,0,0.00014139032440349303,0.011962026971684832
s22-125-50,u050,2025-06-30,variable,hazard_cal,30,0.0017394769364956764,0,3.025780012600383e-06,0.0017409915832188514
s22-125-50,u050,2025-06-30,variable,hazard_cal,60,0.0044831024466581715,0,2.0098207547232482e-05,0.004493181685887622
s22-125-50,u050,2025-06-30,variable,hazard_cal,120,0.015685239097487647,0,0.00024602672554535507,0.015809554114284564
s22-125-5,u005,2025-06-30,regular,empirical,30,0.0011990407673860837,0,1.4376987618538084e-06,0.0011997601919040602
s22-125-5,u005,2025-06-30,regular,empirical,60,0.00659472422062346,0,4.349038754607771e-05,0.006616565492129114
s22-125-5,u005,2025-06-30,regular,empirical,120,0.017386091127098324,0,0.0003022761646797671,0.017539004174862385
s22-125-5,u005,2025-06-30,regular,hazard,30,0.0004710412114121709,0,2.218798228486455e-07,0.0004711521861740877
s22-125-5,u005,2025-06-30,regular,hazard,60,0.0012258917652877566,0,1.502810620200332e-06,0.001226643785257409
s22-125-5,u005,2025-06-30,regular,hazard,120,0.004397388376885414,0,1.9337024537166933e-05,0.004407085327099839
s22-125-5,u005,2025-06-30,regular,hazard_cal,30,0.0006603478311753008,0,4.360592581379236e-07,0.0006605659568355269
s22-125-5,u005,2025-06-30,regular,hazard_cal,60,0.0017035136411971408,0,2.901958725744741e-06,0.0017049662705103193
s22-125-5,u005,2025-06-30,regular,hazard_cal,120,0.005983489421606536,0,3.580214565847732e-05,0.006001462223679063
s22-125-24,u024,2025-06-30,regular,empirical,30,0.0011990407673860837,0,1.4376987618538084e-06,0.0011997601919040602
s22-125-24,u024,2025-06-30,regular,empirical,60,0.00659472422062346,0,4.349038754607771e-05,0.006616565492129114
s22-125-24,u024,2025-06-30,regular,empirical,120,0.017386091127098324,0,0.0003022761646797671,0.017539004174862385
s22-125-24,u024,2025-06-30,regular,hazard,30,0.0038009983265863134,0,1.4447588278711955e-05,0.0038082404781543443
s22-125-24,u024,2025-06-30,regular,hazard,60,0.009862674106450586,0,9.727234053005087e-05,0.009911632449476059
s22-125-24,u024,2025-06-30,regular,hazard,120,0.034938127140143105,0,0.0012206727280608043,0.035563062745335536
s22-125-24,u024,2025-06-30,regular,hazard_cal,30,0.005003248270087024,0,2.5032493252128798e-05,0.005015806421925363
s22-125-24,u024,2025-06-30,regular,hazard_cal,60,0.012857690725851079,0,0.00016532021080163683,0.012941066280368901
s22-125-24,u024,2025-06-30,regular,hazard_cal,120,0.044459785329453605,0,0.001976672511541098,0.045478428620175294
s22-125-3,u003,2025-06-30,regular,empirical,30,0.0011990407673860837,0,1.4376987618538084e-06,0.0011997601919040602
s22-125-3,u003,2025-06-30,regular,empirical,60,0.00659472422062346,0,4.349038754607771e-05,0.006616565492129114
s22-125-3,u003,2025-06-30,regular,empirical,120,0.017386091127098324,0,0.0003022761646797671,0.017539004174862385
s22-125-3,u003,2025-06-30,regular,hazard,30,0.0013990720446679372,0,1.9574025861713225e-06,0.001400051659769032
s22-125-3,u003,2025-06-30,regular,hazard,60,0.0036380788501316763,0,1.3235617719775421e-05,0.003644712753655109
s22-125-3,u003,2025-06-30,regular,hazard,120,0.013004552921517476,0,0.0001691183966885487,0.013089852448370331
s22-125-3,u003,2025-06-30,regular,hazard_cal,30,0.0018983217811705533,0,3.603625584866542e-06,0.001900125877494767
s22-125-3,u003,2025-06-30,regular,hazard_cal,60,0.004891803921025062,0,2.392974560175617e-05,0.004903807957421111
s22-125-3,u003,2025-06-30,regular,hazard_cal,120,0.017105356327925647,0,0.00029259321510530597,0.017253342939027794
s22-125-59,u059,2025-06-30,new,empirical,30,0.0011990407673860837,0,1.4376987618538084e-06,0.0011997601919040602
s22-125-59,u059,2025-06-30,new,empirical,60,0.00659472422062346,0,4.349038754607771e-05,0.006616565492129114
s22-125-59,u059,2025-06-30,new,empirical,120,0.017386091127098324,0,0.0003022761646797671,0.017539004174862385
s22-125-59,u059,2025-06-30,new,hazard,30,0.0008581928358873947,0,7.364949435684488e-07,0.0008585612941797731
s22-125-59,u059,2025-06-30,new,hazard,60,0.0022326848778984054,0,4.984881763996218e-06,0.002235181034893826
s22-125-59,u059,2025-06-30,new,hazard,120,0.007997162329167917,0,6.395460531906243e-05,0.008029311146081363
s22-125-59,u059,2025-06-30,new,hazard_cal,30,0.0011816689497859967,0,1.3963415068883403e-06,0.0011823676710318119
s22-125-59,u059,2025-06-30,new,hazard_cal,60,0.003046977416146568,0,9.284071374507216e-06,0.0030516289028869126
s22-125-59,u059,2025-06-30,new,hazard_cal,120,0.010682137025907257,0,0.00011410805144025874,0.010739600640803901
s22-125-11,u011,2025-06-30,variable,empirical,30,0.0011990407673860837,0,1.4376987618538084e-06,0.0011997601919040602
s22-125-11,u011,2025-06-30,variable,empirical,60,0.00659472422062346,0,4.349038754607771e-05,0.006616565492129114
s22-125-11,u011,2025-06-30,variable,empirical,120,0.017386091127098324,0,0.0003022761646797671,0.017539004174862385
s22-125-11,u011,2025-06-30,variable,hazard,30,0.0040598164404170856,0,1.6482109529880854e-05,0.0040680798680980835
s22-125-11,u011,2025-06-30,variable,hazard,60,0.010531800738870278,0,0.00011091882680326855,0.010587652645823172
s22-125-11,u011,2025-06-30,variable,hazard,120,0.03727233133122476,0,0.001389226682864599,0.03798470191445753
s22-125-11,u011,2025-06-30,variable,hazard_cal,30,0.005333142611063435,0,2.8442410109940514e-05,0.005347414581704242
s22-125-11,u011,2025-06-30,variable,hazard_cal,60,0.013701491183407688,0,0.0001877308606489986,0.013796222919720337
s22-125-11,u011,2025-06-30,variable,hazard_cal,120,0.047321423586262346,0,0.0022393171302304664,0.04847770775459758
s22-125-31,u031,2025-06-30,variable,empirical,30,0.0011990407673860837,0,1.4376987618538084e-06,0.0011997601919040602
s22-125-31,u031,2025-06-30,variable,empirical,60,0.00659472422062346,0,4.349038754607771e-05,0.006616565492129114
s22-125-31,u031,2025-06-30,variable,empirical,120,0.017386091127098324,0,0.0003022761646797671,0.017539004174862385
s22-125-31,u031,2025-06-30,variable,hazard,30,0.0012750691421912208,0,1.6258013173682556e-06,0.0012758827345144175
s22-125-31,u031,2025-06-30,variable,hazard,60,0.003315996236631924,0,1.0995831041357082e-05,0.00332150633650487
s22-125-31,u031,2025-06-30,variable,hazard,120,0.011858784868080563,0,0.00014063077854741655,0.011929661152365694
s22-125-31,u031,2025-06-30,variable,hazard_cal,30,0.0017349119424413528,0,3.009919448025628e-06,0.0017364186450818163
s22-125-31,u031,2025-06-30,variable,hazard_cal,60,0.004471355205709959,0,1.9993017375629554e-05,0.004481381613314196
s22-125-31,u031,2025-06-30,variable,hazard_cal,120,0.015644396704111996,0,0.0002447471482356303,0.015768061750581368
s22-125-9,u009,2025-06-30,variable,empirical,30,0.0011990407673860837,0,1.4376987618538084e-06,0.0011997601919040602
s22-125-9,u009,2025-06-30,variable,empirical,60,0.00659472422062346,0,4.349038754607771e-05,0.006616565492129114
s22-125-9,u009,2025-06-30,variable,empirical,120,0.017386091127098324,0,0.0003022761646797671,0.017539004174862385
s22-125-9,u009,2025-06-30,variable,hazard,30,0.0012426286812020626,0,1.5441260393459773e-06,0.001243401384410178
s22-125-9,u009,2025-06-30,variable,hazard,60,0.003231724221561705,0,1.0444041444228607e-05,0.003236957520377914
s22-125-9,u009,2025-06-30,variable,hazard,120,0.011558820766672806,0,0.0001336063375160665,0.011626143216998381
s22-125-9,u009,2025-06-30,variable,hazard_cal,30,0.0016920841779202167,0,2.8631488651679356e-06,0.0016935173693012821
s22-125-9,u009,2025-06-30,variable,hazard_cal,60,0.004361140583557077,0,1.9019547189548564e-05,0.004370678096877362
s22-125-9,u009,2025-06-30,variable,hazard_cal,120,0.015261140525005934,0,0.0002329024101239784,0.015378790244118047
s22-125-30,u030,2025-06-30,regular,empirical,30,0.0011990407673860837,0,1.4376987618538084e-06,0.0011997601919040602
s22-125-30,u030,2025-06-30,regular,empirical,60,0.00659472422062346,0,4.349038754607771e-05,0.006616565492129114
s22-125-30,u030,2025-06-30,regular,empirical,120,0.017386091127098324,0,0.0003022761646797671,0.017539004174862385
s22-125-30,u030,2025-06-30,regular,hazard,30,0.0058067102952164,0,3.3717884452572124e-05,0.005823634786322292
s22-125-30,u030,2025-06-30,regular,hazard,60,0.01503994247312923,0,0.0002261998695950366,0.015154189366392769
s22-125-30,u030,2025-06-30,regular,hazard,120,0.05288038481075941,0,0.002796335097733994,0.05432988417451348
s22-125-30,u030,2025-06-30,regular,hazard_cal,30,0.007544143156342442,0,5.6914095963388505e-05,0.007572744141741915
s22-125-30,u030,2025-06-30,regular,hazard_cal,60,0.01934407870988042,0,0.0003741933811340489,0.019533623764952178
s22-125-30,u030,2025-06-30,regular,hazard_cal,120,0.06628255579038222,0,0.0043933772021051325,0.06858140878189407
s22-125-6,u006,2025-06-30,variable,empirical,30,0.0011990407673860837,0,1.4376987618538084e-06,0.0011997601919040602
s22-125-6,u006,2025-06-30,variable,empirical,60,0.00659472422062346,0,4.349038754607771e-05,0.006616565492129114
s22-125-6,u006,2025-06-30,variable,empirical,120,0.017386091127098324,0,0.0003022761646797671,0.017539004174862385
s22-125-6,u006,2025-06-30,variable,hazard,30,0.0014586596051850975,0,2.1276878437987445e-06,0.0014597244847641864
s22-125-6,u006,2025-06-30,variable,hazard,60,0.003792824884520596,0,1.4385520604638672e-05,0.0038000358839697023
s22-125-6,u006,2025-06-30,variable,hazard,120,0.013554660893979498,0,0.00018372883195077707,0.013647363968920473
s22-125-6,u006,2025-06-30,variable,hazard_cal,30,0.0019766863548063007,0,3.907288945277421e-06,0.001978642577596626
s22-125-6,u006,2025-06-30,variable,hazard_cal,60,0.005093390680796839,0,2.5942628627228085e-05,0.005106406209368256
s22-125-6,u006,2025-06-30,variable,hazard_cal,120,0.017805208644408266,0,0.0003170254548709108,0.01796562842954744
s22-125-34,u034,2025-06-30,variable,empirical,30,0.0011990407673860837,0,1.4376987618538084e-06,0.0011997601919040602
s22-125-34,u034,2025-06-30,variable,empirical,60,0.00659472422062346,0,4.349038754607771e-05,0.006616565492129114
s22-125-34,u034,2025-06-30,variable,empirical,120,0.017386091127098324,0,0.0003022761646797671,0.017539004174862385
s22-125-34,u034,2025-06-30,variable,hazard,30,0.00026196637315856197,0,6.862638066585094e-08,0.0002620006923426739
s22-125-34,u034,2025-06-30,variable,hazard,60,0.0006818991317142364,0,4.6498642583262956e-07,0.0006821317306725153
s22-125-34,u034,2025-06-30,variable,hazard,120,0.0024479669562462725,0,5.992542218873639e-06,0.0024509681261994124
s22-125-34,u034,2025-06-30,variable,hazard_cal,30,0.0003737420514546841,0,1.3968312102555573e-07,0.0003738119104218949
s22-125-34,u034,2025-06-30,variable,hazard_cal,60,0.0009643939327486084,0,9.300556575223274e-07,0.0009648592597737985
s22-125-34,u034,2025-06-30,variable,hazard_cal,120,0.0033908967340438023,0,1.1498180660948924e-05,0.0033966588538973147
s22-125-19,u019,2025-06-30,regular,empirical,30,0.0011990407673860837,0,1.4376987618538084e-06,0.0011997601919040602
s22-125-19,u019,2025-06-30,regular,empirical,60,0.00659472422062346,0,4.349038754607771e-05,0.006616565492129114
s22-125-19,u019,2025-06-30,regular,empirical,120,0.017386091127098324,0,0.0003022761646797671,0.017539004174862385
s22-125-19,u019,2025-06-30,regular,hazard,30,0.0038386349802627118,0,1.473511851169651e-05,0.0038460214482138352
s22-125-19,u019,2025-06-30,regular,hazard,60,0.009959996085738942,0,9.920152202793505e-05,0.01000992867567936
s22-125-19,u019,2025-06-30,regular,hazard,120,0.03527791166526251,0,0.0012445310514620645,0.035915210483593654
s22-125-19,u019,2025-06-30,regular,hazard_cal,30,0.005051263493684011,0,2.5515262882624796e-05,0.005064064249981611
s22-125-19,u019,2025-06-30,regular,hazard_cal,60,0.012980534181384562,0,0.000168494267634093,0.013065517535825168
s22-125-19,u019,2025-06-30,regular,hazard_cal,120,0.044876818169669264,0,0.0020139288090335575,0.04591496060964229
s22-125-54,u054,2025-06-30,new,empirical,30,0.0011990407673860837,0,1.4376987618538084e-06,0.0011997601919040602
s22-125-54,u054,2025-06-30,new,empirical,60,0.00659472422062346,0,4.349038754607771e-05,0.006616565492129114
s22-125-54,u054,2025-06-30,new,empirical,120,0.017386091127098324,0,0.0003022761646797671,0.017539004174862385
s22-125-54,u054,2025-06-30,new,hazard,30,0.0019328554925209795,0,3.7359303549685185e-06,0.001934725868197664
s22-125-54,u054,2025-06-30,new,hazard,60,0.005023699407662341,0,2.5237555738546953e-05,0.005036360607372418
s22-125-54,u054,2025-06-30,new,hazard,120,0.01792150280079463,0,0.0003211802626388898,0.018084037774316167
s22-125-54,u054,2025-06-30,new,hazard_cal,30,0.0025971177660307765,0,6.745020690632691e-06,0.0026004961269779575
s22-125-54,u054,2025-06-30,new,hazard_cal,60,0.006688418800580798,0,4.4734946051962676e-05,0.006710886511954034
s22-125-54,u054,2025-06-30,new,hazard_cal,120,0.023328690155320686,0,0.0005442277843629563,0.0236051115432543
s22-125-55,u055,2025-06-30,new,empirical,30,0.0011990407673860837,0,1.4376987618538084e-06,0.0011997601919040602
s22-125-55,u055,2025-06-30,new,empirical,60,0.00659472422062346,0,4.349038754607771e-05,0.006616565492129114
s22-125-55,u055,2025-06-30,new,empirical,120,0.017386091127098324,0,0.0003022761646797671,0.017539004174862385
s22-125-55,u055,2025-06-30,new,hazard,30,0.002676792340636891,0,7.1652172348923256e-06,0.002680381355383173
s22-125-55,u055,2025-06-30,new,hazard,60,0.006952633719363721,0,4.833911563563341e-05,0.006976915892672315
s22-125-55,u055,2025-06-30,new,hazard,120,0.02473350912171779,0,0.0006117464734740971,0.025044521352758014
s22-125-55,u055,2025-06-30,new,hazard_cal,30,0.00356137502361642,0,1.2683392058838855e-05,0.003567731816749769
s22-125-55,u055,2025-06-30,new,hazard_cal,60,0.009163903580332478,0,8.397712882963041e-05,0.009206150440248561
s22-125-55,u055,2025-06-30,new,hazard_cal,120,0.03185204782657691,0,0.001014552950746543,0.032370360230522206
s22-125-27,u027,2025-06-30,regular,empirical,30,0.0011990407673860837,0,1.4376987618538084e-06,0.0011997601919040602
s22-125-27,u027,2025-06-30,regular,empirical,60,0.00659472422062346,0,4.349038754607771e-05,0.006616565492129114
s22-125-27,u027,2025-06-30,regular,empirical,120,0.017386091127098324,0,0.0003022761646797671,0.017539004174862385
s22-125-27,u027,2025-06-30,regular,hazard,30,0.001726074008926215,0,2.979331484290615e-06,0.001727565391072746
s22-125-27,u027,2025-06-30,regular,hazard,60,0.004487083605658415,0,2.0133919284168525e-05,0.004497180781202377
s22-125-27,u027,2025-06-30,regular,hazard,120,0.0160196429922681,0,0.0002566289615997245,0.016149344519651162
s22-125-27,u027,2025-06-30,regular,hazard_cal,30,0.0023272185967899706,0,5.415946397245079e-06,0.002329930778699116
s22-125-27,u027,2025-06-30,regular,hazard_cal,60,0.005994766536305152,0,3.5937225824804066e-05,0.006012807285404403
s22-125-27,u027,2025-06-30,regular,hazard_cal,120,0.020929669530349138,0,0.00043805106664962507,0.021151799941378092
s22-125-32,u032,2025-06-30,regular,empirical,30,0.0011990407673860837,0,1.4376987618538084e-06,0.0011997601919040602
s22-125-32,u032,2025-06-30,regular,empirical,60,0.00659472422062346,0,4.349038754607771e-05,0.006616565492129114
s22-125-32,u032,2025-06-30,regular,empirical,120,0.017386091127098324,0,0.0003022761646797671,0.017539004174862385
s22-125-32,u032,2025-06-30,regular,hazard,30,0.0014706804328655787,0,2.162900935613686e-06,0.0014717629448163265
s22-125-32,u032,2025-06-30,regular,hazard,60,0.0038240403921101507,0,1.4623284920489954e-05,0.003831370728205315
s22-125-32,u032,2025-06-30,regular,hazard,120,0.013665599168639186,0,0.00018674860063791203,0.013759832961307986
s22-125-32,u032,2025-06-30,regular,hazard_cal,30,0.001992483183860805,0,3.96998923796809e-06,0.001994470819138549
s22-125-32,u032,2025-06-30,regular,hazard_cal,60,0.0051340234182585265,0,2.6358196459226966e-05,0.005147247798759175
s22-125-32,u032,2025-06-30,regular,hazard_cal,120,0.017946225877773503,0,0.0003220670232560673,0.01810921232833288
s22-125-39,u039,2025-06-30,variable,empirical,30,0.0011990407673860837,0,1.4376987618538084e-06,0.0011997601919040602
s22-125-39,u039,2025-06-30,variable,empirical,60,0.00659472422062346,0,4.349038754607771e-05,0.006616565492129114
s22-125-39,u039,2025-06-30,variable,empirical,120,0.017386091127098324,0,0.0003022761646797671,0.017539004174862385
s22-125-39,u039,2025-06-30,variable,hazard,30,0.0005818483765285265,0,3.3854753326888195e-07,0.0005820177159849388
s22-125-39,u039,2025-06-30,variable,hazard,60,0.0015141187056683103,0,2.2925554548546794e-06,0.0015152661417783164
s22-125-39,u039,2025-06-30,variable,hazard,120,0.005429015075029797,0,2.9474204684900793e-05,0.005443805734135842
s22-125-39,u039,2025-06-30,variable,hazard_cal,30,0.0008105475680059149,0,6.569873600003033e-07,0.0008108762393003955
s22-125-39,u039,2025-06-30,variable,hazard_cal,60,0.0020907105196976694,0,4.371070477174499e-06,0.002092899105935167
s22-125-39,u039,2025-06-30,variable,hazard_cal,120,0.007339499970947627,0,5.386825982354022e-05,0.007366566619289642
s22-125-56,u056,2025-06-30,new,empirical,30,0.0011990407673860837,0,1.4376987618538084e-06,0.0011997601919040602
s22-125-56,u056,2025-06-30,new,empirical,60,0.00659472422062346,0,4.349038754607771e-05,0.006616565492129114
s22-125-56,u056,2025-06-30,new,empirical,120,0.017386091127098324,0,0.0003022761646797671,0.017539004174862385
s22-125-56,u056,2025-06-30,new,hazard,30,0.0016401175202924723,0,2.6899854803703282e-06,0.0016414639854748117
s22-125-56,u056,2025-06-30,new,hazard,60,0.004263960512060572,0,1.8181359248411852e-05,0.00427307711614077
s22-125-56,u056,2025-06-30,new,hazard,120,0.015227981759372233,0,0.00023189142846377346,0.015345118162372256
s22-125-56,u056,2025-06-30,new,hazard_cal,30,0.0022147394938626386,0,4.905071025674936e-06,0.0022171956565525904
s22-125-56,u056,2025-06-30,new,hazard_cal,60,0.005705592965778994,0,3.255379109114674e-05,0.005721932040370793
s22-125-56,u056,2025-06-30,new,hazard_cal,120,0.019928165366744133,0,0.00039713177488430034,0.020129409357701085
s22-125-8,u008,2025-06-30,variable,empirical,30,0.0011990407673860837,0,1.4376987618538084e-06,0.0011997601919040602
s22-125-8,u008,2025-06-30,variable,empirical,60,0.00659472422062346,0,4.349038754607771e-05,0.006616565492129114
s22-125-8,u008,2025-06-30,variable,empirical,120,0.017386091127098324,0,0.0003022761646797671,0.017539004174862385
s22-125-8,u008,2025-06-30,variable,hazard,30,0.00040854404592671756,0,1.669082374621719e-07,0.0004086275227822044
s22-125-8,u008,2025-06-30,variable,hazard,60,0.0010633015104809518,0,1.1306101021910735e-06,0.0010638672165783657
s22-125-8,u008,2025-06-30,variable,hazard,120,0.0038150616201807486,0,1.4554695165776158e-05,0.0038223575299052162
s22-125-8,u008,2025-06-30,variable,hazard_cal,30,0.0005751763146647493,0,3.3082779295132265e-07,0.0005753417920167029
s22-125-8,u008,2025-06-30,variable,hazard_cal,60,0.0014839061592901714,0,2.2019774895793077e-06,0.0014850082384245645
s22-125-8,u008,2025-06-30,variable,hazard_cal,120,0.005213740376465048,0,2.7183088713181902e-05,0.005227379348181314
s22-125-40,u040,2025-06-30,regular,empirical,30,0.0011990407673860837,0,1.4376987618538084e-06,0.0011997601919040602
s22-125-40,u040,2025-06-30,regular,empirical,60,0.00659472422062346,0,4.349038754607771e-05,0.006616565492129114
s22-125-40,u040,2025-06-30,regular,empirical,120,0.017386091127098324,0,0.0003022761646797671,0.017539004174862385
s22-125-40,u040,2025-06-30,regular,hazard,30,0.0008132228390638208,0,6.61331385975021e-07,0.0008135536841361483
s22-125-40,u040,2025-06-30,regular,hazard,60,0.0021157756546973383,0,4.4765066210099505e-06,0.002118017070120691
s22-125-40,u040,2025-06-30,regular,hazard,120,0.007579695118181684,0,5.7451778084587255e-05,0.00760856699309012
s22-125-40,u040,2025-06-30,regular,hazard_cal,30,0.001121557977148302,0,1.257892296104991e-06,0.0011221873939586628
s22-125-40,u040,2025-06-30,regular,hazard_cal,60,0.002892132182617857,0,8.36442856173393e-06,0.0028963224781078842
s22-125-40,u040,2025-06-30,regular,hazard_cal,120,0.010141485020497498,0,0.00010284971842097514,0.010193260228822078
s22-125-45,u045,2025-06-30,regular,empirical,30,0.0011990407673860837,0,1.4376987618538084e-06,0.0011997601919040602
s22-125-45,u045,2025-06-30,regular,empirical,60,0.00659472422062346,0,4.349038754607771e-05,0.006616565492129114
s22-125-45,u045,2025-06-30,regular,empirical,120,0.017386091127098324,0,0.0003022761646797671,0.017539004174862385
s22-125-45,u045,2025-06-30,regular,hazard,30,0.0012629545612772297,0,1.5950542238509598e-06,0.001263752760519517
s22-125-45,u045,2025-06-30,regular,hazard,60,0.0032845262295786437,0,1.0788112552790102e-05,0.003289932126307094
s22-125-45,u045,2025-06-30,regular,hazard,120,0.011746776771507816,0,0.0001379867645196356,0.011816315258936057
s22-125-45,u045,2025-06-30,regular,hazard_cal,30,0.001718922243646115,0,2.9546936797013936e-06,0.0017204012856344214
s22-125-45,u045,2025-06-30,regular,hazard_cal,60,0.004430207671505926,0,1.9626740012669955e-05,0.0044400501216684575
s22-125-45,u045,2025-06-30,regular,hazard_cal,120,0.015501325743101702,0,0.00024029109979374752,0.015622727519507695
s22-126-37,u037,2025-07-01,regular,empirical,30,0.0011990407673860837,0,1.4376987618538084e-06,0.0011997601919040602
s22-126-37,u037,2025-07-01,regular,empirical,60,0.00659472422062346,0,4.349038754607771e-05,0.006616565492129114
s22-126-37,u037,2025-07-01,regular,empirical,120,0.017386091127098324,0,0.0003022761646797671,0.017539004174862385
s22-126-37,u037,2025-07-01,regular,hazard,30,0.0019360046399095054,0,3.748113965751134e-06,0.001937881119198595
s22-126-37,u037,2025-07-01,regular,hazard,60,0.005031870177987341,0,2.5319717488118352e-05,0.005044572666161763
s22-126-37,u037,2025-07-01,regular,hazard,120,0.017950438492625453,0,0.00032221824207752956,0.01811350193446056
s22-126-37,u037,2025-07-01,regular,hazard_cal,30,0.002601221059092773,0,6.766350998267728e-06,0.002604610112986557
s22-126-37,u037,2025-07-01,regular,hazard_cal,60,0.006698961888013666,0,4.487609037705962e-05,0.0067215006471210825
s22-126-37,u037,2025-07-01,regular,hazard_cal,120,0.023365117579910333,0,0.0005459287195230349,0.023642409765865915
s22-126-5,u005,2025-07-01,regular,empirical,30,0.0011990407673860837,0,1.4376987618538084e-06,0.0011997601919040602
s22-126-5,u005,2025-07-01,regular,empirical,60,0.00659472422062346,0,4.349038754607771e-05,0.006616565492129114
s22-126-5,u005,2025-07-01,regular,empirical,120,0.017386091127098324,0,0.0003022761646797671,0.017539004174862385
s22-126-5,u005,2025-07-01,regular,hazard,30,0.0010070640657288132,0,1.0141780324822475e-06,0.0010075714954498186
s22-126-5,u005,2025-07-01,regular,hazard,60,0.002619640550480473,0,6.8625166137216365e-06,0.002623077813027862
s22-126-5,u005,2025-07-01,regular,hazard,120,0.009377918432442733,0,8.794535412554917e-05,0.009422167972508442
s22-126-5,u005,2025-07-01,regular,hazard_cal,30,0.0013800104236679767,0,1.9044287694322684e-06,0.0013809635150042582
s22-126-5,u005,2025-07-01,regular,hazard_cal,60,0.003557786579390654,0,1.265784534449225e-05,0.0035641305535366046
s22-126-5,u005,2025-07-01,regular,hazard_cal,120,0.012463988883474109,0,0.00015535101888736617,0.01254231591831936
s22-126-54,u054,2025-07-01,new,empirical,30,0.0011990407673860837,0,1.4376987618538084e-06,0.0011997601919040602
s22-126-54,u054,2025-07-01,new,empirical,60,0.00659472422062346,0,4.349038754607771e-05,0.006616565492129114
s22-126-54,u054,2025-07-01,new,empirical,120,0.017386091127098324,0,0.0003022761646797671,0.017539004174862385
s22-126-54,u054,2025-07-01,new,hazard,30,0.0029932180189130575,0,8.959354108745808e-06,0.0029977066551831622
s22-126-54,u054,2025-07-01,new,hazard,60,0.007772305066351071,0,6.040872604442652e-05,0.007802666852402207
s22-126-54,u054,2025-07-01,new,hazard,120,0.02761660486495532,0,0.0007626768642670738,0.028005112853137348
s22-126-54,u054,2025-07-01,new,hazard_cal,30,0.003968842938837924,0,1.5751714273163652e-05,0.003976739696894555
s22-126-54,u054,2025-07-01,new,hazard_cal,60,0.010208707633728498,0,0.0001042177115509465,0.010261173869919002
s22-126-54,u054,2025-07-01,new,hazard_cal,120,0.03543157060809876,0,0.001255396195756688,0.036074501105456264
s22-126-57,u057,2025-07-01,new,empirical,30,0.0011990407673860837,0,1.4376987618538084e-06,0.0011997601919040602
s22-126-57,u057,2025-07-01,new,empirical,60,0.00659472422062346,0,4.349038754607771e-05,0.006616565492129114
s22-126-57,u057,2025-07-01,new,empirical,120,0.017386091127098324,0,0.0003022761646797671,0.017539004174862385
s22-126-57,u057,2025-07-01,new,hazard,30,0.001126607347950448,0,1.2692441164559415e-06,0.001127242447058367
s22-126-57,u057,2025-07-01,new,hazard,60,0.0029302903623930066,0,8.586601607933338e-06,0.0029345920687513663
s22-126-57,u057,2025-07-01,new,hazard,120,0.010485272984263161,0,0.0001099409495545189,0.01054063075998687
s22-126-57,u057,2025-07-01,new,hazard_cal,30,0.0015386283792609978,0,2.367377289467325e-06,0.0015398132834798712
s22-126-57,u057,2025-07-01,new,hazard_cal,60,0.003966163153184876,0,1.57304501576814e-05,0.003974049236833016
s22-126-57,u057,2025-07-01,new,hazard_cal,120,0.01388668276438132,0,0.0001928399581985652,0.013984004780558678
s22-126-10,u010,2025-07-01,regular,empirical,30,0.0011990407673860837,0,1.4376987618538084e-06,0.0011997601919040602
s22-126-10,u010,2025-07-01,regular,empirical,60,0.00659472422062346,0,4.349038754607771e-05,0.006616565492129114
s22-126-10,u010,2025-07-01,regular,empirical,120,0.017386091127098324,0,0.0003022761646797671,0.017539004174862385
s22-126-10,u010,2025-07-01,regular,hazard,30,0.00255999818402719,0,6.553590702222511e-06,0.0025632805825311585
s22-126-10,u010,2025-07-01,regular,hazard,60,0.006649971629682505,0,4.4222122675582194e-05,0.006672181207821823
s22-126-10,u010,2025-07-01,regular,hazard,120,0.02366719035242537,0,0.0005601358991779366,0.023951757202744558
s22-126-10,u010,2025-07-01,regular,hazard_cal,30,0.0034106074881699033,0,1.1632243438360617e-05,0.0034164368681477743
s22-126-10,u010,2025-07-01,regular,hazard_cal,60,0.008777124208730336,0,7.703790937548012e-05,0.008815870048056012
s22-126-10,u010,2025-07-01,regular,hazard_cal,120,0.03052424998008052,0,0.0009317298368464456,0.030999817484955478
s22-126-14,u014,2025-07-01,variable,empirical,30,0.0011990407673860837,0,1.4376987618538084e-06,0.0011997601919040602
s22-126-14,u014,2025-07-01,variable,empirical,60,0.00659472422062346,0,4.349038754607771e-05,0.006616565492129114
s22-126-14,u014,2025-07-01,variable,empirical,120,0.017386091127098324,0,0.0003022761646797671,0.017539004174862385
s22-126-14,u014,2025-07-01,variable,hazard,30,0.0004975037319986386,0,2.475099633525732e-07,0.0004976275280413465
s22-126-14,u014,2025-07-01,variable,hazard,60,0.0012947301656882626,0,1.676326201943156e-06,0.001295569052955847
s22-126-14,u014,2025-07-01,variable,hazard,120,0.004643854418399651,0,2.156538385928996e-05,0.004654670609197066
s22-126-14,u014,2025-07-01,variable,hazard_cal,30,0.0006963061375633295,0,4.848422372083623e-07,0.0006965486712736096
s22-126-14,u014,2025-07-01,variable,hazard_cal,60,0.0017962191677020067,0,3.22640329842009e-06,0.0017978343037331973
s22-126-14,u014,2025-07-01,variable,hazard_cal,120,0.006308290004710448,0,3.979452278352975e-05,0.0063282713424751905
s22-126-16,u016,2025-07-01,variable,empirical,30,0.0011990407673860837,0,1.4376987618538084e-06,0.0011997601919040602
s22-126-16,u016,2025-07-01,variable,empirical,60,0.00659472422062346,0,4.349038754607771e-05,0.006616565492129114
s22-126-16,u016,2025-07-01,variable,empirical,120,0.017386091127098324,0,0.0003022761646797671,0.017539004174862385
s22-126-16,u016,2025-07-01,variable,hazard,30,0.0011449991218940303,0,1.3110229891381006e-06,0.001145655134192079
s22-126-16,u016,2025-07-01,variable,hazard,60,0.002978078028758935,0,8.868948745376704e-06,0.0029825213269836183
s22-126-16,u016,2025-07-01,variable,hazard,120,0.010655530082653186,0,0.00011354032134232702,0.010712706771331192
s22-126-16,u016,2025-07-01,variable,hazard_cal,30,0.0015629850941051293,0,2.4429224043948197e-06,0.0015642078295515969
s22-126-16,u016,2025-07-01,variable,hazard_cal,60,0.0040288616490345985,0,1.6231726187061785e-05,0.004036999376668085
s22-126-16,u016,2025-07-01,variable,hazard_cal,120,0.014104965574736172,0,0.00019895005386449252,0.014205386004489607
s22-126-34,u034,2025-07-01,variable,empirical,30,0.0011990407673860837,0,1.4376987618538084e-06,0.0011997601919040602
s22-126-34,u034,2025-07-01,variable,empirical,60,0.00659472422062346,0,4.349038754607771e-05,0.006616565492129114
s22-126-34,u034,2025-07-01,variable,empirical,120,0.017386091127098324,0,0.0003022761646797671,0.017539004174862385
s22-126-34,u034,2025-07-01,variable,hazard,30,0.0003444172607108831,0,1.186232494755884e-07,0.00034447658595777126
s22-126-34,u034,2025-07-01,variable,hazard,60,0.000896452763564537,0,8.036275573024956e-07,0.0008968548176428066
s22-126-34,u034,2025-07-01,variable,hazard,120,0.0032171969737939676,0,1.0350356368189064e-05,0.0032223832785413767
s22-126-34,u034,2025-07-01,variable,hazard_cal,30,0.000487374461175083,0,2.3753386540570247e-07,0.00048749326671121017
s22-126-34,u034,2025-07-01,variable,hazard_cal,60,0.0012574820703746825,0,1.581261157313798e-06,0.0012582733643815836
s22-126-34,u034,2025-07-01,variable,hazard_cal,120,0.004419600166538307,0,1.953286563206543e-05,0.004429395470894774
s22-126-41,u041,2025-07-01,variable,empirical,30,0.0011990407673860837,0,1.4376987618538084e-06,0.0011997601919040602
s22-126-41,u041,2025-07-01,variable,empirical,60,0.00659472422062346,0,4.349038754607771e-05,0.006616565492129114
s22-126-41,u041,2025-07-01,variable,empirical,120,0.017386091127098324,0,0.0003022761646797671,0.017539004174862385
s22-126-41,u041,2025-07-01,variable,hazard,30,0.001763775346934504,0,3.1109034744539303e-06,0.001765332630072865
s22-126-41,u041,2025-07-01,variable,hazard,60,0.004584936673382556,0,2.1021644298928297e-05,0.004595479734052142
s22-126-41,u041,2025-07-01,variable,hazard,120,0.01636667264277214,0,0.00026786797339566597,0.01650208617504817
s22-126-41,u041,2025-07-01,variable,hazard_cal,30,0.002376498433128149,0,5.6477448026605475e-06,0.00237932678747115
s22-126-41,u041,2025-07-01,variable,hazard_cal,60,0.00612144244831514,0,3.7472057648034454e-05,0.00614025529092061
s22-126-41,u041,2025-07-01,variable,hazard_cal,120,0.021368133067378947,0,0.0004565971107852136,0.021599736859406794
s22-126-48,u048,2025-07-01,regular,empirical,30,0.0011990407673860837,0,1.4376987618538084e-06,0.0011997601919040602
s22-126-48,u048,2025-07-01,regular,empirical,60,0.00659472422062346,0,4.349038754607771e-05,0.006616565492129114
s22-126-48,u048,2025-07-01,regular,empirical,120,0.017386091127098324,0,0.0003022761646797671,0.017539004174862385
s22-126-48,u048,2025-07-01,regular,hazard,30,0.00530233458113627,0,2.8114752010313544e-05,0.005316441846867144
s22-126-48,u048,2025-07-01,regular,hazard,60,0.0137397729780675,0,0.00018878136148883383,0.013835037271829699
s22-126-48,u048,2025-07-01,regular,hazard,120,0.04840002377648189,0,0.0023425623015640128,0.04961052553912909
s22-126-48,u048,2025-07-01,regular,hazard_cal,30,0.006908281961716556,0,4.7724359662578344e-05,0.00693225461189424
s22-126-48,u048,2025-07-01,regular,hazard_cal,60,0.017723588470178853,0,0.00031412558826025676,0.01788253209893542
s22-126-48,u048,2025-07-01,regular,hazard_cal,120,0.06086816554756447,0,0.003704933577125714,0.06279941085097354
s22-126-12,u012,2025-07-01,variable,empirical,30,0.0011990407673860837,0,1.4376987618538084e-06,0.0011997601919040602
s22-126-12,u012,2025-07-01,variable,empirical,60,0.00659472422062346,0,4.349038754607771e-05,0.006616565492129114
s22-126-12,u012,2025-07-01,variable,empirical,120,0.017386091127098324,0,0.0003022761646797671,0.017539004174862385
s22-126-12,u012,2025-07-01,variable,hazard,30,0.0008956555606666194,0,8.021988833530364e-07,0.0008960568997672556
s22-126-12,u012,2025-07-01,variable,hazard,60,0.0023300701277628733,0,5.429226800292892e-06,0.0023327889653723035
s22-126-12,u012,2025-07-01,variable,hazard,120,0.008344803814899882,0,6.963575070916762e-05,0.008379816609581339
s22-126-12,u012,2025-07-01,variable,hazard_cal,30,0.0012316721535756692,0,1.5170162938937269e-06,0.00123243128512076
s22-126-12,u012,2025-07-01,variable,hazard_cal,60,0.003175772641381247,0,1.0085531869745622e-05,0.003180826109262448
s22-126-12,u012,2025-07-01,variable,hazard_cal,120,0.01113165419496187,0,0.0001239137251162122,0.011194074718923403
s22-126-25,u025,2025-07-01,regular,empirical,30,0.0011990407673860837,0,1.4376987618538084e-06,0.0011997601919040602
s22-126-25,u025,2025-07-01,regular,empirical,60,0.00659472422062346,0,4.349038754607771e-05,0.006616565492129114
s22-126-25,u025,2025-07-01,regular,empirical,120,0.017386091127098324,0,0.0003022761646797671,0.017539004174862385
s22-126-25,u025,2025-07-01,regular,hazard,30,0.004662585583541268,0,2.1739704323846864e-05,0.004673489342043308
s22-126-25,u025,2025-07-01,regular,hazard,60,0.01208894375546743,0,0.00014614256112285495,0.012162609330672071
s22-126-25,u025,2025-07-01,regular,hazard,120,0.04268670974822475,0,0.0018221551891291858,0.043624574067830754
s22-126-25,u025,2025-07-01,regular,hazard_cal,30,0.006098938864684711,0,3.719705527516163e-05,0.006117613360779225
s22-126-25,u025,2025-07-01,regular,hazard_cal,60,0.015658341195595393,0,0.00024518364899767976,0.015782227962677132
s22-126-25,u025,2025-07-01,regular,hazard_cal,120,0.05393155115931969,0,0.002908612210450317,0.055440356479460405
s22-126-46,u046,2025-07-01,variable,empirical,30,0.0011990407673860837,0,1.4376987618538084e-06,0.0011997601919040602
s22-126-46,u046,2025-07-01,variable,empirical,60,0.00659472422062346,0,4.349038754607771e-05,0.006616565492129114
s22-126-46,u046,2025-07-01,variable,empirical,120,0.017386091127098324,0,0.0003022761646797671,0.017539004174862385
s22-126-46,u046,2025-07-01,variable,hazard,30,0.0008795587107959246,0,7.73623525736989e-07,0.0008799457495242922
s22-126-46,u046,2025-07-01,variable,hazard,60,0.0022882267827548652,0,5.235981809316681e-06,0.002290848774230574
s22-126-46,u046,2025-07-01,variable,hazard,120,0.00819544537427297,0,6.716532488269221e-05,0.008229212655204989
s22-126-46,u046,2025-07-01,variable,hazard_cal,30,0.001210194860373326,0,1.4645716000740138e-06,0.0012109277375157994
s22-126-46,u046,2025-07-01,variable,hazard_cal,60,0.0031204541207922043,0,9.73723391996905e-06,0.0031253328897121835
s22-126-46,u046,2025-07-01,variable,hazard_cal,120,0.01093860315695705,0,0.00011965303902539074,0.01099886956632847
s22-126-6,u006,2025-07-01,variable,empirical,30,0.0011990407673860837,0,1.4376987618538084e-06,0.0011997601919040602
s22-126-6,u006,2025-07-01,variable,empirical,60,0.00659472422062346,0,4.349038754607771e-05,0.006616565492129114
s22-126-6,u006,2025-07-01,variable,empirical,120,0.017386091127098324,0,0.0003022761646797671,0.017539004174862385
s22-126-6,u006,2025-07-01,variable,hazard,30,0.0008472008680955323,0,7.177493109018236e-07,0.0008475599455724747
s22-126-6,u006,2025-07-01,variable,hazard,60,0.002204109753143113,0,4.858099803900595e-06,0.0022065423782174896
s22-126-6,u006,2025-07-01,variable,hazard,120,0.007895137469192903,0,6.233319565745373e-05,0.007926469087603824
s22-126-6,u006,2025-07-01,variable,hazard_cal,30,0.0011669850725345432,0,1.361854159518453e-06,0.001167666529832889
s22-126-6,u006,2025-07-01,variable,hazard_cal,60,0.003009153417352861,0,9.055004289166402e-06,0.003013690022677557
s22-126-6,u006,2025-07-01,variable,hazard_cal,120,0.010550093882429556,0,0.00011130448092807756,0.010606140670678853
s22-126-7,u007,2025-07-01,variable,empirical,30,0.0011990407673860837,0,1.4376987618538084e-06,0.0011997601919040602
s22-126-7,u007,2025-07-01,variable,empirical,60,0.00659472422062346,0,4.349038754607771e-05,0.006616565492129114
s22-126-7,u007,2025-07-01,variable,empirical,120,0.017386091127098324,0,0.0003022761646797671,0.017539004174862385
s22-126-7,u007,2025-07-01,variable,hazard,30,0.0007196906822004578,0,5.179546780461604e-07,0.0007199497838623073
s22-126-7,u007,2025-07-01,variable,hazard,60,0.0018725884088280909,0,3.506587348877321e-06,0.0018743438943794551
s22-126-7,u007,2025-07-01,variable,hazard,120,0.006710851663665474,0,4.5035530051721656e-05,0.0067334706807325
s22-126-7,u007,2025-07-01,variable,hazard_cal,30,0.0009962055281154125,0,9.92425454247708e-07,0.000996702070642201
s22-126-7,u007,2025-07-01,variable,hazard_cal,60,0.002569172799809616,0,6.60064887528158e-06,0.0025724787878976837
s22-126-7,u007,2025-07-01,variable,hazard_cal,120,0.009013092874824435,0,8.123584317021101e-05,0.009053956520277512
s22-126-51,u051,2025-07-01,variable,empirical,30,0.0011990407673860837,0,1.4376987618538084e-06,0.0011997601919040602
s22-126-51,u051,2025-07-01,variable,empirical,60,0.00659472422062346,0,4.349038754607771e-05,0.006616565492129114
s22-126-51,u051,2025-07-01,variable,empirical,120,0.017386091127098324,0,0.0003022761646797671,0.017539004174862385
s22-126-51,u051,2025-07-01,variable,hazard,30,0.0008542141278138349,0,7.296817761567506e-07,0.0008545791766032738
s22-126-51,u051,2025-07-01,variable,hazard,60,0.0022223417467275297,0,4.938802839247968e-06,0.0022248148128252015
s22-126-51,u051,2025-07-01,variable,hazard,120,0.007960234106694997,0,6.336532703339029e-05,0.007992085914717029
s22-126-51,u051,2025-07-01,variable,hazard_cal,30,0.0011763545596680247,0,1.3838100500517523e-06,0.0011770470077893216
s22-126-51,u051,2025-07-01,variable,hazard_cal,60,0.003033288264309708,0,9.200837694399002e-06,0.003037898007303248
s22-126-51,u051,2025-07-01,variable,hazard_cal,120,0.01063434997880175,0,0.00011308939947164077,0.010691298780702527
s22-126-9,u009,2025-07-01,variable,empirical,30,0.0011990407673860837,0,1.4376987618538084e-06,0.0011997601919040602
s22-126-9,u009,2025-07-01,variable,empirical,60,0.00659472422062346,0,4.349038754607771e-05,0.006616565492129114
s22-126-9,u009,2025-07-01,variable,empirical,120,0.017386091127098324,0,0.0003022761646797671,0.017539004174862385
s22-126-9,u009,2025-07-01,variable,hazard,30,0.0008477081662561226,0,7.186091351373179e-07,0.0008480676740098227
s22-126-9,u009,2025-07-01,variable,hazard,60,0.002205428556542488,0,4.8639151180130826e-06,0.002207864095698799
s22-126-9,u009,2025-07-01,variable,hazard,120,0.007899846322092174,0,6.240757191267325e-05,0.00793121542466155
s22-126-9,u009,2025-07-01,variable,hazard_cal,30,0.0011676628848005244,0,1.3634366125406827e-06,0.0011683451342500786
s22-126-9,u009,2025-07-01,variable,hazard_cal,60,0.0030108994062642003,0,9.065515234642114e-06,0.003015441282928506
s22-126-9,u009,2025-07-01,variable,hazard_cal,120,0.010556189419227313,0,0.00011143313505460667,0.010612301220632942
s22-126-52,u052,2025-07-01,variable,empirical,30,0.0011990407673860837,0,1.4376987618538084e-06,0.0011997601919040602
s22-126-52,u052,2025-07-01,variable,empirical,60,0.00659472422062346,0,4.349038754607771e-05,0.006616565492129114
s22-126-52,u052,2025-07-01,variable,empirical,120,0.017386091127098324,0,0.0003022761646797671,0.017539004174862385
s22-126-52,u052,2025-07-01,variable,hazard,30,0.0006532357179412918,0,4.267169031942749e-07,0.0006534491693540087
s22-126-52,u052,2025-07-01,variable,hazard,60,0.001699778133271379,0,2.889245702347534e-06,0.0017012243952378855
s22-126-52,u052,2025-07-01,variable,hazard,120,0.006093073333250598,0,3.712554264436956e-05,0.006111711853722082
s22-126-52,u052,2025-07-01,variable,hazard_cal,30,0.0009068461933942062,0,8.223700184735621e-07,0.0009072576271603459
s22-126-52,u052,2025-07-01,variable,hazard_cal,60,0.0023389028864846395,0,5.4704667124061785e-06,0.0023416423922998316
s22-126-52,u052,2025-07-01,variable,hazard_cal,120,0.008207922895799746,0,6.73699982633937e-05,0.008241793359696365
s22-126-20,u020,2025-07-01,variable,empirical,30,0.0011990407673860837,0,1.4376987618538084e-06,0.0011997601919040602
s22-126-20,u020,2025-07-01,variable,empirical,60,0.00659472422062346,0,4.349038754607771e-05,0.006616565492129114
s22-126-20,u020,2025-07-01,variable,empirical,120,0.017386091127098324,0,0.0003022761646797671,0.017539004174862385
s22-126-20,u020,2025-07-01,variable,hazard,30,0.001026256763357769,0,1.053202944337564e-06,0.001026783725393023
s22-126-20,u020,2025-07-01,variable,hazard,60,0.0026695199271985492,0,7.1263366417101474e-06,0.002673089449541972
s22-126-20,u020,2025-07-01,variable,hazard,120,0.009555787794009896,0,9.131308036414851e-05,0.00960173729091455
s22-126-20,u020,2025-07-01,variable,hazard_cal,30,0.0014055133756286642,0,1.9754678490710823e-06,0.0014065020360454112
s22-126-20,u020,2025-07-01,variable,hazard_cal,60,0.003623453990191039,0,1.3129418819031362e-05,0.0036300346007696023
s22-126-20,u020,2025-07-01,variable,hazard_cal,120,0.012692870107053555,0,0.00016110895155453374,0.012774112783448872
s22-126-33,u033,2025-07-01,variable,empirical,30,0.0011990407673860837,0,1.4376987618538084e-06,0.0011997601919040602
s22-126-33,u033,2025-07-01,variable,empirical,60,0.00659472422062346,0,4.349038754607771e-05,0.006616565492129114
s22-126-33,u033,2025-07-01,variable,empirical,120,0.017386091127098324,0,0.0003022761646797671,0.017539004174862385
s22-126-33,u033,2025-07-01,variable,hazard,30,0.002788571921065075,0,7.776133358952563e-06,0.0027924672309977963
s22-126-33,u033,2025-07-01,variable,hazard,60,0.007242241539846761,0,5.2450062521481984e-05,0.007268593881542513
s22-126-33,u033,2025-07-01,variable,hazard,120,0.025752956404741068,0,0.000663214763584494,0.02609036931217833
s22-126-33,u033,2025-07-01,variable,hazard_cal,30,0.0037054782785375107,0,1.3730569272713313e-05,0.003712360569888215
s22-126-33,u033,2025-07-01,variable,hazard_cal,60,0.009533490167993097,0,9.088743478322105e-05,0.009579224791214614
s22-126-33,u033,2025-07-01,variable,hazard_cal,120,0.03311946842236402,0,0.0010968991885799673,0.03368033658247271
s22-126-0,u000,2025-07-01,variable,empirical,30,0.0011990407673860837,0,1.4376987618538084e-06,0.0011997601919040602
s22-126-0,u000,2025-07-01,variable,empirical,60,0.00659472422062346,0,4.349038754607771e-05,0.006616565492129114
s22-126-0,u000,2025-07-01,variable,empirical,120,0.017386091127098324,0,0.0003022761646797671,0.017539004174862385
s22-126-0,u000,2025-07-01,variable,hazard,30,0.0039316878751495254,0,1.545816954759779e-05,0.0039394372787498536
s22-126-0,u000,2025-07-01,variable,hazard,60,0.010200586786277221,0,0.00010405197078437346,0.010252969297702703
s22-126-0,u000,2025-07-01,variable,hazard,120,0.03611748275118687,0,0.001304472560282281,0.036785861872197595
s22-126-0,u000,2025-07-01,variable,hazard_cal,30,0.005169913102539225,0,2.6728001487806757e-05,0.005183323343103203
s22-126-0,u000,2025-07-01,variable,hazard_cal,60,0.013284045867462013,0,0.0001764658746088346,0.013373068067068434
s22-126-0,u000,2025-07-01,variable,hazard_cal,120,0.045906567435653245,0,0.002107412933724179,0.046993674630957126
s22-127-53,u053,2025-07-02,regular,empirical,30,0.0011990407673860837,0,1.4376987618538084e-06,0.0011997601919040602
s22-127-53,u053,2025-07-02,regular,empirical,60,0.00659472422062346,0,4.349038754607771e-05,0.006616565492129114
s22-127-53,u053,2025-07-02,regular,empirical,120,0.017386091127098324,0,0.0003022761646797671,0.017539004174862385
s22-127-53,u053,2025-07-02,regular,hazard,30,0.007919794856746432,0,6.272315057294723e-05,0.007951323006682755
s22-127-53,u053,2025-07-02,regular,hazard,60,0.02047420044875392,0,0.00041919288401575527,0.02068670243319423
s22-127-53,u053,2025-07-02,regular,hazard,120,0.07142327652694369,0,0.005101284429844265,0.07410226996822641
s22-127-53,u053,2025-07-02,regular,hazard_cal,30,0.010190228354610809,0,0.0001038407539191141,0.01024250416979187
s22-127-53,u053,2025-07-02,regular,hazard_cal,60,0.026068055264215184,0,0.000679543505258177,0.02641384971527179
s22-127-53,u053,2025-07-02,regular,hazard_cal,120,0.08848401313885723,0,0.007829420581157459,0.09264614594850207
s22-127-23,u023,2025-07-02,regular,empirical,30,0.0011990407673860837,0,1.4376987618538084e-06,0.0011997601919040602
s22-127-23,u023,2025-07-02,regular,empirical,60,0.00659472422062346,0,4.349038754607771e-05,0.006616565492129114
s22-127-23,u023,2025-07-02,regular,empirical,120,0.017386091127098324,0,0.0003022761646797671,0.017539004174862385
s22-127-23,u023,2025-07-02,regular,hazard,30,0.00244394516663049,0,5.972867977496534e-06,0.0024469364753427745
s22-127-23,u023,2025-07-02,regular,hazard,60,0.006349167282376333,0,4.0311925179598074e-05,0.0063694089690222964
s22-127-23,u023,2025-07-02,regular,hazard,120,0.022606485159003542,0,0.0005110531712442474,0.02286592928064217
s22-127-23,u023,2025-07-02,regular,hazard_cal,30,0.0032605855672175332,0,1.0631418241147284e-05,0.003265912859551737
s22-127-23,u023,2025-07-02,regular,hazard_cal,60,0.008392155434478688,0,7.042827283645017e-05,0.008427567834320426
s22-127-23,u023,2025-07-02,regular,hazard_cal,120,0.029201226364895194,0,0.0008527116212138502,0.02963606838233783
s22-127-3,u003,2025-07-02,regular,empirical,30,0.0011990407673860837,0,1.4376987618538084e-06,0.0011997601919040602
s22-127-3,u003,2025-07-02,regular,empirical,60,0.00659472422062346,0,4.349038754607771e-05,0.006616565492129114
s22-127-3,u003,2025-07-02,regular,empirical,120,0.017386091127098324,0,0.0003022761646797671,0.017539004174862385
s22-127-3,u003,2025-07-02,regular,hazard,30,0.001474674515016039,0,2.17466492523779e-06,0.001475762917636661
s22-127-3,u003,2025-07-02,regular,hazard,60,0.0038344120166079465,0,1.470271551310742e-05,0.0038417822206629495
s22-127-3,u003,2025-07-02,regular,hazard,120,0.013702457149067038,0,0.00018775733192201837,0.01379720230488998
s22-127-3,u003,2025-07-02,regular,hazard_cal,30,0.001997731020336513,0,3.990929229614765e-06,0.0019997291465406143
s22-127-3,u003,2025-07-02,regular,hazard_cal,60,0.0051475216971468285,0,2.6496979622597365e-05,0.005160815827799034
s22-127-3,u003,2025-07-02,regular,hazard_cal,120,0.017993068517827226,0,0.0003237505146872253,0.018156912116765022
s22-127-42,u042,2025-07-02,variable,empirical,30,0.0011990407673860837,0,1.4376987618538084e-06,0.0011997601919040602
s22-127-42,u042,2025-07-02,variable,empirical,60,0.00659472422062346,0,4.349038754607771e-05,0.006616565492129114
s22-127-42,u042,2025-07-02,variable,empirical,120,0.017386091127098324,0,0.0003022761646797671,0.017539004174862385
s22-127-42,u042,2025-07-02,variable,hazard,30,0.0014880417913375465,0,2.2142683727670546e-06,0.0014891500250590957
s22-127-42,u042,2025-07-02,variable,hazard,60,0.003869122923023882,0,1.497011219346887e-05,0.0038766273423887425
s22-127-42,u042,2025-07-02,variable,hazard,120,0.013825802345869276,0,0.00019115281050704436,0.013922268935179376
s22-127-42,u042,2025-07-02,variable,hazard_cal,30,0.0020152911782176375,0,4.061398533001833e-06,0.002017324609914749
s22-127-42,u042,2025-07-02,variable,hazard_cal,60,0.0051926883370628785,0,2.6964012165868842e-05,0.005206217197572491
s22-127-42,u042,2025-07-02,variable,hazard_cal,120,0.018149795883411923,0,0.0003294150906095164,0.018316523896131694
s22-127-2,u002,2025-07-02,regular,empirical,30,0.0011990407673860837,0,1.4376987618538084e-06,0.0011997601919040602
s22-127-2,u002,2025-07-02,regular,empirical,60,0.00659472422062346,0,4.349038754607771e-05,0.006616565492129114
s22-127-2,u002,2025-07-02,regular,empirical,120,0.017386091127098324,0,0.0003022761646797671,0.017539004174862385
s22-127-2,u002,2025-07-02,regular,hazard,30,0.0028177303894989514,0,7.939604547905912e-06,0.0028217076647895144
s22-127-2,u002,2025-07-02,regular,hazard,60,0.007317778164679267,0,5.354987726745667e-05,0.007344684446473829
s22-127-2,u002,2025-07-02,regular,hazard,120,0.026018711202991818,0,0.0006769733326646919,0.026363186204819193
s22-127-2,u002,2025-07-02,regular,hazard_cal,30,0.003743038826759082,0,1.4010339658626005e-05,0.003750061526223309
s22-127-2,u002,2025-07-02,regular,hazard_cal,60,0.009629807551571501,0,9.273319348030351e-05,0.009676473982471448
s22-127-2,u002,2025-07-02,regular,hazard_cal,120,0.0334495515293598,0,0.0011188724975152965,0.034021784623399914
s22-127-27,u027,2025-07-02,regular,empirical,30,0.0011990407673860837,0,1.4376987618538084e-06,0.0011997601919040602
s22-127-27,u027,2025-07-02,regular,empirical,60,0.00659472422062346,0,4.349038754607771e-05,0.006616565492129114
s22-127-27,u027,2025-07-02,regular,empirical,120,0.017386091127098324,0,0.0003022761646797671,0.017539004174862385
s22-127-27,u027,2025-07-02,regular,hazard,30,0.0018242719735914736,0,3.32796823363133e-06,0.001825937984187572
s22-127-27,u027,2025-07-02,regular,hazard,60,0.004741940625124896,0,2.248600089220989e-05,0.0047532192948845295
s22-127-27,u027,2025-07-02,regular,hazard,120,0.016923270788647082,0,0.00028639709418587565,0.01706810571501658
s22-127-27,u027,2025-07-02,regular,hazard_cal,30,0.002455507134227264,0,6.02951528624099e-06,0.002458526836149639
s22-127-27,u027,2025-07-02,regular,hazard_cal,60,0.006324514686362748,0,3.999948601801808e-05,0.0063445991571749166
s22-127-27,u027,2025-07-02,regular,hazard_cal,120,0.022070700489291606,0,0.00048711582008801674,0.02231790244927818
s22-127-43,u043,2025-07-02,regular,empirical,30,0.0011990407673860837,0,1.4376987618538084e-06,0.0011997601919040602
s22-127-43,u043,2025-07-02,regular,empirical,60,0.00659472422062346,0,4.349038754607771e-05,0.006616565492129114
s22-127-43,u043,2025-07-02,regular,empirical,120,0.017386091127098324,0,0.0003022761646797671,0.017539004174862385
s22-127-43,u043,2025-07-02,regular,hazard,30,0.004208225073102145,0,1.7709158265885558e-05,0.004217104572278153
s22-127-43,u043,2025-07-02,regular,hazard,60,0.010915343625319873,0,0.0001191447264588112,0.01097535307056678
s22-127-43,u043,2025-07-02,regular,hazard,120,0.03860824226111681,0,0.001490596370493086,0.03937329674512698
s22-127-43,u043,2025-07-02,regular,hazard_cal,30,0.005522005198717039,0,3.049254141465801e-05,0.005537307829562158
s22-127-43,u043,2025-07-02,regular,hazard_cal,60,0.01418434059406204,0,0.00020119551808835625,0.014285899864476351
s22-127-43,u043,2025-07-02,regular,hazard_cal,120,0.048955869679483066,0,0.0023966771760745294,0.0501948133908643
s22-127-47,u047,2025-07-02,variable,empirical,30,0.0011990407673860837,0,1.4376987618538084e-06,0.0011997601919040602
s22-127-47,u047,2025-07-02,variable,empirical,60,0.00659472422062346,0,4.349038754607771e-05,0.006616565492129114
s22-127-47,u047,2025-07-02,variable,empirical,120,0.017386091127098324,0,0.0003022761646797671,0.017539004174862385
s22-127-47,u047,2025-07-02,variable,hazard,30,0.0008189260364438455,0,6.706398531656266e-07,0.0008192615395510871
s22-127-47,u047,2025-07-02,variable,hazard,60,0.0021306028705199154,0,4.5394685918677035e-06,0.002132875833911277
s22-127-47,u047,2025-07-02,variable,hazard,120,0.0076326489748395066,0,5.825733037311857e-05,0.00766192671297027
s22-127-47,u047,2025-07-02,variable,hazard_cal,30,0.0011291868361064106,0,1.2750629108360056e-06,0.0011298248478967272
s22-127-47,u047,2025-07-02,variable,hazard_cal,60,0.0029117849522177774,0,8.478491607961885e-06,0.002916032445216355
s22-127-47,u047,2025-07-02,variable,hazard_cal,120,0.010210116981253736,0,0.00010424648877088591,0.010262597754468687
s22-127-29,u029,2025-07-02,regular,empirical,30,0.0011990407673860837,0,1.4376987618538084e-06,0.0011997601919040602
s22-127-29,u029,2025-07-02,regular,empirical,60,0.00659472422062346,0,4.349038754607771e-05,0.006616565492129114
s22-127-29,u029,2025-07-02,regular,empirical,120,0.017386091127098324,0,0.0003022761646797671,0.017539004174862385
s22-127-29,u029,2025-07-02,regular,hazard,30,0.0009529192413288978,0,9.080550804948422e-07,0.0009533735575098296
s22-127-29,u029,2025-07-02,regular,hazard,60,0.0024789157944687945,0,6.145023516066854e-06,0.0024819933933512006
s22-127-29,u029,2025-07-02,regular,hazard,120,0.00887595637086136,0,7.878260149743436e-05,0.008915582324696074
s22-127-29,u029,2025-07-02,regular,hazard_cal,30,0.00130798330284565,0,1.7108203205230153e-06,0.0013088394596465424
s22-127-29,u029,2025-07-02,regular,hazard_cal,60,0.0033723083948230537,0,1.137246390979404e-05,0.0033780074430171648
s22-127-29,u029,2025-07-02,regular,hazard_cal,120,0.011817283110531207,0,0.00013964818011444612,0.011887662209901836
s22-127-34,u034,2025-07-02,variable,empirical,30,0.0011990407673860837,0,1.4376987618538084e-06,0.0011997601919040602
s22-127-34,u034,2025-07-02,variable,empirical,60,0.00659472422062346,0,4.349038754607771e-05,0.006616565492129114
s22-127-34,u034,2025-07-02,variable,empirical,120,0.017386091127098324,0,0.0003022761646797671,0.017539004174862385
s22-127-34,u034,2025-07-02,variable,hazard,30,0.0005300991523442544,0,2.810051113160971e-07,0.0005302397045731856
s22-127-34,u034,2025-07-02,variable,hazard,60,0.001379517924732454,0,1.9030697046581368e-06,0.0013804703355974586
s22-127-34,u034,2025-07-02,variable,hazard,120,0.004947357156853682,0,2.447634283747135e-05,0.004959635843043799
s22-127-34,u034,2025-07-02,variable,hazard_cal,30,0.0007405194234810786,0,5.48369016552749e-07,0.0007407937434238793
s22-127-34,u034,2025-07-02,variable,hazard_cal,60,0.0019101991294079301,0,3.6488607139908143e-06,0.0019120258864487526
s22-127-34,u034,2025-07-02,variable,hazard_cal,120,0.00670751100045941,0,4.499070382128399e-05,0.006730107453021861
s22-127-48,u048,2025-07-02,regular,empirical,30,0.0011990407673860837,0,1.4376987618538084e-06,0.0011997601919040602
s22-127-48,u048,2025-07-02,regular,empirical,60,0.00659472422062346,0,4.349038754607771e-05,0.006616565492129114
s22-127-48,u048,2025-07-02,regular,empirical,120,0.017386091127098324,0,0.0003022761646797671,0.017539004174862385
s22-127-48,u048,2025-07-02,regular,hazard,30,0.005891724168489709,0,3.4712413677565756e-05,0.005909148849982134
s22-127-48,u048,2025-07-02,regular,hazard,60,0.015258973384220775,0,0.00023283626874035803,0.015376589520159946
s22-127-48,u048,2025-07-02,regular,hazard,120,0.05363348636617804,0,0.0028765508597910056,0.055125349832979266
s22-127-48,u048,2025-07-02,regular,hazard_cal,30,0.00765114013784518,0,5.8539945408945564e-05,0.007680560271667251
s22-127-48,u048,2025-07-02,regular,hazard_cal,60,0.01961658095467378,0,0.00038481024835127,0.01981153990966419
s22-127-48,u048,2025-07-02,regular,hazard_cal,120,0.06719059588190168,0,0.0045145761749650236,0.06955438183499323
s22-127-50,u050,2025-07-02,variable,empirical,30,0.0011990407673860837,0,1.4376987618538084e-06,0.0011997601919040602
s22-127-50,u050,2025-07-02,variable,empirical,60,0.00659472422062346,0,4.349038754607771e-05,0.006616565492129114
s22-127-50,u050,2025-07-02,variable,empirical,120,0.017386091127098324,0,0.0003022761646797671,0.017539004174862385
s22-127-50,u050,2025-07-02,variable,hazard,30,0.000823150652571214,0,6.775769968284154e-07,0.0008234896271004638
s22-127-50,u050,2025-07-02,variable,hazard,60,0.002141585961825676,0,4.5863904318888064e-06,0.0021438824363591786
s22-127-50,u050,2025-07-02,variable,hazard,120,0.0076718724708221275,0,5.8857627208558415e-05,0.007701452671901056
s22-127-50,u050,2025-07-02,variable,hazard_cal,30,0.0011348368417304355,0,1.2878546573487096e-06,0.001135481256642433
s22-127-50,u050,2025-07-02,variable,hazard_cal,60,0.002926339810251699,0,8.563464685063951e-06,0.0029306299141730278
s22-127-50,u050,2025-07-02,variable,hazard_cal,120,0.010260943422210178,0,0.00010528695991379832,0.01031394981096145
s22-127-12,u012,2025-07-02,variable,empirical,30,0.0011990407673860837,0,1.4376987618538084e-06,0.0011997601919040602
s22-127-12,u012,2025-07-02,variable,empirical,60,0.00659472422062346,0,4.349038754607771e-05,0.006616565492129114
s22-127-12,u012,2025-07-02,variable,empirical,120,0.017386091127098324,0,0.0003022761646797671,0.017539004174862385
s22-127-12,u012,2025-07-02,variable,hazard,30,0.0011717887583595488,0,1.373088894217813e-06,0.00117247583960182
s22-127-12,u012,2025-07-02,variable,hazard,60,0.0030476831873733623,0,9.288372810598258e-06,0.0030523368314057343
s22-127-12,u012,2025-07-02,variable,hazard,120,0.010903475879084579,0,0.00011888578624577923,0.010963354426203513
s22-127-12,u012,2025-07-02,variable,hazard_cal,30,0.001598442130965494,0,2.555017246045509e-06,0.0015997210025717051
s22-127-12,u012,2025-07-02,variable,hazard_cal,60,0.004120129525421179,0,1.697546730624735e-05,0.004128640645062219
s22-127-12,u012,2025-07-02,variable,hazard_cal,120,0.01442264285363859,0,0.00020801262688361228,0.014527660141332764
s22-127-21,u021,2025-07-02,regular,empirical,30,0.0011990407673860837,0,1.4376987618538084e-06,0.0011997601919040602
s22-127-21,u021,2025-07-02,regular,empirical,60,0.00659472422062346,0,4.349038754607771e-05,0.006616565492129114
s22-127-21,u021,2025-07-02,regular,empirical,120,0.017386091127098324,0,0.0003022761646797671,0.017539004174862385
s22-127-21,u021,2025-07-02,regular,hazard,30,0.0014876662190359546,0,2.213150779260733e-06,0.001488773893128104
s22-127-21,u021,2025-07-02,regular,hazard,60,0.0038681476829829364,0,1.496256649736626e-05,0.0038756483148472873
s22-127-21,u021,2025-07-02,regular,hazard,120,0.013822337000597429,0,0.00019105700015808474,0.01391875501320533
s22-127-21,u021,2025-07-02,regular,hazard_cal,30,0.0020147978669496913,0,4.059410444665026e-06,0.002016830302595547
s22-127-21,u021,2025-07-02,regular,hazard_cal,60,0.0051914195058155865,0,2.695083648536255e-05,0.005204941744102006
s22-127-21,u021,2025-07-02,regular,hazard_cal,120,0.01814539333602494,0,0.0003292552993190583,0.018312039976386914
s22-127-36,u036,2025-07-02,variable,empirical,30,0.0011990407673860837,0,1.4376987618538084e-06,0.0011997601919040602
s22-127-36,u036,2025-07-02,variable,empirical,60,0.00659472422062346,0,4.349038754607771e-05,0.006616565492129114
s22-127-36,u036,2025-07-02,variable,empirical,120,0.017386091127098324,0,0.0003022761646797671,0.017539004174862385
s22-127-36,u036,2025-07-02,variable,hazard,30,0.0010998900262072508,0,1.2097580697501869e-06,0.0011004953491419386
s22-127-36,u036,2025-07-02,variable,hazard,60,0.002860867472184503,0,8.184562693403347e-06,0.002864967575299452
s22-127-36,u036,2025-07-02,variable,hazard,120,0.010237892143863947,0,0.00010481443554939113,0.010290659823805656
s22-127-36,u036,2025-07-02,variable,hazard_cal,30,0.0015032243647674637,0,2.259683490830545e-06,0.001504355340061385
s22-127-36,u036,2025-07-02,variable,hazard_cal,60,0.0038750221502247273,0,1.5015796664732269e-05,0.0038825495006158334
s22-127-36,u036,2025-07-02,variable,hazard_cal,120,0.013569309496767712,0,0.0001841261602190704,0.013662213967165302
s22-127-40,u040,2025-07-02,regular,empirical,30,0.0011990407673860837,0,1.4376987618538084e-06,0.0011997601919040602
s22-127-40,u040,2025-07-02,regular,empirical,60,0.00659472422062346,0,4.349038754607771e-05,0.006616565492129114
s22-127-40,u040,2025-07-02,regular,empirical,120,0.017386091127098324,0,0.0003022761646797671,0.017539004174862385
s22-127-40,u040,2025-07-02,regular,hazard,30,0.0006204057650370798,0,3.8490331329124424e-07,0.0006205982963295263
s22-127-40,u040,2025-07-02,regular,hazard,60,0.0016143991365006327,0,2.6062845719339885e-06,0.0016157036830148298
s22-127-40,u040,2025-07-02,regular,hazard,120,0.005787738058880554,0,3.349791183821444e-05,0.005804551922345457
s22-127-40,u040,2025-07-02,regular,hazard_cal,30,0.0008626015008534882,0,7.440813492746903e-07,0.0008629737556151983
s22-127-40,u040,2025-07-02,regular,hazard_cal,60,0.0022248753897358142,0,4.9500704998520915e-06,0.0022273541022191407
s22-127-40,u040,2025-07-02,regular,hazard_cal,120,0.007809017020191433,0,6.098074682163949e-05,0.00783966706234092
s22-127-14,u014,2025-07-02,variable,empirical,30,0.0011990407673860837,0,1.4376987618538084e-06,0.0011997601919040602
s22-127-14,u014,2025-07-02,variable,empirical,60,0.00659472422062346,0,4.349038754607771e-05,0.006616565492129114
s22-127-14,u014,2025-07-02,variable,empirical,120,0.017386091127098324,0,0.0003022761646797671,0.017539004174862385
s22-127-14,u014,2025-07-02,variable,hazard,30,0.00046887718822719027,0,2.19845817639836e-07,0.00046898714550832737
s22-127-14,u014,2025-07-02,variable,hazard,60,0.0012202622291127563,0,1.4890399077992328e-06,0.00122100735529456
s22-127-14,u014,2025-07-02,variable,hazard,120,0.004377230449099656,0,1.9160146404525177e-05,0.004386838570527701
s22-127-14,u014,2025-07-02,variable,hazard_cal,30,0.0006574046320314553,0,4.321808502164131e-07,0.0006576208172091807
s22-127-14,u014,2025-07-02,variable,hazard_cal,60,0.0016959254033992455,0,2.8761629738948936e-06,0.001697365112876365
s22-127-14,u014,2025-07-02,variable,hazard_cal,120,0.005956899724173459,0,3.548465432385783e-05,0.005974712827142369
s22-127-33,u033,2025-07-02,variable,empirical,30,0.0011990407673860837,0,1.4376987618538084e-06,0.0011997601919040602
s22-127-33,u033,2025-07-02,variable,empirical,60,0.00659472422062346,0,4.349038754607771e-05,0.006616565492129114
s22-127-33,u033,2025-07-02,variable,empirical,120,0.017386091127098324,0,0.0003022761646797671,0.017539004174862385
s22-127-33,u033,2025-07-02,variable,hazard,30,0.0022471989725292296,0,5.049903222136425e-06,0.0022497277132396054
s22-127-33,u033,2025-07-02,variable,hazard,60,0.00583906657351041,0,3.40946984498866e-05,0.005856180575116315
s22-127-33,u033,2025-07-02,variable,hazard,120,0.020805628448513858,0,0.00043287417513760914,0.021025115247655993
s22-127-33,u033,2025-07-02,variable,hazard_cal,30,0.0030057420409594915,0,9.034485216791329e-06,0.003010268355799903
s22-127-33,u033,2025-07-02,variable,hazard_cal,60,0.0077379719344102815,0,5.987620965772119e-05,0.007768065381256944
s22-127-33,u033,2025-07-02,variable,hazard_cal,120,0.02694968967486433,0,0.0007262857735714891,0.027319491734983315
s22-127-49,u049,2025-07-02,regular,empirical,30,0.0011990407673860837,0,1.4376987618538084e-06,0.0011997601919040602
s22-127-49,u049,2025-07-02,regular,empirical,60,0.00659472422062346,0,4.349038754607771e-05,0.006616565492129114
s22-127-49,u049,2025-07-02,regular,empirical,120,0.017386091127098324,0,0.0003022761646797671,0.017539004174862385
s22-127-49,u049,2025-07-02,regular,hazard,30,0.0007466368439014159,0,5.574665766710673e-07,0.0007469157160091853
s22-127-49,u049,2025-07-02,regular,hazard,60,0.001942653659663951,0,3.7739032414057417e-06,0.0019445430586464306
s22-127-49,u049,2025-07-02,regular,hazard,120,0.0069612391419463515,0,4.845885039136598e-05,0.0069855816020442255
s22-127-49,u049,2025-07-02,regular,hazard_cal,30,0.0010323667524273494,0,1.0657811115173923e-06,0.00103290001002631
s22-127-49,u049,2025-07-02,regular,hazard_cal,60,0.002662346287009565,0,7.088087751953616e-06,0.0026658966337873027
s22-127-49,u049,2025-07-02,regular,hazard_cal,120,0.009338738299083826,0,8.721203301877508e-05,0.009382617714846275
s22-127-10,u010,2025-07-02,regular,empirical,30,0.0011990407673860837,0,1.4376987618538084e-06,0.0011997601919040602
s22-127-10,u010,2025-07-02,regular,empirical,60,0.00659472422062346,0,4.349038754607771e-05,0.006616565492129114
s22-127-10,u010,2025-07-02,regular,empirical,120,0.017386091127098324,0,0.0003022761646797671,0.017539004174862385
s22-127-10,u010,2025-07-02,regular,hazard,30,0.004622098306273359,0,2.1363792752855052e-05,0.004632813232359677
s22-127-10,u010,2025-07-02,regular,hazard,60,0.011984405171770796,0,0.0001436259673211666,0.012056797119740644
s22-127-10,u010,2025-07-02,regular,hazard,120,0.04232398639299528,0,0.0017913198241944499,0.04324574859989065
s22-127-10,u010,2025-07-02,regular,hazard_cal,30,0.006047604319364797,0,3.657351800359974e-05,0.006065965141786714
s22-127-10,u010,2025-07-02,regular,hazard_cal,60,0.01552724814852191,0,0.0002410954350657771,0.015649058430233953
s22-127-10,u010,2025-07-02,regular,hazard_cal,120,0.05348987136233618,0,0.0028611663383592725,0.05497360724087343
s22-127-45,u045,2025-07-02,regular,empirical,30,0.0011990407673860837,0,1.4376987618538084e-06,0.0011997601919040602
s22-127-45,u045,2025-07-02,regular,empirical,60,0.00659472422062346,0,4.349038754607771e-05,0.006616565492129114
s22-127-45,u045,2025-07-02,regular,empirical,120,0.017386091127098324,0,0.0003022761646797671,0.017539004174862385
s22-127-45,u045,2025-07-02,regular,hazard,30,0.0009629278537423014,0,9.272300515127549e-07,0.0009633917666017101
s22-127-45,u045,2025-07-02,regular,hazard,60,0.002504929643324494,0,6.274672518005776e-06,0.0025080722286505387
s22-127-45,u045,2025-07-02,regular,hazard,120,0.008968762652536766,0,8.043870351753832e-05,0.00900922411213212
s22-127-45,u045,2025-07-02,regular,hazard_cal,30,0.0013213065714292593,0,1.7458510557021445e-06,0.00132218026665474
s22-127-45,u045,2025-07-02,regular,hazard_cal,60,0.0034066191312616123,0,1.1605053905477622e-05,0.0034124348699752414
s22-127-45,u045,2025-07-02,regular,hazard_cal,120,0.011936939639447197,0,0.00014249052795580578,0.012008756995216155
s22-127-58,u058,2025-07-02,new,empirical,30,0.0011990407673860837,0,1.4376987618538084e-06,0.0011997601919040602
s22-127-58,u058,2025-07-02,new,empirical,60,0.00659472422062346,0,4.349038754607771e-05,0.006616565492129114
s22-127-58,u058,2025-07-02,new,empirical,120,0.017386091127098324,0,0.0003022761646797671,0.017539004174862385
s22-127-58,u058,2025-07-02,new,hazard,30,0.002817465824087151,0,7.938113669899088e-06,0.002821442351832428
s22-127-58,u058,2025-07-02,new,hazard,60,0.007317092811127024,0,5.353984720664677e-05,0.007343994040923511
s22-127-58,u058,2025-07-02,new,hazard,120,0.02601630023822754,0,0.0006768478780855984,0.02636071083716275
s22-127-58,u058,2025-07-02,new,hazard_cal,30,0.003742698080668627,0,1.4007788923040626e-05,0.003749719499973594
s22-127-58,u058,2025-07-02,new,hazard_cal,60,0.009628933797195316,0,9.271636607077021e-05,0.00967559173258407
s22-127-58,u058,2025-07-02,new,hazard_cal,120,0.033446557545827704,0,0.0011186722116663641,0.03401868703144311
s22-127-51,u051,2025-07-02,variable,empirical,30,0.0011990407673860837,0,1.4376987618538084e-06,0.0011997601919040602
s22-127-51,u051,2025-07-02,variable,empirical,60,0.00659472422062346,0,4.349038754607771e-05,0.006616565492129114
s22-127-51,u051,2025-07-02,variable,empirical,120,0.017386091127098324,0,0.0003022761646797671,0.017539004174862385
s22-127-51,u051,2025-07-02,variable,hazard,30,0.0011168223886184325,0,1.247292247719381e-06,0.0011174464994662104
s22-127-51,u051,2025-07-02,variable,hazard,60,0.002904865289852565,0,8.438242352190228e-06,0.0029090925995235504
s22-127-51,u051,2025-07-02,variable,hazard,120,0.010394679324158052,0,0.00010804935825207889,0.010449081325909791
s22-127-51,u051,2025-07-02,variable,hazard_cal,30,0.001525664991662623,0,2.3276536667849116e-06,0.0015268300035920677
s22-127-51,u051,2025-07-02,variable,hazard_cal,60,0.003932792000562291,0,1.5466852919686746e-05,0.003940545762988613
s22-127-51,u051,2025-07-02,variable,hazard_cal,120,0.013770486437167828,0,0.0001896262967162231,0.013866179090690269
s22-128-18,u018,2025-07-03,variable,empirical,30,0.0011990407673860837,0,1.4376987618538084e-06,0.0011997601919040602
s22-128-18,u018,2025-07-03,variable,empirical,60,0.00659472422062346,0,4.349038754607771e-05,0.006616565492129114
s22-128-18,u018,2025-07-03,variable,empirical,120,0.017386091127098324,0,0.0003022761646797671,0.017539004174862385
s22-128-18,u018,2025-07-03,variable,hazard,30,0.0005133617662759216,0,2.6354030307393394e-07,0.0005134935815420008
s22-128-18,u018,2025-07-03,variable,hazard,60,0.001335980971699069,0,1.7848451567419883e-06,0.0013368741899144323
s22-128-18,u018,2025-07-03,variable,hazard,120,0.004791523422552624,0,2.2958696708870408e-05,0.0048030395722339905
s22-128-18,u018,2025-07-03,variable,hazard_cal,30,0.0007178269273524496,0,5.152754976322589e-07,0.0007180846884605568
s22-128-18,u018,2025-07-03,variable,hazard_cal,60,0.0018516999535586054,0,3.4287927180089414e-06,0.0018534164692262309
s22-128-18,u018,2025-07-03,variable,hazard_cal,120,0.0065026304619904,0,4.228420292520548e-05,0.006523864665628076
s22-128-24,u024,2025-07-03,regular,empirical,30,0.0011990407673860837,0,1.4376987618538084e-06,0.0011997601919040602
s22-128-24,u024,2025-07-03,regular,empirical,60,0.00659472422062346,0,4.349038754607771e-05,0.006616565492129114
s22-128-24,u024,2025-07-03,regular,empirical,120,0.017386091127098324,0,0.0003022761646797671,0.017539004174862385
s22-128-24,u024,2025-07-03,regular,hazard,30,0.005258605528310589,0,2.7652932102378692e-05,0.005272480658294593
s22-128-24,u024,2025-07-03,regular,hazard,60,0.013626993548513155,0,0.00018569495317121917,0.013720693228787658
s22-128-24,u024,2025-07-03,regular,hazard,120,0.048010584637115716,0,0.0023050162371976517,0.0492013625688787
s22-128-24,u024,2025-07-03,regular,hazard_cal,30,0.006853064311894919,0,4.696449046296777e-05,0.00687665439514056
s22-128-24,u024,2025-07-03,regular,hazard_cal,60,0.01758278039432848,0,0.00030915416639518194,0.01773919364263872
s22-128-24,u024,2025-07-03,regular,hazard_cal,120,0.0603965191913689,0,0.003647739530433392,0.062297321639925435
s22-128-11,u011,2025-07-03,variable,empirical,30,0.0011990407673860837,0,1.4376987618538084e-06,0.0011997601919040602
s22-128-11,u011,2025-07-03,variable,empirical,60,0.00659472422062346,0,4.349038754607771e-05,0.006616565492129114
s22-128-11,u011,2025-07-03,variable,empirical,120,0.017386091127098324,0,0.0003022761646797671,0.017539004174862385
s22-128-11,u011,2025-07-03,variable,hazard,30,0.004057884128807254,0,1.6466423602825808e-05,0.004066139681561576
s22-128-11,u011,2025-07-03,variable,hazard,60,0.010526806255307886,0,0.00011081364993678923,0.01058260501421563
s22-128-11,u011,2025-07-03,variable,hazard,120,0.03725492527747576,0,0.0013879294574303022,0.037966622142817846
s22-128-11,u011,2025-07-03,variable,hazard_cal,30,0.005330682160012312,0,2.8416172291073532e-05,0.005344940941419848
s22-128-11,u011,2025-07-03,variable,hazard_cal,60,0.013695199687203452,0,0.00018755849447237754,0.013789844043465654
s22-128-11,u011,2025-07-03,variable,hazard_cal,120,0.047300112101198555,0,0.00223730060478595,0.04845533793625037
s22-128-12,u012,2025-07-03,variable,empirical,30,0.0011990407673860837,0,1.4376987618538084e-06,0.0011997601919040602
s22-128-12,u012,2025-07-03,variable,empirical,60,0.00659472422062346,0,4.349038754607771e-05,0.006616565492129114
s22-128-12,u012,2025-07-03,variable,empirical,120,0.017386091127098324,0,0.0003022761646797671,0.017539004174862385
s22-128-12,u012,2025-07-03,variable,hazard,30,0.0008037268887478577,0,6.459769116963112e-07,0.000804050050371099
s22-128-12,u012,2025-07-03,variable,hazard,60,0.0020910876746044194,0,4.372647662882518e-06,0.002093277051087094
s22-128-12,u012,2025-07-03,variable,hazard,120,0.007491519508686095,0,5.612286454902435e-05,0.007519721881665114
s22-128-12,u012,2025-07-03,variable,hazard_cal,30,0.0011088521665940654,0,1.229553127360353e-06,0.0011094673980002478
s22-128-12,u012,2025-07-03,variable,hazard_cal,60,0.0028594000473761705,0,8.176168630934846e-06,0.002863495941421383
s22-128-12,u012,2025-07-03,variable,hazard_cal,120,0.01002716849580576,0,0.00010054410804327956,0.010077779155121721
s22-128-32,u032,2025-07-03,regular,empirical,30,0.0011990407673860837,0,1.4376987618538084e-06,0.0011997601919040602
s22-128-32,u032,2025-07-03,regular,empirical,60,0.00659472422062346,0,4.349038754607771e-05,0.006616565492129114
s22-128-32,u032,2025-07-03,regular,empirical,120,0.017386091127098324,0,0.0003022761646797671,0.017539004174862385
s22-128-32,u032,2025-07-03,regular,hazard,30,0.0012523747942404517,0,1.5684426252488138e-06,0.0012531596709280327
s22-128-32,u032,2025-07-03,regular,hazard,60,0.0032570426441541622,0,1.0608326785838736e-05,0.0032623583530123124
s22-128-32,u032,2025-07-03,regular,hazard,120,0.011648948771468604,0,0.0001356980074802999,0.011717329335063193
s22-128-32,u032,2025-07-03,regular,hazard_cal,30,0.001704954489214261,0,2.9068698102918613e-06,0.0017064095782616763
s22-128-32,u032,2025-07-03,regular,hazard_cal,60,0.004394262414299188,0,1.9309542165722532e-05,0.0044039455626573385
s22-128-32,u032,2025-07-03,regular,hazard_cal,120,0.015376329645230835,0,0.00023643151335880463,0.015495771367310451
s22-128-48,u048,2025-07-03,regular,empirical,30,0.0011990407673860837,0,1.4376987618538084e-06,0.0011997601919040602
s22-128-48,u048,2025-07-03,regular,empirical,60,0.00659472422062346,0,4.349038754607771e-05,0.006616565492129114
s22-128-48,u048,2025-07-03,regular,empirical,120,0.017386091127098324,0,0.0003022761646797671,0.017539004174862385
s22-128-48,u048,2025-07-03,regular,hazard,30,0.003436077870974885,0,1.18066311354033e-05,0.0034419947443224503
s22-128-48,u048,2025-07-03,regular,hazard,60,0.008918710678783692,0,7.954340017185027e-05,0.008958720446885794
s22-128-48,u048,2025-07-03,regular,hazard,120,0.031637417148033586,0,0.0010009261637986895,0.03214869277708967
s22-128-48,u048,2025-07-03,regular,hazard_cal,30,0.004536900025389423,0,2.058346184037855e-05,0.00454722299098475
s22-128-48,u048,2025-07-03,regular,hazard_cal,60,0.011664030276391846,0,0.00013604960228858563,0.011732588710739438
s22-128-48,u048,2025-07-03,regular,hazard_cal,120,0.040399949003135815,0,0.0016321558794559746,0.04123869487272215
s22-128-28,u028,2025-07-03,regular,empirical,30,0.0011990407673860837,0,1.4376987618538084e-06,0.0011997601919040602
s22-128-28,u028,2025-07-03,regular,empirical,60,0.00659472422062346,0,4.349038754607771e-05,0.006616565492129114
s22-128-28,u028,2025-07-03,regular,empirical,120,0.017386091127098324,0,0.0003022761646797671,0.017539004174862385
s22-128-28,u028,2025-07-03,regular,hazard,30,0.0017682756717172232,0,3.126798851186997e-06,0.00176984091660461
s22-128-28,u028,2025-07-03,regular,hazard,60,0.004596616734036552,0,2.1128885399624855e-05,0.004607213662551872
s22-128-28,u028,2025-07-03,regular,hazard,120,0.016408088633475315,0,0.00026922537260398185,0.016544192172769267
s22-128-28,u028,2025-07-03,regular,hazard_cal,30,0.0023823786892414045,0,5.675728218951593e-06,0.0023852210686643844
s22-128-28,u028,2025-07-03,regular,hazard_cal,60,0.006136557160863809,0,3.765733378854889e-05,0.0061554632128199204
s22-128-28,u028,2025-07-03,regular,hazard_cal,120,0.0214204391841738,0,0.0004588352148428884,0.021653186492967824
s22-128-57,u057,2025-07-03,new,empirical,30,0.0011990407673860837,0,1.4376987618538084e-06,0.0011997601919040602
s22-128-57,u057,2025-07-03,new,empirical,60,0.00659472422062346,0,4.349038754607771e-05,0.006616565492129114
s22-128-57,u057,2025-07-03,new,empirical,120,0.017386091127098324,0,0.0003022761646797671,0.017539004174862385
s22-128-57,u057,2025-07-03,new,hazard,30,0.0008566181353960589,0,7.337946298894207e-07,0.0008569852423729722
s22-128-57,u057,2025-07-03,new,hazard,60,0.0022285912630034543,0,4.9666190175353315e-06,0.002231078268211313
s22-128-57,u057,2025-07-03,new,hazard,120,0.007982546972674531,0,6.372105617095532e-05,0.008014578074487112
s22-128-57,u057,2025-07-03,new,hazard_cal,30,0.0011795656997882764,0,1.3913752401170063e-06,0.0011802619349656096
s22-128-57,u057,2025-07-03,new,hazard_cal,60,0.003041559743293676,0,9.251085672024691e-06,0.003046194686820782
s22-128-57,u057,2025-07-03,new,hazard_cal,120,0.010663224855486098,0,0.00011370436431865651,0.010720484449370193
s22-128-50,u050,2025-07-03,variable,empirical,30,0.0011990407673860837,0,1.4376987618538084e-06,0.0011997601919040602
s22-128-50,u050,2025-07-03,variable,empirical,60,0.00659472422062346,0,4.349038754607771e-05,0.006616565492129114
s22-128-50,u050,2025-07-03,variable,empirical,120,0.017386091127098324,0,0.0003022761646797671,0.017539004174862385
s22-128-50,u050,2025-07-03,variable,hazard,30,0.0010813486518226334,0,1.1693149067986268e-06,0.0010819337310971856
s22-128-50,u050,2025-07-03,variable,hazard,60,0.002812687192356167,0,7.911209242044418e-06,0.002816650229911591
s22-128-50,u050,2025-07-03,variable,hazard,120,0.010066177671833265,0,0.00010132793292091458,0.010117184220968686
s22-128-50,u050,2025-07-03,variable,hazard_cal,30,0.0014786392693005856,0,2.1863740887177698e-06,0.0014797335351609462
s22-128-50,u050,2025-07-03,variable,hazard_cal,60,0.0038117290800366854,0,1.4529278579597317e-05,0.0038190122328208035
s22-128-50,u050,2025-07-03,variable,hazard_cal,120,0.013348860977178578,0,0.00017819208938804103,0.013438757932846256
s22-128-51,u051,2025-07-03,variable,empirical,30,0.0011990407673860837,0,1.4376987618538084e-06,0.0011997601919040602
s22-128-51,u051,2025-07-03,variable,empirical,60,0.00659472422062346,0,4.349038754607771e-05,0.006616565492129114
s22-128-51,u051,2025-07-03,variable,empirical,120,0.017386091127098324,0,0.0003022761646797671,0.017539004174862385
s22-128-51,u051,2025-07-03,variable,hazard,30,0.00173127029444764,0,2.997296832436818e-06,0.0017327706748232437
s22-128-51,u051,2025-07-03,variable,hazard,60,0.004500570853922303,0,2.025513801117493e-05,0.004510728912427484
s22-128-51,u051,2025-07-03,variable,hazard,120,0.016067480524850186,0,0.00025816393041644,0.016197962050603042
s22-128-51,u051,2025-07-03,variable,hazard_cal,30,0.0023340126611799406,0,5.447615102548268e-06,0.0023367407144317632
s22-128-51,u051,2025-07-03,variable,hazard_cal,60,0.006012231621883357,0,3.6146929075174185e-05,0.006030377855886767
s22-128-51,u051,2025-07-03,variable,hazard_cal,120,0.020990130771007753,0,0.00044058558978400653,0.02121355557394834
s22-128-21,u021,2025-07-03,regular,empirical,30,0.0011990407673860837,0,1.4376987618538084e-06,0.0011997601919040602
s22-128-21,u021,2025-07-03,regular,empirical,60,0.00659472422062346,0,4.349038754607771e-05,0.006616565492129114
s22-128-21,u021,2025-07-03,regular,empirical,120,0.017386091127098324,0,0.0003022761646797671,0.017539004174862385
s22-128-21,u021,2025-07-03,regular,hazard,30,0.002297974049752849,0,5.280684733337509e-06,0.0023006184440625935
s22-128-21,u021,2025-07-03,regular,hazard,60,0.005970727548466281,0,3.564958745801417e-05,0.005988623612768424
s22-128-21,u021,2025-07-03,regular,hazard,120,0.02127069966920947,0,0.00045244266441770787,0.021500180988084205
s22-128-21,u021,2025-07-03,regular,hazard_cal,30,0.0030715741510799477,0,9.434567765582502e-06,0.0030763011169284856
s22-128-21,u021,2025-07-03,regular,hazard_cal,60,0.00790699119619942,0,6.252050977677513e-05,0.007938417217553872
s22-128-21,u021,2025-07-03,regular,hazard_cal,120,0.02753181043533537,0,0.0007580005858472415,0.027917913983731824
s22-128-22,u022,2025-07-03,variable,empirical,30,0.0011990407673860837,0,1.4376987618538084e-06,0.0011997601919040602
s22-128-22,u022,2025-07-03,variable,empirical,60,0.00659472422062346,0,4.349038754607771e-05,0.006616565492129114
s22-128-22,u022,2025-07-03,variable,empirical,120,0.017386091127098324,0,0.0003022761646797671,0.017539004174862385
s22-128-22,u022,2025-07-03,variable,hazard,30,0.001037008536773687,0,1.0753867053415032e-06,0.0010375466021441098
s22-128-22,u022,2025-07-03,variable,hazard,60,0.0026974616666997075,0,7.276299443314364e-06,0.0027011063721990667
s22-128-22,u022,2025-07-03,variable,hazard,120,0.0096554164944479,0,9.322706768125656e-05,0.009702332266752173
s22-128-22,u022,2025-07-03,variable,hazard_cal,30,0.0014197938300977153,0,2.01581451998354e-06,0.001420802692388412
s22-128-22,u022,2025-07-03,variable,hazard_cal,60,0.0036602233642408777,0,1.339723507613481e-05,0.0036669383724064965
s22-128-22,u022,2025-07-03,variable,hazard_cal,120,0.01282100984957546,0,0.00016437829356291095,0.012903908320020167
s22-128-34,u034,2025-07-03,variable,empirical,30,0.0011990407673860837,0,1.4376987618538084e-06,0.0011997601919040602
s22-128-34,u034,2025-07-03,variable,empirical,60,0.00659472422062346,0,4.349038754607771e-05,0.006616565492129114
s22-128-34,u034,2025-07-03,variable,empirical,120,0.017386091127098324,0,0.0003022761646797671,0.017539004174862385
s22-128-34,u034,2025-07-03,variable,hazard,30,0.000590864408224534,0,3.4912074890652876e-07,0.0005910390373904812
s22-128-34,u034,2025-07-03,variable,hazard,60,0.001537568309506132,0,2.3641163063975448e-06,0.0015387515807217507
s22-128-34,u034,2025-07-03,variable,hazard,120,0.005512908315548182,0,3.039215809564029e-05,0.005528160476266988
s22-128-34,u034,2025-07-03,variable,hazard_cal,30,0.0008227286080517704,0,6.768823625068036e-07,0.000823067234977803
s22-128-34,u034,2025-07-03,variable,hazard_cal,60,0.0021221072844229694,0,4.5033393266010295e-06,0.002124362144687972
s22-128-34,u034,2025-07-03,variable,hazard_cal,120,0.007449390499980724,0,5.549341882120306e-05,0.007477275781270308
s22-128-0,u000,2025-07-03,variable,empirical,30,0.0011990407673860837,0,1.4376987618538084e-06,0.0011997601919040602
s22-128-0,u000,2025-07-03,variable,empirical,60,0.00659472422062346,0,4.349038754607771e-05,0.006616565492129114
s22-128-0,u000,2025-07-03,variable,empirical,120,0.017386091127098324,0,0.0003022761646797671,0.017539004174862385
s22-128-0,u000,2025-07-03,variable,hazard,30,0.004160609453102926,0,1.7310671021249428e-05,0.004169288871425768
s22-128-0,u000,2025-07-03,variable,hazard,60,0.010792298366479991,0,0.00011647370403112669,0.010850957645896145
s22-128-0,u000,2025-07-03,variable,hazard,120,0.03817982854074764,0,0.001457699307400888,0.03892777774542526
s22-128-0,u000,2025-07-03,variable,hazard_cal,30,0.005461433554484585,0,2.9827256470050127e-05,0.005476401705971905
s22-128-0,u000,2025-07-03,variable,hazard_cal,60,0.014029499623949726,0,0.0001968268596984055,0.014128843309775999
s22-128-0,u000,2025-07-03,variable,hazard_cal,120,0.04843197625221529,0,0.002345656323695146,0.049644103736888705
s22-128-37,u037,2025-07-03,regular,empirical,30,0.0011990407673860837,0,1.4376987618538084e-06,0.0011997601919040602
s22-128-37,u037,2025-07-03,regular,empirical,60,0.00659472422062346,0,4.349038754607771e-05,0.006616565492129114
s22-128-37,u037,2025-07-03,regular,empirical,120,0.017386091127098324,0,0.0003022761646797671,0.017539004174862385
s22-128-37,u037,2025-07-03,regular,hazard,30,0.0017256748656617749,0,2.9779537419767848e-06,0.0017271655577461883
s22-128-37,u037,2025-07-03,regular,hazard,60,0.004486047601901411,0,2.0124623086525398e-05,0.004496140108398566
s22-128-37,u037,2025-07-03,regular,hazard,120,0.016015968342759868,0,0.00025651124195628624,0.016145610052168514
s22-128-37,u037,2025-07-03,regular,hazard_cal,30,0.0023266966971660086,0,5.413517520603213e-06,0.0023294076618042953
s22-128-37,u037,2025-07-03,regular,hazard_cal,60,0.005993424912219991,0,3.592114217841921e-05,0.006011457571001913
s22-128-37,u037,2025-07-03,regular,hazard_cal,120,0.020925024926237157,0,0.00043785666816364635,0.02114705606042213
s22-128-52,u052,2025-07-03,variable,empirical,30,0.0011990407673860837,0,1.4376987618538084e-06,0.0011997601919040602
s22-128-52,u052,2025-07-03,variable,empirical,60,0.00659472422062346,0,4.349038754607771e-05,0.006616565492129114
s22-128-52,u052,2025-07-03,variable,empirical,120,0.017386091127098324,0,0.0003022761646797671,0.017539004174862385
s22-128-52,u052,2025-07-03,variable,hazard,30,0.00030493838723688604,0,9.298742001063307e-08,0.00030498489040086486
s22-128-52,u052,2025-07-03,variable,hazard,60,0.0007937248280146525,0,6.299991026068897e-07,0.0007940399943472202
s22-128-52,u052,2025-07-03,variable,hazard,120,0.0028489506506949036,0,8.116519810094914e-06,0.0028530166349618486
s22-128-52,u052,2025-07-03,variable,hazard_cal,30,0.0004330809521018164,0,1.8755911107341578e-07,0.00043317475874224355
s22-128-52,u052,2025-07-03,variable,hazard_cal,60,0.001117452024747001,0,1.2486990276111721e-06,0.0011180768397713865
s22-128-52,u052,2025-07-03,variable,hazard_cal,120,0.0039282176874699815,0,1.543089420015201e-05,0.003935953399589711
s22-128-3,u003,2025-07-03,regular,empirical,30,0.0011990407673860837,0,1.4376987618538084e-06,0.0011997601919040602
s22-128-3,u003,2025-07-03,regular,empirical,60,0.00659472422062346,0,4.349038754607771e-05,0.006616565492129114
s22-128-3,u003,2025-07-03,regular,empirical,120,0.017386091127098324,0,0.0003022761646797671,0.017539004174862385
s22-128-3,u003,2025-07-03,regular,hazard,30,0.001638009458293066,0,2.6830749854575435e-06,0.0016393524625552803
s22-128-3,u003,2025-07-03,regular,hazard,60,0.004258488040124964,0,1.8134720387887353e-05,0.004267581224980316
s22-128-3,u003,2025-07-03,regular,hazard,120,0.01520855847127145,0,0.00023130025077408255,0.015325394717560085
s22-128-3,u003,2025-07-03,regular,hazard_cal,30,0.0022119787432187676,0,4.8928499604516786e-06,0.0022144287818213013
s22-128-3,u003,2025-07-03,regular,hazard_cal,60,0.00569849460478955,0,3.247284076081561e-05,0.005714792972101462
s22-128-3,u003,2025-07-03,regular,hazard_cal,120,0.019903571111004048,0,0.0003961521429707949,0.020104315332663478
s22-128-39,u039,2025-07-03,variable,empirical,30,0.0011990407673860837,0,1.4376987618538084e-06,0.0011997601919040602
s22-128-39,u039,2025-07-03,variable,empirical,60,0.00659472422062346,0,4.349038754607771e-05,0.006616565492129114
s22-128-39,u039,2025-07-03,variable,empirical,120,0.017386091127098324,0,0.0003022761646797671,0.017539004174862385
s22-128-39,u039,2025-07-03,variable,hazard,30,0.0008046332578931503,0,6.47434679707745e-07,0.0008049571489870232
s22-128-39,u039,2025-07-03,variable,hazard,60,0.0020934441102415935,0,4.382508242705217e-06,0.002095638427351286
s22-128-39,u039,2025-07-03,variable,hazard,120,0.007499936029077281,0,5.624904044025149e-05,0.007528201966463455
s22-128-39,u039,2025-07-03,variable,hazard_cal,30,0.0011100651052317057,0,1.2322445378530777e-06,0.001110681683837797
s22-128-39,u039,2025-07-03,variable,hazard_cal,60,0.002862524796761967,0,8.19404821207714e-06,0.002866629656247541
s22-128-39,u039,2025-07-03,variable,hazard_cal,120,0.010038082094282474,0,0.00010076309213155443,0.01008880335526779
s22-128-40,u040,2025-07-03,regular,empirical,30,0.0011990407673860837,0,1.4376987618538084e-06,0.0011997601919040602
s22-128-40,u040,2025-07-03,regular,empirical,60,0.00659472422062346,0,4.349038754607771e-05,0.006616565492129114
s22-128-40,u040,2025-07-03,regular,empirical,120,0.017386091127098324,0,0.0003022761646797671,0.017539004174862385
s22-128-40,u040,2025-07-03,regular,hazard,30,0.001126818784370931,0,1.2697205728111827e-06,0.0011274541219757452
s22-128-40,u040,2025-07-03,regular,hazard,60,0.002930839750280967,0,8.589821641827001e-06,0.0029351430713884007
s22-128-40,u040,2025-07-03,regular,hazard,120,0.010487230468596342,0,0.00010998200290145546,0.01054260898852245
s22-128-40,u040,2025-07-03,regular,hazard_cal,30,0.0015389084583256052,0,2.368239243106091e-06,0.0015400937941854934
s22-128-40,u040,2025-07-03,regular,hazard_cal,60,0.003966884141584415,0,1.573616979275392e-05,0.003974773096438798
s22-128-40,u040,2025-07-03,regular,hazard_cal,120,0.013889193081639495,0,0.0001929096844590624,0.013986550451943013
s22-128-15,u015,2025-07-03,variable,empirical,30,0.0011990407673860837,0,1.4376987618538084e-06,0.0011997601919040602
s22-128-15,u015,2025-07-03,variable,empirical,60,0.00659472422062346,0,4.349038754607771e-05,0.006616565492129114
s22-128-15,u015,2025-07-03,variable,empirical,120,0.017386091127098324,0,0.0003022761646797671,0.017539004174862385
s22-128-15,u015,2025-07-03,variable,hazard,30,0.0007994712286675254,0,6.391542454671627e-07,0.0007997909762209306
s22-128-15,u015,2025-07-03,variable,hazard,60,0.0020800234900671954,0,4.326497719231316e-06,0.002082189743353219
s22-128-15,u015,2025-07-03,variable,hazard,120,0.0074520006062904764,0,5.553231303615363e-05,0.007479905480669684
s22-128-15,u015,2025-07-03,variable,hazard_cal,30,0.001103156522807458,0,1.2169543138126416e-06,0.0011037654478319656
s22-128-15,u015,2025-07-03,variable,hazard_cal,60,0.002844726949125076,0,8.092471415078462e-06,0.002848780874865826
s22-128-15,u015,2025-07-03,variable,hazard_cal,120,0.00997591948482579,0,9.951896956772686e-05,0.010026012396617896
s22-128-29,u029,2025-07-03,regular,empirical,30,0.0011990407673860837,0,1.4376987618538084e-06,0.0011997601919040602
s22-128-29,u029,2025-07-03,regular,empirical,60,0.00659472422062346,0,4.349038754607771e-05,0.006616565492129114
s22-128-29,u029,2025-07-03,regular,empirical,120,0.017386091127098324,0,0.0003022761646797671,0.017539004174862385
s22-128-29,u029,2025-07-03,regular,hazard,30,0.0017280468005551608,0,2.9861457449089278e-06,0.0017295415957265016
s22-128-29,u029,2025-07-03,regular,hazard,60,0.004492204110931208,0,2.017989777426725e-05,0.004502324379399236
s22-128-29,u029,2025-07-03,regular,hazard,120,0.01603780498598384,0,0.00025721118876844806,0.01616780236914234
s22-128-29,u029,2025-07-03,regular,hazard_cal,30,0.0023297980655023753,0,5.427959026018611e-06,0.002332516267744304
s22-128-29,u029,2025-07-03,regular,hazard_cal,60,0.006001397443331391,0,3.601677127282456e-05,0.006019478205154274
s22-128-29,u029,2025-07-03,regular,hazard_cal,120,0.020952624985667523,0,0.000439012493790019,0.021175246392278513
s22-128-53,u053,2025-07-03,regular,empirical,30,0.0011990407673860837,0,1.4376987618538084e-06,0.0011997601919040602
s22-128-53,u053,2025-07-03,regular,empirical,60,0.00659472422062346,0,4.349038754607771e-05,0.006616565492129114
s22-128-53,u053,2025-07-03,regular,empirical,120,0.017386091127098324,0,0.0003022761646797671,0.017539004174862385
s22-128-53,u053,2025-07-03,regular,hazard,30,0.005389523169255894,0,2.9046959991946098e-05,0.005404099044184856
s22-128-53,u053,2025-07-03,regular,hazard,60,0.013964610272221956,0,0.00019501034005504697,0.01406303280477008
s22-128-53,u053,2025-07-03,regular,hazard,120,0.049176027463772476,0,0.0024182816771177048,0.05042633079729442
s22-128-53,u053,2025-07-03,regular,hazard_cal,30,0.007018333549381861,0,4.925700581037899e-05,0.007043077896308035
s22-128-53,u053,2025-07-03,regular,hazard_cal,60,0.018004185103129178,0,0.0003241506812277386,0.018168232452566553
s22-128-53,u053,2025-07-03,regular,hazard_cal,120,0.061807481233609685,0,0.0038201647364430134,0.0638001071481478
s22-128-30,u030,2025-07-03,regular,empirical,30,0.0011990407673860837,0,1.4376987618538084e-06,0.0011997601919040602
s22-128-30,u030,2025-07-03,regular,empirical,60,0.00659472422062346,0,4.349038754607771e-05,0.006616565492129114
s22-128-30,u030,2025-07-03,regular,empirical,120,0.017386091127098324,0,0.0003022761646797671,0.017539004174862385
s22-128-30,u030,2025-07-03,regular,hazard,30,0.0049104382828243365,0,2.4112404129426818e-05,0.004922534098305174
s22-128-30,u030,2025-07-03,regular,hazard,60,0.012728736266842011,0,0.0001620207269508191,0.01281044070024182
s22-128-30,u030,2025-07-03,regular,hazard,120,0.04490422236014113,0,0.002016389185768999,0.04594365280781977
s22-128-30,u030,2025-07-03,regular,hazard_cal,30,0.006412891404787957,0,4.1125176169603255e-05,0.006433542328303236
s22-128-30,u030,2025-07-03,regular,hazard_cal,60,0.016459822975338212,0,0.00027092577237947167,0.016596790920133643
s22-128-30,u030,2025-07-03,regular,hazard_cal,120,0.056628342015327515,0,0.0032067691194049073,0.058294950999335675
s22-128-4,u004,2025-07-03,regular,empirical,30,0.0011990407673860837,0,1.4376987618538084e-06,0.0011997601919040602
s22-128-4,u004,2025-07-03,regular,empirical,60,0.00659472422062346,0,4.349038754607771e-05,0.006616565492129114
s22-128-4,u004,2025-07-03,regular,empirical,120,0.017386091127098324,0,0.0003022761646797671,0.017539004174862385
s22-128-4,u004,2025-07-03,regular,hazard,30,0.008797398779241683,0,7.739422528100305e-05,0.008836324355919946
s22-128-4,u004,2025-07-03,regular,hazard,60,0.022725080493662286,0,0.0005164292834434302,0.022987275011427315
s22-128-4,u004,2025-07-03,regular,hazard,120,0.0790176775846112,0,0.0062437933708655675,0.08231443681397928
s22-128-4,u004,2025-07-03,regular,hazard_cal,30,0.011281990699488653,0,0.00012728331414334847,0.011346115113446008
s22-128-4,u004,2025-07-03,regular,hazard_cal,60,0.02883315859123503,0,0.0008313510343473105,0.029257001137051705
s22-128-4,u004,2025-07-03,regular,hazard_cal,120,0.09749117170823285,0,0.009504528561044142,0.1025768067822057
s22-128-8,u008,2025-07-03,variable,empirical,30,0.0011990407673860837,0,1.4376987618538084e-06,0.0011997601919040602
s22-128-8,u008,2025-07-03,variable,empirical,60,0.00659472422062346,0,4.349038754607771e-05,0.006616565492129114
s22-128-8,u008,2025-07-03,variable,empirical,120,0.017386091127098324,0,0.0003022761646797671,0.017539004174862385
s22-128-8,u008,2025-07-03,variable,hazard,30,0.00047968010599663824,0,2.300930040889461e-07,0.00047979518930226905
s22-128-8,u008,2025-07-03,variable,hazard,60,0.001248364952728176,0,1.558415055200021e-06,0.001249144809353793
s22-128-8,u008,2025-07-03,variable,hazard,120,0.0044778558246030276,0,2.005119278593126e-05,0.004487911450653459
s22-128-8,u008,2025-07-03,variable,hazard_cal,30,0.0006720932098183141,0,4.517092826838844e-07,0.0006723191657076077
s22-128-8,u008,2025-07-03,variable,hazard_cal,60,0.0017337955107581404,0,3.006046873125081e-06,0.0017353002737471115
s22-128-8,u008,2025-07-03,variable,hazard_cal,120,0.006089593482489941,0,3.708314878198397e-05,0.006108210676121335
s22-128-33,u033,2025-07-03,variable,empirical,30,0.0011990407673860837,0,1.4376987618538084e-06,0.0011997601919040602
s22-128-33,u033,2025-07-03,variable,empirical,60,0.00659472422062346,0,4.349038754607771e-05,0.006616565492129114
s22-128-33,u033,2025-07-03,variable,empirical,120,0.017386091127098324,0,0.0003022761646797671,0.017539004174862385
s22-128-33,u033,2025-07-03,variable,hazard,30,0.003460725397975928,0,1.1976620280195644e-05,0.0034667275600067807
s22-128-33,u033,2025-07-03,variable,hazard,60,0.008982487522246618,0,8.06850820873162e-05,0.009023073286842159
s22-128-33,u033,2025-07-03,variable,hazard,120,0.03186070874071878,0,0.001015104761460914,0.03237930612857664
s22-128-33,u033,2025-07-03,variable,hazard_cal,30,0.004568445376068486,0,2.0870693154121532e-05,0.0045789126141487285
s22-128-33,u033,2025-07-03,variable,hazard_cal,60,0.011744804470742998,0,0.0001379404320559847,0.011814319516599621
s22-128-33,u033,2025-07-03,variable,hazard_cal,120,0.04067510824920173,0,0.0016544644310842785,0.041525479667501884
s22-128-35,u035,2025-07-03,regular,empirical,30,0.0011990407673860837,0,1.4376987618538084e-06,0.0011997601919040602
s22-128-35,u035,2025-07-03,regular,empirical,60,0.00659472422062346,0,4.349038754607771e-05,0.006616565492129114
s22-128-35,u035,2025-07-03,regular,empirical,120,0.017386091127098324,0,0.0003022761646797671,0.017539004174862385
s22-128-35,u035,2025-07-03,regular,hazard,30,0.0038314157319897513,0,1.4679746511338561e-05,0.0038387744073553943
s22-128-35,u035,2025-07-03,regular,hazard,60,0.009941328848713349,0,9.883001927826028e-05,0.00999107382035198
s22-128-35,u035,2025-07-03,regular,hazard,120,0.03521274539189434,0,0.0012399374380343761,0.035847663494374564
s22-128-35,u035,2025-07-03,regular,hazard_cal,30,0.005042054639578075,0,2.5422314988490794e-05,0.005054808686200738
s22-128-35,u035,2025-07-03,regular,hazard_cal,60,0.012956974806194066,0,0.00016788319612834774,0.01304164861039968
s22-128-35,u035,2025-07-03,regular,hazard_cal,120,0.044796849301193875,0,0.002006757707313874,0.04583123787896493
s22-128-59,u059,2025-07-03,new,empirical,30,0.0011990407673860837,0,1.4376987618538084e-06,0.0011997601919040602
s22-128-59,u059,2025-07-03,new,empirical,60,0.00659472422062346,0,4.349038754607771e-05,0.006616565492129114
s22-128-59,u059,2025-07-03,new,empirical,120,0.017386091127098324,0,0.0003022761646797671,0.017539004174862385
s22-128-59,u059,2025-07-03,new,hazard,30,0.0010014187872109392,0,1.0028395873790285e-06,0.0010019205420103866
s22-128-59,u059,2025-07-03,new,hazard,60,0.00260496886386008,0,6.785862781680475e-06,0.0026083676991073665
s22-128-59,u059,2025-07-03,new,hazard,120,0.009325594437078366,0,8.696671160486697e-05,0.009369350036660475
s22-128-59,u059,2025-07-03,new,hazard_cal,30,0.0013725062769647245,0,1.8837734803075691e-06,0.0013734490264233129
s22-128-59,u059,2025-07-03,new,hazard_cal,60,0.0035384636310268336,0,1.2520724868099603e-05,0.0035447388008074867
s22-128-59,u059,2025-07-03,new,hazard_cal,120,0.012396631430620864,0,0.0001536764708266571,0.012474110652835697
s22-129-33,u033,2025-07-04,variable,empirical,30,0.0011990407673860837,0,1.4376987618538084e-06,0.0011997601919040602
s22-129-33,u033,2025-07-04,variable,empirical,60,0.00659472422062346,0,4.349038754607771e-05,0.006616565492129114
s22-129-33,u033,2025-07-04,variable,empirical,120,0.017386091127098324,0,0.0003022761646797671,0.017539004174862385
s22-129-33,u033,2025-07-04,variable,hazard,30,0.0033020930166911544,0,1.0903818290880489e-05,0.0033075569574460553
s22-129-33,u033,2025-07-04,variable,hazard,60,0.008571968044638889,0,7.347863615831026e-05,0.00860891867399205
s22-129-33,u033,2025-07-04,variable,hazard,120,0.03042269633411998,0,0.0009255404522380774,0.030895071876411807
s22-129-33,u033,2025-07-04,variable,hazard_cal,30,0.004365293092499667,0,1.9055783783425304e-05,0.004374848803517396
s22-129-33,u033,2025-07-04,variable,hazard_cal,60,0.011224539218428142,0,0.00012599028066603146,0.011288009757402238
s22-129-33,u033,2025-07-04,variable,hazard_cal,120,0.03890170966600148,0,0.001513343014937873,0.039678596018283996
s22-129-51,u051,2025-07-04,variable,empirical,30,0.0011990407673860837,0,1.4376987618538084e-06,0.0011997601919040602
s22-129-51,u051,2025-07-04,variable,empirical,60,0.00659472422062346,0,4.349038754607771e-05,0.006616565492129114
s22-129-51,u051,2025-07-04,variable,empirical,120,0.017386091127098324,1,0.9655300939104832,4.052084752932218
s22-129-51,u051,2025-07-04,variable,hazard,30,0.0013968421577215118,0,1.9511680135880886e-06,0.0013978186511723809
s22-129-51,u051,2025-07-04,variable,hazard,60,0.0036322876197011356,0,1.319351335223414e-05,0.003638900394233025
s22-129-51,u051,2025-07-04,variable,hazard,120,0.012983960823367058,1,0.9742006615919286,4.34404046607515
s22-129-51,u051,2025-07-04,variable,hazard_cal,30,0.0018953872720304243,0,3.592492910974934e-06,0.0018971857914390927
s22-129-51,u051,2025-07-04,variable,hazard_cal,60,0.004884254583661152,0,2.385594283801497e-05,0.00489622153741425
s22-129-51,u051,2025-07-04,variable,hazard_cal,120,0.017079139432898183,1,0.966133418137972,4.069897476381793
s22-129-20,u020,2025-07-04,variable,empirical,30,0.0011990407673860837,0,1.4376987618538084e-06,0.0011997601919040602
s22-129-20,u020,2025-07-04,variable,empirical,60,0.00659472422062346,0,4.349038754607771e-05,0.006616565492129114
s22-129-20,u020,2025-07-04,variable,empirical,120,0.017386091127098324,0,0.0003022761646797671,0.017539004174862385
s22-129-20,u020,2025-07-04,variable,hazard,30,0.000875660888952412,0,7.667819924409284e-07,0.0008760445039093912
s22-129-20,u020,2025-07-04,variable,hazard,60,0.002278094314022483,0,5.189713703581568e-06,0.00228069311850561
s22-129-20,u020,2025-07-04,variable,hazard,120,0.008159275130487864,0,6.657377065499776e-05,0.008192744195684528
s22-129-20,u020,2025-07-04,variable,hazard_cal,30,0.0012049923951000796,0,1.4520066722490263e-06,0.0012057189821827927
s22-129-20,u020,2025-07-04,variable,hazard_cal,60,0.003107053947497662,0,9.653784232660804e-06,0.0031118908612470793
s22-129-20,u020,2025-07-04,variable,hazard_cal,120,0.010891834594157657,0,0.00011863206082648949,0.01095158488082867
s22-129-47,u047,2025-07-04,variable,empirical,30,0.0011990407673860837,0,1.4376987618538084e-06,0.0011997601919040602
s22-129-47,u047,2025-07-04,variable,empirical,60,0.00659472422062346,0,4.349038754607771e-05,0.006616565492129114
s22-129-47,u047,2025-07-04,variable,empirical,120,0.017386091127098324,0,0.0003022761646797671,0.017539004174862385
s22-129-47,u047,2025-07-04,variable,hazard,30,0.0005307775322890285,0,2.8172478878283067e-07,0.0005309184445476666
s22-129-47,u047,2025-07-04,variable,hazard,60,0.0013812824854955164,0,1.9079413047366712e-06,0.0013822373355275874
s22-129-47,u047,2025-07-04,variable,hazard,120,0.004953672711542123,0,2.453887333307709e-05,0.004965982818529189
s22-129-47,u047,2025-07-04,variable,hazard_cal,30,0.0007414387101539743,0,5.497313609147892e-07,0.0007417137117740648
s22-129-47,u047,2025-07-04,variable,hazard_cal,60,0.0019125689169123827,0,3.657919861939405e-06,0.001914400212201516
s22-129-47,u047,2025-07-04,variable,hazard_cal,120,0.006715809950763485,0,4.510210329477384e-05,0.0067384624794264774
s22-129-44,u044,2025-07-04,variable,empirical,30,0.0011990407673860837,0,1.4376987618538084e-06,0.0011997601919040602
s22-129-44,u044,2025-07-04,variable,empirical,60,0.00659472422062346,0,4.349038754607771e-05,0.006616565492129114
s22-129-44,u044,2025-07-04,variable,empirical,120,0.017386091127098324,0,0.0003022761646797671,0.017539004174862385
s22-129-44,u044,2025-07-04,variable,hazard,30,0.0015804125577566497,0,2.4977038527149155e-06,0.0015816627270454576
s22-129-44,u044,2025-07-04,variable,hazard,60,0.004108960036359299,0,1.6883552580397815e-05,0.0041174250087624206
s22-129-44,u044,2025-07-04,variable,hazard,120,0.014677723378111018,0,0.00021543556356434673,0.014786506935483276
s22-129-44,u044,2025-07-04,variable,hazard_cal,30,0.0021365064369638365,0,4.564659755187908e-06,0.0021387920228676956
s22-129-44,u044,2025-07-04,variable,hazard_cal,60,0.005504429035753655,0,3.0298739009647914e-05,0.005519634228196745
s22-129-44,u044,2025-07-04,variable,hazard_cal,120,0.019230985934878375,0,0.0003698308200274899,0.019418306810335316
s22-129-5,u005,2025-07-04,regular,empirical,30,0.0011990407673860837,0,1.4376987618538084e-06,0.0011997601919040602
s22-129-5,u005,2025-07-04,regular,empirical,60,0.00659472422062346,0,4.349038754607771e-05,0.006616565492129114
s22-129-5,u005,2025-07-04,regular,empirical,120,0.017386091127098324,0,0.0003022761646797671,0.017539004174862385
s22-129-5,u005,2025-07-04,regular,hazard,30,0.0006156126744158996,0,3.7897896490149645e-07,0.000615802241702359
s22-129-5,u005,2025-07-04,regular,hazard,60,0.0016019335971231285,0,2.566191249591846e-06,0.001603218064685698
s22-129-5,u005,2025-07-04,regular,hazard,120,0.005743152038590993,0,3.2983795338371875e-05,0.005759707353148988
s22-129-5,u005,2025-07-04,regular,hazard_cal,30,0.0008561360735719337,0,7.329689764711674e-07,0.0008565027673682994
s22-129-5,u005,2025-07-04,regular,hazard_cal,60,0.002208211934871862,0,4.876199949310533e-06,0.002210653630029011
s22-129-5,u005,2025-07-04,regular,hazard_cal,120,0.007750712023112616,0,6.0073536865222457e-05,0.0077809049036114105
s22-129-15,u015,2025-07-04,variable,empirical,30,0.0011990407673860837,0,1.4376987618538084e-06,0.0011997601919040602
s22-129-15,u015,2025-07-04,variable,empirical,60,0.00659472422062346,0,4.349038754607771e-05,0.006616565492129114
s22-129-15,u015,2025-07-04,variable,empirical,120,0.017386091127098324,0,0.0003022761646797671,0.017539004174862385
s22-129-15,u015,2025-07-04,variable,hazard,30,0.0005479342539994603,0,3.0023194670594505e-07,0.0005480844248311472
s22-129-15,u015,2025-07-04,variable,hazard,60,0.001425908795868347,0,2.033215894134719e-06,0.0014269263712435622
s22-129-15,u015,2025-07-04,variable,hazard,120,0.005113384367483875,0,2.614669968962847e-05,0.005126502454985129
s22-129-15,u015,2025-07-04,variable,hazard_cal,30,0.0007646765172247827,0,5.847301759950233e-07,0.0007649690314414547
s22-129-15,u015,2025-07-04,variable,hazard_cal,60,0.001972471332713943,0,3.890643158378319e-06,0.001974419216144088
s22-129-15,u015,2025-07-04,variable,hazard_cal,120,0.006925568677592975,0,4.7963501508056906e-05,0.00694966173151756
s22-129-3,u003,2025-07-04,regular,empirical,30,0.0011990407673860837,0,1.4376987618538084e-06,0.0011997601919040602
s22-129-3,u003,2025-07-04,regular,empirical,60,0.00659472422062346,0,4.349038754607771e-05,0.006616565492129114
s22-129-3,u003,2025-07-04,regular,empirical,120,0.017386091127098324,0,0.0003022761646797671,0.017539004174862385
s22-129-3,u003,2025-07-04,regular,hazard,30,0.0015543575683822919,0,2.4160274503873114e-06,0.001555566835358784
s22-129-3,u003,2025-07-04,regular,hazard,60,0.004041313290643167,0,1.6332213113129102e-05,0.004049501465297993
s22-129-3,u003,2025-07-04,regular,hazard,120,0.014437496758013868,0,0.00020844131263766095,0.014542731526853458
s22-129-3,u003,2025-07-04,regular,hazard_cal,30,0.002102337753200567,0,4.419824028532408e-06,0.0021045507674277452
s22-129-3,u003,2025-07-04,regular,hazard_cal,60,0.005416560959697003,0,2.933913263011372e-05,0.005431283714545095
s22-129-3,u003,2025-07-04,regular,hazard_cal,120,0.018926334967738656,0,0.000358206155311047,0.0191077304600148
s22-129-58,u058,2025-07-04,new,empirical,30,0.0011990407673860837,0,1.4376987618538084e-06,0.0011997601919040602
s22-129-58,u058,2025-07-04,new,empirical,60,0.00659472422062346,0,4.349038754607771e-05,0.006616565492129114
s22-129-58,u058,2025-07-04,new,empirical,120,0.017386091127098324,0,0.0003022761646797671,0.017539004174862385
s22-129-58,u058,2025-07-04,new,hazard,30,0.002153130722377883,0,4.635971907647503e-06,0.0021554520409985513
s22-129-58,u058,2025-07-04,new,hazard,60,0.005595113672948182,0,3.13052970132117e-05,0.005610824953127116
s22-129-58,u058,2025-07-04,new,hazard,120,0.019943432895483726,0,0.0003977405156566624,0.020144987448122473
s22-129-58,u058,2025-07-04,new,hazard_cal,30,0.0028836564161874856,0,8.315474326619253e-06,0.0028878221636678475
s22-129-58,u058,2025-07-04,new,hazard_cal,60,0.007424473787356223,0,5.5122811019139655e-05,0.0074521723763253485
s22-129-58,u058,2025-07-04,new,hazard_cal,120,0.02586923213877601,0,0.0006692171714498817,0.02620972576706021
s22-129-55,u055,2025-07-04,new,empirical,30,0.0011990407673860837,0,1.4376987618538084e-06,0.0011997601919040602
s22-129-55,u055,2025-07-04,new,empirical,60,0.00659472422062346,0,4.349038754607771e-05,0.006616565492129114
s22-129-55,u055,2025-07-04,new,empirical,120,0.017386091127098324,0,0.0003022761646797671,0.017539004174862385
s22-129-55,u055,2025-07-04,new,hazard,30,0.0015535038347685992,0,2.413374164640743e-06,0.0015547117730374985
s22-129-55,u055,2025-07-04,new,hazard,60,0.004039096682769694,0,1.6314302012761144e-05,0.0040472758655453
s22-129-55,u055,2025-07-04,new,hazard,120,0.014429624357042647,0,0.00020821405908535843,0.01453474383504882
s22-129-55,u055,2025-07-04,new,hazard_cal,30,0.0021012178669577164,0,4.415116524422335e-06,0.002103428522475356
s22-129-55,u055,2025-07-04,new,hazard_cal,60,0.005413680974238777,0,2.9307941690834915e-05,0.005428388048706069
s22-129-55,u055,2025-07-04,new,hazard_cal,120,0.018916348375766612,0,0.0003578282358733681,0.01909755126399687
s22-129-54,u054,2025-07-04,new,empirical,30,0.0011990407673860837,0,1.4376987618538084e-06,0.0011997601919040602
s22-129-54,u054,2025-07-04,new,empirical,60,0.00659472422062346,0,4.349038754607771e-05,0.006616565492129114
s22-129-54,u054,2025-07-04,new,empirical,120,0.017386091127098324,0,0.0003022761646797671,0.017539004174862385
s22-129-54,u054,2025-07-04,new,hazard,30,0.0018270772871927798,0,3.3382114133757276e-06,0.001828748428746211
s22-129-54,u054,2025-07-04,new,hazard,60,0.004749220705590584,0,2.255509731041033e-05,0.004760534088292418
s22-129-54,u054,2025-07-04,new,hazard,120,0.016949073395232772,0,0.00028727108895698736,0.017094352847557382
s22-129-54,u054,2025-07-04,new,hazard_cal,30,0.0024591689104163095,0,6.047511729958139e-06,0.00246219763272669
s22-129-54,u054,2025-07-04,new,hazard_cal,60,0.00633392568597313,0,4.011861459543018e-05,0.00635407010047086
s22-129-54,u054,2025-07-04,new,hazard_cal,120,0.022103249892687526,0,0.0004885536558185911,0.022351187007897576
s22-129-49,u049,2025-07-04,regular,empirical,30,0.0011990407673860837,0,1.4376987618538084e-06,0.0011997601919040602
s22-129-49,u049,2025-07-04,regular,empirical,60,0.00659472422062346,0,4.349038754607771e-05,0.006616565492129114
s22-129-49,u049,2025-07-04,regular,empirical,120,0.017386091127098324,0,0.0003022761646797671,0.017539004174862385
s22-129-49,u049,2025-07-04,regular,hazard,30,0.0004832572849239325,0,2.3353760343205089e-07,0.0004833740913588715
s22-129-49,u049,2025-07-04,regular,hazard,60,0.0012576705104585528,0,1.581735112877077e-06,0.0012584620417416285
s22-129-49,u049,2025-07-04,regular,hazard,120,0.004511173747882347,0,2.0350688583582857e-05,0.0045213797979175374
s22-129-49,u049,2025-07-04,regular,hazard_cal,30,0.0006769548499302447,0,4.582678688440801e-07,0.0006771840873260829
s22-129-49,u049,2025-07-04,regular,hazard_cal,60,0.0017463295806919854,0,3.0496670043998457e-06,0.0017478561917637892
s22-129-49,u049,2025-07-04,regular,hazard_cal,120,0.0061335087234758445,0,3.7619929260954285e-05,0.006152395957720879
s22-129-26,u026,2025-07-04,regular,empirical,30,0.0011990407673860837,0,1.4376987618538084e-06,0.0011997601919040602
s22-129-26,u026,2025-07-04,regular,empirical,60,0.00659472422062346,0,4.349038754607771e-05,0.006616565492129114
s22-129-26,u026,2025-07-04,regular,empirical,120,0.017386091127098324,0,0.0003022761646797671,0.017539004174862385
s22-129-26,u026,2025-07-04,regular,hazard,30,0.0035149036080666107,0,1.2354547373999678e-05,0.0035210953950343157
s22-129-26,u026,2025-07-04,regular,hazard,60,0.009122666723183848,0,8.322304814228592e-05,0.009164533063551571
s22-129-26,u026,2025-07-04,regular,hazard,120,0.03235134971689657,0,0.001046609828504944,0.03288622217671906
s22-129-26,u026,2025-07-04,regular,hazard_cal,30,0.004637761169512311,0,2.1508828665436198e-05,0.004648548950870031
s22-129-26,u026,2025-07-04,regular,hazard_cal,60,0.011922276852599722,0,0.00014214068535003515,0.011993917175128321
s22-129-26,u026,2025-07-04,regular,hazard_cal,120,0.04127945135341837,0,0.0017039931040392338,0.04215564526367315
s22-129-27,u027,2025-07-04,regular,empirical,30,0.0011990407673860837,0,1.4376987618538084e-06,0.0011997601919040602
s22-129-27,u027,2025-07-04,regular,empirical,60,0.00659472422062346,0,4.349038754607771e-05,0.006616565492129114
s22-129-27,u027,2025-07-04,regular,empirical,120,0.017386091127098324,0,0.0003022761646797671,0.017539004174862385
s22-129-27,u027,2025-07-04,regular,hazard,30,0.0013853800309173714,0,1.919277830064617e-06,0.001386340557064059
s22-129-27,u027,2025-07-04,regular,hazard,60,0.0036025190106726557,0,1.2978143222257889e-05,0.0036090237091827835
s22-129-27,u027,2025-07-04,regular,hazard,120,0.012878105977433885,0,0.00016584561356601835,0.012961747657815185
s22-129-27,u027,2025-07-04,regular,hazard_cal,30,0.0018803009693109107,0,3.5355317351915505e-06,0.0018820709542627938
s22-129-27,u027,2025-07-04,regular,hazard_cal,60,0.004845442846029613,0,2.3478316374139554e-05,0.004857220063507579
s22-129-27,u027,2025-07-04,regular,hazard_cal,120,0.016944347503940138,0,0.0002871109123342824,0.017089545487322815
s22-129-42,u042,2025-07-04,variable,empirical,30,0.0011990407673860837,0,1.4376987618538084e-06,0.0011997601919040602
s22-129-42,u042,2025-07-04,variable,empirical,60,0.00659472422062346,0,4.349038754607771e-05,0.006616565492129114
s22-129-42,u042,2025-07-04,variable,empirical,120,0.017386091127098324,0,0.0003022761646797671,0.017539004174862385
s22-129-42,u042,2025-07-04,variable,hazard,30,0.001329036730651434,0,1.766338631420652e-06,0.0013299206832576025
s22-129-42,u042,2025-07-04,variable,hazard,60,0.0034561793561347365,0,1.1945175741771921e-05,0.0034621657413329452
s22-129-42,u042,2025-07-04,variable,hazard,120,0.012357600384548584,0,0.0001527102872641953,0.01243459046076033
s22-129-42,u042,2025-07-04,variable,hazard_cal,30,0.0018060867448321805,0,3.2619493298585015e-06,0.001807719685948853
s22-129-42,u042,2025-07-04,variable,hazard_cal,60,0.004654500777058979,0,2.1664377483642636e-05,0.004665366695863005
s22-129-42,u042,2025-07-04,variable,hazard_cal,120,0.016280996994479824,0,0.00026507086313426107,0.016414988762933198
s22-129-8,u008,2025-07-04,variable,empirical,30,0.0011990407673860837,0,1.4376987618538084e-06,0.0011997601919040602
s22-129-8,u008,2025-07-04,variable,empirical,60,0.00659472422062346,0,4.349038754607771e-05,0.006616565492129114
s22-129-8,u008,2025-07-04,variable,empirical,120,0.017386091127098324,0,0.0003022761646797671,0.017539004174862385
s22-129-8,u008,2025-07-04,variable,hazard,30,0.00045392673554744967,0,2.060494812447643e-07,0.0004540297914758128
s22-129-8,u008,2025-07-04,variable,hazard,60,0.001181369205275451,0,1.3956331991731505e-06,0.001182067571948474
s22-129-8,u008,2025-07-04,variable,hazard,120,0.004237955486168232,0,1.7960266702743417e-05,0.0042469610720403785
s22-129-8,u008,2025-07-04,variable,hazard_cal,30,0.0006370598837072139,0,4.058452954290489e-07,0.0006372628925787125
s22-129-8,u008,2025-07-04,variable,hazard_cal,60,0.001643470931657176,0,2.7009967032021064e-06,0.0016448229115048802
s22-129-8,u008,2025-07-04,variable,hazard_cal,120,0.005773080185386803,0,3.332845482690572e-05,0.005789808827732853
s22-129-23,u023,2025-07-04,regular,empirical,30,0.0011990407673860837,0,1.4376987618538084e-06,0.0011997601919040602
s22-129-23,u023,2025-07-04,regular,empirical,60,0.00659472422062346,0,4.349038754607771e-05,0.006616565492129114
s22-129-23,u023,2025-07-04,regular,empirical,120,0.017386091127098324,0,0.0003022761646797671,0.017539004174862385
s22-129-23,u023,2025-07-04,regular,hazard,30,0.002560211480193919,0,6.554682823316738e-06,0.002563494426159995
s22-129-23,u023,2025-07-04,regular,hazard,60,0.00665052442633407,0,4.4229475145266115e-05,0.006672737705319776
s22-129-23,u023,2025-07-04,regular,hazard,120,0.02366913878528254,0,0.0005602281308369662,0.02395375286936779
s22-129-23,u023,2025-07-04,regular,hazard_cal,30,0.003410883019792754,0,1.1634122974710538e-05,0.0034167133427550796
s22-129-23,u023,2025-07-04,regular,hazard_cal,60,0.00877783115207964,0,7.705031973441978e-05,0.008816583251532917
s22-129-23,u023,2025-07-04,regular,hazard_cal,120,0.03052667821166788,0,0.0009318780826387184,0.0310023221733175
s22-130-6,u006,2025-07-07,variable,empirical,30,0.0011990407673860837,0,1.4376987618538084e-06,0.0011997601919040602
s22-130-6,u006,2025-07-07,variable,empirical,60,0.00659472422062346,0,4.349038754607771e-05,0.006616565492129114
s22-130-6,u006,2025-07-07,variable,empirical,120,0.017386091127098324,0,0.0003022761646797671,0.017539004174862385
s22-130-6,u006,2025-07-07,variable,hazard,30,0.0012444193728302633,0,1.5485795754752657e-06,0.0012451943055789311
s22-130-6,u006,2025-07-07,variable,hazard,60,0.003236376107974892,0,1.0474130312270711e-05,0.0032416245000374466
s22-130-6,u006,2025-07-07,variable,hazard,120,0.011575380954490178,0,0.00013398944424157394,0.011642897199825315
s22-130-6,u006,2025-07-07,variable,hazard_cal,30,0.0016944491201671408,0,2.8711578208351974e-06,0.0016958863228181905
s22-130-6,u006,2025-07-07,variable,hazard_cal,60,0.004367226834358973,0,1.9072670222745094e-05,0.0043767910256233234
s22-130-6,u006,2025-07-07,variable,hazard_cal,120,0.015282307730087763,0,0.0002335489295571002,0.015400285722212134
s22-130-24,u024,2025-07-07,regular,empirical,30,0.0011990407673860837,0,1.4376987618538084e-06,0.0011997601919040602
s22-130-24,u024,2025-07-07,regular,empirical,60,0.00659472422062346,0,4.349038754607771e-05,0.006616565492129114
s22-130-24,u024,2025-07-07,regular,empirical,120,0.017386091127098324,0,0.0003022761646797671,0.017539004174862385
s22-130-24,u024,2025-07-07,regular,hazard,30,0.005271810132304711,0,2.779198207107061e-05,0.005285755155274349
s22-130-24,u024,2025-07-07,regular,hazard,60,0.01366104982181826,0,0.00018662428223420073,0.013755220594218822
s22-130-24,u024,2025-07-07,regular,hazard,120,0.048128198031518354,0,0.0023163234457610473,0.04932491505629909
s22-130-24,u024,2025-07-07,regular,hazard_cal,30,0.006869739602774705,0,4.719332220993116e-05,0.006893444892371302
s22-130-24,u024,2025-07-07,regular,hazard_cal,60,0.017625304762829863,0,0.0003106513679826331,0.017782480026491156
s22-130-24,u024,2025-07-07,regular,hazard_cal,120,0.06053897736774605,0,0.0036649677807324686,0.062448948341818016
s22-130-28,u028,2025-07-07,regular,empirical,30,0.0011990407673860837,0,1.4376987618538084e-06,0.0011997601919040602
s22-130-28,u028,2025-07-07,regular,empirical,60,0.00659472422062346,0,4.349038754607771e-05,0.006616565492129114
s22-130-28,u028,2025-07-07,regular,empirical,120,0.017386091127098324,0,0.0003022761646797671,0.017539004174862385
s22-130-28,u028,2025-07-07,regular,hazard,30,0.0020890973594530626,0,4.364327777273759e-06,0.002091282567280056
s22-130-28,u028,2025-07-07,regular,hazard,60,0.0054290285081529666,0,2.9474350542337625e-05,0.005443819240585822
s22-130-28,u028,2025-07-07,regular,hazard,120,0.0193560926670574,0,0.0003746583233357133,0.019545874780326575
s22-130-28,u028,2025-07-07,regular,hazard_cal,30,0.002800457707220927,0,7.84256336993309e-06,0.0028043863252392174
s22-130-28,u028,2025-07-07,regular,hazard_cal,60,0.0072107928848474945,0,5.1995534028167254e-05,0.007236916308010241
s22-130-28,u028,2025-07-07,regular,hazard_cal,120,0.02513224214046983,0,0.0006316295950072075,0.025453450147856656
s22-130-37,u037,2025-07-07,regular,empirical,30,0.0011990407673860837,0,1.4376987618538084e-06,0.0011997601919040602
s22-130-37,u037,2025-07-07,regular,empirical,60,0.00659472422062346,0,4.349038754607771e-05,0.006616565492129114
s22-130-37,u037,2025-07-07,regular,empirical,120,0.017386091127098324,0,0.0003022761646797671,0.017539004174862385
s22-130-37,u037,2025-07-07,regular,hazard,30,0.0017359051515624113,0,3.0133666952209183e-06,0.0017374135808228635
s22-130-37,u037,2025-07-07,regular,hazard,60,0.004512600777418441,0,2.0363565776357514e-05,0.004522813295231905
s22-130-37,u037,2025-07-07,regular,hazard,120,0.016110147530851715,0,0.0002595368534658076,0.01624132674308396
s22-130-37,u037,2025-07-07,regular,hazard_cal,30,0.0023400721397274227,0,5.4759376191284785e-06,0.002342814387410542
s22-130-37,u037,2025-07-07,regular,hazard_cal,60,0.006027808175970595,0,3.633447140629795e-05,0.006046048749063079
s22-130-37,u037,2025-07-07,regular,hazard_cal,120,0.021044051714802392,0,0.0004428521125752775,0.021268634108339433
s22-130-57,u057,2025-07-07,new,empirical,30,0.0011990407673860837,0,1.4376987618538084e-06,0.0011997601919040602
s22-130-57,u057,2025-07-07,new,empirical,60,0.00659472422062346,0,4.349038754607771e-05,0.006616565492129114
s22-130-57,u057,2025-07-07,new,empirical,120,0.017386091127098324,0,0.0003022761646797671,0.017539004174862385
s22-130-57,u057,2025-07-07,new,hazard,30,0.001401156453087804,0,1.9632394060295954e-06,0.001402138990690665
s22-130-57,u057,2025-07-07,new,hazard,60,0.0036434922379191548,0,1.3275035687777131e-05,0.003650145922444989
s22-130-57,u057,2025-07-07,new,hazard,120,0.013023801196724971,0,0.0001696193976118148,0.013109354527083835
s22-130-57,u057,2025-07-07,new,hazard_cal,30,0.0019010647131543212,0,3.6140470436005215e-06,0.0019028740301255316
s22-130-57,u057,2025-07-07,new,hazard_cal,60,0.0048988603704156475,0,2.3998832928828936e-05,0.004910899120409855
s22-130-57,u057,2025-07-07,new,hazard_cal,120,0.017129861046081052,0,0.00029343213945804504,0.017278274424598453
s22-130-42,u042,2025-07-07,variable,empirical,30,0.0011990407673860837,0,1.4376987618538084e-06,0.0011997601919040602
s22-130-42,u042,2025-07-07,variable,empirical,60,0.00659472422062346,0,4.349038754607771e-05,0.006616565492129114
s22-130-42,u042,2025-07-07,variable,empirical,120,0.017386091127098324,0,0.0003022761646797671,0.017539004174862385
s22-130-42,u042,2025-07-07,variable,hazard,30,0.0012003123709452002,0,1.4407497878440877e-06,0.0012010333228084922
s22-130-42,u042,2025-07-07,variable,hazard,60,0.0031217899079073463,0,9.745572229112158e-06,0.003126672859035078
s22-130-42,u042,2025-07-07,variable,hazard,120,0.011167401907442476,0,0.00012471086536234986,0.011230225495505477
s22-130-42,u042,2025-07-07,variable,hazard_cal,30,0.0016361671110185494,0,2.677042815178786e-06,0.0016375070942499298
s22-130-42,u042,2025-07-07,variable,hazard_cal,60,0.004217228915535998,0,1.7785019726032927e-05,0.004226146505909958
s22-130-42,u042,2025-07-07,variable,hazard_cal,120,0.014760528272268147,0,0.0002178731948764273,0.014870548853251361
s22-130-43,u043,2025-07-07,regular,empirical,30,0.0011990407673860837,0,1.4376987618538084e-06,0.0011997601919040602
s22-130-43,u043,2025-07-07,regular,empirical,60,0.00659472422062346,0,4.349038754607771e-05,0.006616565492129114
s22-130-43,u043,2025-07-07,regular,empirical,120,0.017386091127098324,0,0.0003022761646797671,0.017539004174862385
s22-130-43,u043,2025-07-07,regular,hazard,30,0.004704089101977282,0,2.2128454279341435e-05,0.004715188150070117
s22-130-43,u043,2025-07-07,regular,hazard,60,0.012196098388752574,0,0.00014874481590813313,0.012271081084620328
s22-130-43,u043,2025-07-07,regular,hazard,120,0.04305839525619559,0,0.0018540254020387671,0.04401290846740679
s22-130-43,u043,2025-07-07,regular,hazard_cal,30,0.006151547222475018,0,3.7841533230340104e-05,0.006170545943516003
s22-130-43,u043,2025-07-07,regular,hazard_cal,60,0.01579267483032265,0,0.0002494085782963066,0.01591870781258626
s22-130-43,u043,2025-07-07,regular,hazard_cal,120,0.05438397886421764,0,0.0029576171571036713,0.05591868964834239
s22-130-58,u058,2025-07-07,new,empirical,30,0.0011990407673860837,0,1.4376987618538084e-06,0.0011997601919040602
s22-130-58,u058,2025-07-07,new,empirical,60,0.00659472422062346,0,4.349038754607771e-05,0.006616565492129114
s22-130-58,u058,2025-07-07,new,empirical,120,0.017386091127098324,0,0.0003022761646797671,0.017539004174862385
s22-130-58,u058,2025-07-07,new,hazard,30,0.0037188512273952368,0,1.382985445149906e-05,0.003725783346303638
s22-130-58,u058,2025-07-07,new,hazard,60,0.009650232836783568,0,9.312699380413583e-05,0.009697098084443738
s22-130-58,u058,2025-07-07,new,hazard,120,0.034196086414136295,0,0.001169372326043077,0.0347944533808251
s22-130-58,u058,2025-07-07,new,hazard_cal,30,0.004898396396029292,0,2.3994287252632756e-05,0.004910432861996803
s22-130-58,u058,2025-07-07,new,hazard_cal,60,0.012589398597464108,0,0.00015849295704583124,0.01266931653024841
s22-130-58,u058,2025-07-07,new,hazard_cal,120,0.04354847424737407,0,0.0018964696092742025,0.044525170160086974
s22-130-15,u015,2025-07-07,variable,empirical,30,0.0011990407673860837,0,1.4376987618538084e-06,0.0011997601919040602
s22-130-15,u015,2025-07-07,variable,empirical,60,0.00659472422062346,0,4.349038754607771e-05,0.006616565492129114
s22-130-15,u015,2025-07-07,variable,empirical,120,0.017386091127098324,0,0.0003022761646797671,0.017539004174862385
s22-130-15,u015,2025-07-07,variable,hazard,30,0.0004931563740567801,0,2.4320320927283085e-07,0.0004932780156552803
s22-130-15,u015,2025-07-07,variable,hazard,60,0.001283421370162574,0,1.647170413389979e-06,0.001284245660719495
s22-130-15,u015,2025-07-07,variable,hazard,120,0.004603368275997055,0,2.1190999484456098e-05,0.004613996405077181
s22-130-15,u015,2025-07-07,variable,hazard_cal,30,0.000690402805219259,0,4.766560334546221e-07,0.0006906412429877055
s22-130-15,u015,2025-07-07,variable,hazard_cal,60,0.0017809999570692625,0,3.171960847080715e-06,0.0017825878230991034
s22-130-15,u015,2025-07-07,variable,hazard_cal,120,0.006254974202301367,0,3.9124702271455615e-05,0.006274618512715456
s22-130-20,u020,2025-07-07,variable,empirical,30,0.0011990407673860837,0,1.4376987618538084e-06,0.0011997601919040602
s22-130-20,u020,2025-07-07,variable,empirical,60,0.00659472422062346,0,4.349038754607771e-05,0.006616565492129114
s22-130-20,u020,2025-07-07,variable,empirical,120,0.017386091127098324,0,0.0003022761646797671,0.017539004174862385
s22-130-20,u020,2025-07-07,variable,hazard,30,0.0010888852873276456,0,1.1856711689586092e-06,0.0010894785536171825
s22-130-20,u020,2025-07-07,variable,hazard,60,0.0028322715437231194,0,8.021762097383742e-06,0.002836290014165021
s22-130-20,u020,2025-07-07,variable,hazard,120,0.010135979181778776,0,0.00010273807397345275,0.010187697996116052
s22-130-20,u020,2025-07-07,variable,hazard_cal,30,0.0014886340661669495,0,2.216031382952746e-06,0.0014897431827075246
s22-130-20,u020,2025-07-07,variable,hazard_cal,60,0.003837460504103829,0,1.4726103120556813e-05,0.003844842446991975
s22-130-20,u020,2025-07-07,variable,hazard_cal,120,0.013438487763781204,0,0.00018059295337729715,0.013529601447970767
s22-130-59,u059,2025-07-07,new,empirical,30,0.0011990407673860837,0,1.4376987618538084e-06,0.0011997601919040602
s22-130-59,u059,2025-07-07,new,empirical,60,0.00659472422062346,0,4.349038754607771e-05,0.006616565492129114
s22-130-59,u059,2025-07-07,new,empirical,120,0.017386091127098324,0,0.0003022761646797671,0.017539004174862385
s22-130-59,u059,2025-07-07,new,hazard,30,0.0011888739561819461,0,1.4134212836877119e-06,0.0011895812274502898
s22-130-59,u059,2025-07-07,new,hazard,60,0.003092072409234814,0,9.560911783951187e-06,0.003096862742380069
s22-130-59,u059,2025-07-07,new,hazard,120,0.011061571890683464,0,0.00012235837269275853,0.01112320601199807
s22-130-59,u059,2025-07-07,new,hazard_cal,30,0.001621042110795834,0,2.6277775249734127e-06,0.0016223574211995414
s22-130-59,u059,2025-07-07,new,hazard_cal,60,0.004178299828509147,0,1.7458189456919565e-05,0.0041870533148736285
s22-130-59,u059,2025-07-07,new,hazard_cal,120,0.014625074354488898,0,0.00021389279987432886,0.014733075060130664
s22-130-21,u021,2025-07-07,regular,empirical,30,0.0011990407673860837,0,1.4376987618538084e-06,0.0011997601919040602
s22-130-21,u021,2025-07-07,regular,empirical,60,0.00659472422062346,0,4.349038754607771e-05,0.006616565492129114
s22-130-21,u021,2025-07-07,regular,empirical,120,0.017386091127098324,0,0.0003022761646797671,0.017539004174862385
s22-130-21,u021,2025-07-07,regular,hazard,30,0.0027128610521234275,0,7.35961508812823e-06,0.0027165475284423066
s22-130-21,u021,2025-07-07,regular,hazard,60,0.007046089883460671,0,4.964738264580681e-05,0.007071030801133474
s22-130-21,u021,2025-07-07,regular,hazard,120,0.02506257774793863,0,0.0006281328033714686,0.025381992349640267
s22-130-21,u021,2025-07-07,regular,hazard_cal,30,0.0036078938798224103,0,1.3016898248060004e-05,0.0036144180259581574
s22-130-21,u021,2025-07-07,regular,hazard_cal,60,0.009283222374247613,0,8.617821764973149e-05,0.009326580024159438
s22-130-21,u021,2025-07-07,regular,hazard_cal,120,0.03226137160138953,0,0.001040796097602943,0.03279324015026578
s22-130-29,u029,2025-07-07,regular,empirical,30,0.0011990407673860837,0,1.4376987618538084e-06,0.0011997601919040602
s22-130-29,u029,2025-07-07,regular,empirical,60,0.00659472422062346,0,4.349038754607771e-05,0.006616565492129114
s22-130-29,u029,2025-07-07,regular,empirical,120,0.017386091127098324,0,0.0003022761646797671,0.017539004174862385
s22-130-29,u029,2025-07-07,regular,hazard,30,0.0010655129078315229,0,1.1353177567555873e-06,0.0010660809702643203
s22-130-29,u029,2025-07-07,regular,hazard,60,0.0027715363002919213,0,7.681413463835831e-06,0.0027753841182464006
s22-130-29,u029,2025-07-07,regular,hazard,120,0.009919496894138513,0,9.839641863282361e-05,0.00996902289094303
s22-130-29,u029,2025-07-07,regular,hazard_cal,30,0.0014576316120780142,0,2.1246899165291504e-06,0.0014586949905045692
s22-130-29,u029,2025-07-07,regular,hazard_cal,60,0.0037576437675124197,0,1.4119886683524931e-05,0.0037647214466820173
s22-130-29,u029,2025-07-07,regular,hazard_cal,120,0.013160451745626744,0,0.00017319749014897004,0.01324781785561265
s22-130-40,u040,2025-07-07,regular,empirical,30,0.0011990407673860837,0,1.4376987618538084e-06,0.0011997601919040602
s22-130-40,u040,2025-07-07,regular,empirical,60,0.00659472422062346,0,4.349038754607771e-05,0.006616565492129114
s22-130-40,u040,2025-07-07,regular,empirical,120,0.017386091127098324,0,0.0003022761646797671,0.017539004174862385
s22-130-40,u040,2025-07-07,regular,hazard,30,0.0008165461098990079,0,6.667475495912026e-07,0.0008168796652617202
s22-130-40,u040,2025-07-07,regular,hazard,60,0.002124415537865132,0,4.513141377522798e-06,0.0021266753095838965
s22-130-40,u040,2025-07-07,regular,hazard,120,0.0076105518381364146,0,5.792049928096156e-05,0.007639659867265993
s22-130-40,u040,2025-07-07,regular,hazard_cal,30,0.0011260035326974283,0,1.2678839556470884e-06,0.0011266379509581009
s22-130-40,u040,2025-07-07,regular,hazard_cal,60,0.0029035844488842777,0,8.430802651802615e-06,0.002907808027870321
s22-130-40,u040,2025-07-07,regular,hazard_cal,120,0.010181479412139094,0,0.00010366252301981223,0.010233665194812478
s22-130-7,u007,2025-07-07,variable,empirical,30,0.0011990407673860837,0,1.4376987618538084e-06,0.0011997601919040602
s22-130-7,u007,2025-07-07,variable,empirical,60,0.00659472422062346,0,4.349038754607771e-05,0.006616565492129114
s22-130-7,u007,2025-07-07,variable,empirical,120,0.017386091127098324,0,0.0003022761646797671,0.017539004174862385
s22-130-7,u007,2025-07-07,variable,hazard,30,0.0006456832158516779,0,4.169068152325644e-07,0.0006458917590326805
s22-130-7,u007,2025-07-07,variable,hazard,60,0.001680137214443933,0,2.8228610593594185e-06,0.001681550227899736
s22-130-7,u007,2025-07-07,variable,hazard,120,0.006022839515620659,0,3.6274595830921696e-05,0.0060410499694471135
s22-130-7,u007,2025-07-07,variable,hazard_cal,30,0.0008966737960701687,0,8.040238965588865e-07,0.0008970760484958976
s22-130-7,u007,2025-07-07,variable,hazard_cal,60,0.002312687354062537,0,5.348522797640778e-06,0.0023153657457799675
s22-130-7,u007,2025-07-07,variable,hazard_cal,120,0.00811622363269271,0,6.587308605587964e-05,0.00814933948119411
s22-130-9,u009,2025-07-07,variable,empirical,30,0.0011990407673860837,0,1.4376987618538084e-06,0.0011997601919040602
s22-130-9,u009,2025-07-07,variable,empirical,60,0.00659472422062346,0,4.349038754607771e-05,0.006616565492129114
s22-130-9,u009,2025-07-07,variable,empirical,120,0.017386091127098324,0,0.0003022761646797671,0.017539004174862385
s22-130-9,u009,2025-07-07,variable,hazard,30,0.0012417846220184048,0,1.5420290474813924e-06,0.0012425562754265194
s22-130-9,u009,2025-07-07,variable,hazard,60,0.00322953150637606,0,1.0429873750675622e-05,0.0032347576983860456
s22-130-9,u009,2025-07-07,variable,hazard,120,0.011551014871756804,0,0.00013342594456754685,0.011618246071211768
s22-130-9,u009,2025-07-07,variable,hazard_cal,30,0.001690969404442022,0,2.859377526759007e-06,0.0016924007069588182
s22-130-9,u009,2025-07-07,variable,hazard_cal,60,0.004358271671302649,0,1.8994531960879187e-05,0.004367796622240301
s22-130-9,u009,2025-07-07,variable,hazard_cal,120,0.015251162687690889,0,0.00023259796332641478,0.015368657825081964
s22-130-0,u000,2025-07-07,variable,empirical,30,0.0011990407673860837,0,1.4376987618538084e-06,0.0011997601919040602
s22-130-0,u000,2025-07-07,variable,empirical,60,0.00659472422062346,0,4.349038754607771e-05,0.006616565492129114
s22-130-0,u000,2025-07-07,variable,empirical,120,0.017386091127098324,0,0.0003022761646797671,0.017539004174862385
s22-130-0,u000,2025-07-07,variable,hazard,30,0.004171065649927641,0,1.7397788656006294e-05,0.004179788809286006
s22-130-0,u000,2025-07-07,variable,hazard,60,0.01081931950781645,0,0.00011705767461221758,0.010878273962128355
s22-130-0,u000,2025-07-07,variable,hazard,120,0.03827392277715835,0,0.001464893164751881,0.03902561187501817
s22-130-0,u000,2025-07-07,variable,hazard_cal,30,0.005474736709486949,0,2.9972742038203988e-05,0.005489778003709246
s22-130-0,u000,2025-07-07,variable,hazard_cal,60,0.014063508268065683,0,0.00019778226480595182,0.014163336462095494
s22-130-0,u000,2025-07-07,variable,hazard_cal,120,0.04854706178285251,0,0.0023568172077480984,0.049765054092221296
s22-130-10,u010,2025-07-07,regular,empirical,30,0.0011990407673860837,0,1.4376987618538084e-06,0.0011997601919040602
s22-130-10,u010,2025-07-07,regular,empirical,60,0.00659472422062346,0,4.349038754607771e-05,0.006616565492129114
s22-130-10,u010,2025-07-07,regular,empirical,120,0.017386091127098324,0,0.0003022761646797671,0.017539004174862385
s22-130-10,u010,2025-07-07,regular,hazard,30,0.0026976610958751035,0,7.277375388198064e-06,0.002701306340802044
s22-130-10,u010,2025-07-07,regular,hazard,60,0.00700670663581715,0,4.909393788040409e-05,0.007031368872981852
s22-130-10,u010,2025-07-07,regular,hazard,120,0.024923916259938506,0,0.0006212016017324271,0.025239776423640017
s22-130-10,u010,2025-07-07,regular,hazard_cal,30,0.003588292411519589,0,1.2875842430569068e-05,0.0035947457750636004
s22-130-10,u010,2025-07-07,regular,hazard_cal,60,0.009232946676001719,0,8.524730432189119e-05,0.009275834519733508
s22-130-10,u010,2025-07-07,regular,hazard_cal,120,0.03208891736817454,0,0.0010296986178615338,0.03261505270995719
s22-130-36,u036,2025-07-07,variable,empirical,30,0.0011990407673860837,0,1.4376987618538084e-06,0.0011997601919040602
s22-130-36,u036,2025-07-07,variable,empirical,60,0.00659472422062346,0,4.349038754607771e-05,0.006616565492129114
s22-130-36,u036,2025-07-07,variable,empirical,120,0.017386091127098324,0,0.0003022761646797671,0.017539004174862385
s22-130-36,u036,2025-07-07,variable,hazard,30,0.0012281629634895985,0,1.508384264887553e-06,0.0012289177737053038
s22-130-36,u036,2025-07-07,variable,hazard,60,0.0031941444084615522,0,1.02025585021062e-05,0.0031992565766173937
s22-130-36,u036,2025-07-07,variable,hazard,120,0.011425032685033698,0,0.00013053137185408832,0.011490799778274406
s22-130-36,u036,2025-07-07,variable,hazard_cal,30,0.0016729756880670132,0,2.7988476528632962e-06,0.001674376674655816
s22-130-36,u036,2025-07-07,variable,hazard_cal,60,0.004311963372589878,0,1.8593028126556673e-05,0.004321286697529624
s22-130-36,u036,2025-07-07,variable,hazard_cal,120,0.015090095129686176,0,0.00022771097102297847,0.015205109130159053
s22-130-56,u056,2025-07-07,new,empirical,30,0.0011990407673860837,0,1.4376987618538084e-06,0.0011997601919040602
s22-130-56,u056,2025-07-07,new,empirical,60,0.00659472422062346,0,4.349038754607771e-05,0.006616565492129114
s22-130-56,u056,2025-07-07,new,empirical,120,0.017386091127098324,0,0.0003022761646797671,0.017539004174862385
s22-130-56,u056,2025-07-07,new,hazard,30,0.0019328554925209795,0,3.7359303549685185e-06,0.001934725868197664
s22-130-56,u056,2025-07-07,new,hazard,60,0.005023699407662341,0,2.5237555738546953e-05,0.005036360607372418
s22-130-56,u056,2025-07-07,new,hazard,120,0.01792150280079463,0,0.0003211802626388898,0.018084037774316167
s22-130-56,u056,2025-07-07,new,hazard_cal,30,0.0025971177660307765,0,6.745020690632691e-06,0.0026004961269779575
s22-130-56,u056,2025-07-07,new,hazard_cal,60,0.006688418800580798,0,4.4734946051962676e-05,0.006710886511954034
s22-130-56,u056,2025-07-07,new,hazard_cal,120,0.023328690155320686,0,0.0005442277843629563,0.0236051115432543
s22-130-33,u033,2025-07-07,variable,empirical,30,0.0011990407673860837,0,1.4376987618538084e-06,0.0011997601919040602
s22-130-33,u033,2025-07-07,variable,empirical,60,0.00659472422062346,0,4.349038754607771e-05,0.006616565492129114
s22-130-33,u033,2025-07-07,variable,empirical,120,0.017386091127098324,0,0.0003022761646797671,0.017539004174862385
s22-130-33,u033,2025-07-07,variable,hazard,30,0.003474137405235611,0,1.2069630710457225e-05,0.0034801862342965224
s22-130-33,u033,2025-07-07,variable,hazard,60,0.009017190648963447,0,8.130972719975383e-05,0.009058091572498494
s22-130-33,u033,2025-07-07,variable,hazard,120,0.03198219177011363,0,0.0010228605904203242,0.032504794943080714
s22-130-33,u033,2025-07-07,variable,hazard_cal,30,0.004585607890976617,0,2.1027799729787022e-05,0.004596154043538803
s22-130-33,u033,2025-07-07,variable,hazard_cal,60,0.01178874846363065,0,0.000138974590338754,0.01185878674543635
s22-130-33,u033,2025-07-07,variable,hazard_cal,120,0.0408247781105604,0,0.0016666625077764916,0.04168150766103514
s22-130-46,u046,2025-07-07,variable,empirical,30,0.0011990407673860837,0,1.4376987618538084e-06,0.0011997601919040602
s22-130-46,u046,2025-07-07,variable,empirical,60,0.00659472422062346,0,4.349038754607771e-05,0.006616565492129114
s22-130-46,u046,2025-07-07,variable,empirical,120,0.017386091127098324,0,0.0003022761646797671,0.017539004174862385
s22-130-46,u046,2025-07-07,variable,hazard,30,0.0007875139282826904,0,6.201781872392345e-07,0.0007878241802721794
s22-130-46,u046,2025-07-07,variable,hazard,60,0.002048935551055231,0,4.198136892378003e-06,0.0020510374911520517
s22-130-46,u046,2025-07-07,variable,hazard,120,0.007340954334389083,0,5.388961053958586e-05,0.007368031737028103
s22-130-46,u046,2025-07-07,variable,hazard_cal,30,0.0010871483258428905,0,1.1818914823829996e-06,0.0010877397002307184
s22-130-46,u046,2025-07-07,variable,hazard_cal,60,0.0028034858973084997,0,7.859533176407644e-06,0.002807423024071292
s22-130-46,u046,2025-07-07,variable,hazard_cal,120,0.009831864733948037,0,9.66655641466511e-05,0.009880516671522293
s22-130-39,u039,2025-07-07,variable,empirical,30,0.0011990407673860837,0,1.4376987618538084e-06,0.0011997601919040602
s22-130-39,u039,2025-07-07,variable,empirical,60,0.00659472422062346,0,4.349038754607771e-05,0.006616565492129114
s22-130-39,u039,2025-07-07,variable,empirical,120,0.017386091127098324,0,0.0003022761646797671,0.017539004174862385
s22-130-39,u039,2025-07-07,variable,hazard,30,0.0008055647194884497,0,6.489345172845046e-07,0.0008058893611053563
s22-130-39,u039,2025-07-07,variable,hazard,60,0.002095865778821815,0,4.3926533628363725e-06,0.0020980651791391402
s22-130-39,u039,2025-07-07,variable,hazard,120,0.0075085854830331256,0,5.63788559560158e-05,0.007536916818944825
s22-130-39,u039,2025-07-07,variable,hazard_cal,30,0.0011113115805828633,0,1.2350134291375818e-06,0.0011119295451739945
s22-130-39,u039,2025-07-07,variable,hazard_cal,60,0.002865735935828173,0,8.212442453896975e-06,0.002869850018852076
s22-130-39,u039,2025-07-07,variable,hazard_cal,120,0.010049297320039341,0,0.00010098837662654988,0.010100132366094207
s22-130-23,u023,2025-07-07,regular,empirical,30,0.0011990407673860837,0,1.4376987618538084e-06,0.0011997601919040602
s22-130-23,u023,2025-07-07,regular,empirical,60,0.00659472422062346,0,4.349038754607771e-05,0.006616565492129114
s22-130-23,u023,2025-07-07,regular,empirical,120,0.017386091127098324,0,0.0003022761646797671,0.017539004174862385
s22-130-23,u023,2025-07-07,regular,hazard,30,0.004417969884146333,0,1.9518457897223964e-05,0.004427757952661753
s22-130-23,u023,2025-07-07,regular,hazard,60,0.011457227522863489,0,0.00013126806251066063,0.011523367224496423
s22-130-23,u023,2025-07-07,regular,hazard,120,0.04049312082970391,0,0.0016396928345290007,0.04133579402355809
s22-130-23,u023,2025-07-07,regular,hazard_cal,30,0.005788566130191186,0,3.3507497843596564e-05,0.0058053848145629226
s22-130-23,u023,2025-07-07,regular,hazard_cal,60,0.014865560660782262,0,0.00022098489375939716,0.01497716048470229
s22-130-23,u023,2025-07-07,regular,hazard_cal,120,0.05125800095911093,0,0.002627382662324217,0.05261838346633984
s22-130-5,u005,2025-07-07,regular,empirical,30,0.0011990407673860837,0,1.4376987618538084e-06,0.0011997601919040602
s22-130-5,u005,2025-07-07,regular,empirical,60,0.00659472422062346,0,4.349038754607771e-05,0.006616565492129114
s22-130-5,u005,2025-07-07,regular,empirical,120,0.017386091127098324,0,0.0003022761646797671,0.017539004174862385
s22-130-5,u005,2025-07-07,regular,hazard,30,0.0008986260799270784,0,8.07528831525108e-07,0.0008990300863948068
s22-130-5,u005,2025-07-07,regular,hazard,60,0.0023377917837628104,0,5.4652704242289025e-06,0.002340528685344311
s22-130-5,u005,2025-07-07,regular,hazard,120,0.008372364027101398,0,7.009647940230154e-05,0.008407609127881214
s22-130-5,u005,2025-07-07,regular,hazard_cal,30,0.0012356343002853931,0,1.526792124041773e-06,0.0012363983257830035
s22-130-5,u005,2025-07-07,regular,hazard_cal,60,0.0031859776135423346,0,1.0150453353992909e-05,0.003191063645748801
s22-130-5,u005,2025-07-07,regular,hazard_cal,120,0.011167264306638836,0,0.00012470779209432974,0.011230086340713926
s22-130-16,u016,2025-07-07,variable,empirical,30,0.0011990407673860837,0,1.4376987618538084e-06,0.0011997601919040602
s22-130-16,u016,2025-07-07,variable,empirical,60,0.00659472422062346,0,4.349038754607771e-05,0.006616565492129114
s22-130-16,u016,2025-07-07,variable,empirical,120,0.017386091127098324,0,0.0003022761646797671,0.017539004174862385
s22-130-16,u016,2025-07-07,variable,hazard,30,0.0016657498925013448,0,2.7747227043682417e-06,0.001667138796445551
s22-130-16,u016,2025-07-07,variable,hazard,60,0.004330499801329379,0,1.8753228529313794e-05,0.004339903574104768
s22-130-16,u016,2025-07-07,variable,hazard,120,0.015464123028072208,0,0.00023913910102735315,0.015584939746803856
s22-130-16,u016,2025-07-07,variable,hazard_cal,30,0.002248299408308174,0,5.054850229398886e-06,0.0022508306280945222
s22-130-16,u016,2025-07-07,variable,hazard_cal,60,0.005791878467943046,0,3.354585618742228e-05,0.005808716443185125
s22-130-16,u016,2025-07-07,variable,hazard_cal,120,0.020227086240918846,0,0.00040913501779756846,0.02043445482289711
s22-130-47,u047,2025-07-07,variable,empirical,30,0.0011990407673860837,0,1.4376987618538084e-06,0.0011997601919040602
s22-130-47,u047,2025-07-07,variable,empirical,60,0.00659472422062346,0,4.349038754607771e-05,0.006616565492129114
s22-130-47,u047,2025-07-07,variable,empirical,120,0.017386091127098324,0,0.0003022761646797671,0.017539004174862385
s22-130-47,u047,2025-07-07,variable,hazard,30,0.0007732343993828161,0,5.978914363889044e-07,0.000773533499293843
s22-130-47,u047,2025-07-07,variable,hazard,60,0.002011809146999166,0,4.047376043949512e-06,0.0020138355533057717
s22-130-47,u047,2025-07-07,variable,hazard,120,0.007208325496221635,0,5.1959956459478874e-05,0.007234431001419407
s22-130-47,u047,2025-07-07,variable,hazard_cal,30,0.0010680215495800782,0,1.1406700303674315e-06,0.0010685922910075466
s22-130-47,u047,2025-07-07,variable,hazard_cal,60,0.002754209092319715,0,7.5856677242165875e-06,0.002758008904770854
s22-130-47,u047,2025-07-07,variable,hazard_cal,120,0.009659719207448236,0,9.331017516674438e-05,0.009706676938716805
s22-130-54,u054,2025-07-07,new,empirical,30,0.0011990407673860837,0,1.4376987618538084e-06,0.0011997601919040602
s22-130-54,u054,2025-07-07,new,empirical,60,0.00659472422062346,0,4.349038754607771e-05,0.006616565492129114
s22-130-54,u054,2025-07-07,new,empirical,120,0.017386091127098324,0,0.0003022761646797671,0.017539004174862385
s22-130-54,u054,2025-07-07,new,hazard,30,0.0026677233677228074,0,7.116747966694317e-06,0.002671288082900214
s22-130-54,u054,2025-07-07,new,hazard,60,0.006929134522277058,0,4.8012905227811716e-05,0.00695325245037366
s22-130-54,u054,2025-07-07,new,hazard,120,0.024650751974715335,0,0.000607659572918932,0.02495966902084909
s22-130-54,u054,2025-07-07,new,hazard_cal,30,0.0035496754600422564,0,1.2600195871626205e-05,0.0035559905066510434
s22-130-54,u054,2025-07-07,new,hazard_cal,60,0.009133893178527974,0,8.342800459675986e-05,0.009175862941190717
s22-130-54,u054,2025-07-07,new,hazard_cal,120,0.03174907525651882,0,0.0010080037796440957,0.03226400552087777
s22-131-16,u016,2025-07-08,variable,empirical,30,0.0011990407673860837,0,1.4376987618538084e-06,0.0011997601919040602
s22-131-16,u016,2025-07-08,variable,empirical,60,0.00659472422062346,0,4.349038754607771e-05,0.006616565492129114
s22-131-16,u016,2025-07-08,variable,empirical,120,0.017386091127098324,0,0.0003022761646797671,0.017539004174862385
s22-131-16,u016,2025-07-08,variable,hazard,30,0.0011481156131794013,0,1.3181694612263126e-06,0.0011487752028151196
s22-131-16,u016,2025-07-08,variable,hazard,60,0.0029861755061348916,0,8.917244153439976e-06,0.002990643024290556
s22-131-16,u016,2025-07-08,variable,hazard,120,0.010684377296947933,0,0.00011415591822353642,0.010741865103683858
s22-131-16,u016,2025-07-08,variable,hazard_cal,30,0.0015671111646319291,0,2.455837402314041e-06,0.0015683403676995005
s22-131-16,u016,2025-07-08,variable,hazard_cal,60,0.004039482618272916,0,1.6317419823329014e-05,0.004047663366276214
s22-131-16,u016,2025-07-08,variable,hazard_cal,120,0.014141938320462621,0,0.00019999441945976916,0.014242888413694716
s22-131-31,u031,2025-07-08,variable,empirical,30,0.0011990407673860837,0,1.4376987618538084e-06,0.0011997601919040602
s22-131-31,u031,2025-07-08,variable,empirical,60,0.00659472422062346,0,4.349038754607771e-05,0.006616565492129114
s22-131-31,u031,2025-07-08,variable,empirical,120,0.017386091127098324,0,0.0003022761646797671,0.017539004174862385
s22-131-31,u031,2025-07-08,variable,hazard,30,0.0019724280836908026,0,3.890472545332172e-06,0.0019743758816458293
s22-131-31,u031,2025-07-08,variable,hazard,60,0.005126371003462915,0,2.6279679665145376e-05,0.005139555923124598
s22-131-31,u031,2025-07-08,variable,hazard,120,0.01828505056680263,0,0.0003343430742305292,0.018454288292041966
s22-131-31,u031,2025-07-08,variable,hazard_cal,30,0.0026486654698534284,0,7.0154287711938825e-06,0.0026521793904105287
s22-131-31,u031,2025-07-08,variable,hazard_cal,60,0.00682086101005952,0,4.652414491855018e-05,0.006844229404854471
s22-131-31,u031,2025-07-08,variable,hazard_cal,120,0.023786212578192023,0,0.0005657839088149404,0.024073672066228704
s22-131-20,u020,2025-07-08,variable,empirical,30,0.0011990407673860837,0,1.4376987618538084e-06,0.0011997601919040602
s22-131-20,u020,2025-07-08,variable,empirical,60,0.00659472422062346,0,4.349038754607771e-05,0.006616565492129114
s22-131-20,u020,2025-07-08,variable,empirical,120,0.017386091127098324,0,0.0003022761646797671,0.017539004174862385
s22-131-20,u020,2025-07-08,variable,hazard,30,0.0010318514533300682,0,1.064717421739374e-06,0.001032384178534651
s22-131-20,u020,2025-07-08,variable,hazard,60,0.0026840594907304727,0,7.204175349780325e-06,0.0026876680368867283
s22-131-20,u020,2025-07-08,variable,hazard,120,0.009607630880766882,0,9.230657114106541e-05,0.009654081928788857
s22-131-20,u020,2025-07-08,variable,hazard_cal,30,0.0014129447790821592,0,1.9964129487355317e-06,0.0014139439268278217
s22-131-20,u020,2025-07-08,variable,hazard_cal,60,0.0036425885145039416,0,1.3268451085996032e-05,0.003649238894691046
s22-131-20,u020,2025-07-08,variable,hazard_cal,120,0.012759554786535898,0,0.00016280623835061115,0.012841657045586088
s22-131-36,u036,2025-07-08,variable,empirical,30,0.0011990407673860837,0,1.4376987618538084e-06,0.0011997601919040602
s22-131-36,u036,2025-07-08,variable,empirical,60,0.00659472422062346,0,4.349038754607771e-05,0.006616565492129114
s22-131-36,u036,2025-07-08,variable,empirical,120,0.017386091127098324,0,0.0003022761646797671,0.017539004174862385
s22-131-36,u036,2025-07-08,variable,hazard,30,0.0016165377236407874,0,2.613194211953739e-06,0.0016178457305651786
s22-131-36,u036,2025-07-08,variable,hazard,60,0.004202746818728564,0,1.766308082233307e-05,0.0042116031818845755
s22-131-36,u036,2025-07-08,variable,hazard,120,0.015010700138417765,0,0.00022532111864549513,0.015124500953739989
s22-131-36,u036,2025-07-08,variable,hazard_cal,30,0.0021838528146636005,0,4.76921311611413e-06,0.002186240898671121
s22-131-36,u036,2025-07-08,variable,hazard_cal,60,0.005626176072943578,0,3.165385720376282e-05,0.005642062616561227
s22-131-36,u036,2025-07-08,variable,hazard_cal,120,0.01965297528065546,0,0.0003862394373820546,0.019848663142081575
s22-131-38,u038,2025-07-08,regular,empirical,30,0.0011990407673860837,0,1.4376987618538084e-06,0.0011997601919040602
s22-131-38,u038,2025-07-08,regular,empirical,60,0.00659472422062346,0,4.349038754607771e-05,0.006616565492129114
s22-131-38,u038,2025-07-08,regular,empirical,120,0.017386091127098324,0,0.0003022761646797671,0.017539004174862385
s22-131-38,u038,2025-07-08,regular,hazard,30,0.0010387643931996093,0,1.0790314645793525e-06,0.0010393042828430398
s22-131-38,u038,2025-07-08,regular,hazard,60,0.002702024740225295,0,7.300937696789573e-06,0.0027056817981999113
s22-131-38,u038,2025-07-08,regular,hazard,120,0.009671685761314053,0,9.354150546560499e-05,0.009718760286628698
s22-131-38,u038,2025-07-08,regular,hazard_cal,30,0.0014221255228853424,0,2.0224410028419086e-06,0.0014231377031321513
s22-131-38,u038,2025-07-08,regular,hazard_cal,60,0.0036662269286815707,0,1.3441219892589902e-05,0.003672964010114784
s22-131-38,u038,2025-07-08,regular,hazard_cal,120,0.012841930761979481,0,0.00016491518569547488,0.012925101167822238
s22-131-39,u039,2025-07-08,variable,empirical,30,0.0011990407673860837,0,1.4376987618538084e-06,0.0011997601919040602
s22-131-39,u039,2025-07-08,variable,empirical,60,0.00659472422062346,0,4.349038754607771e-05,0.006616565492129114
s22-131-39,u039,2025-07-08,variable,empirical,120,0.017386091127098324,0,0.0003022761646797671,0.017539004174862385
s22-131-39,u039,2025-07-08,variable,hazard,30,0.0009015542256829434,0,8.128000218467717e-07,0.0009019608701202451
s22-131-39,u039,2025-07-08,variable,hazard,60,0.0023454032525623836,0,5.500916417130208e-06,0.0023481580189726103
s22-131-39,u039,2025-07-08,variable,hazard,120,0.008399530352963813,0,7.05521101503604e-05,0.008435005195723468
s22-131-39,u039,2025-07-08,variable,hazard_cal,30,0.0012395395406235021,0,1.5364582727691227e-06,0.0012403084051842424
s22-131-39,u039,2025-07-08,variable,hazard_cal,60,0.0031960359469319632,0,1.0214645774081291e-05,0.0032011541780956497
s22-131-39,u039,2025-07-08,variable,hazard_cal,120,0.011202361722794874,0,0.00012549290816833974,0.011265580755263451
s22-131-6,u006,2025-07-08,variable,empirical,30,0.0011990407673860837,0,1.4376987618538084e-06,0.0011997601919040602
s22-131-6,u006,2025-07-08,variable,empirical,60,0.00659472422062346,0,4.349038754607771e-05,0.006616565492129114
s22-131-6,u006,2025-07-08,variable,empirical,120,0.017386091127098324,0,0.0003022761646797671,0.017539004174862385
s22-131-6,u006,2025-07-08,variable,hazard,30,0.0013832173141354875,0,1.913290138124192e-06,0.001384174842286082
s22-131-6,u006,2025-07-08,variable,hazard,60,0.0035969020899974113,0,1.2937704645027745e-05,0.0036033864961723763
s22-131-6,u006,2025-07-08,variable,hazard,120,0.012858131619383428,0,0.0001653315487413879,0.012941512916711672
s22-131-6,u006,2025-07-08,variable,hazard_cal,30,0.0018774540040521481,0,3.5248335373314433e-06,0.0018792186298358788
s22-131-6,u006,2025-07-08,variable,hazard_cal,60,0.004838118492393684,0,2.3407390546441732e-05,0.004849860074418721
s22-131-6,u006,2025-07-08,variable,hazard_cal,120,0.016918908602786997,0,0.00028624946830945987,0.017063668445724798
s22-131-0,u000,2025-07-08,variable,empirical,30,0.0011990407673860837,0,1.4376987618538084e-06,0.0011997601919040602
s22-131-0,u000,2025-07-08,variable,empirical,60,0.00659472422062346,0,4.349038754607771e-05,0.006616565492129114
s22-131-0,u000,2025-07-08,variable,empirical,120,0.017386091127098324,0,0.0003022761646797671,0.017539004174862385
s22-131-0,u000,2025-07-08,variable,hazard,30,0.004650882584173566,0,2.1630708811768985e-05,0.004661731589950552
s22-131-0,u000,2025-07-08,variable,hazard,60,0.012058727267371894,0,0.00014541290330885841,0.012132023554949111
s22-131-0,u000,2025-07-08,variable,hazard,120,0.042581877290562176,0,0.0018132162735884948,0.04351507311426861
s22-131-0,u000,2025-07-08,variable,hazard_cal,30,0.006084101882197213,0,3.701629571295567e-05,0.0061026854445858265
s22-131-0,u000,2025-07-08,variable,hazard_cal,60,0.01562045321082095,0,0.00024399855851144653,0.015743738018370673
s22-131-0,u000,2025-07-08,variable,hazard_cal,120,0.05380391551177366,0,0.002894861324398078,0.055305453937567854
s22-131-29,u029,2025-07-08,regular,empirical,30,0.0011990407673860837,0,1.4376987618538084e-06,0.0011997601919040602
s22-131-29,u029,2025-07-08,regular,empirical,60,0.00659472422062346,0,4.349038754607771e-05,0.006616565492129114
s22-131-29,u029,2025-07-08,regular,empirical,120,0.017386091127098324,0,0.0003022761646797671,0.017539004174862385
s22-131-29,u029,2025-07-08,regular,hazard,30,0.0008566888485541657,0,7.339157832370622e-07,0.0008570560161596905
s22-131-29,u029,2025-07-08,regular,hazard,60,0.002228775090232449,0,4.96743840284066e-06,0.002231262506048075
s22-131-29,u029,2025-07-08,regular,hazard,120,0.007983203291310192,0,6.373153479038589e-05,0.008015239674593813
s22-131-29,u029,2025-07-08,regular,hazard_cal,30,0.0011796601503798465,0,1.391598070394202e-06,0.0011803564971039002
s22-131-29,u029,2025-07-08,regular,hazard_cal,60,0.0030418030350148895,0,9.252565703825793e-06,0.003046438720815656
s22-131-29,u029,2025-07-08,regular,hazard_cal,120,0.010664074151510605,0,0.00011372247750891664,0.010721342899607144
s22-131-8,u008,2025-07-08,variable,empirical,30,0.0011990407673860837,0,1.4376987618538084e-06,0.0011997601919040602
s22-131-8,u008,2025-07-08,variable,empirical,60,0.00659472422062346,0,4.349038754607771e-05,0.006616565492129114
s22-131-8,u008,2025-07-08,variable,empirical,120,0.017386091127098324,0,0.0003022761646797671,0.017539004174862385
s22-131-8,u008,2025-07-08,variable,hazard,30,0.000537475162176726,0,2.8887954995689787e-07,0.0005376196537277705
s22-131-8,u008,2025-07-08,variable,hazard,60,0.0013987038389087214,0,1.9563724289779944e-06,0.001399682938209673
s22-131-8,u008,2025-07-08,variable,hazard,120,0.005016023891371346,0,2.5160495678808142e-05,0.005028646366660279
s22-131-8,u008,2025-07-08,variable,hazard_cal,30,0.0007505129181292203,0,5.632696402788377e-07,0.0007507946939424394
s22-131-8,u008,2025-07-08,variable,hazard_cal,60,0.0019359607009195035,0,3.747943835504735e-06,0.0019378370949784658
s22-131-8,u008,2025-07-08,variable,hazard_cal,120,0.006797724559205798,0,4.6209059182829655e-05,0.006820934331021535
s22-131-11,u011,2025-07-08,variable,empirical,30,0.0011990407673860837,0,1.4376987618538084e-06,0.0011997601919040602
s22-131-11,u011,2025-07-08,variable,empirical,60,0.00659472422062346,0,4.349038754607771e-05,0.006616565492129114
s22-131-11,u011,2025-07-08,variable,empirical,120,0.017386091127098324,0,0.0003022761646797671,0.017539004174862385
s22-131-11,u011,2025-07-08,variable,hazard,30,0.002773318134637659,0,7.691293475910104e-06,0.002777170906332059
s22-131-11,u011,2025-07-08,variable,hazard,60,0.00720272418724599,0,5.187923571753841e-05,0.007228789039144418
s22-131-11,u011,2025-07-08,variable,hazard,120,0.025613902192280102,0,0.0006560719855156914,0.025947649566996453
s22-131-11,u011,2025-07-08,variable,hazard_cal,30,0.0036858242273640762,0,1.3585300235023989e-05,0.0036926336147677353
s22-131-11,u011,2025-07-08,variable,hazard_cal,60,0.009483088283429031,0,8.992896339130896e-05,0.009528339070489559
s22-131-11,u011,2025-07-08,variable,hazard_cal,120,0.032946703551135936,0,0.0010854852748864332,0.03350166979544623
s22-131-17,u017,2025-07-08,variable,empirical,30,0.0011990407673860837,0,1.4376987618538084e-06,0.0011997601919040602
s22-131-17,u017,2025-07-08,variable,empirical,60,0.00659472422062346,0,4.349038754607771e-05,0.006616565492129114
s22-131-17,u017,2025-07-08,variable,empirical,120,0.017386091127098324,0,0.0003022761646797671,0.017539004174862385
s22-131-17,u017,2025-07-08,variable,hazard,30,0.0006162114578701638,0,3.797165608104727e-07,0.0006164013941818649
s22-131-17,u017,2025-07-08,variable,hazard,60,0.0016034908776716428,0,2.5711829947761752e-06,0.0016047778451133918
s22-131-17,u017,2025-07-08,variable,hazard,120,0.005748722117815186,0,3.3047805987857514e-05,0.005765309622661308
s22-131-17,u017,2025-07-08,variable,hazard_cal,30,0.0008569438585889211,0,7.343527767732688e-07,0.0008573112448785861
s22-131-17,u017,2025-07-08,variable,hazard_cal,60,0.0022102938632113656,0,4.885398961749823e-06,0.002212740168058706
s22-131-17,u017,2025-07-08,variable,hazard_cal,120,0.0077579967859651155,0,6.0186514131045066e-05,0.00778824659655294
s22-131-25,u025,2025-07-08,regular,empirical,30,0.0011990407673860837,0,1.4376987618538084e-06,0.0011997601919040602
s22-131-25,u025,2025-07-08,regular,empirical,60,0.00659472422062346,0,4.349038754607771e-05,0.006616565492129114
s22-131-25,u025,2025-07-08,regular,empirical,120,0.017386091127098324,0,0.0003022761646797671,0.017539004174862385
s22-131-25,u025,2025-07-08,regular,hazard,30,0.006447681761966306,0,4.157260010359293e-05,0.006468557845294257
s22-131-25,u025,2025-07-08,regular,hazard,60,0.016690524634264015,0,0.00027857361256697393,0.016831380950646072
s22-131-25,u025,2025-07-08,regular,hazard,120,0.05854377160776858,0,0.0034273731940625703,0.060327423317538265
s22-131-25,u025,2025-07-08,regular,hazard_cal,30,0.008349662585376616,0,6.971686528963811e-05,0.008384716278739147
s22-131-25,u025,2025-07-08,regular,hazard_cal,60,0.021394325091680155,0,0.0004577171461284951,0.021626501136856872
s22-131-25,u025,2025-07-08,regular,hazard_cal,120,0.0730972146589508,0,0.005343202790896733,0.07590658909779939
s22-131-47,u047,2025-07-08,variable,empirical,30,0.0011990407673860837,0,1.4376987618538084e-06,0.0011997601919040602
s22-131-47,u047,2025-07-08,variable,empirical,60,0.00659472422062346,0,4.349038754607771e-05,0.006616565492129114
s22-131-47,u047,2025-07-08,variable,empirical,120,0.017386091127098324,0,0.0003022761646797671,0.017539004174862385
s22-131-47,u047,2025-07-08,variable,hazard,30,0.001018552209674617,0,1.0374486038330447e-06,0.0010190712864776837
s22-131-47,u047,2025-07-08,variable,hazard,60,0.002649496979697741,0,7.019834245427451e-06,0.0026530131088426867
s22-131-47,u047,2025-07-08,variable,hazard,120,0.009484389259373116,0,8.995363962331213e-05,0.009529652502681446
s22-131-47,u047,2025-07-08,variable,hazard_cal,30,0.0013952774382344213,0,1.9467991296460094e-06,0.001396251744189444
s22-131-47,u047,2025-07-08,variable,hazard_cal,60,0.003597097886011369,0,1.293911320154746e-05,0.003603582999007028
s22-131-47,u047,2025-07-08,variable,hazard_cal,120,0.012601012010613255,0,0.00015878550369161952,0.012681078082563796
s22-131-55,u055,2025-07-08,new,empirical,30,0.0011990407673860837,0,1.4376987618538084e-06,0.0011997601919040602
s22-131-55,u055,2025-07-08,new,empirical,60,0.00659472422062346,0,4.349038754607771e-05,0.006616565492129114
s22-131-55,u055,2025-07-08,new,empirical,120,0.017386091127098324,0,0.0003022761646797671,0.017539004174862385
s22-131-55,u055,2025-07-08,new,hazard,30,0.0029851043887741957,0,8.910848211878965e-06,0.002989568699382498
s22-131-55,u055,2025-07-08,new,hazard,60,0.007751293277173832,0,6.0082547468760245e-05,0.007781490698167785
s22-131-55,u055,2025-07-08,new,hazard,120,0.02754278435466706,0,0.0007586049700076926,0.027929198652339074
s22-131-55,u055,2025-07-08,new,hazard_cal,30,0.0039584122059797,0,1.5669027192449076e-05,0.003966267455973375
s22-131-55,u055,2025-07-08,new,hazard_cal,60,0.010181971168408799,0,0.00010367253687430804,0.010234162009512984
s22-131-55,u055,2025-07-08,new,hazard_cal,120,0.0353401026039597,0,0.001248922852058399,0.03597967769555964
s22-131-12,u012,2025-07-08,variable,empirical,30,0.0011990407673860837,0,1.4376987618538084e-06,0.0011997601919040602
s22-131-12,u012,2025-07-08,variable,empirical,60,0.00659472422062346,0,4.349038754607771e-05,0.006616565492129114
s22-131-12,u012,2025-07-08,variable,empirical,120,0.017386091127098324,0,0.0003022761646797671,0.017539004174862385
s22-131-12,u012,2025-07-08,variable,hazard,30,0.0006456139760745438,0,4.168174061027817e-07,0.0006458224745220995
s22-131-12,u012,2025-07-08,variable,hazard,60,0.001679957149332001,0,2.822256023591703e-06,0.0016813698597608203
s22-131-12,u012,2025-07-08,variable,hazard,120,0.006022195603574643,0,3.6266839887713754e-05,0.006040402155932831
s22-131-12,u012,2025-07-08,variable,hazard_cal,30,0.0008965805211188504,0,8.038566308497494e-07,0.0008969826898366699
s22-131-12,u012,2025-07-08,variable,hazard_cal,60,0.002312446970743398,0,5.3474109925003185e-06,0.002315124805269717
s22-131-12,u012,2025-07-08,variable,hazard_cal,120,0.008115382765007118,0,6.585943742257457e-05,0.008148491733353885
s22-131-44,u044,2025-07-08,variable,empirical,30,0.0011990407673860837,0,1.4376987618538084e-06,0.0011997601919040602
s22-131-44,u044,2025-07-08,variable,empirical,60,0.00659472422062346,0,4.349038754607771e-05,0.006616565492129114
s22-131-44,u044,2025-07-08,variable,empirical,120,0.017386091127098324,0,0.0003022761646797671,0.017539004174862385
s22-131-44,u044,2025-07-08,variable,hazard,30,0.0015800928027722705,0,2.4966932653727294e-06,0.0015813424659676517
s22-131-44,u044,2025-07-08,variable,hazard,60,0.004108129873486632,0,1.6876731057433295e-05,0.004116591421057193
s22-131-44,u044,2025-07-08,variable,hazard,120,0.014674775596277945,0,0.0002153490388011147,0.014783515246881897
s22-131-44,u044,2025-07-08,variable,hazard_cal,30,0.0021360872130337105,0,4.562868581686125e-06,0.002138371901433484
s22-131-44,u044,2025-07-08,variable,hazard_cal,60,0.0055033509929499624,0,3.028687215160334e-05,0.005518550219126355
s22-131-44,u044,2025-07-08,variable,hazard_cal,120,0.019227248666363383,0,0.0003696870912781725,0.019414496268463692
s22-131-19,u019,2025-07-08,regular,empirical,30,0.0011990407673860837,0,1.4376987618538084e-06,0.0011997601919040602
s22-131-19,u019,2025-07-08,regular,empirical,60,0.00659472422062346,0,4.349038754607771e-05,0.006616565492129114
s22-131-19,u019,2025-07-08,regular,empirical,120,0.017386091127098324,0,0.0003022761646797671,0.017539004174862385
s22-131-19,u019,2025-07-08,regular,hazard,30,0.002623867319756501,0,6.8846797116861646e-06,0.0026273156929823432
s22-131-19,u019,2025-07-08,regular,hazard,60,0.006815490906579957,0,4.6450916297674086e-05,0.006838822435707853
s22-131-19,u019,2025-07-08,regular,hazard,120,0.024250453205131972,0,0.0005880844806542956,0.024549337390013495
s22-131-19,u019,2025-07-08,regular,hazard_cal,30,0.00349308083747224,0,1.2201613737115766e-05,0.0034991958887393326
s22-131-19,u019,2025-07-08,regular,hazard_cal,60,0.008988714278759802,0,8.079698438518035e-05,0.009029356501817503
s22-131-19,u019,2025-07-08,regular,hazard_cal,120,0.03125080985002848,0,0.0009766131162826373,0.03174953428915268
s22-131-23,u023,2025-07-08,regular,empirical,30,0.0011990407673860837,0,1.4376987618538084e-06,0.0011997601919040602
s22-131-23,u023,2025-07-08,regular,empirical,60,0.00659472422062346,0,4.349038754607771e-05,0.006616565492129114
s22-131-23,u023,2025-07-08,regular,empirical,120,0.017386091127098324,0,0.0003022761646797671,0.017539004174862385
s22-131-23,u023,2025-07-08,regular,hazard,30,0.0030264404838050707,0,9.15934200201427e-06,0.003031029415898186
s22-131-23,u023,2025-07-08,regular,hazard,60,0.007858337768328671,0,6.175347248114084e-05,0.007889377223856847
s22-131-23,u023,2025-07-08,regular,hazard,120,0.02791881557369391,0,0.0007794602630379337,0.028315954937224205
s22-131-23,u023,2025-07-08,regular,hazard_cal,30,0.004011543970224407,0,1.6092485025043797e-05,0.004019611796257839
s22-131-23,u023,2025-07-08,regular,hazard_cal,60,0.010318155464049683,0,0.00010646433218029833,0.010371756659240405
s22-131-23,u023,2025-07-08,regular,hazard_cal,120,0.035805930022454024,0,0.0012820646247728744,0.0364626872291274
s22-131-40,u040,2025-07-08,regular,empirical,30,0.0011990407673860837,0,1.4376987618538084e-06,0.0011997601919040602
s22-131-40,u040,2025-07-08,regular,empirical,60,0.00659472422062346,0,4.349038754607771e-05,0.006616565492129114
s22-131-40,u040,2025-07-08,regular,empirical,120,0.017386091127098324,0,0.0003022761646797671,0.017539004174862385
s22-131-40,u040,2025-07-08,regular,hazard,30,0.0010690355263758278,0,1.1428369566536432e-06,0.001069607352425389
s22-131-40,u040,2025-07-08,regular,hazard,60,0.002780690306321665,0,7.732238579671274e-06,0.002784563607578661
s22-131-40,u040,2025-07-08,regular,hazard,120,0.009952127514737286,0,9.904484206959095e-05,0.010001980976897418
s22-131-40,u040,2025-07-08,regular,hazard_cal,30,0.0014623055225673198,0,2.1383374413308825e-06,0.0014633757347333291
s22-131-40,u040,2025-07-08,regular,hazard_cal,60,0.003769677167866692,0,1.4210465949935443e-05,0.0037768003077684013
s22-131-40,u040,2025-07-08,regular,hazard_cal,120,0.013202373256528288,0,0.00017430265960469336,0.01329029933238955
s22-131-9,u009,2025-07-08,variable,empirical,30,0.0011990407673860837,0,1.4376987618538084e-06,0.0011997601919040602
s22-131-9,u009,2025-07-08,variable,empirical,60,0.00659472422062346,0,4.349038754607771e-05,0.006616565492129114
s22-131-9,u009,2025-07-08,variable,empirical,120,0.017386091127098324,0,0.0003022761646797671,0.017539004174862385
s22-131-9,u009,2025-07-08,variable,hazard,30,0.0013802889989728007,0,1.905197720685336e-06,0.001381242475316076
s22-131-9,u009,2025-07-08,variable,hazard,60,0.0035892967534041365,0,1.2883051183997474e-05,0.0035957537343068195
s22-131-9,u009,2025-07-08,variable,hazard,120,0.01283108572633096,0,0.0001646367609164541,0.012914115109545973
s22-131-9,u009,2025-07-08,variable,hazard_cal,30,0.0018735990013909465,0,3.510373218013152e-06,0.0018753563834291765
s22-131-9,u009,2025-07-08,variable,hazard_cal,60,0.004828200714313335,0,2.3311522137695802e-05,0.004839894129335103
s22-131-9,u009,2025-07-08,variable,hazard_cal,120,0.01688446139825106,0,0.00028508503670903016,0.017028629015777775
s22-131-26,u026,2025-07-08,regular,empirical,30,0.0011990407673860837,0,1.4376987618538084e-06,0.0011997601919040602
s22-131-26,u026,2025-07-08,regular,empirical,60,0.00659472422062346,0,4.349038754607771e-05,0.006616565492129114
s22-131-26,u026,2025-07-08,regular,empirical,120,0.017386091127098324,0,0.0003022761646797671,0.017539004174862385
s22-131-26,u026,2025-07-08,regular,hazard,30,0.0035189642105639685,0,1.2383109115230094e-05,0.0035251703288044335
s22-131-26,u026,2025-07-08,regular,hazard,60,0.009133172464194539,0,8.341483926072134e-05,0.00917513558351205
s22-131-26,u026,2025-07-08,regular,hazard,120,0.03238811276614517,0,0.001048989848552536,0.03292421504490434
s22-131-26,u026,2025-07-08,regular,hazard_cal,30,0.0046429549639654955,0,2.1557030797411835e-05,0.0046537669587481765
s22-131-26,u026,2025-07-08,regular,hazard_cal,60,0.011935573885705875,0,0.00014245792398114403,0.012007374742552123
s22-131-26,u026,2025-07-08,regular,hazard_cal,120,0.04132471924940484,0,0.0017077324210421308,0.04220286336574768
s22-131-27,u027,2025-07-08,regular,empirical,30,0.0011990407673860837,0,1.4376987618538084e-06,0.0011997601919040602
s22-131-27,u027,2025-07-08,regular,empirical,60,0.00659472422062346,0,4.349038754607771e-05,0.006616565492129114
s22-131-27,u027,2025-07-08,regular,empirical,120,0.017386091127098324,0,0.0003022761646797671,0.017539004174862385
s22-131-27,u027,2025-07-08,regular,hazard,30,0.0022608595904550777,0,5.1114860877527016e-06,0.0022634191921600605
s22-131-27,u027,2025-07-08,regular,hazard,60,0.0058744900583026505,0,3.450963344509668e-05,0.0058918127496595165
s22-131-27,u027,2025-07-08,regular,hazard,120,0.020930773737048325,0,0.0004380972892315119,0.021152927753433564
s22-131-27,u027,2025-07-08,regular,hazard_cal,30,0.0030234580979396908,0,9.141298869997093e-06,0.0030280379810942145
s22-131-27,u027,2025-07-08,regular,hazard_cal,60,0.007783458582501179,0,6.058222750551127e-05,0.007813907799309069
s22-131-27,u027,2025-07-08,regular,hazard_cal,120,0.027106377971836793,0,0.0007347557267520789,0.02748053265163666
s22-131-35,u035,2025-07-08,regular,empirical,30,0.0011990407673860837,0,1.4376987618538084e-06,0.0011997601919040602
s22-131-35,u035,2025-07-08,regular,empirical,60,0.00659472422062346,0,4.349038754607771e-05,0.006616565492129114
s22-131-35,u035,2025-07-08,regular,empirical,120,0.017386091127098324,0,0.0003022761646797671,0.017539004174862385
s22-131-35,u035,2025-07-08,regular,hazard,30,0.004283023452623325,0,1.8344289895721424e-05,0.004292221871663335
s22-131-35,u035,2025-07-08,regular,hazard,60,0.011108611586417183,0,0.00012340125137788209,0.011170772992078576
s22-131-35,u035,2025-07-08,regular,hazard,120,0.039280843873398585,0,0.0015429846954063153,0.040073154006103145
s22-131-35,u035,2025-07-08,regular,hazard_cal,30,0.00561711228867523,0,3.1551950463586284e-05,0.005632947590861634
s22-131-35,u035,2025-07-08,regular,hazard_cal,60,0.014427432025074238,0,0.00020815079483813774,0.014532519407870152
s22-131-35,u035,2025-07-08,regular,hazard_cal,120,0.049777888707219,0,0.0024778382041482807,0.05105952035400723
s22-131-48,u048,2025-07-08,regular,empirical,30,0.0011990407673860837,0,1.4376987618538084e-06,0.0011997601919040602
s22-131-48,u048,2025-07-08,regular,empirical,60,0.00659472422062346,0,4.349038754607771e-05,0.006616565492129114
s22-131-48,u048,2025-07-08,regular,empirical,120,0.017386091127098324,0,0.0003022761646797671,0.017539004174862385
s22-131-48,u048,2025-07-08,regular,hazard,30,0.006207708608878759,0,3.853564617274746e-05,0.006227056544421577
s22-131-48,u048,2025-07-08,regular,hazard,60,0.016072786473968148,0,0.00025833446503777346,0.01620335465966861
s22-131-48,u048,2025-07-08,regular,hazard,120,0.05642742460434835,0,0.003184054247479418,0.05808199567380543
s22-131-48,u048,2025-07-08,regular,hazard_cal,30,0.008048401995156218,0,6.477677467563459e-05,0.008080965221475733
s22-131-48,u048,2025-07-08,regular,hazard_cal,60,0.02062788460751175,0,0.00042550962338082013,0.02084361123165763
s22-131-48,u048,2025-07-08,regular,hazard_cal,120,0.07055434982530728,0,0.004977916279271838,0.0731669456391899
s22-132-34,u034,2025-07-09,variable,empirical,30,0.0011990407673860837,0,1.4376987618538084e-06,0.0011997601919040602
s22-132-34,u034,2025-07-09,variable,empirical,60,0.00659472422062346,0,4.349038754607771e-05,0.006616565492129114
s22-132-34,u034,2025-07-09,variable,empirical,120,0.017386091127098324,0,0.0003022761646797671,0.017539004174862385
s22-132-34,u034,2025-07-09,variable,hazard,30,0.00038442637044988626,0,1.477836342972732e-07,0.0003845002812098053
s22-132-34,u034,2025-07-09,variable,hazard,60,0.0010005530096932613,0,1.0011063252062434e-06,0.0010010538969932677
s22-132-34,u034,2025-07-09,variable,hazard,120,0.003590250573220155,0,1.2889899178507652e-05,0.0035967109904557508
s22-132-34,u034,2025-07-09,variable,hazard_cal,30,0.0005422068987220863,0,2.9398832102182274e-07,0.0005423539460383791
s22-132-34,u034,2025-07-09,variable,hazard_cal,60,0.0013988884859241768,0,1.956888996051236e-06,0.001399867843870457
s22-132-34,u034,2025-07-09,variable,hazard_cal,120,0.004915616080584551,0,2.4163281451701418e-05,0.004927737460324437
s22-132-27,u027,2025-07-09,regular,empirical,30,0.0011990407673860837,0,1.4376987618538084e-06,0.0011997601919040602
s22-132-27,u027,2025-07-09,regular,empirical,60,0.00659472422062346,0,4.349038754607771e-05,0.006616565492129114
s22-132-27,u027,2025-07-09,regular,empirical,120,0.017386091127098324,0,0.0003022761646797671,0.017539004174862385
s22-132-27,u027,2025-07-09,regular,hazard,30,0.0015542824380468945,0,2.4157938972209985e-06,0.0015554915880650127
s22-132-27,u027,2025-07-09,regular,hazard,60,0.00404111822467168,0,1.6330636505773592e-05,0.004049305607824198
s22-132-27,u027,2025-07-09,regular,hazard,120,0.014436803972858292,0,0.00020842130895073696,0.014542028593341067
s22-132-27,u027,2025-07-09,regular,hazard_cal,30,0.002102239201633549,0,4.419409660884861e-06,0.0021044520082404254
s22-132-27,u027,2025-07-09,regular,hazard_cal,60,0.005416307517147723,0,2.9336387120310927e-05,0.005431028891764984
s22-132-27,u027,2025-07-09,regular,hazard_cal,120,0.018925456137621866,0,0.0003581728900170491,0.0191068346763907
s22-132-33,u033,2025-07-09,variable,empirical,30,0.0011990407673860837,0,1.4376987618538084e-06,0.0011997601919040602
s22-132-33,u033,2025-07-09,variable,empirical,60,0.00659472422062346,0,4.349038754607771e-05,0.006616565492129114
s22-132-33,u033,2025-07-09,variable,empirical,120,0.017386091127098324,0,0.0003022761646797671,0.017539004174862385
s22-132-33,u033,2025-07-09,variable,hazard,30,0.0022579047910381567,0,5.098134045393062e-06,0.0022604577016041173
s22-132-33,u033,2025-07-09,variable,hazard,60,0.0058668280120288685,0,3.4419670922726606e-05,0.005884105456495446
s22-132-33,u033,2025-07-09,variable,hazard,120,0.020903706093677754,0,0.0004369649284508605,0.021125281833726067
s22-132-33,u033,2025-07-09,variable,hazard_cal,30,0.0030196263851620664,0,9.118143505966928e-06,0.003024194655546094
s22-132-33,u033,2025-07-09,variable,hazard_cal,60,0.007773620635193712,0,6.0429177779909494e-05,0.007803992727220556
s22-132-33,u033,2025-07-09,variable,hazard_cal,120,0.02707249080502927,0,0.0007329197583883944,0.02744570194056339
s22-132-29,u029,2025-07-09,regular,empirical,30,0.0011990407673860837,0,1.4376987618538084e-06,0.0011997601919040602
s22-132-29,u029,2025-07-09,regular,empirical,60,0.00659472422062346,0,4.349038754607771e-05,0.006616565492129114
s22-132-29,u029,2025-07-09,regular,empirical,120,0.017386091127098324,0,0.0003022761646797671,0.017539004174862385
s22-132-29,u029,2025-07-09,regular,hazard,30,0.001124633361777927,0,1.2648001984239216e-06,0.0011252662364229287
s22-132-29,u029,2025-07-09,regular,hazard,60,0.00292516122609332,0,8.556568198639776e-06,0.0029294478716531337
s22-132-29,u029,2025-07-09,regular,hazard,120,0.010466997578103987,0,0.00010955803830003473,0.010522161871250279
s22-132-29,u029,2025-07-09,regular,hazard_cal,30,0.0015360134632484979,0,2.3593373592806446e-06,0.0015371943413127846
s22-132-29,u029,2025-07-09,regular,hazard_cal,60,0.003959431736377916,0,1.5677099675036643e-05,0.003967291038655562
s22-132-29,u029,2025-07-09,regular,hazard_cal,120,0.013863245259413626,0,0.00019218956912265436,0.013960237505503834
s22-132-3,u003,2025-07-09,regular,empirical,30,0.0011990407673860837,0,1.4376987618538084e-06,0.0011997601919040602
s22-132-3,u003,2025-07-09,regular,empirical,60,0.00659472422062346,0,4.349038754607771e-05,0.006616565492129114
s22-132-3,u003,2025-07-09,regular,empirical,120,0.017386091127098324,0,0.0003022761646797671,0.017539004174862385
s22-132-3,u003,2025-07-09,regular,hazard,30,0.0012538173875787928,0,1.5720580413949087e-06,0.001254604074242521
s22-132-3,u003,2025-07-09,regular,hazard,60,0.003260790171106809,0,1.0632752539986771e-05,0.0032661181327729143
s22-132-3,u003,2025-07-09,regular,hazard,120,0.011662288578042634,0,0.0001360089748775437,0.011730826458966852
s22-132-3,u003,2025-07-09,regular,hazard_cal,30,0.001706859258683635,0,2.9133685289540485e-06,0.0017083176026429585
s22-132-3,u003,2025-07-09,regular,hazard_cal,60,0.004399164287189339,0,1.9352646425682084e-05,0.004408869082854482
s22-132-3,u003,2025-07-09,regular,hazard_cal,120,0.015393376171939477,0,0.00023695602997083405,0.015513084250175826
s22-132-24,u024,2025-07-09,regular,empirical,30,0.0011990407673860837,0,1.4376987618538084e-06,0.0011997601919040602
s22-132-24,u024,2025-07-09,regular,empirical,60,0.00659472422062346,0,4.349038754607771e-05,0.006616565492129114
s22-132-24,u024,2025-07-09,regular,empirical,120,0.017386091127098324,0,0.0003022761646797671,0.017539004174862385
s22-132-24,u024,2025-07-09,regular,hazard,30,0.004006002586000257,0,1.6048056719040746e-05,0.004014048108470746
s22-132-24,u024,2025-07-09,regular,hazard,60,0.010392700535151733,0,0.00010800822441334312,0.010447081753972767
s22-132-24,u024,2025-07-09,regular,hazard,120,0.036787464512166856,0,0.0013533175452339358,0.037481190093835846
s22-132-24,u024,2025-07-09,regular,hazard_cal,30,0.0052646064789433344,0,2.7716081378132135e-05,0.005278513350577289
s22-132-24,u024,2025-07-09,regular,hazard_cal,60,0.013526230636216496,0,0.00018295891522412171,0.01361854346873583
s22-132-24,u024,2025-07-09,regular,hazard_cal,120,0.046727613079317165,0,0.0021834698240903727,0.047854595683425
s22-132-31,u031,2025-07-09,variable,empirical,30,0.0011990407673860837,0,1.4376987618538084e-06,0.0011997601919040602
s22-132-31,u031,2025-07-09,variable,empirical,60,0.00659472422062346,0,4.349038754607771e-05,0.006616565492129114
s22-132-31,u031,2025-07-09,variable,empirical,120,0.017386091127098324,0,0.0003022761646797671,0.017539004174862385
s22-132-31,u031,2025-07-09,variable,hazard,30,0.0013448910416066218,0,1.808731913793744e-06,0.0013457962192313933
s22-132-31,u031,2025-07-09,variable,hazard,60,0.003497359028354463,0,1.2231520173212474e-05,0.003503489085287714
s22-132-31,u031,2025-07-09,variable,hazard,120,0.012504091956331953,0,0.00015635231565240546,0.012582925968693036
s22-132-31,u031,2025-07-09,variable,hazard_cal,30,0.0018269792281133679,0,3.3378530999577173e-06,0.0018286501901821665
s22-132-31,u031,2025-07-09,variable,hazard_cal,60,0.004708256530715049,0,2.2167679559020912e-05,0.004719375284184638
s22-132-31,u031,2025-07-09,variable,hazard_cal,120,0.016467785593447082,0,0.00027118796235174326,0.016604886827679903
s22-132-9,u009,2025-07-09,variable,empirical,30,0.0011990407673860837,0,1.4376987618538084e-06,0.0011997601919040602
s22-132-9,u009,2025-07-09,variable,empirical,60,0.00659472422062346,0,4.349038754607771e-05,0.006616565492129114
s22-132-9,u009,2025-07-09,variable,empirical,120,0.017386091127098324,0,0.0003022761646797671,0.017539004174862385
s22-132-9,u009,2025-07-09,variable,hazard,30,0.0011128461704010828,0,1.2384265989763558e-06,0.0011134658434771038
s22-132-9,u009,2025-07-09,variable,hazard,60,0.0028945334243145604,0,8.378323744474175e-06,0.0028987306875559826
s22-132-9,u009,2025-07-09,variable,hazard,120,0.010357863297572378,0,0.00010728533209119695,0.010411879280806561
s22-132-9,u009,2025-07-09,variable,hazard_cal,30,0.0015203962035525986,0,2.3116046157771548e-06,0.0015215531787162871
s22-132-9,u009,2025-07-09,variable,hazard_cal,60,0.0039192285429218154,0,1.5360352371653058e-05,0.003926928845188776
s22-132-9,u009,2025-07-09,variable,hazard_cal,120,0.013723256178401977,0,0.00018832776013804803,0.013818290513811931
s22-132-17,u017,2025-07-09,variable,empirical,30,0.0011990407673860837,0,1.4376987618538084e-06,0.0011997601919040602
s22-132-17,u017,2025-07-09,variable,empirical,60,0.00659472422062346,0,4.349038754607771e-05,0.006616565492129114
s22-132-17,u017,2025-07-09,variable,empirical,120,0.017386091127098324,0,0.0003022761646797671,0.017539004174862385
s22-132-17,u017,2025-07-09,variable,hazard,30,0.0005823388159015286,0,3.391184965055944e-07,0.000582508441005833
s22-132-17,u017,2025-07-09,variable,hazard,60,0.0015153942886831917,0,2.2964198501736366e-06,0.0015165436599221067
s22-132-17,u017,2025-07-09,variable,hazard,120,0.00543357874437167,0,2.9523777971287613e-05,0.005448394325479708
s22-132-17,u017,2025-07-09,variable,hazard_cal,30,0.0008112103176284302,0,6.580621794268187e-07,0.0008115395267687519
s22-132-17,u017,2025-07-09,variable,hazard_cal,60,0.0020924187814806983,0,4.37821635709317e-06,0.002094610948146854
s22-132-17,u017,2025-07-09,variable,hazard_cal,120,0.0073454792378049305,0,5.3956065233023305e-05,0.007372590113591255
s22-132-21,u021,2025-07-09,regular,empirical,30,0.0011990407673860837,0,1.4376987618538084e-06,0.0011997601919040602
s22-132-21,u021,2025-07-09,regular,empirical,60,0.00659472422062346,0,4.349038754607771e-05,0.006616565492129114
s22-132-21,u021,2025-07-09,regular,empirical,120,0.017386091127098324,0,0.0003022761646797671,0.017539004174862385
s22-132-21,u021,2025-07-09,regular,hazard,30,0.0014876662190359546,0,2.213150779260733e-06,0.001488773893128104
s22-132-21,u021,2025-07-09,regular,hazard,60,0.0038681476829829364,0,1.496256649736626e-05,0.0038756483148472873
s22-132-21,u021,2025-07-09,regular,hazard,120,0.013822337000597429,0,0.00019105700015808474,0.01391875501320533
s22-132-21,u021,2025-07-09,regular,hazard_cal,30,0.0020147978669496913,0,4.059410444665026e-06,0.002016830302595547
s22-132-21,u021,2025-07-09,regular,hazard_cal,60,0.0051914195058155865,0,2.695083648536255e-05,0.005204941744102006
s22-132-21,u021,2025-07-09,regular,hazard_cal,120,0.01814539333602494,0,0.0003292552993190583,0.018312039976386914
s22-132-28,u028,2025-07-09,regular,empirical,30,0.0011990407673860837,0,1.4376987618538084e-06,0.0011997601919040602
s22-132-28,u028,2025-07-09,regular,empirical,60,0.00659472422062346,0,4.349038754607771e-05,0.006616565492129114
s22-132-28,u028,2025-07-09,regular,empirical,120,0.017386091127098324,0,0.0003022761646797671,0.017539004174862385
s22-132-28,u028,2025-07-09,regular,hazard,30,0.0030347367412491,0,9.209627088687207e-06,0.0030393508923139277
s22-132-28,u028,2025-07-09,regular,hazard,60,0.007879820907595314,0,6.209157753577624e-05,0.007911030756490571
s22-132-28,u028,2025-07-09,regular,hazard,120,0.02799426848594333,0,0.0007836790680630798,0.0283935779196831
s22-132-28,u028,2025-07-09,regular,hazard_cal,30,0.004022204915379857,0,1.617813238130588e-05,0.00403031573780262
s22-132-28,u028,2025-07-09,regular,hazard_cal,60,0.01034547944887343,0,0.00010702894502706247,0.010399365897677532
s22-132-28,u028,2025-07-09,regular,hazard_cal,120,0.03589937192286008,0,0.0012887649044558346,0.03655960384729107
s22-132-37,u037,2025-07-09,regular,empirical,30,0.0011990407673860837,0,1.4376987618538084e-06,0.0011997601919040602
s22-132-37,u037,2025-07-09,regular,empirical,60,0.00659472422062346,0,4.349038754607771e-05,0.006616565492129114
s22-132-37,u037,2025-07-09,regular,empirical,120,0.017386091127098324,0,0.0003022761646797671,0.017539004174862385
s22-132-37,u037,2025-07-09,regular,hazard,30,0.001315567456378064,0,1.730717732281049e-06,0.001316433574952481
s22-132-37,u037,2025-07-09,regular,hazard,60,0.0034211936107517715,0,1.1704565722248744e-05,0.003427059275817939
s22-132-37,u037,2025-07-09,regular,hazard,120,0.012233129160109768,0,0.00014964944904792793,0.012308569765742681
s22-132-37,u037,2025-07-09,regular,hazard_cal,30,0.0017883312563596876,0,3.1981286824730188e-06,0.0017899322296994228
s22-132-37,u037,2025-07-09,regular,hazard_cal,60,0.004608814863071187,0,2.124117444206588e-05,0.004619468195720076
s22-132-37,u037,2025-07-09,regular,hazard_cal,120,0.016122226940410544,0,0.0002599262015180995,0.01625360401546335
s22-132-7,u007,2025-07-09,variable,empirical,30,0.0011990407673860837,0,1.4376987618538084e-06,0.0011997601919040602
s22-132-7,u007,2025-07-09,variable,empirical,60,0.00659472422062346,0,4.349038754607771e-05,0.006616565492129114
s22-132-7,u007,2025-07-09,variable,empirical,120,0.017386091127098324,0,0.0003022761646797671,0.017539004174862385
s22-132-7,u007,2025-07-09,variable,hazard,30,0.0007999976440449252,0,6.399962304774309e-07,0.0008003178129277872
s22-132-7,u007,2025-07-09,variable,hazard,60,0.002081392108857716,0,4.33219311081517e-06,0.002083561215777109
s22-132-7,u007,2025-07-09,variable,hazard,120,0.007456889088930163,0,5.560519488460572e-05,0.007484830677920651
s22-132-7,u007,2025-07-09,variable,hazard_cal,30,0.0011038611103799667,0,1.218509351009293e-06,0.0011044708137820192
s22-132-7,u007,2025-07-09,variable,hazard_cal,60,0.0028465421132305435,0,8.102802002395008e-06,0.0028506012190054365
s22-132-7,u007,2025-07-09,variable,hazard_cal,120,0.009982259457997023,0,9.964550388677101e-05,0.010032416274661107
s22-132-8,u008,2025-07-09,variable,empirical,30,0.0011990407673860837,0,1.4376987618538084e-06,0.0011997601919040602
s22-132-8,u008,2025-07-09,variable,empirical,60,0.00659472422062346,0,4.349038754607771e-05,0.006616565492129114
s22-132-8,u008,2025-07-09,variable,empirical,120,0.017386091127098324,0,0.0003022761646797671,0.017539004174862385
s22-132-8,u008,2025-07-09,variable,hazard,30,0.000507583729594252,0,2.576412425488108e-07,0.0005077125938236288
s22-132-8,u008,2025-07-09,variable,hazard,60,0.00132095095520679,0,1.7449114260617309e-06,0.0013218241799959434
s22-132-8,u008,2025-07-09,variable,hazard,120,0.004737721247699778,0,2.244600262090594e-05,0.0047489798230797905
s22-132-8,u008,2025-07-09,variable,hazard_cal,30,0.0007099879542955545,0,5.040828952447863e-07,0.0007102401151043324
s22-132-8,u008,2025-07-09,variable,hazard_cal,60,0.0018314912555431606,0,3.354360219131063e-06,0.0018331704862969236
s22-132-8,u008,2025-07-09,variable,hazard_cal,120,0.006431846088196247,0,4.136864410224536e-05,0.006452619532552441
s22-132-39,u039,2025-07-09,variable,empirical,30,0.0011990407673860837,0,1.4376987618538084e-06,0.0011997601919040602
s22-132-39,u039,2025-07-09,variable,empirical,60,0.00659472422062346,0,4.349038754607771e-05,0.006616565492129114
s22-132-39,u039,2025-07-09,variable,empirical,120,0.017386091127098324,0,0.0003022761646797671,0.017539004174862385
s22-132-39,u039,2025-07-09,variable,hazard,30,0.0006133104900745145,0,3.761497572354412e-07,0.0006134986418873858
s22-132-39,u039,2025-07-09,variable,hazard,60,0.0015959461968503286,0,2.5470442632410275e-06,0.0015972210755877496
s22-132-39,u039,2025-07-09,variable,hazard,120,0.005721736077763273,0,3.2738263743577844e-05,0.005738167918717517
s22-132-39,u039,2025-07-09,variable,hazard_cal,30,0.0008530301058934375,0,7.276603615605693e-07,0.000853394143112079
s22-132-39,u039,2025-07-09,variable,hazard_cal,60,0.0022002068044220113,0,4.840909982224919e-06,0.002202630815616418
s22-132-39,u039,2025-07-09,variable,hazard_cal,120,0.007722701306439039,0,5.964011546847525e-05,0.007752675786537769
s22-132-13,u013,2025-07-09,regular,empirical,30,0.0011990407673860837,0,1.4376987618538084e-06,0.0011997601919040602
s22-132-13,u013,2025-07-09,regular,empirical,60,0.00659472422062346,0,4.349038754607771e-05,0.006616565492129114
s22-132-13,u013,2025-07-09,regular,empirical,120,0.017386091127098324,0,0.0003022761646797671,0.017539004174862385
s22-132-13,u013,2025-07-09,regular,hazard,30,0.0008338289386232711,0,6.952706988856108e-07,0.0008341767673392546
s22-132-13,u013,2025-07-09,regular,hazard,60,0.0021693468329160304,0,4.706065681482811e-06,0.002171703274332722
s22-132-13,u013,2025-07-09,regular,hazard,120,0.00777100823435084,0,6.0388568978348566e-05,0.007801359862928541
s22-132-13,u013,2025-07-09,regular,hazard_cal,30,0.0011491140974276837,0,1.32046320890704e-06,0.0011497748352560736
s22-132-13,u013,2025-07-09,regular,hazard_cal,60,0.0029631184957187306,0,8.780071219670432e-06,0.0029675172227772518
s22-132-13,u013,2025-07-09,regular,hazard_cal,120,0.010389367524592297,0,0.00010793895756105307,0.010443713746331311
s22-132-43,u043,2025-07-09,regular,empirical,30,0.0011990407673860837,0,1.4376987618538084e-06,0.0011997601919040602
s22-132-43,u043,2025-07-09,regular,empirical,60,0.00659472422062346,0,4.349038754607771e-05,0.006616565492129114
s22-132-43,u043,2025-07-09,regular,empirical,120,0.017386091127098324,0,0.0003022761646797671,0.017539004174862385
s22-132-43,u043,2025-07-09,regular,hazard,30,0.0049341594931758825,0,2.4345929904097682e-05,0.0049463726491300606
s22-132-43,u043,2025-07-09,regular,hazard,60,0.012789953871672033,0,0.00016358292003949842,0.01287244949672309
s22-132-43,u043,2025-07-09,regular,hazard,120,0.045116184649916846,0,0.0020354701173653923,0.046165605221786726
s22-132-43,u043,2025-07-09,regular,hazard_cal,30,0.006442911967497245,0,4.151111462091922e-05,0.00646375710865236
s22-132-43,u043,2025-07-09,regular,hazard_cal,60,0.01653643842575614,0,0.00027345379580882417,0.016674691585956726
s22-132-43,u043,2025-07-09,regular,hazard_cal,120,0.05688581340396781,0,0.003235995766631044,0.058567915030291545
s22-132-46,u046,2025-07-09,variable,empirical,30,0.0011990407673860837,0,1.4376987618538084e-06,0.0011997601919040602
s22-132-46,u046,2025-07-09,variable,empirical,60,0.00659472422062346,0,4.349038754607771e-05,0.006616565492129114
s22-132-46,u046,2025-07-09,variable,empirical,120,0.017386091127098324,0,0.0003022761646797671,0.017539004174862385
s22-132-46,u046,2025-07-09,variable,hazard,30,0.000508681777763198,0,2.5875715102832755e-07,0.0005088112002304737
s22-132-46,u046,2025-07-09,variable,hazard,60,0.0013238072457132377,0,1.7524656238028685e-06,0.001324684252602634
s22-132-46,u046,2025-07-09,variable,hazard,120,0.004747945944221121,0,2.2542990689245797e-05,0.004759253244730575
s22-132-46,u046,2025-07-09,variable,hazard_cal,30,0.0007114778647486775,0,5.062007520273373e-07,0.0007117310852389975
s22-132-46,u046,2025-07-09,variable,hazard_cal,60,0.001835332233010467,0,3.3684444055271876e-06,0.001837018518792204
s22-132-46,u046,2025-07-09,variable,hazard_cal,120,0.006445300069579218,0,4.154189298691788e-05,0.006466160699730065
s22-132-47,u047,2025-07-09,variable,empirical,30,0.0011990407673860837,0,1.4376987618538084e-06,0.0011997601919040602
s22-132-47,u047,2025-07-09,variable,empirical,60,0.00659472422062346,0,4.349038754607771e-05,0.006616565492129114
s22-132-47,u047,2025-07-09,variable,empirical,120,0.017386091127098324,0,0.0003022761646797671,0.017539004174862385
s22-132-47,u047,2025-07-09,variable,hazard,30,0.0008167025601286682,0,6.670030717207208e-07,0.0008170362433568632
s22-132-47,u047,2025-07-09,variable,hazard,60,0.0021248222779584047,0,4.5148697129083446e-06,0.002127082915684798
s22-132-47,u047,2025-07-09,variable,hazard,120,0.007612004461973854,0,5.794261192910986e-05,0.007641123632225687
s22-132-47,u047,2025-07-09,variable,hazard_cal,30,0.00112621280344527,0,1.2683552786440546e-06,0.001126847457633121
s22-132-47,u047,2025-07-09,variable,hazard_cal,60,0.0029041235523701303,0,8.433933607430905e-06,0.002908348701393146
s22-132-47,u047,2025-07-09,variable,hazard_cal,120,0.010183362074610902,0,0.00010370086314262366,0.010235567224551354
s22-132-6,u006,2025-07-09,variable,empirical,30,0.0011990407673860837,0,1.4376987618538084e-06,0.0011997601919040602
s22-132-6,u006,2025-07-09,variable,empirical,60,0.00659472422062346,0,4.349038754607771e-05,0.006616565492129114
s22-132-6,u006,2025-07-09,variable,empirical,120,0.017386091127098324,0,0.0003022761646797671,0.017539004174862385
s22-132-6,u006,2025-07-09,variable,hazard,30,0.0007990076470173468,0,6.384132199921971e-07,0.0007993270237616492
s22-132-6,u006,2025-07-09,variable,hazard,60,0.0020788182305938596,0,4.321485235849385e-06,0.0020809819724158015
s22-132-6,u006,2025-07-09,variable,hazard,120,0.007447695600339532,0,5.546816975531682e-05,0.007475568162356121
s22-132-6,u006,2025-07-09,variable,hazard_cal,30,0.0011025360242624682,0,1.2155856847964899e-06,0.0011031442642169408
s22-132-6,u006,2025-07-09,variable,hazard_cal,60,0.0028431284139736057,0,8.08337917834407e-06,0.002847177780630283
s22-132-6,u006,2025-07-09,variable,hazard_cal,120,0.009970336122608559,0,9.940760239779307e-05,0.010020372789881908
s22-132-12,u012,2025-07-09,variable,empirical,30,0.0011990407673860837,0,1.4376987618538084e-06,0.0011997601919040602
s22-132-12,u012,2025-07-09,variable,empirical,60,0.00659472422062346,0,4.349038754607771e-05,0.006616565492129114
s22-132-12,u012,2025-07-09,variable,empirical,120,0.017386091127098324,0,0.0003022761646797671,0.017539004174862385
s22-132-12,u012,2025-07-09,variable,hazard,30,0.0009935551325063186,0,9.871518013296483e-07,0.0009940490355807073
s22-132-12,u012,2025-07-09,variable,hazard,60,0.0025845315241191935,0,6.6798031991658815e-06,0.0025878771916174807
s22-132-12,u012,2025-07-09,variable,hazard,120,0.009252704534016387,0,8.561254119380741e-05,0.009295776699841756
s22-132-12,u012,2025-07-09,variable,hazard_cal,30,0.0013620511535298307,0,1.8551833448319426e-06,0.0013629795883484833
s22-132-12,u012,2025-07-09,variable,hazard_cal,60,0.003511541581540656,0,1.233092427888905e-05,0.0035177215153179057
s22-132-12,u012,2025-07-09,variable,hazard_cal,120,0.012302778320564811,0,0.00015135835440495952,0.012379083991486038
s22-133-37,u037,2025-07-10,regular,empirical,30,0.0011990407673860837,0,1.4376987618538084e-06,0.0011997601919040602
s22-133-37,u037,2025-07-10,regular,empirical,60,0.00659472422062346,0,4.349038754607771e-05,0.006616565492129114
s22-133-37,u037,2025-07-10,regular,empirical,120,0.017386091127098324,0,0.0003022761646797671,0.017539004174862385
s22-133-37,u037,2025-07-10,regular,hazard,30,0.00239976908613182,0,5.75889166675395e-06,0.002402653146942419
s22-133-37,u037,2025-07-10,regular,hazard,60,0.006234648346661209,0,3.887084000652535e-05,0.006254164928300029
s22-133-37,u037,2025-07-10,regular,hazard,120,0.02220242089224611,0,0.0004929474934764465,0.02245260469691178
s22-133-37,u037,2025-07-10,regular,hazard_cal,30,0.0032034217242389307,0,1.0261910743325924e-05,0.003208563663747548
s22-133-37,u037,2025-07-10,regular,hazard_cal,60,0.008245441412835008,0,6.798730409249458e-05,0.008279623089902492
s22-133-37,u037,2025-07-10,regular,hazard_cal,120,0.028696635009547555,0,0.0008234968608711905,0.029116434160567313
s22-133-48,u048,2025-07-10,regular,empirical,30,0.0011990407673860837,0,1.4376987618538084e-06,0.0011997601919040602
s22-133-48,u048,2025-07-10,regular,empirical,60,0.00659472422062346,0,4.349038754607771e-05,0.006616565492129114
s22-133-48,u048,2025-07-10,regular,empirical,120,0.017386091127098324,0,0.0003022761646797671,0.017539004174862385
s22-133-48,u048,2025-07-10,regular,hazard,30,0.004759735947109434,0,2.2655086286205736e-05,0.0047710995631325
s22-133-48,u048,2025-07-10,regular,hazard,60,0.012339756008855507,0,0.0001522695783580856,0.012416522975505533
s22-133-48,u048,2025-07-10,regular,hazard,120,0.043556515616021696,0,0.001897170052608742,0.044533577697986396
s22-133-48,u048,2025-07-10,regular,hazard_cal,30,0.00622206002116743,0,3.871403090701005e-05,0.006241497706864455
s22-133-48,u048,2025-07-10,regular,hazard_cal,60,0.015972707237545847,0,0.00025512737649634946,0.016101645767325035
s22-133-48,u048,2025-07-10,regular,hazard_cal,120,0.054990047085222815,0,0.0030239052784350223,0.05655981935890797
s22-133-12,u012,2025-07-10,variable,empirical,30,0.0011990407673860837,0,1.4376987618538084e-06,0.0011997601919040602
s22-133-12,u012,2025-07-10,variable,empirical,60,0.00659472422062346,0,4.349038754607771e-05,0.006616565492129114
s22-133-12,u012,2025-07-10,variable,empirical,120,0.017386091127098324,0,0.0003022761646797671,0.017539004174862385
s22-133-12,u012,2025-07-10,variable,hazard,30,0.0008037268887478577,0,6.459769116963112e-07,0.000804050050371099
s22-133-12,u012,2025-07-10,variable,hazard,60,0.0020910876746044194,0,4.372647662882518e-06,0.002093277051087094
s22-133-12,u012,2025-07-10,variable,hazard,120,0.007491519508686095,0,5.612286454902435e-05,0.007519721881665114
s22-133-12,u012,2025-07-10,variable,hazard_cal,30,0.0011088521665940654,0,1.229553127360353e-06,0.0011094673980002478
s22-133-12,u012,2025-07-10,variable,hazard_cal,60,0.0028594000473761705,0,8.176168630934846e-06,0.002863495941421383
s22-133-12,u012,2025-07-10,variable,hazard_cal,120,0.01002716849580576,0,0.00010054410804327956,0.010077779155121721
s22-133-28,u028,2025-07-10,regular,empirical,30,0.0011990407673860837,0,1.4376987618538084e-06,0.0011997601919040602
s22-133-28,u028,2025-07-10,regular,empirical,60,0.00659472422062346,0,4.349038754607771e-05,0.006616565492129114
s22-133-28,u028,2025-07-10,regular,empirical,120,0.017386091127098324,0,0.0003022761646797671,0.017539004174862385
s22-133-28,u028,2025-07-10,regular,hazard,30,0.0017694771168030865,0,3.131049266889764e-06,0.0017710444906642163
s22-133-28,u028,2025-07-10,regular,hazard,60,0.004599734926694743,0,2.1157561395855493e-05,0.004610346259441369
s22-133-28,u028,2025-07-10,regular,hazard,120,0.016419145105070587,0,0.0002695883259813634,0.016555433149449114
s22-133-28,u028,2025-07-10,regular,hazard_cal,30,0.0023839484550031154,0,5.683210236111741e-06,0.0023867945843714087
s22-133-28,u028,2025-07-10,regular,hazard_cal,60,0.006140592087551799,0,3.7706871185703765e-05,0.006159523061190099
s22-133-28,u028,2025-07-10,regular,hazard_cal,120,0.02143440211237524,0,0.0004594335939149961,0.02166745516194169
s22-133-29,u029,2025-07-10,regular,empirical,30,0.0011990407673860837,0,1.4376987618538084e-06,0.0011997601919040602
s22-133-29,u029,2025-07-10,regular,empirical,60,0.00659472422062346,0,4.349038754607771e-05,0.006616565492129114
s22-133-29,u029,2025-07-10,regular,empirical,120,0.017386091127098324,0,0.0003022761646797671,0.017539004174862385
s22-133-29,u029,2025-07-10,regular,hazard,30,0.0012526342295511306,0,1.5690925130431544e-06,0.0012534194315901128
s22-133-29,u029,2025-07-10,regular,hazard,60,0.003257716598362159,0,1.0612717435244318e-05,0.003263034509719388
s22-133-29,u029,2025-07-10,regular,hazard,120,0.011651347809299661,0,0.00013575390577327202,0.011719756651490578
s22-133-29,u029,2025-07-10,regular,hazard_cal,30,0.0017052970469811912,0,2.9080380184427712e-06,0.001706752721130354
s22-133-29,u029,2025-07-10,regular,hazard_cal,60,0.004395143978693672,0,1.931729059344724e-05,0.004404831018366859
s22-133-29,u029,2025-07-10,regular,hazard_cal,120,0.015379395350210268,0,0.0002365258013380692,0.015498884952575976
s22-133-40,u040,2025-07-10,regular,empirical,30,0.0011990407673860837,0,1.4376987618538084e-06,0.0011997601919040602
s22-133-40,u040,2025-07-10,regular,empirical,60,0.00659472422062346,0,4.349038754607771e-05,0.006616565492129114
s22-133-40,u040,2025-07-10,regular,empirical,120,0.017386091127098324,0,0.0003022761646797671,0.017539004174862385
s22-133-40,u040,2025-07-10,regular,hazard,30,0.000500481417780696,0,2.5048164954377557e-07,0.0005006067004082965
s22-133-40,u040,2025-07-10,regular,hazard,60,0.001302475977972506,0,1.6964436731954358e-06,0.0013033249370550451
s22-133-40,u040,2025-07-10,regular,hazard,120,0.004671584107500459,0,2.1823698073450862e-05,0.004682530059799393
s22-133-40,u040,2025-07-10,regular,hazard_cal,30,0.0007003486796185454,0,4.9048827304344e-07,0.000700594038319517
s22-133-40,u040,2025-07-10,regular,hazard_cal,60,0.0018066410372866715,0,3.2639518376082604e-06,0.0018082749814691207
s22-133-40,u040,2025-07-10,regular,hazard_cal,120,0.00634479848763958,0,4.02564678487535e-05,0.006365012268502587
s22-133-53,u053,2025-07-10,regular,empirical,30,0.0011990407673860837,0,1.4376987618538084e-06,0.0011997601919040602
s22-133-53,u053,2025-07-10,regular,empirical,60,0.00659472422062346,0,4.349038754607771e-05,0.006616565492129114
s22-133-53,u053,2025-07-10,regular,empirical,120,0.017386091127098324,0,0.0003022761646797671,0.017539004174862385
s22-133-53,u053,2025-07-10,regular,hazard,30,0.005411471321413508,0,2.9284021862480857e-05,0.005426166370880391
s22-133-53,u053,2025-07-10,regular,hazard,60,0.01402120344623603,0,0.00019659414608074114,0.014120429120094083
s22-133-53,u053,2025-07-10,regular,hazard,120,0.04937127288247001,0,0.0024375225860353185,0.05063169527406451
s22-133-53,u053,2025-07-10,regular,hazard_cal,30,0.00704602802805232,0,4.964651097209887e-05,0.007070968506795545
s22-133-53,u053,2025-07-10,regular,hazard_cal,60,0.01807478863176981,0,0.0003266979840831552,0.018240133030773938
s22-133-53,u053,2025-07-10,regular,hazard_cal,120,0.06204371336600445,0,0.003849422368242919,0.06405193379746602
s22-133-42,u042,2025-07-10,variable,empirical,30,0.0011990407673860837,0,1.4376987618538084e-06,0.0011997601919040602
s22-133-42,u042,2025-07-10,variable,empirical,60,0.00659472422062346,0,4.349038754607771e-05,0.006616565492129114
s22-133-42,u042,2025-07-10,variable,empirical,120,0.017386091127098324,0,0.0003022761646797671,0.017539004174862385
s22-133-42,u042,2025-07-10,variable,hazard,30,0.0010165669111334985,0,1.0334082848115021e-06,0.0010170839657193274
s22-133-42,u042,2025-07-10,variable,hazard,60,0.00264433744996051,0,6.992520549263652e-06,0.0026478398860128797
s22-133-42,u042,2025-07-10,variable,hazard,120,0.009465990552565695,0,8.9604977141263e-05,0.00951107779700981
s22-133-42,u042,2025-07-10,variable,hazard_cal,30,0.0013926394768868366,0,1.939444712583642e-06,0.0013936101005002954
s22-133-42,u042,2025-07-10,variable,hazard_cal,60,0.003590305428170626,0,1.2890293067551462e-05,0.003596766043060377
s22-133-42,u042,2025-07-10,variable,hazard_cal,120,0.01257733736673794,0,0.00015818941523674244,0.012657101594490572
s22-133-24,u024,2025-07-10,regular,empirical,30,0.0011990407673860837,0,1.4376987618538084e-06,0.0011997601919040602
s22-133-24,u024,2025-07-10,regular,empirical,60,0.00659472422062346,0,4.349038754607771e-05,0.006616565492129114
s22-133-24,u024,2025-07-10,regular,empirical,120,0.017386091127098324,0,0.0003022761646797671,0.017539004174862385
s22-133-24,u024,2025-07-10,regular,hazard,30,0.004457821561399955,0,1.987217307328233e-05,0.004467787275883006
s22-133-24,u024,2025-07-10,regular,hazard,60,0.011560162796452222,0,0.00013363736388047806,0.011627500941381649
s22-133-24,u024,2025-07-10,regular,hazard,120,0.040850832080792765,0,0.0016687904816931273,0.04170867091910806
s22-133-24,u024,2025-07-10,regular,hazard_cal,30,0.005839167040798898,0,3.409587173035216e-05,0.005856281632490616
s22-133-24,u024,2025-07-10,regular,hazard_cal,60,0.014994839514394842,0,0.00022484521206245694,0.015108398752091695
s22-133-24,u024,2025-07-10,regular,hazard_cal,120,0.051694387396078345,0,0.0026723096882558237,0.05307845251467154
s22-133-50,u050,2025-07-10,variable,empirical,30,0.0011990407673860837,0,1.4376987618538084e-06,0.0011997601919040602
s22-133-50,u050,2025-07-10,variable,empirical,60,0.00659472422062346,0,4.349038754607771e-05,0.006616565492129114
s22-133-50,u050,2025-07-10,variable,empirical,120,0.017386091127098324,0,0.0003022761646797671,0.017539004174862385
s22-133-50,u050,2025-07-10,variable,hazard,30,0.0010806140532645392,0,1.1677267321128164e-06,0.001081198337592426
s22-133-50,u050,2025-07-10,variable,hazard,60,0.0028107782844666307,0,7.900474564429175e-06,0.0028147359395491716
s22-133-50,u050,2025-07-10,variable,hazard,120,0.010059373830763163,0,0.00010119100186704275,0.010110311218415121
s22-133-50,u050,2025-07-10,variable,hazard_cal,30,0.0014776649601200287,0,2.183493734366526e-06,0.0014787577836712612
s22-133-50,u050,2025-07-10,variable,hazard_cal,60,0.003809220714385164,0,1.451016245090102e-05,0.003816494272544857
s22-133-50,u050,2025-07-10,variable,hazard_cal,120,0.013340123579045127,0,0.00017795889710419576,0.013429902361610777
s22-133-52,u052,2025-07-10,variable,empirical,30,0.0011990407673860837,0,1.4376987618538084e-06,0.0011997601919040602
s22-133-52,u052,2025-07-10,variable,empirical,60,0.00659472422062346,0,4.349038754607771e-05,0.006616565492129114
s22-133-52,u052,2025-07-10,variable,empirical,120,0.017386091127098324,0,0.0003022761646797671,0.017539004174862385
s22-133-52,u052,2025-07-10,variable,hazard,30,0.0004979990303620729,0,2.4800303424156484e-07,0.0004981230730629997
s22-133-52,u052,2025-07-10,variable,hazard,60,0.00129601858124484,0,1.6796641629318877e-06,0.0012968591396576776
s22-133-52,u052,2025-07-10,variable,hazard,120,0.004648466936292284,0,2.160824485780257e-05,0.004659304657623281
s22-133-52,u052,2025-07-10,variable,hazard_cal,30,0.0006969786108740328,0,4.857791840158964e-07,0.0006972216133843026
s22-133-52,u052,2025-07-10,variable,hazard_cal,60,0.001797952841677608,0,3.2326344208965858e-06,0.0017995710988790486
s22-133-52,u052,2025-07-10,variable,hazard_cal,120,0.0063143632509771175,0,3.987118326529031e-05,0.006334383162433928
s22-133-14,u014,2025-07-10,variable,empirical,30,0.0011990407673860837,0,1.4376987618538084e-06,0.0011997601919040602
s22-133-14,u014,2025-07-10,variable,empirical,60,0.00659472422062346,0,4.349038754607771e-05,0.006616565492129114
s22-133-14,u014,2025-07-10,variable,empirical,120,0.017386091127098324,0,0.0003022761646797671,0.017539004174862385
s22-133-14,u014,2025-07-10,variable,hazard,30,0.0003777209469120191,0,1.4267311373611232e-07,0.0003777923014375188
s22-133-14,u014,2025-07-10,variable,hazard,60,0.0009831065978807008,0,9.664985827965658e-07,0.0009835901641295239
s22-133-14,u014,2025-07-10,variable,hazard,120,0.003527737482767357,0,1.2444931747321767e-05,0.0035339746216204258
s22-133-14,u014,2025-07-10,variable,hazard_cal,30,0.0005330295647467675,0,2.8412051689412845e-07,0.0005331716755069495
s22-133-14,u014,2025-07-10,variable,hazard_cal,60,0.001375222171678514,0,1.8912360214761684e-06,0.001376168657541
s22-133-14,u014,2025-07-10,variable,hazard_cal,120,0.004832614724922024,0,2.335416507953317e-05,0.004844329564906021
s22-133-26,u026,2025-07-10,regular,empirical,30,0.0011990407673860837,0,1.4376987618538084e-06,0.0011997601919040602
s22-133-26,u026,2025-07-10,regular,empirical,60,0.00659472422062346,0,4.349038754607771e-05,0.006616565492129114
s22-133-26,u026,2025-07-10,regular,empirical,120,0.017386091127098324,0,0.0003022761646797671,0.017539004174862385
s22-133-26,u026,2025-07-10,regular,hazard,30,0.0037188749634397,0,1.383003099369863e-05,0.0037258071709486947
s22-133-26,u026,2025-07-10,regular,hazard,60,0.009650294225285738,0,9.312817863458326e-05,0.009697160071133804
s22-133-26,u026,2025-07-10,regular,hazard,120,0.034196300905783295,0,0.0011693869956388753,0.03479467546697302
s22-133-26,u026,2025-07-10,regular,hazard_cal,30,0.004898426702955927,0,2.3994584164231674e-05,0.004910463318110015
s22-133-26,u026,2025-07-10,regular,hazard_cal,60,0.012589476153188173,0,0.00015849490981169367,0.012669395074804241
s22-133-26,u026,2025-07-10,regular,hazard_cal,120,0.04354873778186352,0,0.0018964925623935075,0.044525445693680325
s22-133-32,u032,2025-07-10,regular,empirical,30,0.0011990407673860837,0,1.4376987618538084e-06,0.0011997601919040602
s22-133-32,u032,2025-07-10,regular,empirical,60,0.00659472422062346,0,4.349038754607771e-05,0.006616565492129114
s22-133-32,u032,2025-07-10,regular,empirical,120,0.017386091127098324,0,0.0003022761646797671,0.017539004174862385
s22-133-32,u032,2025-07-10,regular,hazard,30,0.001730037636046955,0,2.993030222138936e-06,0.001731535879418996
s22-133-32,u032,2025-07-10,regular,hazard,60,0.004497371431817054,0,2.022634979572418e-05,0.004507515031163168
s22-133-32,u032,2025-07-10,regular,hazard,120,0.01605613275646789,0,0.0002577993990933211,0.016186429041254478
s22-133-32,u032,2025-07-10,regular,hazard_cal,30,0.002332401035587295,0,5.440094590808685e-06,0.0023351253197892744
s22-133-32,u032,2025-07-10,regular,hazard_cal,60,0.006008088733532091,0,3.609713022999524e-05,0.006026209917558531
s22-133-32,u032,2025-07-10,regular,hazard_cal,120,0.020975789045508675,0,0.0004399837260816817,0.02119890646682147
s22-133-49,u049,2025-07-10,regular,empirical,30,0.0011990407673860837,0,1.4376987618538084e-06,0.0011997601919040602
s22-133-49,u049,2025-07-10,regular,empirical,60,0.00659472422062346,0,4.349038754607771e-05,0.006616565492129114
s22-133-49,u049,2025-07-10,regular,empirical,120,0.017386091127098324,0,0.0003022761646797671,0.017539004174862385
s22-133-49,u049,2025-07-10,regular,hazard,30,0.000511021377203047,0,2.611428479584988e-07,0.0005111519931272747
s22-133-49,u049,2025-07-10,regular,hazard,60,0.0013298930944646292,0,1.7686156427047072e-06,0.0013307781870920581
s22-133-49,u049,2025-07-10,regular,hazard,120,0.0047697312453230944,0,2.2750336152611396e-05,0.004781142714285957
s22-133-49,u049,2025-07-10,regular,hazard_cal,30,0.0007146520788625654,0,5.107275938225865e-07,0.0007149075643889035
s22-133-49,u049,2025-07-10,regular,hazard_cal,60,0.0018435152984762615,0,3.3985486557160195e-06,0.0018452166641213976
s22-133-49,u049,2025-07-10,regular,hazard_cal,120,0.006473962811962997,0,4.191219449067983e-05,0.0064950097966493285
s22-133-57,u057,2025-07-10,new,empirical,30,0.0011990407673860837,0,1.4376987618538084e-06,0.0011997601919040602
s22-133-57,u057,2025-07-10,new,empirical,60,0.00659472422062346,0,4.349038754607771e-05,0.006616565492129114
s22-133-57,u057,2025-07-10,new,empirical,120,0.017386091127098324,0,0.0003022761646797671,0.017539004174862385
s22-133-57,u057,2025-07-10,new,hazard,30,0.0007262969230038552,0,5.27507220364868e-07,0.000726560804392601
s22-133-57,u057,2025-07-10,new,hazard,60,0.0018897662304525609,0,3.5712164057588813e-06,0.00189155409143672
s22-133-57,u057,2025-07-10,new,hazard,120,0.006772243605413286,0,4.5863283451061143e-05,0.006795279308306875
s22-133-57,u057,2025-07-10,new,hazard_cal,30,0.0010050746959003876,0,1.0101751443392565e-06,0.0010055801221617012
s22-133-57,u057,2025-07-10,new,hazard_cal,60,0.0025920257641454114,0,6.718597561993604e-06,0.002595390879160741
s22-133-57,u057,2025-07-10,new,hazard_cal,120,0.009092972894609419,0,8.26821560621016e-05,0.009134566303120659
s22-133-6,u006,2025-07-10,variable,empirical,30,0.0011990407673860837,0,1.4376987618538084e-06,0.0011997601919040602
s22-133-6,u006,2025-07-10,variable,empirical,60,0.00659472422062346,0,4.349038754607771e-05,0.006616565492129114
s22-133-6,u006,2025-07-10,variable,empirical,120,0.017386091127098324,0,0.0003022761646797671,0.017539004174862385
s22-133-6,u006,2025-07-10,variable,hazard,30,0.0014549954938372078,0,2.11701188708658e-06,0.001456055027650077
s22-133-6,u006,2025-07-10,variable,hazard,60,0.003783309840492688,0,1.4313433349168808e-05,0.003790484659259124
s22-133-6,u006,2025-07-10,variable,hazard,120,0.01352084292489919,0,0.0001828131933997965,0.013613081897661203
s22-133-6,u006,2025-07-10,variable,hazard_cal,30,0.0019718704790249175,0,3.888273186049958e-06,0.001973817175127285
s22-133-6,u006,2025-07-10,variable,hazard_cal,60,0.0050810030191363875,0,2.5816591680473085e-05,0.005093955207007657
s22-133-6,u006,2025-07-10,variable,hazard_cal,120,0.01776221364939068,0,0.00031549623372660054,0.017921854980142874
s22-133-23,u023,2025-07-10,regular,empirical,30,0.0011990407673860837,0,1.4376987618538084e-06,0.0011997601919040602
s22-133-23,u023,2025-07-10,regular,empirical,60,0.00659472422062346,0,4.349038754607771e-05,0.006616565492129114
s22-133-23,u023,2025-07-10,regular,empirical,120,0.017386091127098324,0,0.0003022761646797671,0.017539004174862385
s22-133-23,u023,2025-07-10,regular,hazard,30,0.002712574847897997,0,7.358062305448843e-06,0.0027162605457136772
s22-133-23,u023,2025-07-10,regular,hazard,60,0.007045348335207646,0,4.963693316441315e-05,0.007070283991066489
s22-133-23,u023,2025-07-10,regular,hazard,120,0.02505996703387503,0,0.0006280019477389033,0.025379314525906662
s22-133-23,u023,2025-07-10,regular,hazard_cal,30,0.003607524829821074,0,1.3014235397775568e-05,0.003614047639710892
s22-133-23,u023,2025-07-10,regular,hazard_cal,60,0.009282275816001051,0,8.616064432431798e-05,0.009325624596921546
s22-133-23,u023,2025-07-10,regular,hazard_cal,120,0.03225812497120506,0,0.0010405866266578834,0.03278988529323805
s22-133-36,u036,2025-07-10,variable,empirical,30,0.0011990407673860837,0,1.4376987618538084e-06,0.0011997601919040602
s22-133-36,u036,2025-07-10,variable,empirical,60,0.00659472422062346,0,4.349038754607771e-05,0.006616565492129114
s22-133-36,u036,2025-07-10,variable,empirical,120,0.017386091127098324,0,0.0003022761646797671,0.017539004174862385
s22-133-36,u036,2025-07-10,variable,hazard,30,0.0008849343334558224,0,7.831087745289006e-07,0.0008853261189964574
s22-133-36,u036,2025-07-10,variable,hazard,60,0.0023022007091784147,0,5.300128105341596e-06,0.0023048548475864453
s22-133-36,u036,2025-07-10,variable,hazard,120,0.008245326863235425,0,6.798541508159173e-05,0.0082795075879449
s22-133-36,u036,2025-07-10,variable,hazard_cal,30,0.0012173686197612943,0,1.4819863563795186e-06,0.001218110214863652
s22-133-36,u036,2025-07-10,variable,hazard_cal,60,0.003138931624280694,0,9.852891741909437e-06,0.003143868403667116
s22-133-36,u036,2025-07-10,variable,hazard_cal,120,0.01100308944923245,0,0.00012106797742781047,0.011064071175459203
s22-133-41,u041,2025-07-10,variable,empirical,30,0.0011990407673860837,0,1.4376987618538084e-06,0.0011997601919040602
s22-133-41,u041,2025-07-10,variable,empirical,60,0.00659472422062346,0,4.349038754607771e-05,0.006616565492129114
s22-133-41,u041,2025-07-10,variable,empirical,120,0.017386091127098324,0,0.0003022761646797671,0.017539004174862385
s22-133-41,u041,2025-07-10,variable,hazard,30,0.001575341738346725,0,2.4817015925772815e-06,0.001576583893860701
s22-133-41,u041,2025-07-10,variable,hazard,60,0.004095794881312731,0,1.6775535709787567e-05,0.004104205622804688
s22-133-41,u041,2025-07-10,variable,hazard,120,0.01463097508069211,0,0.0002140654318118335,0.014739063383678771
s22-133-41,u041,2025-07-10,variable,hazard_cal,30,0.002129857888354958,0,4.53629462458784e-06,0.002132129261374822
s22-133-41,u041,2025-07-10,variable,hazard_cal,60,0.005487332064777473,0,3.0110813189135002e-05,0.005502442775047146
s22-133-41,u041,2025-07-10,variable,hazard_cal,120,0.019171714248885863,0,0.0003675546272409332,0.019357874747122236
s22-133-54,u054,2025-07-10,new,empirical,30,0.0011990407673860837,0,1.4376987618538084e-06,0.0011997601919040602
s22-133-54,u054,2025-07-10,new,empirical,60,0.00659472422062346,0,4.349038754607771e-05,0.006616565492129114
s22-133-54,u054,2025-07-10,new,empirical,120,0.017386091127098324,0,0.0003022761646797671,0.017539004174862385
s22-133-54,u054,2025-07-10,new,hazard,30,0.0026718874123886627,0,7.1389823444809835e-06,0.0026754632745151536
s22-133-54,u054,2025-07-10,new,hazard,60,0.006939924292850397,0,4.816254919049508e-05,0.006964117565406819
s22-133-54,u054,2025-07-10,new,hazard,120,0.02468875102425394,0,0.0006095344271376,0.02499862920854124
s22-133-54,u054,2025-07-10,new,hazard_cal,30,0.0035550475007277704,0,1.2638362732430767e-05,0.003561381698799893
s22-133-54,u054,2025-07-10,new,hazard_cal,60,0.009147673008778834,0,8.36799214755408e-05,0.009189769891861373
s22-133-54,u054,2025-07-10,new,hazard_cal,120,0.03179635809808323,0,0.0010110083883015431,0.03231283996542218
s22-133-58,u058,2025-07-10,new,empirical,30,0.0011990407673860837,0,1.4376987618538084e-06,0.0011997601919040602
s22-133-58,u058,2025-07-10,new,empirical,60,0.00659472422062346,0,4.349038754607771e-05,0.006616565492129114
s22-133-58,u058,2025-07-10,new,empirical,120,0.017386091127098324,0,0.0003022761646797671,0.017539004174862385
s22-133-58,u058,2025-07-10,new,hazard,30,0.0026718874123886627,0,7.1389823444809835e-06,0.0026754632745151536
s22-133-58,u058,2025-07-10,new,hazard,60,0.006939924292850397,0,4.816254919049508e-05,0.006964117565406819
s22-133-58,u058,2025-07-10,new,hazard,120,0.02468875102425394,0,0.0006095344271376,0.02499862920854124
s22-133-58,u058,2025-07-10,new,hazard_cal,30,0.0035550475007277704,0,1.2638362732430767e-05,0.003561381698799893
s22-133-58,u058,2025-07-10,new,hazard_cal,60,0.009147673008778834,0,8.36799214755408e-05,0.009189769891861373
s22-133-58,u058,2025-07-10,new,hazard_cal,120,0.03179635809808323,0,0.0010110083883015431,0.03231283996542218
s22-133-2,u002,2025-07-10,regular,empirical,30,0.0011990407673860837,0,1.4376987618538084e-06,0.0011997601919040602
s22-133-2,u002,2025-07-10,regular,empirical,60,0.00659472422062346,0,4.349038754607771e-05,0.006616565492129114
s22-133-2,u002,2025-07-10,regular,empirical,120,0.017386091127098324,0,0.0003022761646797671,0.017539004174862385
s22-133-2,u002,2025-07-10,regular,hazard,30,0.001921646745559391,0,3.692726214718999e-06,0.0019234954774528274
s22-133-2,u002,2025-07-10,regular,hazard,60,0.004994616844832156,0,2.494619742668112e-05,0.005007131631980556
s22-133-2,u002,2025-07-10,regular,hazard,120,0.01781850520745709,0,0.0003174991278281755,0.01797916612407449
s22-133-2,u002,2025-07-10,regular,hazard_cal,30,0.002582511264905385,0,6.669364433363211e-06,0.0025858516995014556
s22-133-2,u002,2025-07-10,regular,hazard_cal,60,0.006650887930070071,0,4.423431025835175e-05,0.006673103642798427
s22-133-2,u002,2025-07-10,regular,hazard_cal,120,0.023199008437408186,0,0.0005381939924789362,0.02347234107293887
s22-133-51,u051,2025-07-10,variable,empirical,30,0.0011990407673860837,0,1.4376987618538084e-06,0.0011997601919040602
s22-133-51,u051,2025-07-10,variable,empirical,60,0.00659472422062346,0,4.349038754607771e-05,0.006616565492129114
s22-133-51,u051,2025-07-10,variable,empirical,120,0.017386091127098324,0,0.0003022761646797671,0.017539004174862385
s22-133-51,u051,2025-07-10,variable,hazard,30,0.0008997820427759651,0,8.096077245020886e-07,0.0009001870896256977
s22-133-51,u051,2025-07-10,variable,hazard,60,0.0023407966168113026,0,5.47932880127524e-06,0.0023435405640632244
s22-133-51,u051,2025-07-10,variable,hazard,120,0.00838308874031346,0,7.027617682797032e-05,0.008418424448893574
s22-133-51,u051,2025-07-10,variable,hazard_cal,30,0.0012371760429213952,0,1.5306045611786417e-06,0.0012379419769973504
s22-133-51,u051,2025-07-10,variable,hazard_cal,60,0.0031899485327178123,0,1.0175771641388524e-05,0.003195047264553932
s22-133-51,u051,2025-07-10,variable,hazard_cal,120,0.01118112049853004,0,0.00012501745560264862,0.011244099114030489
s22-133-4,u004,2025-07-10,regular,empirical,30,0.0011990407673860837,0,1.4376987618538084e-06,0.0011997601919040602
s22-133-4,u004,2025-07-10,regular,empirical,60,0.00659472422062346,0,4.349038754607771e-05,0.006616565492129114
s22-133-4,u004,2025-07-10,regular,empirical,120,0.017386091127098324,0,0.0003022761646797671,0.017539004174862385
s22-133-4,u004,2025-07-10,regular,hazard,30,0.005410982347256343,0,2.9278729962319767e-05,0.005425674736377411
s22-133-4,u004,2025-07-10,regular,hazard,60,0.014019942653735518,0,0.0001965587920140325,0.014119150399193776
s22-133-4,u004,2025-07-10,regular,hazard,120,0.04936692352308314,0,0.0024370931381339396,0.05062712003947172
s22-133-4,u004,2025-07-10,regular,hazard_cal,30,0.007045411073028807,0,4.9637817187956924e-05,0.0070703471740356585
s22-133-4,u004,2025-07-10,regular,hazard_cal,60,0.01807321582158683,0,0.00032664113013365653,0.018238531270369847
s22-133-4,u004,2025-07-10,regular,hazard_cal,120,0.06203845142095188,0,0.0038487694547098064,0.06404632380223722
s22-133-3,u003,2025-07-10,regular,empirical,30,0.0011990407673860837,0,1.4376987618538084e-06,0.0011997601919040602
s22-133-3,u003,2025-07-10,regular,empirical,60,0.00659472422062346,0,4.349038754607771e-05,0.006616565492129114
s22-133-3,u003,2025-07-10,regular,empirical,120,0.017386091127098324,0,0.0003022761646797671,0.017539004174862385
s22-133-3,u003,2025-07-10,regular,hazard,30,0.0011785034518776438,0,1.388870386087522e-06,0.0011791984331495644
s22-133-3,u003,2025-07-10,regular,hazard,60,0.0030651288614158556,0,9.39501493708446e-06,0.003069835989982368
s22-133-3,u003,2025-07-10,regular,hazard,120,0.010965612572588213,0,0.00012024465909210467,0.011026178067613005
s22-133-3,u003,2025-07-10,regular,hazard_cal,30,0.00160732538746311,0,2.5834949011834364e-06,0.001608618520756776
s22-133-3,u003,2025-07-10,regular,hazard_cal,60,0.00414299450036637,0,1.7164403430065993e-05,0.004151600479990226
s22-133-3,u003,2025-07-10,regular,hazard_cal,120,0.014502216470989038,0,0.00021031428257142575,0.014608401474579362
s22-134-16,u016,2025-07-11,variable,empirical,30,0.0011990407673860837,0,1.4376987618538084e-06,0.0011997601919040602
s22-134-16,u016,2025-07-11,variable,empirical,60,0.00659472422062346,0,4.349038754607771e-05,0.006616565492129114
s22-134-16,u016,2025-07-11,variable,empirical,120,0.017386091127098324,0,0.0003022761646797671,0.017539004174862385
s22-134-16,u016,2025-07-11,variable,hazard,30,0.0011444529467988795,0,1.3097725474366391e-06,0.0011451083331595509
s22-134-16,u016,2025-07-11,variable,hazard,60,0.002976658915211927,0,8.860498297510647e-06,0.0029810979755950616
s22-134-16,u016,2025-07-11,variable,hazard,120,0.010650474429293566,0,0.00011343260556903611,0.010707596680158773
s22-134-16,u016,2025-07-11,variable,hazard_cal,30,0.0015622619519292114,0,2.4406624064456693e-06,0.0015634835556081778
s22-134-16,u016,2025-07-11,variable,hazard_cal,60,0.004027000191845875,0,1.6216730545126717e-05,0.00403513039133555
s22-134-16,u016,2025-07-11,variable,hazard_cal,120,0.014098485526436888,0,0.0001987672941391504,0.014198813269282289
s22-134-50,u050,2025-07-11,variable,empirical,30,0.0011990407673860837,0,1.4376987618538084e-06,0.0011997601919040602
s22-134-50,u050,2025-07-11,variable,empirical,60,0.00659472422062346,0,4.349038754607771e-05,0.006616565492129114
s22-134-50,u050,2025-07-11,variable,empirical,120,0.017386091127098324,0,0.0003022761646797671,0.017539004174862385
s22-134-50,u050,2025-07-11,variable,hazard,30,0.001421414332859472,0,2.020418705658338e-06,0.0014224255005180215
s22-134-50,u050,2025-07-11,variable,hazard,60,0.003696102638304999,0,1.3661174712885173e-05,0.0037029501034913834
s22-134-50,u050,2025-07-11,variable,hazard,120,0.013210851173345861,0,0.00017452658872429372,0.013298890712229108
s22-134-50,u050,2025-07-11,variable,hazard_cal,30,0.0019277161827107037,0,3.716089681084727e-06,0.0019295766188643143
s22-134-50,u050,2025-07-11,variable,hazard_cal,60,0.004967421994298005,0,2.4675281269435565e-05,0.004979800645269147
s22-134-50,u050,2025-07-11,variable,hazard_cal,120,0.01736792754567107,0,0.00030164490723167986,0.01752051938303444
s22-134-27,u027,2025-07-11,regular,empirical,30,0.0011990407673860837,0,1.4376987618538084e-06,0.0011997601919040602
s22-134-27,u027,2025-07-11,regular,empirical,60,0.00659472422062346,0,4.349038754607771e-05,0.006616565492129114
s22-134-27,u027,2025-07-11,regular,empirical,120,0.017386091127098324,0,0.0003022761646797671,0.017539004174862385
s22-134-27,u027,2025-07-11,regular,hazard,30,0.0013919843974117274,0,1.9376205626376897e-06,0.0013929541076785497
s22-134-27,u027,2025-07-11,regular,hazard,60,0.003619671469719199,0,1.3102021548699146e-05,0.0036262383318718047
s22-134-27,u027,2025-07-11,regular,hazard,120,0.01293909989906561,0,0.00016742030619799965,0.013023539222236362
s22-134-27,u027,2025-07-11,regular,hazard_cal,30,0.0018889940131301408,0,3.5682983816415145e-06,0.0018907804123403946
s22-134-27,u027,2025-07-11,regular,hazard_cal,60,0.004867807108795863,0,2.369554604844354e-05,0.004879693471187839
s22-134-27,u027,2025-07-11,regular,hazard_cal,120,0.01702201967702477,0,0.0002897491538850184,0.017168559571139552
s22-134-58,u058,2025-07-11,new,empirical,30,0.0011990407673860837,0,1.4376987618538084e-06,0.0011997601919040602
s22-134-58,u058,2025-07-11,new,empirical,60,0.00659472422062346,0,4.349038754607771e-05,0.006616565492129114
s22-134-58,u058,2025-07-11,new,empirical,120,0.017386091127098324,0,0.0003022761646797671,0.017539004174862385
s22-134-58,u058,2025-07-11,new,hazard,30,0.0029857078276632754,0,8.914451232169756e-06,0.0029901739451760664
s22-134-58,u058,2025-07-11,new,hazard,60,0.0077528560075411646,0,6.010677627366713e-05,0.0077830656375830224
s22-134-58,u058,2025-07-11,new,hazard,120,0.027548274835302977,0,0.0007589074464013873,0.027934844655111465
s22-134-58,u058,2025-07-11,new,hazard_cal,30,0.003959188006204428,0,1.5675169668472995e-05,0.003967046339642857
s22-134-58,u058,2025-07-11,new,hazard_cal,60,0.010183959747057214,0,0.00010371303612968163,0.010236171046111688
s22-134-58,u058,2025-07-11,new,hazard_cal,120,0.03534690595965162,0,0.0012494037609204552,0.03598673031555665
s22-134-19,u019,2025-07-11,regular,empirical,30,0.0011990407673860837,0,1.4376987618538084e-06,0.0011997601919040602
s22-134-19,u019,2025-07-11,regular,empirical,60,0.00659472422062346,0,4.349038754607771e-05,0.006616565492129114
s22-134-19,u019,2025-07-11,regular,empirical,120,0.017386091127098324,0,0.0003022761646797671,0.017539004174862385
s22-134-19,u019,2025-07-11,regular,hazard,30,0.003088212187869477,0,9.53705451730558e-06,0.0030929905554059702
s22-134-19,u019,2025-07-11,regular,hazard,60,0.008018287772408206,0,6.429293880115094e-05,0.008050607121639406
s22-134-19,u019,2025-07-11,regular,hazard,120,0.028480477408296734,0,0.0008111375934045006,0.028893915058569555
s22-134-19,u019,2025-07-11,regular,hazard_cal,30,0.004090900827565025,0,1.6735469580972205e-05,0.004099291453653219
s22-134-19,u019,2025-07-11,regular,hazard_cal,60,0.010521534619986395,0,0.00011070269075957225,0.010577277309218699
s22-134-19,u019,2025-07-11,regular,hazard_cal,120,0.03650126803904574,0,0.0013323425684582623,0.03718410720439491
s22-134-38,u038,2025-07-11,regular,empirical,30,0.0011990407673860837,0,1.4376987618538084e-06,0.0011997601919040602
s22-134-38,u038,2025-07-11,regular,empirical,60,0.00659472422062346,0,4.349038754607771e-05,0.006616565492129114
s22-134-38,u038,2025-07-11,regular,empirical,120,0.017386091127098324,0,0.0003022761646797671,0.017539004174862385
s22-134-38,u038,2025-07-11,regular,hazard,30,0.001433384696592599,0,2.054591688425857e-06,0.0014344129751667882
s22-134-38,u038,2025-07-11,regular,hazard,60,0.003727189180082746,0,1.3891939184125893e-05,0.0037341524573607492
s22-134-38,u038,2025-07-11,regular,hazard,120,0.013321362202883491,0,0.0001774586909404129,0.013410887503260804
s22-134-38,u038,2025-07-11,regular,hazard_cal,30,0.0019434590624345383,0,3.7770331273589344e-06,0.0019453500294066867
s22-134-38,u038,2025-07-11,regular,hazard_cal,60,0.005007919462627353,0,2.5079257344161834e-05,0.005020501114141314
s22-134-38,u038,2025-07-11,regular,hazard_cal,120,0.01750852527346003,0,0.0003065484572513886,0.017663612399481735
s22-134-39,u039,2025-07-11,variable,empirical,30,0.0011990407673860837,0,1.4376987618538084e-06,0.0011997601919040602
s22-134-39,u039,2025-07-11,variable,empirical,60,0.00659472422062346,0,4.349038754607771e-05,0.006616565492129114
s22-134-39,u039,2025-07-11,variable,empirical,120,0.017386091127098324,0,0.0003022761646797671,0.017539004174862385
s22-134-39,u039,2025-07-11,variable,hazard,30,0.0007635167306565549,0,5.829577979924742e-07,0.0007638083580065736
s22-134-39,u039,2025-07-11,variable,hazard,60,0.001986542917278844,0,3.94635276219074e-06,0.001988518710759272
s22-134-39,u039,2025-07-11,variable,hazard,120,0.007118057277481604,0,5.0666739405508825e-05,0.00714351150889142
s22-134-39,u039,2025-07-11,variable,hazard_cal,30,0.0010549990907342544,0,1.1130230814501035e-06,0.0010555559939977258
s22-134-39,u039,2025-07-11,variable,hazard_cal,60,0.002720658046366231,0,7.401980205257317e-06,0.0027243657629484027
s22-134-39,u039,2025-07-11,variable,hazard_cal,120,0.009542496996695626,0,9.105924893194505e-05,0.009588318354263202
s22-134-45,u045,2025-07-11,regular,empirical,30,0.0011990407673860837,0,1.4376987618538084e-06,0.0011997601919040602
s22-134-45,u045,2025-07-11,regular,empirical,60,0.00659472422062346,0,4.349038754607771e-05,0.006616565492129114
s22-134-45,u045,2025-07-11,regular,empirical,120,0.017386091127098324,0,0.0003022761646797671,0.017539004174862385
s22-134-45,u045,2025-07-11,regular,hazard,30,0.0019554203402762926,0,3.823668707166252e-06,0.0019573346705839016
s22-134-45,u045,2025-07-11,regular,hazard,60,0.005082245088165682,0,2.5829215136184203e-05,0.005095203620002455
s22-134-45,u045,2025-07-11,regular,hazard,120,0.0181288193169864,0,0.00032865408982793925,0.018295159799790236
s22-134-45,u045,2025-07-11,regular,hazard_cal,30,0.002626514920084033,0,6.8985806254240355e-06,0.0026299702620610496
s22-134-45,u045,2025-07-11,regular,hazard_cal,60,0.006763950780423467,0,4.575103015999122e-05,0.00678692997421236
s22-134-45,u045,2025-07-11,regular,hazard_cal,120,0.02358963679357473,0,0.0005564709640527747,0.023872326830159444
s22-134-34,u034,2025-07-11,variable,empirical,30,0.0011990407673860837,0,1.4376987618538084e-06,0.0011997601919040602
s22-134-34,u034,2025-07-11,variable,empirical,60,0.00659472422062346,0,4.349038754607771e-05,0.006616565492129114
s22-134-34,u034,2025-07-11,variable,empirical,120,0.017386091127098324,0,0.0003022761646797671,0.017539004174862385
s22-134-34,u034,2025-07-11,variable,hazard,30,0.00034308449470321634,0,1.1770697050576128e-07,0.0003431433616530794
s22-134-34,u034,2025-07-11,variable,hazard,60,0.0008929848930896434,0,7.974220192863217e-07,0.0008933838416203096
s22-134-34,u034,2025-07-11,variable,hazard,120,0.003204767574073508,0,1.0270535203832999e-05,0.003209913839673586
s22-134-34,u034,2025-07-11,variable,hazard_cal,30,0.00048554473529638376,0,2.3575368997403536e-07,0.0004856626503115921
s22-134-34,u034,2025-07-11,variable,hazard_cal,60,0.0012527631866775524,0,1.569415601894496e-06,0.0012535485504635807
s22-134-34,u034,2025-07-11,variable,hazard_cal,120,0.004403044180813609,0,1.9386798058196584e-05,0.004412766127779678
s22-134-40,u040,2025-07-11,regular,empirical,30,0.0011990407673860837,0,1.4376987618538084e-06,0.0011997601919040602
s22-134-40,u040,2025-07-11,regular,empirical,60,0.00659472422062346,0,4.349038754607771e-05,0.006616565492129114
s22-134-40,u040,2025-07-11,regular,empirical,120,0.017386091127098324,0,0.0003022761646797671,0.017539004174862385
s22-134-40,u040,2025-07-11,regular,hazard,30,0.0010685255574062191,0,1.1417468668302712e-06,0.001069096837827712
s22-134-40,u040,2025-07-11,regular,hazard,60,0.0027793650857923513,0,7.724870280121525e-06,0.0027832346926289814
s22-134-40,u040,2025-07-11,regular,hazard,120,0.009947403651077158,0,9.895083939746318e-05,0.009997209639549148
s22-134-40,u040,2025-07-11,regular,hazard_cal,30,0.0014616289101738733,0,2.1363590710560645e-06,0.0014626981317064716
s22-134-40,u040,2025-07-11,regular,hazard_cal,60,0.0037679351749166923,0,1.4197335482374484e-05,0.003775051724747923
s22-134-40,u040,2025-07-11,regular,hazard_cal,120,0.013196304654502722,0,0.0001741424565344502,0.013284149557399368
s22-134-51,u051,2025-07-11,variable,empirical,30,0.0011990407673860837,0,1.4376987618538084e-06,0.0011997601919040602
s22-134-51,u051,2025-07-11,variable,empirical,60,0.00659472422062346,0,4.349038754607771e-05,0.006616565492129114
s22-134-51,u051,2025-07-11,variable,empirical,120,0.017386091127098324,0,0.0003022761646797671,0.017539004174862385
s22-134-51,u051,2025-07-11,variable,hazard,30,0.0011819956151201128,0,1.3971136341631737e-06,0.0011826947228863677
s22-134-51,u051,2025-07-11,variable,hazard,60,0.0030742018866921628,0,9.450717240141653e-06,0.0030789369521672274
s22-134-51,u051,2025-07-11,variable,hazard,120,0.010997926948329795,0,0.00012095439716079871,0.01105885125275402
s22-134-51,u051,2025-07-11,variable,hazard_cal,30,0.001611944764160933,0,2.598365922705846e-06,0.0016132453449531233
s22-134-51,u051,2025-07-11,variable,hazard_cal,60,0.0041548843602386976,0,1.726306404695613e-05,0.004163539875692296
s22-134-51,u051,2025-07-11,variable,hazard_cal,120,0.014543592979548103,0,0.00021151609675476089,0.014650387745760642
s22-134-3,u003,2025-07-11,regular,empirical,30,0.0011990407673860837,0,1.4376987618538084e-06,0.0011997601919040602
s22-134-3,u003,2025-07-11,regular,empirical,60,0.00659472422062346,0,4.349038754607771e-05,0.006616565492129114
s22-134-3,u003,2025-07-11,regular,empirical,120,0.017386091127098324,0,0.0003022761646797671,0.017539004174862385
s22-134-3,u003,2025-07-11,regular,hazard,30,0.0011205805103498,0,1.2557006801758184e-06,0.0011212088301223407
s22-134-3,u003,2025-07-11,regular,hazard,60,0.0029146303824583164,0,8.495070266349111e-06,0.002918886189005182
s22-134-3,u003,2025-07-11,regular,hazard,120,0.01042947472578093,0,0.0001087739430557032,0.010484242831844359
s22-134-3,u003,2025-07-11,regular,hazard_cal,30,0.0015306442623526095,0,2.3428718578729644e-06,0.0015318168950232795
s22-134-3,u003,2025-07-11,regular,hazard_cal,60,0.003945610036788727,0,1.556783856240794e-05,0.003953414491724572
s22-134-3,u003,2025-07-11,regular,hazard_cal,120,0.013815119353351113,0,0.00019085752274733647,0.013911436229678845
s22-134-31,u031,2025-07-11,variable,empirical,30,0.0011990407673860837,0,1.4376987618538084e-06,0.0011997601919040602
s22-134-31,u031,2025-07-11,variable,empirical,60,0.00659472422062346,0,4.349038754607771e-05,0.006616565492129114
s22-134-31,u031,2025-07-11,variable,empirical,120,0.017386091127098324,0,0.0003022761646797671,0.017539004174862385
s22-134-31,u031,2025-07-11,variable,hazard,30,0.0016661020165704699,0,2.775895929620186e-06,0.0016674915081061861
s22-134-31,u031,2025-07-11,variable,hazard,60,0.004331413861838329,0,1.8761146042525226e-05,0.004340821610590105
s22-134-31,u031,2025-07-11,variable,hazard,120,0.01546736661904391,0,0.00023923943012791381,0.015588234290345282
s22-134-31,u031,2025-07-11,variable,hazard_cal,30,0.0022487603262796307,0,5.056923005049271e-06,0.0022512925847894046
s22-134-31,u031,2025-07-11,variable,hazard_cal,60,0.005793063493167883,0,3.355958463587447e-05,0.005809908372626664
s22-134-31,u031,2025-07-11,variable,hazard_cal,120,0.020231191045023356,0,0.0004093010911002332,0.020438644378094565
s22-134-7,u007,2025-07-11,variable,empirical,30,0.0011990407673860837,0,1.4376987618538084e-06,0.0011997601919040602
s22-134-7,u007,2025-07-11,variable,empirical,60,0.00659472422062346,0,4.349038754607771e-05,0.006616565492129114
s22-134-7,u007,2025-07-11,variable,empirical,120,0.017386091127098324,0,0.0003022761646797671,0.017539004174862385
s22-134-7,u007,2025-07-11,variable,hazard,30,0.0009938628307992747,0,9.877633264443478e-07,0.000994357039940362
s22-134-7,u007,2025-07-11,variable,hazard,60,0.0025853312257073657,0,6.68393754661755e-06,0.00258867896573673
s22-134-7,u007,2025-07-11,variable,hazard,120,0.009255556756222139,0,8.566533086764928e-05,0.009298655563427238
s22-134-7,u007,2025-07-11,variable,hazard_cal,30,0.0013624603008318692,0,1.8562980713428675e-06,0.0013633892937740843
s22-134-7,u007,2025-07-11,variable,hazard_cal,60,0.0035125951493476526,0,1.2338324683220657e-05,0.003518778796368233
s22-134-7,u007,2025-07-11,variable,hazard_cal,120,0.012306451303119914,0,0.00015144874367606183,0.012382802731707152
s22-134-12,u012,2025-07-11,variable,empirical,30,0.0011990407673860837,0,1.4376987618538084e-06,0.0011997601919040602
s22-134-12,u012,2025-07-11,variable,empirical,60,0.00659472422062346,0,4.349038754607771e-05,0.006616565492129114
s22-134-12,u012,2025-07-11,variable,empirical,120,0.017386091127098324,0,0.0003022761646797671,0.017539004174862385
s22-134-12,u012,2025-07-11,variable,hazard,30,0.0007580052816202887,0,5.745720069642532e-07,0.0007582927128825594
s22-134-12,u012,2025-07-11,variable,hazard,60,0.001972212789075889,0,3.889623285394497e-06,0.001974160161561785
s22-134-12,u012,2025-07-11,variable,hazard,120,0.007066857333844823,0,4.9940472576916354e-05,0.007091945837923516
s22-134-12,u012,2025-07-11,variable,hazard_cal,30,0.0010476110860063725,0,1.0974889875234514e-06,0.0010481602140487174
s22-134-12,u012,2025-07-11,variable,hazard_cal,60,0.002701623258204222,0,7.298768229269997e-06,0.002705279228506379
s22-134-12,u012,2025-07-11,variable,hazard_cal,120,0.00947598744140088,0,8.979433798958718e-05,0.0095211702715605
s22-134-55,u055,2025-07-11,new,empirical,30,0.0011990407673860837,0,1.4376987618538084e-06,0.0011997601919040602
s22-134-55,u055,2025-07-11,new,empirical,60,0.00659472422062346,0,4.349038754607771e-05,0.006616565492129114
s22-134-55,u055,2025-07-11,new,empirical,120,0.017386091127098324,0,0.0003022761646797671,0.017539004174862385
s22-134-55,u055,2025-07-11,new,hazard,30,0.0021487491442025997,0,4.617122884711404e-06,0.002151061017996538
s22-134-55,u055,2025-07-11,new,hazard,60,0.005583749656589698,0,3.117826022746557e-05,0.005599397061348339
s22-134-55,u055,2025-07-11,new,hazard,120,0.01990325446364416,0,0.0003961395382445712,0.020103992254954586
s22-134-55,u055,2025-07-11,new,hazard_cal,30,0.002877965873769983,0,8.282687570584623e-06,0.002882115180509643
s22-134-55,u055,2025-07-11,new,hazard_cal,60,0.007409859653435769,0,5.490602008361525e-05,0.007437449036941741
s22-134-55,u055,2025-07-11,new,hazard_cal,120,0.025818841839484907,0,0.0006666125939323364,0.026157998629706768
s22-134-17,u017,2025-07-11,variable,empirical,30,0.0011990407673860837,0,1.4376987618538084e-06,0.0011997601919040602
s22-134-17,u017,2025-07-11,variable,empirical,60,0.00659472422062346,0,4.349038754607771e-05,0.006616565492129114
s22-134-17,u017,2025-07-11,variable,empirical,120,0.017386091127098324,0,0.0003022761646797671,0.017539004174862385
s22-134-17,u017,2025-07-11,variable,hazard,30,0.00044304003728345975,0,1.962844746361294e-07,0.0004431382085177068
s22-134-17,u017,2025-07-11,variable,hazard,60,0.0011530472253301616,0,1.3295179038415844e-06,0.0011537124957233715
s22-134-17,u017,2025-07-11,variable,hazard,120,0.0041365252749365755,0,1.711084135018911e-05,0.0041451043621925235
s22-134-17,u017,2025-07-11,variable,hazard_cal,30,0.0006222325105984527,0,3.871732972456536e-07,0.0006224261775885076
s22-134-17,u017,2025-07-11,variable,hazard_cal,60,0.0016052406170374844,0,2.5767974385868836e-06,0.001606530396212187
s22-134-17,u017,2025-07-11,variable,hazard_cal,120,0.005639090168832461,0,3.1799337932222913e-05,0.005655049864855181
s22-134-18,u018,2025-07-11,variable,empirical,30,0.0011990407673860837,0,1.4376987618538084e-06,0.0011997601919040602
s22-134-18,u018,2025-07-11,variable,empirical,60,0.00659472422062346,0,4.349038754607771e-05,0.006616565492129114
s22-134-18,u018,2025-07-11,variable,empirical,120,0.017386091127098324,0,0.0003022761646797671,0.017539004174862385
s22-134-18,u018,2025-07-11,variable,hazard,30,0.0005683323968884713,0,3.2300171335299483e-07,0.0005684939589620214
s22-134-18,u018,2025-07-11,variable,hazard,60,0.0014789645735214796,0,2.187336209731572e-06,0.0014800593211547937
s22-134-18,u018,2025-07-11,variable,hazard,120,0.005303237042947884,0,2.8124323133694614e-05,0.005317349119752542
s22-134-18,u018,2025-07-11,variable,hazard_cal,30,0.0007922762382563953,0,6.277016377057044e-07,0.0007925902549448437
s22-134-18,u018,2025-07-11,variable,hazard_cal,60,0.0020436147023662476,0,4.176361051727487e-06,0.0020457057322173663
s22-134-18,u018,2025-07-11,variable,hazard_cal,120,0.007174643621094656,0,5.147551108971424e-05,0.007200505149045713
s22-134-8,u008,2025-07-11,variable,empirical,30,0.0011990407673860837,0,1.4376987618538084e-06,0.0011997601919040602
s22-134-8,u008,2025-07-11,variable,empirical,60,0.00659472422062346,0,4.349038754607771e-05,0.006616565492129114
s22-134-8,u008,2025-07-11,variable,empirical,120,0.017386091127098324,0,0.0003022761646797671,0.017539004174862385
s22-134-8,u008,2025-07-11,variable,hazard,30,0.00038616158989679406,0,1.4912077351161976e-07,0.00038623616948401583
s22-134-8,u008,2025-07-11,variable,hazard,60,0.0010050677318220735,0,1.0101611455499675e-06,0.0010055731510769507
s22-134-8,u008,2025-07-11,variable,hazard,120,0.0036064269789451986,0,1.3006315554463792e-05,0.0036129458145783126
s22-134-8,u008,2025-07-11,variable,hazard_cal,30,0.0005445810102783222,0,2.9656847675575805e-07,0.0005447293483738847
s22-134-8,u008,2025-07-11,variable,hazard_cal,60,0.0014050107321470495,0,1.974055157448388e-06,0.0014059986852239875
s22-134-8,u008,2025-07-11,variable,hazard_cal,120,0.004937086827389692,0,2.437482634118481e-05,0.004949314503227087
s22-134-9,u009,2025-07-11,variable,empirical,30,0.0011990407673860837,0,1.4376987618538084e-06,0.0011997601919040602
s22-134-9,u009,2025-07-11,variable,empirical,60,0.00659472422062346,0,4.349038754607771e-05,0.006616565492129114
s22-134-9,u009,2025-07-11,variable,empirical,120,0.017386091127098324,0,0.0003022761646797671,0.017539004174862385
s22-134-9,u009,2025-07-11,variable,hazard,30,0.000717910609379091,0,5.153956430590578e-07,0.0007181684306030669
s22-134-9,u009,2025-07-11,variable,hazard,60,0.0018679597547712756,0,3.4892736454451643e-06,0.0018697065672498925
s22-134-9,u009,2025-07-11,variable,hazard,120,0.006694308759361167,0,4.481376976565965e-05,0.006716816148086869
s22-134-9,u009,2025-07-11,variable,hazard_cal,30,0.0009938152833527392,0,9.876688174254851e-07,0.000994309445192307
s22-134-9,u009,2025-07-11,variable,hazard_cal,60,0.0025630138543792924,0,6.569040017740197e-06,0.002566303997378593
s22-134-9,u009,2025-07-11,variable,hazard_cal,120,0.00899156408018309,0,8.084822460803877e-05,0.009032232155770058
s22-134-30,u030,2025-07-11,regular,empirical,30,0.0011990407673860837,0,1.4376987618538084e-06,0.0011997601919040602
s22-134-30,u030,2025-07-11,regular,empirical,60,0.00659472422062346,0,4.349038754607771e-05,0.006616565492129114
s22-134-30,u030,2025-07-11,regular,empirical,120,0.017386091127098324,0,0.0003022761646797671,0.017539004174862385
s22-134-30,u030,2025-07-11,regular,hazard,30,0.004650788473865242,0,2.1629833428637785e-05,0.004661637039905519
s22-134-30,u030,2025-07-11,regular,hazard,60,0.012058484277256976,0,0.0001454070430648537,0.012131777598947735
s22-134-30,u030,2025-07-11,regular,hazard,120,0.04258103422820059,0,0.00181314447594319,0.043514192556474256
s22-134-30,u030,2025-07-11,regular,hazard_cal,30,0.006083982564988988,0,3.7014843851089985e-05,0.006102565397003039
s22-134-30,u030,2025-07-11,regular,hazard_cal,60,0.015620148516226728,0,0.00024398903966898005,0.01574342848883193
s22-134-30,u030,2025-07-11,regular,hazard_cal,120,0.05380288901226071,0,0.0028947508660656447,0.05530436906840282
s22-134-6,u006,2025-07-11,variable,empirical,30,0.0011990407673860837,0,1.4376987618538084e-06,0.0011997601919040602
s22-134-6,u006,2025-07-11,variable,empirical,60,0.00659472422062346,0,4.349038754607771e-05,0.006616565492129114
s22-134-6,u006,2025-07-11,variable,empirical,120,0.017386091127098324,0,0.0003022761646797671,0.017539004174862385
s22-134-6,u006,2025-07-11,variable,hazard,30,0.000991958729169018,0,9.839821203746132e-07,0.0009924510458280038
s22-134-6,u006,2025-07-11,variable,hazard,60,0.002580382497319733,0,6.658373832474023e-06,0.0025837174223928175
s22-134-6,u006,2025-07-11,variable,hazard,120,0.009237906474811264,0,8.533891603735987e-05,0.009280840551380776
s22-134-6,u006,2025-07-11,variable,hazard_cal,30,0.0013599283498089143,0,1.8494051166139968e-06,0.0013608538915760437
s22-134-6,u006,2025-07-11,variable,hazard_cal,60,0.003506075279693932,0,1.2292563866880884e-05,0.0035122359657285226
s22-134-6,u006,2025-07-11,variable,hazard_cal,120,0.01228372134524569,0,0.0001508898100876446,0.012359789828196693
s22-134-20,u020,2025-07-11,variable,empirical,30,0.0011990407673860837,0,1.4376987618538084e-06,0.0011997601919040602
s22-134-20,u020,2025-07-11,variable,empirical,60,0.00659472422062346,0,4.349038754607771e-05,0.006616565492129114
s22-134-20,u020,2025-07-11,variable,empirical,120,0.017386091127098324,0,0.0003022761646797671,0.017539004174862385
s22-134-20,u020,2025-07-11,variable,hazard,30,0.001023677996631056,0,1.0479166407865725e-06,0.0010242023128026092
s22-134-20,u020,2025-07-11,variable,hazard,60,0.0026628181407492013,0,7.090600450703033e-06,0.002666369747230378
s22-134-20,u020,2025-07-11,variable,hazard,120,0.009531890789268527,0,9.085694201854218e-05,0.009577610019369853
s22-134-20,u020,2025-07-11,variable,hazard_cal,30,0.0014020875975785385,0,1.965849631283558e-06,0.0014030714421258688
s22-134-20,u020,2025-07-11,variable,hazard_cal,60,0.003614633144809587,0,1.3065572771556044e-05,0.0036211817164139115
s22-134-20,u020,2025-07-11,variable,hazard_cal,120,0.012662127852909655,0,0.00016032948176343046,0.012742975790101082
s22-134-25,u025,2025-07-11,regular,empirical,30,0.0011990407673860837,0,1.4376987618538084e-06,0.0011997601919040602
s22-134-25,u025,2025-07-11,regular,empirical,60,0.00659472422062346,0,4.349038754607771e-05,0.006616565492129114
s22-134-25,u025,2025-07-11,regular,empirical,120,0.017386091127098324,0,0.0003022761646797671,0.017539004174862385
s22-134-25,u025,2025-07-11,regular,hazard,30,0.004635167738736512,0,2.148477996622375e-05,0.0046459434397344655
s22-134-25,u025,2025-07-11,regular,hazard,60,0.012018151417912626,0,0.00014443596350387526,0.012090953283512666
s22-134-25,u025,2025-07-11,regular,hazard,120,0.04244108972822391,0,0.0018012460973191534,0.043368034731909796
s22-134-25,u025,2025-07-11,regular,hazard_cal,30,0.006064176842499602,0,3.677424077710845e-05,0.006082638637789297
s22-134-25,u025,2025-07-11,regular,hazard_cal,60,0.01556957070778775,0,0.00024241153202480233,0.015692049431190916
s22-134-25,u025,2025-07-11,regular,hazard_cal,120,0.05363248283311939,0,0.0028764432148448457,0.05512428942719343
s22-134-28,u028,2025-07-11,regular,empirical,30,0.0011990407673860837,0,1.4376987618538084e-06,0.0011997601919040602
s22-134-28,u028,2025-07-11,regular,empirical,60,0.00659472422062346,0,4.349038754607771e-05,0.006616565492129114
s22-134-28,u028,2025-07-11,regular,empirical,120,0.017386091127098324,0,0.0003022761646797671,0.017539004174862385
s22-134-28,u028,2025-07-11,regular,hazard,30,0.0014151226969207897,0,2.0025722473403695e-06,0.00141612492867665
s22-134-28,u028,2025-07-11,regular,hazard,60,0.003679763251191792,0,1.3540657584821589e-05,0.0036865502347616323
s22-134-28,u028,2025-07-11,regular,hazard,120,0.013152761502522647,0,0.0001729951351422418,0.013240025086105597
s22-134-28,u028,2025-07-11,regular,hazard_cal,30,0.001919440090348834,0,3.68425026043834e-06,0.0019212845761102481
s22-134-28,u028,2025-07-11,regular,hazard_cal,60,0.004946131868613923,0,2.446422046171826e-05,0.004958404463483959
s22-134-28,u028,2025-07-11,regular,hazard_cal,120,0.017294006776417903,0,0.00029908267038278834,0.017445294900713604
s22-134-13,u013,2025-07-11,regular,empirical,30,0.0011990407673860837,0,1.4376987618538084e-06,0.0011997601919040602
s22-134-13,u013,2025-07-11,regular,empirical,60,0.00659472422062346,0,4.349038754607771e-05,0.006616565492129114
s22-134-13,u013,2025-07-11,regular,empirical,120,0.017386091127098324,0,0.0003022761646797671,0.017539004174862385
s22-134-13,u013,2025-07-11,regular,hazard,30,0.0008783101292240136,0,7.714286830975036e-07,0.0008786960695656513
s22-134-13,u013,2025-07-11,regular,hazard,60,0.0022849810767693324,0,5.221138521193938e-06,0.002287595629591723
s22-134-13,u013,2025-07-11,regular,hazard,120,0.008183859174948571,0,6.697555099538991e-05,0.008217530785429078
s22-134-13,u013,2025-07-11,regular,hazard_cal,30,0.0012085284409670827,0,1.4605409926263274e-06,0.00120925930036565
s22-134-13,u013,2025-07-11,regular,hazard_cal,60,0.0031161618789321555,0,9.710464855709981e-06,0.003121027221452349
s22-134-13,u013,2025-07-11,regular,hazard_cal,120,0.010923622797825217,0,0.00011932553502916682,0.010983723645423793
s22-134-44,u044,2025-07-11,variable,empirical,30,0.0011990407673860837,0,1.4376987618538084e-06,0.0011997601919040602
s22-134-44,u044,2025-07-11,variable,empirical,60,0.00659472422062346,0,4.349038754607771e-05,0.006616565492129114
s22-134-44,u044,2025-07-11,variable,empirical,120,0.017386091127098324,0,0.0003022761646797671,0.017539004174862385
s22-134-44,u044,2025-07-11,variable,hazard,30,0.0018473911874510307,0,3.412854199471729e-06,0.001849099719092561
s22-134-44,u044,2025-07-11,variable,hazard,60,0.004801936295460774,0,2.3058592185663538e-05,0.004813502633621208
s22-134-44,u044,2025-07-11,variable,hazard,120,0.01713589563549034,0,0.00029363891923041687,0.017284414206137914
s22-134-44,u044,2025-07-11,variable,hazard_cal,30,0.0024856795212863103,0,6.178602682542141e-06,0.0024887739515324346
s22-134-44,u044,2025-07-11,variable,hazard_cal,60,0.0064020578422602226,0,4.0986344615645614e-05,0.006422638902350291
s22-134-44,u044,2025-07-11,variable,hazard_cal,120,0.022338869759285895,0,0.0004990251021223379,0.02259216158615615
s22-135-47,u047,2025-07-14,variable,empirical,30,0.0011990407673860837,0,1.4376987618538084e-06,0.0011997601919040602
s22-135-47,u047,2025-07-14,variable,empirical,60,0.00659472422062346,0,4.349038754607771e-05,0.006616565492129114
s22-135-47,u047,2025-07-14,variable,empirical,120,0.017386091127098324,0,0.0003022761646797671,0.017539004174862385
s22-135-47,u047,2025-07-14,variable,hazard,30,0.0009181912662041825,0,8.430752013336399e-07,0.0009186130620174361
s22-135-47,u047,2025-07-14,variable,hazard,60,0.0023886490825362205,0,5.705644439501128e-06,0.002391506455837601
s22-135-47,u047,2025-07-14,variable,hazard,120,0.008553868963903977,0,7.31686742516397e-05,0.008590663273752118
s22-135-47,u047,2025-07-14,variable,hazard_cal,30,0.0012617209608301039,0,1.5919397829980406e-06,0.001262517600883742
s22-135-47,u047,2025-07-14,variable,hazard_cal,60,0.0032531650784715094,0,1.0583083027786542e-05,0.0032584681242309272
s22-135-47,u047,2025-07-14,variable,hazard_cal,120,0.011401688502415297,0,0.00012999850070610918,0.011467186084047763
s22-135-35,u035,2025-07-14,regular,empirical,30,0.0011990407673860837,0,1.4376987618538084e-06,0.0011997601919040602
s22-135-35,u035,2025-07-14,regular,empirical,60,0.00659472422062346,0,4.349038754607771e-05,0.006616565492129114
s22-135-35,u035,2025-07-14,regular,empirical,120,0.017386091127098324,0,0.0003022761646797671,0.017539004174862385
s22-135-35,u035,2025-07-14,regular,hazard,30,0.005356240577380489,0,2.8689313122777272e-05,0.005370636662884417
s22-135-35,u035,2025-07-14,regular,hazard,60,0.013878787054044772,0,0.00019262073009152078,0.013975997913002351
s22-135-35,u035,2025-07-14,regular,hazard,120,0.048879877289804696,0,0.002389242403866365,0.05011491241533317
s22-135-35,u035,2025-07-14,regular,hazard_cal,30,0.006976330219567339,0,4.8669183332448484e-05,0.007000778584161677
s22-135-35,u035,2025-07-14,regular,hazard_cal,60,0.01789709638615178,0,0.00032030605905520703,0.018059186286939283
s22-135-35,u035,2025-07-14,regular,hazard_cal,120,0.061449083012095396,0,0.003775989803027391,0.06341817084396988
s22-135-3,u003,2025-07-14,regular,empirical,30,0.0011990407673860837,0,1.4376987618538084e-06,0.0011997601919040602
s22-135-3,u003,2025-07-14,regular,empirical,60,0.00659472422062346,0,4.349038754607771e-05,0.006616565492129114
s22-135-3,u003,2025-07-14,regular,empirical,120,0.017386091127098324,0,0.0003022761646797671,0.017539004174862385
s22-135-3,u003,2025-07-14,regular,hazard,30,0.0016477206853761084,0,2.7149834570163124e-06,0.001649079670127967
s22-135-3,u003,2025-07-14,regular,hazard,60,0.004283697951048326,0,1.835006813581563e-05,0.004292899271636762
s22-135-3,u003,2025-07-14,regular,hazard,120,0.015298032719105015,0,0.00023402980507480757,0.01541625488240745
s22-135-3,u003,2025-07-14,regular,hazard_cal,30,0.002224695816428146,0,4.9492714756328956e-06,0.0022271741285085525
s22-135-3,u003,2025-07-14,regular,hazard_cal,60,0.005731192082848113,0,3.2846562690500894e-05,0.005747678385146822
s22-135-3,u003,2025-07-14,regular,hazard_cal,120,0.020016856573630948,0,0.0004006745470893125,0.020219908050788913
s22-135-8,u008,2025-07-14,variable,empirical,30,0.0011990407673860837,0,1.4376987618538084e-06,0.0011997601919040602
s22-135-8,u008,2025-07-14,variable,empirical,60,0.00659472422062346,0,4.349038754607771e-05,0.006616565492129114
s22-135-8,u008,2025-07-14,variable,empirical,120,0.017386091127098324,0,0.0003022761646797671,0.017539004174862385
s22-135-8,u008,2025-07-14,variable,hazard,30,0.0005687393589263179,0,3.2346445839191906e-07,0.000568901152504006
s22-135-8,u008,2025-07-14,variable,hazard,60,0.001480023066190994,0,2.1904682764573916e-06,0.0014811193821780409
s22-135-8,u008,2025-07-14,variable,hazard,120,0.005307024413246153,0,2.8164508122790676e-05,0.005321156689707182
s22-135-8,u008,2025-07-14,variable,hazard_cal,30,0.0007928265717989103,0,6.285739729504126e-07,0.0007931410250009405
s22-135-8,u008,2025-07-14,variable,hazard_cal,60,0.0020450332533484827,0,4.18216100730108e-06,0.002047127189118027
s22-135-8,u008,2025-07-14,variable,hazard_cal,120,0.0071796095009504235,0,5.154679258613759e-05,0.00720550692729703
s22-135-2,u002,2025-07-14,regular,empirical,30,0.0011990407673860837,0,1.4376987618538084e-06,0.0011997601919040602
s22-135-2,u002,2025-07-14,regular,empirical,60,0.00659472422062346,0,4.349038754607771e-05,0.006616565492129114
s22-135-2,u002,2025-07-14,regular,empirical,120,0.017386091127098324,0,0.0003022761646797671,0.017539004174862385
s22-135-2,u002,2025-07-14,regular,hazard,30,0.003148003410752054,0,9.909925474106565e-06,0.003152968796929154
s22-135-2,u002,2025-07-14,regular,hazard,60,0.008173092674876092,0,6.679944387211324e-05,0.008206675505712675
s22-135-2,u002,2025-07-14,regular,hazard,120,0.02902382308069873,0,0.0008423823062197003,0.02945334557541378
s22-135-2,u002,2025-07-14,regular,hazard_cal,30,0.004167666282016258,0,1.7369442238255218e-05,0.004176375208825036
s22-135-2,u002,2025-07-14,regular,hazard_cal,60,0.010718245293818818,0,0.00011488078217846924,0.010776099452986937
s22-135-2,u002,2025-07-14,regular,hazard_cal,120,0.037173426678098975,0,0.0013818636509920006,0.03788197341057439
s22-135-30,u030,2025-07-14,regular,empirical,30,0.0011990407673860837,0,1.4376987618538084e-06,0.0011997601919040602
s22-135-30,u030,2025-07-14,regular,empirical,60,0.00659472422062346,0,4.349038754607771e-05,0.006616565492129114
s22-135-30,u030,2025-07-14,regular,empirical,120,0.017386091127098324,0,0.0003022761646797671,0.017539004174862385
s22-135-30,u030,2025-07-14,regular,hazard,30,0.005814579535507347,0,3.3809335174740834e-05,0.005831550019221078
s22-135-30,u030,2025-07-14,regular,hazard,60,0.015060218298621697,0,0.0002268101752021398,0.015174775007438484
s22-135-30,u030,2025-07-14,regular,hazard,120,0.05295012014806055,0,0.002803715223694048,0.054403515744988265
s22-135-30,u030,2025-07-14,regular,hazard_cal,30,0.007554049352877401,0,5.706366162570748e-05,0.0075827256899451126
s22-135-30,u030,2025-07-14,regular,hazard_cal,60,0.019369310195339606,0,0.0003751701774432868,0.01955935328894714
s22-135-30,u030,2025-07-14,regular,hazard_cal,120,0.06636666244156542,0,0.00440453388363269,0.06867149003717962
s22-135-21,u021,2025-07-14,regular,empirical,30,0.0011990407673860837,0,1.4376987618538084e-06,0.0011997601919040602
s22-135-21,u021,2025-07-14,regular,empirical,60,0.00659472422062346,0,4.349038754607771e-05,0.006616565492129114
s22-135-21,u021,2025-07-14,regular,empirical,120,0.017386091127098324,0,0.0003022761646797671,0.017539004174862385
s22-135-21,u021,2025-07-14,regular,hazard,30,0.0019589147868006584,0,3.837347141946269e-06,0.0019608359697374047
s22-135-21,u021,2025-07-14,regular,hazard,60,0.005091311400905463,0,2.5921451780989946e-05,0.005104316286857809
s22-135-21,u021,2025-07-14,regular,hazard,120,0.01816092094256827,0,0.0003298190494822148,0.018327854669540494
s22-135-21,u021,2025-07-14,regular,hazard_cal,30,0.0026310664996074262,0,6.922510925356475e-06,0.0026345338382711956
s22-135-21,u021,2025-07-14,regular,hazard_cal,60,0.006775645093240024,0,4.590936642954761e-05,0.006798703994769125
s22-135-21,u021,2025-07-14,regular,hazard_cal,120,0.023630033140553786,0,0.0005583784662236702,0.023913699990635157
s22-135-27,u027,2025-07-14,regular,empirical,30,0.0011990407673860837,0,1.4376987618538084e-06,0.0011997601919040602
s22-135-27,u027,2025-07-14,regular,empirical,60,0.00659472422062346,0,4.349038754607771e-05,0.006616565492129114
s22-135-27,u027,2025-07-14,regular,empirical,120,0.017386091127098324,0,0.0003022761646797671,0.017539004174862385
s22-135-27,u027,2025-07-14,regular,hazard,30,0.0017307700212886301,0,2.995564866591445e-06,0.001732269534179678
s22-135-27,u027,2025-07-14,regular,hazard,60,0.004499272372565977,0,2.0243451882535472e-05,0.004509424561594653
s22-135-27,u027,2025-07-14,regular,hazard,120,0.01606287506034354,0,0.0002580159552042065,0.01619328139045899
s22-135-27,u027,2025-07-14,regular,hazard_cal,30,0.002333358588807566,0,5.444562303962035e-06,0.002336085112089627
s22-135-27,u027,2025-07-14,regular,hazard_cal,60,0.0060105502471672345,0,3.6126714273722105e-05,0.006028686312642923
s22-135-27,u027,2025-07-14,regular,hazard_cal,120,0.020984310259113514,0,0.0004403412770507367,0.021207610287006
s22-135-4,u004,2025-07-14,regular,empirical,30,0.0011990407673860837,0,1.4376987618538084e-06,0.0011997601919040602
s22-135-4,u004,2025-07-14,regular,empirical,60,0.00659472422062346,0,4.349038754607771e-05,0.006616565492129114
s22-135-4,u004,2025-07-14,regular,empirical,120,0.017386091127098324,0,0.0003022761646797671,0.017539004174862385
s22-135-4,u004,2025-07-14,regular,hazard,30,0.00543928492022383,0,2.958582044337436e-05,0.005454131692134601
s22-135-4,u004,2025-07-14,regular,hazard,60,0.014092917429314844,0,0.0001986103216694861,0.01419316556378957
s22-135-4,u004,2025-07-14,regular,hazard,120,0.04961863842421932,0,0.002462009279073414,0.05089194170265183
s22-135-4,u004,2025-07-14,regular,hazard_cal,30,0.007081118438094225,0,5.0142238334317995e-05,0.007106308543780404
s22-135-4,u004,2025-07-14,regular,hazard_cal,60,0.018164242171256118,0,0.00032993969365603914,0.018331237336187196
s22-135-4,u004,2025-07-14,regular,hazard_cal,120,0.0623429476815035,0,0.003886643125618683,0.06437101269483082
s22-135-46,u046,2025-07-14,variable,empirical,30,0.0011990407673860837,0,1.4376987618538084e-06,0.0011997601919040602
s22-135-46,u046,2025-07-14,variable,empirical,60,0.00659472422062346,0,4.349038754607771e-05,0.006616565492129114
s22-135-46,u046,2025-07-14,variable,empirical,120,0.017386091127098324,0,0.0003022761646797671,0.017539004174862385
s22-135-46,u046,2025-07-14,variable,hazard,30,0.0005695822974207676,0,3.2442399353511976e-07,0.0005697445710392477
s22-135-46,u046,2025-07-14,variable,hazard,60,0.0014822155144654792,0,2.196962831322165e-06,0.0014833150825466987
s22-135-46,u046,2025-07-14,variable,hazard,120,0.005314869129150801,0,2.8247833860000193e-05,0.005329043290931176
s22-135-46,u046,2025-07-14,variable,hazard_cal,30,0.000793966437325655,0,6.303827035995932e-07,0.0007942817956111
s22-135-46,u046,2025-07-14,variable,hazard_cal,60,0.0020479713896401908,0,4.194186812784774e-06,0.002050071350643133
s22-135-46,u046,2025-07-14,variable,hazard_cal,120,0.007189894885506587,0,5.1694588464633776e-05,0.007215866744573181
s22-135-7,u007,2025-07-14,variable,empirical,30,0.0011990407673860837,0,1.4376987618538084e-06,0.0011997601919040602
s22-135-7,u007,2025-07-14,variable,empirical,60,0.00659472422062346,0,4.349038754607771e-05,0.006616565492129114
s22-135-7,u007,2025-07-14,variable,empirical,120,0.017386091127098324,0,0.0003022761646797671,0.017539004174862385
s22-135-7,u007,2025-07-14,variable,hazard,30,0.0012392062276556093,0,1.5356320746604458e-06,0.0012399746786046762
s22-135-7,u007,2025-07-14,variable,hazard,60,0.0032228332772291646,0,1.0386654332815677e-05,0.003228037789587685
s22-135-7,u007,2025-07-14,variable,hazard,120,0.011527169390697867,0,0.00013287563416184182,0.011594122222842784
s22-135-7,u007,2025-07-14,variable,hazard_cal,30,0.0016875639014101163,0,2.8478719213425325e-06,0.0016889894413897391
s22-135-7,u007,2025-07-14,variable,hazard_cal,60,0.0043495074438477666,0,1.8918215004087133e-05,0.004358994069442656
s22-135-7,u007,2025-07-14,variable,hazard_cal,120,0.01522068093660156,0,0.00023166912817382615,0.01533770447110925
s22-135-24,u024,2025-07-14,regular,empirical,30,0.0011990407673860837,0,1.4376987618538084e-06,0.0011997601919040602
s22-135-24,u024,2025-07-14,regular,empirical,60,0.00659472422062346,0,4.349038754607771e-05,0.006616565492129114
s22-135-24,u024,2025-07-14,regular,empirical,120,0.017386091127098324,0,0.0003022761646797671,0.017539004174862385
s22-135-24,u024,2025-07-14,regular,hazard,30,0.006176176056595262,0,3.8145150682060594e-05,0.006195327527894826
s22-135-24,u024,2025-07-14,regular,hazard,60,0.01599159564600161,0,0.00025573113130521766,0.016120840956196883
s22-135-24,u024,2025-07-14,regular,hazard,120,0.056148983381424045,0,0.0031527083347674336,0.057786946670367774
s22-135-24,u024,2025-07-14,regular,hazard_cal,30,0.008008788538374723,0,6.414069385240232e-05,0.008041031150193292
s22-135-24,u024,2025-07-14,regular,hazard_cal,60,0.020527073141451524,0,0.00042136073175450054,0.020740681735985648
s22-135-24,u024,2025-07-14,regular,hazard_cal,120,0.07021946898788833,0,0.004930773824941012,0.07280670884344227
s22-135-36,u036,2025-07-14,variable,empirical,30,0.0011990407673860837,0,1.4376987618538084e-06,0.0011997601919040602
s22-135-36,u036,2025-07-14,variable,empirical,60,0.00659472422062346,0,4.349038754607771e-05,0.006616565492129114
s22-135-36,u036,2025-07-14,variable,empirical,120,0.017386091127098324,0,0.0003022761646797671,0.017539004174862385
s22-135-36,u036,2025-07-14,variable,hazard,30,0.0014464701161419624,0,2.092275796891742e-06,0.0014475172639408858
s22-135-36,u036,2025-07-14,variable,hazard,60,0.0037611707122627847,0,1.4146405126783344e-05,0.0037682617006889307
s22-135-36,u036,2025-07-14,variable,hazard,120,0.013442153346133856,0,0.00018069148658097763,0.013533316968105056
s22-135-36,u036,2025-07-14,variable,hazard_cal,30,0.0019606638299556334,0,3.8442026540962925e-06,0.0019625884473793258
s22-135-36,u036,2025-07-14,variable,hazard_cal,60,0.005052176250127771,0,2.5524484862355108e-05,0.005064981640826935
s22-135-36,u036,2025-07-14,variable,hazard_cal,120,0.017662156121646788,0,0.0003119517588654251,0.017819993258668964
s22-135-6,u006,2025-07-14,variable,empirical,30,0.0011990407673860837,0,1.4376987618538084e-06,0.0011997601919040602
s22-135-6,u006,2025-07-14,variable,empirical,60,0.00659472422062346,0,4.349038754607771e-05,0.006616565492129114
s22-135-6,u006,2025-07-14,variable,empirical,120,0.017386091127098324,0,0.0003022761646797671,0.017539004174862385
s22-135-6,u006,2025-07-14,variable,hazard,30,0.00089403533736232,0,7.992991844525573e-07,0.0008944352253149524
s22-135-6,u006,2025-07-14,variable,hazard,60,0.002325858453844254,0,5.4096175473187835e-06,0.002328567463949111
s22-135-6,u006,2025-07-14,variable,hazard,120,0.008329771205443537,0,6.938508833503627e-05,0.008364657615230437
s22-135-6,u006,2025-07-14,variable,hazard_cal,30,0.0012295108951794198,0,1.5116970413648982e-06,0.0012302673638212992
s22-135-6,u006,2025-07-14,variable,hazard_cal,60,0.003170206037608758,0,1.0050206320891023e-05,0.00317524178649333
s22-135-6,u006,2025-07-14,variable,hazard_cal,120,0.011112229175326505,0,0.00012348163724497756,0.011174431225499055
s22-135-9,u009,2025-07-14,variable,empirical,30,0.0011990407673860837,0,1.4376987618538084e-06,0.0011997601919040602
s22-135-9,u009,2025-07-14,variable,empirical,60,0.00659472422062346,0,4.349038754607771e-05,0.006616565492129114
s22-135-9,u009,2025-07-14,variable,empirical,120,0.017386091127098324,0,0.0003022761646797671,0.017539004174862385
s22-135-9,u009,2025-07-14,variable,hazard,30,0.0012409411356275601,0,1.5399349020926187e-06,0.0012417117406615676
s22-135-9,u009,2025-07-14,variable,hazard,60,0.003227340275888002,0,1.0415725256368846e-05,0.0032325593707381076
s22-135-9,u009,2025-07-14,variable,hazard,120,0.011543214212550446,0,0.00013324579435682662,0.011610354284641905
s22-135-9,u009,2025-07-14,variable,hazard_cal,30,0.0016898553644588699,0,2.85561115279042e-06,0.0016912847805999288
s22-135-9,u009,2025-07-14,variable,hazard_cal,60,0.004355404641091076,0,1.896954958763769e-05,0.004364917046181881
s22-135-9,u009,2025-07-14,variable,hazard_cal,120,0.015241191315369385,0,0.00023229391271169114,0.015358532073763498
s22-135-12,u012,2025-07-14,variable,empirical,30,0.0011990407673860837,0,1.4376987618538084e-06,0.0011997601919040602
s22-135-12,u012,2025-07-14,variable,empirical,60,0.00659472422062346,0,4.349038754607771e-05,0.006616565492129114
s22-135-12,u012,2025-07-14,variable,empirical,120,0.017386091127098324,0,0.0003022761646797671,0.017539004174862385
s22-135-12,u012,2025-07-14,variable,hazard,30,0.001539951620086022,0,2.3714509922055636e-06,0.001541138564296403
s22-135-12,u012,2025-07-14,variable,hazard,60,0.004003909671919659,0,1.603129266089179e-05,0.004011946778656429
s22-135-12,u012,2025-07-14,variable,hazard,120,0.014304649017061077,0,0.00020462298350130644,0.01440794678434077
s22-135-12,u012,2025-07-14,variable,hazard_cal,30,0.002083438206927579,0,4.340714762085606e-06,0.0020856115835639314
s22-135-12,u012,2025-07-14,variable,hazard_cal,60,0.005367956673010599,0,2.8814958843319016e-05,0.0053824159200533345
s22-135-12,u012,2025-07-14,variable,hazard_cal,120,0.018757784647041587,0,0.0003518544848647891,0.018935943315247377
s22-135-31,u031,2025-07-14,variable,empirical,30,0.0011990407673860837,0,1.4376987618538084e-06,0.0011997601919040602
s22-135-31,u031,2025-07-14,variable,empirical,60,0.00659472422062346,0,4.349038754607771e-05,0.006616565492129114
s22-135-31,u031,2025-07-14,variable,empirical,120,0.017386091127098324,0,0.0003022761646797671,0.017539004174862385
s22-135-31,u031,2025-07-14,variable,hazard,30,0.001272472685064474,0,1.6191867342351923e-06,0.0012732829658779982
s22-135-31,u031,2025-07-14,variable,hazard,60,0.0033092514860528777,0,1.0951145397943179e-05,0.0033147391688447335
s22-135-31,u031,2025-07-14,variable,hazard,120,0.011834779804263729,0,0.00014006201301540862,0.01190536829637038
s22-135-31,u031,2025-07-14,variable,hazard_cal,30,0.00173148534126788,0,2.9980414870255467e-06,0.0017329860946165355
s22-135-31,u031,2025-07-14,variable,hazard_cal,60,0.004462537364371522,0,1.9914239728411926e-05,0.004472524206414857
s22-135-31,u031,2025-07-14,variable,hazard_cal,120,0.015613738255591647,0,0.0002437888223141261,0.015736916531325112
s22-135-33,u033,2025-07-14,variable,empirical,30,0.0011990407673860837,0,1.4376987618538084e-06,0.0011997601919040602
s22-135-33,u033,2025-07-14,variable,empirical,60,0.00659472422062346,0,4.349038754607771e-05,0.006616565492129114
s22-135-33,u033,2025-07-14,variable,empirical,120,0.017386091127098324,0,0.0003022761646797671,0.017539004174862385
s22-135-33,u033,2025-07-14,variable,hazard,30,0.004090436183263546,0,1.6731668169351648e-05,0.004098824900838837
s22-135-33,u033,2025-07-14,variable,hazard,60,0.010610941871909363,0,0.00011259208740903938,0.010667639348033005
s22-135-33,u033,2025-07-14,variable,hazard,120,0.03754810874201786,0,0.0014098604701023982,0.038271197177984946
s22-135-33,u033,2025-07-14,variable,hazard_cal,30,0.005372126423108692,0,2.8859742305862587e-05,0.0053866081827764365
s22-135-33,u033,2025-07-14,variable,hazard_cal,60,0.01380117108616763,0,0.00019047232334966938,0.01389729266611552
s22-135-33,u033,2025-07-14,variable,hazard_cal,120,0.04765902339706929,0,0.0022713825111623977,0.048832139617311546
s22-135-54,u054,2025-07-14,new,empirical,30,0.0011990407673860837,0,1.4376987618538084e-06,0.0011997601919040602
s22-135-54,u054,2025-07-14,new,empirical,60,0.00659472422062346,0,4.349038754607771e-05,0.006616565492129114
s22-135-54,u054,2025-07-14,new,empirical,120,0.017386091127098324,0,0.0003022761646797671,0.017539004174862385
s22-135-54,u054,2025-07-14,new,hazard,30,0.0022746623745386607,0,5.1740889181418585e-06,0.0022772533488045277
s22-135-54,u054,2025-07-14,new,hazard,60,0.005910281313521337,0,3.49314252049595e-05,0.005927816150807639
s22-135-54,u054,2025-07-14,new,hazard,120,0.021057205193678152,0,0.00044340589056866614,0.021282070430235413
s22-135-54,u054,2025-07-14,new,hazard_cal,30,0.003041355174140392,0,9.249841295270535e-06,0.0030459894935809884
s22-135-54,u054,2025-07-14,new,hazard_cal,60,0.00782940856009362,0,6.129963840086726e-05,0.007860219304599358
s22-135-54,u054,2025-07-14,new,hazard_cal,120,0.027264641873255946,0,0.0007433606964769015,0.02764321927214086
s22-135-15,u015,2025-07-14,variable,empirical,30,0.0011990407673860837,0,1.4376987618538084e-06,0.0011997601919040602
s22-135-15,u015,2025-07-14,variable,empirical,60,0.00659472422062346,0,4.349038754607771e-05,0.006616565492129114
s22-135-15,u015,2025-07-14,variable,empirical,120,0.017386091127098324,0,0.0003022761646797671,0.017539004174862385
s22-135-15,u015,2025-07-14,variable,hazard,30,0.000801485533282631,0,6.423790600613433e-07,0.000801806894535065
s22-135-15,u015,2025-07-14,variable,hazard,60,0.0020852604409368203,0,4.3483111065360226e-06,0.002087437623678652
s22-135-15,u015,2025-07-14,variable,hazard,120,0.007470706033804175,0,5.581144864351811e-05,0.007498751525180718
s22-135-15,u015,2025-07-14,variable,hazard_cal,30,0.0011058525195928315,0,1.2229097950898137e-06,0.001106464425650544
s22-135-15,u015,2025-07-14,variable,hazard_cal,60,0.0028516723852850534,0,8.132035392997346e-06,0.0028557461495187803
s22-135-15,u015,2025-07-14,variable,hazard_cal,120,0.010000178206515886,0,0.00010000356416207529,0.010050515860099345
s22-135-18,u018,2025-07-14,variable,empirical,30,0.0011990407673860837,0,1.4376987618538084e-06,0.0011997601919040602
s22-135-18,u018,2025-07-14,variable,empirical,60,0.00659472422062346,0,4.349038754607771e-05,0.006616565492129114
s22-135-18,u018,2025-07-14,variable,empirical,120,0.017386091127098324,0,0.0003022761646797671,0.017539004174862385
s22-135-18,u018,2025-07-14,variable,hazard,30,0.0004342697498905812,0,1.8859021567002795e-07,0.00043436407230698615
s22-135-18,u018,2025-07-14,variable,hazard,60,0.0011302307318343807,0,1.2774215071828797e-06,0.0011308699242566411
s22-135-18,u018,2025-07-14,variable,hazard,120,0.004054805932845351,0,1.644145115303786e-05,0.0040630489485200556
s22-135-18,u018,2025-07-14,variable,hazard_cal,30,0.0006102796833992175,0,3.724412919698491e-07,0.0006104659798443487
s22-135-18,u018,2025-07-14,variable,hazard_cal,60,0.0015744211910653227,0,2.4788020868755496e-06,0.0015756618945396575
s22-135-18,u018,2025-07-14,variable,hazard_cal,120,0.005531063419653259,0,3.059266255222641e-05,0.005546416389266152
s22-135-44,u044,2025-07-14,variable,empirical,30,0.0011990407673860837,0,1.4376987618538084e-06,0.0011997601919040602
s22-135-44,u044,2025-07-14,variable,empirical,60,0.00659472422062346,0,4.349038754607771e-05,0.006616565492129114
s22-135-44,u044,2025-07-14,variable,empirical,120,0.017386091127098324,1,0.9655300939104832,4.052084752932218
s22-135-44,u044,2025-07-14,variable,hazard,30,0.0023093322358287427,0,5.33301537543778e-06,0.00231200285587466
s22-135-44,u044,2025-07-14,variable,hazard,60,0.006000177951243635,0,3.600213544659026e-05,0.0060182513509750525
s22-135-44,u044,2025-07-14,variable,hazard,120,0.021374704091462027,1,0.9577074697920736,3.8455471079294288
s22-135-44,u044,2025-07-14,variable,hazard_cal,30,0.0030862943613777505,0,9.525212885072097e-06,0.0030910667897624607
s22-135-44,u044,2025-07-14,variable,hazard_cal,60,0.007944781602792328,0,6.311955471606744e-05,0.007976509539568329
s22-135-44,u044,2025-07-14,variable,hazard_cal,120,0.02766192671667156,1,0.9454413287563354,3.587698298024994
s22-135-16,u016,2025-07-14,variable,empirical,30,0.0011990407673860837,0,1.4376987618538084e-06,0.0011997601919040602
s22-135-16,u016,2025-07-14,variable,empirical,60,0.00659472422062346,0,4.349038754607771e-05,0.006616565492129114
s22-135-16,u016,2025-07-14,variable,empirical,120,0.017386091127098324,0,0.0003022761646797671,0.017539004174862385
s22-135-16,u016,2025-07-14,variable,hazard,30,0.0008692466001073429,0,7.555896517981749e-07,0.0008696246140073155
s22-135-16,u016,2025-07-14,variable,hazard,60,0.002261420082961263,0,5.1140207916205255e-06,0.002263980954890334
s22-135-16,u016,2025-07-14,variable,hazard,120,0.008099750201000289,0,6.560595331860421e-05,0.008132731391325946
s22-135-16,u016,2025-07-14,variable,hazard_cal,30,0.0011964296484426873,0,1.4314439036726923e-06,0.0011971459417812478
s22-135-16,u016,2025-07-14,variable,hazard_cal,60,0.0030849983113026003,0,9.517214580739896e-06,0.0030897667281569803
s22-135-16,u016,2025-07-14,variable,hazard_cal,120,0.010814853357755116,0,0.00011696105314974712,0.0108737589730398
s22-135-52,u052,2025-07-14,variable,empirical,30,0.0011990407673860837,0,1.4376987618538084e-06,0.0011997601919040602
s22-135-52,u052,2025-07-14,variable,empirical,60,0.00659472422062346,0,4.349038754607771e-05,0.006616565492129114
s22-135-52,u052,2025-07-14,variable,empirical,120,0.017386091127098324,0,0.0003022761646797671,0.017539004174862385
s22-135-52,u052,2025-07-14,variable,hazard,30,0.0005856606710955559,0,3.4299842166809684e-07,0.0005858322372960442
s22-135-52,u052,2025-07-14,variable,hazard,60,0.0015240340672518782,0,2.3226798381443024e-06,0.0015251965884690408
s22-135-52,u052,2025-07-14,variable,hazard,120,0.005464488943442314,0,2.9860639413003294e-05,0.00547947387808685
s22-135-52,u052,2025-07-14,variable,hazard_cal,30,0.0008156988271718069,0,6.653645766494612e-07,0.0008160316904832496
s22-135-52,u052,2025-07-14,variable,hazard_cal,60,0.0021039880291247037,0,4.426765626700055e-06,0.0021062045214660066
s22-135-52,u052,2025-07-14,variable,hazard_cal,120,0.007385973222426956,0,5.455260044240803e-05,0.007413384579083415
s22-135-0,u000,2025-07-14,variable,empirical,30,0.0011990407673860837,0,1.4376987618538084e-06,0.0011997601919040602
s22-135-0,u000,2025-07-14,variable,empirical,60,0.00659472422062346,0,4.349038754607771e-05,0.006616565492129114
s22-135-0,u000,2025-07-14,variable,empirical,120,0.017386091127098324,0,0.0003022761646797671,0.017539004174862385
s22-135-0,u000,2025-07-14,variable,hazard,30,0.00353305215350197,0,1.2482457519364908e-05,0.003539308121716152
s22-135-0,u000,2025-07-14,variable,hazard,60,0.00916962071731997,0,8.408194409950361e-05,0.009211920469723862
s22-135-0,u000,2025-07-14,variable,hazard,120,0.032515648482936976,0,0.0010572673962659217,0.033056028351573556
s22-135-0,u000,2025-07-14,variable,hazard_cal,30,0.004660972973061894,0,2.1724669055613433e-05,0.004671869178720127
s22-135-0,u000,2025-07-14,variable,hazard_cal,60,0.011981702232260916,0,0.00014356118838256622,0.012054061397929383
s22-135-0,u000,2025-07-14,variable,hazard_cal,120,0.04148174357198775,0,0.001720735049772147,0.042366669804575034
s22-135-29,u029,2025-07-14,regular,empirical,30,0.0011990407673860837,0,1.4376987618538084e-06,0.0011997601919040602
s22-135-29,u029,2025-07-14,regular,empirical,60,0.00659472422062346,0,4.349038754607771e-05,0.006616565492129114
s22-135-29,u029,2025-07-14,regular,empirical,120,0.017386091127098324,0,0.0003022761646797671,0.017539004174862385
s22-135-29,u029,2025-07-14,regular,hazard,30,0.0017288711248661937,0,2.9889953663960976e-06,0.001730367347315269
s22-135-29,u029,2025-07-14,regular,hazard,60,0.004494343691375691,0,2.019912521620847e-05,0.004504473616956744
s22-135-29,u029,2025-07-14,regular,hazard,120,0.016045393814477893,0,0.0002574546626616854,0.016175514919276032
s22-135-29,u029,2025-07-14,regular,hazard_cal,30,0.0023308758610746105,0,5.432982279740307e-06,0.0023335965808100084
s22-135-29,u029,2025-07-14,regular,hazard_cal,60,0.006004168067817561,0,3.6050034186600066e-05,0.006022265561535263
s22-135-29,u029,2025-07-14,regular,hazard_cal,120,0.020962216449250226,0,0.0004394145184652168,0.021185043171076234
s22-136-1,u001,2025-07-15,regular,empirical,30,0.0011990407673860837,0,1.4376987618538084e-06,0.0011997601919040602
s22-136-1,u001,2025-07-15,regular,empirical,60,0.00659472422062346,0,4.349038754607771e-05,0.006616565492129114
s22-136-1,u001,2025-07-15,regular,empirical,120,0.017386091127098324,0,0.0003022761646797671,0.017539004174862385
s22-136-1,u001,2025-07-15,regular,hazard,30,0.00549661122209244,0,3.0212734926832547e-05,0.005511773174652234
s22-136-1,u001,2025-07-15,regular,hazard,60,0.014240715014457117,0,0.00020279796412298436,0.014343087059485914
s22-136-1,u001,2025-07-15,regular,hazard,120,0.05012827824718091,0,0.002512844280026791,0.05142833323876044
s22-136-1,u001,2025-07-15,regular,hazard_cal,30,0.00715342478141312,0,5.117148610333535e-05,0.007179133199989382
s22-136-1,u001,2025-07-15,regular,hazard_cal,60,0.018348550183279855,0,0.0003366692938283392,0.01851897272030113
s22-136-1,u001,2025-07-15,regular,hazard_cal,120,0.06295924355894778,0,0.0039638663495149065,0.06502850095428918
s22-136-57,u057,2025-07-15,new,empirical,30,0.0011990407673860837,0,1.4376987618538084e-06,0.0011997601919040602
s22-136-57,u057,2025-07-15,new,empirical,60,0.00659472422062346,0,4.349038754607771e-05,0.006616565492129114
s22-136-57,u057,2025-07-15,new,empirical,120,0.017386091127098324,0,0.0003022761646797671,0.017539004174862385
s22-136-57,u057,2025-07-15,new,hazard,30,0.0018354130392315149,0,3.3687410245810665e-06,0.0018370994735954823
s22-136-57,u057,2025-07-15,new,hazard,60,0.004770852632599465,0,2.2761034841981244e-05,0.00478226947654726
s22-136-57,u057,2025-07-15,new,hazard,120,0.017025739667616002,0,0.00028987581122943306,0.017172343987173988
s22-136-57,u057,2025-07-15,new,hazard_cal,30,0.0024700485527919813,0,6.101139853149762e-06,0.002473104155413515
s22-136-57,u057,2025-07-15,new,hazard_cal,60,0.006361886705812947,0,4.047360245759951e-05,0.006382209748156416
s22-136-57,u057,2025-07-15,new,hazard_cal,120,0.02219995232315819,0,0.0004928378831504967,0.02245008007829483
s22-136-16,u016,2025-07-15,variable,empirical,30,0.0011990407673860837,0,1.4376987618538084e-06,0.0011997601919040602
s22-136-16,u016,2025-07-15,variable,empirical,60,0.00659472422062346,0,4.349038754607771e-05,0.006616565492129114
s22-136-16,u016,2025-07-15,variable,empirical,120,0.017386091127098324,0,0.0003022761646797671,0.017539004174862385
s22-136-16,u016,2025-07-15,variable,hazard,30,0.0008259524359799375,0,6.821974265011928e-07,0.0008262937226304887
s22-136-16,u016,2025-07-15,variable,hazard,60,0.0021488699488724228,0,4.617642057166969e-06,0.0021511820828115915
s22-136-16,u016,2025-07-15,variable,hazard,120,0.007697884806379451,0,5.92574304922876e-05,0.007727666457218694
s22-136-16,u016,2025-07-15,variable,hazard_cal,30,0.0011385834662227534,0,1.2963723095558199e-06,0.0011392321448074189
s22-136-16,u016,2025-07-15,variable,hazard_cal,60,0.002935991329126586,0,8.620045084706497e-06,0.0029403098064148476
s22-136-16,u016,2025-07-15,variable,hazard_cal,120,0.010294645958772941,0,0.00010597973541648004,0.010348002332351006
s22-136-17,u017,2025-07-15,variable,empirical,30,0.0011990407673860837,0,1.4376987618538084e-06,0.0011997601919040602
s22-136-17,u017,2025-07-15,variable,empirical,60,0.00659472422062346,0,4.349038754607771e-05,0.006616565492129114
s22-136-17,u017,2025-07-15,variable,empirical,120,0.017386091127098324,0,0.0003022761646797671,0.017539004174862385
s22-136-17,u017,2025-07-15,variable,hazard,30,0.00044506345866646146,0,1.9808148224015304e-07,0.00044516252880367064
s22-136-17,u017,2025-07-15,variable,hazard,60,0.0011583112414454977,0,1.34168493205901e-06,0.001158982602391554
s22-136-17,u017,2025-07-15,variable,hazard,120,0.004155378057833059,0,1.7267166803520445e-05,0.004164035633224251
s22-136-17,u017,2025-07-15,variable,hazard_cal,30,0.0006249891726241019,0,3.9061146589735946e-07,0.0006251845597711929
s22-136-17,u017,2025-07-15,variable,hazard_cal,60,0.001612348361391125,0,2.5996672384806457e-06,0.0016136495938918523
s22-136-17,u017,2025-07-15,variable,hazard_cal,120,0.005664002558319781,0,3.208092498065302e-05,0.005680103848091657
s22-136-31,u031,2025-07-15,variable,empirical,30,0.0011990407673860837,0,1.4376987618538084e-06,0.0011997601919040602
s22-136-31,u031,2025-07-15,variable,empirical,60,0.00659472422062346,0,4.349038754607771e-05,0.006616565492129114
s22-136-31,u031,2025-07-15,variable,empirical,120,0.017386091127098324,0,0.0003022761646797671,0.017539004174862385
s22-136-31,u031,2025-07-15,variable,hazard,30,0.0012066512667618934,0,1.456007279578082e-06,0.0012073798565631934
s22-136-31,u031,2025-07-15,variable,hazard,60,0.0031382583721907276,0,9.848665610625195e-06,0.003143193031858569
s22-136-31,u031,2025-07-15,variable,hazard,120,0.011226045499856618,0,0.00012602409756485103,0.011289533139237187
s22-136-31,u031,2025-07-15,variable,hazard_cal,30,0.0016445471362621644,0,2.704535283388086e-06,0.0016459008883134803
s22-136-31,u031,2025-07-15,variable,hazard_cal,60,0.004238797177756548,0,1.7967401514156876e-05,0.004247806346218766
s22-136-31,u031,2025-07-15,variable,hazard_cal,120,0.014835568732196491,0,0.0002200940996077262,0.014946716444931972
s22-136-35,u035,2025-07-15,regular,empirical,30,0.0011990407673860837,0,1.4376987618538084e-06,0.0011997601919040602
s22-136-35,u035,2025-07-15,regular,empirical,60,0.00659472422062346,0,4.349038754607771e-05,0.006616565492129114
s22-136-35,u035,2025-07-15,regular,empirical,120,0.017386091127098324,0,0.0003022761646797671,0.017539004174862385
s22-136-35,u035,2025-07-15,regular,hazard,30,0.003652621938492473,0,1.3341647025556512e-05,0.003659309050633108
s22-136-35,u035,2025-07-15,regular,hazard,60,0.009478933916540644,0,8.985018819414456e-05,0.009524144938993902
s22-136-35,u035,2025-07-15,regular,hazard,120,0.0335974177963696,0,0.0011287864825838127,0.03417477982292284
s22-136-35,u035,2025-07-15,regular,hazard_cal,30,0.004813808957325527,0,2.317275667762748e-05,0.004825432653502121
s22-136-35,u035,2025-07-15,regular,hazard_cal,60,0.012372922323726665,0,0.00015308920682897365,0.012450104231771864
s22-136-35,u035,2025-07-15,regular,hazard_cal,120,0.042812661958746556,0,0.0018329240239939046,0.0437561511577958
s22-136-10,u010,2025-07-15,regular,empirical,30,0.0011990407673860837,0,1.4376987618538084e-06,0.0011997601919040602
s22-136-10,u010,2025-07-15,regular,empirical,60,0.00659472422062346,0,4.349038754607771e-05,0.006616565492129114
s22-136-10,u010,2025-07-15,regular,empirical,120,0.017386091127098324,0,0.0003022761646797671,0.017539004174862385
s22-136-10,u010,2025-07-15,regular,hazard,30,0.002554790236172888,0,6.526953150844321e-06,0.002558059281752464
s22-136-10,u010,2025-07-15,regular,hazard,60,0.006636474199382958,0,4.404278979907567e-05,0.006658593511426016
s22-136-10,u010,2025-07-15,regular,hazard,120,0.02361961521865097,0,0.0005578862230771284,0.023903029991887842
s22-136-10,u010,2025-07-15,regular,hazard_cal,30,0.003403879747057803,0,1.1586397332430293e-05,0.0034096861256112266
s22-136-10,u010,2025-07-15,regular,hazard_cal,60,0.008759862446947375,0,7.673519008943885e-05,0.008798455587693117
s22-136-10,u010,2025-07-15,regular,hazard_cal,120,0.030464957224655143,0,0.0009281136187000676,0.030938659748583744
s22-136-12,u012,2025-07-15,variable,empirical,30,0.0011990407673860837,0,1.4376987618538084e-06,0.0011997601919040602
s22-136-12,u012,2025-07-15,variable,empirical,60,0.00659472422062346,0,4.349038754607771e-05,0.006616565492129114
s22-136-12,u012,2025-07-15,variable,empirical,120,0.017386091127098324,0,0.0003022761646797671,0.017539004174862385
s22-136-12,u012,2025-07-15,variable,hazard,30,0.0008950470248584308,0,8.011091767079284e-07,0.0008954478186174722
s22-136-12,u012,2025-07-15,variable,hazard,60,0.0023284882766315684,0,5.421857654410651e-06,0.0023312034210656207
s22-136-12,u012,2025-07-15,variable,hazard,120,0.00833915777964267,0,6.954155247377486e-05,0.008374123079001344
s22-136-12,u012,2025-07-15,variable,hazard_cal,30,0.0012308604255615307,0,1.5150173872135126e-06,0.0012316185564211712
s22-136-12,u012,2025-07-15,variable,hazard_cal,60,0.00317368193216383,0,1.007225700654314e-05,0.0031787287414742826
s22-136-12,u012,2025-07-15,variable,hazard_cal,120,0.011124358567237591,0,0.00012375135353247238,0.011186696991804636
s22-136-18,u018,2025-07-15,variable,empirical,30,0.0011990407673860837,0,1.4376987618538084e-06,0.0011997601919040602
s22-136-18,u018,2025-07-15,variable,empirical,60,0.00659472422062346,0,4.349038754607771e-05,0.006616565492129114
s22-136-18,u018,2025-07-15,variable,empirical,120,0.017386091127098324,0,0.0003022761646797671,0.017539004174862385
s22-136-18,u018,2025-07-15,variable,hazard,30,0.0004117927336901861,0,1.6957325552003652e-07,0.0004118775436014821
s22-136-18,u018,2025-07-15,variable,hazard,60,0.0010717536221603874,0,1.1486558266139104e-06,0.0010723283607625108
s22-136-18,u018,2025-07-15,variable,hazard,120,0.0038453401395057707,0,1.478664078849426e-05,0.0038527524679510153
s22-136-18,u018,2025-07-15,variable,hazard_cal,30,0.000579612806783758,0,3.35951005787746e-07,0.0005797808472220493
s22-136-18,u018,2025-07-15,variable,hazard_cal,60,0.001495346089159466,0,2.23605992636451e-06,0.001496465234935292
s22-136-18,u018,2025-07-15,variable,hazard_cal,120,0.005253850368899138,0,2.7602943698781606e-05,0.005267700372611925
s22-136-43,u043,2025-07-15,regular,empirical,30,0.0011990407673860837,0,1.4376987618538084e-06,0.0011997601919040602
s22-136-43,u043,2025-07-15,regular,empirical,60,0.00659472422062346,0,4.349038754607771e-05,0.006616565492129114
s22-136-43,u043,2025-07-15,regular,empirical,120,0.017386091127098324,0,0.0003022761646797671,0.017539004174862385
s22-136-43,u043,2025-07-15,regular,hazard,30,0.0032095682209042353,0,1.0301328164638379e-05,0.003214729932522699
s22-136-43,u043,2025-07-15,regular,hazard,60,0.008332472188971707,0,6.943009277998694e-05,0.008367381290024784
s22-136-43,u043,2025-07-15,regular,hazard,120,0.029582969037916795,0,0.0008751520570983438,0.030029371050736102
s22-136-43,u043,2025-07-15,regular,hazard_cal,30,0.004246661327835355,0,1.803413243333234e-05,0.0042557040039209754
s22-136-43,u043,2025-07-15,regular,hazard_cal,60,0.010920641427866307,0,0.00011926040919602985,0.010980709352964413
s22-136-43,u043,2025-07-15,regular,hazard_cal,120,0.03786462229214371,0,0.0014337296213267066,0.03860011294926036
s22-136-54,u054,2025-07-15,new,empirical,30,0.0011990407673860837,0,1.4376987618538084e-06,0.0011997601919040602
s22-136-54,u054,2025-07-15,new,empirical,60,0.00659472422062346,0,4.349038754607771e-05,0.006616565492129114
s22-136-54,u054,2025-07-15,new,empirical,120,0.017386091127098324,0,0.0003022761646797671,0.017539004174862385
s22-136-54,u054,2025-07-15,new,hazard,30,0.002155620696985383,0,4.646700589271749e-06,0.002157947391528622
s22-136-54,u054,2025-07-15,new,hazard,60,0.005601571605814981,0,3.1377604455072625e-05,0.005617319243255274
s22-136-54,u054,2025-07-15,new,hazard,120,0.019966264866048244,0,0.0003986517327011925,0.02016828430392496
s22-136-54,u054,2025-07-15,new,hazard_cal,30,0.0028868900934673203,0,8.334134411759753e-06,0.002891065197987873
s22-136-54,u054,2025-07-15,new,hazard_cal,60,0.007432778271744267,0,5.524619283691369e-05,0.00746053901333088
s22-136-54,u054,2025-07-15,new,hazard_cal,120,0.02589786550967388,0,0.0006706994379571559,0.02623911996409422
s22-136-47,u047,2025-07-15,variable,empirical,30,0.0011990407673860837,0,1.4376987618538084e-06,0.0011997601919040602
s22-136-47,u047,2025-07-15,variable,empirical,60,0.00659472422062346,0,4.349038754607771e-05,0.006616565492129114
s22-136-47,u047,2025-07-15,variable,empirical,120,0.017386091127098324,0,0.0003022761646797671,0.017539004174862385
s22-136-47,u047,2025-07-15,variable,hazard,30,0.0011980053580210592,0,1.4352168378471664e-06,0.0011987235400879258
s22-136-47,u047,2025-07-15,variable,hazard,60,0.0031157962371466397,0,9.708186191417159e-06,0.0031206604367734546
s22-136-47,u047,2025-07-15,variable,hazard,120,0.011146057970780499,0,0.00012423460828799948,0.011208640743594801
s22-136-47,u047,2025-07-15,variable,hazard_cal,30,0.0016331169047931748,0,2.6670708247212395e-06,0.0016344518938656621
s22-136-47,u047,2025-07-15,variable,hazard_cal,60,0.0042093783054448775,0,1.771886571834999e-05,0.004218262678861831
s22-136-47,u047,2025-07-15,variable,hazard_cal,120,0.014733213238446452,0,0.0002170675723295338,0.014842824979038055
s22-136-52,u052,2025-07-15,variable,empirical,30,0.0011990407673860837,0,1.4376987618538084e-06,0.0011997601919040602
s22-136-52,u052,2025-07-15,variable,empirical,60,0.00659472422062346,0,4.349038754607771e-05,0.006616565492129114
s22-136-52,u052,2025-07-15,variable,empirical,120,0.017386091127098324,0,0.0003022761646797671,0.017539004174862385
s22-136-52,u052,2025-07-15,variable,hazard,30,0.00047180817262093555,0,2.2260295175190652e-07,0.0004719195091178348
s22-136-52,u052,2025-07-15,variable,hazard,60,0.0012278869493304034,0,1.5077063603359248e-06,0.0012286414201770793
s22-136-52,u052,2025-07-15,variable,hazard,120,0.004404532541060546,0,1.9399906905261272e-05,0.004414261071442116
s22-136-52,u052,2025-07-15,variable,hazard_cal,30,0.0006613908460865181,0,4.3743785128704027e-07,0.0006616096614991551
s22-136-52,u052,2025-07-15,variable,hazard_cal,60,0.0017062027617713582,0,2.91112786427621e-06,0.0017076599834831927
s22-136-52,u052,2025-07-15,variable,hazard_cal,120,0.005992912145344809,0,3.591499598182132e-05,0.00601094171249979
s22-136-2,u002,2025-07-15,regular,empirical,30,0.0011990407673860837,0,1.4376987618538084e-06,0.0011997601919040602
s22-136-2,u002,2025-07-15,regular,empirical,60,0.00659472422062346,0,4.349038754607771e-05,0.006616565492129114
s22-136-2,u002,2025-07-15,regular,empirical,120,0.017386091127098324,0,0.0003022761646797671,0.017539004174862385
s22-136-2,u002,2025-07-15,regular,hazard,30,0.002524957715098086,0,6.375411463033348e-06,0.0025281507968930935
s22-136-2,u002,2025-07-15,regular,hazard,60,0.006559154869633987,0,4.302251260384325e-05,0.006580760654885869
s22-136-2,u002,2025-07-15,regular,hazard,120,0.023347047495292372,0,0.0005450846267474378,0.02362390754177443
s22-136-2,u002,2025-07-15,regular,hazard_cal,30,0.0033653332354003362,0,1.1325467785290095e-05,0.0033710087061038256
s22-136-2,u002,2025-07-15,regular,hazard_cal,60,0.008660957438047512,0,7.501218374367053e-05,0.008698681505554137
s22-136-2,u002,2025-07-15,regular,hazard_cal,120,0.03012517076870591,0,0.0009075259138436931,0.0305882578409413
s22-136-34,u034,2025-07-15,variable,empirical,30,0.0011990407673860837,0,1.4376987618538084e-06,0.0011997601919040602
s22-136-34,u034,2025-07-15,variable,empirical,60,0.00659472422062346,0,4.349038754607771e-05,0.006616565492129114
s22-136-34,u034,2025-07-15,variable,empirical,120,0.017386091127098324,0,0.0003022761646797671,0.017539004174862385
s22-136-34,u034,2025-07-15,variable,hazard,30,0.000559791618237715,0,3.133666558491996e-07,0.0005599483600635427
s22-136-34,u034,2025-07-15,variable,hazard,60,0.0014567501572766428,0,2.1221210207255235e-06,0.001457812249380879
s22-136-34,u034,2025-07-15,variable,hazard,120,0.005223749422749613,0,2.7287558031676912e-05,0.005237440903154663
s22-136-34,u034,2025-07-15,variable,hazard_cal,30,0.0007807238204553535,0,6.095296838264031e-07,0.0007810287440149875
s22-136-34,u034,2025-07-15,variable,hazard_cal,60,0.002013836636631683,0,4.055537999040009e-06,0.002015867132146687
s22-136-34,u034,2025-07-15,variable,hazard_cal,120,0.00707039584215563,0,4.999049736477162e-05,0.00709550953669018
s22-136-39,u039,2025-07-15,variable,empirical,30,0.0011990407673860837,0,1.4376987618538084e-06,0.0011997601919040602
s22-136-39,u039,2025-07-15,variable,empirical,60,0.00659472422062346,0,4.349038754607771e-05,0.006616565492129114
s22-136-39,u039,2025-07-15,variable,empirical,120,0.017386091127098324,0,0.0003022761646797671,0.017539004174862385
s22-136-39,u039,2025-07-15,variable,hazard,30,0.0010575320141850142,0,1.118373961026213e-06,0.001058091595717238
s22-136-39,u039,2025-07-15,variable,hazard,60,0.002750796642781772,0,7.566882169939468e-06,0.0027545870365307647
s22-136-39,u039,2025-07-15,variable,hazard,120,0.00984556453192087,0,9.69351409522182e-05,0.009894352597219967
s22-136-39,u039,2025-07-15,variable,hazard_cal,30,0.0014470405998210367,0,2.093926497530426e-06,0.0014480885741660894
s22-136-39,u039,2025-07-15,variable,hazard_cal,60,0.0037303758927546005,0,1.3915704301244683e-05,0.0037373510970644735
s22-136-39,u039,2025-07-15,variable,hazard_cal,120,0.013065451682316431,0,0.00017070602766294527,0.013151555508722332
s22-136-44,u044,2025-07-15,variable,empirical,30,0.0011990407673860837,0,1.4376987618538084e-06,0.0011997601919040602
s22-136-44,u044,2025-07-15,variable,empirical,60,0.00659472422062346,0,4.349038754607771e-05,0.006616565492129114
s22-136-44,u044,2025-07-15,variable,empirical,120,0.017386091127098324,0,0.0003022761646797671,0.017539004174862385
s22-136-44,u044,2025-07-15,variable,hazard,30,0.0018583420297534348,0,3.4534350995481157e-06,0.0018600708895103993
s22-136-44,u044,2025-07-15,variable,hazard,60,0.004830353483340377,0,2.3332314774018516e-05,0.0048420573451306475
s22-136-44,u044,2025-07-15,variable,hazard,120,0.01723659328996252,0,0.000297100148243581,0.017386872738075355
s22-136-44,u044,2025-07-15,variable,hazard_cal,30,0.002499967180405571,0,6.2498359031049814e-06,0.0025030973162700203
s22-136-44,u044,2025-07-15,variable,hazard_cal,60,0.006438775743329184,0,4.145783307288428e-05,0.006459594071008867
s22-136-44,u044,2025-07-15,variable,hazard_cal,120,0.022465831650170354,0,0.000504713591733796,0.02272203289993686
s22-136-58,u058,2025-07-15,new,empirical,30,0.0011990407673860837,0,1.4376987618538084e-06,0.0011997601919040602
s22-136-58,u058,2025-07-15,new,empirical,60,0.00659472422062346,0,4.349038754607771e-05,0.006616565492129114
s22-136-58,u058,2025-07-15,new,empirical,120,0.017386091127098324,0,0.0003022761646797671,0.017539004174862385
s22-136-58,u058,2025-07-15,new,hazard,30,0.004127176998425686,0,1.7033589976334054e-05,0.004135717299736888
s22-136-58,u058,2025-07-15,new,hazard,60,0.010705898050999085,0,0.00011461625307838601,0.010763618513448167
s22-136-58,u058,2025-07-15,new,hazard,120,0.037878911672984295,0,0.0014348119495297459,0.038614964795771534
s22-136-58,u058,2025-07-15,new,hazard_cal,30,0.0054188911883925606,0,2.9364381711638536e-05,0.00543362663655029
s22-136-58,u058,2025-07-15,new,hazard_cal,60,0.013920737483862577,0,0.0001937869320946166,0.01401853966303849
s22-136-58,u058,2025-07-15,new,hazard_cal,120,0.04806384982922696,0,0.00231013366040648,0.049257315588355284
s22-136-41,u041,2025-07-15,variable,empirical,30,0.0011990407673860837,0,1.4376987618538084e-06,0.0011997601919040602
s22-136-41,u041,2025-07-15,variable,empirical,60,0.00659472422062346,0,4.349038754607771e-05,0.006616565492129114
s22-136-41,u041,2025-07-15,variable,empirical,120,0.017386091127098324,0,0.0003022761646797671,0.017539004174862385
s22-136-41,u041,2025-07-15,variable,hazard,30,0.0024328253070281525,0,5.9186389745166246e-06,0.0024357894349616217
s22-136-41,u041,2025-07-15,variable,hazard,60,0.006320341802723117,0,3.994672050324931e-05,0.006340399722913495
s22-136-41,u041,2025-07-15,variable,hazard,120,0.02250479111669723,0,0.0005064656232061746,0.022761888532783842
s22-136-41,u041,2025-07-15,variable,hazard_cal,30,0.003246199500036795,0,1.0537811194039137e-05,0.0032514798360799477
s22-136-41,u041,2025-07-15,variable,hazard_cal,60,0.008355234227479635,0,6.980993899604723e-05,0.008390334849665965
s22-136-41,u041,2025-07-15,variable,hazard_cal,120,0.029074263493892194,0,0.0008453127977122723,0.029505295071787504
s22-136-42,u042,2025-07-15,variable,empirical,30,0.0011990407673860837,0,1.4376987618538084e-06,0.0011997601919040602
s22-136-42,u042,2025-07-15,variable,empirical,60,0.00659472422062346,0,4.349038754607771e-05,0.006616565492129114
s22-136-42,u042,2025-07-15,variable,empirical,120,0.017386091127098324,0,0.0003022761646797671,0.017539004174862385
s22-136-42,u042,2025-07-15,variable,hazard,30,0.0009611615430645815,0,9.238315118662873e-07,0.0009616237550178188
s22-136-42,u042,2025-07-15,variable,hazard,60,0.0025003387772244423,0,6.25169400089222e-06,0.0025034698444663713
s22-136-42,u042,2025-07-15,variable,hazard,120,0.008952384916383505,0,8.014519569109088e-05,0.008992698295176304
s22-136-42,u042,2025-07-15,variable,hazard_cal,30,0.001318955599118543,0,1.739643872446155e-06,0.0013198261866498309
s22-136-42,u042,2025-07-15,variable,hazard_cal,60,0.003400564850318255,0,1.1563841301220017e-05,0.003406359912354764
s22-136-42,u042,2025-07-15,variable,hazard_cal,120,0.011915826556810893,0,0.00014198692253199975,0.011987389070523146
s22-136-48,u048,2025-07-15,regular,empirical,30,0.0011990407673860837,0,1.4376987618538084e-06,0.0011997601919040602
s22-136-48,u048,2025-07-15,regular,empirical,60,0.00659472422062346,0,4.349038754607771e-05,0.006616565492129114
s22-136-48,u048,2025-07-15,regular,empirical,120,0.017386091127098324,0,0.0003022761646797671,0.017539004174862385
s22-136-48,u048,2025-07-15,regular,hazard,30,0.0038178495020066983,0,1.4575974819972794e-05,0.0038251560923202596
s22-136-48,u048,2025-07-15,regular,hazard,60,0.009906249190941852,0,9.813377303303609e-05,0.00995564255012639
s22-136-48,u048,2025-07-15,regular,hazard,120,0.0350902746823607,0,0.0012313273772835242,0.03572073091275982
s22-136-48,u048,2025-07-15,regular,hazard_cal,30,0.00502474811480047,0,2.524809361719088e-05,0.005037414610055874
s22-136-48,u048,2025-07-15,regular,hazard_cal,60,0.01291269780284443,0,0.0001667377645475834,0.012996791386190398
s22-136-48,u048,2025-07-15,regular,hazard_cal,120,0.04464654302548621,0,0.0019933138041265913,0.04567389496076603
s22-136-9,u009,2025-07-15,variable,empirical,30,0.0011990407673860837,0,1.4376987618538084e-06,0.0011997601919040602
s22-136-9,u009,2025-07-15,variable,empirical,60,0.00659472422062346,0,4.349038754607771e-05,0.006616565492129114
s22-136-9,u009,2025-07-15,variable,empirical,120,0.017386091127098324,0,0.0003022761646797671,0.017539004174862385
s22-136-9,u009,2025-07-15,variable,hazard,30,0.001172757978069483,0,1.375361275125622e-06,0.0011734461968356973
s22-136-9,u009,2025-07-15,variable,hazard,60,0.003050201363103522,0,9.303728355478583e-06,0.0030548627083890113
s22-136-9,u009,2025-07-15,variable,hazard,120,0.010912445123110293,0,0.00011908145856489361,0.010972422585351088
s22-136-9,u009,2025-07-15,variable,hazard_cal,30,0.0015997244630401308,0,2.559118357649035e-06,0.0016010053884864053
s22-136-9,u009,2025-07-15,variable,hazard_cal,60,0.00412343019418715,0,1.7002676566334275e-05,0.004131954974765613
s22-136-9,u009,2025-07-15,variable,hazard_cal,120,0.014434130003477597,0,0.00020834410895729217,0.014539315458593284
s22-136-26,u026,2025-07-15,regular,empirical,30,0.0011990407673860837,0,1.4376987618538084e-06,0.0011997601919040602
s22-136-26,u026,2025-07-15,regular,empirical,60,0.00659472422062346,0,4.349038754607771e-05,0.006616565492129114
s22-136-26,u026,2025-07-15,regular,empirical,120,0.017386091127098324,0,0.0003022761646797671,0.017539004174862385
s22-136-26,u026,2025-07-15,regular,hazard,30,0.0041403820576478845,0,1.714276358329253e-05,0.004148977172349229
s22-136-26,u026,2025-07-15,regular,hazard,60,0.010740024830713901,0,0.00011534813336435116,0.010798115199803998
s22-136-26,u026,2025-07-15,regular,hazard,120,0.03799777821685835,0,0.0014438311494175547,0.038738518773212265
s22-136-26,u026,2025-07-15,regular,hazard_cal,30,0.005435695750806824,0,2.954678829533936e-05,0.005450522899944936
s22-136-26,u026,2025-07-15,regular,hazard_cal,60,0.01396370034462624,0,0.00019498492731451496,0.01406210999085757
s22-136-26,u026,2025-07-15,regular,hazard_cal,120,0.04820927946561915,0,0.002324134626594168,0.049410099728678124
s22-136-56,u056,2025-07-15,new,empirical,30,0.0011990407673860837,0,1.4376987618538084e-06,0.0011997601919040602
s22-136-56,u056,2025-07-15,new,empirical,60,0.00659472422062346,0,4.349038754607771e-05,0.006616565492129114
s22-136-56,u056,2025-07-15,new,empirical,120,0.017386091127098324,0,0.0003022761646797671,0.017539004174862385
s22-136-56,u056,2025-07-15,new,hazard,30,0.0018267076948818017,0,3.336861002540386e-06,0.0018283781599940298
s22-136-56,u056,2025-07-15,new,hazard,60,0.0047482615772127534,0,2.2545988005634945e-05,0.004759570383530134
s22-136-56,u056,2025-07-15,new,hazard,120,0.016945674011832557,0,0.0002871558677152973,0.017090894860355796
s22-136-56,u056,2025-07-15,new,hazard_cal,30,0.0024586864913893614,0,6.045139262940528e-06,0.00246171402454218
s22-136-56,u056,2025-07-15,new,hazard_cal,60,0.0063326858416175025,0,4.0102909968622775e-05,0.006352822353753757
s22-136-56,u056,2025-07-15,new,hazard_cal,120,0.022098961747901158,0,0.0004883641103351986,0.022346801948448285
s22-136-14,u014,2025-07-15,variable,empirical,30,0.0011990407673860837,0,1.4376987618538084e-06,0.0011997601919040602
s22-136-14,u014,2025-07-15,variable,empirical,60,0.00659472422062346,0,4.349038754607771e-05,0.006616565492129114
s22-136-14,u014,2025-07-15,variable,empirical,120,0.017386091127098324,0,0.0003022761646797671,0.017539004174862385
s22-136-14,u014,2025-07-15,variable,hazard,30,0.0004948051897263328,0,2.448321757801122e-07,0.0004949276462106249
s22-136-14,u014,2025-07-15,variable,hazard,60,0.0012877104497871494,0,1.6581982024910228e-06,0.0012885402613362269
s22-136-14,u014,2025-07-15,variable,hazard,120,0.004618723585743334,0,2.133260756150176e-05,0.004629422846855353
s22-136-14,u014,2025-07-15,variable,hazard_cal,30,0.0006926419361870106,0,4.797528517648909e-07,0.0006928819234361137
s22-136-14,u014,2025-07-15,variable,hazard_cal,60,0.001786772614592591,0,3.192556376258044e-06,0.0017883707967899065
s22-136-14,u014,2025-07-15,variable,hazard_cal,120,0.006275197193259419,0,3.937809981429089e-05,0.006294969001228733
s22-137-3,u003,2025-07-16,regular,empirical,30,0.0011990407673860837,0,1.4376987618538084e-06,0.0011997601919040602
s22-137-3,u003,2025-07-16,regular,empirical,60,0.00659472422062346,0,4.349038754607771e-05,0.006616565492129114
s22-137-3,u003,2025-07-16,regular,empirical,120,0.017386091127098324,0,0.0003022761646797671,0.017539004174862385
s22-137-3,u003,2025-07-16,regular,hazard,30,0.001255522426875877,0,1.5763365643882917e-06,0.001256311255488541
s22-137-3,u003,2025-07-16,regular,hazard,60,0.0032652194600234496,0,1.0661658122115829e-05,0.0032705619217945395
s22-137-3,u003,2025-07-16,regular,hazard,120,0.011678055017089517,0,0.00013637696898216963,0.011746779067698589
s22-137-3,u003,2025-07-16,regular,hazard_cal,30,0.001709110470292985,0,2.921058599665108e-06,0.001710572665866163
s22-137-3,u003,2025-07-16,regular,hazard_cal,60,0.004404957698358025,0,1.940365232432363e-05,0.004414688109734429
s22-137-3,u003,2025-07-16,regular,hazard_cal,120,0.015413522767342647,0,0.00023757668409939012,0.015533546027533285
s22-137-31,u031,2025-07-16,variable,empirical,30,0.0011990407673860837,0,1.4376987618538084e-06,0.0011997601919040602
s22-137-31,u031,2025-07-16,variable,empirical,60,0.00659472422062346,0,4.349038754607771e-05,0.006616565492129114
s22-137-31,u031,2025-07-16,variable,empirical,120,0.017386091127098324,0,0.0003022761646797671,0.017539004174862385
s22-137-31,u031,2025-07-16,variable,hazard,30,0.0013458051125752046,0,1.8111914010335592e-06,0.001346711521600258
s22-137-31,u031,2025-07-16,variable,hazard,60,0.0034997331824203615,0,1.2248132348134151e-05,0.0035058715746023265
s22-137-31,u031,2025-07-16,variable,hazard,120,0.012512537180050631,0,0.0001565635866821494,0.012591478165985751
s22-137-31,u031,2025-07-16,variable,hazard_cal,30,0.0018281835425213444,0,3.3422550651458922e-06,0.001829856709602577
s22-137-31,u031,2025-07-16,variable,hazard_cal,60,0.004711355136384654,0,2.219686722113806e-05,0.004722488552744671
s22-137-31,u031,2025-07-16,variable,hazard_cal,120,0.016478551656543772,0,0.0002715426646973815,0.016615833212418333
s22-137-18,u018,2025-07-16,variable,empirical,30,0.0011990407673860837,0,1.4376987618538084e-06,0.0011997601919040602
s22-137-18,u018,2025-07-16,variable,empirical,60,0.00659472422062346,0,4.349038754607771e-05,0.006616565492129114
s22-137-18,u018,2025-07-16,variable,empirical,120,0.017386091127098324,0,0.0003022761646797671,0.017539004174862385
s22-137-18,u018,2025-07-16,variable,hazard,30,0.00045931339370386404,0,2.109687936357608e-07,0.00045941891041207717
s22-137-18,u018,2025-07-16,variable,hazard,60,0.0011953825080504021,0,1.4289393405528698e-06,0.0011960975476079984
s22-137-18,u018,2025-07-16,variable,hazard,120,0.004288138591652557,0,1.8388132581219977e-05,0.004297359026385363
s22-137-18,u018,2025-07-16,variable,hazard_cal,30,0.0006443923951060526,0,4.15241558870515e-07,0.0006446001051214508
s22-137-18,u018,2025-07-16,variable,hazard_cal,60,0.0016623764209761083,0,2.7634953650173353e-06,0.0016637597018935642
s22-137-18,u018,2025-07-16,variable,hazard_cal,120,0.00583933502047862,0,3.409783348138804e-05,0.005856450598807075
s22-137-29,u029,2025-07-16,regular,empirical,30,0.0011990407673860837,0,1.4376987618538084e-06,0.0011997601919040602
s22-137-29,u029,2025-07-16,regular,empirical,60,0.00659472422062346,0,4.349038754607771e-05,0.006616565492129114
s22-137-29,u029,2025-07-16,regular,empirical,120,0.017386091127098324,0,0.0003022761646797671,0.017539004174862385
s22-137-29,u029,2025-07-16,regular,hazard,30,0.0011238693833062197,0,1.2630823907331025e-06,0.0011245013980806652
s22-137-29,u029,2025-07-16,regular,hazard,60,0.0029231761264070233,0,8.544958665995969e-06,0.0029274569501766177
s22-137-29,u029,2025-07-16,regular,hazard,120,0.01045992448120503,0,0.0001094100201525123,0.01051501398269798
s22-137-29,u029,2025-07-16,regular,hazard_cal,30,0.0015350013926819228,0,2.3562292755354425e-06,0.0015361807143144243
s22-137-29,u029,2025-07-16,regular,hazard_cal,60,0.00395682641728734,0,1.565647529654297e-05,0.00396467536639656
s22-137-29,u029,2025-07-16,regular,hazard_cal,120,0.013854173917662305,0,0.0001919381349408345,0.013951038679899847
s22-137-39,u039,2025-07-16,variable,empirical,30,0.0011990407673860837,0,1.4376987618538084e-06,0.0011997601919040602
s22-137-39,u039,2025-07-16,variable,empirical,60,0.00659472422062346,0,4.349038754607771e-05,0.006616565492129114
s22-137-39,u039,2025-07-16,variable,empirical,120,0.017386091127098324,0,0.0003022761646797671,0.017539004174862385
s22-137-39,u039,2025-07-16,variable,hazard,30,0.0006153986963920444,0,3.787155555210276e-07,0.0006155881318926986
s22-137-39,u039,2025-07-16,variable,hazard,60,0.0016013770953449136,0,2.5644086014953124e-06,0.0016026606701535506
s22-137-39,u039,2025-07-16,variable,hazard,120,0.005741161537579753,0,3.296093580058512e-05,0.005757705356358286
s22-137-39,u039,2025-07-16,variable,hazard_cal,30,0.0008558474021420626,0,7.324747757533174e-07,0.0008562138486263723
s22-137-39,u039,2025-07-16,variable,hazard_cal,60,0.00220746793269444,0,4.872914673874266e-06,0.002209907981579165
s22-137-39,u039,2025-07-16,variable,hazard_cal,120,0.007748108714978441,0,6.003318865912487e-05,0.007778281263815797
s22-137-57,u057,2025-07-16,new,empirical,30,0.0011990407673860837,0,1.4376987618538084e-06,0.0011997601919040602
s22-137-57,u057,2025-07-16,new,empirical,60,0.00659472422062346,0,4.349038754607771e-05,0.006616565492129114
s22-137-57,u057,2025-07-16,new,empirical,120,0.017386091127098324,0,0.0003022761646797671,0.017539004174862385
s22-137-57,u057,2025-07-16,new,hazard,30,0.0007685382601713142,0,5.906510573471507e-07,0.0007688337370999039
s22-137-57,u057,2025-07-16,new,hazard,60,0.00199959909937375,0,3.998396558216312e-06,0.002001600966719442
s22-137-57,u057,2025-07-16,new,hazard,120,0.007164703698961938,0,5.1332979093918885e-05,0.007190493446271237
s22-137-57,u057,2025-07-16,new,hazard_cal,30,0.0010617289653187534,0,1.1272683957968306e-06,0.0010622929987857746
s22-137-57,u057,2025-07-16,new,hazard_cal,60,0.0027379969826196726,0,7.496627476834432e-06,0.002741752152353261
s22-137-57,u057,2025-07-16,new,hazard_cal,120,0.009603077964381979,0,9.221910638999873e-05,0.009649484855889439
s22-137-8,u008,2025-07-16,variable,empirical,30,0.0011990407673860837,0,1.4376987618538084e-06,0.0011997601919040602
s22-137-8,u008,2025-07-16,variable,empirical,60,0.00659472422062346,0,4.349038754607771e-05,0.006616565492129114
s22-137-8,u008,2025-07-16,variable,empirical,120,0.017386091127098324,0,0.0003022761646797671,0.017539004174862385
s22-137-8,u008,2025-07-16,variable,hazard,30,0.0003673464576604557,0,1.3494341995568496e-07,0.00036741394589864974
s22-137-8,u008,2025-07-16,variable,hazard,60,0.0009561134658826465,0,9.141529596421266e-07,0.0009565708339161979
s22-137-8,u008,2025-07-16,variable,hazard,120,0.0034310108334890677,0,1.1771835339519347e-05,0.003436910248996411
s22-137-8,u008,2025-07-16,variable,hazard_cal,30,0.0005188209262684262,0,2.691751535340278e-07,0.0005189555604145487
s22-137-8,u008,2025-07-16,variable,hazard_cal,60,0.0013385804810447377,0,1.7917977042339614e-06,0.0013394771801888276
s22-137-8,u008,2025-07-16,variable,hazard_cal,120,0.0047040958516813,0,2.2128517781805217e-05,0.004715194931675434
s22-137-23,u023,2025-07-16,regular,empirical,30,0.0011990407673860837,0,1.4376987618538084e-06,0.0011997601919040602
s22-137-23,u023,2025-07-16,regular,empirical,60,0.00659472422062346,0,4.349038754607771e-05,0.006616565492129114
s22-137-23,u023,2025-07-16,regular,empirical,120,0.017386091127098324,0,0.0003022761646797671,0.017539004174862385
s22-137-23,u023,2025-07-16,regular,hazard,30,0.0020725141819413206,0,4.295315034347901e-06,0.002074664811445696
s22-137-23,u023,2025-07-16,regular,hazard,60,0.00538601313502185,0,2.9009137490627895e-05,0.005400569996258785
s22-137-23,u023,2025-07-16,regular,hazard,120,0.019203927683064337,0,0.0003687908384563648,0.019390718379032574
s22-137-23,u023,2025-07-16,regular,hazard_cal,30,0.002778898443721145,0,7.722276560515803e-06,0.0027827667500837836
s22-137-23,u023,2025-07-16,regular,hazard_cal,60,0.007155416680010074,0,5.119998786456639e-05,0.007181139452158446
s22-137-23,u023,2025-07-16,regular,hazard_cal,120,0.024941175888263722,0,0.0006220622546893077,0.025257477381923646
s22-137-30,u030,2025-07-16,regular,empirical,30,0.0011990407673860837,0,1.4376987618538084e-06,0.0011997601919040602
s22-137-30,u030,2025-07-16,regular,empirical,60,0.00659472422062346,0,4.349038754607771e-05,0.006616565492129114
s22-137-30,u030,2025-07-16,regular,empirical,120,0.017386091127098324,0,0.0003022761646797671,0.017539004174862385
s22-137-30,u030,2025-07-16,regular,hazard,30,0.0037608837041956944,0,1.4144246236484728e-05,0.0037679736091015418
s22-137-30,u030,2025-07-16,regular,hazard,60,0.009758937277465352,0,9.523685678550285e-05,0.009806867794724792
s22-137-30,u030,2025-07-16,regular,hazard,120,0.03457583995515534,0,0.0011954887086045164,0.03518773012643465
s22-137-30,u030,2025-07-16,regular,hazard_cal,30,0.004952055294503155,0,2.4522851639816726e-05,0.004964357350769465
s22-137-30,u030,2025-07-16,regular,hazard_cal,60,0.012726705740756294,0,0.00016196903901179922,0.012808383997011195
s22-137-30,u030,2025-07-16,regular,hazard_cal,120,0.044014953544682656,0,0.0019373161355405724,0.04501300783621059
s22-137-0,u000,2025-07-16,variable,empirical,30,0.0011990407673860837,0,1.4376987618538084e-06,0.0011997601919040602
s22-137-0,u000,2025-07-16,variable,empirical,60,0.00659472422062346,0,4.349038754607771e-05,0.006616565492129114
s22-137-0,u000,2025-07-16,variable,empirical,120,0.017386091127098324,0,0.0003022761646797671,0.017539004174862385
s22-137-0,u000,2025-07-16,variable,hazard,30,0.004398943736752647,0,1.9350705999115346e-05,0.004408647557917629
s22-137-0,u000,2025-07-16,variable,hazard,60,0.011408081152163185,0,0.00013014431557434092,0.011473652482323252
s22-137-0,u000,2025-07-16,variable,hazard,120,0.04032229394095299,0,0.0016258873886606142,0.0411577737429485
s22-137-0,u000,2025-07-16,variable,hazard_cal,30,0.005764402947895819,0,3.322834134571001e-05,0.005781081243061344
s22-137-0,u000,2025-07-16,variable,hazard_cal,60,0.014803822740358297,0,0.00021915316772794943,0.014914492910109413
s22-137-0,u000,2025-07-16,variable,hazard_cal,120,0.051049545475146174,0,0.0026060560932190174,0.05239868982271334
s22-137-11,u011,2025-07-16,variable,empirical,30,0.0011990407673860837,0,1.4376987618538084e-06,0.0011997601919040602
s22-137-11,u011,2025-07-16,variable,empirical,60,0.00659472422062346,0,4.349038754607771e-05,0.006616565492129114
s22-137-11,u011,2025-07-16,variable,empirical,120,0.017386091127098324,0,0.0003022761646797671,0.017539004174862385
s22-137-11,u011,2025-07-16,variable,hazard,30,0.0026246661924687054,0,6.888872621888171e-06,0.0026281166676657823
s22-137-11,u011,2025-07-16,variable,hazard,60,0.006817561095215807,0,4.6479139287000153e-05,0.006840906832689928
s22-137-11,u011,2025-07-16,variable,hazard,120,0.024257746431336935,0,0.0005884382619270398,0.024556811903822508
s22-137-11,u011,2025-07-16,variable,hazard_cal,30,0.003494112014092665,0,1.2208818767026701e-05,0.0035002306805045702
s22-137-11,u011,2025-07-16,variable,hazard_cal,60,0.008991359626035478,0,8.084454792470085e-05,0.009032025846601427
s22-137-11,u011,2025-07-16,variable,hazard_cal,120,0.03125989071831792,0,0.0009771807677211787,0.031758908140447926
s22-137-37,u037,2025-07-16,regular,empirical,30,0.0011990407673860837,0,1.4376987618538084e-06,0.0011997601919040602
s22-137-37,u037,2025-07-16,regular,empirical,60,0.00659472422062346,0,4.349038754607771e-05,0.006616565492129114
s22-137-37,u037,2025-07-16,regular,empirical,120,0.017386091127098324,0,0.0003022761646797671,0.017539004174862385
s22-137-37,u037,2025-07-16,regular,hazard,30,0.0015504455812105356,0,2.4038815002952755e-06,0.0015516487657696223
s22-137-37,u037,2025-07-16,regular,hazard,60,0.004031156298798355,0,1.6250221105341652e-05,0.004039303311309122
s22-137-37,u037,2025-07-16,regular,hazard,120,0.014401423243830758,0,0.00020740099144794883,0.01450613024190198
s22-137-37,u037,2025-07-16,regular,hazard_cal,30,0.0020972060443386065,0,4.398273192410385e-06,0.002099408260474183
s22-137-37,u037,2025-07-16,regular,hazard_cal,60,0.005403363816426365,0,2.9196340532665695e-05,0.005418014786874636
s22-137-37,u037,2025-07-16,regular,hazard_cal,120,0.018880572097020543,0,0.0003564760027107907,0.019061085844975456
s22-137-7,u007,2025-07-16,variable,empirical,30,0.0011990407673860837,0,1.4376987618538084e-06,0.0011997601919040602
s22-137-7,u007,2025-07-16,variable,empirical,60,0.00659472422062346,0,4.349038754607771e-05,0.006616565492129114
s22-137-7,u007,2025-07-16,variable,empirical,120,0.017386091127098324,0,0.0003022761646797671,0.017539004174862385
s22-137-7,u007,2025-07-16,variable,hazard,30,0.0004912377055991124,0,2.4131448340228024e-07,0.0004913584023696351
s22-137-7,u007,2025-07-16,variable,hazard,60,0.0012784303039964362,0,1.6343840421764203e-06,0.0012792481931680401
s22-137-7,u007,2025-07-16,variable,hazard,120,0.004585499547457017,0,2.1026806099728507e-05,0.0045960452009155064
s22-137-7,u007,2025-07-16,variable,hazard_cal,30,0.000687796924513373,0,4.730646093700546e-07,0.0006880335653314975
s22-137-7,u007,2025-07-16,variable,hazard_cal,60,0.0017742817609017747,0,3.1480757670687023e-06,0.0017758576631242314
s22-137-7,u007,2025-07-16,variable,hazard_cal,120,0.006231438351130936,0,3.8830823923945433e-05,0.00625093479923527
s22-137-51,u051,2025-07-16,variable,empirical,30,0.0011990407673860837,0,1.4376987618538084e-06,0.0011997601919040602
s22-137-51,u051,2025-07-16,variable,empirical,60,0.00659472422062346,0,4.349038754607771e-05,0.006616565492129114
s22-137-51,u051,2025-07-16,variable,empirical,120,0.017386091127098324,0,0.0003022761646797671,0.017539004174862385
s22-137-51,u051,2025-07-16,variable,hazard,30,0.0015512525574994385,0,2.4063844971485488e-06,0.0015524569955008517
s22-137-51,u051,2025-07-16,variable,hazard,60,0.004033251518964609,0,1.6267117815230325e-05,0.004041407014033726
s22-137-51,u051,2025-07-16,variable,hazard,120,0.01440886470301772,0,0.00020761538202986995,0.014513680463112548
s22-137-51,u051,2025-07-16,variable,hazard_cal,30,0.0020982646607595745,0,4.402714586592492e-06,0.0021004691022604694
s22-137-51,u051,2025-07-16,variable,hazard_cal,60,0.005406086255119069,0,2.9225768597787322e-05,0.0054207520195573514
s22-137-51,u051,2025-07-16,variable,hazard_cal,120,0.018890012659068423,0,0.0003568325782597653,0.01907070812662572
s22-137-6,u006,2025-07-16,variable,empirical,30,0.0011990407673860837,0,1.4376987618538084e-06,0.0011997601919040602
s22-137-6,u006,2025-07-16,variable,empirical,60,0.00659472422062346,0,4.349038754607771e-05,0.006616565492129114
s22-137-6,u006,2025-07-16,variable,empirical,120,0.017386091127098324,0,0.0003022761646797671,0.017539004174862385
s22-137-6,u006,2025-07-16,variable,hazard,30,0.0008006385909596903,0,6.410221533339182e-07,0.0008009592732148417
s22-137-6,u006,2025-07-16,variable,hazard,60,0.002083058494587897,0,4.339132691874797e-06,0.002085231078537781
s22-137-6,u006,2025-07-16,variable,hazard,120,0.007462841120176811,0,5.569399758500187e-05,0.007490827444235086
s22-137-6,u006,2025-07-16,variable,hazard_cal,30,0.0011047189752941833,0,1.2204040143750303e-06,0.001105329627075204
s22-137-6,u006,2025-07-16,variable,hazard_cal,60,0.002848752148598921,0,8.115388804146969e-06,0.002852817565747255
s22-137-6,u006,2025-07-16,variable,hazard_cal,120,0.00998997858680506,0,9.979967216482361e-05,0.010040213265144163
s22-137-17,u017,2025-07-16,variable,empirical,30,0.0011990407673860837,0,1.4376987618538084e-06,0.0011997601919040602
s22-137-17,u017,2025-07-16,variable,empirical,60,0.00659472422062346,0,4.349038754607771e-05,0.006616565492129114
s22-137-17,u017,2025-07-16,variable,empirical,120,0.017386091127098324,0,0.0003022761646797671,0.017539004174862385
s22-137-17,u017,2025-07-16,variable,hazard,30,0.000420309831815735,0,1.7666035472097145e-07,0.000420398186751595
s22-137-17,u017,2025-07-16,variable,hazard,60,0.0010939123245731208,0,1.196644173852969e-06,0.0010945110833596203
s22-137-17,u017,2025-07-16,variable,hazard,120,0.0039247170942789955,0,1.5403404270125763e-05,0.003932439007251808
s22-137-17,u017,2025-07-16,variable,hazard_cal,30,0.0005912390130579093,0,3.495635705616906e-07,0.0005914138637656267
s22-137-17,u017,2025-07-16,variable,hazard_cal,60,0.0015253249775227795,0,2.326616287054868e-06,0.0015264894699698916
s22-137-17,u017,2025-07-16,variable,hazard_cal,120,0.005358954415077277,0,2.8718392422876243e-05,0.005373365118548442
s22-137-26,u026,2025-07-16,regular,empirical,30,0.0011990407673860837,0,1.4376987618538084e-06,0.0011997601919040602
s22-137-26,u026,2025-07-16,regular,empirical,60,0.00659472422062346,0,4.349038754607771e-05,0.006616565492129114
s22-137-26,u026,2025-07-16,regular,empirical,120,0.017386091127098324,0,0.0003022761646797671,0.017539004174862385
s22-137-26,u026,2025-07-16,regular,hazard,30,0.0039239896727152335,0,1.5397694951575804e-05,0.003931708719781942
s22-137-26,u026,2025-07-16,regular,hazard,60,0.010180684407982254,0,0.000103646335014933,0.01023286201339989
s22-137-26,u026,2025-07-16,regular,hazard,120,0.036048053287096815,0,0.0012994621457893716,0.036713833422226436
s22-137-26,u026,2025-07-16,regular,hazard_cal,30,0.005160100684611368,0,2.662663907532671e-05,0.005173459980841189
s22-137-26,u026,2025-07-16,regular,hazard_cal,60,0.013258947621458295,0,0.00017579969202857456,0.013347632249695911
s22-137-26,u026,2025-07-16,regular,hazard_cal,120,0.04582144810083155,0,0.0020996051060571995,0.04690446372646221
s22-137-28,u028,2025-07-16,regular,empirical,30,0.0011990407673860837,0,1.4376987618538084e-06,0.0011997601919040602
s22-137-28,u028,2025-07-16,regular,empirical,60,0.00659472422062346,0,4.349038754607771e-05,0.006616565492129114
s22-137-28,u028,2025-07-16,regular,empirical,120,0.017386091127098324,0,0.0003022761646797671,0.017539004174862385
s22-137-28,u028,2025-07-16,regular,hazard,30,0.00158226355975577,0,2.5035579725310008e-06,0.0015835166607404887
s22-137-28,u028,2025-07-16,regular,hazard,60,0.004113765685119897,0,1.6923068112069974e-05,0.0041222504968555585
s22-137-28,u028,2025-07-16,regular,hazard,120,0.014694787364590622,0,0.00021593677569053222,0.014803825263348946
s22-137-28,u028,2025-07-16,regular,hazard_cal,30,0.0021389331952534896,0,4.5750352137573025e-06,0.0021412239800003043
s22-137-28,u028,2025-07-16,regular,hazard_cal,60,0.0055106694780472365,0,3.03674780962814e-05,0.005525909230373925
s22-137-28,u028,2025-07-16,regular,hazard_cal,120,0.019252619554398387,0,0.00037066335970640314,0.019440364866624246
s22-137-1,u001,2025-07-16,regular,empirical,30,0.0011990407673860837,0,1.4376987618538084e-06,0.0011997601919040602
s22-137-1,u001,2025-07-16,regular,empirical,60,0.00659472422062346,0,4.349038754607771e-05,0.006616565492129114
s22-137-1,u001,2025-07-16,regular,empirical,120,0.017386091127098324,0,0.0003022761646797671,0.017539004174862385
s22-137-1,u001,2025-07-16,regular,hazard,30,0.005181458652697479,0,2.6847513769613576e-05,0.005194928960290564
s22-137-1,u001,2025-07-16,regular,hazard,60,0.013428006247853896,0,0.0001803113517924033,0.013518977214085329
s22-137-1,u001,2025-07-16,regular,hazard,120,0.047323147615233485,0,0.002239480300213179,0.048479517421124975
s22-137-1,u001,2025-07-16,regular,hazard_cal,30,0.006755613332641408,0,4.5638311500162354e-05,0.0067785357835307035
s22-137-1,u001,2025-07-16,regular,hazard_cal,60,0.01733424141429407,0,0.00030047592540902775,0.017486238440117537
s22-137-1,u001,2025-07-16,regular,hazard_cal,120,0.05956356052367895,0,0.003547817742257965,0.06141121415549922
s22-137-2,u002,2025-07-16,regular,empirical,30,0.0011990407673860837,0,1.4376987618538084e-06,0.0011997601919040602
s22-137-2,u002,2025-07-16,regular,empirical,60,0.00659472422062346,0,4.349038754607771e-05,0.006616565492129114
s22-137-2,u002,2025-07-16,regular,empirical,120,0.017386091127098324,0,0.0003022761646797671,0.017539004174862385
s22-137-2,u002,2025-07-16,regular,hazard,30,0.0017242000573227667,0,2.972865837671832e-06,0.0017256882010592868
s22-137-2,u002,2025-07-16,regular,hazard,60,0.004482219629130091,0,2.009029280375909e-05,0.004492294893168369
s22-137-2,u002,2025-07-16,regular,hazard,120,0.016002390633544472,0,0.00025607650598855183,0.016131811438469507
s22-137-2,u002,2025-07-16,regular,hazard_cal,30,0.002324768280026923,0,5.404547555819339e-06,0.002327474749227632
s22-137-2,u002,2025-07-16,regular,hazard_cal,60,0.0059884676055782515,0,3.586174426306012e-05,0.006006470386405261
s22-137-2,u002,2025-07-16,regular,hazard_cal,120,0.020907862942030397,0,0.000437138732802728,0.02112952743980454
s22-137-27,u027,2025-07-16,regular,empirical,30,0.0011990407673860837,0,1.4376987618538084e-06,0.0011997601919040602
s22-137-27,u027,2025-07-16,regular,empirical,60,0.00659472422062346,0,4.349038754607771e-05,0.006616565492129114
s22-137-27,u027,2025-07-16,regular,empirical,120,0.017386091127098324,0,0.0003022761646797671,0.017539004174862385
s22-137-27,u027,2025-07-16,regular,hazard,30,0.0018193226154222808,0,3.3099347789869683e-06,0.0018209795928344167
s22-137-27,u027,2025-07-16,regular,hazard,60,0.004729096436734581,0,2.236435310793571e-05,0.004740313993198756
s22-137-27,u027,2025-07-16,regular,hazard,120,0.016877746121462978,0,0.0002848583141405586,0.01702179843118237
s22-137-27,u027,2025-07-16,regular,hazard_cal,30,0.002449046315358472,0,5.9978278547709076e-06,0.0024520501346164012
s22-137-27,u027,2025-07-16,regular,hazard_cal,60,0.006307909819297852,0,3.978972628839426e-05,0.006327888743590604
s22-137-27,u027,2025-07-16,regular,hazard_cal,120,0.022013267870637176,0,0.000484583962344427,0.022259175369238066
s22-137-32,u032,2025-07-16,regular,empirical,30,0.0011990407673860837,0,1.4376987618538084e-06,0.0011997601919040602
s22-137-32,u032,2025-07-16,regular,empirical,60,0.00659472422062346,0,4.349038754607771e-05,0.006616565492129114
s22-137-32,u032,2025-07-16,regular,empirical,120,0.017386091127098324,0,0.0003022761646797671,0.017539004174862385
s22-137-32,u032,2025-07-16,regular,hazard,30,0.0018243698722832935,0,3.3283254308949607e-06,0.0018260360618044403
s22-137-32,u032,2025-07-16,regular,hazard,60,0.0047421946830258355,0,2.2488410411718504e-05,0.004753474563285496
s22-137-32,u032,2025-07-16,regular,hazard,120,0.016924171248894226,0,0.00028642757246189794,0.01706902167674447
s22-137-32,u032,2025-07-16,regular,hazard_cal,30,0.002455634924306671,0,6.03014288147463e-06,0.0024586549407991124
s22-137-32,u032,2025-07-16,regular,hazard_cal,60,0.006324843116085166,0,4.0003640443089915e-05,0.006344929677331194
s22-137-32,u032,2025-07-16,regular,hazard_cal,120,0.02207183642903554,0,0.0004871659633501004,0.022319064026504923
s22-137-40,u040,2025-07-16,regular,empirical,30,0.0011990407673860837,0,1.4376987618538084e-06,0.0011997601919040602
s22-137-40,u040,2025-07-16,regular,empirical,60,0.00659472422062346,0,4.349038754607771e-05,0.006616565492129114
s22-137-40,u040,2025-07-16,regular,empirical,120,0.017386091127098324,0,0.0003022761646797671,0.017539004174862385
s22-137-40,u040,2025-07-16,regular,hazard,30,0.00072975027529254,0,5.325354642895379e-07,0.0007300166726349253
s22-137-40,u040,2025-07-16,regular,hazard,60,0.001898745699475235,0,3.6052352312756993e-06,0.0019005506021535438
s22-137-40,u040,2025-07-16,regular,hazard,120,0.006804334176068738,0,4.629896357961703e-05,0.006827589207897572
s22-137-40,u040,2025-07-16,regular,hazard_cal,30,0.001009710003058606,0,1.01951429027661e-06,0.0010102201036017323
s22-137-40,u040,2025-07-16,regular,hazard_cal,60,0.0026039693028057087,0,6.780656129954448e-06,0.0026073655279291457
s22-137-40,u040,2025-07-16,regular,hazard_cal,120,0.009134718173577028,0,8.344307611067844e-05,0.009176695541465184
s22-137-49,u049,2025-07-16,regular,empirical,30,0.0011990407673860837,0,1.4376987618538084e-06,0.0011997601919040602
s22-137-49,u049,2025-07-16,regular,empirical,60,0.00659472422062346,0,4.349038754607771e-05,0.006616565492129114
s22-137-49,u049,2025-07-16,regular,empirical,120,0.017386091127098324,0,0.0003022761646797671,0.017539004174862385
s22-137-49,u049,2025-07-16,regular,hazard,30,0.0007466368439014159,0,5.574665766710673e-07,0.0007469157160091853
s22-137-49,u049,2025-07-16,regular,hazard,60,0.001942653659663951,0,3.7739032414057417e-06,0.0019445430586464306
s22-137-49,u049,2025-07-16,regular,hazard,120,0.0069612391419463515,0,4.845885039136598e-05,0.0069855816020442255
s22-137-49,u049,2025-07-16,regular,hazard_cal,30,0.0010323667524273494,0,1.0657811115173923e-06,0.00103290001002631
s22-137-49,u049,2025-07-16,regular,hazard_cal,60,0.002662346287009565,0,7.088087751953616e-06,0.0026658966337873027
s22-137-49,u049,2025-07-16,regular,hazard_cal,120,0.009338738299083826,0,8.721203301877508e-05,0.009382617714846275
s22-137-15,u015,2025-07-16,variable,empirical,30,0.0011990407673860837,0,1.4376987618538084e-06,0.0011997601919040602
s22-137-15,u015,2025-07-16,variable,empirical,60,0.00659472422062346,0,4.349038754607771e-05,0.006616565492129114
s22-137-15,u015,2025-07-16,variable,empirical,120,0.017386091127098324,0,0.0003022761646797671,0.017539004174862385
s22-137-15,u015,2025-07-16,variable,hazard,30,0.0007172641801325152,0,5.144679041011692e-07,0.0007175215371539063
s22-137-15,u015,2025-07-16,variable,hazard,60,0.0018662788663112995,0,3.4829968068401893e-06,0.0018680225344998487
s22-137-15,u015,2025-07-16,variable,hazard,120,0.0066883011745667575,0,4.473337260171107e-05,0.006710768093917537
s22-137-15,u015,2025-07-16,variable,hazard_cal,30,0.0009929472273924045,0,9.859441963862635e-07,0.0009934405260639977
s22-137-15,u015,2025-07-16,variable,hazard_cal,60,0.002560777127527336,0,6.557579496867155e-06,0.002564061525548165
s22-137-15,u015,2025-07-16,variable,hazard_cal,120,0.008983745436107471,0,8.070768206078181e-05,0.009024342603118974
s22-137-34,u034,2025-07-16,variable,empirical,30,0.0011990407673860837,0,1.4376987618538084e-06,0.0011997601919040602
s22-137-34,u034,2025-07-16,variable,empirical,60,0.00659472422062346,0,4.349038754607771e-05,0.006616565492129114
s22-137-34,u034,2025-07-16,variable,empirical,120,0.017386091127098324,0,0.0003022761646797671,0.017539004174862385
s22-137-34,u034,2025-07-16,variable,hazard,30,0.00038182142890363924,0,1.4578760357001683e-07,0.00038189434126568306
s22-137-34,u034,2025-07-16,variable,hazard,60,0.0009937754041206004,0,9.875895538350627e-07,0.0009942695262889479
s22-137-34,u034,2025-07-16,variable,hazard,120,0.0035659657796884847,0,1.2716111941909303e-05,0.003572338991273327
s22-137-34,u034,2025-07-16,variable,hazard_cal,30,0.0005386422373837574,0,2.9013545989378003e-07,0.0005387873572278291
s22-137-34,u034,2025-07-16,variable,hazard_cal,60,0.001389696058316292,0,1.931255134499839e-06,0.0013906625814362325
s22-137-34,u034,2025-07-16,variable,hazard_cal,120,0.004883377498384633,0,2.384737579172936e-05,0.004895340147591979
s22-137-43,u043,2025-07-16,regular,empirical,30,0.0011990407673860837,0,1.4376987618538084e-06,0.0011997601919040602
s22-137-43,u043,2025-07-16,regular,empirical,60,0.00659472422062346,0,4.349038754607771e-05,0.006616565492129114
s22-137-43,u043,2025-07-16,regular,empirical,120,0.017386091127098324,0,0.0003022761646797671,0.017539004174862385
s22-137-43,u043,2025-07-16,regular,hazard,30,0.0049341594931758825,0,2.4345929904097682e-05,0.0049463726491300606
s22-137-43,u043,2025-07-16,regular,hazard,60,0.012789953871672033,0,0.00016358292003949842,0.01287244949672309
s22-137-43,u043,2025-07-16,regular,hazard,120,0.045116184649916846,0,0.0020354701173653923,0.046165605221786726
s22-137-43,u043,2025-07-16,regular,hazard_cal,30,0.006442911967497245,0,4.151111462091922e-05,0.00646375710865236
s22-137-43,u043,2025-07-16,regular,hazard_cal,60,0.01653643842575614,0,0.00027345379580882417,0.016674691585956726
s22-137-43,u043,2025-07-16,regular,hazard_cal,120,0.05688581340396781,0,0.003235995766631044,0.058567915030291545
s22-138-1,u001,2025-07-17,regular,empirical,30,0.0011990407673860837,0,1.4376987618538084e-06,0.0011997601919040602
s22-138-1,u001,2025-07-17,regular,empirical,60,0.00659472422062346,0,4.349038754607771e-05,0.006616565492129114
s22-138-1,u001,2025-07-17,regular,empirical,120,0.017386091127098324,0,0.0003022761646797671,0.017539004174862385
s22-138-1,u001,2025-07-17,regular,hazard,30,0.008034907538060354,0,6.45597391451791e-05,0.008067361366877487
s22-138-1,u001,2025-07-17,regular,hazard,60,0.020769644463131565,0,0.00043137813112489165,0.020988367360552013
s22-138-1,u001,2025-07-17,regular,hazard,120,0.07242295807477173,0,0.005245084856300143,0.07517942387984873
s22-138-1,u001,2025-07-17,regular,hazard_cal,30,0.010333650471098244,0,0.00010678433205882895,0.010387413335610272
s22-138-1,u001,2025-07-17,regular,hazard_cal,60,0.026431605618165488,0,0.0006986297755542373,0.02678720046738307
s22-138-1,u001,2025-07-17,regular,hazard_cal,120,0.08967231932732589,0,0.008041124853541904,0.09395065563631019
s22-138-2,u002,2025-07-17,regular,empirical,30,0.0011990407673860837,0,1.4376987618538084e-06,0.0011997601919040602
s22-138-2,u002,2025-07-17,regular,empirical,60,0.00659472422062346,0,4.349038754607771e-05,0.006616565492129114
s22-138-2,u002,2025-07-17,regular,empirical,120,0.017386091127098324,0,0.0003022761646797671,0.017539004174862385
s22-138-2,u002,2025-07-17,regular,hazard,30,0.001929493047568842,0,3.722943420616498e-06,0.0019313569172140668
s22-138-2,u002,2025-07-17,regular,hazard,60,0.005014975165019586,0,2.5149975905763227e-05,0.005027592353908057
s22-138-2,u002,2025-07-17,regular,hazard,120,0.017890606301365852,0,0.00032007379383047155,0.018052577953619274
s22-138-2,u002,2025-07-17,regular,hazard_cal,30,0.002592736322804323,0,6.7222816395888836e-06,0.0025961032846461285
s22-138-2,u002,2025-07-17,regular,hazard_cal,60,0.006677160943993288,0,4.458447827198933e-05,0.006699552915321612
s22-138-2,u002,2025-07-17,regular,hazard_cal,120,0.023289791935142357,0,0.000542414408382222,0.023565284996492356
s22-138-34,u034,2025-07-17,variable,empirical,30,0.0011990407673860837,0,1.4376987618538084e-06,0.0011997601919040602
s22-138-34,u034,2025-07-17,variable,empirical,60,0.00659472422062346,0,4.349038754607771e-05,0.006616565492129114
s22-138-34,u034,2025-07-17,variable,empirical,120,0.017386091127098324,0,0.0003022761646797671,0.017539004174862385
s22-138-34,u034,2025-07-17,variable,hazard,30,0.0003632912764144347,0,1.319805515188292e-07,0.0003633572826770111
s22-138-34,u034,2025-07-17,variable,hazard,60,0.0009455622516795215,0,8.940879718012467e-07,0.0009460095776707003
s22-138-34,u034,2025-07-17,variable,hazard,120,0.0033931997630135546,0,1.1513804631715243e-05,0.0033989697214412734
s22-138-34,u034,2025-07-17,variable,hazard_cal,30,0.0005132637996372313,0,2.6343972801804794e-07,0.0005133955645899562
s22-138-34,u034,2025-07-17,variable,hazard_cal,60,0.0013242493358442964,0,1.7536363034840602e-06,0.0013251269288495672
s22-138-34,u034,2025-07-17,variable,hazard_cal,120,0.0046538264814571795,0,2.1658100919512112e-05,0.004664689247304766
s22-138-14,u014,2025-07-17,variable,empirical,30,0.0011990407673860837,0,1.4376987618538084e-06,0.0011997601919040602
s22-138-14,u014,2025-07-17,variable,empirical,60,0.00659472422062346,0,4.349038754607771e-05,0.006616565492129114
s22-138-14,u014,2025-07-17,variable,empirical,120,0.017386091127098324,0,0.0003022761646797671,0.017539004174862385
s22-138-14,u014,2025-07-17,variable,hazard,30,0.000524406905828112,0,2.7500260288021433e-07,0.0005245444552195547
s22-138-14,u014,2025-07-17,variable,hazard,60,0.00136471151382489,0,1.862437515966223e-06,0.0013656435806809633
s22-138-14,u014,2025-07-17,variable,hazard,120,0.00489436212853267,0,2.3954780645214847e-05,0.004906378744000894
s22-138-14,u014,2025-07-17,variable,hazard_cal,30,0.0007328043446819255,0,5.370022075847062e-07,0.0007330729770303699
s22-138-14,u014,2025-07-17,variable,hazard_cal,60,0.0018903106256512592,0,3.5732742614500547e-06,0.0018920995175116596
s22-138-14,u014,2025-07-17,variable,hazard_cal,120,0.006637859660838075,0,4.406118087698136e-05,0.0066599882298602016
s22-138-36,u036,2025-07-17,variable,empirical,30,0.0011990407673860837,0,1.4376987618538084e-06,0.0011997601919040602
s22-138-36,u036,2025-07-17,variable,empirical,60,0.00659472422062346,0,4.349038754607771e-05,0.006616565492129114
s22-138-36,u036,2025-07-17,variable,empirical,120,0.017386091127098324,0,0.0003022761646797671,0.017539004174862385
s22-138-36,u036,2025-07-17,variable,hazard,30,0.0012292465440763012,0,1.5110470661235299e-06,0.0012300026873305354
s22-138-36,u036,2025-07-17,variable,hazard,60,0.003196959425691537,0,1.0220549569517961e-05,0.003202080618218934
s22-138-36,u036,2025-07-17,variable,hazard,120,0.011435054948360834,0,0.0001307604816720316,0.0115009379210174
s22-138-36,u036,2025-07-17,variable,hazard_cal,30,0.001674407279870338,0,2.803639738882784e-06,0.0016758106665191105
s22-138-36,u036,2025-07-17,variable,hazard_cal,60,0.004315647744825735,0,1.8624815457419448e-05,0.004324987032290144
s22-138-36,u036,2025-07-17,variable,hazard_cal,120,0.015102910726418894,0,0.0002280979124101789,0.01521812116308512
s22-138-51,u051,2025-07-17,variable,empirical,30,0.0011990407673860837,0,1.4376987618538084e-06,0.0011997601919040602
s22-138-51,u051,2025-07-17,variable,empirical,60,0.00659472422062346,0,4.349038754607771e-05,0.006616565492129114
s22-138-51,u051,2025-07-17,variable,empirical,120,0.017386091127098324,0,0.0003022761646797671,0.017539004174862385
s22-138-51,u051,2025-07-17,variable,hazard,30,0.0010626505228850114,0,1.129226133787788e-06,0.0010632155362618784
s22-138-51,u051,2025-07-17,variable,hazard,60,0.0027640979589707015,0,7.640237526785998e-06,0.002767925131814731
s22-138-51,u051,2025-07-17,variable,hazard,120,0.009892981339734375,0,9.787107978833254e-05,0.009942242039014346
s22-138-51,u051,2025-07-17,variable,hazard_cal,30,0.0014538333733741249,0,2.1136314775363876e-06,0.0014548912145203802
s22-138-51,u051,2025-07-17,variable,hazard_cal,60,0.0037478647894026995,0,1.404649047964454e-05,0.003754905632232547
s22-138-51,u051,2025-07-17,variable,hazard_cal,120,0.013126383059992919,0,0.00017230193223766906,0.013213295427290241
s22-138-15,u015,2025-07-17,variable,empirical,30,0.0011990407673860837,0,1.4376987618538084e-06,0.0011997601919040602
s22-138-15,u015,2025-07-17,variable,empirical,60,0.00659472422062346,0,4.349038754607771e-05,0.006616565492129114
s22-138-15,u015,2025-07-17,variable,empirical,120,0.017386091127098324,0,0.0003022761646797671,0.017539004174862385
s22-138-15,u015,2025-07-17,variable,hazard,30,0.0004919166791556018,0,2.419820192314753e-07,0.0004920377098581926
s22-138-15,u015,2025-07-17,variable,hazard,60,0.0012801965318703923,0,1.6389031602129804e-06,0.001281016683495402
s22-138-15,u015,2025-07-17,variable,hazard,120,0.0045918229246931785,0,2.1084837771737817e-05,0.004602397727745304
s22-138-15,u015,2025-07-17,variable,hazard_cal,30,0.000688719121905601,0,4.743340288784221e-07,0.0006889563978706247
s22-138-15,u015,2025-07-17,variable,hazard_cal,60,0.0017766592727209707,0,3.1565181713454083e-06,0.001778239403653517
s22-138-15,u015,2025-07-17,variable,hazard_cal,120,0.006239767537227547,0,3.8934698918638734e-05,0.006259316248723033
s22-138-32,u032,2025-07-17,regular,empirical,30,0.0011990407673860837,0,1.4376987618538084e-06,0.0011997601919040602
s22-138-32,u032,2025-07-17,regular,empirical,60,0.00659472422062346,0,4.349038754607771e-05,0.006616565492129114
s22-138-32,u032,2025-07-17,regular,empirical,120,0.017386091127098324,0,0.0003022761646797671,0.017539004174862385
s22-138-32,u032,2025-07-17,regular,hazard,30,0.0012506740254952797,0,1.5641855180485676e-06,0.0012514567709619852
s22-138-32,u032,2025-07-17,regular,hazard,60,0.0032526244241952718,0,1.0579565644871623e-05,0.0032579257055237237
s22-138-32,u032,2025-07-17,regular,hazard,120,0.011633221359808599,0,0.00013533183920630702,0.011701416682864996
s22-138-32,u032,2025-07-17,regular,hazard_cal,30,0.00170270874475964,0,2.8992170694809492e-06,0.001704160000906031
s22-138-32,u032,2025-07-17,regular,hazard_cal,60,0.0043884830303232425,0,1.925878330743507e-05,0.00439814068731012
s22-138-32,u032,2025-07-17,regular,hazard_cal,120,0.015356231224000871,0,0.0002358138374049793,0.015475359288350234
s22-138-35,u035,2025-07-17,regular,empirical,30,0.0011990407673860837,0,1.4376987618538084e-06,0.0011997601919040602
s22-138-35,u035,2025-07-17,regular,empirical,60,0.00659472422062346,0,4.349038754607771e-05,0.006616565492129114
s22-138-35,u035,2025-07-17,regular,empirical,120,0.017386091127098324,0,0.0003022761646797671,0.017539004174862385
s22-138-35,u035,2025-07-17,regular,hazard,30,0.00278232168395387,0,7.741313952999898e-06,0.0027861995355543388
s22-138-35,u035,2025-07-17,regular,hazard,60,0.007226049440346882,0,5.221579051433749e-05,0.0072522837924850776
s22-138-35,u035,2025-07-17,regular,hazard,120,0.025695981354229347,0,0.0006602834577569023,0.026031889910091293
s22-138-35,u035,2025-07-17,regular,hazard_cal,30,0.003697425438151547,0,1.367095487069016e-05,0.003704277811561378
s22-138-35,u035,2025-07-17,regular,hazard_cal,60,0.009512839251261784,0,9.049411062034687e-05,0.009558375321548816
s22-138-35,u035,2025-07-17,regular,hazard_cal,120,0.03304868529574312,0,0.0010922155997770675,0.03360713153438272
s22-138-37,u037,2025-07-17,regular,empirical,30,0.0011990407673860837,0,1.4376987618538084e-06,0.0011997601919040602
s22-138-37,u037,2025-07-17,regular,empirical,60,0.00659472422062346,0,4.349038754607771e-05,0.006616565492129114
s22-138-37,u037,2025-07-17,regular,empirical,120,0.017386091127098324,0,0.0003022761646797671,0.017539004174862385
s22-138-37,u037,2025-07-17,regular,hazard,30,0.0012483669185786583,0,1.5584199634015746e-06,0.0012491467776614435
s22-138-37,u037,2025-07-17,regular,hazard,60,0.0032466310506160667,0,1.0540613178824385e-05,0.003251912792214629
s22-138-37,u037,2025-07-17,regular,hazard,120,0.011611886595886856,0,0.00013483591031573683,0.011679831038627124
s22-138-37,u037,2025-07-17,regular,hazard_cal,30,0.0016996622253525606,0,2.8888516802904184e-06,0.0017011082899726045
s22-138-37,u037,2025-07-17,regular,hazard_cal,60,0.004380642829461712,0,1.9190031599314312e-05,0.004390265959207627
s22-138-37,u037,2025-07-17,regular,hazard_cal,120,0.015328965570031272,0,0.00023497718544720415,0.015447668790186149
s22-138-39,u039,2025-07-17,variable,empirical,30,0.0011990407673860837,0,1.4376987618538084e-06,0.0011997601919040602
s22-138-39,u039,2025-07-17,variable,empirical,60,0.00659472422062346,0,4.349038754607771e-05,0.006616565492129114
s22-138-39,u039,2025-07-17,variable,empirical,120,0.017386091127098324,0,0.0003022761646797671,0.017539004174862385
s22-138-39,u039,2025-07-17,variable,hazard,30,0.0005823619787790335,0,3.3914547432743145e-07,0.0005825316173801087
s22-138-39,u039,2025-07-17,variable,hazard,60,0.0015154545329483238,0,2.296602441433622e-06,0.0015166039956214304
s22-138-39,u039,2025-07-17,variable,hazard,120,0.005433794280615856,0,2.9526120284053583e-05,0.005448611039278741
s22-138-39,u039,2025-07-17,variable,hazard_cal,30,0.0008112416181018656,0,6.581129629405331e-07,0.0008115708526545593
s22-138-39,u039,2025-07-17,variable,hazard_cal,60,0.0020924994595649116,0,4.378553988279447e-06,0.0020946917954006404
s22-138-39,u039,2025-07-17,variable,hazard_cal,120,0.007345761626948222,0,5.396021387994498e-05,0.007372874592407955
s22-138-4,u004,2025-07-17,regular,empirical,30,0.0011990407673860837,0,1.4376987618538084e-06,0.0011997601919040602
s22-138-4,u004,2025-07-17,regular,empirical,60,0.00659472422062346,0,4.349038754607771e-05,0.006616565492129114
s22-138-4,u004,2025-07-17,regular,empirical,120,0.017386091127098324,0,0.0003022761646797671,0.017539004174862385
s22-138-4,u004,2025-07-17,regular,hazard,30,0.008833132123387655,0,7.802422310922289e-05,0.008872375500478898
s22-138-4,u004,2025-07-17,regular,hazard,60,0.022816654047441043,0,0.0005205997019206077,0.023080982362936573
s22-138-4,u004,2025-07-17,regular,hazard,120,0.0793255829141104,0,0.006292548104663404,0.08264881544791675
s22-138-4,u004,2025-07-17,regular,hazard_cal,30,0.01132636492257244,0,0.00012828654235927942,0.011390996685811705
s22-138-4,u004,2025-07-17,regular,hazard_cal,60,0.028945431833747426,0,0.0008378380240421189,0.02937261436434284
s22-138-4,u004,2025-07-17,regular,hazard_cal,120,0.09785539471264815,0,0.009575678274368168,0.10298045548570024
s22-138-55,u055,2025-07-17,new,empirical,30,0.0011990407673860837,0,1.4376987618538084e-06,0.0011997601919040602
s22-138-55,u055,2025-07-17,new,empirical,60,0.00659472422062346,0,4.349038754607771e-05,0.006616565492129114
s22-138-55,u055,2025-07-17,new,empirical,120,0.017386091127098324,0,0.0003022761646797671,0.017539004174862385
s22-138-55,u055,2025-07-17,new,hazard,30,0.002275122444507116,0,5.176182137500035e-06,0.0022777144677690155
s22-138-55,u055,2025-07-17,new,hazard,60,0.0059114742808829,0,3.4945528173540005e-05,0.005929016211581787
s22-138-55,u055,2025-07-17,new,hazard,120,0.02106141908565773,0,0.00044358337390170766,0.021286374972923076
s22-138-55,u055,2025-07-17,new,hazard_cal,30,0.0030419516559543336,0,9.253469877163313e-06,0.003046587795221157
s22-138-55,u055,2025-07-17,new,hazard_cal,60,0.007830939976641416,0,6.132362091776066e-05,0.00786176280704025
s22-138-55,u055,2025-07-17,new,hazard_cal,120,0.02726991612416485,0,0.0007436483254189861,0.027648641368874162
s22-138-28,u028,2025-07-17,regular,empirical,30,0.0011990407673860837,0,1.4376987618538084e-06,0.0011997601919040602
s22-138-28,u028,2025-07-17,regular,empirical,60,0.00659472422062346,0,4.349038754607771e-05,0.006616565492129114
s22-138-28,u028,2025-07-17,regular,empirical,120,0.017386091127098324,0,0.0003022761646797671,0.017539004174862385
s22-138-28,u028,2025-07-17,regular,hazard,30,0.0012748575803119833,0,1.6252618500789249e-06,0.0012756709025571959
s22-138-28,u028,2025-07-17,regular,hazard,60,0.003315446668899491,0,1.0992186614316731e-05,0.0033209549404968645
s22-138-28,u028,2025-07-17,regular,hazard,120,0.011856828933675567,0,0.00014058439236244608,0.011927681746548742
s22-138-28,u028,2025-07-17,regular,hazard_cal,30,0.0017346327475554757,0,3.008950768891859e-06,0.0017361389650146933
s22-138-28,u028,2025-07-17,regular,hazard_cal,60,0.0044706367417719495,0,1.9986592876881312e-05,0.004480659922700358
s22-138-28,u028,2025-07-17,regular,hazard_cal,120,0.01564189873012911,0,0.0002446689958836147,0.015765524079433865
s22-138-53,u053,2025-07-17,regular,empirical,30,0.0011990407673860837,0,1.4376987618538084e-06,0.0011997601919040602
s22-138-53,u053,2025-07-17,regular,empirical,60,0.00659472422062346,0,4.349038754607771e-05,0.006616565492129114
s22-138-53,u053,2025-07-17,regular,empirical,120,0.017386091127098324,0,0.0003022761646797671,0.017539004174862385
s22-138-53,u053,2025-07-17,regular,hazard,30,0.004593712465378208,0,2.1102194214571135e-05,0.0046042959866927045
s22-138-53,u053,2025-07-17,regular,hazard,60,0.01191110808988205,0,0.00014187449592885362,0.011982613712522799
s22-138-53,u053,2025-07-17,regular,hazard,120,0.042069597379170376,0,0.001769851023645499,0.04298015227157885
s22-138-53,u053,2025-07-17,regular,hazard_cal,30,0.0060116048925844545,0,3.613939338454535e-05,0.006029747335953566
s22-138-53,u053,2025-07-17,regular,hazard_cal,60,0.015435309299569044,0,0.00023824877317336261,0.015555673868790037
s22-138-53,u053,2025-07-17,regular,hazard_cal,120,0.0531800122502456,0,0.0028281137029362723,0.05464629071833458
s22-138-54,u054,2025-07-17,new,empirical,30,0.0011990407673860837,0,1.4376987618538084e-06,0.0011997601919040602
s22-138-54,u054,2025-07-17,new,empirical,60,0.00659472422062346,0,4.349038754607771e-05,0.006616565492129114
s22-138-54,u054,2025-07-17,new,empirical,120,0.017386091127098324,0,0.0003022761646797671,0.017539004174862385
s22-138-54,u054,2025-07-17,new,hazard,30,0.0011850813806232319,0,1.4044178786998653e-06,0.0011857841448393066
s22-138-54,u054,2025-07-17,new,hazard,60,0.0030822189985266757,0,9.500073954878783e-06,0.0030869788185588884
s22-138-54,u054,2025-07-17,new,hazard,120,0.01102647988657568,0,0.00012158325868905801,0.01108772212289674
s22-138-54,u054,2025-07-17,new,hazard_cal,30,0.001616026219582234,0,2.6115407423772465e-06,0.0016173333984334372
s22-138-54,u054,2025-07-17,new,hazard_cal,60,0.004165389578564493,0,1.7350470341213688e-05,0.004174088979735915
s22-138-54,u054,2025-07-17,new,hazard_cal,120,0.014580149805735187,0,0.00021258076835767984,0.014687484774107758
s22-138-26,u026,2025-07-17,regular,empirical,30,0.0011990407673860837,0,1.4376987618538084e-06,0.0011997601919040602
s22-138-26,u026,2025-07-17,regular,empirical,60,0.00659472422062346,0,4.349038754607771e-05,0.006616565492129114
s22-138-26,u026,2025-07-17,regular,empirical,120,0.017386091127098324,0,0.0003022761646797671,0.017539004174862385
s22-138-26,u026,2025-07-17,regular,hazard,30,0.002685909237560735,0,7.21410843241409e-06,0.002689522763629295
s22-138-26,u026,2025-07-17,regular,hazard,60,0.006976256709816719,0,4.86681576812628e-05,0.0070007045579827095
s22-138-26,u026,2025-07-17,regular,hazard,120,0.02481669652384577,0,0.0006158684263566588,0.025129822089459065
s22-138-26,u026,2025-07-17,regular,hazard_cal,30,0.003573135173652653,0,1.2767294969193774e-05,0.0035795340684286153
s22-138-26,u026,2025-07-17,regular,hazard_cal,60,0.00919406876694373,0,8.453090049129021e-05,0.009236595077769005
s22-138-26,u026,2025-07-17,regular,hazard_cal,120,0.03195554269943912,0,0.001021156709215677,0.03247726579678139
s22-138-40,u040,2025-07-17,regular,empirical,30,0.0011990407673860837,0,1.4376987618538084e-06,0.0011997601919040602
s22-138-40,u040,2025-07-17,regular,empirical,60,0.00659472422062346,0,4.349038754607771e-05,0.006616565492129114
s22-138-40,u040,2025-07-17,regular,empirical,120,0.017386091127098324,0,0.0003022761646797671,0.017539004174862385
s22-138-40,u040,2025-07-17,regular,hazard,30,0.0008144939780801996,0,6.634004403289087e-07,0.0008148258585223487
s22-138-40,u040,2025-07-17,regular,hazard,60,0.002119080384688332,0,4.49050167677085e-06,0.0021213288124877702
s22-138-40,u040,2025-07-17,regular,hazard,120,0.007591497814591341,0,5.763083906894511e-05,0.007620459904325358
s22-138-40,u040,2025-07-17,regular,hazard_cal,30,0.001123258450662079,0,1.2617095469837744e-06,0.0011238897782425436
s22-138-40,u040,2025-07-17,regular,hazard_cal,60,0.00289651281004788,0,8.389786458771466e-06,0.00290071582128992
s22-138-40,u040,2025-07-17,regular,hazard_cal,120,0.010156783501115818,0,0.00010316025108853849,0.010208715567750534
s22-138-48,u048,2025-07-17,regular,empirical,30,0.0011990407673860837,0,1.4376987618538084e-06,0.0011997601919040602
s22-138-48,u048,2025-07-17,regular,empirical,60,0.00659472422062346,0,4.349038754607771e-05,0.006616565492129114
s22-138-48,u048,2025-07-17,regular,empirical,120,0.017386091127098324,0,0.0003022761646797671,0.017539004174862385
s22-138-48,u048,2025-07-17,regular,hazard,30,0.0034267669029085512,0,1.1742731406869464e-05,0.003432651716380808
s22-138-48,u048,2025-07-17,regular,hazard,60,0.00889461729765939,0,7.911421687182164e-05,0.008934410545638307
s22-138-48,u048,2025-07-17,regular,hazard,120,0.0315530520673557,0,0.00099559509476526,0.032061575195943666
s22-138-48,u048,2025-07-17,regular,hazard_cal,30,0.004524981461410227,0,2.0475457226106233e-05,0.0045352501789033385
s22-138-48,u048,2025-07-17,regular,hazard_cal,60,0.011633510743496944,0,0.00013533857221905882,0.011701709472684488
s22-138-48,u048,2025-07-17,regular,hazard_cal,120,0.04029596710497274,0,0.0016237649649250452,0.04113034112186266
s22-138-50,u050,2025-07-17,variable,empirical,30,0.0011990407673860837,0,1.4376987618538084e-06,0.0011997601919040602
s22-138-50,u050,2025-07-17,variable,empirical,60,0.00659472422062346,0,4.349038754607771e-05,0.006616565492129114
s22-138-50,u050,2025-07-17,variable,empirical,120,0.017386091127098324,0,0.0003022761646797671,0.017539004174862385
s22-138-50,u050,2025-07-17,variable,hazard,30,0.0009174851607991474,0,8.417790202866374e-07,0.0009179063079264888
s22-138-50,u050,2025-07-17,variable,hazard,60,0.002386813679293054,0,5.696879539660445e-06,0.002389666659655355
s22-138-50,u050,2025-07-17,variable,hazard,120,0.00854731904804773,0,7.305666290911955e-05,0.008584056869212793
s22-138-50,u050,2025-07-17,variable,hazard_cal,30,0.0012607797907232543,0,1.589565680696173e-06,0.001261575242226682
s22-138-50,u050,2025-07-17,variable,hazard_cal,60,0.003250741102748256,0,1.0567317717096946e-05,0.0032560362401346694
s22-138-50,u050,2025-07-17,variable,hazard_cal,120,0.011393231765187029,0,0.00012980573005526674,0.011458631850281112
s22-138-23,u023,2025-07-17,regular,empirical,30,0.0011990407673860837,0,1.4376987618538084e-06,0.0011997601919040602
s22-138-23,u023,2025-07-17,regular,empirical,60,0.00659472422062346,0,4.349038754607771e-05,0.006616565492129114
s22-138-23,u023,2025-07-17,regular,empirical,120,0.017386091127098324,0,0.0003022761646797671,0.017539004174862385
s22-138-23,u023,2025-07-17,regular,hazard,30,0.001957378265652787,0,3.831329674849913e-06,0.0019592964339528846
s22-138-23,u023,2025-07-17,regular,hazard,60,0.005087324916439262,0,2.5880874805423745e-05,0.005100309410121066
s22-138-23,u023,2025-07-17,regular,hazard,120,0.01814680586737316,0,0.000329306563188129,0.0183134786133854
s22-138-23,u023,2025-07-17,regular,hazard_cal,30,0.0026290651838822843,0,6.911983741101989e-06,0.002632527245073826
s22-138-23,u023,2025-07-17,regular,hazard_cal,60,0.006770503150898222,0,4.583971291632275e-05,0.00679352698817794
s22-138-23,u023,2025-07-17,regular,hazard_cal,120,0.02361227119337006,0,0.0005575393509092536,0.02389550833559917
s22-138-47,u047,2025-07-17,variable,empirical,30,0.0011990407673860837,0,1.4376987618538084e-06,0.0011997601919040602
s22-138-47,u047,2025-07-17,variable,empirical,60,0.00659472422062346,0,4.349038754607771e-05,0.006616565492129114
s22-138-47,u047,2025-07-17,variable,empirical,120,0.017386091127098324,0,0.0003022761646797671,0.017539004174862385
s22-138-47,u047,2025-07-17,variable,hazard,30,0.0005586059538328358,0,3.120406116574923e-07,0.000558762032265599
s22-138-47,u047,2025-07-17,variable,hazard,60,0.0014536662379602827,0,2.1131455313856014e-06,0.0014547238357797262
s22-138-47,u047,2025-07-17,variable,hazard,120,0.005212714137875829,0,2.717238868321055e-05,0.005226347731540102
s22-138-47,u047,2025-07-17,variable,hazard_cal,30,0.000779119651184268,0,6.070274308614953e-07,0.0007794233226408768
s22-138-47,u047,2025-07-17,variable,hazard_cal,60,0.0020097016051011662,0,4.038900541546204e-06,0.0020117237651183202
s22-138-47,u047,2025-07-17,variable,hazard_cal,120,0.007055919131998878,0,4.97859947973078e-05,0.007080929847895099
s22-138-6,u006,2025-07-17,variable,empirical,30,0.0011990407673860837,0,1.4376987618538084e-06,0.0011997601919040602
s22-138-6,u006,2025-07-17,variable,empirical,60,0.00659472422062346,0,4.349038754607771e-05,0.006616565492129114
s22-138-6,u006,2025-07-17,variable,empirical,120,0.017386091127098324,0,0.0003022761646797671,0.017539004174862385
s22-138-6,u006,2025-07-17,variable,hazard,30,0.0012345637003676746,0,1.5241475302655253e-06,0.0012353264019332095
s22-138-6,u006,2025-07-17,variable,hazard,60,0.003210772704412168,0,1.0309061359398229e-05,0.0032159382950804234
s22-138-6,u006,2025-07-17,variable,hazard,120,0.011484232967560959,0,0.000131887606853214,0.01155068603591194
s22-138-6,u006,2025-07-17,variable,hazard_cal,30,0.0016814315804825064,0,2.8272121598438993e-06,0.001682846773151339
s22-138-6,u006,2025-07-17,variable,hazard_cal,60,0.0043337254853705875,0,1.8781176582550535e-05,0.004343143292973049
s22-138-6,u006,2025-07-17,variable,hazard_cal,120,0.015165789804226337,0,0.00023000118038597552,0.015281966498584171
s22-138-13,u013,2025-07-17,regular,empirical,30,0.0011990407673860837,0,1.4376987618538084e-06,0.0011997601919040602
s22-138-13,u013,2025-07-17,regular,empirical,60,0.00659472422062346,0,4.349038754607771e-05,0.006616565492129114
s22-138-13,u013,2025-07-17,regular,empirical,120,0.017386091127098324,0,0.0003022761646797671,0.017539004174862385
s22-138-13,u013,2025-07-17,regular,hazard,30,0.0010938859017414204,0,1.1965863660286405e-06,0.001094484631592355
s22-138-13,u013,2025-07-17,regular,hazard,60,0.0028452657622574096,0,8.095537257874238e-06,0.0028493212252931562
s22-138-13,u013,2025-07-17,regular,hazard,120,0.010182290296407048,0,0.00010367903568030514,0.010234484420340428
s22-138-13,u013,2025-07-17,regular,hazard_cal,30,0.0014952645305132961,0,2.235816016211148e-06,0.001496383554151412
s22-138-13,u013,2025-07-17,regular,hazard_cal,60,0.0038545302646366686,0,1.4857403561000027e-05,0.0038619781112107254
s22-138-13,u013,2025-07-17,regular,hazard_cal,120,0.013497940965363942,0,0.00018219441030445005,0.013589866309647208
s22-138-31,u031,2025-07-17,variable,empirical,30,0.0011990407673860837,0,1.4376987618538084e-06,0.0011997601919040602
s22-138-31,u031,2025-07-17,variable,empirical,60,0.00659472422062346,0,4.349038754607771e-05,0.006616565492129114
s22-138-31,u031,2025-07-17,variable,empirical,120,0.017386091127098324,0,0.0003022761646797671,0.017539004174862385
s22-138-31,u031,2025-07-17,variable,hazard,30,0.0009156241455477998,0,8.383675759101385e-07,0.0009160435853881305
s22-138-31,u031,2025-07-17,variable,hazard,60,0.0023819762693747526,0,5.673810947864464e-06,0.0023848176878730957
s22-138-31,u031,2025-07-17,variable,hazard,120,0.008530055847076445,0,7.276185275424305e-05,0.008566644993678004
s22-138-31,u031,2025-07-17,variable,hazard_cal,30,0.001258299132645302,0,1.5833167072159192e-06,0.0012590914557216108
s22-138-31,u031,2025-07-17,variable,hazard_cal,60,0.0032443521693839017,0,1.052582099898603e-05,0.0032496264908104377
s22-138-31,u031,2025-07-17,variable,hazard_cal,120,0.011370941854990324,0,0.0001292983186695708,0.011436085313443915
s22-138-10,u010,2025-07-17,regular,empirical,30,0.0011990407673860837,0,1.4376987618538084e-06,0.0011997601919040602
s22-138-10,u010,2025-07-17,regular,empirical,60,0.00659472422062346,0,4.349038754607771e-05,0.006616565492129114
s22-138-10,u010,2025-07-17,regular,empirical,120,0.017386091127098324,0,0.0003022761646797671,0.017539004174862385
s22-138-10,u010,2025-07-17,regular,hazard,30,0.0022819938371182458,0,5.207495872645655e-06,0.0022846015530043015
s22-138-10,u010,2025-07-17,regular,hazard,60,0.005929291773319689,0,3.515650093315655e-05,0.005946939818638053
s22-138-10,u010,2025-07-17,regular,hazard,120,0.021124353675254337,0,0.00044623831819723143,0.02135066563824022
s22-138-10,u010,2025-07-17,regular,hazard_cal,30,0.00305085999064314,0,9.30774668250706e-06,0.0030555233512399127
s22-138-10,u010,2025-07-17,regular,hazard_cal,60,0.007853811179752479,0,6.168235004720503e-05,0.007884814792479967
s22-138-10,u010,2025-07-17,regular,hazard_cal,120,0.027348682615346953,0,0.0007479504407949806,0.027729619310962135
s22-138-19,u019,2025-07-17,regular,empirical,30,0.0011990407673860837,0,1.4376987618538084e-06,0.0011997601919040602
s22-138-19,u019,2025-07-17,regular,empirical,60,0.00659472422062346,0,4.349038754607771e-05,0.006616565492129114
s22-138-19,u019,2025-07-17,regular,empirical,120,0.017386091127098324,0,0.0003022761646797671,0.017539004174862385
s22-138-19,u019,2025-07-17,regular,hazard,30,0.0019915414730228287,0,3.9662374387699384e-06,0.0019935272286567
s22-138-19,u019,2025-07-17,regular,hazard,60,0.005175958326507857,0,2.6790544597746015e-05,0.005189400001233721
s22-138-19,u019,2025-07-17,regular,hazard,120,0.01846059442455028,0,0.0003407935465077369,0.01863311775218566
s22-138-19,u019,2025-07-17,regular,hazard_cal,30,0.00267355137411196,0,7.147876950015949e-06,0.0026771316954594653
s22-138-19,u019,2025-07-17,regular,hazard_cal,60,0.006884796387090497,0,4.740042129169436e-05,0.006908605943297688
s22-138-19,u019,2025-07-17,regular,hazard_cal,120,0.02400701653739379,0,0.0005763368430266988,0.024299881670084643
s22-138-58,u058,2025-07-17,new,empirical,30,0.0011990407673860837,0,1.4376987618538084e-06,0.0011997601919040602
s22-138-58,u058,2025-07-17,new,empirical,60,0.00659472422062346,0,4.349038754607771e-05,0.006616565492129114
s22-138-58,u058,2025-07-17,new,empirical,120,0.017386091127098324,0,0.0003022761646797671,0.017539004174862385
s22-138-58,u058,2025-07-17,new,hazard,30,0.0031313009565908656,0,9.80504568074687e-06,0.003136213737709308
s22-138-58,u058,2025-07-17,new,hazard,60,0.008129850178150932,0,6.609446391918075e-05,0.00816307762207796
s22-138-58,u058,2025-07-17,new,hazard,120,0.028872072043757302,0,0.000833596544099912,0.029297070701302448
s22-138-58,u058,2025-07-17,new,hazard_cal,30,0.0041462267533444175,0,1.719119629014899e-05,0.004154846185152382
s22-138-58,u058,2025-07-17,new,hazard_cal,60,0.010663309410274602,0,0.00011370616757925088,0.010720569915506944
s22-138-58,u058,2025-07-17,new,hazard_cal,120,0.036985748877537694,0,0.0013679456200322807,0.03768706862013352
s22-139-36,u036,2025-07-18,variable,empirical,30,0.0011990407673860837,0,1.4376987618538084e-06,0.0011997601919040602
s22-139-36,u036,2025-07-18,variable,empirical,60,0.00659472422062346,0,4.349038754607771e-05,0.006616565492129114
s22-139-36,u036,2025-07-18,variable,empirical,120,0.017386091127098324,0,0.0003022761646797671,0.017539004174862385
s22-139-36,u036,2025-07-18,variable,hazard,30,0.0013728676679709562,0,1.8847656337600116e-06,0.0013738109141881649
s22-139-36,u036,2025-07-18,variable,hazard,60,0.003570022105355064,0,1.2745057832723805e-05,0.0035764098417096096
s22-139-36,u036,2025-07-18,variable,hazard,120,0.012762539064181788,0,0.00016288240336476617,0.012844679897993398
s22-139-36,u036,2025-07-18,variable,hazard_cal,30,0.0018638280171259236,0,3.473854877423552e-06,0.0018655671058087403
s22-139-36,u036,2025-07-18,variable,hazard_cal,60,0.0048030625687495165,0,2.3069410039322705e-05,0.004814634341938503
s22-139-36,u036,2025-07-18,variable,hazard_cal,120,0.016797145305622152,0,0.0002821440904181843,0.01693981726180752
s22-139-25,u025,2025-07-18,regular,empirical,30,0.0011990407673860837,0,1.4376987618538084e-06,0.0011997601919040602
s22-139-25,u025,2025-07-18,regular,empirical,60,0.00659472422062346,0,4.349038754607771e-05,0.006616565492129114
s22-139-25,u025,2025-07-18,regular,empirical,120,0.017386091127098324,0,0.0003022761646797671,0.017539004174862385
s22-139-25,u025,2025-07-18,regular,hazard,30,0.003963827328461678,0,1.571192708985964e-05,0.003971704113707786
s22-139-25,u025,2025-07-18,regular,hazard,60,0.010283674841377377,0,0.00010575396824317802,0.010336917157816481
s22-139-25,u025,2025-07-18,regular,hazard,120,0.03640729196517212,0,0.0013254909082372863,0.03708657568928598
s22-139-25,u025,2025-07-18,regular,hazard_cal,30,0.005210872733251826,0,2.7153194642147353e-05,0.005224496679615831
s22-139-25,u025,2025-07-18,regular,hazard_cal,60,0.01338880789143504,0,0.0001792601767537532,0.01347924612707334
s22-139-25,u025,2025-07-18,regular,hazard_cal,120,0.04626179680689424,0,0.00214015384380237,0.04736606532695801
s22-139-18,u018,2025-07-18,variable,empirical,30,0.0011990407673860837,0,1.4376987618538084e-06,0.0011997601919040602
s22-139-18,u018,2025-07-18,variable,empirical,60,0.00659472422062346,0,4.349038754607771e-05,0.006616565492129114
s22-139-18,u018,2025-07-18,variable,empirical,120,0.017386091127098324,0,0.0003022761646797671,0.017539004174862385
s22-139-18,u018,2025-07-18,variable,hazard,30,0.0006716923847691625,0,4.5117065975688465e-07,0.0006719180711659225
s22-139-18,u018,2025-07-18,variable,hazard,60,0.001747775133296381,0,3.054717916569182e-06,0.0017493042742440955
s22-139-18,u018,2025-07-18,variable,hazard,120,0.006264688597271473,0,3.924632322078321e-05,0.006284394101221521
s22-139-18,u018,2025-07-18,variable,hazard_cal,30,0.0009316904900374956,0,8.680471692263087e-07,0.0009321247833943899
s22-139-18,u018,2025-07-18,variable,hazard_cal,60,0.0024029277513704095,0,5.774061778306053e-06,0.002405819415494993
s22-139-18,u018,2025-07-18,variable,hazard_cal,120,0.008431846909696672,0,7.109604230856132e-05,0.008467596026745303
s22-139-49,u049,2025-07-18,regular,empirical,30,0.0011990407673860837,0,1.4376987618538084e-06,0.0011997601919040602
s22-139-49,u049,2025-07-18,regular,empirical,60,0.00659472422062346,0,4.349038754607771e-05,0.006616565492129114
s22-139-49,u049,2025-07-18,regular,empirical,120,0.017386091127098324,0,0.0003022761646797671,0.017539004174862385
s22-139-49,u049,2025-07-18,regular,hazard,30,0.0006718197577331164,0,4.513417868805832e-07,0.0006720455297509547
s22-139-49,u049,2025-07-18,regular,hazard,60,0.0017481063641929806,0,3.055875860532002e-06,0.0017496360851264573
s22-139-49,u049,2025-07-18,regular,hazard,120,0.006265872843964848,0,3.9261162496736135e-05,0.006285585814332073
s22-139-49,u049,2025-07-18,regular,hazard_cal,30,0.0009318618731356532,0,8.683665506038881e-07,0.000932296326332171
s22-139-49,u049,2025-07-18,regular,hazard_cal,60,0.0024033694035510145,0,5.776184489925159e-06,0.0024062621315881477
s22-139-49,u049,2025-07-18,regular,hazard_cal,120,0.008433391427679515,0,7.112209097245833e-05,0.00846915367982335
s22-139-26,u026,2025-07-18,regular,empirical,30,0.0011990407673860837,0,1.4376987618538084e-06,0.0011997601919040602
s22-139-26,u026,2025-07-18,regular,empirical,60,0.00659472422062346,0,4.349038754607771e-05,0.006616565492129114
s22-139-26,u026,2025-07-18,regular,empirical,120,0.017386091127098324,0,0.0003022761646797671,0.017539004174862385
s22-139-26,u026,2025-07-18,regular,hazard,30,0.0029952689901491247,0,8.971636323348957e-06,0.002999763785969726
s22-139-26,u026,2025-07-18,regular,hazard,60,0.007777616398175868,0,6.0491316837174167e-05,0.007808019803209345
s22-139-26,u026,2025-07-18,regular,hazard,120,0.02763526439878794,0,0.0007637078383909161,0.02802430251943735
s22-139-26,u026,2025-07-18,regular,hazard_cal,30,0.0039714794900721495,0,1.577264934006374e-05,0.0039793867573856756
s22-139-26,u026,2025-07-18,regular,hazard_cal,60,0.010215465667720025,0,0.00010435573880836654,0.010268001629583884
s22-139-26,u026,2025-07-18,regular,hazard_cal,120,0.03545468939382579,0,0.001257035000012663,0.036098469402658026
s22-139-38,u038,2025-07-18,regular,empirical,30,0.0011990407673860837,0,1.4376987618538084e-06,0.0011997601919040602
s22-139-38,u038,2025-07-18,regular,empirical,60,0.00659472422062346,0,4.349038754607771e-05,0.006616565492129114
s22-139-38,u038,2025-07-18,regular,empirical,120,0.017386091127098324,0,0.0003022761646797671,0.017539004174862385
s22-139-38,u038,2025-07-18,regular,hazard,30,0.0010347468591301867,0,1.0707010624797864e-06,0.0010352825792497846
s22-139-38,u038,2025-07-18,regular,hazard,60,0.0026915840571166694,0,7.24462473652463e-06,0.002695212882473209
s22-139-38,u038,2025-07-18,regular,hazard,120,0.009634460038489778,0,9.282282023325646e-05,0.009681171718612781
s22-139-38,u038,2025-07-18,regular,hazard_cal,30,0.0014167902547512767,0,2.0072946259581875e-06,0.0014177948510445283
s22-139-38,u038,2025-07-18,regular,hazard_cal,60,0.003652489822730809,0,1.3340681905152136e-05,0.003659176450542202
s22-139-38,u038,2025-07-18,regular,hazard_cal,120,0.012794059880637088,0,0.00016368796822932748,0.012876608710377822
s22-139-21,u021,2025-07-18,regular,empirical,30,0.0011990407673860837,0,1.4376987618538084e-06,0.0011997601919040602
s22-139-21,u021,2025-07-18,regular,empirical,60,0.00659472422062346,0,4.349038754607771e-05,0.006616565492129114
s22-139-21,u021,2025-07-18,regular,empirical,120,0.017386091127098324,0,0.0003022761646797671,0.017539004174862385
s22-139-21,u021,2025-07-18,regular,hazard,30,0.0015712493028886554,0,2.4688243718280856e-06,0.0015724850096464518
s22-139-21,u021,2025-07-18,regular,hazard,60,0.004085169776020359,0,1.6688612098910227e-05,0.004093536877196837
s22-139-21,u021,2025-07-18,regular,hazard,120,0.014593244969533403,0,0.000212962798740812,0.014700773780622784
s22-139-21,u021,2025-07-18,regular,hazard_cal,30,0.0021244916604372666,0,4.513464815267494e-06,0.002126751594219199
s22-139-21,u021,2025-07-18,regular,hazard_cal,60,0.005473532479240206,0,2.995955780129744e-05,0.005488567145059279
s22-139-21,u021,2025-07-18,regular,hazard_cal,120,0.019123871836647766,0,0.0003657224740245296,0.019309098374995802
s22-139-44,u044,2025-07-18,variable,empirical,30,0.0011990407673860837,0,1.4376987618538084e-06,0.0011997601919040602
s22-139-44,u044,2025-07-18,variable,empirical,60,0.00659472422062346,0,4.349038754607771e-05,0.006616565492129114
s22-139-44,u044,2025-07-18,variable,empirical,120,0.017386091127098324,0,0.0003022761646797671,0.017539004174862385
s22-139-44,u044,2025-07-18,variable,hazard,30,0.0011385965628951666,0,1.2964021330366871e-06,0.0011392452564085703
s22-139-44,u044,2025-07-18,variable,hazard,60,0.002961442327119146,0,8.770140656852862e-06,0.0029658360741440016
s22-139-44,u044,2025-07-18,variable,hazard,120,0.010596263365970304,0,0.00011228079732100432,0.01065280352896374
s22-139-44,u044,2025-07-18,variable,hazard_cal,30,0.0015545073721779934,0,2.4164931701557305e-06,0.001555716872376898
s22-139-44,u044,2025-07-18,variable,hazard_cal,60,0.0040070387975260635,0,1.605635992487912e-05,0.004015088488299866
s22-139-44,u044,2025-07-18,variable,hazard_cal,120,0.014028994389542082,0,0.0001968126835818032,0.014128330886455013
s22-139-5,u005,2025-07-18,regular,empirical,30,0.0011990407673860837,0,1.4376987618538084e-06,0.0011997601919040602
s22-139-5,u005,2025-07-18,regular,empirical,60,0.00659472422062346,0,4.349038754607771e-05,0.006616565492129114
s22-139-5,u005,2025-07-18,regular,empirical,120,0.017386091127098324,0,0.0003022761646797671,0.017539004174862385
s22-139-5,u005,2025-07-18,regular,hazard,30,0.0004434233641890106,0,1.9662427990869994e-07,0.00044352170540123357
s22-139-5,u005,2025-07-18,regular,hazard,60,0.0011540444679171147,0,1.3318186339300964e-06,0.0011547108900039004
s22-139-5,u005,2025-07-18,regular,hazard,120,0.004140096866289578,0,1.7140402062260782e-05,0.004148690795321451
s22-139-5,u005,2025-07-18,regular,hazard_cal,30,0.0006227547751863627,0,3.8782351001741713e-07,0.0006229487674853062
s22-139-5,u005,2025-07-18,regular,hazard_cal,60,0.0016065872204477083,0,2.5811224969058933e-06,0.0016078791656299924
s22-139-5,u005,2025-07-18,regular,hazard_cal,120,0.005643810003832295,0,3.1852591359357485e-05,0.005659796477634095
s22-139-56,u056,2025-07-18,new,empirical,30,0.0011990407673860837,0,1.4376987618538084e-06,0.0011997601919040602
s22-139-56,u056,2025-07-18,new,empirical,60,0.00659472422062346,0,4.349038754607771e-05,0.006616565492129114
s22-139-56,u056,2025-07-18,new,empirical,120,0.017386091127098324,0,0.0003022761646797671,0.017539004174862385
s22-139-56,u056,2025-07-18,new,hazard,30,0.0021502086802602793,0,4.6233973686666525e-06,0.0021525236980541574
s22-139-56,u056,2025-07-18,new,hazard,60,0.005587535104311647,0,3.122054854191497e-05,0.005603203771994608
s22-139-56,u056,2025-07-18,new,hazard,120,0.01991663837877289,0,0.00039667248431080916,0.0201176480563578
s22-139-56,u056,2025-07-18,new,hazard_cal,30,0.002879861475132306,0,8.293602115951221e-06,0.002884016254901028
s22-139-56,u056,2025-07-18,new,hazard_cal,60,0.007414727847521174,0,5.4978189052805984e-05,0.007442353584977914
s22-139-56,u056,2025-07-18,new,hazard_cal,120,0.025835627858612042,0,0.0006674796668486906,0.026175229679196176
s22-139-12,u012,2025-07-18,variable,empirical,30,0.0011990407673860837,0,1.4376987618538084e-06,0.0011997601919040602
s22-139-12,u012,2025-07-18,variable,empirical,60,0.00659472422062346,0,4.349038754607771e-05,0.006616565492129114
s22-139-12,u012,2025-07-18,variable,empirical,120,0.017386091127098324,0,0.0003022761646797671,0.017539004174862385
s22-139-12,u012,2025-07-18,variable,hazard,30,0.00089219114308281,0,7.960050357954112e-07,0.0008925893824887744
s22-139-12,u012,2025-07-18,variable,hazard,60,0.002321064565833697,0,5.3873407187687686e-06,0.0023237624115843227
s22-139-12,u012,2025-07-18,variable,hazard,120,0.008312660291745044,0,6.91003211259548e-05,0.00834740312318054
s22-139-12,u012,2025-07-18,variable,hazard_cal,30,0.0012270507318795643,0,1.5056534986061744e-06,0.0012278041750339148
s22-139-12,u012,2025-07-18,variable,hazard_cal,60,0.003163869539335673,0,1.0010070461936123e-05,0.0031688851565329318
s22-139-12,u012,2025-07-18,variable,hazard_cal,120,0.011090117188988446,0,0.000122990699265497,0.011152071014586344
s22-139-42,u042,2025-07-18,variable,empirical,30,0.0011990407673860837,0,1.4376987618538084e-06,0.0011997601919040602
s22-139-42,u042,2025-07-18,variable,empirical,60,0.00659472422062346,0,4.349038754607771e-05,0.006616565492129114
s22-139-42,u042,2025-07-18,variable,empirical,120,0.017386091127098324,0,0.0003022761646797671,0.017539004174862385
s22-139-42,u042,2025-07-18,variable,hazard,30,0.0013299400368644854,0,1.7687405016551088e-06,0.001330825192004526
s22-139-42,u042,2025-07-18,variable,hazard,60,0.0034585256172016132,0,1.1961399444839799e-05,0.0034645201423941867
s22-139-42,u042,2025-07-18,variable,hazard,120,0.01236594738813157,0,0.00015291665480603802,0.01244304193961396
s22-139-42,u042,2025-07-18,variable,hazard_cal,30,0.00180727730604624,0,3.2662512609497545e-06,0.0018089124020216026
s22-139-42,u042,2025-07-18,variable,hazard_cal,60,0.00465756410976137,0,2.169290343653722e-05,0.004668444358261375
s22-139-42,u042,2025-07-18,variable,hazard_cal,120,0.016291642115522587,0,0.0002654176028202693,0.016425810124122413
s22-139-31,u031,2025-07-18,variable,empirical,30,0.0011990407673860837,0,1.4376987618538084e-06,0.0011997601919040602
s22-139-31,u031,2025-07-18,variable,empirical,60,0.00659472422062346,0,4.349038754607771e-05,0.006616565492129114
s22-139-31,u031,2025-07-18,variable,empirical,120,0.017386091127098324,0,0.0003022761646797671,0.017539004174862385
s22-139-31,u031,2025-07-18,variable,hazard,30,0.001020548122182996,0,1.0415184696912393e-06,0.0010210692359958263
s22-139-31,u031,2025-07-18,variable,hazard,60,0.0026546840752230683,0,7.047347539242957e-06,0.0026582139975958223
s22-139-31,u031,2025-07-18,variable,hazard,120,0.009502885986796716,0,9.03048420780574e-05,0.009548326514405864
s22-139-31,u031,2025-07-18,variable,hazard_cal,30,0.0013979293458503683,0,1.9542064559896387e-06,0.0013989073606483471
s22-139-31,u031,2025-07-18,variable,hazard_cal,60,0.0036039262221013724,0,1.298828421434987e-05,0.003610436009443742
s22-139-31,u031,2025-07-18,variable,hazard_cal,120,0.012624811249054235,0,0.00015938585907424637,0.01270518133317589
s22-139-59,u059,2025-07-18,new,empirical,30,0.0011990407673860837,0,1.4376987618538084e-06,0.0011997601919040602
s22-139-59,u059,2025-07-18,new,empirical,60,0.00659472422062346,0,4.349038754607771e-05,0.006616565492129114
s22-139-59,u059,2025-07-18,new,empirical,120,0.017386091127098324,0,0.0003022761646797671,0.017539004174862385
s22-139-59,u059,2025-07-18,new,hazard,30,0.0009508998254967871,0,9.042104781298201e-07,0.0009513522175449353
s22-139-59,u059,2025-07-18,new,hazard,60,0.0024736669804864553,0,6.119028330348977e-06,0.0024767315495102635
s22-139-59,u059,2025-07-18,new,hazard,120,0.008857229998039173,0,7.845052323816502e-05,0.00889668842737209
s22-139-59,u059,2025-07-18,new,hazard_cal,30,0.0013052945839843177,0,1.7037939509787931e-06,0.0013061472230039663
s22-139-59,u059,2025-07-18,new,hazard_cal,60,0.0033653841760535874,0,1.1325810652431883e-05,0.0033710598187695314
s22-139-59,u059,2025-07-18,new,hazard_cal,120,0.011793133931985778,0,0.00013907800793775432,0.011863224539561058
s22-139-1,u001,2025-07-18,regular,empirical,30,0.0011990407673860837,0,1.4376987618538084e-06,0.0011997601919040602
s22-139-1,u001,2025-07-18,regular,empirical,60,0.00659472422062346,0,4.349038754607771e-05,0.006616565492129114
s22-139-1,u001,2025-07-18,regular,empirical,120,0.017386091127098324,0,0.0003022761646797671,0.017539004174862385
s22-139-1,u001,2025-07-18,regular,hazard,30,0.005460609446124809,0,2.9818255523107493e-05,0.0054755730724265214
s22-139-1,u001,2025-07-18,regular,hazard,60,0.01414789769761704,0,0.00020016300926223754,0.014248933295202455
s22-139-1,u001,2025-07-18,regular,hazard,120,0.04980824866514222,0,0.0024808616350886414,0.05109147124483459
s22-139-1,u001,2025-07-18,regular,hazard_cal,30,0.007108018156050111,0,5.052392210673802e-05,0.007133400467239213
s22-139-1,u001,2025-07-18,regular,hazard_cal,60,0.018232811988381448,0,0.00033243543300366625,0.01840107815334268
s22-139-1,u001,2025-07-18,regular,hazard_cal,120,0.0625722716295617,0,0.003915289176883652,0.0646156138473369
s22-139-29,u029,2025-07-18,regular,empirical,30,0.0011990407673860837,0,1.4376987618538084e-06,0.0011997601919040602
s22-139-29,u029,2025-07-18,regular,empirical,60,0.00659472422062346,0,4.349038754607771e-05,0.006616565492129114
s22-139-29,u029,2025-07-18,regular,empirical,120,0.017386091127098324,0,0.0003022761646797671,0.017539004174862385
s22-139-29,u029,2025-07-18,regular,hazard,30,0.0008522157966442956,0,7.262717640500714e-07,0.0008525791389717016
s22-139-29,u029,2025-07-18,regular,hazard,60,0.0022171468161652497,0,4.915740004431703e-06,0.002219608325191759
s22-139-29,u029,2025-07-18,regular,hazard,120,0.007941686156556327,0,6.30703790092384e-05,0.00797338930860805
s22-139-29,u029,2025-07-18,regular,hazard_cal,30,0.0011736850917888342,0,1.3775366946873641e-06,0.0011743743995424529
s22-139-29,u029,2025-07-18,regular,hazard_cal,60,0.003026412026870151,0,9.159169756384297e-06,0.003031000872579016
s22-139-29,u029,2025-07-18,regular,hazard_cal,120,0.01061034523387927,0,0.00011257942598210455,0.010667036311396108
s22-139-30,u030,2025-07-18,regular,empirical,30,0.0011990407673860837,0,1.4376987618538084e-06,0.0011997601919040602
s22-139-30,u030,2025-07-18,regular,empirical,60,0.00659472422062346,0,4.349038754607771e-05,0.006616565492129114
s22-139-30,u030,2025-07-18,regular,empirical,120,0.017386091127098324,0,0.0003022761646797671,0.017539004174862385
s22-139-30,u030,2025-07-18,regular,hazard,30,0.003952994386709818,0,1.5626164621359332e-05,0.003960828120305448
s22-139-30,u030,2025-07-18,regular,hazard,60,0.010255669671993206,0,0.00010517876042104124,0.010308621400274227
s22-139-30,u030,2025-07-18,regular,hazard,120,0.036309618430463764,0,0.001318388390565874,0.03698521690570217
s22-139-30,u030,2025-07-18,regular,hazard_cal,30,0.005197068030830976,0,2.7009516117085357e-05,0.0052106197621271545
s22-139-30,u030,2025-07-18,regular,hazard_cal,60,0.013353500594122103,0,0.00017831597811721937,0.013443460332376037
s22-139-30,u030,2025-07-18,regular,hazard_cal,120,0.04614208782292595,0,0.002129092268658611,0.04724055764410953
s22-139-32,u032,2025-07-18,regular,empirical,30,0.0011990407673860837,0,1.4376987618538084e-06,0.0011997601919040602
s22-139-32,u032,2025-07-18,regular,empirical,60,0.00659472422062346,0,4.349038754607771e-05,0.006616565492129114
s22-139-32,u032,2025-07-18,regular,empirical,120,0.017386091127098324,0,0.0003022761646797671,0.017539004174862385
s22-139-32,u032,2025-07-18,regular,hazard,30,0.0013882811540865125,0,1.927324562791779e-06,0.001389245709187042
s22-139-32,u032,2025-07-18,regular,hazard,60,0.0036100536563741237,0,1.303248740190018e-05,0.0036165856253191054
s22-139-32,u032,2025-07-18,regular,hazard,120,0.01290489945427531,0,0.00016653642992495518,0.012988891053821588
s22-139-32,u032,2025-07-18,regular,hazard_cal,30,0.0018841197481902494,0,3.549907225520489e-06,0.001885896934441662
s22-139-32,u032,2025-07-18,regular,hazard_cal,60,0.004855267315248102,0,2.357362070251651e-05,0.00486709241714678
s22-139-32,u032,2025-07-18,regular,hazard_cal,120,0.016978468966787563,0,0.00028826840845616836,0.017124255683989256
s22-139-57,u057,2025-07-18,new,empirical,30,0.0011990407673860837,0,1.4376987618538084e-06,0.0011997601919040602
s22-139-57,u057,2025-07-18,new,empirical,60,0.00659472422062346,0,4.349038754607771e-05,0.006616565492129114
s22-139-57,u057,2025-07-18,new,empirical,120,0.017386091127098324,0,0.0003022761646797671,0.017539004174862385
s22-139-57,u057,2025-07-18,new,hazard,30,0.0009502537819425783,0,9.02982250096173e-07,0.0009507055592923917
s22-139-57,u057,2025-07-18,new,hazard,60,0.0024719877965909687,0,6.110723666494672e-06,0.0024750482029893953
s22-139-57,u057,2025-07-18,new,hazard,120,0.008851239056039018,0,7.834443282715048e-05,0.008890643966295958
s22-139-57,u057,2025-07-18,new,hazard_cal,30,0.001304434383174291,0,1.7015490600072932e-06,0.0013052858982819011
s22-139-57,u057,2025-07-18,new,hazard_cal,60,0.003363168906426295,0,1.131090509315264e-05,0.0033688370712047487
s22-139-57,u057,2025-07-18,new,hazard_cal,120,0.011785407770791845,0,0.0001388958363238408,0.011855406205914115
s22-139-58,u058,2025-07-18,new,empirical,30,0.0011990407673860837,0,1.4376987618538084e-06,0.0011997601919040602
s22-139-58,u058,2025-07-18,new,empirical,60,0.00659472422062346,0,4.349038754607771e-05,0.006616565492129114
s22-139-58,u058,2025-07-18,new,empirical,120,0.017386091127098324,0,0.0003022761646797671,0.017539004174862385
s22-139-58,u058,2025-07-18,new,hazard,30,0.0018233583076946447,0,3.3246355182390786e-06,0.0018250226488883655
s22-139-58,u058,2025-07-18,new,hazard,60,0.004739569559217616,0,2.2463519606662264e-05,0.004750836934791505
s22-139-58,u058,2025-07-18,new,hazard,120,0.016914866961264097,0,0.0002861127243172637,0.01705955725566093
s22-139-58,u058,2025-07-18,new,hazard_cal,30,0.0024543144887716473,0,6.023659609794432e-06,0.002457331255650529
s22-139-58,u058,2025-07-18,new,hazard_cal,60,0.006321449497938891,0,3.996072375499186e-05,0.0063415144642932075
s22-139-58,u058,2025-07-18,new,hazard_cal,120,0.022060098872617173,0,0.00048664796226964547,0.022307061625493976
s22-139-13,u013,2025-07-18,regular,empirical,30,0.0011990407673860837,0,1.4376987618538084e-06,0.0011997601919040602
s22-139-13,u013,2025-07-18,regular,empirical,60,0.00659472422062346,0,4.349038754607771e-05,0.006616565492129114
s22-139-13,u013,2025-07-18,regular,empirical,120,0.017386091127098324,0,0.0003022761646797671,0.017539004174862385
s22-139-13,u013,2025-07-18,regular,hazard,30,0.0010344791340076709,0,1.0701470786972606e-06,0.0010350145768485014
s22-139-13,u013,2025-07-18,regular,hazard,60,0.0026908882960210434,0,7.2408798216630345e-06,0.002694515243867329
s22-139-13,u013,2025-07-18,regular,hazard,120,0.009631979297671345,0,9.277502519076937e-05,0.009678666847823796
s22-139-13,u013,2025-07-18,regular,hazard_cal,30,0.0014164346946453632,0,2.006287244195103e-06,0.0014174387865331863
s22-139-13,u013,2025-07-18,regular,hazard_cal,60,0.0036515743314695648,0,1.3333995098247398e-05,0.0036582576036225333
s22-139-13,u013,2025-07-18,regular,hazard_cal,120,0.01279086952320485,0,0.00016360634315965068,0.012873377011552433
s22-139-53,u053,2025-07-18,regular,empirical,30,0.0011990407673860837,0,1.4376987618538084e-06,0.0011997601919040602
s22-139-53,u053,2025-07-18,regular,empirical,60,0.00659472422062346,0,4.349038754607771e-05,0.006616565492129114
s22-139-53,u053,2025-07-18,regular,empirical,120,0.017386091127098324,0,0.0003022761646797671,0.017539004174862385
s22-139-53,u053,2025-07-18,regular,hazard,30,0.005097726537493519,0,2.598681585106566e-05,0.005110764272832749
s22-139-53,u053,2025-07-18,regular,hazard,60,0.013212002198677464,0,0.00017455700209785814,0.013300057147839257
s22-139-53,u053,2025-07-18,regular,hazard,120,0.04657647060154879,0,0.002169367613696939,0.04769605705459453
s22-139-53,u053,2025-07-18,regular,hazard_cal,30,0.006649791436652008,0,4.421972615097038e-05,0.006671999808507375
s22-139-53,u053,2025-07-18,regular,hazard_cal,60,0.017064304711000067,0,0.00029119049526985907,0.017211577771283723
s22-139-53,u053,2025-07-18,regular,hazard_cal,120,0.05865822313137181,0,0.0034407871409298033,0.06044899931605155
s22-139-9,u009,2025-07-18,variable,empirical,30,0.0011990407673860837,0,1.4376987618538084e-06,0.0011997601919040602
s22-139-9,u009,2025-07-18,variable,empirical,60,0.00659472422062346,0,4.349038754607771e-05,0.006616565492129114
s22-139-9,u009,2025-07-18,variable,empirical,120,0.017386091127098324,0,0.0003022761646797671,0.017539004174862385
s22-139-9,u009,2025-07-18,variable,hazard,30,0.0007169352691261954,0,5.139961801170503e-07,0.0007171923901163364
s22-139-9,u009,2025-07-18,variable,hazard,60,0.0018654236092187082,0,3.4798052418305518e-06,0.001867165678641694
s22-139-9,u009,2025-07-18,variable,hazard,120,0.006685244428952131,0,4.46924930748355e-05,0.006707690770943342
s22-139-9,u009,2025-07-18,variable,hazard_cal,30,0.0009925055409840677,0,9.85067248884077e-07,0.0009929984007461929
s22-139-9,u009,2025-07-18,variable,hazard_cal,60,0.00255963902925338,0,6.551751960077185e-06,0.0025629205060268127
s22-139-9,u009,2025-07-18,variable,hazard_cal,120,0.008979767110549708,0,8.063621735971025e-05,0.009020328221362683
s22-139-40,u040,2025-07-18,regular,empirical,30,0.0011990407673860837,0,1.4376987618538084e-06,0.0011997601919040602
s22-139-40,u040,2025-07-18,regular,empirical,60,0.00659472422062346,0,4.349038754607771e-05,0.006616565492129114
s22-139-40,u040,2025-07-18,regular,empirical,120,0.017386091127098324,0,0.0003022761646797671,0.017539004174862385
s22-139-40,u040,2025-07-18,regular,hazard,30,0.0009041425316135276,0,8.174737174725189e-07,0.0009045515150103695
s22-139-40,u040,2025-07-18,regular,hazard,60,0.002352131303020477,0,5.532521666648807e-06,0.0023549019092595604
s22-139-40,u040,2025-07-18,regular,hazard,120,0.008423543143248668,0,7.095607908617166e-05,0.008459221683889616
s22-139-40,u040,2025-07-18,regular,hazard_cal,30,0.0012429912203871796,0,1.54502717395961e-06,0.001243764374723268
s22-139-40,u040,2025-07-18,regular,hazard_cal,60,0.003204926032472133,0,1.0271550873617568e-05,0.0032100728075398688
s22-139-40,u040,2025-07-18,regular,hazard_cal,120,0.011233381842540413,0,0.00012618886762031663,0.011296952802616299
