sid,user,day,cohort,model,lead_minutes,p,y,brier,logloss
s33-110-17,u017,2025-06-09,regular,empirical,30,0.0028985507246376274,0,8.401596303297314e-06,0.002902759657961351
s33-110-17,u017,2025-06-09,regular,empirical,60,0.004637681159420315,0,2.1508086536442157e-05,0.004648468567984626
s33-110-17,u017,2025-06-09,regular,empirical,120,0.0197101449275362,0,0.000388489813064481,0.0199069805668798
s33-110-17,u017,2025-06-09,regular,hazard,30,0.00031445640887117765,0,9.888283308015726e-08,0.000314505860654943
s33-110-17,u017,2025-06-09,regular,hazard,60,0.0008495131560840585,0,7.21672602359898e-07,0.0008498741968723199
s33-110-17,u017,2025-06-09,regular,hazard,120,0.0033467067472839895,0,1.1200446052316181e-05,0.003352319496626308
s33-110-17,u017,2025-06-09,regular,hazard_cal,30,0.0003024101519965017,0,9.145190003054725e-08,0.0003024558871672693
s33-110-17,u017,2025-06-09,regular,hazard_cal,60,0.0008225256183761465,0,6.765483928850621e-07,0.0008228640781798889
s33-110-17,u017,2025-06-09,regular,hazard_cal,120,0.0032937698543969995,0,1.0848919853734432e-05,0.003299206255108103
s33-110-24,u024,2025-06-09,regular,empirical,30,0.0028985507246376274,0,8.401596303297314e-06,0.002902759657961351
s33-110-24,u024,2025-06-09,regular,empirical,60,0.004637681159420315,0,2.1508086536442157e-05,0.004648468567984626
s33-110-24,u024,2025-06-09,regular,empirical,120,0.0197101449275362,0,0.000388489813064481,0.0199069805668798
s33-110-24,u024,2025-06-09,regular,hazard,30,0.0017532008121254883,0,3.0737130876374715e-06,0.0017547394673133132
s33-110-24,u024,2025-06-09,regular,hazard,60,0.0047297595072158805,0,2.2370624996099007e-05,0.004740980214525835
s33-110-24,u024,2025-06-09,regular,hazard,120,0.018512835729345922,0,0.000342725086741747,0.018686343017304787
s33-110-24,u024,2025-06-09,regular,hazard_cal,30,0.0017454739283068177,0,3.0466792343988338e-06,0.001746999042880883
s33-110-24,u024,2025-06-09,regular,hazard_cal,60,0.004740830563571996,0,2.247547443249837e-05,0.004752103945027886
s33-110-24,u024,2025-06-09,regular,hazard_cal,120,0.018857653839290278,0,0.0003556111083224994,0.019037726823223893
s33-110-40,u040,2025-06-09,regular,empirical,30,0.0028985507246376274,0,8.401596303297314e-06,0.002902759657961351
s33-110-40,u040,2025-06-09,regular,empirical,60,0.004637681159420315,0,2.1508086536442157e-05,0.004648468567984626
s33-110-40,u040,2025-06-09,regular,empirical,120,0.0197101449275362,0,0.000388489813064481,0.0199069805668798
s33-110-40,u040,2025-06-09,regular,hazard,30,0.0007265951018294858,0,5.279404420026009e-07,0.000726859199986521
s33-110-40,u040,2025-06-09,regular,hazard,60,0.0019621382618019156,0,3.849986558427043e-06,0.001964065776861199
s33-110-40,u040,2025-06-09,regular,hazard,120,0.007715605978886431,0,5.953057562142803e-05,0.007745525262995281
s33-110-40,u040,2025-06-09,regular,hazard_cal,30,0.0007106598210747661,0,5.050373812900186e-07,0.0007109124594658048
s33-110-40,u040,2025-06-09,regular,hazard_cal,60,0.0019321538085006473,0,3.733218339703556e-06,0.0019340228255441342
s33-110-40,u040,2025-06-09,regular,hazard_cal,120,0.007722552870774835,0,5.963782284191264e-05,0.007752526195638836
s33-110-15,u015,2025-06-09,variable,empirical,30,0.0028985507246376274,0,8.401596303297314e-06,0.002902759657961351
s33-110-15,u015,2025-06-09,variable,empirical,60,0.004637681159420315,0,2.1508086536442157e-05,0.004648468567984626
s33-110-15,u015,2025-06-09,variable,empirical,120,0.0197101449275362,0,0.000388489813064481,0.0199069805668798
s33-110-15,u015,2025-06-09,variable,hazard,30,0.000611746480354336,0,3.74233756225918e-07,0.0006119336735795399
s33-110-15,u015,2025-06-09,variable,hazard,60,0.0016521774684417068,0,2.729690387226447e-06,0.0016535438188115725
s33-110-15,u015,2025-06-09,variable,hazard,120,0.006500128673427974,0,4.225167277112051e-05,0.006521346505551176
s33-110-15,u015,2025-06-09,variable,hazard_cal,30,0.0005962579837176518,0,3.5552358314703954e-07,0.000596435816202098
s33-110-15,u015,2025-06-09,variable,hazard_cal,60,0.0016212972909011025,0,2.6286049054832543e-06,0.001622613015666816
s33-110-15,u015,2025-06-09,variable,hazard_cal,120,0.006483549578050307,0,4.203641513103632e-05,0.00650465907807855
s33-110-41,u041,2025-06-09,regular,empirical,30,0.0028985507246376274,0,8.401596303297314e-06,0.002902759657961351
s33-110-41,u041,2025-06-09,regular,empirical,60,0.004637681159420315,0,2.1508086536442157e-05,0.004648468567984626
s33-110-41,u041,2025-06-09,regular,empirical,120,0.0197101449275362,0,0.000388489813064481,0.0199069805668798
s33-110-41,u041,2025-06-09,regular,hazard,30,0.0007768641601740844,0,6.035179233629855e-07,0.0007771660755106959
s33-110-41,u041,2025-06-09,regular,hazard,60,0.0020977860085185096,0,4.400706137536021e-06,0.0020999894436835582
s33-110-41,u041,2025-06-09,regular,hazard,120,0.008247137504648672,0,6.801527702058272e-05,0.008281333284475636
s33-110-41,u041,2025-06-09,regular,hazard_cal,30,0.0007608519597614993,0,5.788957046729142e-07,0.000761141554515644
s33-110-41,u041,2025-06-09,regular,hazard_cal,60,0.002068515648018243,0,4.278756986096332e-06,0.0020706579813210787
s33-110-41,u041,2025-06-09,regular,hazard_cal,120,0.008265643843944792,0,6.832086815494244e-05,0.008299993691381853
s33-110-51,u051,2025-06-09,regular,empirical,30,0.0028985507246376274,0,8.401596303297314e-06,0.002902759657961351
s33-110-51,u051,2025-06-09,regular,empirical,60,0.004637681159420315,0,2.1508086536442157e-05,0.004648468567984626
s33-110-51,u051,2025-06-09,regular,empirical,120,0.0197101449275362,0,0.000388489813064481,0.0199069805668798
s33-110-51,u051,2025-06-09,regular,hazard,30,0.001184624659925082,0,1.4033355849026162e-06,0.0011853268823523182
s33-110-51,u051,2025-06-09,regular,hazard,60,0.003197615039826185,0,1.0224741942922614e-05,0.0032027383352638927
s33-110-51,u051,2025-06-09,regular,hazard,120,0.012547889432360404,0,0.0001574495292067419,0.01262727901051783
s33-110-51,u051,2025-06-09,regular,hazard_cal,30,0.0011701197871061275,0,1.3691803161772892e-06,0.0011708049117683124
s33-110-51,u051,2025-06-09,regular,hazard_cal,60,0.0031799141967433497,0,1.0111854298649904e-05,0.0031849808677966223
s33-110-51,u051,2025-06-09,regular,hazard_cal,120,0.012682581727143427,0,0.00016084787926567236,0.012763692189903858
s33-110-0,u000,2025-06-09,regular,empirical,30,0.0028985507246376274,0,8.401596303297314e-06,0.002902759657961351
s33-110-0,u000,2025-06-09,regular,empirical,60,0.004637681159420315,0,2.1508086536442157e-05,0.004648468567984626
s33-110-0,u000,2025-06-09,regular,empirical,120,0.0197101449275362,0,0.000388489813064481,0.0199069805668798
s33-110-0,u000,2025-06-09,regular,hazard,30,0.0033418978023246337,0,1.1168280921182216e-05,0.0033474944151359385
s33-110-0,u000,2025-06-09,regular,hazard,60,0.009001926713972597,0,8.103468456373347e-05,0.009042688865918557
s33-110-0,u000,2025-06-09,regular,hazard,120,0.034984460318141064,0,0.0012239124637515868,0.03561107447554468
s33-110-0,u000,2025-06-09,regular,hazard_cal,30,0.003370688963587165,0,1.1361544089248318e-05,0.00337638253340065
s33-110-0,u000,2025-06-09,regular,hazard_cal,60,0.00914051054103282,0,8.35489329507321e-05,0.009182541325440576
s33-110-0,u000,2025-06-09,regular,hazard_cal,120,0.036086091792638886,0,0.0013022060208667595,0.036753295198521635
s33-110-14,u014,2025-06-09,regular,empirical,30,0.0028985507246376274,0,8.401596303297314e-06,0.002902759657961351
s33-110-14,u014,2025-06-09,regular,empirical,60,0.004637681159420315,0,2.1508086536442157e-05,0.004648468567984626
s33-110-14,u014,2025-06-09,regular,empirical,120,0.0197101449275362,0,0.000388489813064481,0.0199069805668798
s33-110-14,u014,2025-06-09,regular,hazard,30,0.0025255624997905235,0,6.378465940348158e-06,0.0025287571126906268
s33-110-14,u014,2025-06-09,regular,hazard,60,0.006808354864885291,0,4.6353695966207206e-05,0.006831637450447628
s33-110-14,u014,2025-06-09,regular,hazard,120,0.026556457213021245,0,0.0007052454197070281,0.02691544990709471
s33-110-14,u014,2025-06-09,regular,hazard_cal,30,0.0025329947972423383,0,6.4160626428567544e-06,0.0025362082561605614
s33-110-14,u014,2025-06-09,regular,hazard_cal,60,0.006874503931727061,0,4.7258804307330814e-05,0.00689824218892977
s33-110-14,u014,2025-06-09,regular,hazard_cal,120,0.027245274423812083,0,0.0007423049784288288,0.027623309173799324
s33-110-18,u018,2025-06-09,variable,empirical,30,0.0028985507246376274,0,8.401596303297314e-06,0.002902759657961351
s33-110-18,u018,2025-06-09,variable,empirical,60,0.004637681159420315,0,2.1508086536442157e-05,0.004648468567984626
s33-110-18,u018,2025-06-09,variable,empirical,120,0.0197101449275362,0,0.000388489813064481,0.0199069805668798
s33-110-18,u018,2025-06-09,variable,hazard,30,0.00029190180461946547,0,8.520666354010059e-08,0.0002919444162437106
s33-110-18,u018,2025-06-09,variable,hazard,60,0.0007885983781800165,0,6.218874020681524e-07,0.0007889094854509299
s33-110-18,u018,2025-06-09,variable,hazard,120,0.003107045591282942,0,9.653732306310766e-06,0.003111882478988264
s33-110-18,u018,2025-06-09,variable,hazard_cal,30,0.00028029868645274014,0,7.856735362713154e-08,0.0002803379774718726
s33-110-18,u018,2025-06-09,variable,hazard_cal,60,0.000762401086559672,0,5.812554167873685e-07,0.0007626918620691688
s33-110-18,u018,2025-06-09,variable,hazard_cal,120,0.003053317828708657,0,9.322749763110148e-06,0.003057988713811193
s33-110-21,u021,2025-06-09,regular,empirical,30,0.0028985507246376274,0,8.401596303297314e-06,0.002902759657961351
s33-110-21,u021,2025-06-09,regular,empirical,60,0.004637681159420315,0,2.1508086536442157e-05,0.004648468567984626
s33-110-21,u021,2025-06-09,regular,empirical,120,0.0197101449275362,0,0.000388489813064481,0.0199069805668798
s33-110-21,u021,2025-06-09,regular,hazard,30,0.00017171113258351856,0,2.9484713053114687e-08,0.0001717258766278803
s33-110-21,u021,2025-06-09,regular,hazard,60,0.0004639464569408114,0,2.1524631490793215e-07,0.0004640541133974408
s33-110-21,u021,2025-06-09,regular,hazard,120,0.0018289219398008871,0,3.34495546188504e-06,0.001830596459553921
s33-110-21,u021,2025-06-09,regular,hazard_cal,30,0.00016313137343193507,0,2.661184499778945e-08,0.00016314468080168664
s33-110-21,u021,2025-06-09,regular,hazard_cal,60,0.0004437615045139731,0,1.9692427288850498e-07,0.0004438599957892528
s33-110-21,u021,2025-06-09,regular,hazard_cal,120,0.0017781769991405127,0,3.161913440272359e-06,0.0017797598325108848
s33-110-23,u023,2025-06-09,variable,empirical,30,0.0028985507246376274,0,8.401596303297314e-06,0.002902759657961351
s33-110-23,u023,2025-06-09,variable,empirical,60,0.004637681159420315,0,2.1508086536442157e-05,0.004648468567984626
s33-110-23,u023,2025-06-09,variable,empirical,120,0.0197101449275362,0,0.000388489813064481,0.0199069805668798
s33-110-23,u023,2025-06-09,variable,hazard,30,0.0013064125587896047,0,1.7067137737632023e-06,0.001307266659629569
s33-110-23,u023,2025-06-09,variable,hazard,60,0.0035259388354639265,0,1.243224467143271e-05,0.003532169608327235
s33-110-23,u023,2025-06-09,variable,hazard,120,0.013828696445123745,0,0.0001912328453713781,0.013925203612955352
s33-110-23,u023,2025-06-09,variable,hazard_cal,30,0.0012929649198285542,0,1.6717582839072595e-06,0.0012938015201781972
s33-110-23,u023,2025-06-09,variable,hazard_cal,60,0.0035133362879786745,0,1.2343531872427772e-05,0.003519522547772441
s33-110-23,u023,2025-06-09,variable,hazard_cal,120,0.01400439532138309,0,0.00019612308831757657,0.014103382119034795
s33-110-34,u034,2025-06-09,variable,empirical,30,0.0028985507246376274,0,8.401596303297314e-06,0.002902759657961351
s33-110-34,u034,2025-06-09,variable,empirical,60,0.004637681159420315,0,2.1508086536442157e-05,0.004648468567984626
s33-110-34,u034,2025-06-09,variable,empirical,120,0.0197101449275362,0,0.000388489813064481,0.0199069805668798
s33-110-34,u034,2025-06-09,variable,hazard,30,0.0014750895061150793,0,2.1758890510508283e-06,0.0014761785217026616
s33-110-34,u034,2025-06-09,variable,hazard,60,0.003980541819655348,0,1.5844713178025105e-05,0.003988485262723102
s33-110-34,u034,2025-06-09,variable,hazard,120,0.015599802810050245,0,0.00024335384771245153,0.01572276015039472
s33-110-34,u034,2025-06-09,variable,hazard_cal,30,0.0014634839678790978,0,2.1417853242391484e-06,0.001464555906512201
s33-110-34,u034,2025-06-09,variable,hazard_cal,60,0.003976020646783596,0,1.580874018364944e-05,0.003983946031513005
s33-110-34,u034,2025-06-09,variable,hazard_cal,120,0.01583615289102691,0,0.00025078373838798,0.015962884501742908
s33-110-35,u035,2025-06-09,regular,empirical,30,0.0028985507246376274,0,8.401596303297314e-06,0.002902759657961351
s33-110-35,u035,2025-06-09,regular,empirical,60,0.004637681159420315,0,2.1508086536442157e-05,0.004648468567984626
s33-110-35,u035,2025-06-09,regular,empirical,120,0.0197101449275362,0,0.000388489813064481,0.0199069805668798
s33-110-35,u035,2025-06-09,regular,hazard,30,0.0035995276933205034,0,1.2956599614981224e-05,0.0036060215810972875
s33-110-35,u035,2025-06-09,regular,hazard,60,0.009693485582066064,0,9.396366272972266e-05,0.009740773249783221
s33-110-35,u035,2025-06-09,regular,hazard,120,0.037628695653267985,0,0.0014159187365662689,0.038354931529775003
s33-110-35,u035,2025-06-09,regular,hazard_cal,30,0.003635968456467298,0,1.3220266616425185e-05,0.003642594656420989
s33-110-35,u035,2025-06-09,regular,hazard_cal,60,0.009857331584744777,0,9.716698597160698e-05,0.009906236725920626
s33-110-35,u035,2025-06-09,regular,hazard_cal,120,0.03886846900955776,0,0.001510757883146952,0.03964401050090384
s33-110-47,u047,2025-06-09,regular,empirical,30,0.0028985507246376274,0,8.401596303297314e-06,0.002902759657961351
s33-110-47,u047,2025-06-09,regular,empirical,60,0.004637681159420315,0,2.1508086536442157e-05,0.004648468567984626
s33-110-47,u047,2025-06-09,regular,empirical,120,0.0197101449275362,0,0.000388489813064481,0.0199069805668798
s33-110-47,u047,2025-06-09,regular,hazard,30,0.0006788864211692003,0,4.608867728479248e-07,0.0006791169689053479
s33-110-47,u047,2025-06-09,regular,hazard,60,0.0018333873631517505,0,3.3613092233645287e-06,0.0018350700747861333
s33-110-47,u047,2025-06-09,regular,hazard,120,0.007210876417663048,0,5.199673871080907e-05,0.0072370004475420455
s33-110-47,u047,2025-06-09,regular,hazard_cal,30,0.0006630888316657702,0,4.3968679867987604e-07,0.0006633087722972687
s33-110-47,u047,2025-06-09,regular,hazard_cal,60,0.0018029007556378263,0,3.250451134679445e-06,0.0018045279372639418
s33-110-47,u047,2025-06-09,regular,hazard_cal,120,0.007207539901115112,0,5.194863142616644e-05,0.00723363970268486
s33-110-55,u055,2025-06-09,new,empirical,30,0.0028985507246376274,0,8.401596303297314e-06,0.002902759657961351
s33-110-55,u055,2025-06-09,new,empirical,60,0.004637681159420315,0,2.1508086536442157e-05,0.004648468567984626
s33-110-55,u055,2025-06-09,new,empirical,120,0.0197101449275362,0,0.000388489813064481,0.0199069805668798
s33-110-55,u055,2025-06-09,new,hazard,30,0.0001335639158950297,0,1.7839319629214564e-08,0.00013357283634915366
s33-110-55,u055,2025-06-09,new,hazard,60,0.00036088972799286356,0,1.3024139577076304e-07,0.00036095486436258484
s33-110-55,u055,2025-06-09,new,hazard,120,0.001422907304218013,0,2.024665196396973e-06,0.0014239205981458288
s33-110-55,u055,2025-06-09,new,hazard_cal,30,0.00012624927801974106,0,1.5938880200505873e-08,0.0001262572481306622
s33-110-55,u055,2025-06-09,new,hazard_cal,60,0.0003434445878059966,0,1.1795418489323092e-07,0.00034350357840549797
s33-110-55,u055,2025-06-09,new,hazard_cal,120,0.0013764378735204863,0,1.8945812196615982e-06,0.0013773860342864476
s33-110-53,u053,2025-06-09,regular,empirical,30,0.0028985507246376274,0,8.401596303297314e-06,0.002902759657961351
s33-110-53,u053,2025-06-09,regular,empirical,60,0.004637681159420315,0,2.1508086536442157e-05,0.004648468567984626
s33-110-53,u053,2025-06-09,regular,empirical,120,0.0197101449275362,0,0.000388489813064481,0.0199069805668798
s33-110-53,u053,2025-06-09,regular,hazard,30,0.001159323981105742,0,1.344032093166867e-06,0.001159996516993896
s33-110-53,u053,2025-06-09,regular,hazard,60,0.003129398135863992,0,9.793132692749029e-06,0.003134304941783975
s33-110-53,u053,2025-06-09,regular,hazard,120,0.012281595374462051,0,0.00015083758494200764,0.012357637420119996
s33-110-53,u053,2025-06-09,regular,hazard_cal,30,0.0011446305674985835,0,1.3101791360521293e-06,0.0011452861573865078
s33-110-53,u053,2025-06-09,regular,hazard_cal,60,0.003110722193815141,0,9.676592567094082e-06,0.0031155705472966254
s33-110-53,u053,2025-06-09,regular,hazard_cal,120,0.012408088628727665,0,0.00015396066341836077,0.012485711731699427
s33-110-6,u006,2025-06-09,variable,empirical,30,0.0028985507246376274,0,8.401596303297314e-06,0.002902759657961351
s33-110-6,u006,2025-06-09,variable,empirical,60,0.004637681159420315,0,2.1508086536442157e-05,0.004648468567984626
s33-110-6,u006,2025-06-09,variable,empirical,120,0.0197101449275362,0,0.000388489813064481,0.0199069805668798
s33-110-6,u006,2025-06-09,variable,hazard,30,0.0023513396704269995,0,5.5287982457237505e-06,0.002354108410567049
s33-110-6,u006,2025-06-09,variable,hazard,60,0.006339753473643794,0,4.019247410657856e-05,0.006359935053407444
s33-110-6,u006,2025-06-09,variable,hazard,120,0.02474797930266981,0,0.0006124624795653732,0.025059358618712075
s33-110-6,u006,2025-06-09,variable,hazard_cal,30,0.002354865799993222,0,5.545392935977718e-06,0.002357642857048959
s33-110-6,u006,2025-06-09,variable,hazard_cal,60,0.006392176789294268,0,4.085992410559238e-05,0.006412694232162397
s33-110-6,u006,2025-06-09,variable,hazard_cal,120,0.025354581195904613,0,0.0006428547876197198,0.025681547150801037
s33-110-8,u008,2025-06-09,regular,empirical,30,0.0028985507246376274,0,8.401596303297314e-06,0.002902759657961351
s33-110-8,u008,2025-06-09,regular,empirical,60,0.004637681159420315,0,2.1508086536442157e-05,0.004648468567984626
s33-110-8,u008,2025-06-09,regular,empirical,120,0.0197101449275362,0,0.000388489813064481,0.0199069805668798
s33-110-8,u008,2025-06-09,regular,hazard,30,0.0026321748792076383,0,6.928344594731745e-06,0.0026356451424023515
s33-110-8,u008,2025-06-09,regular,hazard,60,0.00709502894551306,0,5.033943573766816e-05,0.007120318353765046
s33-110-8,u008,2025-06-09,regular,hazard,120,0.02766142197147492,0,0.0007651542654839955,0.02805120386989552
s33-110-8,u008,2025-06-09,regular,hazard_cal,30,0.0026421205281522697,0,6.980800885283629e-06,0.0026456170888427217
s33-110-8,u008,2025-06-09,regular,hazard_cal,60,0.007169905132028642,0,5.1407539602290663e-05,0.007195732428719991
s33-110-8,u008,2025-06-09,regular,hazard_cal,120,0.02840168448515723,0,0.000806655681594421,0.028812815578509746
s33-110-22,u022,2025-06-09,regular,empirical,30,0.0028985507246376274,0,8.401596303297314e-06,0.002902759657961351
s33-110-22,u022,2025-06-09,regular,empirical,60,0.004637681159420315,0,2.1508086536442157e-05,0.004648468567984626
s33-110-22,u022,2025-06-09,regular,empirical,120,0.0197101449275362,0,0.000388489813064481,0.0199069805668798
s33-110-22,u022,2025-06-09,regular,hazard,30,0.0006790761491597408,0,4.6114441635762254e-07,0.0006793068258051702
s33-110-22,u022,2025-06-09,regular,hazard,60,0.0018338994034802214,0,3.363187022085112e-06,0.0018355830557387335
s33-110-22,u022,2025-06-09,regular,hazard,120,0.007212884149802812,0,5.202569775847663e-05,0.007239022764388804
s33-110-22,u022,2025-06-09,regular,hazard_cal,30,0.0006632778816448859,0,4.399375482793272e-07,0.0006634979477343859
s33-110-22,u022,2025-06-09,regular,hazard_cal,60,0.001803414438835138,0,3.252303638199056e-06,0.0018050425483862084
s33-110-22,u022,2025-06-09,regular,hazard_cal,120,0.007209587139873519,0,5.197814672742963e-05,0.007235701806247787
s33-110-32,u032,2025-06-09,regular,empirical,30,0.0028985507246376274,0,8.401596303297314e-06,0.002902759657961351
s33-110-32,u032,2025-06-09,regular,empirical,60,0.004637681159420315,0,2.1508086536442157e-05,0.004648468567984626
s33-110-32,u032,2025-06-09,regular,empirical,120,0.0197101449275362,0,0.000388489813064481,0.0199069805668798
s33-110-32,u032,2025-06-09,regular,hazard,30,0.007312356177894719,0,5.347055287239506e-05,0.007339222505222125
s33-110-32,u032,2025-06-09,regular,hazard,60,0.01962172641180937,0,0.0003850121473798974,0.01981678833649233
s33-110-32,u032,2025-06-09,regular,hazard,120,0.07492074170303753,0,0.005613117537333267,0.07787586049506658
s33-110-32,u032,2025-06-09,regular,hazard_cal,30,0.007492236918401063,0,5.6133614041451853e-05,0.0075204447066971915
s33-110-32,u032,2025-06-09,regular,hazard_cal,60,0.02023555026715773,0,0.00040947749461466736,0.020443093623459557
s33-110-32,u032,2025-06-09,regular,hazard_cal,120,0.0783924332981546,0,0.006145373598405618,0.08163577867724771
s33-110-49,u049,2025-06-09,variable,empirical,30,0.0028985507246376274,0,8.401596303297314e-06,0.002902759657961351
s33-110-49,u049,2025-06-09,variable,empirical,60,0.004637681159420315,0,2.1508086536442157e-05,0.004648468567984626
s33-110-49,u049,2025-06-09,variable,empirical,120,0.0197101449275362,0,0.000388489813064481,0.0199069805668798
s33-110-49,u049,2025-06-09,variable,hazard,30,0.0003015782900074315,0,9.094946500380647e-08,0.00030162377388479657
s33-110-49,u049,2025-06-09,variable,hazard,60,0.0008147326552081502,0,6.637892994625226e-07,0.0008150647302383802
s33-110-49,u049,2025-06-09,variable,hazard,120,0.003209873433709376,0,1.030328746043322e-05,0.0032150361281302587
s33-110-49,u049,2025-06-09,variable,hazard_cal,30,0.0002897809837990595,0,8.397301857155077e-08,0.0002898229784213698
s33-110-49,u049,2025-06-09,variable,hazard_cal,60,0.0007881852535686074,0,6.212359939430099e-07,0.0007884960348784731
s33-110-49,u049,2025-06-09,variable,hazard_cal,120,0.003156440790147097,0,9.96311846170443e-06,0.003161432856921214
s33-110-58,u058,2025-06-09,new,empirical,30,0.0028985507246376274,0,8.401596303297314e-06,0.002902759657961351
s33-110-58,u058,2025-06-09,new,empirical,60,0.004637681159420315,0,2.1508086536442157e-05,0.004648468567984626
s33-110-58,u058,2025-06-09,new,empirical,120,0.0197101449275362,0,0.000388489813064481,0.0199069805668798
s33-110-58,u058,2025-06-09,new,hazard,30,0.0006632021373135233,0,4.398370749372254e-07,0.0006634221531330111
s33-110-58,u058,2025-06-09,new,hazard,60,0.0017910577693401875,0,3.207887933113848e-06,0.001792663631053941
s33-110-58,u058,2025-06-09,new,hazard,120,0.007044888369360347,0,4.9630452136748686e-05,0.007069820761713574
s33-110-58,u058,2025-06-09,new,hazard_cal,30,0.0006474643092039267,0,4.19210031692918e-07,0.0006476740047382414
s33-110-58,u058,2025-06-09,new,hazard_cal,60,0.0017604454288784321,0,3.099168108058967e-06,0.0017619968339758355
s33-110-58,u058,2025-06-09,new,hazard_cal,120,0.007038325511692478,0,4.9538026008541186e-05,0.007063211363259656
s33-110-20,u020,2025-06-09,variable,empirical,30,0.0028985507246376274,0,8.401596303297314e-06,0.002902759657961351
s33-110-20,u020,2025-06-09,variable,empirical,60,0.004637681159420315,0,2.1508086536442157e-05,0.004648468567984626
s33-110-20,u020,2025-06-09,variable,empirical,120,0.0197101449275362,0,0.000388489813064481,0.0199069805668798
s33-110-20,u020,2025-06-09,variable,hazard,30,0.000569378152445954,0,3.241914804827681e-07,0.0005695403097416645
s33-110-20,u020,2025-06-09,variable,hazard,60,0.001537813785622233,0,2.3648712392497828e-06,0.0015389974348855983
s33-110-20,u020,2025-06-09,variable,hazard,120,0.006051345716401535,0,3.6618784979411205e-05,0.0060697293100654215
s33-110-20,u020,2025-06-09,variable,hazard_cal,30,0.0005541598458458363,0,3.070931347478811e-07,0.0005543134491630253
s33-110-20,u020,2025-06-09,variable,hazard_cal,60,0.001506889327605121,0,2.2707154456502136e-06,0.0015080258271908296
s33-110-20,u020,2025-06-09,variable,hazard_cal,120,0.006027213194143566,0,3.632729888765828e-05,0.006045450159229432
s33-110-43,u043,2025-06-09,variable,empirical,30,0.0028985507246376274,0,8.401596303297314e-06,0.002902759657961351
s33-110-43,u043,2025-06-09,variable,empirical,60,0.004637681159420315,0,2.1508086536442157e-05,0.004648468567984626
s33-110-43,u043,2025-06-09,variable,empirical,120,0.0197101449275362,0,0.000388489813064481,0.0199069805668798
s33-110-43,u043,2025-06-09,variable,hazard,30,0.0007186688959150977,0,5.164849819558256e-07,0.0007189272622000338
s33-110-43,u043,2025-06-09,variable,hazard,60,0.0019407487164238013,0,3.7665055803006325e-06,0.0019426344093797317
s33-110-43,u043,2025-06-09,variable,hazard,120,0.007631769689144252,0,5.8243908588140954e-05,0.00766104066476967
s33-110-43,u043,2025-06-09,variable,hazard_cal,30,0.0007027520122230291,0,4.938603906835165e-07,0.0007029990581665075
s33-110-43,u043,2025-06-09,variable,hazard_cal,60,0.001910668679705907,0,3.6506548036091134e-06,0.0019124963355085637
s33-110-43,u043,2025-06-09,variable,hazard_cal,120,0.007636960484550981,0,5.8323165442593155e-05,0.0076662713934689715
s33-110-7,u007,2025-06-09,variable,empirical,30,0.0028985507246376274,0,8.401596303297314e-06,0.002902759657961351
s33-110-7,u007,2025-06-09,variable,empirical,60,0.004637681159420315,0,2.1508086536442157e-05,0.004648468567984626
s33-110-7,u007,2025-06-09,variable,empirical,120,0.0197101449275362,1,0.9609681999579921,3.9266218048493005
s33-110-7,u007,2025-06-09,variable,hazard,30,0.002164510546588505,0,4.685105906292869e-06,0.0021668564853591075
s33-110-7,u007,2025-06-09,variable,hazard,60,0.0058370702196395285,0,3.4071388749002654e-05,0.005854172497953611
s33-110-7,u007,2025-06-09,variable,hazard,120,0.022804809578881535,1,0.954910440182166,3.7807838188256415
s33-110-7,u007,2025-06-09,variable,hazard_cal,30,0.0021641433605998905,0,4.683516485228588e-06,0.0021664885029362164
s33-110-7,u007,2025-06-09,variable,hazard_cal,60,0.00587556359100827,0,3.4522247511982e-05,0.005892892626671549
s33-110-7,u007,2025-06-09,variable,hazard_cal,120,0.023326014124346095,1,0.953892074686237,3.7581860551940376
s33-110-44,u044,2025-06-09,variable,empirical,30,0.0028985507246376274,0,8.401596303297314e-06,0.002902759657961351
s33-110-44,u044,2025-06-09,variable,empirical,60,0.004637681159420315,0,2.1508086536442157e-05,0.004648468567984626
s33-110-44,u044,2025-06-09,variable,empirical,120,0.0197101449275362,0,0.000388489813064481,0.0199069805668798
s33-110-44,u044,2025-06-09,variable,hazard,30,0.00019127035627752864,0,3.658434919053274e-08,0.00019128865078495906
s33-110-44,u044,2025-06-09,variable,hazard,60,0.0005167837979440648,0,2.67065493817492e-07,0.000516917376713852
s33-110-44,u044,2025-06-09,variable,hazard,120,0.002037032027907615,0,4.14949948272141e-06,0.0020391095995150373
s33-110-44,u044,2025-06-09,variable,hazard_cal,30,0.00018210885512648378,0,3.316363511547866e-08,0.00018212543895744705
s33-110-44,u044,2025-06-09,variable,hazard_cal,60,0.0004953762129724648,0,2.453975923789408e-07,0.0004954989523050919
s33-110-44,u044,2025-06-09,variable,hazard_cal,120,0.001984824641852012,0,3.939528858902968e-06,0.0019867970165922586
s33-110-38,u038,2025-06-09,regular,empirical,30,0.0028985507246376274,0,8.401596303297314e-06,0.002902759657961351
s33-110-38,u038,2025-06-09,regular,empirical,60,0.004637681159420315,0,2.1508086536442157e-05,0.004648468567984626
s33-110-38,u038,2025-06-09,regular,empirical,120,0.0197101449275362,0,0.000388489813064481,0.0199069805668798
s33-110-38,u038,2025-06-09,regular,hazard,30,0.0011746952325696336,0,1.3799088894218257e-06,0.0011753857278149608
s33-110-38,u038,2025-06-09,regular,hazard,60,0.003170843238346599,0,1.0054246842168347e-05,0.0031758810139174685
s33-110-38,u038,2025-06-09,regular,hazard,120,0.012443389273584238,0,0.00015483793661395125,0.012521456532118629
s33-110-38,u038,2025-06-09,regular,hazard_cal,30,0.0011601150444092712,0,1.3458669162647253e-06,0.0011607884987741494
s33-110-38,u038,2025-06-09,regular,hazard_cal,60,0.003152756138434576,0,9.9398712684369e-06,0.0031577365448282367
s33-110-38,u038,2025-06-09,regular,hazard_cal,120,0.012574850165863016,0,0.00015812685669390513,0.0126545827159631
s33-111-56,u056,2025-06-10,new,empirical,30,0.0028985507246376274,0,8.401596303297314e-06,0.002902759657961351
s33-111-56,u056,2025-06-10,new,empirical,60,0.004637681159420315,0,2.1508086536442157e-05,0.004648468567984626
s33-111-56,u056,2025-06-10,new,empirical,120,0.0197101449275362,0,0.000388489813064481,0.0199069805668798
s33-111-56,u056,2025-06-10,new,hazard,30,0.0003517632657767944,0,1.237373951499557e-07,0.00035182514898695493
s33-111-56,u056,2025-06-10,new,hazard,60,0.0009502645478067784,0,9.03002710818421e-07,0.0009507163353966837
s33-111-56,u056,2025-06-10,new,hazard,120,0.0037429926984300366,0,1.4009994340500567e-05,0.0037500152245865076
s33-111-56,u056,2025-06-10,new,hazard_cal,30,0.0003390533147027419,0,1.1495715021091654e-07,0.000339110806273353
s33-111-56,u056,2025-06-10,new,hazard_cal,60,0.0009221583894160057,0,8.503760951703216e-07,0.0009225838390383259
s33-111-56,u056,2025-06-10,new,hazard_cal,120,0.003692115550835262,0,1.363171724071957e-05,0.00369894823267426
s33-111-24,u024,2025-06-10,regular,empirical,30,0.0028985507246376274,0,8.401596303297314e-06,0.002902759657961351
s33-111-24,u024,2025-06-10,regular,empirical,60,0.004637681159420315,0,2.1508086536442157e-05,0.004648468567984626
s33-111-24,u024,2025-06-10,regular,empirical,120,0.0197101449275362,0,0.000388489813064481,0.0199069805668798
s33-111-24,u024,2025-06-10,regular,hazard,30,0.0017764572731840955,0,3.155800443448672e-06,0.0017780370446140161
s33-111-24,u024,2025-06-10,regular,hazard,60,0.00479239301509693,0,2.296703081114984e-05,0.004803913351893919
s33-111-24,u024,2025-06-10,regular,hazard,120,0.018756030232388587,0,0.0003517886700782747,0.018934155364161348
s33-111-24,u024,2025-06-10,regular,hazard_cal,30,0.0017690977286872744,0,3.129706773646473e-06,0.0017706644301120494
s33-111-24,u024,2025-06-10,regular,hazard_cal,60,0.004804883626168821,0,2.3086906661025238e-05,0.004816464189898178
s33-111-24,u024,2025-06-10,regular,hazard_cal,120,0.01911034596047967,0,0.0003652053227292216,0.019295308883619185
s33-111-14,u014,2025-06-10,regular,empirical,30,0.0028985507246376274,0,8.401596303297314e-06,0.002902759657961351
s33-111-14,u014,2025-06-10,regular,empirical,60,0.004637681159420315,0,2.1508086536442157e-05,0.004648468567984626
s33-111-14,u014,2025-06-10,regular,empirical,120,0.0197101449275362,0,0.000388489813064481,0.0199069805668798
s33-111-14,u014,2025-06-10,regular,hazard,30,0.00372153068171055,0,1.3849790614912989e-05,0.0037284728059222986
s33-111-14,u014,2025-06-10,regular,hazard,60,0.010020859551820638,0,0.00010041762615731492,0.01007140632984665
s33-111-14,u014,2025-06-10,regular,hazard,120,0.03887830047546703,0,0.0015115222478607,0.039654239606781556
s33-111-14,u014,2025-06-10,regular,hazard_cal,30,0.0037617285677046253,0,1.4150601817085092e-05,0.0037688216623985426
s33-111-14,u014,2025-06-10,regular,hazard_cal,60,0.01019702240922693,0,0.00010397926601427619,0.01024936819369631
s33-111-14,u014,2025-06-10,regular,hazard_cal,120,0.04018460439152427,0,0.0016148024301033117,0.041014309252719004
s33-111-41,u041,2025-06-10,regular,empirical,30,0.0028985507246376274,0,8.401596303297314e-06,0.002902759657961351
s33-111-41,u041,2025-06-10,regular,empirical,60,0.004637681159420315,0,2.1508086536442157e-05,0.004648468567984626
s33-111-41,u041,2025-06-10,regular,empirical,120,0.0197101449275362,0,0.000388489813064481,0.0199069805668798
s33-111-41,u041,2025-06-10,regular,hazard,30,0.0007818780064946518,0,6.113332170400508e-07,0.0007821838325259947
s33-111-41,u041,2025-06-10,regular,hazard,60,0.0021113148217681843,0,4.45765027661802e-06,0.00211354678905026
s33-111-41,u041,2025-06-10,regular,hazard,120,0.008300136519097445,0,6.889226623565505e-05,0.008334774451756597
s33-111-41,u041,2025-06-10,regular,hazard_cal,30,0.0007658617987538197,0,5.865442947904362e-07,0.0007661552207245657
s33-111-41,u041,2025-06-10,regular,hazard_cal,60,0.002082125628383835,0,4.335247132372781e-06,0.0020842962654995067
s33-111-41,u041,2025-06-10,regular,hazard_cal,120,0.008319834653798375,0,6.921964866654432e-05,0.008354637649343825
s33-111-42,u042,2025-06-10,variable,empirical,30,0.0028985507246376274,0,8.401596303297314e-06,0.002902759657961351
s33-111-42,u042,2025-06-10,variable,empirical,60,0.004637681159420315,0,2.1508086536442157e-05,0.004648468567984626
s33-111-42,u042,2025-06-10,variable,empirical,120,0.0197101449275362,0,0.000388489813064481,0.0199069805668798
s33-111-42,u042,2025-06-10,variable,hazard,30,0.0013599448061395458,0,1.8494498757459269e-06,0.0013608703703167173
s33-111-42,u042,2025-06-10,variable,hazard,60,0.0036702301727984388,0,1.3470589521320057e-05,0.0036769819931116027
s33-111-42,u042,2025-06-10,variable,hazard,120,0.014391138928538938,0,0.00020710487966050885,0.014495695708128866
s33-111-42,u042,2025-06-10,variable,hazard_cal,30,0.0013470362903319488,0,1.8145067674712583e-06,0.0013479443592751695
s33-111-42,u042,2025-06-10,variable,hazard_cal,60,0.0036600695980665288,0,1.3396109462690882e-05,0.003666784041357903
s33-111-42,u042,2025-06-10,variable,hazard_cal,120,0.01458562406732733,0,0.00021274042943339824,0.014693040047625526
s33-111-11,u011,2025-06-10,variable,empirical,30,0.0028985507246376274,0,8.401596303297314e-06,0.002902759657961351
s33-111-11,u011,2025-06-10,variable,empirical,60,0.004637681159420315,0,2.1508086536442157e-05,0.004648468567984626
s33-111-11,u011,2025-06-10,variable,empirical,120,0.0197101449275362,0,0.000388489813064481,0.0199069805668798
s33-111-11,u011,2025-06-10,variable,hazard,30,0.000989817075700783,0,9.797378433488495e-07,0.000990307268116368
s33-111-11,u011,2025-06-10,variable,hazard,60,0.0026722796103293422,0,7.141078315781941e-06,0.0026758565232492914
s33-111-11,u011,2025-06-10,variable,hazard,120,0.010495601206099159,0,0.00011015764467747012,0.010551068478047697
s33-111-11,u011,2025-06-10,variable,hazard_cal,30,0.0009741623346971595,0,9.489922543426206e-07,0.0009746371392071564
s33-111-11,u011,2025-06-10,variable,hazard_cal,60,0.002647887425354045,0,7.011307817348075e-06,0.002651399279963021
s33-111-11,u011,2025-06-10,variable,hazard_cal,120,0.010570291597911563,0,0.00011173106446487978,0.010626553954371818
s33-111-33,u033,2025-06-10,regular,empirical,30,0.0028985507246376274,0,8.401596303297314e-06,0.002902759657961351
s33-111-33,u033,2025-06-10,regular,empirical,60,0.004637681159420315,0,2.1508086536442157e-05,0.004648468567984626
s33-111-33,u033,2025-06-10,regular,empirical,120,0.0197101449275362,0,0.000388489813064481,0.0199069805668798
s33-111-33,u033,2025-06-10,regular,hazard,30,0.000753017804285383,0,5.670358135707794e-07,0.0007533014646019536
s33-111-33,u033,2025-06-10,regular,hazard,60,0.002033439825430694,0,4.134877523647612e-06,0.0020355100711486624
s33-111-33,u033,2025-06-10,regular,hazard,120,0.007995029029847722,0,6.392048918810781e-05,0.008027160651198323
s33-111-33,u033,2025-06-10,regular,hazard_cal,30,0.0007370336583572001,0,5.43218613551398e-07,0.0007373054011945916
s33-111-33,u033,2025-06-10,regular,hazard_cal,60,0.0020038078312186736,0,4.015245824453284e-06,0.0020058181400949312
s33-111-33,u033,2025-06-10,regular,hazard_cal,120,0.00800796238917234,0,6.412746162639879e-05,0.008040198331465848
s33-111-5,u005,2025-06-10,variable,empirical,30,0.0028985507246376274,0,8.401596303297314e-06,0.002902759657961351
s33-111-5,u005,2025-06-10,variable,empirical,60,0.004637681159420315,0,2.1508086536442157e-05,0.004648468567984626
s33-111-5,u005,2025-06-10,variable,empirical,120,0.0197101449275362,0,0.000388489813064481,0.0199069805668798
s33-111-5,u005,2025-06-10,variable,hazard,30,0.0003283139046931227,0,1.0779002001484487e-07,0.00032836781150235634
s33-111-5,u005,2025-06-10,variable,hazard,60,0.0008869377387510369,0,7.866585524208025e-07,0.000887331300754451
s33-111-5,u005,2025-06-10,variable,hazard,120,0.0034939246275463853,0,1.2207509302975148e-05,0.003500042636930598
s33-111-5,u005,2025-06-10,variable,hazard_cal,30,0.00031601140996517785,0,9.98632112281797e-08,0.00031606135209259046
s33-111-5,u005,2025-06-10,variable,hazard_cal,60,0.00085950827535064,0,7.387544753962316e-07,0.0008598778643800665
s33-111-5,u005,2025-06-10,variable,hazard_cal,120,0.0034416475322147644,0,1.1844937735999978e-05,0.003447583624955497
s33-111-0,u000,2025-06-10,regular,empirical,30,0.0028985507246376274,0,8.401596303297314e-06,0.002902759657961351
s33-111-0,u000,2025-06-10,regular,empirical,60,0.004637681159420315,0,2.1508086536442157e-05,0.004648468567984626
s33-111-0,u000,2025-06-10,regular,empirical,120,0.0197101449275362,0,0.000388489813064481,0.0199069805668798
s33-111-0,u000,2025-06-10,regular,hazard,30,0.0027984786596765288,0,7.83148280866494e-06,0.002802401721860804
s33-111-0,u000,2025-06-10,regular,hazard,60,0.0075420917180007985,0,5.688314748273623e-05,0.0075706771115487785
s33-111-0,u000,2025-06-10,regular,hazard,120,0.029382476013086745,0,0.0008633298966596179,0.02982278737603346
s33-111-0,u000,2025-06-10,regular,hazard_cal,30,0.00281252102903895,0,7.910274538786316e-06,0.0028164835979245626
s33-111-0,u000,2025-06-10,regular,hazard_cal,60,0.0076310498545562044,0,5.823292188272227e-05,0.007660315294584503
s33-111-0,u000,2025-06-10,regular,hazard_cal,120,0.030204589495945178,0,0.0009123172266185618,0.030670146736957445
s33-111-2,u002,2025-06-10,variable,empirical,30,0.0028985507246376274,0,8.401596303297314e-06,0.002902759657961351
s33-111-2,u002,2025-06-10,variable,empirical,60,0.004637681159420315,0,2.1508086536442157e-05,0.004648468567984626
s33-111-2,u002,2025-06-10,variable,empirical,120,0.0197101449275362,0,0.000388489813064481,0.0199069805668798
s33-111-2,u002,2025-06-10,variable,hazard,30,0.0016396146531686417,0,2.688336210885325e-06,0.0016409602923617267
s33-111-2,u002,2025-06-10,variable,hazard,60,0.0044238127484521605,0,1.957011923336786e-05,0.004433626762337329
s33-111-2,u002,2025-06-10,variable,hazard,120,0.01732416689014271,0,0.000300126758437517,0.017475986253735264
s33-111-2,u002,2025-06-10,variable,hazard_cal,30,0.0016301858978727823,0,2.6575060616232894e-06,0.001631516096747786
s33-111-2,u002,2025-06-10,variable,hazard_cal,60,0.004428198640922143,0,1.9608943203464716e-05,0.004438032153091886
s33-111-2,u002,2025-06-10,variable,hazard_cal,120,0.017623510235355244,0,0.00031058811301567103,0.017780653304117027
s33-111-36,u036,2025-06-10,regular,empirical,30,0.0028985507246376274,0,8.401596303297314e-06,0.002902759657961351
s33-111-36,u036,2025-06-10,regular,empirical,60,0.004637681159420315,0,2.1508086536442157e-05,0.004648468567984626
s33-111-36,u036,2025-06-10,regular,empirical,120,0.0197101449275362,0,0.000388489813064481,0.0199069805668798
s33-111-36,u036,2025-06-10,regular,hazard,30,0.0035771703917117925,0,1.2796148011339498e-05,0.0035835837647709076
s33-111-36,u036,2025-06-10,regular,hazard,60,0.009633485255931995,0,9.280403817625914e-05,0.009680187453673494
s33-111-36,u036,2025-06-10,regular,hazard,120,0.03739952216404019,0,0.0013987242580985333,0.03811682571188017
s33-111-36,u036,2025-06-10,regular,hazard_cal,30,0.003612931828117505,0,1.3053276394624497e-05,0.003619474229234564
s33-111-36,u036,2025-06-10,regular,hazard_cal,60,0.009795098253634227,0,9.594394979834827e-05,0.009843385808163843
s33-111-36,u036,2025-06-10,regular,hazard_cal,120,0.038627178780285654,0,0.0014920589405241502,0.0393929939242582
s33-111-46,u046,2025-06-10,variable,empirical,30,0.0028985507246376274,0,8.401596303297314e-06,0.002902759657961351
s33-111-46,u046,2025-06-10,variable,empirical,60,0.004637681159420315,0,2.1508086536442157e-05,0.004648468567984626
s33-111-46,u046,2025-06-10,variable,empirical,120,0.0197101449275362,0,0.000388489813064481,0.0199069805668798
s33-111-46,u046,2025-06-10,variable,hazard,30,0.0003518380143654465,0,1.2378998835262012e-07,0.0003518999238814628
s33-111-46,u046,2025-06-10,variable,hazard,60,0.0009504664075609126,0,9.033863919017468e-07,0.0009509183871738517
s33-111-46,u046,2025-06-10,variable,hazard,120,0.003743786540425509,0,1.40159376602712e-05,0.003750812049407744
s33-111-46,u046,2025-06-10,variable,hazard_cal,30,0.0003391268151293758,0,1.1500699673979384e-07,0.0003391843316317054
s33-111-46,u046,2025-06-10,variable,hazard_cal,60,0.0009223582299331401,0,8.507447043253954e-07,0.0009227838640301712
s33-111-46,u046,2025-06-10,variable,hazard_cal,120,0.003692914404468506,0,1.3637616798730978e-05,0.0036997500470189815
s33-111-8,u008,2025-06-10,regular,empirical,30,0.0028985507246376274,0,8.401596303297314e-06,0.002902759657961351
s33-111-8,u008,2025-06-10,regular,empirical,60,0.004637681159420315,0,2.1508086536442157e-05,0.004648468567984626
s33-111-8,u008,2025-06-10,regular,empirical,120,0.0197101449275362,0,0.000388489813064481,0.0199069805668798
s33-111-8,u008,2025-06-10,regular,hazard,30,0.003249065309162247,0,1.0556425383201566e-05,0.003254354982624488
s33-111-8,u008,2025-06-10,regular,hazard,60,0.008752651043479442,0,7.660890028892178e-05,0.008791180481527718
s33-111-8,u008,2025-06-10,regular,hazard,120,0.03402982814192679,0,0.0011580292033690723,0.03462232324006715
s33-111-8,u008,2025-06-10,regular,hazard_cal,30,0.003275198943354929,0,1.0726928118553242e-05,0.003280574147197745
s33-111-8,u008,2025-06-10,regular,hazard_cal,60,0.008882392516033288,0,7.889689680888416e-05,0.008922076129493625
s33-111-8,u008,2025-06-10,regular,hazard_cal,120,0.03508251425876374,0,0.0012307828067163612,0.03571268830298364
s33-111-16,u016,2025-06-10,regular,empirical,30,0.0028985507246376274,0,8.401596303297314e-06,0.002902759657961351
s33-111-16,u016,2025-06-10,regular,empirical,60,0.004637681159420315,0,2.1508086536442157e-05,0.004648468567984626
s33-111-16,u016,2025-06-10,regular,empirical,120,0.0197101449275362,0,0.000388489813064481,0.0199069805668798
s33-111-16,u016,2025-06-10,regular,hazard,30,0.0019310561485377242,0,3.728977848805349e-06,0.0019329230412323591
s33-111-16,u016,2025-06-10,regular,hazard,60,0.005208681996445419,0,2.7130368140094634e-05,0.005222294469786502
s33-111-16,u016,2025-06-10,regular,hazard,120,0.020371109047711,0,0.00041498208383373297,0.020581461737665917
s33-111-16,u016,2025-06-10,regular,hazard_cal,30,0.0019262931436504482,0,3.7106052752747265e-06,0.0019281508323067134
s33-111-16,u016,2025-06-10,regular,hazard_cal,60,0.005231024560046538,0,2.7363617947810074e-05,0.0052447542702516465
s33-111-16,u016,2025-06-10,regular,hazard_cal,120,0.020790077820827868,0,0.00043222733579607886,0.021009234330997367
s33-111-31,u031,2025-06-10,variable,empirical,30,0.0028985507246376274,0,8.401596303297314e-06,0.002902759657961351
s33-111-31,u031,2025-06-10,variable,empirical,60,0.004637681159420315,0,2.1508086536442157e-05,0.004648468567984626
s33-111-31,u031,2025-06-10,variable,empirical,120,0.0197101449275362,0,0.000388489813064481,0.0199069805668798
s33-111-31,u031,2025-06-10,variable,hazard,30,0.000809715980715664,0,6.556399694263295e-07,0.000810043977768633
s33-111-31,u031,2025-06-10,variable,hazard,60,0.0021864273801806,0,4.780464688803402e-06,0.002188821102294519
s33-111-31,u031,2025-06-10,variable,hazard,120,0.00859434572952289,0,7.386277851856833e-05,0.00863149009290671
s33-111-31,u031,2025-06-10,variable,hazard_cal,30,0.0007936891962939674,0,6.299425403137639e-07,0.0007940043343229237
s33-111-31,u031,2025-06-10,variable,hazard_cal,60,0.0021577205099485575,0,4.655757799052663e-06,0.0021600517428845057
s33-111-31,u031,2025-06-10,variable,hazard_cal,120,0.008620784523799552,0,7.431792580578186e-05,0.00865815843669088
s33-111-44,u044,2025-06-10,variable,empirical,30,0.0028985507246376274,0,8.401596303297314e-06,0.002902759657961351
s33-111-44,u044,2025-06-10,variable,empirical,60,0.004637681159420315,0,2.1508086536442157e-05,0.004648468567984626
s33-111-44,u044,2025-06-10,variable,empirical,120,0.0197101449275362,0,0.000388489813064481,0.0199069805668798
s33-111-44,u044,2025-06-10,variable,hazard,30,0.00022835259566122978,0,5.21449079452211e-08,0.00022837867208502397
s33-111-44,u044,2025-06-10,variable,hazard,60,0.0006169523928749587,0,3.806302550741374e-07,0.0006171427863156491
s33-111-44,u044,2025-06-10,variable,hazard,120,0.0024314645355012487,0,5.912019787400304e-06,0.0024344253457721237
s33-111-44,u044,2025-06-10,variable,hazard_cal,30,0.00021819292964808668,0,4.7608154548414904e-08,0.0002182167371885152
s33-111-44,u044,2025-06-10,variable,hazard_cal,60,0.000593511933547175,0,3.522564152629063e-07,0.0005936881314753044
s33-111-44,u044,2025-06-10,variable,hazard_cal,120,0.0023776257790298905,0,5.653104345107494e-06,0.0023804568195292756
s33-111-9,u009,2025-06-10,regular,empirical,30,0.0028985507246376274,0,8.401596303297314e-06,0.002902759657961351
s33-111-9,u009,2025-06-10,regular,empirical,60,0.004637681159420315,0,2.1508086536442157e-05,0.004648468567984626
s33-111-9,u009,2025-06-10,regular,empirical,120,0.0197101449275362,0,0.000388489813064481,0.0199069805668798
s33-111-9,u009,2025-06-10,regular,hazard,30,0.0051273559828468596,0,2.6289779374835484e-05,0.005140545978386723
s33-111-9,u009,2025-06-10,regular,hazard,60,0.013787586568661192,0,0.00019009754338832652,0.013883518137543578
s33-111-9,u009,2025-06-10,regular,hazard,120,0.053157732150678094,0,0.0028257444874032357,0.054622759489888054
s33-111-9,u009,2025-06-10,regular,hazard_cal,30,0.005216231832100515,0,2.72090745262187e-05,0.0052298838648363365
s33-111-9,u009,2025-06-10,regular,hazard_cal,60,0.014119712823060904,0,0.0001993662902057105,0.014220344350061174
s33-111-9,u009,2025-06-10,regular,hazard_cal,120,0.05527223933157499,0,0.0030550204407269054,0.05685847694130298
s33-111-20,u020,2025-06-10,variable,empirical,30,0.0028985507246376274,0,8.401596303297314e-06,0.002902759657961351
s33-111-20,u020,2025-06-10,variable,empirical,60,0.004637681159420315,0,2.1508086536442157e-05,0.004648468567984626
s33-111-20,u020,2025-06-10,variable,empirical,120,0.0197101449275362,0,0.000388489813064481,0.0199069805668798
s33-111-20,u020,2025-06-10,variable,hazard,30,0.0006983444417515416,0,4.876849593252724e-07,0.0006985883978147235
s33-111-20,u020,2025-06-10,variable,hazard,60,0.0018858999424574696,0,3.5566185929610873e-06,0.001887680490730046
s33-111-20,u020,2025-06-10,variable,hazard,120,0.007416762594528392,0,5.500836738359553e-05,0.007444403533883936
s33-111-20,u020,2025-06-10,variable,hazard_cal,30,0.0006824828134650573,0,4.657827906751803e-07,0.0006827158108775795
s33-111-20,u020,2025-06-10,variable,hazard_cal,60,0.0018555967449979116,0,3.4432392800468444e-06,0.0018573204973608493
s33-111-20,u020,2025-06-10,variable,hazard_cal,120,0.007417536313384709,0,5.501984496038083e-05,0.00744518303441217
s33-111-26,u026,2025-06-10,variable,empirical,30,0.0028985507246376274,0,8.401596303297314e-06,0.002902759657961351
s33-111-26,u026,2025-06-10,variable,empirical,60,0.004637681159420315,0,2.1508086536442157e-05,0.004648468567984626
s33-111-26,u026,2025-06-10,variable,empirical,120,0.0197101449275362,0,0.000388489813064481,0.0199069805668798
s33-111-26,u026,2025-06-10,variable,hazard,30,0.0005299928312210156,0,2.808924011456679e-07,0.0005301333270649749
s33-111-26,u026,2025-06-10,variable,hazard,60,0.0014314936722515936,0,2.049174133696353e-06,0.0014325192381626926
s33-111-26,u026,2025-06-10,variable,hazard,120,0.005633973144059112,0,3.174165338797932e-05,0.005649903834317792
s33-111-26,u026,2025-06-10,variable,hazard_cal,30,0.0005150822547603795,0,2.653097291690365e-07,0.0005152149551946797
s33-111-26,u026,2025-06-10,variable,hazard_cal,60,0.001400681729412545,0,1.9619093071101183e-06,0.0014016636010329587
s33-111-26,u026,2025-06-10,variable,hazard_cal,120,0.005603425300228393,0,3.139837509523966e-05,0.005619183381500321
s33-111-35,u035,2025-06-10,regular,empirical,30,0.0028985507246376274,0,8.401596303297314e-06,0.002902759657961351
s33-111-35,u035,2025-06-10,regular,empirical,60,0.004637681159420315,0,2.1508086536442157e-05,0.004648468567984626
s33-111-35,u035,2025-06-10,regular,empirical,120,0.0197101449275362,0,0.000388489813064481,0.0199069805668798
s33-111-35,u035,2025-06-10,regular,hazard,30,0.005520533518633575,0,3.0476290330356796e-05,0.005535827978824158
s33-111-35,u035,2025-06-10,regular,hazard,60,0.014839224640873394,0,0.0002202025879423041,0.014950427414740012
s33-111-35,u035,2025-06-10,regular,hazard,120,0.05711226581314788,0,0.00326181090631166,0.058808055199580773
s33-111-35,u035,2025-06-10,regular,hazard_cal,30,0.00562456093954089,0,3.1635685762609104e-05,0.005640438346038294
s33-111-35,u035,2025-06-10,regular,hazard_cal,60,0.015218939909538709,0,0.00023161613197015009,0.015335936536415518
s33-111-35,u035,2025-06-10,regular,hazard_cal,120,0.059463733220349146,0,0.0035359355685008545,0.06130506981529534
s33-111-50,u050,2025-06-10,variable,empirical,30,0.0028985507246376274,0,8.401596303297314e-06,0.002902759657961351
s33-111-50,u050,2025-06-10,variable,empirical,60,0.004637681159420315,0,2.1508086536442157e-05,0.004648468567984626
s33-111-50,u050,2025-06-10,variable,empirical,120,0.0197101449275362,0,0.000388489813064481,0.0199069805668798
s33-111-50,u050,2025-06-10,variable,hazard,30,0.003996629421844089,0,1.597304673554982e-05,0.004004637288650552
s33-111-50,u050,2025-06-10,variable,hazard,60,0.010758756491065946,0,0.00011575084123405363,0.01081705040204271
s33-111-50,u050,2025-06-10,variable,hazard,120,0.04168986512443629,0,0.001738044854093689,0.04258382179816047
s33-111-50,u050,2025-06-10,variable,hazard_cal,30,0.00404559827855655,0,1.6366865431459723e-05,0.004053803849712532
s33-111-50,u050,2025-06-10,variable,hazard_cal,60,0.010963476032194164,0,0.00012019780670849589,0.011024017841322084
s33-111-50,u050,2025-06-10,variable,hazard_cal,120,0.04314859667487281,0,0.0018618013950108447,0.0441071730178192
s33-111-7,u007,2025-06-10,variable,empirical,30,0.0028985507246376274,0,8.401596303297314e-06,0.002902759657961351
s33-111-7,u007,2025-06-10,variable,empirical,60,0.004637681159420315,0,2.1508086536442157e-05,0.004648468567984626
s33-111-7,u007,2025-06-10,variable,empirical,120,0.0197101449275362,1,0.9609681999579921,3.9266218048493005
s33-111-7,u007,2025-06-10,variable,hazard,30,0.003211496492492194,0,1.0313709721289665e-05,0.0032166644148286954
s33-111-7,u007,2025-06-10,variable,hazard,60,0.008651757801271587,0,7.485291305186376e-05,0.008689401538060824
s33-111-7,u007,2025-06-10,variable,hazard,120,0.0336432179737467,1,0.9338454301681356,3.391943789304197
s33-111-7,u007,2025-06-10,variable,hazard_cal,30,0.0032365701055109275,0,1.0475386047887016e-05,0.0032418191274799658
s33-111-7,u007,2025-06-10,variable,hazard_cal,60,0.008777961628120834,0,7.705261034476176e-05,0.008816714883021682
s33-111-7,u007,2025-06-10,variable,hazard_cal,120,0.03467622810061177,1,0.9318499845940621,3.3617008959430534
s33-111-59,u059,2025-06-10,new,empirical,30,0.0028985507246376274,0,8.401596303297314e-06,0.002902759657961351
s33-111-59,u059,2025-06-10,new,empirical,60,0.004637681159420315,0,2.1508086536442157e-05,0.004648468567984626
s33-111-59,u059,2025-06-10,new,empirical,120,0.0197101449275362,0,0.000388489813064481,0.0199069805668798
s33-111-59,u059,2025-06-10,new,hazard,30,0.0018176539895377042,0,3.3038660256823326e-06,0.0018193079270451564
s33-111-59,u059,2025-06-10,new,hazard,60,0.004903335707794887,0,2.4042701063336386e-05,0.0049153964998868375
s33-111-59,u059,2025-06-10,new,hazard,120,0.019186675334483483,0,0.00036812851039087687,0.01937312838521644
s33-111-59,u059,2025-06-10,new,hazard_cal,30,0.0018109603907682237,0,3.2795775369313976e-06,0.0018126021619578373
s33-111-59,u059,2025-06-10,new,hazard_cal,60,0.004918381879734368,0,2.4190480314899376e-05,0.004930516926104663
s33-111-59,u059,2025-06-10,new,hazard_cal,120,0.019557965188754523,0,0.0003825140023245337,0.019751753082824064
s33-111-13,u013,2025-06-10,variable,empirical,30,0.0028985507246376274,0,8.401596303297314e-06,0.002902759657961351
s33-111-13,u013,2025-06-10,variable,empirical,60,0.004637681159420315,0,2.1508086536442157e-05,0.004648468567984626
s33-111-13,u013,2025-06-10,variable,empirical,120,0.0197101449275362,0,0.000388489813064481,0.0199069805668798
s33-111-13,u013,2025-06-10,variable,hazard,30,0.0006970725397967836,0,4.859101257387385e-07,0.0006973156078235816
s33-111-13,u013,2025-06-10,variable,hazard,60,0.0018824674411490605,0,3.5436836669862914e-06,0.0018842415097497542
s33-111-13,u013,2025-06-10,variable,hazard,120,0.0074033058841643795,0,5.4808938014502926e-05,0.007430846364429874
s33-111-13,u013,2025-06-10,variable,hazard_cal,30,0.0006812147612846875,0,4.6405355099215377e-07,0.0006814468934874257
s33-111-13,u013,2025-06-10,variable,hazard_cal,60,0.0018521513421015934,0,3.4304645940487337e-06,0.0018538686952582063
s33-111-13,u013,2025-06-10,variable,hazard_cal,120,0.007403807351987535,0,5.481636330534467e-05,0.007431351572590248
s33-111-22,u022,2025-06-10,regular,empirical,30,0.0028985507246376274,0,8.401596303297314e-06,0.002902759657961351
s33-111-22,u022,2025-06-10,regular,empirical,60,0.004637681159420315,0,2.1508086536442157e-05,0.004648468567984626
s33-111-22,u022,2025-06-10,regular,empirical,120,0.0197101449275362,0,0.000388489813064481,0.0199069805668798
s33-111-22,u022,2025-06-10,regular,hazard,30,0.0007021779345314227,0,4.93053851742815e-07,0.0007024245769219489
s33-111-22,u022,2025-06-10,regular,hazard,60,0.0018962453972773963,0,3.5957466066957105e-06,0.001898045546623988
s33-111-22,u022,2025-06-10,regular,hazard,120,0.00745731977689168,0,5.5611618254819776e-05,0.007485264601697085
s33-111-22,u022,2025-06-10,regular,hazard_cal,30,0.0006863049844537672,0,4.7101453168608563e-07,0.0006865405995283114
s33-111-22,u022,2025-06-10,regular,hazard_cal,60,0.001865981848795939,0,3.4818882600359106e-06,0.0018677249616748058
s33-111-22,u022,2025-06-10,regular,hazard_cal,120,0.007458917050371605,0,5.5635443564324246e-05,0.007486873877345355
s33-111-23,u023,2025-06-10,variable,empirical,30,0.0028985507246376274,0,8.401596303297314e-06,0.002902759657961351
s33-111-23,u023,2025-06-10,variable,empirical,60,0.004637681159420315,0,2.1508086536442157e-05,0.004648468567984626
s33-111-23,u023,2025-06-10,variable,empirical,120,0.0197101449275362,0,0.000388489813064481,0.0199069805668798
s33-111-23,u023,2025-06-10,variable,hazard,30,0.0007618227374265318,0,5.803738832600545e-07,0.0007621130718330952
s33-111-23,u023,2025-06-10,variable,hazard,60,0.0020571990974859178,0,4.232068126696875e-06,0.0020593180381031583
s33-111-23,u023,2025-06-10,variable,hazard,120,0.008088124224259863,0,6.541775346705921e-05,0.008121010546805764
s33-111-23,u023,2025-06-10,variable,hazard_cal,30,0.0007458264869308895,0,5.562571486076723e-07,0.0007461047538730334
s33-111-23,u023,2025-06-10,variable,hazard_cal,60,0.00202769589452656,0,4.111550640679866e-06,0.0020297544530714306
s33-111-23,u023,2025-06-10,variable,hazard_cal,120,0.008103096821049816,0,6.566017809130763e-05,0.008136105345204757
s33-111-30,u030,2025-06-10,regular,empirical,30,0.0028985507246376274,0,8.401596303297314e-06,0.002902759657961351
s33-111-30,u030,2025-06-10,regular,empirical,60,0.004637681159420315,0,2.1508086536442157e-05,0.004648468567984626
s33-111-30,u030,2025-06-10,regular,empirical,120,0.0197101449275362,0,0.000388489813064481,0.0199069805668798
s33-111-30,u030,2025-06-10,regular,hazard,30,0.006328606801903169,0,4.005126405309506e-05,0.00634871732656414
s33-111-30,u030,2025-06-10,regular,hazard,60,0.016998082042298912,0,0.00028893479311672477,0.017144207710016277
s33-111-30,u030,2025-06-10,regular,hazard,120,0.06518664716862843,0,0.0042492989690872535,0.06740839226094561
s33-111-30,u030,2025-06-10,regular,hazard_cal,30,0.006465551731995034,0,4.1803359199103986e-05,0.0064865439446739346
s33-111-30,u030,2025-06-10,regular,hazard_cal,60,0.01748012887135808,0,0.00030555490535928633,0.017634710375924647
s33-111-30,u030,2025-06-10,regular,hazard_cal,120,0.0680361960021113,0,0.004628923966437706,0.07046130196285486
s33-111-55,u055,2025-06-10,new,empirical,30,0.0028985507246376274,0,8.401596303297314e-06,0.002902759657961351
s33-111-55,u055,2025-06-10,new,empirical,60,0.004637681159420315,0,2.1508086536442157e-05,0.004648468567984626
s33-111-55,u055,2025-06-10,new,empirical,120,0.0197101449275362,0,0.000388489813064481,0.0199069805668798
s33-111-55,u055,2025-06-10,new,hazard,30,0.0003789034571930472,0,1.4356782987284333e-07,0.00037897525924592045
s33-111-55,u055,2025-06-10,new,hazard,60,0.001023555154603395,0,1.0476651545151798e-06,0.0010240793449029677
s33-111-55,u055,2025-06-10,new,hazard,120,0.004031183149487805,0,1.6250437584714417e-05,0.004039330270676356
s33-111-55,u055,2025-06-10,new,hazard_cal,30,0.0003657605141983433,0,1.3378075374663652e-07,0.0003658274208902647
s33-111-55,u055,2025-06-10,new,hazard_cal,60,0.0009947707805324502,0,9.8956890580114e-07,0.0009952658933617684
s33-111-55,u055,2025-06-10,new,hazard_cal,120,0.003982344381975311,0,1.5859066776650322e-05,0.003990295030530617
s33-111-57,u057,2025-06-10,new,empirical,30,0.0028985507246376274,0,8.401596303297314e-06,0.002902759657961351
s33-111-57,u057,2025-06-10,new,empirical,60,0.004637681159420315,0,2.1508086536442157e-05,0.004648468567984626
s33-111-57,u057,2025-06-10,new,empirical,120,0.0197101449275362,0,0.000388489813064481,0.0199069805668798
s33-111-57,u057,2025-06-10,new,hazard,30,0.0010183497432584288,0,1.0370361995945078e-06,0.0010188686136491554
s33-111-57,u057,2025-06-10,new,hazard,60,0.0027492356740258517,0,7.558296791336379e-06,0.002753021763248024
s33-111-57,u057,2025-06-10,new,hazard,120,0.010796465204782835,0,0.00011656366091808646,0.010855169953454983
s33-111-57,u057,2025-06-10,new,hazard_cal,30,0.0010028181724079932,0,1.0056442869117076e-06,0.0010033213309639374
s33-111-57,u057,2025-06-10,new,hazard_cal,60,0.0027257010773170665,0,7.429446362887417e-06,0.002729422564477822
s33-111-57,u057,2025-06-10,new,hazard_cal,120,0.010879473372639281,0,0.00011836294086596713,0.010939087618435987
s33-111-6,u006,2025-06-10,variable,empirical,30,0.0028985507246376274,0,8.401596303297314e-06,0.002902759657961351
s33-111-6,u006,2025-06-10,variable,empirical,60,0.004637681159420315,1,0.9907461457676958,5.373540787785619
s33-111-6,u006,2025-06-10,variable,empirical,120,0.0197101449275362,1,0.9609681999579921,3.9266218048493005
s33-111-6,u006,2025-06-10,variable,hazard,30,0.008041602724931707,0,6.466737438562905e-05,0.008074110807474378
s33-111-6,u006,2025-06-10,variable,hazard,60,0.021563394023827342,1,0.9573381919141721,3.836758123075481
s33-111-6,u006,2025-06-10,variable,hazard,120,0.08206941202361473,1,0.8425965643426724,2.500189901694014
s33-111-6,u006,2025-06-10,variable,hazard_cal,30,0.008255100322113074,0,6.814668132815138e-05,0.00828936235072043
s33-111-6,u006,2025-06-10,variable,hazard_cal,60,0.02227933640698354,1,0.9559376960167685,3.8040956486133126
s33-111-6,u006,2025-06-10,variable,hazard_cal,120,0.08601063980639223,1,0.8353765505471205,2.4532842717021746
s33-112-14,u014,2025-06-11,regular,empirical,30,0.0028985507246376274,0,8.401596303297314e-06,0.002902759657961351
s33-112-14,u014,2025-06-11,regular,empirical,60,0.004637681159420315,0,2.1508086536442157e-05,0.004648468567984626
s33-112-14,u014,2025-06-11,regular,empirical,120,0.0197101449275362,0,0.000388489813064481,0.0199069805668798
s33-112-14,u014,2025-06-11,regular,hazard,30,0.003095582868640978,0,9.582633296623507e-06,0.0031003840962481603
s33-112-14,u014,2025-06-11,regular,hazard,60,0.008340418886849887,0,6.956258720812232e-05,0.008375394792026009
s33-112-14,u014,2025-06-11,regular,hazard,120,0.032449381560452184,0,0.0010529623636558142,0.03298753664621468
s33-112-14,u014,2025-06-11,regular,hazard_cal,30,0.0031174435246476007,0,9.718454129367255e-06,0.0031223128742940446
s33-112-14,u014,2025-06-11,regular,hazard_cal,60,0.008455859921936093,0,7.150156701940507e-05,0.008491813528016732
s33-112-14,u014,2025-06-11,regular,hazard_cal,120,0.03342217976231043,0,0.001117042100064193,0.03399346599861514
s33-112-42,u042,2025-06-11,variable,empirical,30,0.0028985507246376274,0,8.401596303297314e-06,0.002902759657961351
s33-112-42,u042,2025-06-11,variable,empirical,60,0.004637681159420315,0,2.1508086536442157e-05,0.004648468567984626
s33-112-42,u042,2025-06-11,variable,empirical,120,0.0197101449275362,0,0.000388489813064481,0.0199069805668798
s33-112-42,u042,2025-06-11,variable,hazard,30,0.0013595081038695334,0,1.848262284486934e-06,0.0013604330734425763
s33-112-42,u042,2025-06-11,variable,hazard,60,0.003669053141556744,0,1.3461950955567413e-05,0.003675800626678432
s33-112-42,u042,2025-06-11,variable,hazard,120,0.014386552001484865,0,0.00020697287849142816,0.014491041816953857
s33-112-42,u042,2025-06-11,variable,hazard_cal,30,0.001346595014162788,0,1.8133181321680793e-06,0.0013475024879868412
s33-112-42,u042,2025-06-11,variable,hazard_cal,60,0.003658872171053429,0,1.3387345564109233e-05,0.003665582216300999
s33-112-42,u042,2025-06-11,variable,hazard_cal,120,0.014580882094448078,0,0.00021260212265219655,0.014688227897949678
s33-112-20,u020,2025-06-11,variable,empirical,30,0.0028985507246376274,0,8.401596303297314e-06,0.002902759657961351
s33-112-20,u020,2025-06-11,variable,empirical,60,0.004637681159420315,0,2.1508086536442157e-05,0.004648468567984626
s33-112-20,u020,2025-06-11,variable,empirical,120,0.0197101449275362,0,0.000388489813064481,0.0199069805668798
s33-112-20,u020,2025-06-11,variable,hazard,30,0.0004606501572100852,0,2.121985673376762e-07,0.00046075628908811634
s33-112-20,u020,2025-06-11,variable,hazard,60,0.0012442844887924354,0,1.5482438890494522e-06,0.001245059253488774
s33-112-20,u020,2025-06-11,variable,hazard,120,0.004898699893411296,0,2.399726064570784e-05,0.00491073785339385
s33-112-20,u020,2025-06-11,variable,hazard_cal,30,0.00044642652666482263,0,1.992966437100176e-07,0.0004465262046537138
s33-112-20,u020,2025-06-11,variable,hazard_cal,60,0.0012140651257348534,0,1.4739541295255854e-06,0.0012148026998353813
s33-112-20,u020,2025-06-11,variable,hazard_cal,120,0.004858417076720745,0,2.3604216491371745e-05,0.004870257551175934
s33-112-39,u039,2025-06-11,variable,empirical,30,0.0028985507246376274,0,8.401596303297314e-06,0.002902759657961351
s33-112-39,u039,2025-06-11,variable,empirical,60,0.004637681159420315,0,2.1508086536442157e-05,0.004648468567984626
s33-112-39,u039,2025-06-11,variable,empirical,120,0.0197101449275362,0,0.000388489813064481,0.0199069805668798
s33-112-39,u039,2025-06-11,variable,hazard,30,0.0010063804284857758,0,1.0128015668392138e-06,0.0010068871692804021
s33-112-39,u039,2025-06-11,variable,hazard,60,0.0027169534965792996,0,7.381836302574482e-06,0.002720651113751792
s33-112-39,u039,2025-06-11,variable,hazard,120,0.010670265673614843,0,0.00011385456954552321,0.010727601179850114
s33-112-39,u039,2025-06-11,variable,hazard_cal,30,0.0009907951910398394,0,9.816751105876719e-07,0.0009912863530492388
s33-112-39,u039,2025-06-11,variable,hazard_cal,60,0.00269305373704265,0,7.252538430599382e-06,0.0026966865299280804
s33-112-39,u039,2025-06-11,variable,hazard_cal,120,0.010749763725514283,0,0.00011555742015438271,0.010807959874594283
s33-112-50,u050,2025-06-11,variable,empirical,30,0.0028985507246376274,0,8.401596303297314e-06,0.002902759657961351
s33-112-50,u050,2025-06-11,variable,empirical,60,0.004637681159420315,0,2.1508086536442157e-05,0.004648468567984626
s33-112-50,u050,2025-06-11,variable,empirical,120,0.0197101449275362,1,0.9609681999579921,3.9266218048493005
s33-112-50,u050,2025-06-11,variable,hazard,30,0.0026563976359412766,0,7.056448400234403e-06,0.0026599321208605558
s33-112-50,u050,2025-06-11,variable,hazard,60,0.007160154212043857,0,5.126780834024938e-05,0.007185911138902165
s33-112-50,u050,2025-06-11,variable,hazard,120,0.02791229470741241,1,0.9449545067810087,3.57868801670498
s33-112-50,u050,2025-06-11,variable,hazard_cal,30,0.002666926845840245,0,7.112498801063398e-06,0.002670489430752727
s33-112-50,u050,2025-06-11,variable,hazard_cal,60,0.0072370465502927805,0,5.2374842771104636e-05,0.007263361007845623
s33-112-50,u050,2025-06-11,variable,hazard_cal,120,0.028664360141106404,1,0.9434929252600862,3.5521007348277966
s33-112-11,u011,2025-06-11,variable,empirical,30,0.0028985507246376274,0,8.401596303297314e-06,0.002902759657961351
s33-112-11,u011,2025-06-11,variable,empirical,60,0.004637681159420315,0,2.1508086536442157e-05,0.004648468567984626
s33-112-11,u011,2025-06-11,variable,empirical,120,0.0197101449275362,0,0.000388489813064481,0.0199069805668798
s33-112-11,u011,2025-06-11,variable,hazard,30,0.0003731726511482236,0,1.3925782756499382e-07,0.00037324229738926
s33-112-11,u011,2025-06-11,variable,hazard,60,0.001008079744817425,0,1.0162247719111646e-06,0.0010085881989403034
s33-112-11,u011,2025-06-11,variable,hazard,120,0.003970337230857712,0,1.576357772673489e-05,0.003978239944281496
s33-112-11,u011,2025-06-11,variable,hazard_cal,30,0.00036011782717859653,0,1.2968484945183352e-07,0.0003601826851748036
s33-112-11,u011,2025-06-11,variable,hazard_cal,60,0.0009794295775898965,0,9.59282297457923e-07,0.0009799095321520132
s33-112-11,u011,2025-06-11,variable,hazard_cal,120,0.003921032219618259,0,1.537449366728449e-05,0.003928739620359983
s33-112-26,u026,2025-06-11,variable,empirical,30,0.0028985507246376274,0,8.401596303297314e-06,0.002902759657961351
s33-112-26,u026,2025-06-11,variable,empirical,60,0.004637681159420315,0,2.1508086536442157e-05,0.004648468567984626
s33-112-26,u026,2025-06-11,variable,empirical,120,0.0197101449275362,0,0.000388489813064481,0.0199069805668798
s33-112-26,u026,2025-06-11,variable,hazard,30,0.000526255218316507,0,2.7694455480535447e-07,0.0005263937391942647
s33-112-26,u026,2025-06-11,variable,hazard,60,0.0014214036199947655,0,2.0203882509342237e-06,0.0014224147724042778
s33-112-26,u026,2025-06-11,variable,hazard,120,0.005594355703223752,0,3.129681573419212e-05,0.00561006271890444
s33-112-26,u026,2025-06-11,variable,hazard_cal,30,0.0005113768206771452,0,2.615062527258651e-07,0.0005115076183966902
s33-112-26,u026,2025-06-11,variable,hazard_cal,60,0.0013906104407441777,0,1.9337973979067164e-06,0.0013915782367653494
s33-112-26,u026,2025-06-11,variable,hazard_cal,120,0.005563230997593704,0,3.094953913258744e-05,0.005578763400844385
s33-112-1,u001,2025-06-11,regular,empirical,30,0.0028985507246376274,0,8.401596303297314e-06,0.002902759657961351
s33-112-1,u001,2025-06-11,regular,empirical,60,0.004637681159420315,0,2.1508086536442157e-05,0.004648468567984626
s33-112-1,u001,2025-06-11,regular,empirical,120,0.0197101449275362,0,0.000388489813064481,0.0199069805668798
s33-112-1,u001,2025-06-11,regular,hazard,30,0.00033775595840190853,0,1.1407908743599177e-07,0.00033781301079251143
s33-112-1,u001,2025-06-11,regular,hazard,60,0.0009124370776941726,0,8.325414207510816e-07,0.0009128536017918431
s33-112-1,u001,2025-06-11,regular,hazard,120,0.0035942213716410043,0,1.2918427268360943e-05,0.003600696104346076
s33-112-1,u001,2025-06-11,regular,hazard_cal,30,0.000325285535859976,0,1.0581067983971173e-07,0.0003253384526755901
s33-112-1,u001,2025-06-11,regular,hazard_cal,60,0.0008847246307026602,0,7.827376721719584e-07,0.0008851162305277901
s33-112-1,u001,2025-06-11,regular,hazard_cal,120,0.0035424661107673616,0,1.2549066145935237e-05,0.0035487555015358456
s33-112-47,u047,2025-06-11,regular,empirical,30,0.0028985507246376274,0,8.401596303297314e-06,0.002902759657961351
s33-112-47,u047,2025-06-11,regular,empirical,60,0.004637681159420315,0,2.1508086536442157e-05,0.004648468567984626
s33-112-47,u047,2025-06-11,regular,empirical,120,0.0197101449275362,0,0.000388489813064481,0.0199069805668798
s33-112-47,u047,2025-06-11,regular,hazard,30,0.0007017562248029519,0,4.924617990496912e-07,0.0007020025709591847
s33-112-47,u047,2025-06-11,regular,hazard,60,0.0018951073321129552,0,3.5914318002282828e-06,0.0018969053199588072
s33-112-47,u047,2025-06-11,regular,hazard,120,0.007452858300182386,0,5.5545096842597476e-05,0.007480769614457686
s33-112-47,u047,2025-06-11,regular,hazard_cal,30,0.0006858844995581981,0,4.704375467341998e-07,0.0006861198259421972
s33-112-47,u047,2025-06-11,regular,hazard_cal,60,0.0018648393659537188,0,3.477625860810668e-06,0.0018665803436499807
s33-112-47,u047,2025-06-11,regular,hazard_cal,120,0.0074543647575536776,0,5.5567553938658295e-05,0.007482287384698745
s33-112-58,u058,2025-06-11,new,empirical,30,0.0028985507246376274,0,8.401596303297314e-06,0.002902759657961351
s33-112-58,u058,2025-06-11,new,empirical,60,0.004637681159420315,0,2.1508086536442157e-05,0.004648468567984626
s33-112-58,u058,2025-06-11,new,empirical,120,0.0197101449275362,0,0.000388489813064481,0.0199069805668798
s33-112-58,u058,2025-06-11,new,hazard,30,0.0009976049510818097,0,9.952156384229398e-07,0.0009981028900928487
s33-112-58,u058,2025-06-11,new,hazard,60,0.002693284874644819,0,7.253783415990559e-06,0.0026969182917039505
s33-112-58,u058,2025-06-11,new,hazard,120,0.010577730138192742,0,0.00011188837487643106,0.010634071990448211
s33-112-58,u058,2025-06-11,new,hazard_cal,30,0.0009819821965679765,0,9.64289034376468e-07,0.0009824646569560323
s33-112-58,u058,2025-06-11,new,hazard_cal,60,0.0026691223445086676,0,7.1242140899554465e-06,0.0026726908027357443
s33-112-58,u058,2025-06-11,new,hazard_cal,120,0.0106546737905443,0,0.00011352207358291164,0.010711841257079729
s33-112-0,u000,2025-06-11,regular,empirical,30,0.0028985507246376274,0,8.401596303297314e-06,0.002902759657961351
s33-112-0,u000,2025-06-11,regular,empirical,60,0.004637681159420315,0,2.1508086536442157e-05,0.004648468567984626
s33-112-0,u000,2025-06-11,regular,empirical,120,0.0197101449275362,0,0.000388489813064481,0.0199069805668798
s33-112-0,u000,2025-06-11,regular,hazard,30,0.002854758854647921,0,8.149648118190709e-06,0.0028588414504425942
s33-112-0,u000,2025-06-11,regular,hazard,60,0.007693353308491968,0,5.9187685129284314e-05,0.007723099816201562
s33-112-0,u000,2025-06-11,regular,hazard,120,0.029964202860338185,0,0.000897853453055499,0.030422303897961685
s33-112-0,u000,2025-06-11,regular,hazard_cal,30,0.002870234335849986,0,8.23824514269221e-06,0.002874361357325581
s33-112-0,u000,2025-06-11,regular,hazard_cal,60,0.007787201097809837,0,6.064050093773073e-05,0.00781767967995266
s33-112-0,u000,2025-06-11,regular,hazard_cal,120,0.030814436283942315,0,0.0009495294834971406,0.031299185202228186
s33-112-2,u002,2025-06-11,variable,empirical,30,0.0028985507246376274,0,8.401596303297314e-06,0.002902759657961351
s33-112-2,u002,2025-06-11,variable,empirical,60,0.004637681159420315,0,2.1508086536442157e-05,0.004648468567984626
s33-112-2,u002,2025-06-11,variable,empirical,120,0.0197101449275362,0,0.000388489813064481,0.0199069805668798
s33-112-2,u002,2025-06-11,variable,hazard,30,0.001372712726662395,0,1.8843402299409073e-06,0.0013736557598852976
s33-112-2,u002,2025-06-11,variable,hazard,60,0.0037046427485272204,0,1.3724377894215317e-05,0.0037115219326763057
s33-112-2,u002,2025-06-11,variable,hazard,120,0.014525237810634195,0,0.00021098253345547727,0.014631761860492616
s33-112-2,u002,2025-06-11,variable,hazard_cal,30,0.0013599391968636132,0,1.8494346191660493e-06,0.0013608647534021066
s33-112-2,u002,2025-06-11,variable,hazard_cal,60,0.003695081883881679,0,1.3653630128590579e-05,0.0037019255627833516
s33-112-2,u002,2025-06-11,variable,hazard_cal,120,0.014724268846749267,0,0.00021680409307135097,0.014833746878346564
s33-112-22,u022,2025-06-11,regular,empirical,30,0.0028985507246376274,0,8.401596303297314e-06,0.002902759657961351
s33-112-22,u022,2025-06-11,regular,empirical,60,0.004637681159420315,0,2.1508086536442157e-05,0.004648468567984626
s33-112-22,u022,2025-06-11,regular,empirical,120,0.0197101449275362,0,0.000388489813064481,0.0199069805668798
s33-112-22,u022,2025-06-11,regular,hazard,30,0.0008496491525725736,0,7.219036824672923e-07,0.0008500103089991327
s33-112-22,u022,2025-06-11,regular,hazard,60,0.0022941682191518487,0,5.263207817766365e-06,0.0022968038548935076
s33-112-22,u022,2025-06-11,regular,hazard,120,0.0090162279740994,0,8.129236688093257e-05,0.009057120138496435
s33-112-22,u022,2025-06-11,regular,hazard_cal,30,0.000833640735753538,0,6.949568763077002e-07,0.0008339884074273009
s33-112-22,u022,2025-06-11,regular,hazard_cal,60,0.0022662442021910145,0,5.135862783964388e-06,0.0022688160198956653
s33-112-22,u022,2025-06-11,regular,hazard_cal,120,0.009052690616742076,0,8.195120740245003e-05,0.00909391520467085
s33-112-24,u024,2025-06-11,regular,empirical,30,0.0028985507246376274,0,8.401596303297314e-06,0.002902759657961351
s33-112-24,u024,2025-06-11,regular,empirical,60,0.004637681159420315,0,2.1508086536442157e-05,0.004648468567984626
s33-112-24,u024,2025-06-11,regular,empirical,120,0.0197101449275362,0,0.000388489813064481,0.0199069805668798
s33-112-24,u024,2025-06-11,regular,hazard,30,0.0015383639519405135,0,2.3665636486300343e-06,0.0015395484487121121
s33-112-24,u024,2025-06-11,regular,hazard,60,0.0041510352815393725,0,1.723109390858466e-05,0.0041596747452615854
s33-112-24,u024,2025-06-11,regular,hazard,120,0.016263340665512938,0,0.0002644962496025268,0.01639704037476331
s33-112-24,u024,2025-06-11,regular,hazard_cal,30,0.0015275534116048206,0,2.3334194253055265e-06,0.0015287213108212852
s33-112-24,u024,2025-06-11,regular,hazard_cal,60,0.004149826063787332,0,1.722105635968866e-05,0.004158460487818207
s33-112-24,u024,2025-06-11,regular,hazard_cal,120,0.016523494334681033,0,0.0002730258650282362,0.016661529933203918
s33-112-32,u032,2025-06-11,regular,empirical,30,0.0028985507246376274,0,8.401596303297314e-06,0.002902759657961351
s33-112-32,u032,2025-06-11,regular,empirical,60,0.004637681159420315,0,2.1508086536442157e-05,0.004648468567984626
s33-112-32,u032,2025-06-11,regular,empirical,120,0.0197101449275362,0,0.000388489813064481,0.0199069805668798
s33-112-32,u032,2025-06-11,regular,hazard,30,0.009137595714266422,0,8.349565543738008e-05,0.009179599614219035
s33-112-32,u032,2025-06-11,regular,hazard,60,0.024476396002945378,0,0.0005990939612930005,0.024780922392586318
s33-112-32,u032,2025-06-11,regular,hazard,120,0.09270685293918701,0,0.008594560581888048,0.09728967594781653
s33-112-32,u032,2025-06-11,regular,hazard_cal,30,0.009404147373918259,0,8.843798783037369e-05,0.009448645565936581
s33-112-32,u032,2025-06-11,regular,hazard_cal,60,0.025351978342881276,0,0.0006427228058979213,0.02567887659031044
s33-112-32,u032,2025-06-11,regular,hazard_cal,120,0.0973631716058675,0,0.009479587185153602,0.10243498985778654
s33-112-45,u045,2025-06-11,variable,empirical,30,0.0028985507246376274,0,8.401596303297314e-06,0.002902759657961351
s33-112-45,u045,2025-06-11,variable,empirical,60,0.004637681159420315,0,2.1508086536442157e-05,0.004648468567984626
s33-112-45,u045,2025-06-11,variable,empirical,120,0.0197101449275362,0,0.000388489813064481,0.0199069805668798
s33-112-45,u045,2025-06-11,variable,hazard,30,0.0008968444759561711,0,8.043300140530992e-07,0.0008972468815780271
s33-112-45,u045,2025-06-11,variable,hazard,60,0.0024214918528250307,0,5.863622793298e-06,0.0024244284057388234
s33-112-45,u045,2025-06-11,variable,hazard,120,0.0095145948549894,0,9.052751525459077e-05,0.009560147788020935
s33-112-45,u045,2025-06-11,variable,hazard_cal,30,0.0008809064867452143,0,7.759962383897965e-07,0.000881294712875098
s33-112-45,u045,2025-06-11,variable,hazard_cal,60,0.0023946251569076926,0,5.734229642095191e-06,0.0023974968570750523
s33-112-45,u045,2025-06-11,variable,hazard_cal,120,0.009563417932513918,0,9.145896255192878e-05,0.009609441074530522
s33-112-10,u010,2025-06-11,regular,empirical,30,0.0028985507246376274,0,8.401596303297314e-06,0.002902759657961351
s33-112-10,u010,2025-06-11,regular,empirical,60,0.004637681159420315,0,2.1508086536442157e-05,0.004648468567984626
s33-112-10,u010,2025-06-11,regular,empirical,120,0.0197101449275362,0,0.000388489813064481,0.0199069805668798
s33-112-10,u010,2025-06-11,regular,hazard,30,0.0008255085534069062,0,6.814643717479629e-07,0.000825849473227178
s33-112-10,u010,2025-06-11,regular,hazard,60,0.0022290371845055112,0,4.968606769908257e-06,0.00223152518580967
s33-112-10,u010,2025-06-11,regular,hazard,120,0.008761211685772041,0,7.675883020290858e-05,0.008799816751039734
s33-112-10,u010,2025-06-11,regular,hazard_cal,30,0.0008094843903606597,0,6.552649782375688e-07,0.0008098121997661149
s33-112-10,u010,2025-06-11,regular,hazard_cal,60,0.0022006273229241424,0,4.842760614400278e-06,0.0022030522614752083
s33-112-10,u010,2025-06-11,regular,hazard_cal,120,0.00879156564104977,0,7.729162642088686e-05,0.008830439463143182
s33-112-34,u034,2025-06-11,variable,empirical,30,0.0028985507246376274,0,8.401596303297314e-06,0.002902759657961351
s33-112-34,u034,2025-06-11,variable,empirical,60,0.004637681159420315,0,2.1508086536442157e-05,0.004648468567984626
s33-112-34,u034,2025-06-11,variable,empirical,120,0.0197101449275362,1,0.9609681999579921,3.9266218048493005
s33-112-34,u034,2025-06-11,variable,hazard,30,0.002795110023801728,0,7.812640045156897e-06,0.0027990236381806775
s33-112-34,u034,2025-06-11,variable,hazard,60,0.007533037475001558,0,5.674665359977785e-05,0.007561554103285376
s33-112-34,u034,2025-06-11,variable,hazard,120,0.02934764554694147,1,0.942165993205266,3.5285429557915253
s33-112-34,u034,2025-06-11,variable,hazard_cal,30,0.0028090673493752494,0,7.890859373326089e-06,0.0028130201833151997
s33-112-34,u034,2025-06-11,variable,hazard_cal,60,0.007621704892963543,0,5.8090385475424415e-05,0.0076508985170929775
s33-112-34,u034,2025-06-11,variable,hazard_cal,120,0.03016808249017111,1,0.9405739482207915,3.5009707846698648
s33-112-44,u044,2025-06-11,variable,empirical,30,0.0028985507246376274,0,8.401596303297314e-06,0.002902759657961351
s33-112-44,u044,2025-06-11,variable,empirical,60,0.004637681159420315,0,2.1508086536442157e-05,0.004648468567984626
s33-112-44,u044,2025-06-11,variable,empirical,120,0.0197101449275362,0,0.000388489813064481,0.0199069805668798
s33-112-44,u044,2025-06-11,variable,hazard,30,0.0002839025314088639,0,8.060064734036096e-08,0.0002839428393617345
s33-112-44,u044,2025-06-11,variable,hazard,60,0.0007669935520635551,0,5.882791089070694e-07,0.0007672878421066743
s33-112-44,u044,2025-06-11,variable,hazard,120,0.0030220325282730442,0,9.132680601940368e-06,0.003026608089228633
s33-112-44,u044,2025-06-11,variable,hazard_cal,30,0.0002724647186551632,0,7.423702291183723e-08,0.0002725018439103204
s33-112-44,u044,2025-06-11,variable,hazard_cal,60,0.000741098680329122,0,5.492272539855661e-07,0.0007413734297087698
s33-112-44,u044,2025-06-11,variable,hazard_cal,120,0.002968112657963373,0,8.8096927503624e-06,0.002972526239840933
s33-112-33,u033,2025-06-11,regular,empirical,30,0.0028985507246376274,0,8.401596303297314e-06,0.002902759657961351
s33-112-33,u033,2025-06-11,regular,empirical,60,0.004637681159420315,0,2.1508086536442157e-05,0.004648468567984626
s33-112-33,u033,2025-06-11,regular,empirical,120,0.0197101449275362,0,0.000388489813064481,0.0199069805668798
s33-112-33,u033,2025-06-11,regular,hazard,30,0.0009552696729547838,0,9.125401480671396e-07,0.0009557262338111352
s33-112-33,u033,2025-06-11,regular,hazard,60,0.002579095408248855,0,6.6517331248503276e-06,0.002582427004380327
s33-112-33,u033,2025-06-11,regular,hazard,120,0.010131188698752958,0,0.00010264098444973964,0.010182858471359876
s33-112-33,u033,2025-06-11,regular,hazard_cal,30,0.0009394881268467437,0,8.826379404860031e-07,0.000939929722421184
s33-112-33,u033,2025-06-11,regular,hazard_cal,60,0.0025537253311600505,0,6.5215130670085095e-06,0.0025569916497322287
s33-112-33,u033,2025-06-11,regular,hazard_cal,120,0.01019604127352347,0,0.00010395925765139411,0.010248376950752614
s33-112-27,u027,2025-06-11,regular,empirical,30,0.0028985507246376274,0,8.401596303297314e-06,0.002902759657961351
s33-112-27,u027,2025-06-11,regular,empirical,60,0.004637681159420315,0,2.1508086536442157e-05,0.004648468567984626
s33-112-27,u027,2025-06-11,regular,empirical,120,0.0197101449275362,0,0.000388489813064481,0.0199069805668798
s33-112-27,u027,2025-06-11,regular,hazard,30,0.0007375247567148469,0,5.43942766767294e-07,0.0007377968618959949
s33-112-27,u027,2025-06-11,regular,hazard,60,0.0019916323351762966,0,3.966599358519788e-06,0.0019936182721311596
s33-112-27,u027,2025-06-11,regular,hazard,120,0.007831198116838078,0,6.132766394516827e-05,0.00786202298470618
s33-112-27,u027,2025-06-11,regular,hazard_cal,30,0.0007215669572581129,0,5.206588738067314e-07,0.0007218274119929067
s33-112-27,u027,2025-06-11,regular,hazard_cal,60,0.00196178741788966,0,3.848609872990179e-06,0.001963714243253067
s33-112-27,u027,2025-06-11,regular,hazard_cal,120,0.007840596809306377,0,6.147495832610534e-05,0.007871495906014596
s33-112-3,u003,2025-06-11,regular,empirical,30,0.0028985507246376274,0,8.401596303297314e-06,0.002902759657961351
s33-112-3,u003,2025-06-11,regular,empirical,60,0.004637681159420315,0,2.1508086536442157e-05,0.004648468567984626
s33-112-3,u003,2025-06-11,regular,empirical,120,0.0197101449275362,0,0.000388489813064481,0.0199069805668798
s33-112-3,u003,2025-06-11,regular,hazard,30,0.0008264424419780481,0,6.830071099026393e-07,0.0008267841338050558
s33-112-3,u003,2025-06-11,regular,hazard,60,0.002231556860574524,0,4.9798460219772254e-06,0.0022340504940661695
s33-112-3,u003,2025-06-11,regular,hazard,120,0.008771078345080618,0,7.693181533554216e-05,0.008809770667826415
s33-112-3,u003,2025-06-11,regular,hazard_cal,30,0.0008104186259093593,0,6.567783492208141e-07,0.0008107471926136815
s33-112-3,u003,2025-06-11,regular,hazard_cal,60,0.0022031650831242366,0,4.853936383497825e-06,0.002205595621890946
s33-112-3,u003,2025-06-11,regular,hazard_cal,120,0.008801665850027951,0,7.746932173554825e-05,0.008840629308273569
s33-112-21,u021,2025-06-11,regular,empirical,30,0.0028985507246376274,0,8.401596303297314e-06,0.002902759657961351
s33-112-21,u021,2025-06-11,regular,empirical,60,0.004637681159420315,0,2.1508086536442157e-05,0.004648468567984626
s33-112-21,u021,2025-06-11,regular,empirical,120,0.0197101449275362,0,0.000388489813064481,0.0199069805668798
s33-112-21,u021,2025-06-11,regular,hazard,30,0.0002726899384225545,0,7.435980251689657e-08,0.00027272712508425226
s33-112-21,u021,2025-06-11,regular,hazard,60,0.0007367094747776637,0,5.427408502271811e-07,0.0007369809785572382
s33-112-21,u021,2025-06-11,regular,hazard,120,0.0029028570502478424,0,8.426579054173604e-06,0.0029070785112862013
s33-112-21,u021,2025-06-11,regular,hazard_cal,30,0.0002614913532883456,0,6.837772784457038e-08,0.0002615255481134985
s33-112-21,u021,2025-06-11,regular,hazard_cal,60,0.0007112589635398514,0,5.058893132157836e-07,0.000711512028199913
s33-112-21,u021,2025-06-11,regular,hazard_cal,120,0.0028487495771924998,0,8.115374153554447e-06,0.00285281498699461
s33-112-4,u004,2025-06-11,variable,empirical,30,0.0028985507246376274,0,8.401596303297314e-06,0.002902759657961351
s33-112-4,u004,2025-06-11,variable,empirical,60,0.004637681159420315,0,2.1508086536442157e-05,0.004648468567984626
s33-112-4,u004,2025-06-11,variable,empirical,120,0.0197101449275362,0,0.000388489813064481,0.0199069805668798
s33-112-4,u004,2025-06-11,variable,hazard,30,0.0003330540950878813,0,1.1092503025480748e-07,0.00033310956992076417
s33-112-4,u004,2025-06-11,variable,hazard,60,0.0008997392195642107,0,8.095306632220148e-07,0.0009001442278486037
s33-112-4,u004,2025-06-11,variable,hazard,120,0.003544277858310463,0,1.2561905536909802e-05,0.0035505736916026927
s33-112-4,u004,2025-06-11,variable,hazard_cal,30,0.00032066663288343733,0,1.0282708944480117e-07,0.00032071805742187596
s33-112-4,u004,2025-06-11,variable,hazard_cal,60,0.0008721658871004845,0,7.60673334621775e-07,0.0008725464450569969
s33-112-4,u004,2025-06-11,variable,hazard_cal,120,0.00349225555434296,0,1.2195848856839255e-05,0.003498367713067222
s33-113-0,u000,2025-06-12,regular,empirical,30,0.0028985507246376274,0,8.401596303297314e-06,0.002902759657961351
s33-113-0,u000,2025-06-12,regular,empirical,60,0.004637681159420315,0,2.1508086536442157e-05,0.004648468567984626
s33-113-0,u000,2025-06-12,regular,empirical,120,0.0197101449275362,0,0.000388489813064481,0.0199069805668798
s33-113-0,u000,2025-06-12,regular,hazard,30,0.0034531356046543227,0,1.1924145504131375e-05,0.0034591114382816453
s33-113-0,u000,2025-06-12,regular,hazard,60,0.009300565834613916,0,8.650052484398765e-05,0.009344086149589861
s33-113-0,u000,2025-06-12,regular,hazard,120,0.036127085511364454,0,0.0013051663075454394,0.03679582450544408
s33-113-0,u000,2025-06-12,regular,hazard_cal,30,0.003485181146565486,0,1.2146487624375515e-05,0.003491268538268324
s33-113-0,u000,2025-06-12,regular,hazard_cal,60,0.009449929534542045,0,8.930116820781004e-05,0.009494863424094646
s33-113-0,u000,2025-06-12,regular,hazard_cal,120,0.037287958039900815,0,0.0013903918147854038,0.03800093374824608
s33-113-18,u018,2025-06-12,variable,empirical,30,0.0028985507246376274,0,8.401596303297314e-06,0.002902759657961351
s33-113-18,u018,2025-06-12,variable,empirical,60,0.004637681159420315,0,2.1508086536442157e-05,0.004648468567984626
s33-113-18,u018,2025-06-12,variable,empirical,120,0.0197101449275362,0,0.000388489813064481,0.0199069805668798
s33-113-18,u018,2025-06-12,variable,hazard,30,0.0002491881456910816,0,6.209473195295972e-08,0.00024921919821577925
s33-113-18,u018,2025-06-12,variable,hazard,60,0.0006732313903043963,0,4.5324050489119034e-07,0.000673458112320138
s33-113-18,u018,2025-06-12,variable,hazard,120,0.0026530156332200683,0,7.03849195011008e-06,0.002656541116016286
s33-113-18,u018,2025-06-12,variable,hazard_cal,30,0.0002385209556146073,0,5.689224626730546e-08,0.00023854940626188127
s33-113-18,u018,2025-06-12,variable,hazard_cal,60,0.0006487938162794693,0,4.2093341604247775e-07,0.0006490043740648089
s33-113-18,u018,2025-06-12,variable,hazard_cal,120,0.0025988406695718336,0,6.753972825820576e-06,0.0026022235182456294
s33-113-21,u021,2025-06-12,regular,empirical,30,0.0028985507246376274,0,8.401596303297314e-06,0.002902759657961351
s33-113-21,u021,2025-06-12,regular,empirical,60,0.004637681159420315,0,2.1508086536442157e-05,0.004648468567984626
s33-113-21,u021,2025-06-12,regular,empirical,120,0.0197101449275362,0,0.000388489813064481,0.0199069805668798
s33-113-21,u021,2025-06-12,regular,hazard,30,0.0002653329467886545,0,7.040157265155096e-08,0.00026536815380283856
s33-113-21,u021,2025-06-12,regular,hazard,60,0.0007168386302953689,0,5.138576218837406e-07,0.0007170956819566923
s33-113-21,u021,2025-06-12,regular,hazard,120,0.002824653712398706,0,7.978668594967792e-06,0.002828650574972315
s33-113-21,u021,2025-06-12,regular,hazard_cal,30,0.0002542962469882504,0,6.466658123230924e-08,0.0002543285857614018
s33-113-21,u021,2025-06-12,regular,hazard_cal,60,0.0006916930658700249,0,4.784392973726746e-07,0.0006919323958870171
s33-113-21,u021,2025-06-12,regular,hazard_cal,120,0.0027704766019432947,0,7.675540601915266e-06,0.0027743214753073345
s33-113-38,u038,2025-06-12,regular,empirical,30,0.0028985507246376274,0,8.401596303297314e-06,0.002902759657961351
s33-113-38,u038,2025-06-12,regular,empirical,60,0.004637681159420315,0,2.1508086536442157e-05,0.004648468567984626
s33-113-38,u038,2025-06-12,regular,empirical,120,0.0197101449275362,0,0.000388489813064481,0.0199069805668798
s33-113-38,u038,2025-06-12,regular,hazard,30,0.0009501539979714924,0,9.027926198612107e-07,0.000950605680416009
s33-113-38,u038,2025-06-12,regular,hazard,60,0.0025652964454631055,0,6.580745853105644e-06,0.0025685924564264606
s33-113-38,u038,2025-06-12,regular,hazard,120,0.010077215874319867,0,0.00010155027977764432,0.010128334727980895
s33-113-38,u038,2025-06-12,regular,hazard_cal,30,0.0009343558018214404,0,8.730207643973868e-07,0.0009347925842983284
s33-113-38,u038,2025-06-12,regular,hazard_cal,60,0.0025397873265924353,0,6.45051966431955e-06,0.002543018057830774
s33-113-38,u038,2025-06-12,regular,hazard_cal,120,0.010140633955836198,0,0.0001028324570262581,0.010192400445042321
s33-113-10,u010,2025-06-12,regular,empirical,30,0.0028985507246376274,0,8.401596303297314e-06,0.002902759657961351
s33-113-10,u010,2025-06-12,regular,empirical,60,0.004637681159420315,0,2.1508086536442157e-05,0.004648468567984626
s33-113-10,u010,2025-06-12,regular,empirical,120,0.0197101449275362,0,0.000388489813064481,0.0199069805668798
s33-113-10,u010,2025-06-12,regular,hazard,30,0.000555698462312959,0,3.088007810169872e-07,0.0005558529199273574
s33-113-10,u010,2025-06-12,regular,hazard,60,0.001500886572249005,0,2.252660502757368e-06,0.0015020140307664956
s33-113-10,u010,2025-06-12,regular,hazard,120,0.00590640025554845,0,3.488556397874279e-05,0.0059239120259345305
s33-113-10,u010,2025-06-12,regular,hazard_cal,30,0.0005405806612498454,0,2.9222745131732007e-07,0.0005407268276543655
s33-113-10,u010,2025-06-12,regular,hazard_cal,60,0.0014699838628186024,0,2.1608525569470995e-06,0.0014710653490719009
s33-113-10,u010,2025-06-12,regular,hazard_cal,120,0.005879971067092815,0,3.457405974984862e-05,0.005897326162045475
s33-113-23,u023,2025-06-12,variable,empirical,30,0.0028985507246376274,0,8.401596303297314e-06,0.002902759657961351
s33-113-23,u023,2025-06-12,variable,empirical,60,0.004637681159420315,0,2.1508086536442157e-05,0.004648468567984626
s33-113-23,u023,2025-06-12,variable,empirical,120,0.0197101449275362,0,0.000388489813064481,0.0199069805668798
s33-113-23,u023,2025-06-12,variable,hazard,30,0.0005092031760621785,0,2.592878745118099e-07,0.0005093328640263185
s33-113-23,u023,2025-06-12,variable,hazard,60,0.001375369038449592,0,1.8916399919257553e-06,0.0013763157265754746
s33-113-23,u023,2025-06-12,variable,hazard,120,0.005413589200402358,0,2.930694803071304e-05,0.005428295775335292
s33-113-23,u023,2025-06-12,variable,hazard_cal,30,0.0004944783769854633,0,2.445088653061779e-07,0.0004946006717345174
s33-113-23,u023,2025-06-12,variable,hazard_cal,60,0.0013446799166241252,0,1.8081640781722643e-06,0.0013455848099487632
s33-113-23,u023,2025-06-12,variable,hazard_cal,120,0.005379905651506034,0,2.8943384819106563e-05,0.005394429458477419
s33-113-4,u004,2025-06-12,variable,empirical,30,0.0028985507246376274,0,8.401596303297314e-06,0.002902759657961351
s33-113-4,u004,2025-06-12,variable,empirical,60,0.004637681159420315,0,2.1508086536442157e-05,0.004648468567984626
s33-113-4,u004,2025-06-12,variable,empirical,120,0.0197101449275362,0,0.000388489813064481,0.0199069805668798
s33-113-4,u004,2025-06-12,variable,hazard,30,0.00039493875648721755,0,1.5597662137566972e-07,0.0003950167653377271
s33-113-4,u004,2025-06-12,variable,hazard,60,0.001066855803542155,0,1.138181305551577e-06,0.0010674252992775154
s33-113-4,u004,2025-06-12,variable,hazard,120,0.004201415081341198,0,1.7651888685721262e-05,0.004210265824814541
s33-113-4,u004,2025-06-12,variable,hazard_cal,30,0.00038155831551001107,0,1.4558674813483717e-07,0.00038163112740599044
s33-113-4,u004,2025-06-12,variable,hazard_cal,60,0.001037720566710476,0,1.0768639745739116e-06,0.0010382593714825443
s33-113-4,u004,2025-06-12,variable,hazard_cal,120,0.004153978992906704,0,1.7255541473510194e-05,0.004162630731382383
s33-113-49,u049,2025-06-12,variable,empirical,30,0.0028985507246376274,0,8.401596303297314e-06,0.002902759657961351
s33-113-49,u049,2025-06-12,variable,empirical,60,0.004637681159420315,0,2.1508086536442157e-05,0.004648468567984626
s33-113-49,u049,2025-06-12,variable,empirical,120,0.0197101449275362,0,0.000388489813064481,0.0199069805668798
s33-113-49,u049,2025-06-12,variable,hazard,30,0.0002539930947259572,0,6.451249216846907e-08,0.0002540253564349913
s33-113-49,u049,2025-06-12,variable,hazard,60,0.0006862097388669053,0,4.7088380571578633e-07,0.0006864452885335776
s33-113-49,u049,2025-06-12,variable,hazard,120,0.00270410102320906,0,7.312162343720286e-06,0.002707763708718723
s33-113-49,u049,2025-06-12,variable,hazard_cal,30,0.00024321383723446832,0,5.915297062231445e-08,0.00024324341851626142
s33-113-49,u049,2025-06-12,variable,hazard_cal,60,0.0006615557535446515,0,4.376560150480316e-07,0.0006617746781113715
s33-113-49,u049,2025-06-12,variable,hazard_cal,120,0.002649902635946,0,7.021983979993558e-06,0.002653419842813871
s33-113-11,u011,2025-06-12,variable,empirical,30,0.0028985507246376274,0,8.401596303297314e-06,0.002902759657961351
s33-113-11,u011,2025-06-12,variable,empirical,60,0.004637681159420315,0,2.1508086536442157e-05,0.004648468567984626
s33-113-11,u011,2025-06-12,variable,empirical,120,0.0197101449275362,0,0.000388489813064481,0.0199069805668798
s33-113-11,u011,2025-06-12,variable,hazard,30,0.0005692169869625507,0,3.240079782467247e-07,0.0005693790524548797
s33-113-11,u011,2025-06-12,variable,hazard,60,0.0015373787381489645,0,2.3635333845125022e-06,0.0015385617174548372
s33-113-11,u011,2025-06-12,variable,hazard,120,0.006049638186825246,0,3.6598122191494245e-05,0.0060680113862046385
s33-113-11,u011,2025-06-12,variable,hazard_cal,30,0.0005539998258407008,0,3.0691580703152687e-07,0.0005541533404448776
s33-113-11,u011,2025-06-12,variable,hazard_cal,60,0.0015064544314435935,0,2.2694049540160405e-06,0.0015075902747947547
s33-113-11,u011,2025-06-12,variable,hazard_cal,120,0.00602547819267274,0,3.630638745037474e-05,0.006043704638648168
s33-113-12,u012,2025-06-12,variable,empirical,30,0.0028985507246376274,0,8.401596303297314e-06,0.002902759657961351
s33-113-12,u012,2025-06-12,variable,empirical,60,0.004637681159420315,0,2.1508086536442157e-05,0.004648468567984626
s33-113-12,u012,2025-06-12,variable,empirical,120,0.0197101449275362,0,0.000388489813064481,0.0199069805668798
s33-113-12,u012,2025-06-12,variable,hazard,30,0.0023310493613211136,0,5.433791124915571e-06,0.0023337704864239955
s33-113-12,u012,2025-06-12,variable,hazard,60,0.006285169053386386,0,3.950335002964592e-05,0.0063050038822461945
s33-113-12,u012,2025-06-12,variable,hazard,120,0.024537136408324778,0,0.0006020710631207374,0.024843188744924572
s33-113-12,u012,2025-06-12,variable,hazard_cal,30,0.002334137455697105,0,5.448197662088155e-06,0.0023368658009101572
s33-113-12,u012,2025-06-12,variable,hazard_cal,60,0.006336038893026141,0,4.014538885393993e-05,0.006356196780001031
s33-113-12,u012,2025-06-12,variable,hazard_cal,120,0.025134320611181593,0,0.0006317340725856678,0.02545558220413887
s33-113-16,u016,2025-06-12,regular,empirical,30,0.0028985507246376274,0,8.401596303297314e-06,0.002902759657961351
s33-113-16,u016,2025-06-12,regular,empirical,60,0.004637681159420315,0,2.1508086536442157e-05,0.004648468567984626
s33-113-16,u016,2025-06-12,regular,empirical,120,0.0197101449275362,0,0.000388489813064481,0.0199069805668798
s33-113-16,u016,2025-06-12,regular,hazard,30,0.0016271982688800257,0,2.6477742062461525e-06,0.001628523593889312
s33-113-16,u016,2025-06-12,regular,hazard,60,0.0043903648851585375,0,1.927530382483314e-05,0.004400030838821745
s33-113-16,u016,2025-06-12,regular,hazard,120,0.01719414091093674,0,0.0002956384816651485,0.017343676723799946
s33-113-16,u016,2025-06-12,regular,hazard_cal,30,0.0016175930331014943,0,2.616607220738492e-06,0.0016189027492942768
s33-113-16,u016,2025-06-12,regular,hazard_cal,60,0.0043940457145505984,0,1.930763774156048e-05,0.004403727906494034
s33-113-16,u016,2025-06-12,regular,hazard_cal,120,0.017488608185927124,0,0.0003058514162808772,0.017643340584236344
s33-113-20,u020,2025-06-12,variable,empirical,30,0.0028985507246376274,0,8.401596303297314e-06,0.002902759657961351
s33-113-20,u020,2025-06-12,variable,empirical,60,0.004637681159420315,0,2.1508086536442157e-05,0.004648468567984626
s33-113-20,u020,2025-06-12,variable,empirical,120,0.0197101449275362,0,0.000388489813064481,0.0199069805668798
s33-113-20,u020,2025-06-12,variable,hazard,30,0.0007121827222154042,0,5.072042298221436e-07,0.0007124364448020291
s33-113-20,u020,2025-06-12,variable,hazard,60,0.0019232449780470784,0,3.698871245583307e-06,0.001925096788374069
s33-113-20,u020,2025-06-12,variable,hazard,120,0.007563159351486437,0,5.720137937597674e-05,0.007591905071870383
s33-113-20,u020,2025-06-12,variable,hazard_cal,30,0.0006962822006020275,0,4.848089028752021e-07,0.0006965247176335277
s33-113-20,u020,2025-06-12,variable,hazard_cal,60,0.0018930902719722642,0,3.5837907778360213e-06,0.0018948844320567611
s33-113-20,u020,2025-06-12,variable,hazard_cal,120,0.007566926994353462,0,5.725838413787512e-05,0.007595701434383727
s33-113-27,u027,2025-06-12,regular,empirical,30,0.0028985507246376274,0,8.401596303297314e-06,0.002902759657961351
s33-113-27,u027,2025-06-12,regular,empirical,60,0.004637681159420315,0,2.1508086536442157e-05,0.004648468567984626
s33-113-27,u027,2025-06-12,regular,empirical,120,0.0197101449275362,0,0.000388489813064481,0.0199069805668798
s33-113-27,u027,2025-06-12,regular,hazard,30,0.0010874724487494047,0,1.1825963267890268e-06,0.001088064175943045
s33-113-27,u027,2025-06-12,regular,hazard,60,0.002935650434559567,0,8.618043473929774e-06,0.0029399679080956034
s33-113-27,u027,2025-06-12,regular,hazard,120,0.011524943028509815,0,0.000132824311810397,0.011591869900258019
s33-113-27,u027,2025-06-12,regular,hazard_cal,30,0.0010723055484846977,0,1.1498391893110684e-06,0.0010728808794031504
s33-113-27,u027,2025-06-12,regular,hazard_cal,60,0.0029143728623082232,0,8.493569180558627e-06,0.0029186279161183414
s33-113-27,u027,2025-06-12,regular,hazard_cal,120,0.011628792326493387,0,0.00013522881097271147,0.011696935529221079
s33-113-8,u008,2025-06-12,regular,empirical,30,0.0028985507246376274,0,8.401596303297314e-06,0.002902759657961351
s33-113-8,u008,2025-06-12,regular,empirical,60,0.004637681159420315,0,2.1508086536442157e-05,0.004648468567984626
s33-113-8,u008,2025-06-12,regular,empirical,120,0.0197101449275362,0,0.000388489813064481,0.0199069805668798
s33-113-8,u008,2025-06-12,regular,hazard,30,0.0022628084667574155,0,5.120302157229045e-06,0.0022653724864899823
s33-113-8,u008,2025-06-12,regular,hazard,60,0.006101573627834034,0,3.7229200735879774e-05,0.00612026429530847
s33-113-8,u008,2025-06-12,regular,hazard,120,0.02382768049031636,0,0.0005677583575486029,0.024116151278699382
s33-113-8,u008,2025-06-12,regular,hazard_cal,30,0.0022644501520782123,0,5.127734491247039e-06,0.0022670178964088977
s33-113-8,u008,2025-06-12,regular,hazard_cal,60,0.006147290364893365,0,3.77891788303108e-05,0.006166262746763738
s33-113-8,u008,2025-06-12,regular,hazard_cal,120,0.024393442541061017,0,0.0005950400390040453,0.024695891200333678
s33-113-25,u025,2025-06-12,variable,empirical,30,0.0028985507246376274,0,8.401596303297314e-06,0.002902759657961351
s33-113-25,u025,2025-06-12,variable,empirical,60,0.004637681159420315,0,2.1508086536442157e-05,0.004648468567984626
s33-113-25,u025,2025-06-12,variable,empirical,120,0.0197101449275362,0,0.000388489813064481,0.0199069805668798
s33-113-25,u025,2025-06-12,variable,hazard,30,0.00025217077443406843,0,6.359009947867782e-08,0.0002522025748300071
s33-113-25,u025,2025-06-12,variable,hazard,60,0.0006812875971811128,0,4.641527900728142e-07,0.0006815197790372177
s33-113-25,u025,2025-06-12,variable,hazard,120,0.002684726744543564,0,7.207757692867484e-06,0.0026883370866925137
s33-113-25,u025,2025-06-12,variable,hazard_cal,30,0.00024143380695751393,0,5.82902831419981e-08,0.0002414629567910162
s33-113-25,u025,2025-06-12,variable,hazard_cal,60,0.0006567151093641588,0,4.3127473486717903e-07,0.0006569308411863279
s33-113-25,u025,2025-06-12,variable,hazard_cal,120,0.0026305349292572444,0,6.919714014042416e-06,0.002634000865776594
s33-113-5,u005,2025-06-12,variable,empirical,30,0.0028985507246376274,0,8.401596303297314e-06,0.002902759657961351
s33-113-5,u005,2025-06-12,variable,empirical,60,0.004637681159420315,0,2.1508086536442157e-05,0.004648468567984626
s33-113-5,u005,2025-06-12,variable,empirical,120,0.0197101449275362,0,0.000388489813064481,0.0199069805668798
s33-113-5,u005,2025-06-12,variable,hazard,30,0.0003439942202169144,0,1.18332023542643e-07,0.000344053399800698
s33-113-5,u005,2025-06-12,variable,hazard,60,0.0009292839579241319,0,8.635686744551397e-07,0.0009297160099481078
s33-113-5,u005,2025-06-12,variable,hazard,120,0.0036604806435063253,0,1.3399118541484481e-05,0.003667196596864356
s33-113-5,u005,2025-06-12,variable,hazard_cal,30,0.0003314157275937646,0,1.0983638449650437e-07,0.00033147065792286473
s33-113-5,u005,2025-06-12,variable,hazard_cal,60,0.0009013923759202402,0,8.125082153671357e-07,0.0009017988743226555
s33-113-5,u005,2025-06-12,variable,hazard_cal,120,0.003609101349326127,0,1.3025612549707671e-05,0.003615629868392408
s33-113-55,u055,2025-06-12,new,empirical,30,0.0028985507246376274,0,8.401596303297314e-06,0.002902759657961351
s33-113-55,u055,2025-06-12,new,empirical,60,0.004637681159420315,0,2.1508086536442157e-05,0.004648468567984626
s33-113-55,u055,2025-06-12,new,empirical,120,0.0197101449275362,0,0.000388489813064481,0.0199069805668798
s33-113-55,u055,2025-06-12,new,hazard,30,0.0003128171485465847,0,9.785456842481604e-08,0.00031286608603672063
s33-113-55,u055,2025-06-12,new,hazard,60,0.0008450859817379364,0,7.141703165299718e-07,0.0008454432682022385
s33-113-55,u055,2025-06-12,new,hazard,120,0.0033292902586037343,0,1.108417362603372e-05,0.0033348446770239373
s33-113-55,u055,2025-06-12,new,hazard_cal,30,0.00030080199225379634,0,9.048183854385295e-08,0.00030084724224748794
s33-113-55,u055,2025-06-12,new,hazard_cal,60,0.000818152868171329,0,6.693741156969721e-07,0.0008184877378913839
s33-113-55,u055,2025-06-12,new,hazard_cal,120,0.0032762838759882174,0,1.0734036036060377e-05,0.0032816626454698983
s33-113-58,u058,2025-06-12,new,empirical,30,0.0028985507246376274,0,8.401596303297314e-06,0.002902759657961351
s33-113-58,u058,2025-06-12,new,empirical,60,0.004637681159420315,0,2.1508086536442157e-05,0.004648468567984626
s33-113-58,u058,2025-06-12,new,empirical,120,0.0197101449275362,0,0.000388489813064481,0.0199069805668798
s33-113-58,u058,2025-06-12,new,hazard,30,0.0012485128310124605,0,1.5587842892027486e-06,0.00124929287248585
s33-113-58,u058,2025-06-12,new,hazard,60,0.003369858574707285,0,1.1355946813528215e-05,0.0033755493364188375
s33-113-58,u058,2025-06-12,new,hazard,120,0.013219995279312724,0,0.0001747682751850507,0.013308157279808452
s33-113-58,u058,2025-06-12,new,hazard_cal,30,0.001234532393600385,0,1.5240702308486956e-06,0.0012352950564684375
s33-113-58,u058,2025-06-12,new,hazard_cal,60,0.003354750689864794,0,1.125435219114831e-05,0.0033603904828926256
s33-113-58,u058,2025-06-12,new,hazard_cal,120,0.013375889337941982,0,0.00017891441558087,0.013466152348064721
s33-113-44,u044,2025-06-12,variable,empirical,30,0.0028985507246376274,0,8.401596303297314e-06,0.002902759657961351
s33-113-44,u044,2025-06-12,variable,empirical,60,0.004637681159420315,0,2.1508086536442157e-05,0.004648468567984626
s33-113-44,u044,2025-06-12,variable,empirical,120,0.0197101449275362,0,0.000388489813064481,0.0199069805668798
s33-113-44,u044,2025-06-12,variable,hazard,30,0.00023764831241335216,0,5.647672039291423e-08,0.00023767655524821194
s33-113-44,u044,2025-06-12,variable,hazard,60,0.0006420613742981196,0,4.1224280836559e-07,0.0006422675839732049
s33-113-44,u044,2025-06-12,variable,hazard,120,0.002530315127630578,0,6.402494645116148e-06,0.002533521785331594
s33-113-44,u044,2025-06-12,variable,hazard_cal,30,0.00022725778899423954,0,5.16461026585503e-08,0.00022728361595856212
s33-113-44,u044,2025-06-12,variable,hazard_cal,60,0.000618164007700428,0,3.8212674041625483e-07,0.0006183551498461585
s33-113-44,u044,2025-06-12,variable,hazard_cal,120,0.002476278206150373,0,6.131953754255309e-06,0.002479349253920856
s33-113-53,u053,2025-06-12,regular,empirical,30,0.0028985507246376274,0,8.401596303297314e-06,0.002902759657961351
s33-113-53,u053,2025-06-12,regular,empirical,60,0.004637681159420315,0,2.1508086536442157e-05,0.004648468567984626
s33-113-53,u053,2025-06-12,regular,empirical,120,0.0197101449275362,0,0.000388489813064481,0.0199069805668798
s33-113-53,u053,2025-06-12,regular,hazard,30,0.0012307763106546021,0,1.5148103268685538e-06,0.0012315343378564863
s33-113-53,u053,2025-06-12,regular,hazard,60,0.003322042759555055,0,1.1035968096312166e-05,0.00332757299478514
s33-113-53,u053,2025-06-12,regular,hazard,120,0.013033453599321287,0,0.00016987091272566103,0.013119134347314028
s33-113-53,u053,2025-06-12,regular,hazard_cal,30,0.0012166434697690187,0,1.4802213325315972e-06,0.0012173841812841214
s33-113-53,u053,2025-06-12,regular,hazard_cal,60,0.0033061966148338895,0,1.093093605593907e-05,0.003311674159420355
s33-113-53,u053,2025-06-12,regular,hazard_cal,120,0.0131833916335663,0,0.0001738018149639859,0.013271063939145117
s33-113-32,u032,2025-06-12,regular,empirical,30,0.0028985507246376274,0,8.401596303297314e-06,0.002902759657961351
s33-113-32,u032,2025-06-12,regular,empirical,60,0.004637681159420315,0,2.1508086536442157e-05,0.004648468567984626
s33-113-32,u032,2025-06-12,regular,empirical,120,0.0197101449275362,0,0.000388489813064481,0.0199069805668798
s33-113-32,u032,2025-06-12,regular,hazard,30,0.007760811746012397,0,6.023019895704399e-05,0.007791083569822716
s33-113-32,u032,2025-06-12,regular,hazard,60,0.020816093837262795,0,0.0004333097626417301,0.021035803058962042
s33-113-32,u032,2025-06-12,regular,hazard,120,0.07932360094337176,0,0.00629223366662329,0.0826466627123041
s33-113-32,u032,2025-06-12,regular,hazard_cal,30,0.007961196752629851,0,6.338065373408408e-05,0.007993056285497529
s33-113-32,u032,2025-06-12,regular,hazard_cal,60,0.021492301951989146,0,0.0004619190431954764,0.021726624984299437
s33-113-32,u032,2025-06-12,regular,hazard_cal,120,0.08308333389365663,0,0.006902840370884833,0.0867386875113198
s33-113-57,u057,2025-06-12,new,empirical,30,0.0028985507246376274,0,8.401596303297314e-06,0.002902759657961351
s33-113-57,u057,2025-06-12,new,empirical,60,0.004637681159420315,0,2.1508086536442157e-05,0.004648468567984626
s33-113-57,u057,2025-06-12,new,empirical,120,0.0197101449275362,0,0.000388489813064481,0.0199069805668798
s33-113-57,u057,2025-06-12,new,hazard,30,0.0006993533009401753,0,4.890950395359194e-07,0.0006995979625365237
s33-113-57,u057,2025-06-12,new,hazard,60,0.0018886225602319229,0,3.566895175016983e-06,0.0018904082565111625
s33-113-57,u057,2025-06-12,new,hazard,120,0.007427436181636771,0,5.516680823228701e-05,0.007455156933795319
s33-113-57,u057,2025-06-12,new,hazard_cal,30,0.0006834886521767114,0,4.671567376543376e-07,0.000683722337032237
s33-113-57,u057,2025-06-12,new,hazard_cal,60,0.0018583296860917864,0,3.453389222209997e-06,0.0018600585228673748
s33-113-57,u057,2025-06-12,new,hazard_cal,120,0.00742842619964279,0,5.5181515803539426e-05,0.007456154360619154
s33-113-3,u003,2025-06-12,regular,empirical,30,0.0028985507246376274,0,8.401596303297314e-06,0.002902759657961351
s33-113-3,u003,2025-06-12,regular,empirical,60,0.004637681159420315,0,2.1508086536442157e-05,0.004648468567984626
s33-113-3,u003,2025-06-12,regular,empirical,120,0.0197101449275362,0,0.000388489813064481,0.0199069805668798
s33-113-3,u003,2025-06-12,regular,hazard,30,0.0006918422024567716,0,4.786456331002366e-07,0.0006920816357130452
s33-113-3,u003,2025-06-12,regular,hazard,60,0.0018683521610750597,0,3.490739797793846e-06,0.0018700997080019148
s33-113-3,u003,2025-06-12,regular,hazard,120,0.007347966994945332,0,5.399261895880593e-05,0.007375096282863383
s33-113-3,u003,2025-06-12,regular,hazard_cal,30,0.000676000746356431,0,4.569770090744518e-07,0.0006762293378854699
s33-113-3,u003,2025-06-12,regular,hazard_cal,60,0.0018379843415917696,0,3.3781864399365306e-06,0.0018396755073535685
s33-113-3,u003,2025-06-12,regular,hazard_cal,120,0.0073473541366413375,0,5.398361280922057e-05,0.007374478888152619
s33-113-31,u031,2025-06-12,variable,empirical,30,0.0028985507246376274,0,8.401596303297314e-06,0.002902759657961351
s33-113-31,u031,2025-06-12,variable,empirical,60,0.004637681159420315,0,2.1508086536442157e-05,0.004648468567984626
s33-113-31,u031,2025-06-12,variable,empirical,120,0.0197101449275362,0,0.000388489813064481,0.0199069805668798
s33-113-31,u031,2025-06-12,variable,hazard,30,0.0008541228483258667,0,7.295258400322915e-07,0.0008544878190805886
s33-113-31,u031,2025-06-12,variable,hazard,60,0.002306237861314675,0,5.318733072961286e-06,0.0023089013236909884
s33-113-31,u031,2025-06-12,variable,hazard,120,0.009063479763548932,0,8.2146665424261e-05,0.00910480297381828
s33-113-31,u031,2025-06-12,variable,hazard_cal,30,0.0008381188815219653,0,7.024432595636302e-07,0.0008384702995188395
s33-113-31,u031,2025-06-12,variable,hazard_cal,60,0.00227840803433077,0,5.191143170903003e-06,0.002281007555179619
s33-113-31,u031,2025-06-12,variable,hazard_cal,120,0.009101090618878982,0,8.2829850453047e-05,0.009142758552543425
s33-113-29,u029,2025-06-12,regular,empirical,30,0.0028985507246376274,0,8.401596303297314e-06,0.002902759657961351
s33-113-29,u029,2025-06-12,regular,empirical,60,0.004637681159420315,0,2.1508086536442157e-05,0.004648468567984626
s33-113-29,u029,2025-06-12,regular,empirical,120,0.0197101449275362,0,0.000388489813064481,0.0199069805668798
s33-113-29,u029,2025-06-12,regular,hazard,30,0.0011340938950724633,0,1.2861689628406314e-06,0.0011347374661799397
s33-113-29,u029,2025-06-12,regular,hazard,60,0.0030613682522614427,0,9.37197557595428e-06,0.0030660638257513136
s33-113-29,u029,2025-06-12,regular,hazard,120,0.01201597083220074,0,0.00014438355504029895,0.012088746174840962
s33-113-29,u029,2025-06-12,regular,hazard_cal,30,0.0011192236297312697,0,1.2526615333488382e-06,0.0011198504282267153
s33-113-29,u029,2025-06-12,regular,hazard_cal,60,0.0030417501199179187,0,9.252243792020673e-06,0.003046385644271697
s33-113-29,u029,2025-06-12,regular,hazard_cal,120,0.01213440321296455,0,0.00014724374133480442,0.01220862612860861
s33-113-54,u054,2025-06-12,new,empirical,30,0.0028985507246376274,0,8.401596303297314e-06,0.002902759657961351
s33-113-54,u054,2025-06-12,new,empirical,60,0.004637681159420315,0,2.1508086536442157e-05,0.004648468567984626
s33-113-54,u054,2025-06-12,new,empirical,120,0.0197101449275362,0,0.000388489813064481,0.0199069805668798
s33-113-54,u054,2025-06-12,new,hazard,30,0.0012826923925045586,0,1.6452997737890686e-06,0.001283515746540069
s33-113-54,u054,2025-06-12,new,hazard,60,0.00346199850566975,0,1.1985433653259582e-05,0.003468005089693252
s33-113-54,u054,2025-06-12,new,hazard,120,0.013579372460255312,0,0.00018439935641434042,0.013672415408496086
s33-113-54,u054,2025-06-12,new,hazard_cal,30,0.0012690200329895651,0,1.610411844128837e-06,0.0012698259207756088
s33-113-54,u054,2025-06-12,new,hazard_cal,60,0.003448352169072355,0,1.1891132681946017e-05,0.003454311439131946
s33-113-54,u054,2025-06-12,new,hazard_cal,120,0.013746891771281966,0,0.00018897703337133982,0.013842255264313987
s33-113-56,u056,2025-06-12,new,empirical,30,0.0028985507246376274,0,8.401596303297314e-06,0.002902759657961351
s33-113-56,u056,2025-06-12,new,empirical,60,0.004637681159420315,0,2.1508086536442157e-05,0.004648468567984626
s33-113-56,u056,2025-06-12,new,empirical,120,0.0197101449275362,0,0.000388489813064481,0.0199069805668798
s33-113-56,u056,2025-06-12,new,hazard,30,0.000581687802463815,0,3.3836069953518227e-07,0.0005818570484489819
s33-113-56,u056,2025-06-12,new,hazard,60,0.0015710418542818072,0,2.4681725079052193e-06,0.0015722772345947498
s33-113-56,u056,2025-06-12,new,hazard,120,0.006181756119940207,0,3.8214108726418206e-05,0.006200942284631255
s33-113-56,u056,2025-06-12,new,hazard_cal,30,0.0005663846859055299,0,3.207916124283058e-07,0.0005665451423013014
s33-113-56,u056,2025-06-12,new,hazard_cal,60,0.0015401131217023245,0,2.371948427639679e-06,0.0015413003150140468
s33-113-56,u056,2025-06-12,new,hazard_cal,120,0.0061597505983846945,0,3.7942527434300604e-05,0.006178800129295426
s33-113-6,u006,2025-06-12,variable,empirical,30,0.0028985507246376274,0,8.401596303297314e-06,0.002902759657961351
s33-113-6,u006,2025-06-12,variable,empirical,60,0.004637681159420315,0,2.1508086536442157e-05,0.004648468567984626
s33-113-6,u006,2025-06-12,variable,empirical,120,0.0197101449275362,0,0.000388489813064481,0.0199069805668798
s33-113-6,u006,2025-06-12,variable,hazard,30,0.0025471490704932487,0,6.48796838731462e-06,0.002550398573839378
s33-113-6,u006,2025-06-12,variable,hazard,60,0.0068664045793346284,0,4.714751184710755e-05,0.006890086805347455
s33-113-6,u006,2025-06-12,variable,hazard,120,0.026780291416416024,0,0.0007171840083481657,0.02714541695889336
s33-113-6,u006,2025-06-12,variable,hazard_cal,30,0.0025550829136393727,0,6.528448695571866e-06,0.002558352708906717
s33-113-6,u006,2025-06-12,variable,hazard_cal,60,0.00693430111605664,0,4.808453196814437e-05,0.006958455107504394
s33-113-6,u006,2025-06-12,variable,hazard_cal,120,0.027479457743301072,0,0.0007551205978658693,0.027864080569490995
s33-113-46,u046,2025-06-12,variable,empirical,30,0.0028985507246376274,0,8.401596303297314e-06,0.002902759657961351
s33-113-46,u046,2025-06-12,variable,empirical,60,0.004637681159420315,0,2.1508086536442157e-05,0.004648468567984626
s33-113-46,u046,2025-06-12,variable,empirical,120,0.0197101449275362,0,0.000388489813064481,0.0199069805668798
s33-113-46,u046,2025-06-12,variable,hazard,30,0.00020924274635381046,0,4.378252690168506e-08,0.00020926464067146601
s33-113-46,u046,2025-06-12,variable,hazard,60,0.0005653327058139368,0,3.196010682629072e-07,0.0005654925666005949
s33-113-46,u046,2025-06-12,variable,hazard,120,0.002228218892661449,0,4.964959433613413e-06,0.0022307050662241043
s33-113-46,u046,2025-06-12,variable,hazard_cal,30,0.00019958137858699931,0,3.983272667868715e-08,0.0001996012976006922
s33-113-46,u046,2025-06-12,variable,hazard_cal,60,0.0005428960639985991,0,2.9473613630517106e-07,0.000543043485425508
s33-113-46,u046,2025-06-12,variable,hazard_cal,120,0.0021750455843507766,0,4.730823294003811e-06,0.002177414431521476
s33-114-55,u055,2025-06-13,new,empirical,30,0.0028985507246376274,0,8.401596303297314e-06,0.002902759657961351
s33-114-55,u055,2025-06-13,new,empirical,60,0.004637681159420315,0,2.1508086536442157e-05,0.004648468567984626
s33-114-55,u055,2025-06-13,new,empirical,120,0.0197101449275362,0,0.000388489813064481,0.0199069805668798
s33-114-55,u055,2025-06-13,new,hazard,30,0.00037094264271442245,0,1.3759844418395968e-07,0.00037101145895495935
s33-114-55,u055,2025-06-13,new,hazard,60,0.00100205780673146,0,1.0041198480314641e-06,0.0010025602023031198
s33-114-55,u055,2025-06-13,new,hazard,120,0.003946659439593825,0,1.557612073213504e-05,0.003954468052020553
s33-114-55,u055,2025-06-13,new,hazard_cal,30,0.0003579225789557272,0,1.2810857252631878e-07,0.00035798664853041136
s33-114-55,u055,2025-06-13,new,hazard_cal,60,0.0009734611433697138,0,9.476265976506704e-07,0.0009739352643857702
s33-114-55,u055,2025-06-13,new,hazard_cal,120,0.003897178095268683,0,1.518799710624204e-05,0.0039047918817808783
s33-114-41,u041,2025-06-13,regular,empirical,30,0.0028985507246376274,0,8.401596303297314e-06,0.002902759657961351
s33-114-41,u041,2025-06-13,regular,empirical,60,0.004637681159420315,0,2.1508086536442157e-05,0.004648468567984626
s33-114-41,u041,2025-06-13,regular,empirical,120,0.0197101449275362,0,0.000388489813064481,0.0199069805668798
s33-114-41,u041,2025-06-13,regular,hazard,30,0.0014817797676539568,0,2.1956712798286143e-06,0.001482878689000971
s33-114-41,u041,2025-06-13,regular,hazard,60,0.00399856976279056,0,1.598856014790296e-05,0.004006585417435863
s33-114-41,u041,2025-06-13,regular,hazard,120,0.015669983070490168,0,0.00024554836942944846,0.015794055099764955
s33-114-41,u041,2025-06-13,regular,hazard_cal,30,0.001470255711121693,0,2.161651856085955e-06,0.0014713375976129585
s33-114-41,u041,2025-06-13,regular,hazard_cal,60,0.003994391831172228,0,1.5955166100935427e-05,0.0040023907217969544
s33-114-41,u041,2025-06-13,regular,hazard_cal,120,0.015908824054298942,0,0.00025309068279064063,0.016036727741012044
s33-114-2,u002,2025-06-13,variable,empirical,30,0.0028985507246376274,0,8.401596303297314e-06,0.002902759657961351
s33-114-2,u002,2025-06-13,variable,empirical,60,0.004637681159420315,0,2.1508086536442157e-05,0.004648468567984626
s33-114-2,u002,2025-06-13,variable,empirical,120,0.0197101449275362,0,0.000388489813064481,0.0199069805668798
s33-114-2,u002,2025-06-13,variable,hazard,30,0.0006305967119497602,0,3.976522131218488e-07,0.0006307956216819322
s33-114-2,u002,2025-06-13,variable,hazard,60,0.001703056386143209,0,2.9004010543831672e-06,0.0017045082352918643
s33-114-2,u002,2025-06-13,variable,hazard,120,0.006699731224998007,0,4.488639848721329e-05,0.0067222751729221816
s33-114-2,u002,2025-06-13,variable,hazard_cal,30,0.0006150071646938704,0,3.7823381262479345e-07,0.0006151963591748005
s33-114-2,u002,2025-06-13,variable,hazard_cal,60,0.0016722479559088121,0,2.7964132260412005e-06,0.001673647723244867
s33-114-2,u002,2025-06-13,variable,hazard_cal,120,0.006686717754142757,0,4.4712194323567953e-05,0.006709174013062732
s33-114-58,u058,2025-06-13,new,empirical,30,0.0028985507246376274,0,8.401596303297314e-06,0.002902759657961351
s33-114-58,u058,2025-06-13,new,empirical,60,0.004637681159420315,0,2.1508086536442157e-05,0.004648468567984626
s33-114-58,u058,2025-06-13,new,empirical,120,0.0197101449275362,0,0.000388489813064481,0.0199069805668798
s33-114-58,u058,2025-06-13,new,hazard,30,0.0015105942980002673,0,2.2818951331509207e-06,0.001511736395876105
s33-114-58,u058,2025-06-13,new,hazard,60,0.004076212306479365,0,1.6615506767493826e-05,0.004084542705218769
s33-114-58,u058,2025-06-13,new,hazard,120,0.01597218623705765,0,0.0002551107331912538,0.01610111631010967
s33-114-58,u058,2025-06-13,new,hazard_cal,30,0.001499428183301843,0,2.2482848768798656e-06,0.0015005534507193997
s33-114-58,u058,2025-06-13,new,hazard_cal,60,0.004073531577143741,0,1.659365950998717e-05,0.004081851007559876
s33-114-58,u058,2025-06-13,new,hazard_cal,120,0.016221825974003012,0,0.0002631476379308388,0.016354840244108965
s33-114-14,u014,2025-06-13,regular,empirical,30,0.0028985507246376274,0,8.401596303297314e-06,0.002902759657961351
s33-114-14,u014,2025-06-13,regular,empirical,60,0.004637681159420315,0,2.1508086536442157e-05,0.004648468567984626
s33-114-14,u014,2025-06-13,regular,empirical,120,0.0197101449275362,0,0.000388489813064481,0.0199069805668798
s33-114-14,u014,2025-06-13,regular,hazard,30,0.003977136485569299,0,1.5817614624846516e-05,0.0039850663252347105
s33-114-14,u014,2025-06-13,regular,hazard,60,0.010706483525603216,0,0.00011462878948401308,0.010764210324089939
s33-114-14,u014,2025-06-13,regular,hazard,120,0.041490921647405754,0,0.0017214965791511633,0.04237624512491769
s33-114-14,u014,2025-06-13,regular,hazard_cal,30,0.004025470642320617,0,1.620441389218516e-05,0.004033594658588715
s33-114-14,u014,2025-06-13,regular,hazard_cal,60,0.010909145056543168,0,0.00011900944586470023,0.01096908611524228
s33-114-14,u014,2025-06-13,regular,hazard_cal,120,0.04293874765642025,0,0.0018437360503017355,0.043887885038640065
s33-114-4,u004,2025-06-13,variable,empirical,30,0.0028985507246376274,0,8.401596303297314e-06,0.002902759657961351
s33-114-4,u004,2025-06-13,variable,empirical,60,0.004637681159420315,0,2.1508086536442157e-05,0.004648468567984626
s33-114-4,u004,2025-06-13,variable,empirical,120,0.0197101449275362,0,0.000388489813064481,0.0199069805668798
s33-114-4,u004,2025-06-13,variable,hazard,30,0.0003283724415361622,0,1.0782846036042025e-07,0.0003284263675718815
s33-114-4,u004,2025-06-13,variable,hazard,60,0.0008870958255772221,0,7.869390037565333e-07,0.0008874895279307969
s33-114-4,u004,2025-06-13,variable,hazard,120,0.0034945464580039554,0,1.221185494714799e-05,0.003500666647829229
s33-114-4,u004,2025-06-13,variable,hazard_cal,30,0.0003160688893160124,0,9.98995427934577e-08,0.0003161188496149506
s33-114-4,u004,2025-06-13,variable,hazard_cal,60,0.0008596645631562261,0,7.39023161146585e-07,0.0008600342866441064
s33-114-4,u004,2025-06-13,variable,hazard_cal,120,0.003442272419927339,0,1.184923941299242e-05,0.0034482106709352372
s33-114-44,u044,2025-06-13,variable,empirical,30,0.0028985507246376274,0,8.401596303297314e-06,0.002902759657961351
s33-114-44,u044,2025-06-13,variable,empirical,60,0.004637681159420315,0,2.1508086536442157e-05,0.004648468567984626
s33-114-44,u044,2025-06-13,variable,empirical,120,0.0197101449275362,0,0.000388489813064481,0.0199069805668798
s33-114-44,u044,2025-06-13,variable,hazard,30,0.00023757193468187943,0,5.6440424148491186e-08,0.0002376001593643038
s33-114-44,u044,2025-06-13,variable,hazard,60,0.0006418550696044578,0,4.119779303769434e-07,0.000642061146755474
s33-114-44,u044,2025-06-13,variable,hazard,120,0.0025295029683495285,0,6.3983852668890756e-06,0.00253270756615007
s33-114-44,u044,2025-06-13,variable,hazard_cal,30,0.00022718327856574572,0,5.1612242059881216e-08,0.00022720908859592118
s33-114-44,u044,2025-06-13,variable,hazard_cal,60,0.0006179613768144687,0,3.818762632344338e-07,0.0006181523936441551
s33-114-44,u044,2025-06-13,variable,hazard_cal,120,0.002475467353817984,0,6.1279386198186114e-06,0.002478536389038431
s33-114-17,u017,2025-06-13,regular,empirical,30,0.0028985507246376274,0,8.401596303297314e-06,0.002902759657961351
s33-114-17,u017,2025-06-13,regular,empirical,60,0.004637681159420315,0,2.1508086536442157e-05,0.004648468567984626
s33-114-17,u017,2025-06-13,regular,empirical,120,0.0197101449275362,0,0.000388489813064481,0.0199069805668798
s33-114-17,u017,2025-06-13,regular,hazard,30,0.0006290328835525383,0,3.9568236859042116e-07,0.0006292308077417348
s33-114-17,u017,2025-06-13,regular,hazard,60,0.0016988355058945581,0,2.886042076088019e-06,0.0017002801633213293
s33-114-17,u017,2025-06-13,regular,hazard,120,0.006683173625578576,0,4.466480970962908e-05,0.006705606032743894
s33-114-17,u017,2025-06-13,regular,hazard_cal,30,0.0006134512848751106,0,3.763224789149241e-07,0.0006136395231018262
s33-114-17,u017,2025-06-13,regular,hazard_cal,60,0.0016680199429524034,0,2.7822905300869392e-06,0.0016694126371273486
s33-114-17,u017,2025-06-13,regular,hazard_cal,120,0.006669859702693626,0,4.4487028453616304e-05,0.006692202621761967
s33-114-20,u020,2025-06-13,variable,empirical,30,0.0028985507246376274,0,8.401596303297314e-06,0.002902759657961351
s33-114-20,u020,2025-06-13,variable,empirical,60,0.004637681159420315,0,2.1508086536442157e-05,0.004648468567984626
s33-114-20,u020,2025-06-13,variable,empirical,120,0.0197101449275362,0,0.000388489813064481,0.0199069805668798
s33-114-20,u020,2025-06-13,variable,hazard,30,0.0005961832500018804,0,3.554344675828047e-07,0.0005963610379019624
s33-114-20,u020,2025-06-13,variable,hazard,60,0.0016101691469158075,0,2.5926446816795793e-06,0.001611466862471425
s33-114-20,u020,2025-06-13,variable,hazard,120,0.006335300666366672,0,4.0136034533266e-05,0.006355453846359341
s33-114-20,u020,2025-06-13,variable,hazard_cal,30,0.0005807869462500781,0,3.373134769344911e-07,0.000580955668319425
s33-114-20,u020,2025-06-13,variable,hazard_cal,60,0.0015792535345707792,0,2.4940417264542995e-06,0.0015805018698991052
s33-114-20,u020,2025-06-13,variable,hazard_cal,120,0.006315871411290419,0,3.989023168395563e-05,0.0063359009074853085
s33-114-30,u030,2025-06-13,regular,empirical,30,0.0028985507246376274,0,8.401596303297314e-06,0.002902759657961351
s33-114-30,u030,2025-06-13,regular,empirical,60,0.004637681159420315,0,2.1508086536442157e-05,0.004648468567984626
s33-114-30,u030,2025-06-13,regular,empirical,120,0.0197101449275362,0,0.000388489813064481,0.0199069805668798
s33-114-30,u030,2025-06-13,regular,hazard,30,0.006451405095143414,0,4.1620627701642405e-05,0.006472305348153811
s33-114-30,u030,2025-06-13,regular,hazard,60,0.017325856046587873,0,0.00030018528774708556,0.017477705190784516
s33-114-30,u030,2025-06-13,regular,hazard,120,0.06640744055279946,0,0.0044099481607735936,0.0687151677853363
s33-114-30,u030,2025-06-13,regular,hazard_cal,30,0.006593546281591145,0,4.3474852567484415e-05,0.0066153797340476345
s33-114-30,u030,2025-06-13,regular,hazard_cal,60,0.017823943775464812,0,0.0003176929717109308,0.017984703372631833
s33-114-30,u030,2025-06-13,regular,hazard_cal,120,0.06933380232286668,0,0.004807176144546353,0.0718546076966923
s33-114-49,u049,2025-06-13,variable,empirical,30,0.0028985507246376274,0,8.401596303297314e-06,0.002902759657961351
s33-114-49,u049,2025-06-13,variable,empirical,60,0.004637681159420315,0,2.1508086536442157e-05,0.004648468567984626
s33-114-49,u049,2025-06-13,variable,empirical,120,0.0197101449275362,0,0.000388489813064481,0.0199069805668798
s33-114-49,u049,2025-06-13,variable,hazard,30,0.0003874453682125578,0,1.501139133493645e-07,0.0003875204445618479
s33-114-49,u049,2025-06-13,variable,hazard,60,0.0010466213260176271,0,1.0954162000748962e-06,0.0010471694165798855
s33-114-49,u049,2025-06-13,variable,hazard,120,0.0041218684357017255,0,1.698979940123419e-05,0.004130386751043736
s33-114-49,u049,2025-06-13,variable,hazard_cal,30,0.00037417426879848836,0,1.400063834308834e-07,0.0003742442894573678
s33-114-49,u049,2025-06-13,variable,hazard_cal,60,0.0010176455819076446,0,1.0356025303761486e-06,0.0010181637347332826
s33-114-49,u049,2025-06-13,variable,hazard_cal,120,0.004073759100488239,0,1.6595513208810745e-05,0.004082079461544885
s33-114-15,u015,2025-06-13,variable,empirical,30,0.0028985507246376274,0,8.401596303297314e-06,0.002902759657961351
s33-114-15,u015,2025-06-13,variable,empirical,60,0.004637681159420315,0,2.1508086536442157e-05,0.004648468567984626
s33-114-15,u015,2025-06-13,variable,empirical,120,0.0197101449275362,0,0.000388489813064481,0.0199069805668798
s33-114-15,u015,2025-06-13,variable,hazard,30,0.0003710543931473298,0,1.3768136267393318e-07,0.0003711232508624987
s33-114-15,u015,2025-06-13,variable,hazard,60,0.0010023595793847706,0,1.0047247263844143e-06,0.001002862277699018
s33-114-15,u015,2025-06-13,variable,hazard,120,0.003947845997495314,0,1.558548801993977e-05,0.0039556593121267344
s33-114-15,u015,2025-06-13,variable,hazard_cal,30,0.00035803258116051673,0,1.28187329172462e-07,0.0003580966901276256
s33-114-15,u015,2025-06-13,variable,hazard_cal,60,0.0009737602176400628,0,9.482089614584225e-07,0.0009742346301217972
s33-114-15,u015,2025-06-13,variable,hazard_cal,120,0.003898373421185042,0,1.5197315331001967e-05,0.0039059918850408537
s33-114-28,u028,2025-06-13,regular,empirical,30,0.0028985507246376274,0,8.401596303297314e-06,0.002902759657961351
s33-114-28,u028,2025-06-13,regular,empirical,60,0.004637681159420315,0,2.1508086536442157e-05,0.004648468567984626
s33-114-28,u028,2025-06-13,regular,empirical,120,0.0197101449275362,0,0.000388489813064481,0.0199069805668798
s33-114-28,u028,2025-06-13,regular,hazard,30,0.0041730026136805876,0,1.7413950813785016e-05,0.004181733887973627
s33-114-28,u028,2025-06-13,regular,hazard,60,0.011231635764317849,0,0.0001261496419423038,0.011295186888750693
s33-114-28,u028,2025-06-13,regular,hazard,120,0.04348799099749556,0,0.0018912053609982551,0.044461935029045746
s33-114-28,u028,2025-06-13,regular,hazard_cal,30,0.004227802446754025,0,1.7874313528779323e-05,0.004236764873351114
s33-114-28,u028,2025-06-13,regular,hazard_cal,60,0.01145520641152753,0,0.00013122175393070142,0.011521322690535813
s33-114-28,u028,2025-06-13,regular,hazard_cal,120,0.045046083675229,0,0.0020291496544757323,0.046092194823032215
s33-114-8,u008,2025-06-13,regular,empirical,30,0.0028985507246376274,0,8.401596303297314e-06,0.002902759657961351
s33-114-8,u008,2025-06-13,regular,empirical,60,0.004637681159420315,0,2.1508086536442157e-05,0.004648468567984626
s33-114-8,u008,2025-06-13,regular,empirical,120,0.0197101449275362,0,0.000388489813064481,0.0199069805668798
s33-114-8,u008,2025-06-13,regular,hazard,30,0.0019074357940925823,0,3.6383113085856004e-06,0.0019092572663430003
s33-114-8,u008,2025-06-13,regular,hazard,60,0.005145087415266092,0,2.6471924510729516e-05,0.005158368953558242
s33-114-8,u008,2025-06-13,regular,hazard,120,0.020124526459904257,0,0.00040499656523538657,0.020329783207547195
s33-114-8,u008,2025-06-13,regular,hazard_cal,30,0.0019022591518840226,0,3.618589880926521e-06,0.0019040707446015962
s33-114-8,u008,2025-06-13,regular,hazard_cal,60,0.005165879309892318,0,2.6686309044373536e-05,0.005179268595943828
s33-114-8,u008,2025-06-13,regular,hazard_cal,120,0.02053345190398237,0,0.0004216226470931572,0.020747194201135716
s33-114-1,u001,2025-06-13,regular,empirical,30,0.0028985507246376274,0,8.401596303297314e-06,0.002902759657961351
s33-114-1,u001,2025-06-13,regular,empirical,60,0.004637681159420315,0,2.1508086536442157e-05,0.004648468567984626
s33-114-1,u001,2025-06-13,regular,empirical,120,0.0197101449275362,0,0.000388489813064481,0.0199069805668798
s33-114-1,u001,2025-06-13,regular,hazard,30,0.0005291437677497068,0,2.799931269483557e-07,0.0005292838137183277
s33-114-1,u001,2025-06-13,regular,hazard,60,0.0014292015486004894,0,2.042617066522037e-06,0.0014302238312818405
s33-114-1,u001,2025-06-13,regular,hazard,120,0.005624973498975172,0,3.164032686417299e-05,0.005640853239149748
s33-114-1,u001,2025-06-13,regular,hazard_cal,30,0.0005142404548746926,0,2.6444324542973075e-07,0.0005143727218440355
s33-114-1,u001,2025-06-13,regular,hazard_cal,60,0.0013983937421629955,0,1.9555050581206265e-06,0.0013993724071711387
s33-114-1,u001,2025-06-13,regular,hazard_cal,120,0.005594294112656328,0,3.1296126618901256e-05,0.005610000781840959
s33-114-29,u029,2025-06-13,regular,empirical,30,0.0028985507246376274,0,8.401596303297314e-06,0.002902759657961351
s33-114-29,u029,2025-06-13,regular,empirical,60,0.004637681159420315,0,2.1508086536442157e-05,0.004648468567984626
s33-114-29,u029,2025-06-13,regular,empirical,120,0.0197101449275362,0,0.000388489813064481,0.0199069805668798
s33-114-29,u029,2025-06-13,regular,hazard,30,0.001381477619023963,0,1.908480411864118e-06,0.0013824327389824688
s33-114-29,u029,2025-06-13,regular,hazard,60,0.0037282657227668548,0,1.3899965299558259e-05,0.0037352330281181334
s33-114-29,u029,2025-06-13,regular,hazard,120,0.01461728284700603,0,0.0002136649578293767,0.01472516794125039
s33-114-29,u029,2025-06-13,regular,hazard_cal,30,0.0013687981553588413,0,1.8736083901137666e-06,0.001369735815296365
s33-114-29,u029,2025-06-13,regular,hazard_cal,60,0.0037191203274737905,0,1.3831856010228755e-05,0.0037260534508973342
s33-114-29,u029,2025-06-13,regular,hazard_cal,120,0.01481944878890018,0,0.00021961606240683502,0.014930353885644116
s33-114-37,u037,2025-06-13,variable,empirical,30,0.0028985507246376274,0,8.401596303297314e-06,0.002902759657961351
s33-114-37,u037,2025-06-13,variable,empirical,60,0.004637681159420315,0,2.1508086536442157e-05,0.004648468567984626
s33-114-37,u037,2025-06-13,variable,empirical,120,0.0197101449275362,0,0.000388489813064481,0.0199069805668798
s33-114-37,u037,2025-06-13,variable,hazard,30,0.0012346079971840007,0,1.5242569067106896e-06,0.001235370753505359
s33-114-37,u037,2025-06-13,variable,hazard,60,0.00333237272666409,0,1.1104707989414662e-05,0.0033379374465785277
s33-114-37,u037,2025-06-13,variable,hazard,120,0.013073755961226508,0,0.00017092309493370563,0.013159969758544084
s33-114-37,u037,2025-06-13,variable,hazard_cal,30,0.001220507643202251,0,1.4896389071151134e-06,0.001221253069249664
s33-114-37,u037,2025-06-13,variable,hazard_cal,60,0.003316684889017929,0,1.1000398653039871e-05,0.0033221972802957955
s33-114-37,u037,2025-06-13,variable,hazard_cal,120,0.013224976205775119,0,0.00017489999564331804,0.01331320494900484
s33-114-45,u045,2025-06-13,variable,empirical,30,0.0028985507246376274,0,8.401596303297314e-06,0.002902759657961351
s33-114-45,u045,2025-06-13,variable,empirical,60,0.004637681159420315,0,2.1508086536442157e-05,0.004648468567984626
s33-114-45,u045,2025-06-13,variable,empirical,120,0.0197101449275362,0,0.000388489813064481,0.0199069805668798
s33-114-45,u045,2025-06-13,variable,hazard,30,0.000632760727538817,0,4.0038613831545293e-07,0.0006329610050976137
s33-114-45,u045,2025-06-13,variable,hazard,60,0.0017088971918505225,0,2.9203296123146012e-06,0.001710359022306038
s33-114-45,u045,2025-06-13,variable,hazard,120,0.00672264305580017,0,4.5193929655698254e-05,0.0067453418082316224
s33-114-45,u045,2025-06-13,variable,hazard_cal,30,0.00061716030938197,0,3.808868474764489e-07,0.0006173508311980763
s33-114-45,u045,2025-06-13,variable,hazard_cal,60,0.001678098980227527,0,2.816016187440666e-06,0.0016795085654910302
s33-114-45,u045,2025-06-13,variable,hazard_cal,120,0.006710046719075824,0,4.502472697218023e-05,0.006732660298111447
s33-114-5,u005,2025-06-13,variable,empirical,30,0.0028985507246376274,0,8.401596303297314e-06,0.002902759657961351
s33-114-5,u005,2025-06-13,variable,empirical,60,0.004637681159420315,0,2.1508086536442157e-05,0.004648468567984626
s33-114-5,u005,2025-06-13,variable,empirical,120,0.0197101449275362,0,0.000388489813064481,0.0199069805668798
s33-114-5,u005,2025-06-13,variable,hazard,30,0.00035330451574122623,0,1.2482408084314237e-07,0.00035336694248584797
s33-114-5,u005,2025-06-13,variable,hazard,60,0.0009544267119928618,0,9.109303485655051e-07,0.0009548824671801707
s33-114-5,u005,2025-06-13,variable,hazard,120,0.0037593608886397067,0,1.4132794291033926e-05,0.0037664450459612086
s33-114-5,u005,2025-06-13,variable,hazard_cal,30,0.00034056889227385145,0,1.1598717038463823e-07,0.0003406268990296153
s33-114-5,u005,2025-06-13,variable,hazard_cal,60,0.0009262790917398123,0,8.579929557943316e-07,0.0009267083533155291
s33-114-5,u005,2025-06-13,variable,hazard_cal,120,0.003708587765612892,0,1.3753623215253621e-05,0.003715481626824726
s33-114-54,u054,2025-06-13,new,empirical,30,0.0028985507246376274,0,8.401596303297314e-06,0.002902759657961351
s33-114-54,u054,2025-06-13,new,empirical,60,0.004637681159420315,0,2.1508086536442157e-05,0.004648468567984626
s33-114-54,u054,2025-06-13,new,empirical,120,0.0197101449275362,0,0.000388489813064481,0.0199069805668798
s33-114-54,u054,2025-06-13,new,hazard,30,0.0015624521558631477,0,2.4412567393613977e-06,0.0015636740571735785
s33-114-54,u054,2025-06-13,new,hazard,60,0.004215935655356606,0,1.7774113450107137e-05,0.004224847769501635
s33-114-54,u054,2025-06-13,new,hazard,120,0.016515824779163024,0,0.00027277246813601537,0.01665373155106789
s33-114-54,u054,2025-06-13,new,hazard_cal,30,0.0015519583424151717,0,2.4085746965920475e-06,0.00155316387721811
s33-114-54,u054,2025-06-13,new,hazard_cal,60,0.004216025209309637,0,1.7774868565534372e-05,0.004224937702610894
s33-114-54,u054,2025-06-13,new,hazard_cal,120,0.016785181777549396,0,0.0002817423273053763,0.016927649421538713
s33-114-6,u006,2025-06-13,variable,empirical,30,0.0028985507246376274,0,8.401596303297314e-06,0.002902759657961351
s33-114-6,u006,2025-06-13,variable,empirical,60,0.004637681159420315,0,2.1508086536442157e-05,0.004648468567984626
s33-114-6,u006,2025-06-13,variable,empirical,120,0.0197101449275362,0,0.000388489813064481,0.0199069805668798
s33-114-6,u006,2025-06-13,variable,hazard,30,0.0037786905211155686,0,1.4278502054368647e-05,0.003785847807946344
s33-114-6,u006,2025-06-13,variable,hazard,60,0.010174211580184389,0,0.00010351458127835813,0.010226322631381596
s33-114-6,u006,2025-06-13,variable,hazard,120,0.039463181826985716,0,0.0015573427199097357,0.04026296520937193
s33-114-6,u006,2025-06-13,variable,hazard_cal,30,0.0038206772488774687,0,1.4597574640089903e-05,0.003827994680506931
s33-114-6,u006,2025-06-13,variable,hazard_cal,60,0.010356220004277605,0,0.00010725129277699965,0.010410218789736615
s33-114-6,u006,2025-06-13,variable,hazard_cal,120,0.04080088836587803,0,0.0016647124914448413,0.04165660142217849
s33-114-18,u018,2025-06-13,variable,empirical,30,0.0028985507246376274,0,8.401596303297314e-06,0.002902759657961351
s33-114-18,u018,2025-06-13,variable,empirical,60,0.004637681159420315,0,2.1508086536442157e-05,0.004648468567984626
s33-114-18,u018,2025-06-13,variable,empirical,120,0.0197101449275362,0,0.000388489813064481,0.0199069805668798
s33-114-18,u018,2025-06-13,variable,hazard,30,0.0001770360174694341,0,3.134175148143777e-08,0.00017705169019496003
s33-114-18,u018,2025-06-13,variable,hazard,60,0.0004783313130721778,0,2.2880084506535379e-07,0.0004784457499886725
s33-114-18,u018,2025-06-13,variable,hazard,120,0.0018855831194691808,0,3.555423700427127e-06,0.0018873630691667324
s33-114-18,u018,2025-06-13,variable,hazard_cal,30,0.000168293762509375,0,2.8322790499561915e-08,0.00016830792549367502
s33-114-18,u018,2025-06-13,variable,hazard_cal,60,0.00045780229276681794,0,2.0958293926255527e-07,0.0004579071162299512
s33-114-18,u018,2025-06-13,variable,hazard_cal,120,0.0018343951305789252,0,3.365005495091672e-06,0.0018360796937446787
s33-114-25,u025,2025-06-13,variable,empirical,30,0.0028985507246376274,0,8.401596303297314e-06,0.002902759657961351
s33-114-25,u025,2025-06-13,variable,empirical,60,0.004637681159420315,0,2.1508086536442157e-05,0.004648468567984626
s33-114-25,u025,2025-06-13,variable,empirical,120,0.0197101449275362,0,0.000388489813064481,0.0199069805668798
s33-114-25,u025,2025-06-13,variable,hazard,30,0.00026430015065825874,0,6.985456963797826e-08,0.000264335084098489
s33-114-25,u025,2025-06-13,variable,hazard,60,0.0007140490801252897,0,5.098660888277724e-07,0.0007143041345912021
s33-114-25,u025,2025-06-13,variable,hazard,120,0.002813674793127996,0,7.916765841483871e-06,0.0028176406168210493
s33-114-25,u025,2025-06-13,variable,hazard_cal,30,0.0002532864962303538,0,6.415404917264904e-08,0.00025331857867242073
s33-114-25,u025,2025-06-13,variable,hazard_cal,60,0.0006889471942331804,0,4.746482364417716e-07,0.0006891846274102787
s33-114-25,u025,2025-06-13,variable,hazard_cal,120,0.002759491378676149,0,7.614792668987992e-06,0.0027633057938572254
s33-114-10,u010,2025-06-13,regular,empirical,30,0.0028985507246376274,0,8.401596303297314e-06,0.002902759657961351
s33-114-10,u010,2025-06-13,regular,empirical,60,0.004637681159420315,0,2.1508086536442157e-05,0.004648468567984626
s33-114-10,u010,2025-06-13,regular,empirical,120,0.0197101449275362,0,0.000388489813064481,0.0199069805668798
s33-114-10,u010,2025-06-13,regular,hazard,30,0.0004877059469116096,0,2.378570906529498e-07,0.0004878249141391915
s33-114-10,u010,2025-06-13,regular,hazard,60,0.0013173318418857605,0,1.7353631816461302e-06,0.0013182002862466412
s33-114-10,u010,2025-06-13,regular,hazard,120,0.005185651716332229,0,2.6890983723099393e-05,0.005199143872153559
s33-114-10,u010,2025-06-13,regular,hazard_cal,30,0.00047319109312504715,0,2.2390981061287704e-07,0.00047330308336026824
s33-114-10,u010,2025-06-13,regular,hazard_cal,60,0.0012868182229318625,0,1.6559011388695166e-06,0.0012876468844687594
s33-114-10,u010,2025-06-13,regular,hazard_cal,120,0.005148917628984284,0,2.6511352750065144e-05,0.005162218983389692
s33-114-27,u027,2025-06-13,regular,empirical,30,0.0028985507246376274,0,8.401596303297314e-06,0.002902759657961351
s33-114-27,u027,2025-06-13,regular,empirical,60,0.004637681159420315,0,2.1508086536442157e-05,0.004648468567984626
s33-114-27,u027,2025-06-13,regular,empirical,120,0.0197101449275362,0,0.000388489813064481,0.0199069805668798
s33-114-27,u027,2025-06-13,regular,hazard,30,0.000777974800807657,0,6.052447906917136e-07,0.0007782775802497053
s33-114-27,u027,2025-06-13,regular,hazard,60,0.0021007828507249027,0,4.413288585899849e-06,0.002102992590348988
s33-114-27,u027,2025-06-13,regular,hazard,120,0.008258877816093468,0,6.820906278116081e-05,0.008293171295113044
s33-114-27,u027,2025-06-13,regular,hazard_cal,30,0.0007619616566486576,0,5.805855662027667e-07,0.0007622520969773935
s33-114-27,u027,2025-06-13,regular,hazard_cal,60,0.002071530317833248,0,4.291237857702317e-06,0.0020736789045165296
s33-114-27,u027,2025-06-13,regular,hazard_cal,120,0.008277647561796941,0,6.851944915732285e-05,0.008312097527881318
s33-114-47,u047,2025-06-13,regular,empirical,30,0.0028985507246376274,0,8.401596303297314e-06,0.002902759657961351
s33-114-47,u047,2025-06-13,regular,empirical,60,0.004637681159420315,0,2.1508086536442157e-05,0.004648468567984626
s33-114-47,u047,2025-06-13,regular,empirical,120,0.0197101449275362,0,0.000388489813064481,0.0199069805668798
s33-114-47,u047,2025-06-13,regular,hazard,30,0.0009330483172736992,0,8.705791623672816e-07,0.0009334838778086422
s33-114-47,u047,2025-06-13,regular,hazard,60,0.002519154790598943,0,6.346140858997605e-06,0.0025223332000875336
s33-114-47,u047,2025-06-13,regular,hazard,120,0.0098967207756252,0,9.794508211069147e-05,0.009946018845846253
s33-114-47,u047,2025-06-13,regular,hazard_cal,30,0.0009171985094034163,0,8.412531056518487e-07,0.000917619393331997
s33-114-47,u047,2025-06-13,regular,hazard_cal,60,0.0024931917531305636,0,6.216005117878253e-06,0.002496304931266055
s33-114-47,u047,2025-06-13,regular,hazard_cal,120,0.00995538480167002,0,9.910968654932241e-05,0.010005271012037693
s33-114-43,u043,2025-06-13,variable,empirical,30,0.0028985507246376274,0,8.401596303297314e-06,0.002902759657961351
s33-114-43,u043,2025-06-13,variable,empirical,60,0.004637681159420315,0,2.1508086536442157e-05,0.004648468567984626
s33-114-43,u043,2025-06-13,variable,empirical,120,0.0197101449275362,0,0.000388489813064481,0.0199069805668798
s33-114-43,u043,2025-06-13,variable,hazard,30,0.0009679032188838477,0,9.368366411257136e-07,0.0009683719396797297
s33-114-43,u043,2025-06-13,variable,hazard,60,0.002613172406271125,0,6.828670024896821e-06,0.0026165927011297077
s33-114-43,u043,2025-06-13,variable,hazard,120,0.010264465711868898,0,0.00010535925635013228,0.010317508623663546
s33-114-43,u043,2025-06-13,variable,hazard_cal,30,0.0009521651592213631,0,9.066184904350438e-07,0.0009526187564224064
s33-114-43,u043,2025-06-13,variable,hazard_cal,60,0.002588152118228604,0,6.6985313870912084e-06,0.002591507174102406
s33-114-43,u043,2025-06-13,variable,hazard_cal,120,0.010332885671752834,0,0.00010676852630551502,0.010386640550873011
s33-114-32,u032,2025-06-13,regular,empirical,30,0.0028985507246376274,0,8.401596303297314e-06,0.002902759657961351
s33-114-32,u032,2025-06-13,regular,empirical,60,0.004637681159420315,0,2.1508086536442157e-05,0.004648468567984626
s33-114-32,u032,2025-06-13,regular,empirical,120,0.0197101449275362,0,0.000388489813064481,0.0199069805668798
s33-114-32,u032,2025-06-13,regular,hazard,30,0.010031130970187374,0,0.0001006235885410523,0.010081781772350857
s33-114-32,u032,2025-06-13,regular,hazard,60,0.0268467193996913,0,0.0007207463425257611,0.027213675184495762
s33-114-32,u032,2025-06-13,regular,hazard,120,0.10128573255747453,0,0.010258799619704256,0.10679012879842104
s33-114-32,u032,2025-06-13,regular,hazard_cal,30,0.010342956136750736,0,0.00010697674164674971,0.010396816211040966
s33-114-32,u032,2025-06-13,regular,hazard_cal,60,0.027857286952384763,0,0.0007760284363475064,0.02825266117624366
s33-114-32,u032,2025-06-13,regular,hazard_cal,120,0.10653071992404617,0,0.011348794287535567,0.11264332653392208
s33-114-42,u042,2025-06-13,variable,empirical,30,0.0028985507246376274,0,8.401596303297314e-06,0.002902759657961351
s33-114-42,u042,2025-06-13,variable,empirical,60,0.004637681159420315,0,2.1508086536442157e-05,0.004648468567984626
s33-114-42,u042,2025-06-13,variable,empirical,120,0.0197101449275362,0,0.000388489813064481,0.0199069805668798
s33-114-42,u042,2025-06-13,variable,hazard,30,0.0012676095613654015,0,1.6068340000649855e-06,0.0012684136579576154
s33-114-42,u042,2025-06-13,variable,hazard,60,0.0034213395456949014,0,1.1705564286935794e-05,0.0034272057117574546
s33-114-42,u042,2025-06-13,variable,hazard,120,0.013420802299122014,0,0.00018011793435211874,0.013511675240710843
s33-114-42,u042,2025-06-13,variable,hazard_cal,30,0.0012537989398541116,0,1.572011781579294e-06,0.0012545856033588953
s33-114-42,u042,2025-06-13,variable,hazard_cal,60,0.0034070420059040263,0,1.1607935229994531e-05,0.0034128591902047845
s33-114-42,u042,2025-06-13,variable,hazard_cal,120,0.013583167891677794,0,0.00018450244997350658,0.013676263096407654
s33-115-45,u045,2025-06-16,variable,empirical,30,0.0028985507246376274,0,8.401596303297314e-06,0.002902759657961351
s33-115-45,u045,2025-06-16,variable,empirical,60,0.004637681159420315,0,2.1508086536442157e-05,0.004648468567984626
s33-115-45,u045,2025-06-16,variable,empirical,120,0.0197101449275362,0,0.000388489813064481,0.0199069805668798
s33-115-45,u045,2025-06-16,variable,hazard,30,0.0010152808120261758,0,1.030795127268531e-06,0.0010157965587044987
s33-115-45,u045,2025-06-16,variable,hazard,60,0.0027409585976736484,0,7.5128540341610926e-06,0.0027447219029731046
s33-115-45,u045,2025-06-16,variable,hazard,120,0.010764109233421193,0,0.00011586604758902338,0.010822461374211684
s33-115-45,u045,2025-06-16,variable,hazard_cal,30,0.0009997352081487776,0,9.994704864122797e-07,0.0010002352767105305
s33-115-45,u045,2025-06-16,variable,hazard_cal,60,0.0027173296342442033,0,7.383880341141735e-06,0.0027210282762205164
s33-115-45,u045,2025-06-16,variable,hazard_cal,120,0.010846214560582434,0,0.00011764037029419042,0.010905463553404042
s33-115-36,u036,2025-06-16,regular,empirical,30,0.0028985507246376274,0,8.401596303297314e-06,0.002902759657961351
s33-115-36,u036,2025-06-16,regular,empirical,60,0.004637681159420315,0,2.1508086536442157e-05,0.004648468567984626
s33-115-36,u036,2025-06-16,regular,empirical,120,0.0197101449275362,0,0.000388489813064481,0.0199069805668798
s33-115-36,u036,2025-06-16,regular,hazard,30,0.004185850040409944,0,1.7521340560799932e-05,0.0041946352349322945
s33-115-36,u036,2025-06-16,regular,hazard,60,0.011266075076067694,0,0.0001269244476195937,0.011330018010759621
s33-115-36,u036,2025-06-16,regular,hazard,120,0.043618835174920934,0,0.0019026027820169197,0.04459873741761575
s33-115-36,u036,2025-06-16,regular,hazard_cal,30,0.004241080715898238,0,1.798676563876391e-05,0.00425009960764891
s33-115-36,u036,2025-06-16,regular,hazard_cal,60,0.011491034786098031,0,0.00013204388045531503,0.011557566899288262
s33-115-36,u036,2025-06-16,regular,hazard_cal,120,0.045184212681954605,0,0.0020416130756881075,0.046236849968312815
s33-115-42,u042,2025-06-16,variable,empirical,30,0.0028985507246376274,0,8.401596303297314e-06,0.002902759657961351
s33-115-42,u042,2025-06-16,variable,empirical,60,0.004637681159420315,0,2.1508086536442157e-05,0.004648468567984626
s33-115-42,u042,2025-06-16,variable,empirical,120,0.0197101449275362,0,0.000388489813064481,0.0199069805668798
s33-115-42,u042,2025-06-16,variable,hazard,30,0.0010940243283611428,0,1.1968892310460497e-06,0.001094623209810428
s33-115-42,u042,2025-06-16,variable,hazard,60,0.0029533186946051337,0,8.722091311904171e-06,0.0029576883456966263
s33-115-42,u042,2025-06-16,variable,hazard,120,0.01159396407455715,0,0.00013442000296212184,0.011661698122424114
s33-115-42,u042,2025-06-16,variable,hazard_cal,30,0.0010788967060556542,0,1.1640181023377408e-06,0.0010794791340642824
s33-115-42,u042,2025-06-16,variable,hazard_cal,60,0.0029322678110020872,0,8.598194515438973e-06,0.002936575330855176
s33-115-42,u042,2025-06-16,variable,hazard_cal,120,0.011699837808554103,0,0.00013688620474647207,0.011768819488461268
s33-115-8,u008,2025-06-16,regular,empirical,30,0.0028985507246376274,0,8.401596303297314e-06,0.002902759657961351
s33-115-8,u008,2025-06-16,regular,empirical,60,0.004637681159420315,0,2.1508086536442157e-05,0.004648468567984626
s33-115-8,u008,2025-06-16,regular,empirical,120,0.0197101449275362,0,0.000388489813064481,0.0199069805668798
s33-115-8,u008,2025-06-16,regular,hazard,30,0.0021172038161576534,0,4.4825519991525304e-06,0.002119448260681137
s33-115-8,u008,2025-06-16,regular,hazard,60,0.005709757763061707,0,3.2601333712843426e-05,0.005726120745422143
s33-115-8,u008,2025-06-16,regular,hazard,120,0.022312151664121815,0,0.0004978321118827739,0.022564833374713104
s33-115-8,u008,2025-06-16,regular,hazard_cal,30,0.002115902247950774,0,4.477042322883138e-06,0.0021181439317929946
s33-115-8,u008,2025-06-16,regular,hazard_cal,60,0.0057448615164059635,0,3.300343384268223e-05,0.005761426706943809
s33-115-8,u008,2025-06-16,regular,hazard_cal,120,0.022812220548161122,0,0.0005203974063379445,0.023076445354358932
s33-115-0,u000,2025-06-16,regular,empirical,30,0.0028985507246376274,0,8.401596303297314e-06,0.002902759657961351
s33-115-0,u000,2025-06-16,regular,empirical,60,0.004637681159420315,0,2.1508086536442157e-05,0.004648468567984626
s33-115-0,u000,2025-06-16,regular,empirical,120,0.0197101449275362,0,0.000388489813064481,0.0199069805668798
s33-115-0,u000,2025-06-16,regular,hazard,30,0.004043365594094239,0,1.634880532750506e-05,0.0040515620985280484
s33-115-0,u000,2025-06-16,regular,hazard,60,0.010884077889073529,0,0.00011846315149541928,0.010943742791418158
s33-115-0,u000,2025-06-16,regular,hazard,120,0.042166678414033765,0,0.001778028768472541,0.04308150196697167
s33-115-0,u000,2025-06-16,regular,hazard_cal,30,0.004093864188811525,0,1.6759723996433443e-05,0.00410226699194056
s33-115-0,u000,2025-06-16,regular,hazard_cal,60,0.011093752555776715,0,0.00012307134576880239,0.011155747156905805
s33-115-0,u000,2025-06-16,regular,hazard_cal,120,0.043651619590652,0,0.0019054638928869938,0.044633017659499355
s33-115-32,u032,2025-06-16,regular,empirical,30,0.0028985507246376274,0,8.401596303297314e-06,0.002902759657961351
s33-115-32,u032,2025-06-16,regular,empirical,60,0.004637681159420315,0,2.1508086536442157e-05,0.004648468567984626
s33-115-32,u032,2025-06-16,regular,empirical,120,0.0197101449275362,0,0.000388489813064481,0.0199069805668798
s33-115-32,u032,2025-06-16,regular,hazard,30,0.0058858116532541915,0,3.464277881758284e-05,0.005903201311070305
s33-115-32,u032,2025-06-16,regular,hazard,60,0.015815523574522428,0,0.00025013078593627466,0.0159419234591687
s33-115-32,u032,2025-06-16,regular,hazard,120,0.060771002374073624,0,0.003693114729549662,0.06269595557026478
s33-115-32,u032,2025-06-16,regular,hazard_cal,30,0.006004435828761645,0,3.605324962171654e-05,0.006022534939908438
s33-115-32,u032,2025-06-16,regular,hazard_cal,60,0.016240778656004817,0,0.00026376289135334163,0.0163741056283878
s33-115-32,u032,2025-06-16,regular,hazard_cal,120,0.06334592963256303,0,0.0040127068010136265,0.06544125341917559
s33-115-39,u039,2025-06-16,variable,empirical,30,0.0028985507246376274,0,8.401596303297314e-06,0.002902759657961351
s33-115-39,u039,2025-06-16,variable,empirical,60,0.004637681159420315,0,2.1508086536442157e-05,0.004648468567984626
s33-115-39,u039,2025-06-16,variable,empirical,120,0.0197101449275362,0,0.000388489813064481,0.0199069805668798
s33-115-39,u039,2025-06-16,variable,hazard,30,0.001773356045926655,0,3.144791665624621e-06,0.0017749303031805133
s33-115-39,u039,2025-06-16,variable,hazard,60,0.004784041058007227,0,2.2887048844698905e-05,0.00479552121141415
s33-115-39,u039,2025-06-16,variable,hazard,120,0.01872360405130602,0,0.0003505733486700832,0.018901109917447034
s33-115-39,u039,2025-06-16,variable,hazard_cal,30,0.0017659471554524186,0,3.118569355850489e-06,0.0017675082783080468
s33-115-39,u039,2025-06-16,variable,hazard_cal,60,0.004796341400824189,0,2.3004890833260144e-05,0.004807880758826884
s33-115-39,u039,2025-06-16,variable,hazard_cal,120,0.0190766497177296,0,0.00036391856445295277,0.019260956738252476
s33-115-49,u049,2025-06-16,variable,empirical,30,0.0028985507246376274,0,8.401596303297314e-06,0.002902759657961351
s33-115-49,u049,2025-06-16,variable,empirical,60,0.004637681159420315,0,2.1508086536442157e-05,0.004648468567984626
s33-115-49,u049,2025-06-16,variable,empirical,120,0.0197101449275362,0,0.000388489813064481,0.0199069805668798
s33-115-49,u049,2025-06-16,variable,hazard,30,0.00024085942818707906,0,5.8013264146606695e-08,0.00024088843947767444
s33-115-49,u049,2025-06-16,variable,hazard,60,0.0006507349253996875,0,4.234559431349368e-07,0.0006509467452686309
s33-115-49,u049,2025-06-16,variable,hazard,120,0.0025644597723799567,0,6.576453924155059e-06,0.002567753631860545
s33-115-49,u049,2025-06-16,variable,hazard_cal,30,0.0002303908335677951,0,5.3079936192063466e-08,0.00023041737761297256
s33-115-49,u049,2025-06-16,variable,hazard_cal,60,0.000626684286298751,0,3.927331946937748e-07,0.0006268807349745842
s33-115-49,u049,2025-06-16,variable,hazard_cal,120,0.0025103726362981638,0,6.301970773074593e-06,0.0025135289050650525
s33-115-56,u056,2025-06-16,new,empirical,30,0.0028985507246376274,0,8.401596303297314e-06,0.002902759657961351
s33-115-56,u056,2025-06-16,new,empirical,60,0.004637681159420315,0,2.1508086536442157e-05,0.004648468567984626
s33-115-56,u056,2025-06-16,new,empirical,120,0.0197101449275362,0,0.000388489813064481,0.0199069805668798
s33-115-56,u056,2025-06-16,new,hazard,30,0.0005297041245477807,0,2.8058645956293076e-07,0.0005298444673398543
s33-115-56,u056,2025-06-16,new,hazard,60,0.001430714282890433,0,2.0469433592666855e-06,0.0014317387318157943
s33-115-56,u056,2025-06-16,new,hazard,120,0.005630913008150551,0,3.1707181305359086e-05,0.0056468263647369964
s33-115-56,u056,2025-06-16,new,hazard_cal,30,0.0005147960148674802,0,2.6501493692343884e-07,0.0005149285678297185
s33-115-56,u056,2025-06-16,new,hazard_cal,60,0.0013999037382519397,0,1.959730476371755e-06,0.0014008845189293446
s33-115-56,u056,2025-06-16,new,hazard_cal,120,0.005600320403186032,0,3.136358861834176e-05,0.005616060993235907
s33-115-23,u023,2025-06-16,variable,empirical,30,0.0028985507246376274,0,8.401596303297314e-06,0.002902759657961351
s33-115-23,u023,2025-06-16,variable,empirical,60,0.004637681159420315,1,0.9907461457676958,5.373540787785619
s33-115-23,u023,2025-06-16,variable,empirical,120,0.0197101449275362,1,0.9609681999579921,3.9266218048493005
s33-115-23,u023,2025-06-16,variable,hazard,30,0.000721980019588897,0,5.212551486855842e-07,0.0007222407726764732
s33-115-23,u023,2025-06-16,variable,hazard,60,0.0019496841069492898,1,0.9961044330542184,6.240087915965583
s33-115-23,u023,2025-06-16,variable,hazard,120,0.007666792667792799,1,0.9847251943742253,4.870856916926654
s33-115-23,u023,2025-06-16,variable,hazard_cal,30,0.0007060552378711504,0,4.985139989252869e-07,0.0007063046122589172
s33-115-23,u023,2025-06-16,variable,hazard_cal,60,0.0019196434221464553,1,0.9961643981865753,6.255615827822156
s33-115-23,u023,2025-06-16,variable,hazard_cal,120,0.007672714800585956,1,0.9847134409512392,4.8700847756959655
s33-115-9,u009,2025-06-16,regular,empirical,30,0.0028985507246376274,0,8.401596303297314e-06,0.002902759657961351
s33-115-9,u009,2025-06-16,regular,empirical,60,0.004637681159420315,0,2.1508086536442157e-05,0.004648468567984626
s33-115-9,u009,2025-06-16,regular,empirical,120,0.0197101449275362,0,0.000388489813064481,0.0199069805668798
s33-115-9,u009,2025-06-16,regular,hazard,30,0.0049927140104999435,0,2.492719319064243e-05,0.005005219247841785
s33-115-9,u009,2025-06-16,regular,hazard,60,0.013427273806042805,0,0.00018029168186244326,0.013518234803451495
s33-115-9,u009,2025-06-16,regular,hazard,120,0.0517996095915495,0,0.002683199553836947,0.05318941677780806
s33-115-9,u009,2025-06-16,regular,hazard_cal,30,0.005076542316971078,0,2.577128189599808e-05,0.005089471734303713
s33-115-9,u009,2025-06-16,regular,hazard_cal,60,0.013743465024259605,0,0.00018888283087304707,0.013838780759604546
s33-115-9,u009,2025-06-16,regular,hazard_cal,120,0.05383391035395391,0,0.0028980899039975456,0.0553371548905807
s33-115-24,u024,2025-06-16,regular,empirical,30,0.0028985507246376274,0,8.401596303297314e-06,0.002902759657961351
s33-115-24,u024,2025-06-16,regular,empirical,60,0.004637681159420315,0,2.1508086536442157e-05,0.004648468567984626
s33-115-24,u024,2025-06-16,regular,empirical,120,0.0197101449275362,0,0.000388489813064481,0.0199069805668798
s33-115-24,u024,2025-06-16,regular,hazard,30,0.0018133758047726989,0,3.2883318093350333e-06,0.0018150219610450226
s33-115-24,u024,2025-06-16,regular,hazard,60,0.004891814973280062,0,2.3929853732807015e-05,0.004903819064007414
s33-115-24,u024,2025-06-16,regular,hazard,120,0.019141962862314954,0,0.0003664147422222449,0.019327542286497874
s33-115-24,u024,2025-06-16,regular,hazard_cal,30,0.0018066121526362222,0,3.2638474700528845e-06,0.0018082460445404465
s33-115-24,u024,2025-06-16,regular,hazard_cal,60,0.004906593347584587,0,2.4074658278561323e-05,0.004918670197044976
s33-115-24,u024,2025-06-16,regular,hazard_cal,120,0.019511481185251922,0,0.0003806978980424398,0.019704342935202717
s33-115-38,u038,2025-06-16,regular,empirical,30,0.0028985507246376274,0,8.401596303297314e-06,0.002902759657961351
s33-115-38,u038,2025-06-16,regular,empirical,60,0.004637681159420315,0,2.1508086536442157e-05,0.004648468567984626
s33-115-38,u038,2025-06-16,regular,empirical,120,0.0197101449275362,0,0.000388489813064481,0.0199069805668798
s33-115-38,u038,2025-06-16,regular,hazard,30,0.00136531238901072,0,1.8640779195861594e-06,0.0013662452771897188
s33-115-38,u038,2025-06-16,regular,hazard,60,0.0036846971856679955,0,1.3576993350069647e-05,0.003691502404266042
s33-115-38,u038,2025-06-16,regular,hazard,120,0.014447515847945569,0,0.00020873071417663836,0.014552897438021363
s33-115-38,u038,2025-06-16,regular,hazard_cal,30,0.0013524603247256906,0,1.8291489299571203e-06,0.00135337572464514
s33-115-38,u038,2025-06-16,regular,hazard_cal,60,0.0036747879276091133,0,1.3504066312901682e-05,0.0036815565480165743
s33-115-38,u038,2025-06-16,regular,hazard_cal,120,0.014643909052134196,0,0.00021444407232717785,0.014752189487708334
s33-115-41,u041,2025-06-16,regular,empirical,30,0.0028985507246376274,0,8.401596303297314e-06,0.002902759657961351
s33-115-41,u041,2025-06-16,regular,empirical,60,0.004637681159420315,0,2.1508086536442157e-05,0.004648468567984626
s33-115-41,u041,2025-06-16,regular,empirical,120,0.0197101449275362,0,0.000388489813064481,0.0199069805668798
s33-115-41,u041,2025-06-16,regular,hazard,30,0.001169278542576424,0,1.3672123101296462e-06,0.0011699626820832496
s33-115-41,u041,2025-06-16,regular,hazard,60,0.003156238499291253,0,9.961841464408301e-06,0.0031612299255450223
s33-115-41,u041,2025-06-16,regular,hazard,120,0.012386377674574622,0,0.00015342235189720062,0.012463728243112005
s33-115-41,u041,2025-06-16,regular,hazard_cal,30,0.0011546579860350903,0,1.3332350647146107e-06,0.0011553251171557424
s33-115-41,u041,2025-06-16,regular,hazard_cal,60,0.003137942629177437,0,9.846683944009006e-06,0.0031428762948928477
s33-115-41,u041,2025-06-16,regular,hazard_cal,120,0.012516083177778192,0,0.00015665233811306225,0.012595069101797902
s33-115-44,u044,2025-06-16,variable,empirical,30,0.0028985507246376274,0,8.401596303297314e-06,0.002902759657961351
s33-115-44,u044,2025-06-16,variable,empirical,60,0.004637681159420315,0,2.1508086536442157e-05,0.004648468567984626
s33-115-44,u044,2025-06-16,variable,empirical,120,0.0197101449275362,0,0.000388489813064481,0.0199069805668798
s33-115-44,u044,2025-06-16,variable,hazard,30,0.0003324582591152092,0,1.105284940539156e-07,0.00033251353561399466
s33-115-44,u044,2025-06-16,variable,hazard,60,0.0008981300959504113,0,8.06637669251895e-07,0.0008985336564363426
s33-115-44,u044,2025-06-16,variable,hazard,120,0.003537948664216195,0,1.2517080750629159e-05,0.0035442220054684023
s33-115-44,u044,2025-06-16,variable,hazard_cal,30,0.0003200814034056698,0,1.0245210480614314e-07,0.00032013264039170217
s33-115-44,u044,2025-06-16,variable,hazard_cal,60,0.0008705746468528064,0,7.579002157428886e-07,0.0008709538170406187
s33-115-44,u044,2025-06-16,variable,hazard_cal,120,0.0034858935330425167,0,1.2151453723707639e-05,0.0034919834164800555
s33-115-57,u057,2025-06-16,new,empirical,30,0.0028985507246376274,0,8.401596303297314e-06,0.002902759657961351
s33-115-57,u057,2025-06-16,new,empirical,60,0.004637681159420315,0,2.1508086536442157e-05,0.004648468567984626
s33-115-57,u057,2025-06-16,new,empirical,120,0.0197101449275362,0,0.000388489813064481,0.0199069805668798
s33-115-57,u057,2025-06-16,new,hazard,30,0.0006543023421891059,0,4.281115549941498e-07,0.0006545164913839112
s33-115-57,u057,2025-06-16,new,hazard,60,0.0017670379514233003,0,3.122423121770254e-06,0.0017686010045717365
s33-115-57,u057,2025-06-16,new,hazard,120,0.006950688432133867,0,4.8312069680599555e-05,0.006974956987799706
s33-115-57,u057,2025-06-16,new,hazard_cal,30,0.0006386017265970212,0,4.078121652126966e-07,0.0006388057195310774
s33-115-57,u057,2025-06-16,new,hazard_cal,60,0.0017363632310614108,0,3.014957270182022e-06,0.0017378724569924707
s33-115-57,u057,2025-06-16,new,hazard_cal,120,0.006942330044859557,0,4.81959464517597e-05,0.006966540132764082
s33-115-58,u058,2025-06-16,new,empirical,30,0.0028985507246376274,0,8.401596303297314e-06,0.002902759657961351
s33-115-58,u058,2025-06-16,new,empirical,60,0.004637681159420315,0,2.1508086536442157e-05,0.004648468567984626
s33-115-58,u058,2025-06-16,new,empirical,120,0.0197101449275362,0,0.000388489813064481,0.0199069805668798
s33-115-58,u058,2025-06-16,new,hazard,30,0.0011839997354167187,0,1.4018553734668599e-06,0.0011847012168606813
s33-115-58,u058,2025-06-16,new,hazard,60,0.003195930128486957,0,1.0213969386170656e-05,0.0032010480203723602
s33-115-58,u058,2025-06-16,new,hazard,120,0.012541312881576672,0,0.00015728452879360097,0.01262061891144757
s33-115-58,u058,2025-06-16,new,hazard_cal,30,0.0011694900725169877,0,1.367707029715789e-06,0.0011701744596732035
s33-115-58,u058,2025-06-16,new,hazard_cal,60,0.00317820484055209,0,1.0100986008508738e-05,0.0031832660601297264
s33-115-58,u058,2025-06-16,new,hazard_cal,120,0.012675801287362565,0,0.00016067593827670244,0.012756824675593855
s33-115-6,u006,2025-06-16,variable,empirical,30,0.0028985507246376274,0,8.401596303297314e-06,0.002902759657961351
s33-115-6,u006,2025-06-16,variable,empirical,60,0.004637681159420315,0,2.1508086536442157e-05,0.004648468567984626
s33-115-6,u006,2025-06-16,variable,empirical,120,0.0197101449275362,0,0.000388489813064481,0.0199069805668798
s33-115-6,u006,2025-06-16,variable,hazard,30,0.0015839301328145483,0,2.5088346656379127e-06,0.0015851858763292017
s33-115-6,u006,2025-06-16,variable,hazard,60,0.00427380080243045,0,1.8265373298855154e-05,0.0042829595936277175
s33-115-6,u006,2025-06-16,variable,hazard,120,0.016740893258457956,0,0.00028025750709108306,0.016882605835110545
s33-115-6,u006,2025-06-16,variable,hazard_cal,30,0.0015737251212907255,0,2.476610757381509e-06,0.0015749647273729378
s33-115-6,u006,2025-06-16,variable,hazard_cal,60,0.004275065620182983,0,1.8276186056870512e-05,0.0042842298409676675
s33-115-6,u006,2025-06-16,variable,hazard_cal,120,0.01701852038861118,0,0.00028963003621757443,0.017164999692632486
s33-115-14,u014,2025-06-16,regular,empirical,30,0.0028985507246376274,0,8.401596303297314e-06,0.002902759657961351
s33-115-14,u014,2025-06-16,regular,empirical,60,0.004637681159420315,0,2.1508086536442157e-05,0.004648468567984626
s33-115-14,u014,2025-06-16,regular,empirical,120,0.0197101449275362,0,0.000388489813064481,0.0199069805668798
s33-115-14,u014,2025-06-16,regular,hazard,30,0.003798755856536218,0,1.4430546057568214e-05,0.003805989454490997
s33-115-14,u014,2025-06-16,regular,hazard,60,0.010228040114531267,0,0.00010461280458446078,0.010280705936683116
s33-115-14,u014,2025-06-16,regular,hazard,120,0.03966841134600385,0,0.0015735828587157671,0.04047664931086439
s33-115-14,u014,2025-06-16,regular,hazard_cal,30,0.003841374786847873,0,1.4756160253030542e-05,0.003848771816225595
s33-115-14,u014,2025-06-16,regular,hazard_cal,60,0.010412111695330517,0,0.00010841206995603854,0.010466696959485954
s33-115-14,u014,2025-06-16,regular,hazard_cal,120,0.04101717569039376,0,0.0016824087016166288,0.041882114259495395
s33-115-18,u018,2025-06-16,variable,empirical,30,0.0028985507246376274,0,8.401596303297314e-06,0.002902759657961351
s33-115-18,u018,2025-06-16,variable,empirical,60,0.004637681159420315,0,2.1508086536442157e-05,0.004648468567984626
s33-115-18,u018,2025-06-16,variable,empirical,120,0.0197101449275362,0,0.000388489813064481,0.0199069805668798
s33-115-18,u018,2025-06-16,variable,hazard,30,0.0004394302952852591,0,1.9309898441449004e-07,0.00043952687307130604
s33-115-18,u018,2025-06-16,variable,hazard,60,0.0011869907669548319,0,1.40894708083602e-06,0.0011876957984610632
s33-115-18,u018,2025-06-16,variable,hazard,120,0.004673583990187802,0,2.1842387313339734e-05,0.004684539330975182
s33-115-18,u018,2025-06-16,variable,hazard_cal,30,0.00042545715738828704,0,1.8101379277292166e-07,0.0004255476899640724
s33-115-18,u018,2025-06-16,variable,hazard_cal,60,0.0011570622337996328,0,1.3387930128853962e-06,0.0011577321471101937
s33-115-18,u018,2025-06-16,variable,hazard_cal,120,0.004630755950462695,0,2.144390067274566e-05,0.004641511116677033
s33-115-33,u033,2025-06-16,regular,empirical,30,0.0028985507246376274,0,8.401596303297314e-06,0.002902759657961351
s33-115-33,u033,2025-06-16,regular,empirical,60,0.004637681159420315,0,2.1508086536442157e-05,0.004648468567984626
s33-115-33,u033,2025-06-16,regular,empirical,120,0.0197101449275362,0,0.000388489813064481,0.0199069805668798
s33-115-33,u033,2025-06-16,regular,hazard,30,0.001126131006610298,0,1.2681710440491232e-06,0.0011267655685769944
s33-115-33,u033,2025-06-16,regular,hazard,60,0.0030398965967016744,0,9.240971318638422e-06,0.003044526467627686
s33-115-33,u033,2025-06-16,regular,hazard,120,0.011932121610699897,0,0.0001423755261325315,0.012003880771021862
s33-115-33,u033,2025-06-16,regular,hazard_cal,30,0.0011112072780140592,0,1.2347816147114145e-06,0.0011118251265690312
s33-115-33,u033,2025-06-16,regular,hazard_cal,60,0.0030199874634058155,0,9.120324279128292e-06,0.003024556827479154
s33-115-33,u033,2025-06-16,regular,hazard_cal,120,0.012048034228211435,0,0.00014515512876415432,0.012121200056035114
s33-115-50,u050,2025-06-16,variable,empirical,30,0.0028985507246376274,0,8.401596303297314e-06,0.002902759657961351
s33-115-50,u050,2025-06-16,variable,empirical,60,0.004637681159420315,0,2.1508086536442157e-05,0.004648468567984626
s33-115-50,u050,2025-06-16,variable,empirical,120,0.0197101449275362,1,0.9609681999579921,3.9266218048493005
s33-115-50,u050,2025-06-16,variable,hazard,30,0.0017907101909374612,0,3.206642987927279e-06,0.0017923154290618451
s33-115-50,u050,2025-06-16,variable,hazard,60,0.004830777098088435,0,2.3336407371415716e-05,0.004842483016110163
s33-115-50,u050,2025-06-16,variable,hazard,120,0.018905043430846757,1,0.9625473138054287,3.9683265443212368
s33-115-50,u050,2025-06-16,variable,hazard_cal,30,0.0017835788565386812,0,3.1811535374918297e-06,0.001785171327120373
s33-115-50,u050,2025-06-16,variable,hazard_cal,60,0.004844145981400261,0,2.3465750289116297e-05,0.004855916885247473
s33-115-50,u050,2025-06-16,variable,hazard_cal,120,0.01926521021837657,1,0.9618407278880051,3.949454389031209
s33-115-2,u002,2025-06-16,variable,empirical,30,0.0028985507246376274,0,8.401596303297314e-06,0.002902759657961351
s33-115-2,u002,2025-06-16,variable,empirical,60,0.004637681159420315,0,2.1508086536442157e-05,0.004648468567984626
s33-115-2,u002,2025-06-16,variable,empirical,120,0.0197101449275362,0,0.000388489813064481,0.0199069805668798
s33-115-2,u002,2025-06-16,variable,hazard,30,0.0007489387335424258,0,5.609092266001327e-07,0.0007492193282633097
s33-115-2,u002,2025-06-16,variable,hazard,60,0.0020224327054487734,0,4.090234048068845e-06,0.0020244805840697938
s33-115-2,u002,2025-06-16,variable,hazard,120,0.007951897676616637,0,6.323267665938107e-05,0.00798368262753207
s33-115-2,u002,2025-06-16,variable,hazard_cal,30,0.0007329608964580236,0,5.372316757365496e-07,0.0007332296436246922
s33-115-2,u002,2025-06-16,variable,hazard_cal,60,0.001992742948509818,0,3.971024458835603e-06,0.0019947311024314527
s33-115-2,u002,2025-06-16,variable,hazard_cal,120,0.007963893753152873,0,6.342360371150736e-05,0.00799577493337732
s33-115-27,u027,2025-06-16,regular,empirical,30,0.0028985507246376274,0,8.401596303297314e-06,0.002902759657961351
s33-115-27,u027,2025-06-16,regular,empirical,60,0.004637681159420315,0,2.1508086536442157e-05,0.004648468567984626
s33-115-27,u027,2025-06-16,regular,empirical,120,0.0197101449275362,0,0.000388489813064481,0.0199069805668798
s33-115-27,u027,2025-06-16,regular,hazard,30,0.0010666904677612,0,1.1378285540126074e-06,0.001067259786932437
s33-115-27,u027,2025-06-16,regular,hazard,60,0.002879606803496193,0,8.292135342741562e-06,0.0028837608477602526
s33-115-27,u027,2025-06-16,regular,hazard,120,0.011305981620671535,0,0.00012782522040696254,0.01137038008285879
s33-115-27,u027,2025-06-16,regular,hazard_cal,30,0.0010514043000567908,0,1.1054510021779101e-06,0.0010519574132889548
s33-115-27,u027,2025-06-16,regular,hazard_cal,60,0.0028576245883795703,0,8.166018288111508e-06,0.002861715392704342
s33-115-27,u027,2025-06-16,regular,hazard_cal,120,0.011403464814349396,0,0.00013003900977210468,0.011468982884132568
s33-115-7,u007,2025-06-16,variable,empirical,30,0.0028985507246376274,0,8.401596303297314e-06,0.002902759657961351
s33-115-7,u007,2025-06-16,variable,empirical,60,0.004637681159420315,0,2.1508086536442157e-05,0.004648468567984626
s33-115-7,u007,2025-06-16,variable,empirical,120,0.0197101449275362,0,0.000388489813064481,0.0199069805668798
s33-115-7,u007,2025-06-16,variable,hazard,30,0.0017765254614328096,0,3.1560427151190572e-06,0.001778105354214145
s33-115-7,u007,2025-06-16,variable,hazard,60,0.004792576653230851,0,2.2968790977093425e-05,0.004804097874348909
s33-115-7,u007,2025-06-16,variable,hazard,120,0.01875674319082765,0,0.00035181541512665945,0.01893488195073925
s33-115-7,u007,2025-06-16,variable,hazard_cal,30,0.0017691670031759754,0,3.129951885126662e-06,0.0017707338273736922
s33-115-7,u007,2025-06-16,variable,hazard_cal,60,0.004805071451172704,0,2.3088711650874958e-05,0.004816652921754392
s33-115-7,u007,2025-06-16,variable,hazard_cal,120,0.019111086856664405,0,0.000365233640842971,0.019296064214722432
s33-115-20,u020,2025-06-16,variable,empirical,30,0.0028985507246376274,0,8.401596303297314e-06,0.002902759657961351
s33-115-20,u020,2025-06-16,variable,empirical,60,0.004637681159420315,0,2.1508086536442157e-05,0.004648468567984626
s33-115-20,u020,2025-06-16,variable,empirical,120,0.0197101449275362,0,0.000388489813064481,0.0199069805668798
s33-115-20,u020,2025-06-16,variable,hazard,30,0.0010443888695900183,0,1.0907481109235162e-06,0.0010449346236648905
s33-115-20,u020,2025-06-16,variable,hazard,60,0.002819462658764982,0,7.9493696841701e-06,0.002823444830424566
s33-115-20,u020,2025-06-16,variable,hazard,120,0.011070953904018466,0,0.0001225660203449017,0.011132693010957737
s33-115-20,u020,2025-06-16,variable,hazard_cal,30,0.001028983847124909,0,1.0588077576439782e-06,0.0010295136144495903
s33-115-20,u020,2025-06-16,variable,hazard_cal,60,0.002796748996954812,0,7.821804951967747e-06,0.0028006672066353067
s33-115-20,u020,2025-06-16,variable,hazard_cal,120,0.011161700440244227,0,0.00012458355671774815,0.011224459655289055
s33-115-55,u055,2025-06-16,new,empirical,30,0.0028985507246376274,0,8.401596303297314e-06,0.002902759657961351
s33-115-55,u055,2025-06-16,new,empirical,60,0.004637681159420315,0,2.1508086536442157e-05,0.004648468567984626
s33-115-55,u055,2025-06-16,new,empirical,120,0.0197101449275362,0,0.000388489813064481,0.0199069805668798
s33-115-55,u055,2025-06-16,new,hazard,30,0.0003739378794685999,0,1.3982953770147316e-07,0.0003740078116715271
s33-115-55,u055,2025-06-16,new,hazard,60,0.0010101461694062008,0,1.020395283566021e-06,0.0010106567108912918
s33-115-55,u055,2025-06-16,new,hazard,120,0.003978462141444594,0,1.5828161010907906e-05,0.003986397275362511
s33-115-55,u055,2025-06-16,new,hazard_cal,30,0.0003608711885616511,0,1.3022801473389877e-07,0.0003609363182384386
s33-115-55,u055,2025-06-16,new,hazard_cal,60,0.000981477808338238,0,9.632986882604311e-07,0.0009819597730666317
s33-115-55,u055,2025-06-16,new,hazard_cal,120,0.0039292182996497615,0,1.5438756446302563e-05,0.003936957958397756
s33-115-31,u031,2025-06-16,variable,empirical,30,0.0028985507246376274,0,8.401596303297314e-06,0.002902759657961351
s33-115-31,u031,2025-06-16,variable,empirical,60,0.004637681159420315,0,2.1508086536442157e-05,0.004648468567984626
s33-115-31,u031,2025-06-16,variable,empirical,120,0.0197101449275362,0,0.000388489813064481,0.0199069805668798
s33-115-31,u031,2025-06-16,variable,hazard,30,0.001007230150806837,0,1.0145125766943638e-06,0.001007737747968586
s33-115-31,u031,2025-06-16,variable,hazard,60,0.0027192452886679597,0,7.394294939942895e-06,0.0027229491521371927
s33-115-31,u031,2025-06-16,variable,hazard,120,0.010679225341777232,0,0.00011404585390045704,0.010736657522161974
s33-115-31,u031,2025-06-16,variable,hazard_cal,30,0.0009916486285931336,0,9.833670025906428e-07,0.0009921406373878867
s33-115-31,u031,2025-06-16,variable,hazard_cal,60,0.00269537119636587,0,7.265025886198781e-06,0.0026990102498464746
s33-115-31,u031,2025-06-16,variable,hazard_cal,120,0.010758971595205669,0,0.0001157554697864424,0.010817267845628408
s33-115-48,u048,2025-06-16,variable,empirical,30,0.0028985507246376274,0,8.401596303297314e-06,0.002902759657961351
s33-115-48,u048,2025-06-16,variable,empirical,60,0.004637681159420315,0,2.1508086536442157e-05,0.004648468567984626
s33-115-48,u048,2025-06-16,variable,empirical,120,0.0197101449275362,0,0.000388489813064481,0.0199069805668798
s33-115-48,u048,2025-06-16,variable,hazard,30,0.0004787670276084066,0,2.2921786672498879e-07,0.00047888167313556157
s33-115-48,u048,2025-06-16,variable,hazard,60,0.001293198264666895,0,1.6723617517374683e-06,0.0012940351671411247
s33-115-48,u048,2025-06-16,variable,hazard,120,0.005090855568816166,0,2.591681042254657e-05,0.00510385812221406
s33-115-48,u048,2025-06-16,variable,hazard_cal,30,0.00046434499441327937,0,2.1561627383666844e-07,0.00046445283593527046
s33-115-48,u048,2025-06-16,variable,hazard_cal,60,0.0012627726320273425,0,1.594594720197262e-06,0.001263570601227291
s33-115-48,u048,2025-06-16,variable,hazard_cal,120,0.005052912441809054,0,2.553192414458874e-05,0.0050657215710384245
s33-116-59,u059,2025-06-17,new,empirical,30,0.0028985507246376274,0,8.401596303297314e-06,0.002902759657961351
s33-116-59,u059,2025-06-17,new,empirical,60,0.004637681159420315,0,2.1508086536442157e-05,0.004648468567984626
s33-116-59,u059,2025-06-17,new,empirical,120,0.0197101449275362,0,0.000388489813064481,0.0199069805668798
s33-116-59,u059,2025-06-17,new,hazard,30,0.0013943849281362608,0,1.944309327813565e-06,0.0013953579874515152
s33-116-59,u059,2025-06-17,new,hazard,60,0.0037630525340878185,0,1.4160564374304752e-05,0.0037701506288726405
s33-116-59,u059,2025-06-17,new,hazard,120,0.01475281363603631,0,0.0002176455101796189,0.014862718669575468
s33-116-59,u059,2025-06-17,new,hazard_cal,30,0.0013818460475695238,0,1.9094984991835146e-06,0.0013828016772759885
s33-116-59,u059,2025-06-17,new,hazard_cal,60,0.0037545245238689295,0,1.4096454400333213e-05,0.003761590442724199
s33-116-59,u059,2025-06-17,new,hazard_cal,120,0.01495961701457138,0,0.00022379014122265352,0.01507264069569148
s33-116-29,u029,2025-06-17,regular,empirical,30,0.0028985507246376274,0,8.401596303297314e-06,0.002902759657961351
s33-116-29,u029,2025-06-17,regular,empirical,60,0.004637681159420315,0,2.1508086536442157e-05,0.004648468567984626
s33-116-29,u029,2025-06-17,regular,empirical,120,0.0197101449275362,0,0.000388489813064481,0.0199069805668798
s33-116-29,u029,2025-06-17,regular,hazard,30,0.00152266484209429,0,2.3185082213500296e-06,0.0015238252743207926
s33-116-29,u029,2025-06-17,regular,hazard,60,0.004108735855352541,0,1.6881710329059576e-05,0.0041171999028296125
s33-116-29,u029,2025-06-17,regular,hazard,120,0.016098752251192505,0,0.00025916982404527577,0.016229744944936713
s33-116-29,u029,2025-06-17,regular,hazard_cal,30,0.001511652015228404,0,2.285091815144095e-06,0.0015127957138641836
s33-116-29,u029,2025-06-17,regular,hazard_cal,60,0.004106691324851086,0,1.686491363760717e-05,0.00411514693934214
s33-116-29,u029,2025-06-17,regular,hazard_cal,120,0.0163529492963288,0,0.0002674189506883006,0.016488134583199233
s33-116-33,u033,2025-06-17,regular,empirical,30,0.0028985507246376274,0,8.401596303297314e-06,0.002902759657961351
s33-116-33,u033,2025-06-17,regular,empirical,60,0.004637681159420315,0,2.1508086536442157e-05,0.004648468567984626
s33-116-33,u033,2025-06-17,regular,empirical,120,0.0197101449275362,0,0.000388489813064481,0.0199069805668798
s33-116-33,u033,2025-06-17,regular,hazard,30,0.0006055255216750322,0,3.666611573998198e-07,0.0006057089262949213
s33-116-33,u033,2025-06-17,regular,hazard,60,0.0016353859879720822,0,2.6744873296554236e-06,0.0016367246913671747
s33-116-33,u033,2025-06-17,regular,hazard,120,0.006434246737176408,0,4.139953107486525e-05,0.00645503572501083
s33-116-33,u033,2025-06-17,regular,hazard_cal,30,0.0005900729128457405,0,3.4818604247425686e-07,0.0005902470743823511
s33-116-33,u033,2025-06-17,regular,hazard_cal,60,0.001604489028724121,0,2.574385043296073e-06,0.0016057775997622824
s33-116-33,u033,2025-06-17,regular,hazard_cal,120,0.006416518061278076,0,4.117170403070776e-05,0.006437192398918611
s33-116-16,u016,2025-06-17,regular,empirical,30,0.0028985507246376274,0,8.401596303297314e-06,0.002902759657961351
s33-116-16,u016,2025-06-17,regular,empirical,60,0.004637681159420315,0,2.1508086536442157e-05,0.004648468567984626
s33-116-16,u016,2025-06-17,regular,empirical,120,0.0197101449275362,0,0.000388489813064481,0.0199069805668798
s33-116-16,u016,2025-06-17,regular,hazard,30,0.0022900867819684034,0,5.244497468946398e-06,0.0022927130410431307
s33-116-16,u016,2025-06-17,regular,hazard,60,0.006174966157382666,0,3.813020704482125e-05,0.006194110110434136
s33-116-16,u016,2025-06-17,regular,hazard,120,0.024111338849083452,0,0.000581356661095321,0.024406775765919698
s33-116-16,u016,2025-06-17,regular,hazard_cal,30,0.0022923016479802216,0,5.25464684533284e-06,0.00229493299339694
s33-116-16,u016,2025-06-17,regular,hazard_cal,60,0.006222729413511097,0,3.872236135377616e-05,0.006242171290511449
s33-116-16,u016,2025-06-17,regular,hazard_cal,120,0.024689614410314475,0,0.0006095770597300082,0.0249995144505023
s33-116-13,u013,2025-06-17,variable,empirical,30,0.0028985507246376274,0,8.401596303297314e-06,0.002902759657961351
s33-116-13,u013,2025-06-17,variable,empirical,60,0.004637681159420315,0,2.1508086536442157e-05,0.004648468567984626
s33-116-13,u013,2025-06-17,variable,empirical,120,0.0197101449275362,0,0.000388489813064481,0.0199069805668798
s33-116-13,u013,2025-06-17,variable,hazard,30,0.0012112815420878276,0,1.4672029742026657e-06,0.001212015736512249
s33-116-13,u013,2025-06-17,variable,hazard,60,0.0032694850027428224,0,1.0689532183160233e-05,0.0032748414472309026
s33-116-13,u013,2025-06-17,variable,hazard,120,0.012828377956957016,0,0.00016456728100654064,0.012911372148720181
s33-116-13,u013,2025-06-17,variable,hazard_cal,30,0.001196987185350773,0,1.4327783218939657e-06,0.0011977041466978556
s33-116-13,u013,2025-06-17,variable,hazard_cal,60,0.0032528436165434327,0,1.0580991593687359e-05,0.003258145613172977
s33-116-13,u013,2025-06-17,variable,hazard_cal,120,0.012971831145058732,0,0.00016826840325591573,0.013056700082615813
s33-116-18,u018,2025-06-17,variable,empirical,30,0.0028985507246376274,0,8.401596303297314e-06,0.002902759657961351
s33-116-18,u018,2025-06-17,variable,empirical,60,0.004637681159420315,0,2.1508086536442157e-05,0.004648468567984626
s33-116-18,u018,2025-06-17,variable,empirical,120,0.0197101449275362,0,0.000388489813064481,0.0199069805668798
s33-116-18,u018,2025-06-17,variable,hazard,30,0.0002937864198624407,0,8.631046049559029e-08,0.0002938295835468317
s33-116-18,u018,2025-06-17,variable,hazard,60,0.0007936883901861203,0,6.29941260716235e-07,0.0007940035275747696
s33-116-18,u018,2025-06-17,variable,hazard,120,0.0031270734406597667,0,9.778588303279712e-06,0.0031319729515644863
s33-116-18,u018,2025-06-17,variable,hazard_cal,30,0.00028214499064194154,0,7.960579574434128e-08,0.0002821848010281905
s33-116-18,u018,2025-06-17,variable,hazard_cal,60,0.0007674215756717784,0,5.88935874806555e-07,0.0007677161943499786
s33-116-18,u018,2025-06-17,variable,hazard_cal,120,0.0030733978302652787,0,9.445774223079323e-06,0.003078130416611466
s33-116-31,u031,2025-06-17,variable,empirical,30,0.0028985507246376274,0,8.401596303297314e-06,0.002902759657961351
s33-116-31,u031,2025-06-17,variable,empirical,60,0.004637681159420315,0,2.1508086536442157e-05,0.004648468567984626
s33-116-31,u031,2025-06-17,variable,empirical,120,0.0197101449275362,0,0.000388489813064481,0.0199069805668798
s33-116-31,u031,2025-06-17,variable,hazard,30,0.00096692153017508,0,9.349372455161181e-07,0.0009673893003535181
s33-116-31,u031,2025-06-17,variable,hazard,60,0.002610524485529897,0,6.814838089551134e-06,0.0026139378463100435
s33-116-31,u031,2025-06-17,variable,hazard,120,0.01025411009269317,0,0.00010514677379307192,0.010307045661951205
s33-116-31,u031,2025-06-17,variable,hazard_cal,30,0.0009511799713002311,0,9.047433378027085e-07,0.0009516326300318425
s33-116-31,u031,2025-06-17,variable,hazard_cal,60,0.002585476691807198,0,6.684689723878293e-06,0.0025888248089000537
s33-116-31,u031,2025-06-17,variable,hazard_cal,120,0.010322251592012055,0,0.0001065488779287954,0.010375895500890988
s33-116-53,u053,2025-06-17,regular,empirical,30,0.0028985507246376274,0,8.401596303297314e-06,0.002902759657961351
s33-116-53,u053,2025-06-17,regular,empirical,60,0.004637681159420315,0,2.1508086536442157e-05,0.004648468567984626
s33-116-53,u053,2025-06-17,regular,empirical,120,0.0197101449275362,0,0.000388489813064481,0.0199069805668798
s33-116-53,u053,2025-06-17,regular,hazard,30,0.0006404548379501662,0,4.1018239945377366e-07,0.0006406600167597445
s33-116-53,u053,2025-06-17,regular,hazard,60,0.001729663852261143,0,2.991737041818857e-06,0.0017311614479225813
s33-116-53,u053,2025-06-17,regular,hazard,120,0.006804101173849553,0,4.629579278398086e-05,0.006827354609419274
s33-116-53,u053,2025-06-17,regular,hazard_cal,30,0.0006248169676833504,0,3.903962431050169e-07,0.0006250122471517565
s33-116-53,u053,2025-06-17,regular,hazard_cal,60,0.0016989052292873952,0,2.8862789781000566e-06,0.0017003500053667478
s33-116-53,u053,2025-06-17,regular,hazard_cal,120,0.006793000756519785,0,4.614485927807837e-05,0.0068161782087599
s33-116-14,u014,2025-06-17,regular,empirical,30,0.0028985507246376274,0,8.401596303297314e-06,0.002902759657961351
s33-116-14,u014,2025-06-17,regular,empirical,60,0.004637681159420315,0,2.1508086536442157e-05,0.004648468567984626
s33-116-14,u014,2025-06-17,regular,empirical,120,0.0197101449275362,0,0.000388489813064481,0.0199069805668798
s33-116-14,u014,2025-06-17,regular,hazard,30,0.004625359800105255,0,2.139395328042973e-05,0.004636089876506314
s33-116-14,u014,2025-06-17,regular,hazard,60,0.012443727255514014,0,0.00015484634800962235,0.012521798772739512
s33-116-14,u014,2025-06-17,regular,hazard,120,0.04808395849348923,0,0.0023120670644035954,0.049278439774729545
s33-116-14,u014,2025-06-17,regular,hazard_cal,30,0.004695804704801909,0,2.2050581825639744e-05,0.004706864632805503
s33-116-14,u014,2025-06-17,regular,hazard_cal,60,0.012717441634838123,0,0.00016173332173551413,0.012799000513727168
s33-116-14,u014,2025-06-17,regular,hazard_cal,120,0.04990212569903307,0,0.002490222149282097,0.05119027411435593
s33-116-27,u027,2025-06-17,regular,empirical,30,0.0028985507246376274,0,8.401596303297314e-06,0.002902759657961351
s33-116-27,u027,2025-06-17,regular,empirical,60,0.004637681159420315,0,2.1508086536442157e-05,0.004648468567984626
s33-116-27,u027,2025-06-17,regular,empirical,120,0.0197101449275362,0,0.000388489813064481,0.0199069805668798
s33-116-27,u027,2025-06-17,regular,hazard,30,0.0008575238958232756,0,7.35347231907928e-07,0.000857891779767114
s33-116-27,u027,2025-06-17,regular,hazard,60,0.0023154135220729843,0,5.361139778198422e-06,0.0023180982369127193
s33-116-27,u027,2025-06-17,regular,hazard,120,0.009099400545478864,0,8.279909028706105e-05,0.00914105295781239
s33-116-27,u027,2025-06-17,regular,hazard_cal,30,0.0008415236286314354,0,7.08162017545018e-07,0.0008418779084106892
s33-116-27,u027,2025-06-17,regular,hazard_cal,60,0.002287656159676521,0,5.233370704905928e-06,0.0022902768426061476
s33-116-27,u027,2025-06-17,regular,hazard_cal,120,0.009137887646335385,0,8.350099063704884e-05,0.009179894238488466
s33-116-3,u003,2025-06-17,regular,empirical,30,0.0028985507246376274,0,8.401596303297314e-06,0.002902759657961351
s33-116-3,u003,2025-06-17,regular,empirical,60,0.004637681159420315,0,2.1508086536442157e-05,0.004648468567984626
s33-116-3,u003,2025-06-17,regular,empirical,120,0.0197101449275362,0,0.000388489813064481,0.0199069805668798
s33-116-3,u003,2025-06-17,regular,hazard,30,0.001426776386110551,0,2.0356908559626837e-06,0.001427795200734273
s33-116-3,u003,2025-06-17,regular,hazard,60,0.003850347747525351,0,1.4825177776873546e-05,0.003857779418893344
s33-116-3,u003,2025-06-17,regular,hazard,120,0.015092849751544124,0,0.00022779411362268553,0.015207905960302026
s33-116-3,u003,2025-06-17,regular,hazard_cal,30,0.0014146009739776089,0,2.0010959155783997e-06,0.0014156024665217056
s33-116-3,u003,2025-06-17,regular,hazard_cal,60,0.003843397877815402,0,1.4771707247195936e-05,0.0038508027106741965
s33-116-3,u003,2025-06-17,regular,hazard_cal,120,0.015311399226956901,0,0.00023443894628725638,0.015429829140423014
s33-116-11,u011,2025-06-17,variable,empirical,30,0.0028985507246376274,0,8.401596303297314e-06,0.002902759657961351
s33-116-11,u011,2025-06-17,variable,empirical,60,0.004637681159420315,0,2.1508086536442157e-05,0.004648468567984626
s33-116-11,u011,2025-06-17,variable,empirical,120,0.0197101449275362,0,0.000388489813064481,0.0199069805668798
s33-116-11,u011,2025-06-17,variable,hazard,30,0.00030424345249702167,0,9.256407838730748e-08,0.0003042897439256961
s33-116-11,u011,2025-06-17,variable,hazard,60,0.0008219306473905563,0,6.75569989119859e-07,0.0008222686175898495
s33-116-11,u011,2025-06-17,variable,hazard,120,0.003238193052694349,0,1.0485894246517947e-05,0.0032434473458274726
s33-116-11,u011,2025-06-17,variable,hazard_cal,30,0.00029239374795597683,0,8.549410384374331e-08,0.0002924365033423736
s33-116-11,u011,2025-06-17,variable,hazard_cal,60,0.0007952897715075569,0,6.32485820664542e-07,0.000795606182187797
s33-116-11,u011,2025-06-17,variable,hazard_cal,120,0.0031848534849714394,0,1.0143291720734723e-05,0.003189935924918437
s33-116-28,u028,2025-06-17,regular,empirical,30,0.0028985507246376274,0,8.401596303297314e-06,0.002902759657961351
s33-116-28,u028,2025-06-17,regular,empirical,60,0.004637681159420315,0,2.1508086536442157e-05,0.004648468567984626
s33-116-28,u028,2025-06-17,regular,empirical,120,0.0197101449275362,0,0.000388489813064481,0.0199069805668798
s33-116-28,u028,2025-06-17,regular,hazard,30,0.0032273506557033427,0,1.0415792254868796e-05,0.003232569784161162
s33-116-28,u028,2025-06-17,regular,hazard,60,0.008694335971390799,0,7.559147798341998e-05,0.008732352221477656
s33-116-28,u028,2025-06-17,regular,hazard,120,0.03380638810175751,0,0.0011428718764866519,0.03439103845660959
s33-116-28,u028,2025-06-17,regular,hazard_cal,30,0.0032528705016380277,0,1.0581166500426835e-05,0.0032581725860063434
s33-116-28,u028,2025-06-17,regular,hazard_cal,60,0.008822029793708497,0,7.782820968108039e-05,0.00886117429121804
s33-116-28,u028,2025-06-17,regular,hazard_cal,120,0.034847692142455644,0,0.0012143616476553648,0.035469358120577235
s33-116-5,u005,2025-06-17,variable,empirical,30,0.0028985507246376274,0,8.401596303297314e-06,0.002902759657961351
s33-116-5,u005,2025-06-17,variable,empirical,60,0.004637681159420315,0,2.1508086536442157e-05,0.004648468567984626
s33-116-5,u005,2025-06-17,variable,empirical,120,0.0197101449275362,0,0.000388489813064481,0.0199069805668798
s33-116-5,u005,2025-06-17,variable,hazard,30,0.0004028242797293746,0,1.6226740033948946e-07,0.0004029054352245454
s33-116-5,u005,2025-06-17,variable,hazard,60,0.0010881488516796267,0,1.1840679234116902e-06,0.0010887413154728593
s33-116-5,u005,2025-06-17,variable,hazard,120,0.004285117414115969,0,1.8362231252759927e-05,0.004294324842430867
s33-116-5,u005,2025-06-17,variable,hazard_cal,30,0.0003893318258293421,0,1.515792706036092e-07,0.0003894076351419345
s33-116-5,u005,2025-06-17,variable,hazard_cal,60,0.0010588540721456763,0,1.121171946099481e-06,0.0010594150541524093
s33-116-5,u005,2025-06-17,variable,hazard_cal,120,0.0042384227874247005,0,1.7964227724960968e-05,0.004247430362237462
s33-116-55,u055,2025-06-17,new,empirical,30,0.0028985507246376274,0,8.401596303297314e-06,0.002902759657961351
s33-116-55,u055,2025-06-17,new,empirical,60,0.004637681159420315,0,2.1508086536442157e-05,0.004648468567984626
s33-116-55,u055,2025-06-17,new,empirical,120,0.0197101449275362,0,0.000388489813064481,0.0199069805668798
s33-116-55,u055,2025-06-17,new,hazard,30,0.000246640736764725,0,6.083165303184636e-08,0.0002466711575933541
s33-116-55,u055,2025-06-17,new,hazard,60,0.0006663506939531549,0,4.4402324733185115e-07,0.0006665728042512027
s33-116-55,u055,2025-06-17,new,hazard,120,0.002625930929595177,0,6.8955132470045915e-06,0.0026293847338445687
s33-116-55,u055,2025-06-17,new,hazard_cal,30,0.0002360336985272049,0,5.571190684043145e-08,0.00023606155886469704
s33-116-55,u055,2025-06-17,new,hazard_cal,60,0.0006420298609814967,0,4.1220234239192e-07,0.0006422360504105964
s33-116-55,u055,2025-06-17,new,hazard_cal,120,0.0025717764081828465,0,6.614033893685863e-06,0.0025750891060273766
s33-116-4,u004,2025-06-17,variable,empirical,30,0.0028985507246376274,0,8.401596303297314e-06,0.002902759657961351
s33-116-4,u004,2025-06-17,variable,empirical,60,0.004637681159420315,0,2.1508086536442157e-05,0.004648468567984626
s33-116-4,u004,2025-06-17,variable,empirical,120,0.0197101449275362,0,0.000388489813064481,0.0199069805668798
s33-116-4,u004,2025-06-17,variable,hazard,30,0.0002607451498946034,0,6.798803319355919e-08,0.00026077914982153933
s33-116-4,u004,2025-06-17,variable,hazard,60,0.0007044470913587508,0,4.962457045238042e-07,0.0007046953307988935
s33-116-4,u004,2025-06-17,variable,hazard,120,0.0027758831648760918,0,7.705527345042508e-06,0.0027797430733066523
s33-116-4,u004,2025-06-17,variable,hazard_cal,30,0.00024981143037094977,0,6.240575074397989e-08,0.0002498426384438522
s33-116-4,u004,2025-06-17,variable,hazard_cal,60,0.0006794972121482168,0,4.6171646131719876e-07,0.0006797281750105493
s33-116-4,u004,2025-06-17,variable,hazard_cal,120,0.002721684683834713,0,7.407567518220462e-06,0.002725395201696127
s33-116-43,u043,2025-06-17,variable,empirical,30,0.0028985507246376274,0,8.401596303297314e-06,0.002902759657961351
s33-116-43,u043,2025-06-17,variable,empirical,60,0.004637681159420315,0,2.1508086536442157e-05,0.004648468567984626
s33-116-43,u043,2025-06-17,variable,empirical,120,0.0197101449275362,0,0.000388489813064481,0.0199069805668798
s33-116-43,u043,2025-06-17,variable,hazard,30,0.0008754944790929642,0,7.664905829222607e-07,0.0008758779482174964
s33-116-43,u043,2025-06-17,variable,hazard,60,0.0023638952259403823,0,5.588000639223731e-06,0.0023666936372305687
s33-116-43,u043,2025-06-17,variable,hazard,120,0.009289177916718239,0,8.62888263684458e-05,0.009332591389370579
s33-116-43,u043,2025-06-17,variable,hazard_cal,30,0.0008595182552800784,0,7.3877163115971e-07,0.0008598878528947658
s33-116-43,u043,2025-06-17,variable,hazard_cal,60,0.002336532942128988,0,5.459386189653945e-06,0.0023392668947008867
s33-116-43,u043,2025-06-17,variable,hazard_cal,120,0.009332342320233722,0,8.709261318202532e-05,0.009376161463400527
s33-116-23,u023,2025-06-17,variable,empirical,30,0.0028985507246376274,0,8.401596303297314e-06,0.002902759657961351
s33-116-23,u023,2025-06-17,variable,empirical,60,0.004637681159420315,0,2.1508086536442157e-05,0.004648468567984626
s33-116-23,u023,2025-06-17,variable,empirical,120,0.0197101449275362,0,0.000388489813064481,0.0199069805668798
s33-116-23,u023,2025-06-17,variable,hazard,30,0.0011085770941265949,0,1.2289431736221652e-06,0.0011091920202174006
s33-116-23,u023,2025-06-17,variable,hazard,60,0.0029925619090528377,0,8.955426779513964e-06,0.0029970485757636525
s33-116-23,u023,2025-06-17,variable,hazard,120,0.01174725306981561,0,0.0001379979546862923,0.011816797218833964
s33-116-23,u023,2025-06-17,variable,hazard_cal,30,0.00109353955416569,0,1.1958287565248961e-06,0.0010941379047971155
s33-116-23,u023,2025-06-17,variable,hazard_cal,60,0.0029720222208355906,0,8.832916081140517e-06,0.002976447448968709
s33-116-23,u023,2025-06-17,variable,hazard_cal,120,0.011857652855842615,0,0.00014060393124967253,0.011928515555388057
s33-116-52,u052,2025-06-17,regular,empirical,30,0.0028985507246376274,0,8.401596303297314e-06,0.002902759657961351
s33-116-52,u052,2025-06-17,regular,empirical,60,0.004637681159420315,0,2.1508086536442157e-05,0.004648468567984626
s33-116-52,u052,2025-06-17,regular,empirical,120,0.0197101449275362,0,0.000388489813064481,0.0199069805668798
s33-116-52,u052,2025-06-17,regular,hazard,30,0.0005837609946268696,0,3.4077689884775206e-07,0.0005839314494160931
s33-116-52,u052,2025-06-17,regular,hazard,60,0.0015766380504510513,0,2.485787542130092e-06,0.0015778822521645937
s33-116-52,u052,2025-06-17,regular,hazard,120,0.006203718119391133,0,3.848611850486185e-05,0.0062230411364631154
s33-116-52,u052,2025-06-17,regular,hazard_cal,30,0.0005684441107525195,0,3.231287070492227e-07,0.0005686057363590292
s33-116-52,u052,2025-06-17,regular,hazard_cal,60,0.0015457100008502422,0,2.3892194067284558e-06,0.0015469058429959095
s33-116-52,u052,2025-06-17,regular,hazard_cal,120,0.006182076360046973,0,3.8218068121451635e-05,0.006201264516749989
s33-116-30,u030,2025-06-17,regular,empirical,30,0.0028985507246376274,0,8.401596303297314e-06,0.002902759657961351
s33-116-30,u030,2025-06-17,regular,empirical,60,0.004637681159420315,0,2.1508086536442157e-05,0.004648468567984626
s33-116-30,u030,2025-06-17,regular,empirical,120,0.0197101449275362,0,0.000388489813064481,0.0199069805668798
s33-116-30,u030,2025-06-17,regular,hazard,30,0.00760209852102367,0,5.779190192335027e-05,0.007631141758649144
s33-116-30,u030,2025-06-17,regular,hazard,60,0.020393512966191296,0,0.0004158953711022125,0.020604331800888543
s33-116-30,u030,2025-06-17,regular,hazard,120,0.07776784435290252,0,0.006047837615297272,0.08095829140807624
s33-116-30,u030,2025-06-17,regular,hazard_cal,30,0.00779516405511671,0,6.076458264618359e-05,0.007825705165281032
s33-116-30,u030,2025-06-17,regular,hazard_cal,60,0.021047487979200863,0,0.0004429967502346048,0.02127214424629342
s33-116-30,u030,2025-06-17,regular,hazard_cal,120,0.08142536535601175,0,0.006630090123359998,0.08493212053070713
s33-116-34,u034,2025-06-17,variable,empirical,30,0.0028985507246376274,0,8.401596303297314e-06,0.002902759657961351
s33-116-34,u034,2025-06-17,variable,empirical,60,0.004637681159420315,0,2.1508086536442157e-05,0.004648468567984626
s33-116-34,u034,2025-06-17,variable,empirical,120,0.0197101449275362,0,0.000388489813064481,0.0199069805668798
s33-116-34,u034,2025-06-17,variable,hazard,30,0.0015355712979442382,0,2.3579792110701523e-06,0.0015367514958898986
s33-116-34,u034,2025-06-17,variable,hazard,60,0.00414351089372178,0,1.7168682526391066e-05,0.004152119021795368
s33-116-34,u034,2025-06-17,variable,hazard,120,0.016234064737018827,0,0.0002635448578857182,0.016367280893300203
s33-116-34,u034,2025-06-17,variable,hazard_cal,30,0.0015247245336532655,0,2.3247849035241683e-06,0.0015258881090100267
s33-116-34,u034,2025-06-17,variable,hazard_cal,60,0.004142152438773139,0,1.7157426826034262e-05,0.00415075491558432
s33-116-34,u034,2025-06-17,variable,hazard_cal,120,0.01649315639514104,0,0.0002720242078745818,0.01663068275846433
s33-116-36,u036,2025-06-17,regular,empirical,30,0.0028985507246376274,0,8.401596303297314e-06,0.002902759657961351
s33-116-36,u036,2025-06-17,regular,empirical,60,0.004637681159420315,0,2.1508086536442157e-05,0.004648468567984626
s33-116-36,u036,2025-06-17,regular,empirical,120,0.0197101449275362,0,0.000388489813064481,0.0199069805668798
s33-116-36,u036,2025-06-17,regular,hazard,30,0.0036502377400671193,0,1.3324235559010311e-05,0.0036569161145696073
s33-116-36,u036,2025-06-17,regular,hazard,60,0.009829566612623242,0,9.662037979199755e-05,0.009878195733717846
s33-116-36,u036,2025-06-17,regular,hazard,120,0.03814829129338748,0,0.0014552921286051432,0.038894989152226854
s33-116-36,u036,2025-06-17,regular,hazard_cal,30,0.003688229928201947,0,1.3603040003284539e-05,0.0036950482183142654
s33-116-36,u036,2025-06-17,regular,hazard_cal,60,0.009998505276226366,0,9.997010775872648e-05,0.010048826032647652
s33-116-36,u036,2025-06-17,regular,hazard_cal,120,0.039415634451292925,0,0.0015535922391979498,0.04021346559830587
s33-116-38,u038,2025-06-17,regular,empirical,30,0.0028985507246376274,0,8.401596303297314e-06,0.002902759657961351
s33-116-38,u038,2025-06-17,regular,empirical,60,0.004637681159420315,0,2.1508086536442157e-05,0.004648468567984626
s33-116-38,u038,2025-06-17,regular,empirical,120,0.0197101449275362,0,0.000388489813064481,0.0199069805668798
s33-116-38,u038,2025-06-17,regular,hazard,30,0.0011585652847335703,0,1.3422735189897789e-06,0.0011592369403144083
s33-116-38,u038,2025-06-17,regular,hazard,60,0.003127352450895793,0,9.780333352123923e-06,0.0031322528370620636
s33-116-38,u038,2025-06-17,regular,hazard,120,0.012273608823287763,0,0.00015064147354708723,0.01234955159439477
s33-116-38,u038,2025-06-17,regular,hazard_cal,30,0.001143866389237691,0,1.3084303164276728e-06,0.001144521103714115
s33-116-38,u038,2025-06-17,regular,hazard_cal,60,0.003108647733253145,0,9.663690729459915e-06,0.0031134896156929104
s33-116-38,u038,2025-06-17,regular,hazard_cal,120,0.012399857985877283,0,0.0001537564780699246,0.012477377713914856
s33-116-21,u021,2025-06-17,regular,empirical,30,0.0028985507246376274,0,8.401596303297314e-06,0.002902759657961351
s33-116-21,u021,2025-06-17,regular,empirical,60,0.004637681159420315,0,2.1508086536442157e-05,0.004648468567984626
s33-116-21,u021,2025-06-17,regular,empirical,120,0.0197101449275362,0,0.000388489813064481,0.0199069805668798
s33-116-21,u021,2025-06-17,regular,hazard,30,0.00021933355740455518,0,4.81072094037373e-08,0.00021935761452701084
s33-116-21,u021,2025-06-17,regular,hazard,60,0.0005925903271953858,0,3.511632958855345e-07,0.0005927659782394963
s33-116-21,u021,2025-06-17,regular,hazard,120,0.002335546516634368,0,5.4547775313629305e-06,0.0023382781594815123
s33-116-21,u021,2025-06-17,regular,hazard_cal,30,0.0002094049850388524,0,4.3850447759122004e-08,0.0002094269133240469
s33-116-21,u021,2025-06-17,regular,hazard_cal,60,0.0005696125181173795,0,3.2445842079602194e-07,0.0005697748089593005
s33-116-21,u021,2025-06-17,regular,hazard_cal,120,0.0022819773827649215,0,5.207420775450641e-06,0.0022845850610164983
s33-116-42,u042,2025-06-17,variable,empirical,30,0.0028985507246376274,0,8.401596303297314e-06,0.002902759657961351
s33-116-42,u042,2025-06-17,variable,empirical,60,0.004637681159420315,0,2.1508086536442157e-05,0.004648468567984626
s33-116-42,u042,2025-06-17,variable,empirical,120,0.0197101449275362,0,0.000388489813064481,0.0199069805668798
s33-116-42,u042,2025-06-17,variable,hazard,30,0.0017255518842632656,0,2.9775293052845063e-06,0.001727042363762493
s33-116-42,u042,2025-06-17,variable,hazard,60,0.004655292700407432,0,2.167175012646672e-05,0.004666162322772565
s33-116-42,u042,2025-06-17,variable,hazard,120,0.01822362830661084,0,0.0003321006286575079,0.01839172396130015
s33-116-42,u042,2025-06-17,variable,hazard_cal,30,0.001717396497363577,0,2.9494507291566822e-06,0.0017188729133647462
s33-116-42,u042,2025-06-17,variable,hazard_cal,60,0.0046646981760124495,0,2.1759409073293874e-05,0.0046756118330524505
s33-116-42,u042,2025-06-17,variable,hazard_cal,120,0.018557236037217706,0,0.0003443710093410115,0.018731581828166786
s33-116-9,u009,2025-06-17,regular,empirical,30,0.0028985507246376274,0,8.401596303297314e-06,0.002902759657961351
s33-116-9,u009,2025-06-17,regular,empirical,60,0.004637681159420315,0,2.1508086536442157e-05,0.004648468567984626
s33-116-9,u009,2025-06-17,regular,empirical,120,0.0197101449275362,0,0.000388489813064481,0.0199069805668798
s33-116-9,u009,2025-06-17,regular,hazard,30,0.003574775839489508,0,1.2779022302597917e-05,0.003581180618963823
s33-116-9,u009,2025-06-17,regular,hazard,60,0.00962705883867998,0,9.268026188340633e-05,0.009673698546479894
s33-116-9,u009,2025-06-17,regular,hazard,120,0.037374973487655505,0,0.0013968886432029518,0.03809132358100712
s33-116-9,u009,2025-06-17,regular,hazard_cal,30,0.0036104646881464086,0,1.3035455264352143e-05,0.003616998146399404
s33-116-9,u009,2025-06-17,regular,hazard_cal,60,0.009788433121577178,0,9.581342297558914e-05,0.00983665476733211
s33-116-9,u009,2025-06-17,regular,hazard_cal,120,0.038601333760816314,0,0.0014900629681139374,0.0393661108342608
s33-116-2,u002,2025-06-17,variable,empirical,30,0.0028985507246376274,0,8.401596303297314e-06,0.002902759657961351
s33-116-2,u002,2025-06-17,variable,empirical,60,0.004637681159420315,0,2.1508086536442157e-05,0.004648468567984626
s33-116-2,u002,2025-06-17,variable,empirical,120,0.0197101449275362,0,0.000388489813064481,0.0199069805668798
s33-116-2,u002,2025-06-17,variable,hazard,30,0.0007849484209104807,0,6.161440234898571e-07,0.0007852566542309531
s33-116-2,u002,2025-06-17,variable,hazard,60,0.002119599626840385,0,4.492702578101899e-06,0.002121849157427671
s33-116-2,u002,2025-06-17,variable,hazard,120,0.008332590990695277,0,6.94320726182161e-05,0.00836750108998531
s33-116-2,u002,2025-06-17,variable,hazard_cal,30,0.0007689300792157461,0,5.912534667227335e-07,0.0007692258575807481
s33-116-2,u002,2025-06-17,variable,hazard_cal,60,0.002090461007498323,0,4.370027223870905e-06,0.0020926490710163792
s33-116-2,u002,2025-06-17,variable,hazard_cal,120,0.008353022354999906,0,6.977298246312818e-05,0.008388104343249476
s33-117-30,u030,2025-06-18,regular,empirical,30,0.0028985507246376274,0,8.401596303297314e-06,0.002902759657961351
s33-117-30,u030,2025-06-18,regular,empirical,60,0.004637681159420315,0,2.1508086536442157e-05,0.004648468567984626
s33-117-30,u030,2025-06-18,regular,empirical,120,0.0197101449275362,0,0.000388489813064481,0.0199069805668798
s33-117-30,u030,2025-06-18,regular,hazard,30,0.009005451747442272,0,8.109816117551108e-05,0.009046245926052255
s33-117-30,u030,2025-06-18,regular,hazard,60,0.02412550291272464,0,0.000582039890791885,0.024421289887248045
s33-117-30,u030,2025-06-18,regular,hazard,120,0.09143102501649081,0,0.008359632335566167,0.09588447219677723
s33-117-30,u030,2025-06-18,regular,hazard_cal,30,0.00926545634505882,0,8.584868128219075e-05,0.009308647684365406
s33-117-30,u030,2025-06-18,regular,hazard_cal,60,0.024981475273127773,0,0.0006240741068218944,0.025298808444913317
s33-117-30,u030,2025-06-18,regular,hazard_cal,120,0.09600065281162895,0,0.009216125340258922,0.10092664072697899
s33-117-38,u038,2025-06-18,regular,empirical,30,0.0028985507246376274,0,8.401596303297314e-06,0.002902759657961351
s33-117-38,u038,2025-06-18,regular,empirical,60,0.004637681159420315,0,2.1508086536442157e-05,0.004648468567984626
s33-117-38,u038,2025-06-18,regular,empirical,120,0.0197101449275362,0,0.000388489813064481,0.0199069805668798
s33-117-38,u038,2025-06-18,regular,hazard,30,0.0009313957169173603,0,8.674979814920037e-07,0.0009318297354243529
s33-117-38,u038,2025-06-18,regular,hazard,60,0.002514696909267644,0,6.323700545480242e-06,0.002517864070287908
s33-117-38,u038,2025-06-18,regular,hazard,120,0.009879281135939166,0,9.760019576292346e-05,0.009928405040839021
s33-117-38,u038,2025-06-18,regular,hazard_cal,30,0.0009155412568332411,0,8.382157929637907e-07,0.00091596062071255
s33-117-38,u038,2025-06-18,regular,hazard_cal,60,0.0024886909233127197,0,6.193582511779117e-06,0.0024917928621487184
s33-117-38,u038,2025-06-18,regular,hazard_cal,120,0.009937489369563512,0,9.875369497018781e-05,0.009987195795930883
s33-117-6,u006,2025-06-18,variable,empirical,30,0.0028985507246376274,0,8.401596303297314e-06,0.002902759657961351
s33-117-6,u006,2025-06-18,variable,empirical,60,0.004637681159420315,0,2.1508086536442157e-05,0.004648468567984626
s33-117-6,u006,2025-06-18,variable,empirical,120,0.0197101449275362,0,0.000388489813064481,0.0199069805668798
s33-117-6,u006,2025-06-18,variable,hazard,30,0.0023817517647320985,0,5.672741468804465e-06,0.0023845926472141937
s33-117-6,u006,2025-06-18,variable,hazard,60,0.006421563233191319,0,4.1236474357874544e-05,0.006442270165220152
s33-117-6,u006,2025-06-18,variable,hazard,120,0.025063913143588468,0,0.0006281997420693467,0.02538336207505435
s33-117-6,u006,2025-06-18,variable,hazard_cal,30,0.0023859411695078547,0,5.69271526435251e-06,0.0023887920627518495
s33-117-6,u006,2025-06-18,variable,hazard_cal,60,0.006476332932532358,0,4.194288825300317e-05,0.0064973953641208285
s33-117-6,u006,2025-06-18,variable,hazard_cal,120,0.02568469365705528,0,0.0006597034882567757,0.02602030458192643
s33-117-8,u008,2025-06-18,regular,empirical,30,0.0028985507246376274,0,8.401596303297314e-06,0.002902759657961351
s33-117-8,u008,2025-06-18,regular,empirical,60,0.004637681159420315,0,2.1508086536442157e-05,0.004648468567984626
s33-117-8,u008,2025-06-18,regular,empirical,120,0.0197101449275362,0,0.000388489813064481,0.0199069805668798
s33-117-8,u008,2025-06-18,regular,hazard,30,0.004818744478111703,0,2.3220298345332026e-05,0.004830392060163141
s33-117-8,u008,2025-06-18,regular,hazard,60,0.012961578436501475,0,0.00016800251556558002,0.013046312683723483
s33-117-8,u008,2025-06-18,regular,hazard,120,0.05004183178235355,0,0.00250418492813337,0.05133732881216058
s33-117-8,u008,2025-06-18,regular,hazard_cal,30,0.004896162432210027,0,2.397240656258481e-05,0.0049081879039909095
s33-117-8,u008,2025-06-18,regular,hazard_cal,60,0.013257467139398682,0,0.00017576043495223586,0.013346131875362233
s33-117-8,u008,2025-06-18,regular,hazard_cal,120,0.05197326708077532,0,0.0027012204910496036,0.053372577842824946
s33-117-10,u010,2025-06-18,regular,empirical,30,0.0028985507246376274,0,8.401596303297314e-06,0.002902759657961351
s33-117-10,u010,2025-06-18,regular,empirical,60,0.004637681159420315,0,2.1508086536442157e-05,0.004648468567984626
s33-117-10,u010,2025-06-18,regular,empirical,120,0.0197101449275362,0,0.000388489813064481,0.0199069805668798
s33-117-10,u010,2025-06-18,regular,hazard,30,0.00030300128743887544,0,9.180978018961602e-08,0.0003030472016039052
s33-117-10,u010,2025-06-18,regular,hazard,60,0.0008185758492693651,0,6.700664210070624e-07,0.000818911065425586
s33-117-10,u010,2025-06-18,regular,hazard,120,0.003224994095010092,0,1.0400586912849962e-05,0.0032302055961899875
s33-117-10,u010,2025-06-18,regular,hazard_cal,30,0.00029117594676975056,0,8.478343197726061e-08,0.000291218346716502
s33-117-10,u010,2025-06-18,regular,hazard_cal,60,0.0007919783824698046,0,6.27229758299488e-07,0.0007922921630315075
s33-117-10,u010,2025-06-18,regular,hazard_cal,120,0.003171610521008117,0,1.0059113296969379e-05,0.003176650737547251
s33-117-2,u002,2025-06-18,variable,empirical,30,0.0028985507246376274,0,8.401596303297314e-06,0.002902759657961351
s33-117-2,u002,2025-06-18,variable,empirical,60,0.004637681159420315,0,2.1508086536442157e-05,0.004648468567984626
s33-117-2,u002,2025-06-18,variable,empirical,120,0.0197101449275362,0,0.000388489813064481,0.0199069805668798
s33-117-2,u002,2025-06-18,variable,hazard,30,0.001363476038228284,0,1.859066906822697e-06,0.0013644064174777317
s33-117-2,u002,2025-06-18,variable,hazard,60,0.0036797477660590605,0,1.3540543621816646e-05,0.003686534692436946
s33-117-2,u002,2025-06-18,variable,hazard,120,0.014428228619226435,0,0.00020817378108866478,0.014533327663395932
s33-117-2,u002,2025-06-18,variable,hazard_cal,30,0.001350604612380235,0,1.8241328189827652e-06,0.001351517500849891
s33-117-2,u002,2025-06-18,variable,hazard_cal,60,0.003669752397113868,0,1.3467082656122979e-05,0.0036765024575356473
s33-117-2,u002,2025-06-18,variable,hazard_cal,120,0.014623968545588228,0,0.00021386045602235387,0.014731952839287197
s33-117-22,u022,2025-06-18,regular,empirical,30,0.0028985507246376274,0,8.401596303297314e-06,0.002902759657961351
s33-117-22,u022,2025-06-18,regular,empirical,60,0.004637681159420315,0,2.1508086536442157e-05,0.004648468567984626
s33-117-22,u022,2025-06-18,regular,empirical,120,0.0197101449275362,0,0.000388489813064481,0.0199069805668798
s33-117-22,u022,2025-06-18,regular,hazard,30,0.001028398517705753,0,1.0576035112193902e-06,0.0010289276822871853
s33-117-22,u022,2025-06-18,regular,hazard,60,0.002776337428635367,0,7.708049517641642e-06,0.0027801986016628877
s33-117-22,u022,2025-06-18,regular,hazard,120,0.010902402574675119,0,0.00011886238190028265,0.010962269290626808
s33-117-22,u022,2025-06-18,regular,hazard_cal,30,0.0010129142037561545,0,1.0259951841709644e-06,0.0010134275480266515
s33-117-22,u022,2025-06-18,regular,hazard_cal,60,0.0027531153631559224,0,7.579644202845166e-06,0.002756912155530104
s33-117-22,u022,2025-06-18,regular,hazard_cal,120,0.010988380601599124,0,0.00012074450824559992,0.011049198795071666
s33-117-40,u040,2025-06-18,regular,empirical,30,0.0028985507246376274,0,8.401596303297314e-06,0.002902759657961351
s33-117-40,u040,2025-06-18,regular,empirical,60,0.004637681159420315,0,2.1508086536442157e-05,0.004648468567984626
s33-117-40,u040,2025-06-18,regular,empirical,120,0.0197101449275362,0,0.000388489813064481,0.0199069805668798
s33-117-40,u040,2025-06-18,regular,hazard,30,0.0007664460484455571,0,5.874395451778092e-07,0.0007667399183847095
s33-117-40,u040,2025-06-18,regular,hazard,60,0.002069674499657115,0,4.283552534530929e-06,0.002071819235705677
s33-117-40,u040,2025-06-18,regular,hazard,120,0.008137003230759832,0,6.621082157739594e-05,0.008170289330589482
s33-117-40,u040,2025-06-18,regular,hazard_cal,30,0.000750444264095651,0,5.631665935140632e-07,0.0007507259883467914
s33-117-40,u040,2025-06-18,regular,hazard_cal,60,0.0020402411531109665,0,4.162583962847566e-06,0.0020423252803229504
s33-117-40,u040,2025-06-18,regular,hazard_cal,120,0.00815305531031052,0,6.647231089298256e-05,0.008186473228462407
s33-117-51,u051,2025-06-18,regular,empirical,30,0.0028985507246376274,0,8.401596303297314e-06,0.002902759657961351
s33-117-51,u051,2025-06-18,regular,empirical,60,0.004637681159420315,0,2.1508086536442157e-05,0.004648468567984626
s33-117-51,u051,2025-06-18,regular,empirical,120,0.0197101449275362,0,0.000388489813064481,0.0199069805668798
s33-117-51,u051,2025-06-18,regular,hazard,30,0.0008302284291307194,0,6.892792445368619e-07,0.0008305732596249181
s33-117-51,u051,2025-06-18,regular,hazard,60,0.0022417715886527967,0,5.025539855690884e-06,0.0022442881202768216
s33-117-51,u051,2025-06-18,regular,hazard,120,0.008811076778441285,0,7.763507399558724e-05,0.008850123849139295
s33-117-51,u051,2025-06-18,regular,hazard_cal,30,0.0008142062375249282,0,6.629317972244997e-07,0.0008145378834545498
s33-117-51,u051,2025-06-18,regular,hazard_cal,60,0.002213453715027236,0,4.8993773485678725e-06,0.002215907024561472
s33-117-51,u051,2025-06-18,regular,hazard_cal,120,0.008842613394498655,0,7.819181164456702e-05,0.008881941313024081
s33-117-16,u016,2025-06-18,regular,empirical,30,0.0028985507246376274,0,8.401596303297314e-06,0.002902759657961351
s33-117-16,u016,2025-06-18,regular,empirical,60,0.004637681159420315,0,2.1508086536442157e-05,0.004648468567984626
s33-117-16,u016,2025-06-18,regular,empirical,120,0.0197101449275362,0,0.000388489813064481,0.0199069805668798
s33-117-16,u016,2025-06-18,regular,hazard,30,0.0029042721630886392,0,8.434796797291564e-06,0.002908497744963673
s33-117-16,u016,2025-06-18,regular,hazard,60,0.00782641427127817,0,6.125276034566661e-05,0.007857201391830089
s33-117-16,u016,2025-06-18,regular,hazard,120,0.030475689302584597,0,0.0009287676384676692,0.030949729113645047
s33-117-16,u016,2025-06-18,regular,hazard_cal,30,0.002921027358045447,0,8.532400826449965e-06,0.0029253018844938544
s33-117-16,u016,2025-06-18,regular,hazard_cal,60,0.007924613981460271,0,6.279950675515561e-05,0.007956180614357593
s33-117-16,u016,2025-06-18,regular,hazard_cal,120,0.031350830193586754,0,0.0009828745538271108,0.03185278651204543
s33-117-18,u018,2025-06-18,variable,empirical,30,0.0028985507246376274,0,8.401596303297314e-06,0.002902759657961351
s33-117-18,u018,2025-06-18,variable,empirical,60,0.004637681159420315,0,2.1508086536442157e-05,0.004648468567984626
s33-117-18,u018,2025-06-18,variable,empirical,120,0.0197101449275362,0,0.000388489813064481,0.0199069805668798
s33-117-18,u018,2025-06-18,variable,hazard,30,0.00037021886446908514,0,1.3706200760877884e-07,0.000370287412391901
s33-117-18,u018,2025-06-18,variable,hazard,60,0.001000103302826294,0,1.000206616324062e-06,0.0010006037398214065
s33-117-18,u018,2025-06-18,variable,hazard,120,0.003938974380080729,0,1.551551916693236e-05,0.003946752571781465
s33-117-18,u018,2025-06-18,variable,hazard_cal,30,0.00035721013971312665,0,1.2759908391387146e-07,0.000357273954452384
s33-117-18,u018,2025-06-18,variable,hazard_cal,60,0.0009715241602135105,0,9.438591938785669e-07,0.0009719963956940108
s33-117-18,u018,2025-06-18,variable,hazard_cal,120,0.003889436422845005,0,1.5127715687353349e-05,0.0038970199508420204
s33-117-1,u001,2025-06-18,regular,empirical,30,0.0028985507246376274,0,8.401596303297314e-06,0.002902759657961351
s33-117-1,u001,2025-06-18,regular,empirical,60,0.004637681159420315,0,2.1508086536442157e-05,0.004648468567984626
s33-117-1,u001,2025-06-18,regular,empirical,120,0.0197101449275362,0,0.000388489813064481,0.0199069805668798
s33-117-1,u001,2025-06-18,regular,hazard,30,0.00028091595349788445,0,7.891377292962558e-08,0.0002809554177752857
s33-117-1,u001,2025-06-18,regular,hazard,60,0.0007589271717723944,0,5.759704520544455e-07,0.0007592153027879496
s33-117-1,u001,2025-06-18,regular,hazard,120,0.0029902904673302366,0,8.941837079006084e-06,0.002994770318803516
s33-117-1,u001,2025-06-18,regular,hazard_cal,30,0.0002695409928182846,0,7.265234680946654e-08,0.0002695773255206044
s33-117-1,u001,2025-06-18,regular,hazard_cal,60,0.0007331482966348446,0,5.375064248585741e-07,0.0007334171812768512
s33-117-1,u001,2025-06-18,regular,hazard_cal,120,0.002936311192580865,0,8.621923419675661e-06,0.002940630611802269
s33-117-21,u021,2025-06-18,regular,empirical,30,0.0028985507246376274,0,8.401596303297314e-06,0.002902759657961351
s33-117-21,u021,2025-06-18,regular,empirical,60,0.004637681159420315,0,2.1508086536442157e-05,0.004648468567984626
s33-117-21,u021,2025-06-18,regular,empirical,120,0.0197101449275362,0,0.000388489813064481,0.0199069805668798
s33-117-21,u021,2025-06-18,regular,hazard,30,0.0003968753090163313,0,1.5751001090680845e-07,0.0003969540848652671
s33-117-21,u021,2025-06-18,regular,hazard,60,0.0010720850497746293,0,1.1493663539502693e-06,0.0010726601440216436
s33-117-21,u021,2025-06-18,regular,hazard,120,0.004221971643263656,0,1.782504455652241e-05,0.004230909330855095
s33-117-21,u021,2025-06-18,regular,hazard_cal,30,0.0003834670719953248,0,1.4704699530466763e-07,0.0003835406142942781
s33-117-21,u021,2025-06-18,regular,hazard_cal,60,0.0010429098499251666,0,1.0876609550709334e-06,0.001043454058809475
s33-117-21,u021,2025-06-18,regular,hazard_cal,120,0.0041747145368742355,0,1.742824146438906e-05,0.004183452986441155
s33-117-3,u003,2025-06-18,regular,empirical,30,0.0028985507246376274,0,8.401596303297314e-06,0.002902759657961351
s33-117-3,u003,2025-06-18,regular,empirical,60,0.004637681159420315,0,2.1508086536442157e-05,0.004648468567984626
s33-117-3,u003,2025-06-18,regular,empirical,120,0.0197101449275362,0,0.000388489813064481,0.0199069805668798
s33-117-3,u003,2025-06-18,regular,hazard,30,0.001210730397980142,0,1.4658680965931531e-06,0.0012114639241565064
s33-117-3,u003,2025-06-18,regular,hazard,60,0.0032679990934368908,0,1.067981807470434e-05,0.003273350664942219
s33-117-3,u003,2025-06-18,regular,hazard,120,0.012822579548119939,0,0.00016441854626786373,0.012905498406324798
s33-117-3,u003,2025-06-18,regular,hazard_cal,30,0.0011964315671543213,0,1.4314484948833452e-06,0.001197147862791237
s33-117-3,u003,2025-06-18,regular,hazard_cal,60,0.0032513354738287203,0,1.057118236337703e-05,0.0032566325498408206
s33-117-3,u003,2025-06-18,regular,hazard_cal,120,0.012965850348782948,0,0.0001681132752670349,0.013050640703213517
s33-117-34,u034,2025-06-18,variable,empirical,30,0.0028985507246376274,0,8.401596303297314e-06,0.002902759657961351
s33-117-34,u034,2025-06-18,variable,empirical,60,0.004637681159420315,0,2.1508086536442157e-05,0.004648468567984626
s33-117-34,u034,2025-06-18,variable,empirical,120,0.0197101449275362,0,0.000388489813064481,0.0199069805668798
s33-117-34,u034,2025-06-18,variable,hazard,30,0.001268345561608819,0,1.6087004636527905e-06,0.0012691505926176463
s33-117-34,u034,2025-06-18,variable,hazard,60,0.003423323617402496,0,1.1719144589465711e-05,0.0034291965969342657
s33-117-34,u034,2025-06-18,variable,hazard,120,0.013428540690153867,0,0.0001803257050671181,0.0135195189307042
s33-117-34,u034,2025-06-18,variable,hazard_cal,30,0.0012545416025488976,0,1.5738746325259562e-06,0.0012553291986487876
s33-117-34,u034,2025-06-18,variable,hazard_cal,60,0.0034090576266530004,0,1.1621673901840987e-05,0.0034148817037807804
s33-117-34,u034,2025-06-18,variable,hazard_cal,120,0.013591156905810364,0,0.00018471954603835675,0.013684362153747623
s33-117-32,u032,2025-06-18,regular,empirical,30,0.0028985507246376274,0,8.401596303297314e-06,0.002902759657961351
s33-117-32,u032,2025-06-18,regular,empirical,60,0.004637681159420315,0,2.1508086536442157e-05,0.004648468567984626
s33-117-32,u032,2025-06-18,regular,empirical,120,0.0197101449275362,0,0.000388489813064481,0.0199069805668798
s33-117-32,u032,2025-06-18,regular,hazard,30,0.004213692526113144,0,1.775520470462177e-05,0.00422259514586834
s33-117-32,u032,2025-06-18,regular,hazard,60,0.01134070779219487,0,0.00012861165322794945,0.0114055039743161
s33-117-32,u032,2025-06-18,regular,hazard,120,0.04390233295816215,0,0.0019274148391693305,0.044895208971280985
s33-117-32,u032,2025-06-18,regular,hazard_cal,30,0.004269859701966916,0,1.8231701874481002e-05,0.004279001585224142
s33-117-32,u032,2025-06-18,regular,hazard_cal,60,0.011568685106148946,0,0.00013383447508523246,0.0116361229597542
s33-117-32,u032,2025-06-18,regular,hazard_cal,120,0.04548351928045291,0,0.0020687505261353318,0.04655036962747368
s33-117-39,u039,2025-06-18,variable,empirical,30,0.0028985507246376274,0,8.401596303297314e-06,0.002902759657961351
s33-117-39,u039,2025-06-18,variable,empirical,60,0.004637681159420315,0,2.1508086536442157e-05,0.004648468567984626
s33-117-39,u039,2025-06-18,variable,empirical,120,0.0197101449275362,0,0.000388489813064481,0.0199069805668798
s33-117-39,u039,2025-06-18,variable,hazard,30,0.0015455833715782852,0,2.3888279584992995e-06,0.0015467790176968493
s33-117-39,u039,2025-06-18,variable,hazard,60,0.004170486738325652,0,1.7392959634550134e-05,0.004179207473060727
s33-117-39,u039,2025-06-18,variable,hazard,120,0.0163390190808137,0,0.00026696354452319417,0.016473972880719077
s33-117-39,u039,2025-06-18,variable,hazard_cal,30,0.0015348669543944204,0,2.355816567692004e-06,0.0015360460693557736
s33-117-39,u039,2025-06-18,variable,hazard_cal,60,0.004169664610932267,0,1.738610296766093e-05,0.004178381902977621
s33-117-39,u039,2025-06-18,variable,hazard_cal,120,0.016601923011066888,0,0.00027562384766539227,0.016741279478110424
s33-117-5,u005,2025-06-18,variable,empirical,30,0.0028985507246376274,0,8.401596303297314e-06,0.002902759657961351
s33-117-5,u005,2025-06-18,variable,empirical,60,0.004637681159420315,0,2.1508086536442157e-05,0.004648468567984626
s33-117-5,u005,2025-06-18,variable,empirical,120,0.0197101449275362,0,0.000388489813064481,0.0199069805668798
s33-117-5,u005,2025-06-18,variable,hazard,30,0.0002804534663385372,0,7.8654146781301e-08,0.0002804928007664175
s33-117-5,u005,2025-06-18,variable,hazard,60,0.0007576780465790023,0,5.740760222677727e-07,0.0007579652296608434
s33-117-5,u005,2025-06-18,variable,hazard,120,0.002985374950831843,0,8.912463597054228e-06,0.002989840071551108
s33-117-5,u005,2025-06-18,variable,hazard_cal,30,0.00026908829450478233,0,7.240851023949247e-08,0.000269124505255974
s33-117-5,u005,2025-06-18,variable,hazard_cal,60,0.0007319172861506296,0,5.357029137661025e-07,0.00073218526837604
s33-117-5,u005,2025-06-18,variable,hazard_cal,120,0.0029313870839711154,0,8.59303023607268e-06,0.002935692014091873
s33-117-56,u056,2025-06-18,new,empirical,30,0.0028985507246376274,0,8.401596303297314e-06,0.002902759657961351
s33-117-56,u056,2025-06-18,new,empirical,60,0.004637681159420315,0,2.1508086536442157e-05,0.004648468567984626
s33-117-56,u056,2025-06-18,new,empirical,120,0.0197101449275362,0,0.000388489813064481,0.0199069805668798
s33-117-56,u056,2025-06-18,new,hazard,30,0.0005625484816115245,0,3.164607941634317e-07,0.0005627067713751675
s33-117-56,u056,2025-06-18,new,hazard,60,0.0015193777652062757,0,2.3085087934032165e-06,0.0015205331901025458
s33-117-56,u056,2025-06-18,new,hazard,120,0.005978983504034807,0,3.574824374152034e-05,0.005996929192978816
s33-117-56,u056,2025-06-18,new,hazard_cal,30,0.0005473795206574206,0,2.996243396351475e-07,0.0005475293875191008
s33-117-56,u056,2025-06-18,new,hazard_cal,60,0.001488461903708771,0,2.2155188387923385e-06,0.001489570763595224
s33-117-56,u056,2025-06-18,new,hazard_cal,120,0.005953695431168193,0,3.544648928711302e-05,0.005971489337295827
s33-117-52,u052,2025-06-18,regular,empirical,30,0.0028985507246376274,0,8.401596303297314e-06,0.002902759657961351
s33-117-52,u052,2025-06-18,regular,empirical,60,0.004637681159420315,0,2.1508086536442157e-05,0.004648468567984626
s33-117-52,u052,2025-06-18,regular,empirical,120,0.0197101449275362,0,0.000388489813064481,0.0199069805668798
s33-117-52,u052,2025-06-18,regular,hazard,30,0.0005995577059679791,0,3.5946944278558565e-07,0.0005997375125625834
s33-117-52,u052,2025-06-18,regular,hazard,60,0.0016192775963738137,0,2.6220599341181556e-06,0.0016205900433428713
s33-117-52,u052,2025-06-18,regular,hazard,120,0.006371041446031622,0,4.0590169107052705e-05,0.006391423145136044
s33-117-52,u052,2025-06-18,regular,hazard_cal,30,0.0005841407285297473,0,3.4122039072726394e-07,0.0005843114051944749
s33-117-52,u052,2025-06-18,regular,hazard_cal,60,0.001588367808529667,0,2.522912295173337e-06,0.001589630602041441
s33-117-52,u052,2025-06-18,regular,hazard_cal,120,0.006352222848170719,0,4.035073511282212e-05,0.006372484063805952
s33-118-52,u052,2025-06-19,regular,empirical,30,0.0028985507246376274,0,8.401596303297314e-06,0.002902759657961351
s33-118-52,u052,2025-06-19,regular,empirical,60,0.004637681159420315,0,2.1508086536442157e-05,0.004648468567984626
s33-118-52,u052,2025-06-19,regular,empirical,120,0.0197101449275362,0,0.000388489813064481,0.0199069805668798
s33-118-52,u052,2025-06-19,regular,hazard,30,0.00038493220400082073,0,1.4817280167692947e-07,0.0003850063094193107
s33-118-52,u052,2025-06-19,regular,hazard,60,0.001039834936009565,0,1.081256694146016e-06,0.001040375939425322
s33-118-52,u052,2025-06-19,regular,hazard,120,0.004095188283177342,0,1.677056707467299e-05,0.004103596530135399
s33-118-52,u052,2025-06-19,regular,hazard_cal,30,0.0003716984181011407,0,1.3815971401889038e-07,0.0003717675150808393
s33-118-52,u052,2025-06-19,regular,hazard_cal,60,0.001010914429505294,0,1.0219479837820143e-06,0.0010114257481258118
s33-118-52,u052,2025-06-19,regular,hazard_cal,120,0.004046860095768268,0,1.637707663472155e-05,0.004055070793268243
s33-118-54,u054,2025-06-19,new,empirical,30,0.0028985507246376274,0,8.401596303297314e-06,0.002902759657961351
s33-118-54,u054,2025-06-19,new,empirical,60,0.004637681159420315,0,2.1508086536442157e-05,0.004648468567984626
s33-118-54,u054,2025-06-19,new,empirical,120,0.0197101449275362,0,0.000388489813064481,0.0199069805668798
s33-118-54,u054,2025-06-19,new,hazard,30,0.002154251368967852,0,4.640798960699865e-06,0.0021565751063242567
s33-118-54,u054,2025-06-19,new,hazard,60,0.005809461581295694,0,3.3749843864550664e-05,0.005826402145461289
s33-118-54,u054,2025-06-19,new,hazard,120,0.022697990943523427,0,0.0005151987928722716,0.02295955591810873
s33-118-54,u054,2025-06-19,new,hazard_cal,30,0.0021536797306569433,0,4.638336382242564e-06,0.0021560022340662392
s33-118-54,u054,2025-06-19,new,hazard_cal,60,0.005847214998756622,0,3.418992324168441e-05,0.005864376892599555
s33-118-54,u054,2025-06-19,new,hazard_cal,120,0.023214594570209912,0,0.0005389174010592196,0.023488297503456664
s33-118-5,u005,2025-06-19,variable,empirical,30,0.0028985507246376274,0,8.401596303297314e-06,0.002902759657961351
s33-118-5,u005,2025-06-19,variable,empirical,60,0.004637681159420315,0,2.1508086536442157e-05,0.004648468567984626
s33-118-5,u005,2025-06-19,variable,empirical,120,0.0197101449275362,0,0.000388489813064481,0.0199069805668798
s33-118-5,u005,2025-06-19,variable,hazard,30,0.0002747372334976905,0,7.548054746996453e-08,0.0002747749806852891
s33-118-5,u005,2025-06-19,variable,hazard,60,0.0007422390601409257,0,5.509188223988846e-07,0.0007425146559325378
s33-118-5,u005,2025-06-19,variable,hazard,120,0.0029246182629276696,0,8.55339198385006e-06,0.002928903315721423
s33-118-5,u005,2025-06-19,variable,hazard_cal,30,0.0002634942999507617,0,6.942924610654196e-08,0.0002635290206730905
s33-118-5,u005,2025-06-19,variable,hazard_cal,60,0.0007167055957039148,0,5.136669109133034e-07,0.0007169625519413558
s33-118-5,u005,2025-06-19,variable,hazard_cal,120,0.0028705377850334335,0,8.239987175304651e-06,0.0028746656800326853
s33-118-6,u006,2025-06-19,variable,empirical,30,0.0028985507246376274,0,8.401596303297314e-06,0.002902759657961351
s33-118-6,u006,2025-06-19,variable,empirical,60,0.004637681159420315,0,2.1508086536442157e-05,0.004648468567984626
s33-118-6,u006,2025-06-19,variable,empirical,120,0.0197101449275362,0,0.000388489813064481,0.0199069805668798
s33-118-6,u006,2025-06-19,variable,hazard,30,0.0035814948371692967,0,1.2827105268670328e-05,0.003587923744459263
s33-118-6,u006,2025-06-19,variable,hazard,60,0.009645090979249371,0,9.302777999799759e-05,0.00969190613675357
s33-118-6,u006,2025-06-19,variable,hazard,120,0.037443854257111164,0,0.001402042221627782,0.03816288128214999
s33-118-6,u006,2025-06-19,variable,hazard_cal,30,0.0036173874473763856,0,1.3085491944436243e-05,0.0036239460147118184
s33-118-6,u006,2025-06-19,variable,hazard_cal,60,0.00980713530461319,0,9.617990288299046e-05,0.00985554200343237
s33-118-6,u006,2025-06-19,variable,hazard_cal,120,0.038673852697115096,0,0.0014956668824381567,0.039441544339692686
s33-118-2,u002,2025-06-19,variable,empirical,30,0.0028985507246376274,0,8.401596303297314e-06,0.002902759657961351
s33-118-2,u002,2025-06-19,variable,empirical,60,0.004637681159420315,0,2.1508086536442157e-05,0.004648468567984626
s33-118-2,u002,2025-06-19,variable,empirical,120,0.0197101449275362,0,0.000388489813064481,0.0199069805668798
s33-118-2,u002,2025-06-19,variable,hazard,30,0.0011338039578768777,0,1.2855114148972727e-06,0.0011344471998371464
s33-118-2,u002,2025-06-19,variable,hazard,60,0.0030605864523458592,0,9.367189432283013e-06,0.003065279625416265
s33-118-2,u002,2025-06-19,variable,hazard,120,0.012012917921586763,0,0.00014431019699078044,0.012085656139165235
s33-118-2,u002,2025-06-19,variable,hazard_cal,30,0.0011189317259310272,0,1.2520082072949873e-06,0.001119558197397475
s33-118-2,u002,2025-06-19,variable,hazard_cal,60,0.0030409576703828156,0,9.247423553060082e-06,0.003045590777264726
s33-118-2,u002,2025-06-19,variable,hazard_cal,120,0.012131258348646035,0,0.0001471674291215941,0.012205442639556125
s33-118-25,u025,2025-06-19,variable,empirical,30,0.0028985507246376274,0,8.401596303297314e-06,0.002902759657961351
s33-118-25,u025,2025-06-19,variable,empirical,60,0.004637681159420315,0,2.1508086536442157e-05,0.004648468567984626
s33-118-25,u025,2025-06-19,variable,empirical,120,0.0197101449275362,0,0.000388489813064481,0.0199069805668798
s33-118-25,u025,2025-06-19,variable,hazard,30,0.00016750236139795316,0,2.805704107389051e-08,0.00016751639148522714
s33-118-25,u025,2025-06-19,variable,hazard,60,0.00045257661033293317,0,2.0482558822044763e-07,0.0004526790540372924
s33-118-25,u025,2025-06-19,variable,hazard,120,0.001784134793748282,0,3.183136962263225e-06,0.001785728257814594
s33-118-25,u025,2025-06-19,variable,hazard_cal,30,0.00015905331684473722,0,2.529795759931237e-08,0.00015906596716493826
s33-118-25,u025,2025-06-19,variable,hazard_cal,60,0.0004326698093958248,0,1.8720316396261935e-07,0.0004327634379856228
s33-118-25,u025,2025-06-19,variable,hazard_cal,120,0.0017337648766738711,0,3.0059406475879637e-06,0.001735269586457828
s33-118-51,u051,2025-06-19,regular,empirical,30,0.0028985507246376274,0,8.401596303297314e-06,0.002902759657961351
s33-118-51,u051,2025-06-19,regular,empirical,60,0.004637681159420315,0,2.1508086536442157e-05,0.004648468567984626
s33-118-51,u051,2025-06-19,regular,empirical,120,0.0197101449275362,0,0.000388489813064481,0.0199069805668798
s33-118-51,u051,2025-06-19,regular,hazard,30,0.0010251325700643132,0,1.0508967862066641e-06,0.0010256583778365804
s33-118-51,u051,2025-06-19,regular,hazard,60,0.0027675291572355487,0,7.659217636148907e-06,0.0027713658464547826
s33-118-51,u051,2025-06-19,regular,hazard,120,0.010867973196839298,0,0.00011811284140721739,0.01092746101820219
s33-118-51,u051,2025-06-19,regular,hazard_cal,30,0.001009632678086847,0,1.0193581446608188e-06,0.001010142700478258
s33-118-51,u051,2025-06-19,regular,hazard_cal,60,0.0027442049229411403,0,7.530660659094389e-06,0.0027479771560382812
s33-118-51,u051,2025-06-19,regular,hazard_cal,120,0.010952983707197994,0,0.00011996785209014471,0.011013409265109084
s33-118-11,u011,2025-06-19,variable,empirical,30,0.0028985507246376274,0,8.401596303297314e-06,0.002902759657961351
s33-118-11,u011,2025-06-19,variable,empirical,60,0.004637681159420315,0,2.1508086536442157e-05,0.004648468567984626
s33-118-11,u011,2025-06-19,variable,empirical,120,0.0197101449275362,0,0.000388489813064481,0.0199069805668798
s33-118-11,u011,2025-06-19,variable,hazard,30,0.000845314944053488,0,7.145573546401515e-07,0.0008456724242005459
s33-118-11,u011,2025-06-19,variable,hazard,60,0.002282474802103751,0,5.2096912222385575e-06,0.002285083618175485
s33-118-11,u011,2025-06-19,variable,hazard,120,0.008970447259659897,0,8.046892403833976e-05,0.009010923966275399
s33-118-11,u011,2025-06-19,variable,hazard_cal,30,0.0008293026693187988,0,6.87742917339285e-07,0.0008296467310114735
s33-118-11,u011,2025-06-19,variable,hazard_cal,60,0.0022544607612023926,0,5.082593323801271e-06,0.0022570058838365563
s33-118-11,u011,2025-06-19,variable,hazard_cal,120,0.009005802270720453,0,8.110447453931367e-05,0.009046599634698574
s33-118-20,u020,2025-06-19,variable,empirical,30,0.0028985507246376274,0,8.401596303297314e-06,0.002902759657961351
s33-118-20,u020,2025-06-19,variable,empirical,60,0.004637681159420315,0,2.1508086536442157e-05,0.004648468567984626
s33-118-20,u020,2025-06-19,variable,empirical,120,0.0197101449275362,0,0.000388489813064481,0.0199069805668798
s33-118-20,u020,2025-06-19,variable,hazard,30,0.0007121827222154042,0,5.072042298221436e-07,0.0007124364448020291
s33-118-20,u020,2025-06-19,variable,hazard,60,0.0019232449780470784,0,3.698871245583307e-06,0.001925096788374069
s33-118-20,u020,2025-06-19,variable,hazard,120,0.007563159351486437,0,5.720137937597674e-05,0.007591905071870383
s33-118-20,u020,2025-06-19,variable,hazard_cal,30,0.0006962822006020275,0,4.848089028752021e-07,0.0006965247176335277
s33-118-20,u020,2025-06-19,variable,hazard_cal,60,0.0018930902719722642,0,3.5837907778360213e-06,0.0018948844320567611
s33-118-20,u020,2025-06-19,variable,hazard_cal,120,0.007566926994353462,0,5.725838413787512e-05,0.007595701434383727
s33-118-22,u022,2025-06-19,regular,empirical,30,0.0028985507246376274,0,8.401596303297314e-06,0.002902759657961351
s33-118-22,u022,2025-06-19,regular,empirical,60,0.004637681159420315,0,2.1508086536442157e-05,0.004648468567984626
s33-118-22,u022,2025-06-19,regular,empirical,120,0.0197101449275362,0,0.000388489813064481,0.0199069805668798
s33-118-22,u022,2025-06-19,regular,hazard,30,0.0004757142206882614,0,2.263040197650399e-07,0.000475827408596299
s33-118-22,u022,2025-06-19,regular,hazard,60,0.0012849561046474056,0,1.6511121908706344e-06,0.001285782368627315
s33-118-22,u022,2025-06-19,regular,hazard,120,0.005058478797528632,0,2.558820774504671e-05,0.005071316211557582
s33-118-22,u022,2025-06-19,regular,hazard_cal,30,0.0004613246472313648,0,2.1282043014314316e-07,0.0004614310901842003
s33-118-22,u022,2025-06-19,regular,hazard_cal,60,0.0012545625863504828,0,1.5739272830704126e-06,0.001255350208808713
s33-118-22,u022,2025-06-19,regular,hazard_cal,120,0.0050201309426541885,0,2.520171468139403e-05,0.00503277413138608
s33-118-26,u026,2025-06-19,variable,empirical,30,0.0028985507246376274,0,8.401596303297314e-06,0.002902759657961351
s33-118-26,u026,2025-06-19,variable,empirical,60,0.004637681159420315,0,2.1508086536442157e-05,0.004648468567984626
s33-118-26,u026,2025-06-19,variable,empirical,120,0.0197101449275362,0,0.000388489813064481,0.0199069805668798
s33-118-26,u026,2025-06-19,variable,hazard,30,0.00036393138138979264,0,1.324460503602827e-07,0.0003639976204864509
s33-118-26,u026,2025-06-19,variable,hazard,60,0.000983124354685505,0,9.665334967757908e-07,0.000983607938408497
s33-118-26,u026,2025-06-19,variable,hazard,120,0.0038722114759058845,0,1.4994021714137228e-05,0.003879727896483783
s33-118-26,u026,2025-06-19,variable,hazard_cal,30,0.00035102234645301156,0,1.2321668770937806e-07,0.0003510839692179332
s33-118-26,u026,2025-06-19,variable,hazard_cal,60,0.0009547006454831974,0,9.114533224860338e-07,0.000955156662407311
s33-118-26,u026,2025-06-19,variable,hazard_cal,120,0.003822194576065474,0,1.460917137730433e-05,0.0038295178283066387
s33-118-37,u037,2025-06-19,variable,empirical,30,0.0028985507246376274,0,8.401596303297314e-06,0.002902759657961351
s33-118-37,u037,2025-06-19,variable,empirical,60,0.004637681159420315,0,2.1508086536442157e-05,0.004648468567984626
s33-118-37,u037,2025-06-19,variable,empirical,120,0.0197101449275362,0,0.000388489813064481,0.0199069805668798
s33-118-37,u037,2025-06-19,variable,hazard,30,0.0009864924256716145,0,9.73167305907466e-07,0.000986979329568911
s33-118-37,u037,2025-06-19,variable,hazard,60,0.0026633123506354384,0,7.093232677047264e-06,0.002666865276744041
s33-118-37,u037,2025-06-19,variable,hazard,120,0.01046053816772441,0,0.00010942285875841914,0.01051563415637751
s33-118-37,u037,2025-06-19,variable,hazard_cal,30,0.0009708244067984095,0,9.425000288354837e-07,0.0009712959620357536
s33-118-37,u037,2025-06-19,variable,hazard_cal,60,0.002638823147374292,0,6.963387603118364e-06,0.0026423109783731535
s33-118-37,u037,2025-06-19,variable,hazard_cal,120,0.01053427058180989,0,0.00011097085669078529,0.010590148780639822
s33-118-39,u039,2025-06-19,variable,empirical,30,0.0028985507246376274,0,8.401596303297314e-06,0.002902759657961351
s33-118-39,u039,2025-06-19,variable,empirical,60,0.004637681159420315,0,2.1508086536442157e-05,0.004648468567984626
s33-118-39,u039,2025-06-19,variable,empirical,120,0.0197101449275362,0,0.000388489813064481,0.0199069805668798
s33-118-39,u039,2025-06-19,variable,hazard,30,0.0012766169780635828,0,1.6297509086801942e-06,0.0012774325477051837
s33-118-39,u039,2025-06-19,variable,hazard,60,0.0034456210839333146,0,1.187230465404579e-05,0.0034515709074167318
s33-118-39,u039,2025-06-19,variable,hazard,120,0.013515503023155406,0,0.00018266882196892292,0.013607668821010926
s33-118-39,u039,2025-06-19,variable,hazard_cal,30,0.0012628884899401616,0,1.5948873380233415e-06,0.0012636866056340201
s33-118-39,u039,2025-06-19,variable,hazard_cal,60,0.003431711262151582,0,1.1776642186778005e-05,0.0034376130893579654
s33-118-39,u039,2025-06-19,variable,hazard_cal,120,0.013680941931785928,0,0.0001871681721408985,0.013775388418428782
s33-118-13,u013,2025-06-19,variable,empirical,30,0.0028985507246376274,0,8.401596303297314e-06,0.002902759657961351
s33-118-13,u013,2025-06-19,variable,empirical,60,0.004637681159420315,0,2.1508086536442157e-05,0.004648468567984626
s33-118-13,u013,2025-06-19,variable,empirical,120,0.0197101449275362,0,0.000388489813064481,0.0199069805668798
s33-118-13,u013,2025-06-19,variable,hazard,30,0.0010556450226221203,0,1.114386413786857e-06,0.0010562026082718975
s33-118-13,u013,2025-06-19,variable,hazard,60,0.002849819178654789,0,8.121469351028655e-06,0.0028538876447639244
s33-118-13,u013,2025-06-19,variable,hazard,120,0.011189585220892084,0,0.00012520681741560655,0.011252659588318139
s33-118-13,u013,2025-06-19,variable,hazard_cal,30,0.001040298795536354,0,1.082221583994389e-06,0.0010408402818993328
s33-118-13,u013,2025-06-19,variable,hazard_cal,60,0.0028274714650712296,0,7.994594885792045e-06,0.0028314763133583786
s33-118-13,u013,2025-06-19,variable,hazard_cal,120,0.011283719494580291,0,0.0001273223256323713,0.01134786363687412
s33-118-31,u031,2025-06-19,variable,empirical,30,0.0028985507246376274,0,8.401596303297314e-06,0.002902759657961351
s33-118-31,u031,2025-06-19,variable,empirical,60,0.004637681159420315,0,2.1508086536442157e-05,0.004648468567984626
s33-118-31,u031,2025-06-19,variable,empirical,120,0.0197101449275362,0,0.000388489813064481,0.0199069805668798
s33-118-31,u031,2025-06-19,variable,hazard,30,0.0008426626356680122,0,7.100803175509611e-07,0.0008430178754056436
s33-118-31,u031,2025-06-19,variable,hazard,60,0.00227531899570943,0,5.177076532236169e-06,0.0022779114671884902
s33-118-31,u031,2025-06-19,variable,hazard,120,0.008942430790577882,0,7.996706844427537e-05,0.008982654301664167
s33-118-31,u031,2025-06-19,variable,hazard_cal,30,0.0008266482211228832,0,6.833472814856271e-07,0.0008269900831763823
s33-118-31,u031,2025-06-19,variable,hazard_cal,60,0.002247250464215478,0,5.050134648916681e-06,0.0022497793208998635
s33-118-31,u031,2025-06-19,variable,hazard_cal,120,0.008977110320479875,0,8.058850970606629e-05,0.00901764736135557
s33-118-43,u043,2025-06-19,variable,empirical,30,0.0028985507246376274,0,8.401596303297314e-06,0.002902759657961351
s33-118-43,u043,2025-06-19,variable,empirical,60,0.004637681159420315,0,2.1508086536442157e-05,0.004648468567984626
s33-118-43,u043,2025-06-19,variable,empirical,120,0.0197101449275362,0,0.000388489813064481,0.0199069805668798
s33-118-43,u043,2025-06-19,variable,hazard,30,0.000752740117284767,0,5.666176841698847e-07,0.0007530235683791182
s33-118-43,u043,2025-06-19,variable,hazard,60,0.0020326905069893986,0,4.131830697204818e-06,0.0020347592261906375
s33-118-43,u043,2025-06-19,variable,hazard,120,0.007992092879065549,0,6.387354858761025e-05,0.008024200840992857
s33-118-43,u043,2025-06-19,variable,hazard_cal,30,0.0007367563866992333,0,5.428099733421101e-07,0.0007370279250658466
s33-118-43,u043,2025-06-19,variable,hazard_cal,60,0.0020030545421546586,0,4.0122274988464094e-06,0.0020050633388385393
s33-118-43,u043,2025-06-19,variable,hazard_cal,120,0.008004962281895067,0,6.407942113456268e-05,0.008037174010073252
s33-118-45,u045,2025-06-19,variable,empirical,30,0.0028985507246376274,0,8.401596303297314e-06,0.002902759657961351
s33-118-45,u045,2025-06-19,variable,empirical,60,0.004637681159420315,0,2.1508086536442157e-05,0.004648468567984626
s33-118-45,u045,2025-06-19,variable,empirical,120,0.0197101449275362,0,0.000388489813064481,0.0199069805668798
s33-118-45,u045,2025-06-19,variable,hazard,30,0.0006244698859647624,0,3.8996263847684336e-07,0.0006246649484953457
s33-118-45,u045,2025-06-19,variable,hazard,60,0.0016865195892638019,0,2.844348324970543e-06,0.001687943364467989
s33-118-45,u045,2025-06-19,variable,hazard,120,0.00663485961499366,0,4.402136211067382e-05,0.006656968141624111
s33-118-45,u045,2025-06-19,variable,hazard_cal,30,0.0006089119264599541,0,3.707737341851725e-07,0.0006090973886176146
s33-118-45,u045,2025-06-19,variable,hazard_cal,60,0.001655684426910442,0,2.741290921513759e-06,0.0016570565871565893
s33-118-45,u045,2025-06-19,variable,hazard_cal,120,0.0066206737927517745,0,4.3833321470030166e-05,0.006642687671759299
s33-118-46,u046,2025-06-19,variable,empirical,30,0.0028985507246376274,0,8.401596303297314e-06,0.002902759657961351
s33-118-46,u046,2025-06-19,variable,empirical,60,0.004637681159420315,0,2.1508086536442157e-05,0.004648468567984626
s33-118-46,u046,2025-06-19,variable,empirical,120,0.0197101449275362,0,0.000388489813064481,0.0199069805668798
s33-118-46,u046,2025-06-19,variable,hazard,30,0.00030454035318205896,0,9.274482671625321e-08,0.00030458673501241543
s33-118-46,u046,2025-06-19,variable,hazard,60,0.000822732505707302,0,6.768887759474159e-07,0.0008230711358426954
s33-118-46,u046,2025-06-19,variable,hazard,120,0.0032413478238830784,0,1.0506335715391568e-05,0.0032466123709711013
s33-118-46,u046,2025-06-19,variable,hazard_cal,30,0.0002926848400810478,0,8.566441561326852e-08,0.00029272768064824805
s33-118-46,u046,2025-06-19,variable,hazard_cal,60,0.0007960812946744555,0,6.337454277305573e-07,0.0007963983356597533
s33-118-46,u046,2025-06-19,variable,hazard_cal,120,0.003188018935786574,0,1.016346473493376e-05,0.003193111494483425
s33-118-18,u018,2025-06-19,variable,empirical,30,0.0028985507246376274,0,8.401596303297314e-06,0.002902759657961351
s33-118-18,u018,2025-06-19,variable,empirical,60,0.004637681159420315,0,2.1508086536442157e-05,0.004648468567984626
s33-118-18,u018,2025-06-19,variable,empirical,120,0.0197101449275362,0,0.000388489813064481,0.0199069805668798
s33-118-18,u018,2025-06-19,variable,hazard,30,0.0005723938235998594,0,3.276346892952669e-07,0.0005725577034833796
s33-118-18,u018,2025-06-19,variable,hazard,60,0.001545954214140166,0,2.3899744322177387e-06,0.001547150434383053
s33-118-18,u018,2025-06-19,variable,hazard,120,0.006083295846005754,0,3.700648835003086e-05,0.006101874474697781
s33-118-18,u018,2025-06-19,variable,hazard_cal,30,0.0005571542513871375,0,3.104208598387616e-07,0.0005573095194919251
s33-118-18,u018,2025-06-19,variable,hazard_cal,60,0.0015150273817337023,0,2.2953079674028773e-06,0.0015161761961875852
s33-118-18,u018,2025-06-19,variable,hazard_cal,120,0.006059679170602905,0,3.671971165063871e-05,0.006078113535045537
s33-118-58,u058,2025-06-19,new,empirical,30,0.0028985507246376274,0,8.401596303297314e-06,0.002902759657961351
s33-118-58,u058,2025-06-19,new,empirical,60,0.004637681159420315,0,2.1508086536442157e-05,0.004648468567984626
s33-118-58,u058,2025-06-19,new,empirical,120,0.0197101449275362,0,0.000388489813064481,0.0199069805668798
s33-118-58,u058,2025-06-19,new,hazard,30,0.0012913823566556015,0,1.6676683910813752e-06,0.0012922169094129864
s33-118-58,u058,2025-06-19,new,hazard,60,0.0034854236040481323,0,1.2148177699655873e-05,0.0034915118437441233
s33-118-58,u058,2025-06-19,new,hazard,120,0.013670720672851244,0,0.00018688860371512237,0.013765025437109698
s33-118-58,u058,2025-06-19,new,hazard_cal,30,0.001277791297247477,0,1.63275059932139e-06,0.0012786083686524572
s33-118-58,u058,2025-06-19,new,hazard_cal,60,0.0034721568892502885,0,1.205587346356824e-05,0.003478198815714019
s33-118-58,u058,2025-06-19,new,hazard_cal,120,0.013841226091108383,0,0.00019157953970517944,0.013937909038003595
s33-118-3,u003,2025-06-19,regular,empirical,30,0.0028985507246376274,0,8.401596303297314e-06,0.002902759657961351
s33-118-3,u003,2025-06-19,regular,empirical,60,0.004637681159420315,0,2.1508086536442157e-05,0.004648468567984626
s33-118-3,u003,2025-06-19,regular,empirical,120,0.0197101449275362,0,0.000388489813064481,0.0199069805668798
s33-118-3,u003,2025-06-19,regular,hazard,30,0.0015884973204992603,0,2.5233237372333297e-06,0.0015897603200593583
s33-118-3,u003,2025-06-19,regular,hazard,60,0.004286105236301574,0,1.837069809665177e-05,0.004295316916259307
s33-118-3,u003,2025-06-19,regular,hazard,120,0.016788746156110035,0,0.00028186199749429946,0.016931274656792943
s33-118-3,u003,2025-06-19,regular,hazard_cal,30,0.0015783544905987323,0,2.491202897993184e-06,0.0015796014042683073
s33-118-3,u003,2025-06-19,regular,hazard_cal,60,0.004287622040068495,0,1.838370275848112e-05,0.004296840250351758
s33-118-3,u003,2025-06-19,regular,hazard_cal,120,0.01706813958765563,0,0.00029132138898369723,0.017215479231119553
s33-119-7,u007,2025-06-20,variable,empirical,30,0.0028985507246376274,0,8.401596303297314e-06,0.002902759657961351
s33-119-7,u007,2025-06-20,variable,empirical,60,0.004637681159420315,0,2.1508086536442157e-05,0.004648468567984626
s33-119-7,u007,2025-06-20,variable,empirical,120,0.0197101449275362,0,0.000388489813064481,0.0199069805668798
s33-119-7,u007,2025-06-20,variable,hazard,30,0.0026515028505269544,0,7.030467366352565e-06,0.0026550243103613557
s33-119-7,u007,2025-06-20,variable,hazard,60,0.007146994345019864,0,5.107952816774591e-05,0.007172656453501426
s33-119-7,u007,2025-06-20,variable,hazard,120,0.027861605251258914,0,0.0007762690471769783,0.02825710322822559
s33-119-7,u007,2025-06-20,variable,hazard_cal,30,0.002661913770243829,0,7.085784920213716e-06,0.0026654629625322964
s33-119-7,u007,2025-06-20,variable,hazard_cal,60,0.007223478293418517,0,5.2178638655488494e-05,0.007249693934443915
s33-119-7,u007,2025-06-20,variable,hazard_cal,120,0.028611282277952066,0,0.000818605473588654,0.029028563589198912
s33-119-20,u020,2025-06-20,variable,empirical,30,0.0028985507246376274,0,8.401596303297314e-06,0.002902759657961351
s33-119-20,u020,2025-06-20,variable,empirical,60,0.004637681159420315,0,2.1508086536442157e-05,0.004648468567984626
s33-119-20,u020,2025-06-20,variable,empirical,120,0.0197101449275362,0,0.000388489813064481,0.0199069805668798
s33-119-20,u020,2025-06-20,variable,hazard,30,0.0005802888968217124,0,3.3673520377455996e-07,0.0005804573295865271
s33-119-20,u020,2025-06-20,variable,hazard,60,0.001567265756367564,0,2.456321951082393e-06,0.0015684952020898052
s33-119-20,u020,2025-06-20,variable,hazard,120,0.006166936775257481,0,3.803110919002314e-05,0.00618603087171891
s33-119-20,u020,2025-06-20,variable,hazard_cal,30,0.0005649951534839603,0,3.1921952346036393e-07,0.0005651548233903386
s33-119-20,u020,2025-06-20,variable,hazard_cal,60,0.0015363367900498304,0,2.3603307324606167e-06,0.0015375181655648787
s33-119-20,u020,2025-06-20,variable,hazard_cal,120,0.006144686697262314,0,3.775717460751244e-05,0.0061636429780643045
s33-119-24,u024,2025-06-20,regular,empirical,30,0.0028985507246376274,0,8.401596303297314e-06,0.002902759657961351
s33-119-24,u024,2025-06-20,regular,empirical,60,0.004637681159420315,0,2.1508086536442157e-05,0.004648468567984626
s33-119-24,u024,2025-06-20,regular,empirical,120,0.0197101449275362,0,0.000388489813064481,0.0199069805668798
s33-119-24,u024,2025-06-20,regular,hazard,30,0.0022977195979539955,0,5.279515350821871e-06,0.002300363406225857
s33-119-24,u024,2025-06-20,regular,hazard,60,0.006195501619164934,0,3.838424031307532e-05,0.006214773379368388
s33-119-24,u024,2025-06-20,regular,hazard,120,0.02419069486711256,0,0.000585189718153746,0.02448809574415787
s33-119-24,u024,2025-06-20,regular,hazard_cal,30,0.002300096045323108,0,5.290441817711e-06,0.0023027453294168247
s33-119-24,u024,2025-06-20,regular,hazard_cal,60,0.006243840718620164,0,3.8985546919499164e-05,0.006263415013804459
s33-119-24,u024,2025-06-20,regular,hazard_cal,120,0.02477248314958158,0,0.0006136759213963034,0.025084484590496295
s33-119-32,u032,2025-06-20,regular,empirical,30,0.0028985507246376274,0,8.401596303297314e-06,0.002902759657961351
s33-119-32,u032,2025-06-20,regular,empirical,60,0.004637681159420315,0,2.1508086536442157e-05,0.004648468567984626
s33-119-32,u032,2025-06-20,regular,empirical,120,0.0197101449275362,0,0.000388489813064481,0.0199069805668798
s33-119-32,u032,2025-06-20,regular,hazard,30,0.006245196228545469,0,3.900247593303855e-05,0.006264779041425442
s33-119-32,u032,2025-06-20,regular,hazard,60,0.016775397584381513,0,0.0002814139641140731,0.016917698244741427
s33-119-32,u032,2025-06-20,regular,hazard,120,0.06435649095481621,0,0.004141757928017341,0.06652074145729363
s33-119-32,u032,2025-06-20,regular,hazard_cal,30,0.006378639646163808,0,4.068704373561275e-05,0.006399070093343755
s33-119-32,u032,2025-06-20,regular,hazard_cal,60,0.01724661920694115,0,0.00029744587406923135,0.017397074550690197
s33-119-32,u032,2025-06-20,regular,hazard_cal,120,0.0671540199802867,0,0.004509662399512744,0.06951517212677953
s33-119-26,u026,2025-06-20,variable,empirical,30,0.0028985507246376274,0,8.401596303297314e-06,0.002902759657961351
s33-119-26,u026,2025-06-20,variable,empirical,60,0.004637681159420315,0,2.1508086536442157e-05,0.004648468567984626
s33-119-26,u026,2025-06-20,variable,empirical,120,0.0197101449275362,0,0.000388489813064481,0.0199069805668798
s33-119-26,u026,2025-06-20,variable,hazard,30,0.00044637888353848965,0,1.992541076690685e-07,0.000446478540249862
s33-119-26,u026,2025-06-20,variable,hazard,60,0.0012057522443532642,0,1.4538384747629338e-06,0.0012064797484425689
s33-119-26,u026,2025-06-20,variable,hazard,120,0.004747305488335574,0,2.253690939958106e-05,0.0047586097336954885
s33-119-26,u026,2025-06-20,variable,hazard_cal,30,0.00043232151859950996,0,1.8690189544418644e-07,0.0004324149964898719
s33-119-26,u026,2025-06-20,variable,hazard_cal,60,0.0011757224913293562,0,1.3823233766177083e-06,0.001176414195238714
s33-119-26,u026,2025-06-20,variable,hazard_cal,120,0.004705287155464699,0,2.213972721538108e-05,0.004716391866668726
s33-119-29,u029,2025-06-20,regular,empirical,30,0.0028985507246376274,0,8.401596303297314e-06,0.002902759657961351
s33-119-29,u029,2025-06-20,regular,empirical,60,0.004637681159420315,0,2.1508086536442157e-05,0.004648468567984626
s33-119-29,u029,2025-06-20,regular,empirical,120,0.0197101449275362,0,0.000388489813064481,0.0199069805668798
s33-119-29,u029,2025-06-20,regular,hazard,30,0.001996331237132387,0,3.985338408350527e-06,0.0019983265623321634
s33-119-29,u029,2025-06-20,regular,hazard,60,0.005384411191923899,0,2.899188388371534e-05,0.005398959379648674
s33-119-29,u029,2025-06-20,regular,hazard,120,0.021052211074955696,0,0.00044319559114448727,0.021276968900288885
s33-119-29,u029,2025-06-20,regular,hazard_cal,30,0.001992741884337179,0,3.971020217591691e-06,0.0019947300361339575
s33-119-29,u029,2025-06-20,regular,hazard_cal,60,0.005411121025768684,0,2.9280230755515933e-05,0.005425814169368876
s33-119-29,u029,2025-06-20,regular,hazard_cal,120,0.021499231329245694,0,0.00046221694774841956,0.02173370658601391
s33-119-53,u053,2025-06-20,regular,empirical,30,0.0028985507246376274,0,8.401596303297314e-06,0.002902759657961351
s33-119-53,u053,2025-06-20,regular,empirical,60,0.004637681159420315,0,2.1508086536442157e-05,0.004648468567984626
s33-119-53,u053,2025-06-20,regular,empirical,120,0.0197101449275362,0,0.000388489813064481,0.0199069805668798
s33-119-53,u053,2025-06-20,regular,hazard,30,0.0010029134268935147,0,1.0058353418432932e-06,0.001003416681072822
s33-119-53,u053,2025-06-20,regular,hazard,60,0.0027076025831106465,0,7.331111748067446e-06,0.0027112747690291854
s33-119-53,u053,2025-06-20,regular,hazard,120,0.0106337079448946,0,0.00011307574465731453,0.010690649846005009
s33-119-53,u053,2025-06-20,regular,hazard_cal,30,0.0009873131813885605,0,9.747873181436006e-07,0.0009878008960921621
s33-119-53,u053,2025-06-20,regular,hazard_cal,60,0.0026835985052230393,0,7.201700937235331e-06,0.002687205810843637
s33-119-53,u053,2025-06-20,regular,hazard_cal,120,0.010712194868061409,0,0.00011475111889132119,0.010769983493376276
s33-119-6,u006,2025-06-20,variable,empirical,30,0.0028985507246376274,0,8.401596303297314e-06,0.002902759657961351
s33-119-6,u006,2025-06-20,variable,empirical,60,0.004637681159420315,0,2.1508086536442157e-05,0.004648468567984626
s33-119-6,u006,2025-06-20,variable,empirical,120,0.0197101449275362,0,0.000388489813064481,0.0199069805668798
s33-119-6,u006,2025-06-20,variable,hazard,30,0.0030194961943408316,0,9.117357267638765e-06,0.0030240640704150526
s33-119-6,u006,2025-06-20,variable,hazard,60,0.008136015525720852,0,6.619474863477075e-05,0.008169293523153966
s33-119-6,u006,2025-06-20,variable,hazard,120,0.03166491400326532,0,0.0010026667788341883,0.032177088386456956
s33-119-6,u006,2025-06-20,variable,hazard_cal,30,0.0030392962887231256,0,9.237321930646164e-06,0.0030439243293918974
s33-119-6,u006,2025-06-20,variable,hazard_cal,60,0.008244519887548485,0,6.797210817618248e-05,0.008278693903491993
s33-119-6,u006,2025-06-20,variable,hazard_cal,120,0.03259860902710676,0,0.0010626693105021665,0.033141780747592414
s33-119-28,u028,2025-06-20,regular,empirical,30,0.0028985507246376274,0,8.401596303297314e-06,0.002902759657961351
s33-119-28,u028,2025-06-20,regular,empirical,60,0.004637681159420315,0,2.1508086536442157e-05,0.004648468567984626
s33-119-28,u028,2025-06-20,regular,empirical,120,0.0197101449275362,0,0.000388489813064481,0.0199069805668798
s33-119-28,u028,2025-06-20,regular,hazard,30,0.0027746400407895333,0,7.698627355952543e-06,0.0027784964896242653
s33-119-28,u028,2025-06-20,regular,hazard,60,0.007478016845756885,0,5.5920735945423756e-05,0.0075061173922865276
s33-119-28,u028,2025-06-20,regular,hazard,120,0.029135965786309503,0,0.0008489045023009979,0.02956884705189213
s33-119-28,u028,2025-06-20,regular,hazard_cal,30,0.0027880823871387905,0,7.773403397473537e-06,0.0027919763282741174
s33-119-28,u028,2025-06-20,regular,hazard_cal,60,0.007564922454431411,0,5.722805174156056e-05,0.0075936816126424235
s33-119-28,u028,2025-06-20,regular,hazard_cal,120,0.029946231157842673,0,0.0008967767605589474,0.030403777224955297
s33-119-31,u031,2025-06-20,variable,empirical,30,0.0028985507246376274,0,8.401596303297314e-06,0.002902759657961351
s33-119-31,u031,2025-06-20,variable,empirical,60,0.004637681159420315,0,2.1508086536442157e-05,0.004648468567984626
s33-119-31,u031,2025-06-20,variable,empirical,120,0.0197101449275362,0,0.000388489813064481,0.0199069805668798
s33-119-31,u031,2025-06-20,variable,hazard,30,0.0005672482871469375,0,3.217706192711345e-07,0.0005674092333237464
s33-119-31,u031,2025-06-20,variable,hazard,60,0.00153206445111298,0,2.3472214823641165e-06,0.001533239261931412
s33-119-31,u031,2025-06-20,variable,hazard,120,0.006028779797608741,0,3.634618584805529e-05,0.006047026263445297
s33-119-31,u031,2025-06-20,variable,hazard_cal,30,0.0005520451923128888,0,3.0475389435577445e-07,0.0005521976253626031
s33-119-31,u031,2025-06-20,variable,hazard_cal,60,0.001501142193304772,0,2.253427884519861e-06,0.001502270036089935
s33-119-31,u031,2025-06-20,variable,hazard_cal,120,0.00600428501478234,0,3.6051438538739764e-05,0.006022383214917603
s33-119-44,u044,2025-06-20,variable,empirical,30,0.0028985507246376274,0,8.401596303297314e-06,0.002902759657961351
s33-119-44,u044,2025-06-20,variable,empirical,60,0.004637681159420315,0,2.1508086536442157e-05,0.004648468567984626
s33-119-44,u044,2025-06-20,variable,empirical,120,0.0197101449275362,0,0.000388489813064481,0.0199069805668798
s33-119-44,u044,2025-06-20,variable,hazard,30,0.00023757193468187943,0,5.6440424148491186e-08,0.0002376001593643038
s33-119-44,u044,2025-06-20,variable,hazard,60,0.0006418550696044578,0,4.119779303769434e-07,0.000642061146755474
s33-119-44,u044,2025-06-20,variable,hazard,120,0.0025295029683495285,0,6.3983852668890756e-06,0.00253270756615007
s33-119-44,u044,2025-06-20,variable,hazard_cal,30,0.00022718327856574572,0,5.1612242059881216e-08,0.00022720908859592118
s33-119-44,u044,2025-06-20,variable,hazard_cal,60,0.0006179613768144687,0,3.818762632344338e-07,0.0006181523936441551
s33-119-44,u044,2025-06-20,variable,hazard_cal,120,0.002475467353817984,0,6.1279386198186114e-06,0.002478536389038431
s33-119-10,u010,2025-06-20,regular,empirical,30,0.0028985507246376274,0,8.401596303297314e-06,0.002902759657961351
s33-119-10,u010,2025-06-20,regular,empirical,60,0.004637681159420315,0,2.1508086536442157e-05,0.004648468567984626
s33-119-10,u010,2025-06-20,regular,empirical,120,0.0197101449275362,0,0.000388489813064481,0.0199069805668798
s33-119-10,u010,2025-06-20,regular,hazard,30,0.0010328343428653852,0,1.066746779802172e-06,0.0010333680837975785
s33-119-10,u010,2025-06-20,regular,hazard,60,0.002788300774646091,0,7.77462120989199e-06,0.0027921953263901206
s33-119-10,u010,2025-06-20,regular,hazard,120,0.010949162742362573,0,0.00011988416475874069,0.011009545993301202
s33-119-10,u010,2025-06-20,regular,hazard_cal,30,0.0010173715233833258,0,1.035044816591309e-06,0.001017889397068043
s33-119-10,u010,2025-06-20,regular,hazard_cal,60,0.0027652183858842827,0,7.646432721632478e-06,0.002769048664913275
s33-119-10,u010,2025-06-20,regular,hazard_cal,120,0.011036458359818702,0,0.0001218034131280121,0.011097811901217855
s33-119-8,u008,2025-06-20,regular,empirical,30,0.0028985507246376274,0,8.401596303297314e-06,0.002902759657961351
s33-119-8,u008,2025-06-20,regular,empirical,60,0.004637681159420315,0,2.1508086536442157e-05,0.004648468567984626
s33-119-8,u008,2025-06-20,regular,empirical,120,0.0197101449275362,0,0.000388489813064481,0.0199069805668798
s33-119-8,u008,2025-06-20,regular,hazard,30,0.002812217514006954,0,7.908567346087451e-06,0.0028161792268888183
s33-119-8,u008,2025-06-20,regular,hazard,60,0.007579018496661982,0,5.744152137274445e-05,0.007607885204048002
s33-119-8,u008,2025-06-20,regular,hazard,120,0.029524517461858468,0,0.0008716971313555856,0.029969139404038073
s33-119-8,u008,2025-06-20,regular,hazard_cal,30,0.002826607594961783,0,7.989710495895635e-06,0.0028306099941302286
s33-119-8,u008,2025-06-20,regular,hazard_cal,60,0.007669164611046386,0,5.8816085831326266e-05,0.0076987238808832155
s33-119-8,u008,2025-06-20,regular,hazard_cal,120,0.030353476384816225,0,0.0009213335286435962,0.03082368254181374
s33-119-41,u041,2025-06-20,regular,empirical,30,0.0028985507246376274,0,8.401596303297314e-06,0.002902759657961351
s33-119-41,u041,2025-06-20,regular,empirical,60,0.004637681159420315,0,2.1508086536442157e-05,0.004648468567984626
s33-119-41,u041,2025-06-20,regular,empirical,120,0.0197101449275362,0,0.000388489813064481,0.0199069805668798
s33-119-41,u041,2025-06-20,regular,hazard,30,0.0008470731281935429,0,7.175328845075943e-07,0.000847432097365539
s33-119-41,u041,2025-06-20,regular,hazard,60,0.0022872182821126463,0,5.231367470030325e-06,0.002289837961128445
s33-119-41,u041,2025-06-20,regular,hazard,120,0.008989018600024656,0,8.080245539158923e-05,0.009029663583397667
s33-119-41,u041,2025-06-20,regular,hazard_cal,30,0.0008310623645015891,0,6.906646536909721e-07,0.0008314078882762351
s33-119-41,u041,2025-06-20,regular,hazard_cal,60,0.00225924061344418,0,5.104168149435635e-06,0.0022617965478918187
s33-119-41,u041,2025-06-20,regular,hazard_cal,120,0.009024822356234807,0,8.144741856159557e-05,0.009065792752161713
s33-119-59,u059,2025-06-20,new,empirical,30,0.0028985507246376274,0,8.401596303297314e-06,0.002902759657961351
s33-119-59,u059,2025-06-20,new,empirical,60,0.004637681159420315,0,2.1508086536442157e-05,0.004648468567984626
s33-119-59,u059,2025-06-20,new,empirical,120,0.0197101449275362,0,0.000388489813064481,0.0199069805668798
s33-119-59,u059,2025-06-20,new,hazard,30,0.001890947039984936,0,3.575680708027791e-06,0.001892737137347783
s33-119-59,u059,2025-06-20,new,hazard,60,0.005100691976797189,0,2.6017058642163216e-05,0.005113744911034331
s33-119-59,u059,2025-06-20,new,hazard,120,0.01995235578720822,0,0.00039809650145934135,0.020154091955600223
s33-119-59,u059,2025-06-20,new,hazard_cal,30,0.001885485194275005,0,3.5550544178302534e-06,0.0018872649589824532
s33-119-59,u059,2025-06-20,new,hazard_cal,60,0.005120410905583017,0,2.6218607842013494e-05,0.005133565132080035
s33-119-59,u059,2025-06-20,new,hazard_cal,120,0.0203543047671515,0,0.0004142977225540862,0.02056430816391122
s33-119-0,u000,2025-06-20,regular,empirical,30,0.0028985507246376274,0,8.401596303297314e-06,0.002902759657961351
s33-119-0,u000,2025-06-20,regular,empirical,60,0.004637681159420315,0,2.1508086536442157e-05,0.004648468567984626
s33-119-0,u000,2025-06-20,regular,empirical,120,0.0197101449275362,0,0.000388489813064481,0.0199069805668798
s33-119-0,u000,2025-06-20,regular,hazard,30,0.002990830087798324,0,8.94506461407973e-06,0.0029953115578796857
s33-119-0,u000,2025-06-20,regular,hazard,60,0.008058997556361303,0,6.494744161343744e-05,0.008091646808979804
s33-119-0,u000,2025-06-20,regular,hazard,120,0.031369191809734964,0,0.000984026194795943,0.03187174259104
s33-119-0,u000,2025-06-20,regular,hazard_cal,30,0.003009864049970834,0,9.059281599306831e-06,0.00301440280040633
s33-119-0,u000,2025-06-20,regular,hazard_cal,60,0.008164915473709122,0,6.666584469281466e-05,0.008198430954775461
s33-119-0,u000,2025-06-20,regular,hazard_cal,120,0.032288243647776715,0,0.0010425306778581935,0.0328210084119589
s33-119-14,u014,2025-06-20,regular,empirical,30,0.0028985507246376274,0,8.401596303297314e-06,0.002902759657961351
s33-119-14,u014,2025-06-20,regular,empirical,60,0.004637681159420315,0,2.1508086536442157e-05,0.004648468567984626
s33-119-14,u014,2025-06-20,regular,empirical,120,0.0197101449275362,0,0.000388489813064481,0.0199069805668798
s33-119-14,u014,2025-06-20,regular,hazard,30,0.0027534811706418916,0,7.581658557079442e-06,0.002757278972973905
s33-119-14,u014,2025-06-20,regular,hazard,60,0.007421142292778793,0,5.507335292967008e-05,0.007448815967771516
s33-119-14,u014,2025-06-20,regular,hazard,120,0.028917112421269597,0,0.0008361993907843445,0.02934345122514683
s33-119-14,u014,2025-06-20,regular,hazard_cal,30,0.0027663944754371395,0,7.652938393729127e-06,0.0027702280163238472
s33-119-14,u014,2025-06-20,regular,hazard_cal,60,0.007506235481612777,0,5.63435711054226e-05,0.0075345490416483816
s33-119-14,u014,2025-06-20,regular,hazard_cal,120,0.029716893270382405,0,0.0008830937456432991,0.03016738746046078
s33-119-37,u037,2025-06-20,variable,empirical,30,0.0028985507246376274,0,8.401596303297314e-06,0.002902759657961351
s33-119-37,u037,2025-06-20,variable,empirical,60,0.004637681159420315,0,2.1508086536442157e-05,0.004648468567984626
s33-119-37,u037,2025-06-20,variable,empirical,120,0.0197101449275362,0,0.000388489813064481,0.0199069805668798
s33-119-37,u037,2025-06-20,variable,hazard,30,0.000831438412657981,0,6.912898340432232e-07,0.00083178424928286
s33-119-37,u037,2025-06-20,variable,hazard,60,0.0022450361515449213,0,5.040187321743631e-06,0.002247560023369009
s33-119-37,u037,2025-06-20,variable,hazard,120,0.008823859738157691,0,7.786050067868032e-05,0.008863020524884904
s33-119-37,u037,2025-06-20,variable,hazard_cal,30,0.0008154168137352036,0,6.649045801220717e-07,0.0008157494468606527
s33-119-37,u037,2025-06-20,variable,hazard_cal,60,0.002216742096589619,0,4.913945522792539e-06,0.002219202706381756
s33-119-37,u037,2025-06-20,variable,hazard_cal,120,0.008855700461785077,0,7.842343066886041e-05,0.008895145223789118
s33-119-38,u038,2025-06-20,regular,empirical,30,0.0028985507246376274,0,8.401596303297314e-06,0.002902759657961351
s33-119-38,u038,2025-06-20,regular,empirical,60,0.004637681159420315,0,2.1508086536442157e-05,0.004648468567984626
s33-119-38,u038,2025-06-20,regular,empirical,120,0.0197101449275362,0,0.000388489813064481,0.0199069805668798
s33-119-38,u038,2025-06-20,regular,hazard,30,0.0012134723552978954,0,1.4725151570722217e-06,0.0012142092090378456
s33-119-38,u038,2025-06-20,regular,hazard,60,0.003275391518083315,0,1.0728189596732121e-05,0.003280767354737866
s33-119-38,u038,2025-06-20,regular,hazard,120,0.012851426447865855,0,0.00016515916174490597,0.012934720429268907
s33-119-38,u038,2025-06-20,regular,hazard_cal,30,0.0011991958335463293,0,1.4380706471948756e-06,0.0011999154442302112
s33-119-38,u038,2025-06-20,regular,hazard_cal,60,0.0032588386464214025,0,1.0620029323409679e-05,0.003264160225673735
s33-119-38,u038,2025-06-20,regular,hazard_cal,120,0.012995605149267786,0,0.0001688857531956754,0.013080786822264701
s33-119-55,u055,2025-06-20,new,empirical,30,0.0028985507246376274,0,8.401596303297314e-06,0.002902759657961351
s33-119-55,u055,2025-06-20,new,empirical,60,0.004637681159420315,0,2.1508086536442157e-05,0.004648468567984626
s33-119-55,u055,2025-06-20,new,empirical,120,0.0197101449275362,0,0.000388489813064481,0.0199069805668798
s33-119-55,u055,2025-06-20,new,hazard,30,0.0002636283820989238,0,6.949992384809616e-08,0.00026366313816943984
s33-119-55,u055,2025-06-20,new,hazard,60,0.0007122346511948541,0,5.072781983626555e-07,0.0007124884107921084
s33-119-55,u055,2025-06-20,new,hazard,120,0.0028065336338612967,0,7.876631037994694e-06,0.002810479333602172
s33-119-55,u055,2025-06-20,new,hazard_cal,30,0.00025262975991169334,0,6.382179559303982e-08,0.00025266167618493666
s33-119-55,u055,2025-06-20,new,hazard_cal,60,0.0006871612915726466,0,4.7219064063578784e-07,0.0006873974951057797
s33-119-55,u055,2025-06-20,new,hazard_cal,120,0.002752346583035248,0,7.575411713145804e-06,0.0027561412533230467
s33-119-18,u018,2025-06-20,variable,empirical,30,0.0028985507246376274,0,8.401596303297314e-06,0.002902759657961351
s33-119-18,u018,2025-06-20,variable,empirical,60,0.004637681159420315,0,2.1508086536442157e-05,0.004648468567984626
s33-119-18,u018,2025-06-20,variable,empirical,120,0.0197101449275362,0,0.000388489813064481,0.0199069805668798
s33-119-18,u018,2025-06-20,variable,hazard,30,0.0004759284745273762,0,2.2650791286595538e-07,0.00047604176443049565
s33-119-18,u018,2025-06-20,variable,hazard,60,0.001285534562213142,0,1.6525991106445347e-06,0.0012863615706096962
s33-119-18,u018,2025-06-20,variable,hazard,120,0.005060751117919482,0,2.5611201877523286e-05,0.005073600087481219
s33-119-18,u018,2025-06-20,variable,hazard_cal,30,0.0004615366102390661,0,2.1301604259096763e-07,0.00046164315104327714
s33-119-18,u018,2025-06-20,variable,hazard_cal,60,0.001255138755460794,0,1.5753732954596708e-06,0.0012559271018336236
s33-119-18,u018,2025-06-20,variable,hazard_cal,120,0.005022431530847804,0,2.5224818482054215e-05,0.005035086329778099
s33-119-19,u019,2025-06-20,variable,empirical,30,0.0028985507246376274,0,8.401596303297314e-06,0.002902759657961351
s33-119-19,u019,2025-06-20,variable,empirical,60,0.004637681159420315,0,2.1508086536442157e-05,0.004648468567984626
s33-119-19,u019,2025-06-20,variable,empirical,120,0.0197101449275362,0,0.000388489813064481,0.0199069805668798
s33-119-19,u019,2025-06-20,variable,hazard,30,0.0009680374628825428,0,9.370965295440703e-07,0.0009685063137485381
s33-119-19,u019,2025-06-20,variable,hazard,60,0.00261353450383095,0,6.830562602714889e-06,0.0026169557474579087
s33-119-19,u019,2025-06-20,variable,hazard,120,0.010265881813753874,0,0.00010538832941396254,0.01031893941284812
s33-119-19,u019,2025-06-20,variable,hazard_cal,30,0.0009522998832964813,0,9.068750677264919e-07,0.0009527536089084473
s33-119-19,u019,2025-06-20,variable,hazard_cal,60,0.002588517981378269,0,6.7004253399186275e-06,0.0025918739866859376
s33-119-19,u019,2025-06-20,variable,hazard_cal,120,0.010334339868960818,0,0.00010679858052719309,0.010388109932097583
s33-119-30,u030,2025-06-20,regular,empirical,30,0.0028985507246376274,0,8.401596303297314e-06,0.002902759657961351
s33-119-30,u030,2025-06-20,regular,empirical,60,0.004637681159420315,0,2.1508086536442157e-05,0.004648468567984626
s33-119-30,u030,2025-06-20,regular,empirical,120,0.0197101449275362,0,0.000388489813064481,0.0199069805668798
s33-119-30,u030,2025-06-20,regular,hazard,30,0.006582888827556088,0,4.333442531596277e-05,0.006604651600736266
s33-119-30,u030,2025-06-20,regular,hazard,60,0.017676726965151213,0,0.000312466676200504,0.017834826191818864
s33-119-30,u030,2025-06-20,regular,hazard,120,0.06771276667856385,0,0.0045850187712656275,0.07011432151835692
s33-119-30,u030,2025-06-20,regular,hazard_cal,30,0.006730647342834906,0,4.530161365361058e-05,0.006753400301894109
s33-119-30,u030,2025-06-20,regular,hazard_cal,60,0.018192124634371143,0,0.0003309533987124934,0.01835963603607913
s33-119-30,u030,2025-06-20,regular,hazard_cal,120,0.07072166482005893,0,0.005001553874920761,0.07334697774349574
s33-119-33,u033,2025-06-20,regular,empirical,30,0.0028985507246376274,0,8.401596303297314e-06,0.002902759657961351
s33-119-33,u033,2025-06-20,regular,empirical,60,0.004637681159420315,0,2.1508086536442157e-05,0.004648468567984626
s33-119-33,u033,2025-06-20,regular,empirical,120,0.0197101449275362,0,0.000388489813064481,0.0199069805668798
s33-119-33,u033,2025-06-20,regular,hazard,30,0.0006694533487886511,0,4.4816778620433943e-07,0.0006696775327411355
s33-119-33,u033,2025-06-20,regular,hazard,60,0.0018079290305145213,0,3.2686073793771767e-06,0.0018095653066824175
s33-119-33,u033,2025-06-20,regular,hazard,120,0.007111048865678593,0,5.0567015970068806e-05,0.007136452878084894
s33-119-33,u033,2025-06-20,regular,hazard_cal,30,0.0006536908185553747,0,4.273116862635958e-07,0.0006539045675540879
s33-119-33,u033,2025-06-20,regular,hazard_cal,60,0.001777364404579873,0,3.1590242266675667e-06,0.0017789457907706893
s33-119-33,u033,2025-06-20,regular,hazard_cal,120,0.007105762500247859,0,5.04918607099287e-05,0.007131128665994668
s33-119-39,u039,2025-06-20,variable,empirical,30,0.0028985507246376274,0,8.401596303297314e-06,0.002902759657961351
s33-119-39,u039,2025-06-20,variable,empirical,60,0.004637681159420315,0,2.1508086536442157e-05,0.004648468567984626
s33-119-39,u039,2025-06-20,variable,empirical,120,0.0197101449275362,0,0.000388489813064481,0.0199069805668798
s33-119-39,u039,2025-06-20,variable,hazard,30,0.001320026505883476,0,1.7424699762349383e-06,0.001320898508333631
s33-119-39,u039,2025-06-20,variable,hazard,60,0.003562635413024595,0,1.2692371086136928e-05,0.003568996711720431
s33-119-39,u039,2025-06-20,variable,hazard,120,0.013971764150806254,0,0.0001952101934857548,0.014070288025637749
s33-119-39,u039,2025-06-20,variable,hazard_cal,30,0.0013067118109391096,0,1.7074957568477673e-06,0.0013075663032821392
s33-119-39,u039,2025-06-20,variable,hazard_cal,60,0.003550642653656455,0,1.2607063253964552e-05,0.003556961146189992
s33-119-39,u039,2025-06-20,variable,hazard_cal,120,0.01415219816041935,0,0.0002002847127717768,0.01425329548317364
s33-119-27,u027,2025-06-20,regular,empirical,30,0.0028985507246376274,0,8.401596303297314e-06,0.002902759657961351
s33-119-27,u027,2025-06-20,regular,empirical,60,0.004637681159420315,0,2.1508086536442157e-05,0.004648468567984626
s33-119-27,u027,2025-06-20,regular,empirical,120,0.0197101449275362,0,0.000388489813064481,0.0199069805668798
s33-119-27,u027,2025-06-20,regular,hazard,30,0.0007675357142336026,0,5.891110726240864e-07,0.0007678304205779935
s33-119-27,u027,2025-06-20,regular,hazard,60,0.002072614804559114,0,4.295732128077615e-06,0.0020747656430434793
s33-119-27,u027,2025-06-20,regular,hazard,120,0.008148523138112318,0,6.639842933235181e-05,0.008181903811913025
s33-119-27,u027,2025-06-20,regular,hazard_cal,30,0.0007515327075284794,0,5.64801410485087e-07,0.0007518152498024312
s33-119-27,u027,2025-06-20,regular,hazard_cal,60,0.0020431981446926706,0,4.1746586584755715e-06,0.002045288321604261
s33-119-27,u027,2025-06-20,regular,hazard_cal,120,0.008164830508702314,0,6.666445723583609e-05,0.008198345290329331
s33-119-40,u040,2025-06-20,regular,empirical,30,0.0028985507246376274,0,8.401596303297314e-06,0.002902759657961351
s33-119-40,u040,2025-06-20,regular,empirical,60,0.004637681159420315,0,2.1508086536442157e-05,0.004648468567984626
s33-119-40,u040,2025-06-20,regular,empirical,120,0.0197101449275362,0,0.000388489813064481,0.0199069805668798
s33-119-40,u040,2025-06-20,regular,hazard,30,0.0012168517017596692,0,1.4807280640754029e-06,0.0012175926669492014
s33-119-40,u040,2025-06-20,regular,hazard,60,0.0032845023151123476,0,1.0787955457978371e-05,0.0032899081330345515
s33-119-40,u040,2025-06-20,regular,hazard,120,0.012886977840520952,0,0.00016607419786207806,0.012970735304639186
s33-119-40,u040,2025-06-20,regular,hazard_cal,30,0.0012026028481502138,0,1.4462536103790063e-06,0.0012033265552350563
s33-119-40,u040,2025-06-20,regular,hazard_cal,60,0.003268086403628523,0,1.0680388741581612e-05,0.003273438261402829
s33-119-40,u040,2025-06-20,regular,hazard_cal,120,0.013032277272540638,0,0.00016984025090837924,0.01311794248718064
s33-119-58,u058,2025-06-20,new,empirical,30,0.0028985507246376274,0,8.401596303297314e-06,0.002902759657961351
s33-119-58,u058,2025-06-20,new,empirical,60,0.004637681159420315,0,2.1508086536442157e-05,0.004648468567984626
s33-119-58,u058,2025-06-20,new,empirical,120,0.0197101449275362,0,0.000388489813064481,0.0199069805668798
s33-119-58,u058,2025-06-20,new,hazard,30,0.0012997136217189897,0,1.6892554984818931e-06,0.00130055898203183
s33-119-58,u058,2025-06-20,new,hazard,60,0.0035078814066759056,0,1.2305231963302531e-05,0.0035140484490502532
s33-119-58,u058,2025-06-20,new,hazard,120,0.01375829010765972,0,0.00018929054668652734,0.01385381254322105
s33-119-58,u058,2025-06-20,new,hazard_cal,30,0.0012862016235251073,0,1.6543146163586217e-06,0.0012870294907788957
s33-119-58,u058,2025-06-20,new,hazard_cal,60,0.0034949816607403594,0,1.2214896808911441e-05,0.0035011033768304503
s33-119-58,u058,2025-06-20,new,hazard_cal,120,0.013931669800564261,0,0.00019409142343195424,0.014029626375556535
s33-119-13,u013,2025-06-20,variable,empirical,30,0.0028985507246376274,0,8.401596303297314e-06,0.002902759657961351
s33-119-13,u013,2025-06-20,variable,empirical,60,0.004637681159420315,0,2.1508086536442157e-05,0.004648468567984626
s33-119-13,u013,2025-06-20,variable,empirical,120,0.0197101449275362,0,0.000388489813064481,0.0199069805668798
s33-119-13,u013,2025-06-20,variable,hazard,30,0.0016316673589148456,0,2.6623383701481477e-06,0.0016329999778911196
s33-119-13,u013,2025-06-20,variable,hazard,60,0.004402404030782292,0,1.9381161250248173e-05,0.004412123146880858
s33-119-13,u013,2025-06-20,variable,hazard,120,0.017240943834807232,0,0.0002972501443149775,0.017391299596508054
s33-119-13,u013,2025-06-20,variable,hazard_cal,30,0.0016221254224684234,0,2.631290886218361e-06,0.0016234424924059848
s33-119-13,u013,2025-06-20,variable,hazard_cal,60,0.0044063380390222395,0,1.9415814914134355e-05,0.0044160745586041515
s33-119-13,u013,2025-06-20,variable,hazard_cal,120,0.017537163964371216,0,0.00030755211991324036,0.017692761872073907
s33-119-42,u042,2025-06-20,variable,empirical,30,0.0028985507246376274,0,8.401596303297314e-06,0.002902759657961351
s33-119-42,u042,2025-06-20,variable,empirical,60,0.004637681159420315,0,2.1508086536442157e-05,0.004648468567984626
s33-119-42,u042,2025-06-20,variable,empirical,120,0.0197101449275362,0,0.000388489813064481,0.0199069805668798
s33-119-42,u042,2025-06-20,variable,hazard,30,0.0022622239361773655,0,5.117657137413813e-06,0.0022647866304010395
s33-119-42,u042,2025-06-20,variable,hazard,60,0.0061000009012528444,0,3.721001099528552e-05,0.006118681914961411
s33-119-42,u042,2025-06-20,variable,hazard,120,0.023821601219463306,0,0.0005674686846591357,0.02410992363650772
s33-119-42,u042,2025-06-20,variable,hazard_cal,30,0.0022638534127633614,0,5.1250322744803185e-06,0.002266419802919607
s33-119-42,u042,2025-06-20,variable,hazard_cal,60,0.006145673981397315,0,3.776930868562393e-05,0.006164636366751938
s33-119-42,u042,2025-06-20,variable,hazard_cal,120,0.024387095819672133,0,0.00059473044251787,0.024689385810741496
s33-120-19,u019,2025-06-23,variable,empirical,30,0.0028985507246376274,0,8.401596303297314e-06,0.002902759657961351
s33-120-19,u019,2025-06-23,variable,empirical,60,0.004637681159420315,0,2.1508086536442157e-05,0.004648468567984626
s33-120-19,u019,2025-06-23,variable,empirical,120,0.0197101449275362,0,0.000388489813064481,0.0199069805668798
s33-120-19,u019,2025-06-23,variable,hazard,30,0.0004647614173722836,0,2.16003175077894e-07,0.00046486945243480514
s33-120-19,u019,2025-06-23,variable,hazard,60,0.0012553846384877332,0,1.5759905905509765e-06,0.0012561732938960288
s33-120-19,u019,2025-06-23,variable,hazard,120,0.004942309113294963,0,2.442641937135844e-05,0.004954562713707026
s33-120-19,u019,2025-06-23,variable,hazard_cal,30,0.00045049153654463936,0,2.0294262449835015e-07,0.00045059303834183356
s33-120-19,u019,2025-06-23,variable,hazard_cal,60,0.0012251151315818554,0,1.5009070856308268e-06,0.0012258661986163978
s33-120-19,u019,2025-06-23,variable,hazard_cal,120,0.004902544023511757,0,2.4034937902470844e-05,0.004914600914898351
s33-120-58,u058,2025-06-23,new,empirical,30,0.0028985507246376274,0,8.401596303297314e-06,0.002902759657961351
s33-120-58,u058,2025-06-23,new,empirical,60,0.004637681159420315,0,2.1508086536442157e-05,0.004648468567984626
s33-120-58,u058,2025-06-23,new,empirical,120,0.0197101449275362,0,0.000388489813064481,0.0199069805668798
s33-120-58,u058,2025-06-23,new,hazard,30,0.001676775450797252,0,2.811575912396328e-06,0.001678182812192834
s33-120-58,u058,2025-06-23,new,hazard,60,0.004523913534995483,0,2.0465793672115325e-05,0.004534177398751118
s33-120-58,u058,2025-06-23,new,hazard,120,0.017713213964510643,0,0.0003137579489525349,0.01787197045787326
s33-120-58,u058,2025-06-23,new,hazard_cal,30,0.001667886301562227,0,2.7818447149389237e-06,0.0016692787724571774
s33-120-58,u058,2025-06-23,new,hazard_cal,60,0.004530440334617247,0,2.0524889625526836e-05,0.00454073388072688
s33-120-58,u058,2025-06-23,new,hazard_cal,120,0.01802726446463887,0,0.0003249822640780314,0.018191735233714118
s33-120-8,u008,2025-06-23,regular,empirical,30,0.0028985507246376274,0,8.401596303297314e-06,0.002902759657961351
s33-120-8,u008,2025-06-23,regular,empirical,60,0.004637681159420315,0,2.1508086536442157e-05,0.004648468567984626
s33-120-8,u008,2025-06-23,regular,empirical,120,0.0197101449275362,0,0.000388489813064481,0.0199069805668798
s33-120-8,u008,2025-06-23,regular,hazard,30,0.0025277722623306964,0,6.389632610208447e-06,0.0025309724727086954
s33-120-8,u008,2025-06-23,regular,hazard,60,0.006814297378186729,0,4.6434648758362525e-05,0.006837620717733843
s33-120-8,u008,2025-06-23,regular,hazard,120,0.026579372982445282,0,0.0007064630681399422,0.026938991117396397
s33-120-8,u008,2025-06-23,regular,hazard_cal,30,0.002535255727953767,0,6.427521606122384e-06,0.002538474930909735
s33-120-8,u008,2025-06-23,regular,hazard_cal,60,0.006880624866137719,0,4.7342998548512704e-05,0.006904405511991718
s33-120-8,u008,2025-06-23,regular,hazard_cal,120,0.027269248007551372,0,0.0007436118868973444,0.027647954522240028
s33-120-56,u056,2025-06-23,new,empirical,30,0.0028985507246376274,0,8.401596303297314e-06,0.002902759657961351
s33-120-56,u056,2025-06-23,new,empirical,60,0.004637681159420315,0,2.1508086536442157e-05,0.004648468567984626
s33-120-56,u056,2025-06-23,new,empirical,120,0.0197101449275362,0,0.000388489813064481,0.0199069805668798
s33-120-56,u056,2025-06-23,new,hazard,30,0.0002867877663289553,0,8.224722291595147e-08,0.0002868288978046039
s33-120-56,u056,2025-06-23,new,hazard,60,0.0007747861732694261,0,6.002936142894812e-07,0.000775086475199779
s33-120-56,u056,2025-06-23,new,hazard,120,0.0030526965053397914,0,9.318955953713776e-06,0.0030573654877286307
s33-120-56,u056,2025-06-23,new,hazard_cal,30,0.0002752898233545631,0,7.578448684258656e-08,0.0002753277225536532
s33-120-56,u056,2025-06-23,new,hazard_cal,60,0.0007487808439401444,0,5.606727522517149e-07,0.0007490613203352447
s33-120-56,u056,2025-06-23,new,hazard_cal,120,0.0029988404227848653,0,8.99304388132851e-06,0.0030033459545607054
s33-120-13,u013,2025-06-23,variable,empirical,30,0.0028985507246376274,0,8.401596303297314e-06,0.002902759657961351
s33-120-13,u013,2025-06-23,variable,empirical,60,0.004637681159420315,0,2.1508086536442157e-05,0.004648468567984626
s33-120-13,u013,2025-06-23,variable,empirical,120,0.0197101449275362,0,0.000388489813064481,0.0199069805668798
s33-120-13,u013,2025-06-23,variable,hazard,30,0.0007942359687637124,0,6.308107740780327e-07,0.0007945515412544973
s33-120-13,u013,2025-06-23,variable,hazard,60,0.0021446596338166035,0,4.599564944922368e-06,0.002146962709754245
s33-120-13,u013,2025-06-23,variable,hazard,120,0.008430754305710941,0,7.107761816326358e-05,0.008466494132356745
s33-120-13,u013,2025-06-23,variable,hazard_cal,30,0.0007782126415424306,0,6.056149154564476e-07,0.0007785156061909694
s33-120-13,u013,2025-06-23,variable,hazard_cal,60,0.0021156779795337144,0,4.47609331308386e-06,0.0021179191878649543
s33-120-13,u013,2025-06-23,variable,hazard_cal,120,0.00845341913535913,0,7.146029507805591e-05,0.008489351929511744
s33-120-42,u042,2025-06-23,variable,empirical,30,0.0028985507246376274,0,8.401596303297314e-06,0.002902759657961351
s33-120-42,u042,2025-06-23,variable,empirical,60,0.004637681159420315,0,2.1508086536442157e-05,0.004648468567984626
s33-120-42,u042,2025-06-23,variable,empirical,120,0.0197101449275362,0,0.000388489813064481,0.0199069805668798
s33-120-42,u042,2025-06-23,variable,hazard,30,0.0007317780313976785,0,5.354990872362617e-07,0.0007320459116351844
s33-120-42,u042,2025-06-23,variable,hazard,60,0.00197612466426611,0,3.905068688720846e-06,0.0019780797747297484
s33-120-42,u042,2025-06-23,variable,hazard,120,0.007770422418471812,0,6.037946456148932e-05,0.007800769459190134
s33-120-42,u042,2025-06-23,variable,hazard_cal,30,0.0007158316626895145,0,5.124149693088348e-07,0.0007160879925074686
s33-120-42,u042,2025-06-23,variable,hazard_cal,60,0.0019462052689677156,0,3.7877149489576984e-06,0.001948101587258081
s33-120-42,u042,2025-06-23,variable,hazard_cal,120,0.007778527625413201,0,6.0505492019316326e-05,0.0078089381735976906
s33-120-9,u009,2025-06-23,regular,empirical,30,0.0028985507246376274,0,8.401596303297314e-06,0.002902759657961351
s33-120-9,u009,2025-06-23,regular,empirical,60,0.004637681159420315,0,2.1508086536442157e-05,0.004648468567984626
s33-120-9,u009,2025-06-23,regular,empirical,120,0.0197101449275362,0,0.000388489813064481,0.0199069805668798
s33-120-9,u009,2025-06-23,regular,hazard,30,0.0032980498938900427,0,1.087713310258812e-05,0.003303500447873489
s33-120-9,u009,2025-06-23,regular,hazard,60,0.008884191000916863,0,7.892884974077219e-05,0.008923890734038802
s33-120-9,u009,2025-06-23,regular,hazard,120,0.034533676227954335,0,0.0011925747938171783,0.035144057295105176
s33-120-9,u009,2025-06-23,regular,hazard_cal,30,0.0033255790940339702,0,1.1059476310675802e-05,0.00333112112256996
s33-120-9,u009,2025-06-23,regular,hazard_cal,60,0.00901858055771021,0,8.13347952759086e-05,0.009059494129342429
s33-120-9,u009,2025-06-23,regular,hazard_cal,120,0.03561213200342839,0,0.0012682239458296084,0.03626171260019199
s33-120-15,u015,2025-06-23,variable,empirical,30,0.0028985507246376274,0,8.401596303297314e-06,0.002902759657961351
s33-120-15,u015,2025-06-23,variable,empirical,60,0.004637681159420315,0,2.1508086536442157e-05,0.004648468567984626
s33-120-15,u015,2025-06-23,variable,empirical,120,0.0197101449275362,0,0.000388489813064481,0.0199069805668798
s33-120-15,u015,2025-06-23,variable,hazard,30,0.00041191326036127407,0,1.6967253406145477e-07,0.00041199811993229327
s33-120-15,u015,2025-06-23,variable,hazard,60,0.0011126911590491062,0,1.2380816154260433e-06,0.0011133106594411947
s33-120-15,u015,2025-06-23,variable,hazard,120,0.004381585095245222,0,1.919828794687508e-05,0.004391212371330503
s33-120-15,u015,2025-06-23,variable,hazard_cal,30,0.0003982955026302637,0,1.586393074154944e-07,0.0003983748433520393
s33-120-15,u015,2025-06-23,variable,hazard_cal,60,0.0010832228332277039,0,1.173371706425854e-06,0.001083809943099757
s33-120-15,u015,2025-06-23,variable,hazard_cal,120,0.004335786204369807,0,1.879904201000354e-05,0.004345212983575706
s33-120-40,u040,2025-06-23,regular,empirical,30,0.0028985507246376274,0,8.401596303297314e-06,0.002902759657961351
s33-120-40,u040,2025-06-23,regular,empirical,60,0.004637681159420315,0,2.1508086536442157e-05,0.004648468567984626
s33-120-40,u040,2025-06-23,regular,empirical,120,0.0197101449275362,0,0.000388489813064481,0.0199069805668798
s33-120-40,u040,2025-06-23,regular,hazard,30,0.0004992767169135215,0,2.492772400519447e-07,0.0004994013970351957
s33-120-40,u040,2025-06-23,regular,hazard,60,0.0013485703552240658,0,1.818642002989163e-06,0.0013494804945755488
s33-120-40,u040,2025-06-23,regular,hazard,120,0.005308344533855869,0,2.817852169011748e-05,0.005322483854488803
s33-120-40,u040,2025-06-23,regular,hazard_cal,30,0.00048464656162749975,0,2.3488228969735793e-07,0.0004847640407311109
s33-120-40,u040,2025-06-23,regular,hazard_cal,60,0.0013179560223426368,0,1.7370080768292248e-06,0.001318825290236232
s33-120-40,u040,2025-06-23,regular,hazard_cal,120,0.005273227642486611,0,2.78069297694849e-05,0.0052871801789203384
s33-120-41,u041,2025-06-23,regular,empirical,30,0.0028985507246376274,0,8.401596303297314e-06,0.002902759657961351
s33-120-41,u041,2025-06-23,regular,empirical,60,0.004637681159420315,0,2.1508086536442157e-05,0.004648468567984626
s33-120-41,u041,2025-06-23,regular,empirical,120,0.0197101449275362,0,0.000388489813064481,0.0199069805668798
s33-120-41,u041,2025-06-23,regular,hazard,30,0.0009530991613011519,0,9.083980112729592e-07,0.0009535536491110367
s33-120-41,u041,2025-06-23,regular,hazard,60,0.0025732407117390332,0,6.621567760551206e-06,0.0025765571862324576
s33-120-41,u041,2025-06-23,regular,hazard,120,0.010108289129228565,0,0.00010217750912008037,0.010159724795070291
s33-120-41,u041,2025-06-23,regular,hazard_cal,30,0.0009373104829593082,0,8.785509414654115e-07,0.0009377500331148177
s33-120-41,u041,2025-06-23,regular,hazard_cal,60,0.0025478114572953237,0,6.491343221925321e-06,0.002551062652368399
s33-120-41,u041,2025-06-23,regular,hazard_cal,120,0.010172532357242137,0,0.00010348041455913826,0.010224626149498104
s33-120-44,u044,2025-06-23,variable,empirical,30,0.0028985507246376274,0,8.401596303297314e-06,0.002902759657961351
s33-120-44,u044,2025-06-23,variable,empirical,60,0.004637681159420315,0,2.1508086536442157e-05,0.004648468567984626
s33-120-44,u044,2025-06-23,variable,empirical,120,0.0197101449275362,0,0.000388489813064481,0.0199069805668798
s33-120-44,u044,2025-06-23,variable,hazard,30,0.00018243337980894392,0,3.3281938068514384e-08,0.0001824500228021673
s33-120-44,u044,2025-06-23,variable,hazard,60,0.0004929118119889608,0,2.429620543982407e-07,0.0004930333329505455
s33-120-44,u044,2025-06-23,variable,hazard,120,0.0019430121453631877,0,3.7752961970288573e-06,0.0019449022421792529
s33-120-44,u044,2025-06-23,variable,hazard_cal,30,0.00017352961305450165,0,3.011252660684507e-08,0.00017354467105983683
s33-120-44,u044,2025-06-23,variable,hazard_cal,60,0.00047204273865530944,0,2.2282434711720477e-07,0.0004721541859021571
s33-120-44,u044,2025-06-23,variable,hazard_cal,120,0.0018914099134145212,0,3.577431460562727e-06,0.0018932008878122652
s33-120-5,u005,2025-06-23,variable,empirical,30,0.0028985507246376274,0,8.401596303297314e-06,0.002902759657961351
s33-120-5,u005,2025-06-23,variable,empirical,60,0.004637681159420315,0,2.1508086536442157e-05,0.004648468567984626
s33-120-5,u005,2025-06-23,variable,empirical,120,0.0197101449275362,0,0.000388489813064481,0.0199069805668798
s33-120-5,u005,2025-06-23,variable,hazard,30,0.00032401114735136627,0,1.0498322360794879e-07,0.00032406365030450456
s33-120-5,u005,2025-06-23,variable,hazard,60,0.0008753174996604107,0,7.661807252117531e-07,0.0008757008137203433
s33-120-5,u005,2025-06-23,variable,hazard,120,0.003448215816510003,0,1.1890192317229746e-05,0.0034541746147603034
s33-120-5,u005,2025-06-23,variable,hazard_cal,30,0.00031178695196765194,0,9.72111034172789e-08,0.00031183556762477487
s33-120-5,u005,2025-06-23,variable,hazard_cal,60,0.000848021819417899,0,7.191410062088437e-07,0.0008483815933328036
s33-120-5,u005,2025-06-23,variable,hazard_cal,120,0.0033957201595931075,0,1.1530915402267039e-05,0.00340149870254593
s33-120-57,u057,2025-06-23,new,empirical,30,0.0028985507246376274,0,8.401596303297314e-06,0.002902759657961351
s33-120-57,u057,2025-06-23,new,empirical,60,0.004637681159420315,0,2.1508086536442157e-05,0.004648468567984626
s33-120-57,u057,2025-06-23,new,empirical,120,0.0197101449275362,0,0.000388489813064481,0.0199069805668798
s33-120-57,u057,2025-06-23,new,hazard,30,0.0009651006439488352,0,9.314192529504564e-07,0.0009655666534301371
s33-120-57,u057,2025-06-23,new,hazard,60,0.00260561297397488,0,6.789218970146219e-06,0.0026090134916997433
s33-120-57,u057,2025-06-23,new,hazard,120,0.010234901667905638,0,0.00010475321215169761,0.010287638419554214
s33-120-57,u057,2025-06-23,new,hazard_cal,30,0.0009493526479600334,0,9.012704501887271e-07,0.0009498035685961836
s33-120-57,u057,2025-06-23,new,hazard_cal,60,0.0025805143059787206,0,6.659054083360838e-06,0.002583849572057195
s33-120-57,u057,2025-06-23,new,hazard_cal,120,0.010302527223270186,0,0.00010614206718622329,0.010355965607325162
s33-120-2,u002,2025-06-23,variable,empirical,30,0.0028985507246376274,0,8.401596303297314e-06,0.002902759657961351
s33-120-2,u002,2025-06-23,variable,empirical,60,0.004637681159420315,0,2.1508086536442157e-05,0.004648468567984626
s33-120-2,u002,2025-06-23,variable,empirical,120,0.0197101449275362,0,0.000388489813064481,0.0199069805668798
s33-120-2,u002,2025-06-23,variable,hazard,30,0.0016181474742427149,0,2.6184012483980776e-06,0.0016194580889029309
s33-120-2,u002,2025-06-23,variable,hazard,60,0.00436598290695156,0,1.9061806743793194e-05,0.004375541642654152
s33-120-2,u002,2025-06-23,variable,hazard,120,0.017099348682227178,0,0.00029238772535638435,0.017247230760700987
s33-120-2,u002,2025-06-23,variable,hazard_cal,30,0.0016084148134332121,0,2.5869982120713945e-06,0.0016097097012032924
s33-120-2,u002,2025-06-23,variable,hazard_cal,60,0.004369153068106035,0,1.908949853254038e-05,0.004378725710441167
s33-120-2,u002,2025-06-23,variable,hazard_cal,120,0.01739027374139024,0,0.00030242162080048685,0.017543260804201814
s33-120-24,u024,2025-06-23,regular,empirical,30,0.0028985507246376274,0,8.401596303297314e-06,0.002902759657961351
s33-120-24,u024,2025-06-23,regular,empirical,60,0.004637681159420315,0,2.1508086536442157e-05,0.004648468567984626
s33-120-24,u024,2025-06-23,regular,empirical,120,0.0197101449275362,0,0.000388489813064481,0.0199069805668798
s33-120-24,u024,2025-06-23,regular,hazard,30,0.0018133758047726989,0,3.2883318093350333e-06,0.0018150219610450226
s33-120-24,u024,2025-06-23,regular,hazard,60,0.004891814973280062,0,2.3929853732807015e-05,0.004903819064007414
s33-120-24,u024,2025-06-23,regular,hazard,120,0.019141962862314954,0,0.0003664147422222449,0.019327542286497874
s33-120-24,u024,2025-06-23,regular,hazard_cal,30,0.0018066121526362222,0,3.2638474700528845e-06,0.0018082460445404465
s33-120-24,u024,2025-06-23,regular,hazard_cal,60,0.004906593347584587,0,2.4074658278561323e-05,0.004918670197044976
s33-120-24,u024,2025-06-23,regular,hazard_cal,120,0.019511481185251922,0,0.0003806978980424398,0.019704342935202717
s33-120-36,u036,2025-06-23,regular,empirical,30,0.0028985507246376274,0,8.401596303297314e-06,0.002902759657961351
s33-120-36,u036,2025-06-23,regular,empirical,60,0.004637681159420315,0,2.1508086536442157e-05,0.004648468567984626
s33-120-36,u036,2025-06-23,regular,empirical,120,0.0197101449275362,0,0.000388489813064481,0.0199069805668798
s33-120-36,u036,2025-06-23,regular,hazard,30,0.00430018148043132,0,1.8491560764644497e-05,0.004309453852282282
s33-120-36,u036,2025-06-23,regular,hazard,60,0.011572518726581937,0,0.0001339231896770896,0.011640001456731757
s33-120-36,u036,2025-06-23,regular,hazard,120,0.044782430738913304,0,0.0020054661028855673,0.045816143232921575
s33-120-36,u036,2025-06-23,regular,hazard_cal,30,0.004359281914343094,0,1.900333880871879e-05,0.004368811287982234
s33-120-36,u036,2025-06-23,regular,hazard_cal,60,0.011809932664453182,0,0.00013947450953891825,0.011880223890434244
s33-120-36,u036,2025-06-23,regular,hazard_cal,120,0.04641290891419858,0,0.002154158113877694,0.04752451979518509
s33-120-47,u047,2025-06-23,regular,empirical,30,0.0028985507246376274,0,8.401596303297314e-06,0.002902759657961351
s33-120-47,u047,2025-06-23,regular,empirical,60,0.004637681159420315,0,2.1508086536442157e-05,0.004648468567984626
s33-120-47,u047,2025-06-23,regular,empirical,120,0.0197101449275362,0,0.000388489813064481,0.0199069805668798
s33-120-47,u047,2025-06-23,regular,hazard,30,0.0008329087238203581,0,6.937369422160576e-07,0.0008332557850183811
s33-120-47,u047,2025-06-23,regular,hazard,60,0.002249003074025202,0,5.058014826974809e-06,0.0022515358796763953
s33-120-47,u047,2025-06-23,regular,hazard,120,0.008839392720252914,0,7.813486366286022e-05,0.00887869191080337
s33-120-47,u047,2025-06-23,regular,hazard_cal,30,0.0008168878928982437,0,6.673058295637325e-07,0.000817221727629107
s33-120-47,u047,2025-06-23,regular,hazard_cal,60,0.0022207380919535558,0,4.931677673053519e-06,0.002223207587536088
s33-120-47,u047,2025-06-23,regular,hazard_cal,120,0.008871603484753576,0,7.87053483906918e-05,0.008911190466202538
s33-120-49,u049,2025-06-23,variable,empirical,30,0.0028985507246376274,0,8.401596303297314e-06,0.002902759657961351
s33-120-49,u049,2025-06-23,variable,empirical,60,0.004637681159420315,0,2.1508086536442157e-05,0.004648468567984626
s33-120-49,u049,2025-06-23,variable,empirical,120,0.0197101449275362,0,0.000388489813064481,0.0199069805668798
s33-120-49,u049,2025-06-23,variable,hazard,30,0.0002975301912209183,0,8.85242146879562e-08,0.000297574462109764
s33-120-49,u049,2025-06-23,variable,hazard,60,0.0008037995987435487,0,6.460937949402899e-07,0.000804122818855423
s33-120-49,u049,2025-06-23,variable,hazard,120,0.00316685735791844,0,1.0028985525402163e-05,0.00317188246267902
s33-120-49,u049,2025-06-23,variable,hazard_cal,30,0.0002858133644442207,0,8.168927929492491e-08,0.00028585421686816605
s33-120-49,u049,2025-06-23,variable,hazard_cal,60,0.0007773966012660782,0,6.043454756600499e-07,0.0007776989307006464
s33-120-49,u049,2025-06-23,variable,hazard_cal,120,0.00311329302407648,0,9.692593453763273e-06,0.003118149402976464
s33-120-54,u054,2025-06-23,new,empirical,30,0.0028985507246376274,0,8.401596303297314e-06,0.002902759657961351
s33-120-54,u054,2025-06-23,new,empirical,60,0.004637681159420315,0,2.1508086536442157e-05,0.004648468567984626
s33-120-54,u054,2025-06-23,new,empirical,120,0.0197101449275362,0,0.000388489813064481,0.0199069805668798
s33-120-54,u054,2025-06-23,new,hazard,30,0.0009716405715948229,0,9.440854003691141e-07,0.0009721129202885644
s33-120-54,u054,2025-06-23,new,hazard,60,0.0026232531667367276,0,6.881457176794269e-06,0.0026266999244567474
s33-120-54,u054,2025-06-23,new,hazard,120,0.010303889208214678,0,0.00010617013281516292,0.01035734177117231
s33-120-54,u054,2025-06-23,new,hazard_cal,30,0.0009559160178176374,0,9.137754331203296e-07,0.0009563731969072948
s33-120-54,u054,2025-06-23,new,hazard_cal,60,0.0025983380934548883,0,6.7513608478987835e-06,0.0026017196327371523
s33-120-54,u054,2025-06-23,new,hazard_cal,120,0.010373371212558324,0,0.00010760683031353376,0.010427549628620518
s33-120-55,u055,2025-06-23,new,empirical,30,0.0028985507246376274,0,8.401596303297314e-06,0.002902759657961351
s33-120-55,u055,2025-06-23,new,empirical,60,0.004637681159420315,0,2.1508086536442157e-05,0.004648468567984626
s33-120-55,u055,2025-06-23,new,empirical,120,0.0197101449275362,0,0.000388489813064481,0.0199069805668798
s33-120-55,u055,2025-06-23,new,hazard,30,0.00020107986390338617,0,4.0433111667404306e-08,0.0002011000831697235
s33-120-55,u055,2025-06-23,new,hazard,60,0.0005432824788212942,0,2.9515585179421e-07,0.000543430110219981
s33-120-55,u055,2025-06-23,new,hazard,120,0.0021413883697841696,0,4.585544150246903e-06,0.002143684420268756
s33-120-55,u055,2025-06-23,new,hazard_cal,30,0.0001916416157455858,0,3.672650888557876e-08,0.00019165998134647503
s33-120-55,u055,2025-06-23,new,hazard_cal,60,0.000521302569743809,0,2.717563692214988e-07,0.0005214384951693215
s33-120-55,u055,2025-06-23,new,hazard_cal,120,0.002088611128085671,0,4.3622964443633e-06,0.0020907953181201894
s33-120-6,u006,2025-06-23,variable,empirical,30,0.0028985507246376274,0,8.401596303297314e-06,0.002902759657961351
s33-120-6,u006,2025-06-23,variable,empirical,60,0.004637681159420315,0,2.1508086536442157e-05,0.004648468567984626
s33-120-6,u006,2025-06-23,variable,empirical,120,0.0197101449275362,0,0.000388489813064481,0.0199069805668798
s33-120-6,u006,2025-06-23,variable,hazard,30,0.004279212710170843,0,1.8311661418887692e-05,0.004288394744828958
s33-120-6,u006,2025-06-23,variable,hazard,60,0.011516321000820118,0,0.0001326256493939305,0.011583147383664349
s33-120-6,u006,2025-06-23,variable,hazard,120,0.04456913228943704,0,0.0019864075530333395,0.0455928698706065
s33-120-6,u006,2025-06-23,variable,hazard_cal,30,0.00433759866155814,0,1.8814762148750963e-05,0.004347033335068584
s33-120-6,u006,2025-06-23,variable,hazard_cal,60,0.011751438417670346,0,0.0001380963048842985,0.011821032326432137
s33-120-6,u006,2025-06-23,variable,hazard_cal,120,0.04618763466389397,0,0.0021332975958453402,0.047288308915923706
s33-120-35,u035,2025-06-23,regular,empirical,30,0.0028985507246376274,0,8.401596303297314e-06,0.002902759657961351
s33-120-35,u035,2025-06-23,regular,empirical,60,0.004637681159420315,0,2.1508086536442157e-05,0.004648468567984626
s33-120-35,u035,2025-06-23,regular,empirical,120,0.0197101449275362,0,0.000388489813064481,0.0199069805668798
s33-120-35,u035,2025-06-23,regular,hazard,30,0.004473826975456285,0,2.0015127806320334e-05,0.004483864487943469
s33-120-35,u035,2025-06-23,regular,hazard,60,0.012037812927722324,0,0.0001449089400828387,0.012110854160719279
s33-120-35,u035,2025-06-23,regular,hazard,120,0.04654690928901639,0,0.0021666147643599203,0.04766505209892721
s33-120-35,u035,2025-06-23,regular,hazard_cal,30,0.004538924443678871,0,2.060183510542555e-05,0.004549256637784894
s33-120-35,u035,2025-06-23,regular,hazard_cal,60,0.012294453321137433,0,0.00015115358246562725,0.012370655331203916
s33-120-35,u035,2025-06-23,regular,hazard_cal,120,0.048277163276249535,0,0.002330684494001657,0.04948142447485639
s33-120-16,u016,2025-06-23,regular,empirical,30,0.0028985507246376274,0,8.401596303297314e-06,0.002902759657961351
s33-120-16,u016,2025-06-23,regular,empirical,60,0.004637681159420315,0,2.1508086536442157e-05,0.004648468567984626
s33-120-16,u016,2025-06-23,regular,empirical,120,0.0197101449275362,0,0.000388489813064481,0.0199069805668798
s33-120-16,u016,2025-06-23,regular,hazard,30,0.0019316761759976542,0,3.73137284891692e-06,0.0019335442685096316
s33-120-16,u016,2025-06-23,regular,hazard,60,0.005210351296731086,0,2.714776063534731e-05,0.005223972511860286
s33-120-16,u016,2025-06-23,regular,hazard,120,0.020377580910474924,0,0.00041524580376295204,0.020588068202830215
s33-120-16,u016,2025-06-23,regular,hazard_cal,30,0.001926924108993977,0,3.7130365218222323e-06,0.001928783015620067
s33-120-16,u016,2025-06-23,regular,hazard_cal,60,0.005232734779660242,0,2.7381513274265922e-05,0.005246473484587885
s33-120-16,u016,2025-06-23,regular,hazard_cal,120,0.020796814096249006,0,0.0004325074765539413,0.02101611365119121
s33-120-28,u028,2025-06-23,regular,empirical,30,0.0028985507246376274,0,8.401596303297314e-06,0.002902759657961351
s33-120-28,u028,2025-06-23,regular,empirical,60,0.004637681159420315,0,2.1508086536442157e-05,0.004648468567984626
s33-120-28,u028,2025-06-23,regular,empirical,120,0.0197101449275362,0,0.000388489813064481,0.0199069805668798
s33-120-28,u028,2025-06-23,regular,hazard,30,0.002189931111183041,0,4.795798271727389e-06,0.00219233251690153
s33-120-28,u028,2025-06-23,regular,hazard,60,0.005905477555624206,0,3.4874665159981245e-05,0.005922983844225822
s33-120-28,u028,2025-06-23,regular,hazard,120,0.023069437016559724,0,0.000532198924261016,0.02333970112991606
s33-120-28,u028,2025-06-23,regular,hazard_cal,30,0.0021900748139264126,0,4.796427690594811e-06,0.002192476535045062
s33-120-28,u028,2025-06-23,regular,hazard_cal,60,0.005945815888219963,0,3.5352726576608947e-05,0.00596356263239018
s33-120-28,u028,2025-06-23,regular,hazard_cal,120,0.02360208270177533,0,0.0005570583078614422,0.023885073507163037
s33-120-20,u020,2025-06-23,variable,empirical,30,0.0028985507246376274,0,8.401596303297314e-06,0.002902759657961351
s33-120-20,u020,2025-06-23,variable,empirical,60,0.004637681159420315,0,2.1508086536442157e-05,0.004648468567984626
s33-120-20,u020,2025-06-23,variable,empirical,120,0.0197101449275362,0,0.000388489813064481,0.0199069805668798
s33-120-20,u020,2025-06-23,variable,hazard,30,0.000698568876568828,0,4.879984753106345e-07,0.0006988129894995678
s33-120-20,u020,2025-06-23,variable,hazard,60,0.0018865056272662217,0,3.5589034817071206e-06,0.0018882873201421253
s33-120-20,u020,2025-06-23,variable,hazard,120,0.007419137093260586,0,5.504359520859514e-05,0.007446795778164216
s33-120-20,u020,2025-06-23,variable,hazard_cal,30,0.0006827065738024274,0,4.6608826591304923e-07,0.0006829397240568975
s33-120-20,u020,2025-06-23,variable,hazard_cal,60,0.0018562047194985443,0,3.4454959606886696e-06,0.0018579296022997842
s33-120-20,u020,2025-06-23,variable,hazard_cal,120,0.007419958903932433,0,5.50557901360462e-05,0.0074476237318783865
s33-120-29,u029,2025-06-23,regular,empirical,30,0.0028985507246376274,0,8.401596303297314e-06,0.002902759657961351
s33-120-29,u029,2025-06-23,regular,empirical,60,0.004637681159420315,0,2.1508086536442157e-05,0.004648468567984626
s33-120-29,u029,2025-06-23,regular,empirical,120,0.0197101449275362,0,0.000388489813064481,0.0199069805668798
s33-120-29,u029,2025-06-23,regular,hazard,30,0.0013105216193618485,0,1.7174669148148018e-06,0.001311381103816627
s33-120-29,u029,2025-06-23,regular,hazard,60,0.003537014965063867,0,1.251047486308575e-05,0.00354328499164672
s33-120-29,u029,2025-06-23,regular,hazard,120,0.013871880428316663,0,0.00019242906661751487,0.01396899410713028
s33-120-29,u029,2025-06-23,regular,hazard_cal,30,0.001297113803750527,0,1.6825042198801606e-06,0.0012979557840353902
s33-120-29,u029,2025-06-23,regular,hazard_cal,60,0.0035245956506355647,0,1.2422774500479139e-05,0.003530821671661901
s33-120-29,u029,2025-06-23,regular,hazard_cal,120,0.014049005404469073,0,0.00019737455285480122,0.014148626836219341
s33-120-45,u045,2025-06-23,variable,empirical,30,0.0028985507246376274,0,8.401596303297314e-06,0.002902759657961351
s33-120-45,u045,2025-06-23,variable,empirical,60,0.004637681159420315,0,2.1508086536442157e-05,0.004648468567984626
s33-120-45,u045,2025-06-23,variable,empirical,120,0.0197101449275362,0,0.000388489813064481,0.0199069805668798
s33-120-45,u045,2025-06-23,variable,hazard,30,0.0006002431855962609,0,3.602918818547473e-07,0.0006004234036572387
s33-120-45,u045,2025-06-23,variable,hazard,60,0.0016211278596969247,0,2.6280555374855323e-06,0.001622443309332595
s33-120-45,u045,2025-06-23,variable,hazard,120,0.006378301588638724,0,4.068273115563127e-05,0.006398729865686556
s33-120-45,u045,2025-06-23,variable,hazard_cal,30,0.0005848220551353256,0,3.420168361727058e-07,0.0005849931302556659
s33-120-45,u045,2025-06-23,variable,hazard_cal,60,0.0015902193815731103,0,2.5287976815307654e-06,0.0015914851224623117
s33-120-45,u045,2025-06-23,variable,hazard_cal,120,0.006359607536916556,0,4.0444608023605864e-05,0.006379915989239596
s33-120-31,u031,2025-06-23,variable,empirical,30,0.0028985507246376274,0,8.401596303297314e-06,0.002902759657961351
s33-120-31,u031,2025-06-23,variable,empirical,60,0.004637681159420315,0,2.1508086536442157e-05,0.004648468567984626
s33-120-31,u031,2025-06-23,variable,empirical,120,0.0197101449275362,0,0.000388489813064481,0.0199069805668798
s33-120-31,u031,2025-06-23,variable,hazard,30,0.0008321578178741573,0,6.924866338490792e-07,0.0008325042533971016
s33-120-31,u031,2025-06-23,variable,hazard,60,0.0022469771194597588,0,5.048906175375675e-06,0.0022495053605240053
s33-120-31,u031,2025-06-23,variable,hazard,120,0.008831459867017943,0,7.79946833827486e-05,0.00887068834263169
s33-120-31,u031,2025-06-23,variable,hazard_cal,30,0.000816136588177141,0,6.660789305614242e-07,0.0008164698089572047
s33-120-31,u031,2025-06-23,variable,hazard_cal,60,0.0022186972717538334,0,4.9226175836879034e-06,0.002221162227213892
s33-120-31,u031,2025-06-23,variable,hazard_cal,120,0.008863481577985777,0,7.856130568329324e-05,0.00890299589371463
s33-120-27,u027,2025-06-23,regular,empirical,30,0.0028985507246376274,0,8.401596303297314e-06,0.002902759657961351
s33-120-27,u027,2025-06-23,regular,empirical,60,0.004637681159420315,0,2.1508086536442157e-05,0.004648468567984626
s33-120-27,u027,2025-06-23,regular,empirical,120,0.0197101449275362,0,0.000388489813064481,0.0199069805668798
s33-120-27,u027,2025-06-23,regular,hazard,30,0.0010958965404430643,0,1.2009892273550769e-06,0.0010964974741376318
s33-120-27,u027,2025-06-23,regular,hazard,60,0.002958367392558281,0,8.751937629352083e-06,0.002962752011049794
s33-120-27,u027,2025-06-23,regular,hazard,120,0.011613686060174433,0,0.00013487770390428993,0.01168165164523017
s33-120-27,u027,2025-06-23,regular,hazard_cal,30,0.0010807802882670803,0,1.1680860315066732e-06,0.001081364752439021
s33-120-27,u027,2025-06-23,regular,hazard_cal,60,0.002937381681755724,0,8.628211144314085e-06,0.0029417042540996847
s33-120-27,u027,2025-06-23,regular,hazard_cal,120,0.01172013979950115,0,0.00013736167691985086,0.011789362032368184
s33-121-8,u008,2025-06-24,regular,empirical,30,0.0028985507246376274,0,8.401596303297314e-06,0.002902759657961351
s33-121-8,u008,2025-06-24,regular,empirical,60,0.004637681159420315,0,2.1508086536442157e-05,0.004648468567984626
s33-121-8,u008,2025-06-24,regular,empirical,120,0.0197101449275362,0,0.000388489813064481,0.0199069805668798
s33-121-8,u008,2025-06-24,regular,hazard,30,0.002088152529882703,0,4.360380988055533e-06,0.0020903357601847793
s33-121-8,u008,2025-06-24,regular,hazard,60,0.0056315688220457405,0,3.171456739743765e-05,0.0056474858925924295
s33-121-8,u008,2025-06-24,regular,hazard,120,0.022009481665441477,0,0.00048441728318140455,0.02225530394875523
s33-121-8,u008,2025-06-24,regular,hazard_cal,30,0.002086287869323411,0,4.352597073686018e-06,0.00208846719952794
s33-121-8,u008,2025-06-24,regular,hazard_cal,60,0.005664619682609784,0,3.208791614861017e-05,0.0056807244878785065
s33-121-8,u008,2025-06-24,regular,hazard_cal,120,0.022496673436689263,0,0.0005061003157170403,0.022753583994585137
s33-121-41,u041,2025-06-24,regular,empirical,30,0.0028985507246376274,0,8.401596303297314e-06,0.002902759657961351
s33-121-41,u041,2025-06-24,regular,empirical,60,0.004637681159420315,0,2.1508086536442157e-05,0.004648468567984626
s33-121-41,u041,2025-06-24,regular,empirical,120,0.0197101449275362,0,0.000388489813064481,0.0199069805668798
s33-121-41,u041,2025-06-24,regular,hazard,30,0.0009336826508984375,0,8.717632925887335e-07,0.0009341188040516207
s33-121-41,u041,2025-06-24,regular,hazard,60,0.0025208658986574095,0,6.3547648790138285e-06,0.002524048631049771
s33-121-41,u041,2025-06-24,regular,hazard,120,0.009903414717849834,0,9.807762307372471e-05,0.00995277972119489
s33-121-41,u041,2025-06-24,regular,hazard_cal,30,0.0009178346444549401,0,8.424204345617263e-07,0.0009182561125839894
s33-121-41,u041,2025-06-24,regular,hazard_cal,60,0.002494919389125383,0,6.224622758233774e-06,0.002498036886854359
s33-121-41,u041,2025-06-24,regular,hazard_cal,120,0.009962253860029802,0,9.924650197167868e-05,0.010012209166221508
s33-121-47,u047,2025-06-24,regular,empirical,30,0.0028985507246376274,0,8.401596303297314e-06,0.002902759657961351
s33-121-47,u047,2025-06-24,regular,empirical,60,0.004637681159420315,0,2.1508086536442157e-05,0.004648468567984626
s33-121-47,u047,2025-06-24,regular,empirical,120,0.0197101449275362,0,0.000388489813064481,0.0199069805668798
s33-121-47,u047,2025-06-24,regular,hazard,30,0.0008104466484361028,0,6.56823769961312e-07,0.0008107752378692154
s33-121-47,u047,2025-06-24,regular,hazard,60,0.002188398817094206,0,4.78908938265932e-06,0.0021907968610086165
s33-121-47,u047,2025-06-24,regular,hazard,120,0.008602066677092735,0,7.399555111714924e-05,0.008639278002529423
s33-121-47,u047,2025-06-24,regular,hazard_cal,30,0.0007944198491850463,0,6.311028967791916e-07,0.0007947355678532946
s33-121-47,u047,2025-06-24,regular,hazard_cal,60,0.0021597053192633497,0,4.6643270660544076e-06,0.002162040846102103
s33-121-47,u047,2025-06-24,regular,hazard_cal,120,0.008628685173961537,0,7.445420783134364e-05,0.008666127820676694
s33-121-2,u002,2025-06-24,variable,empirical,30,0.0028985507246376274,0,8.401596303297314e-06,0.002902759657961351
s33-121-2,u002,2025-06-24,variable,empirical,60,0.004637681159420315,0,2.1508086536442157e-05,0.004648468567984626
s33-121-2,u002,2025-06-24,variable,empirical,120,0.0197101449275362,0,0.000388489813064481,0.0199069805668798
s33-121-2,u002,2025-06-24,variable,hazard,30,0.0007189611366662518,0,5.169051160364289e-07,0.0007192197131693361
s33-121-2,u002,2025-06-24,variable,hazard,60,0.001941537358920109,0,3.769567316082472e-06,0.0019434245857213434
s33-121-2,u002,2025-06-24,variable,hazard,120,0.007634860878671601,0,5.8291100636670094e-05,0.007664155631822636
s33-121-2,u002,2025-06-24,variable,hazard_cal,30,0.0007030435435658733,0,4.9427022414966e-07,0.0007032907945702215
s33-121-2,u002,2025-06-24,variable,hazard_cal,60,0.0019114607619583612,0,3.6536822445064387e-06,0.0019132899343798234
s33-121-2,u002,2025-06-24,variable,hazard_cal,120,0.007640116091118032,0,5.837137388576068e-05,0.0076694512897958695
s33-121-10,u010,2025-06-24,regular,empirical,30,0.0028985507246376274,0,8.401596303297314e-06,0.002902759657961351
s33-121-10,u010,2025-06-24,regular,empirical,60,0.004637681159420315,0,2.1508086536442157e-05,0.004648468567984626
s33-121-10,u010,2025-06-24,regular,empirical,120,0.0197101449275362,0,0.000388489813064481,0.0199069805668798
s33-121-10,u010,2025-06-24,regular,hazard,30,0.00029302958356614006,0,8.586633684494546e-08,0.00029307252512353186
s33-121-10,u010,2025-06-24,regular,hazard,60,0.0007916443116077199,0,6.267007161008607e-07,0.0007919578274387067
s33-121-10,u010,2025-06-24,regular,hazard,120,0.003119030573688897,0,9.728351719606089e-06,0.0031239048876102464
s33-121-10,u010,2025-06-24,regular,hazard_cal,30,0.0002814035107706614,0,7.918793587405374e-08,0.0002814431121680875
s33-121-10,u010,2025-06-24,regular,hazard_cal,60,0.0007654053382466497,0,5.858453318164683e-07,0.000765698410468129
s33-121-10,u010,2025-06-24,regular,hazard_cal,120,0.0030653337071393505,0,9.396270736124674e-06,0.003070041465535958
s33-121-15,u015,2025-06-24,variable,empirical,30,0.0028985507246376274,0,8.401596303297314e-06,0.002902759657961351
s33-121-15,u015,2025-06-24,variable,empirical,60,0.004637681159420315,0,2.1508086536442157e-05,0.004648468567984626
s33-121-15,u015,2025-06-24,variable,empirical,120,0.0197101449275362,0,0.000388489813064481,0.0199069805668798
s33-121-15,u015,2025-06-24,variable,hazard,30,0.0005120996196206207,0,2.622460204155844e-07,0.0005122307874133912
s33-121-15,u015,2025-06-24,variable,hazard,60,0.0013831885350757966,0,1.9132105235651284e-06,0.0013841460233639737
s33-121-15,u015,2025-06-24,variable,hazard,120,0.005444296406308724,0,2.9640363359746088e-05,0.005459170598895268
s33-121-15,u015,2025-06-24,variable,hazard_cal,30,0.0004973479362868627,0,2.4735496972880126e-07,0.0004974716547941905
s33-121-15,u015,2025-06-24,variable,hazard_cal,60,0.0013524795797845712,0,1.8292010137342505e-06,0.001353395005781178
s33-121-15,u015,2025-06-24,variable,hazard_cal,120,0.00541103896347106,0,2.927934266420196e-05,0.005425731660609756
s33-121-33,u033,2025-06-24,regular,empirical,30,0.0028985507246376274,0,8.401596303297314e-06,0.002902759657961351
s33-121-33,u033,2025-06-24,regular,empirical,60,0.004637681159420315,0,2.1508086536442157e-05,0.004648468567984626
s33-121-33,u033,2025-06-24,regular,empirical,120,0.0197101449275362,0,0.000388489813064481,0.0199069805668798
s33-121-33,u033,2025-06-24,regular,hazard,30,0.0007479485538113284,0,5.594270391484576e-07,0.0007482284068834041
s33-121-33,u033,2025-06-24,regular,hazard,60,0.002019760753658173,0,4.079433502017831e-06,0.0020218032210695884
s33-121-33,u033,2025-06-24,regular,hazard,120,0.007941427405273482,0,6.306626923322871e-05,0.007973128485987555
s33-121-33,u033,2025-06-24,regular,hazard_cal,30,0.0007319723155463365,0,5.357834707262655e-07,0.0007322403380797302
s33-121-33,u033,2025-06-24,regular,hazard_cal,60,0.0019900571578377324,0,3.960327491461193e-06,0.001992039952603455
s33-121-33,u033,2025-06-24,regular,hazard_cal,120,0.007953196674568175,0,6.325333734436227e-05,0.007984992038637194
s33-121-55,u055,2025-06-24,new,empirical,30,0.0028985507246376274,0,8.401596303297314e-06,0.002902759657961351
s33-121-55,u055,2025-06-24,new,empirical,60,0.004637681159420315,0,2.1508086536442157e-05,0.004648468567984626
s33-121-55,u055,2025-06-24,new,empirical,120,0.0197101449275362,0,0.000388489813064481,0.0199069805668798
s33-121-55,u055,2025-06-24,new,hazard,30,0.00024332993180153917,0,5.92094557105417e-08,0.00024335954133274866
s33-121-55,u055,2025-06-24,new,hazard,60,0.0006574079710014447,0,4.321852403362363e-07,0.000657624158375674
s33-121-55,u055,2025-06-24,new,hazard,120,0.0025907284741282233,0,6.711874026658752e-06,0.0025940902186416437
s33-121-55,u055,2025-06-24,new,hazard_cal,30,0.00023280184623020173,0,5.419669960819049e-08,0.00023282894878643752
s33-121-55,u055,2025-06-24,new,hazard_cal,60,0.0006332409719389531,0,4.0099412854219e-07,0.0006334415536854142
s33-121-55,u055,2025-06-24,new,hazard_cal,120,0.0025366089485061583,0,6.4343849576415175e-06,0.0025398315918625084
s33-121-0,u000,2025-06-24,regular,empirical,30,0.0028985507246376274,0,8.401596303297314e-06,0.002902759657961351
s33-121-0,u000,2025-06-24,regular,empirical,60,0.004637681159420315,0,2.1508086536442157e-05,0.004648468567984626
s33-121-0,u000,2025-06-24,regular,empirical,120,0.0197101449275362,0,0.000388489813064481,0.0199069805668798
s33-121-0,u000,2025-06-24,regular,hazard,30,0.0022816075042342288,0,5.205732803377947e-06,0.002284214336569564
s33-121-0,u000,2025-06-24,regular,hazard,60,0.0061521530053688656,0,3.784898660146916e-05,0.006171155476163336
s33-121-0,u000,2025-06-24,regular,hazard,120,0.024023174658314717,0,0.0005771129206638944,0.024316437377912108
s33-121-0,u000,2025-06-24,regular,hazard_cal,30,0.002283643482533626,0,5.2150275553183075e-06,0.002286254972877421
s33-121-0,u000,2025-06-24,regular,hazard_cal,60,0.006199278195325397,0,3.843105014303692e-05,0.006218573506397754
s33-121-0,u000,2025-06-24,regular,hazard_cal,120,0.02459755371162764,0,0.0006050396485964066,0.024905127724531413
s33-121-21,u021,2025-06-24,regular,empirical,30,0.0028985507246376274,0,8.401596303297314e-06,0.002902759657961351
s33-121-21,u021,2025-06-24,regular,empirical,60,0.004637681159420315,0,2.1508086536442157e-05,0.004648468567984626
s33-121-21,u021,2025-06-24,regular,empirical,120,0.0197101449275362,0,0.000388489813064481,0.0199069805668798
s33-121-21,u021,2025-06-24,regular,hazard,30,0.0002584234832078147,0,6.67826966732597e-08,0.0002584568803100056
s33-121-21,u021,2025-06-24,regular,hazard,60,0.0006981762787168222,0,4.874501161628698e-07,0.0006984201172763748
s33-121-21,u021,2025-06-24,regular,hazard,120,0.002751201766729605,0,7.569111161256101e-06,0.0027549932780486903
s33-121-21,u021,2025-06-24,regular,hazard_cal,30,0.00024754248163860737,0,6.127728021580026e-08,0.00024757312533589754
s33-121-21,u021,2025-06-24,regular,hazard_cal,60,0.0006733270714891493,0,4.5336934520015393e-07,0.0006735538579684475
s33-121-21,u021,2025-06-24,regular,hazard_cal,120,0.0026969990429082102,0,7.273803837447802e-06,0.002700642497229922
s33-121-26,u026,2025-06-24,variable,empirical,30,0.0028985507246376274,0,8.401596303297314e-06,0.002902759657961351
s33-121-26,u026,2025-06-24,variable,empirical,60,0.004637681159420315,0,2.1508086536442157e-05,0.004648468567984626
s33-121-26,u026,2025-06-24,variable,empirical,120,0.0197101449275362,0,0.000388489813064481,0.0199069805668798
s33-121-26,u026,2025-06-24,variable,hazard,30,0.0006329163597786902,0,4.005831184755084e-07,0.0006331167358899347
s33-121-26,u026,2025-06-24,variable,hazard,60,0.0017093172515056931,0,2.921765466294977e-06,0.0017107798011173137
s33-121-26,u026,2025-06-24,variable,hazard,120,0.006724290813912792,0,4.521608695007196e-05,0.00674700071998255
s33-121-26,u026,2025-06-24,variable,hazard_cal,30,0.0006173151655352038,0,3.810780135997561e-07,0.0006175057829934058
s33-121-26,u026,2025-06-24,variable,hazard_cal,60,0.0016785197903479432,0,2.817428686589703e-06,0.0016799300830483187
s33-121-26,u026,2025-06-24,variable,hazard_cal,120,0.006711724537956765,0,4.504724627341095e-05,0.006734349452715746
s33-121-35,u035,2025-06-24,regular,empirical,30,0.0028985507246376274,0,8.401596303297314e-06,0.002902759657961351
s33-121-35,u035,2025-06-24,regular,empirical,60,0.004637681159420315,0,2.1508086536442157e-05,0.004648468567984626
s33-121-35,u035,2025-06-24,regular,empirical,120,0.0197101449275362,0,0.000388489813064481,0.0199069805668798
s33-121-35,u035,2025-06-24,regular,hazard,30,0.006587786889030833,0,4.3398936095286545e-05,0.006609582131421403
s33-121-35,u035,2025-06-24,regular,hazard,60,0.01768979596287401,0,0.00031292888120811366,0.017848130452257784
s33-121-35,u035,2025-06-24,regular,hazard,120,0.06776135678967388,0,0.004591601473977482,0.07016644212631695
s33-121-35,u035,2025-06-24,regular,hazard_cal,30,0.006735755717847458,0,4.537040509051472e-05,0.006758543305788364
s33-121-35,u035,2025-06-24,regular,hazard_cal,60,0.01820584111292889,0,0.0003314526506292118,0.01837360676774339
s33-121-35,u035,2025-06-24,regular,hazard_cal,120,0.07077333522980578,0,0.005008864979550468,0.07340258201656635
s33-121-34,u034,2025-06-24,variable,empirical,30,0.0028985507246376274,0,8.401596303297314e-06,0.002902759657961351
s33-121-34,u034,2025-06-24,variable,empirical,60,0.004637681159420315,0,2.1508086536442157e-05,0.004648468567984626
s33-121-34,u034,2025-06-24,variable,empirical,120,0.0197101449275362,0,0.000388489813064481,0.0199069805668798
s33-121-34,u034,2025-06-24,variable,hazard,30,0.0022339141588412215,0,4.990372469071282e-06,0.0022364130673340975
s33-121-34,u034,2025-06-24,variable,hazard,60,0.0060238290423824115,0,3.62865163318498e-05,0.006042045492577462
s33-121-34,u034,2025-06-24,variable,hazard,120,0.023527125575560692,0,0.000553525637848202,0.023808307418419064
s33-121-34,u034,2025-06-24,variable,hazard_cal,30,0.0022349560735579477,0,4.9950286507335585e-06,0.0022374573153552727
s33-121-34,u034,2025-06-24,variable,hazard_cal,60,0.006067397709095257,0,3.681331496033437e-05,0.006085879160707639
s33-121-34,u034,2025-06-24,variable,hazard_cal,120,0.024079702305179973,0,0.0005798320631060898,0.02437435810151369
s33-121-29,u029,2025-06-24,regular,empirical,30,0.0028985507246376274,0,8.401596303297314e-06,0.002902759657961351
s33-121-29,u029,2025-06-24,regular,empirical,60,0.004637681159420315,0,2.1508086536442157e-05,0.004648468567984626
s33-121-29,u029,2025-06-24,regular,empirical,120,0.0197101449275362,0,0.000388489813064481,0.0199069805668798
s33-121-29,u029,2025-06-24,regular,hazard,30,0.001931953667873465,0,3.7324449748097346e-06,0.0019338222974859675
s33-121-29,u029,2025-06-24,regular,hazard,60,0.005211098387620239,0,2.7155546405458253e-05,0.005224723516025499
s33-121-29,u029,2025-06-24,regular,hazard,120,0.02038047736366877,0,0.00041536385757101515,0.020591024910863218
s33-121-29,u029,2025-06-24,regular,hazard_cal,30,0.0019272064974152903,0,3.7141248836797112e-06,0.001929065949273006
s33-121-29,u029,2025-06-24,regular,hazard_cal,60,0.005233500187444617,0,2.7389524211982844e-05,0.0052472429189124765
s33-121-29,u029,2025-06-24,regular,hazard_cal,120,0.020799828899557116,0,0.0004326328822508514,0.021019192489161266
s33-121-22,u022,2025-06-24,regular,empirical,30,0.0028985507246376274,0,8.401596303297314e-06,0.002902759657961351
s33-121-22,u022,2025-06-24,regular,empirical,60,0.004637681159420315,0,2.1508086536442157e-05,0.004648468567984626
s33-121-22,u022,2025-06-24,regular,empirical,120,0.0197101449275362,0,0.000388489813064481,0.0199069805668798
s33-121-22,u022,2025-06-24,regular,hazard,30,0.0010287289433412727,0,1.0582832388680515e-06,0.001029258448136461
s33-121-22,u022,2025-06-24,regular,hazard,60,0.002777228584557423,0,7.712998610882826e-06,0.0027810922390219765
s33-121-22,u022,2025-06-24,regular,hazard,120,0.01090588582862051,0,0.00011893834570690565,0.010965790945201512
s33-121-22,u022,2025-06-24,regular,hazard_cal,30,0.0010132462171806855,0,1.0266678966309689e-06,0.001013759898148514
s33-121-22,u022,2025-06-24,regular,hazard_cal,60,0.002754016887514865,0,7.584609016717066e-06,0.002757816169150328
s33-121-22,u022,2025-06-24,regular,hazard_cal,120,0.010991961864161848,0,0.0001208232256231884,0.011052819853688639
s33-121-37,u037,2025-06-24,variable,empirical,30,0.0028985507246376274,0,8.401596303297314e-06,0.002902759657961351
s33-121-37,u037,2025-06-24,variable,empirical,60,0.004637681159420315,0,2.1508086536442157e-05,0.004648468567984626
s33-121-37,u037,2025-06-24,variable,empirical,120,0.0197101449275362,0,0.000388489813064481,0.0199069805668798
s33-121-37,u037,2025-06-24,variable,hazard,30,0.0009608170588748521,0,9.23169420624921e-07,0.0009612789394640315
s33-121-37,u037,2025-06-24,variable,hazard,60,0.002594058709278646,0,6.729140587184395e-06,0.0025974291095113636
s33-121-37,u037,2025-06-24,variable,hazard,120,0.010189712863005629,0,0.00010383024823050237,0.010241983371265008
s33-121-37,u037,2025-06-24,variable,hazard_cal,30,0.0009450541940527746,0,8.931274296967393e-07,0.0009455010393184674
s33-121-37,u037,2025-06-24,variable,hazard_cal,60,0.00256884110400879,0,6.598944617645099e-06,0.0025721462377732763
s33-121-37,u037,2025-06-24,variable,hazard_cal,120,0.010256127545435922,0,0.00010518815222824948,0.01030908401828031
s33-121-53,u053,2025-06-24,regular,empirical,30,0.0028985507246376274,0,8.401596303297314e-06,0.002902759657961351
s33-121-53,u053,2025-06-24,regular,empirical,60,0.004637681159420315,0,2.1508086536442157e-05,0.004648468567984626
s33-121-53,u053,2025-06-24,regular,empirical,120,0.0197101449275362,0,0.000388489813064481,0.0199069805668798
s33-121-53,u053,2025-06-24,regular,hazard,30,0.000977124849862454,0,9.547729722187233e-07,0.0009776025475541053
s33-121-53,u053,2025-06-24,regular,hazard,60,0.002638045777489717,0,6.959285524131326e-06,0.002641531552023236
s33-121-53,u053,2025-06-24,regular,hazard,120,0.01036173724199363,0,0.00010736559867211774,0.010415793778643564
s33-121-53,u053,2025-06-24,regular,hazard_cal,30,0.0009614206412014159,0,9.243296493281417e-07,0.0009618831024630421
s33-121-53,u053,2025-06-24,regular,hazard_cal,60,0.002613286524318692,0,6.82926645818567e-06,0.0026167071181752697
s33-121-53,u053,2025-06-24,regular,hazard_cal,120,0.010432783220611808,0,0.00010884296572827929,0.010487586201798436
s33-121-57,u057,2025-06-24,new,empirical,30,0.0028985507246376274,0,8.401596303297314e-06,0.002902759657961351
s33-121-57,u057,2025-06-24,new,empirical,60,0.004637681159420315,0,2.1508086536442157e-05,0.004648468567984626
s33-121-57,u057,2025-06-24,new,empirical,120,0.0197101449275362,0,0.000388489813064481,0.0199069805668798
s33-121-57,u057,2025-06-24,new,hazard,30,0.0006720069509442705,0,4.515933421174152e-07,0.0006722328488242958
s33-121-57,u057,2025-06-24,new,hazard,60,0.0018148208343400363,0,3.2935746607546654e-06,0.0018164696168022367
s33-121-57,u057,2025-06-24,new,hazard,120,0.007138073937394074,0,5.095209953570454e-05,0.007163671873204058
s33-121-57,u057,2025-06-24,new,hazard_cal,30,0.0006562346678873343,0,4.3064393933719994e-07,0.0006564500841045516
s33-121-57,u057,2025-06-24,new,hazard_cal,60,0.0017842766171666247,0,3.183643046567574e-06,0.001785870334727375
s33-121-57,u057,2025-06-24,new,hazard_cal,120,0.007133312617922827,0,5.0884148905017015e-05,0.0071588763342376365
s33-121-23,u023,2025-06-24,variable,empirical,30,0.0028985507246376274,0,8.401596303297314e-06,0.002902759657961351
s33-121-23,u023,2025-06-24,variable,empirical,60,0.004637681159420315,0,2.1508086536442157e-05,0.004648468567984626
s33-121-23,u023,2025-06-24,variable,empirical,120,0.0197101449275362,0,0.000388489813064481,0.0199069805668798
s33-121-23,u023,2025-06-24,variable,hazard,30,0.0007516002608441985,0,5.649029521010672e-07,0.0007518828539271446
s33-121-23,u023,2025-06-24,variable,hazard,60,0.002029614681990255,0,4.119335757350404e-06,0.002031677141006173
s33-121-23,u023,2025-06-24,variable,hazard,120,0.00798004040143685,0,6.36810448085644e-05,0.008012051336612381
s33-121-23,u023,2025-06-24,variable,hazard_cal,30,0.0007356182567839209,0,5.411342197138146e-07,0.0007358889566564312
s33-121-23,u023,2025-06-24,variable,hazard_cal,60,0.0019999624771014357,0,3.9998499098137106e-06,0.0020019650725790305
s33-121-23,u023,2025-06-24,variable,hazard_cal,120,0.007992647503381356,0,6.388241411330823e-05,0.008024759933785233
s33-121-32,u032,2025-06-24,regular,empirical,30,0.0028985507246376274,0,8.401596303297314e-06,0.002902759657961351
s33-121-32,u032,2025-06-24,regular,empirical,60,0.004637681159420315,0,2.1508086536442157e-05,0.004648468567984626
s33-121-32,u032,2025-06-24,regular,empirical,120,0.0197101449275362,0,0.000388489813064481,0.0199069805668798
s33-121-32,u032,2025-06-24,regular,hazard,30,0.0061676561220253,0,3.803998203955617e-05,0.006186754682442032
s33-121-32,u032,2025-06-24,regular,hazard,60,0.016568353511408174,0,0.00027451033807899156,0.016707143834072444
s33-121-32,u032,2025-06-24,regular,hazard,120,0.0635840830244776,0,0.00404293561406366,0.06569554545824215
s33-121-32,u032,2025-06-24,regular,hazard_cal,30,0.006297865118164325,0,3.966310504659095e-05,0.0063177803302653145
s33-121-32,u032,2025-06-24,regular,hazard_cal,60,0.01702956386450538,0,0.00029000604541526745,0.017176234429154637
s33-121-32,u032,2025-06-24,regular,hazard_cal,120,0.06633336974638493,0,0.004400115941910615,0.06863583139019425
s33-121-39,u039,2025-06-24,variable,empirical,30,0.0028985507246376274,0,8.401596303297314e-06,0.002902759657961351
s33-121-39,u039,2025-06-24,variable,empirical,60,0.004637681159420315,0,2.1508086536442157e-05,0.004648468567984626
s33-121-39,u039,2025-06-24,variable,empirical,120,0.0197101449275362,0,0.000388489813064481,0.0199069805668798
s33-121-39,u039,2025-06-24,variable,hazard,30,0.0015253459082669174,0,2.326680139866627e-06,0.001526510432689208
s33-121-39,u039,2025-06-24,variable,hazard,60,0.004115959767149735,0,1.6941124804795302e-05,0.004124453644535666
s33-121-39,u039,2025-06-24,variable,hazard,120,0.01612686237228922,0,0.00026007568997475785,0.016258315416539073
s33-121-39,u039,2025-06-24,variable,hazard_cal,30,0.001514367394638505,0,2.2933086059442134e-06,0.0015155152078951478
s33-121-39,u039,2025-06-24,variable,hazard_cal,60,0.0041140572623182825,0,1.6925467157633803e-05,0.004122543278531841
s33-121-39,u039,2025-06-24,variable,hazard_cal,120,0.01638207433947636,0,0.0002683723596641298,0.0165177442631352
s33-121-30,u030,2025-06-24,regular,empirical,30,0.0028985507246376274,0,8.401596303297314e-06,0.002902759657961351
s33-121-30,u030,2025-06-24,regular,empirical,60,0.004637681159420315,0,2.1508086536442157e-05,0.004648468567984626
s33-121-30,u030,2025-06-24,regular,empirical,120,0.0197101449275362,0,0.000388489813064481,0.0199069805668798
s33-121-30,u030,2025-06-24,regular,hazard,30,0.007653353347470304,0,5.857381746123491e-05,0.007682790547916539
s33-121-30,u030,2025-06-24,regular,hazard,60,0.020529995368735343,0,0.0004214807098402946,0.020743665209609966
s33-121-30,u030,2025-06-24,regular,hazard,120,0.07827055470639388,0,0.006126279734046597,0.08150354177087064
s33-121-30,u030,2025-06-24,regular,hazard_cal,30,0.007848775224157278,0,6.160327251934513e-05,0.00787973898523383
s33-121-30,u030,2025-06-24,regular,hazard_cal,60,0.021191132133579815,0,0.000449064081102839,0.02141888751757502
s33-121-30,u030,2025-06-24,regular,hazard_cal,120,0.08196105290819855,0,0.006717614193820522,0.08551546323567746
s33-121-28,u028,2025-06-24,regular,empirical,30,0.0028985507246376274,0,8.401596303297314e-06,0.002902759657961351
s33-121-28,u028,2025-06-24,regular,empirical,60,0.004637681159420315,0,2.1508086536442157e-05,0.004648468567984626
s33-121-28,u028,2025-06-24,regular,empirical,120,0.0197101449275362,0,0.000388489813064481,0.0199069805668798
s33-121-28,u028,2025-06-24,regular,hazard,30,0.003337995123611659,0,1.1142211445255215e-05,0.0033435786580037754
s33-121-28,u028,2025-06-24,regular,hazard,60,0.008991448062779961,0,8.084613826566951e-05,0.009032115085730963
s33-121-28,u028,2025-06-24,regular,hazard,120,0.034944347089224004,0,0.001221107393492158,0.035569507895952396
s33-121-28,u028,2025-06-24,regular,hazard_cal,30,0.003366673480601934,0,1.133449032498834e-05,0.003372353477811507
s33-121-28,u028,2025-06-24,regular,hazard_cal,60,0.00912965730436377,0,8.335064249512273e-05,0.009171588029493711
s33-121-28,u028,2025-06-24,regular,hazard_cal,120,0.03604391171427146,0,0.0012991635716661954,0.03670953697991676
s33-121-16,u016,2025-06-24,regular,empirical,30,0.0028985507246376274,0,8.401596303297314e-06,0.002902759657961351
s33-121-16,u016,2025-06-24,regular,empirical,60,0.004637681159420315,0,2.1508086536442157e-05,0.004648468567984626
s33-121-16,u016,2025-06-24,regular,empirical,120,0.0197101449275362,0,0.000388489813064481,0.0199069805668798
s33-121-16,u016,2025-06-24,regular,hazard,30,0.0024334447659090097,0,5.921653428729955e-06,0.0024364104047458176
s33-121-16,u016,2025-06-24,regular,hazard,60,0.006560608471580576,0,4.304158351737482e-05,0.0065822238552537314
s33-121-16,u016,2025-06-24,regular,hazard,120,0.02560068094995893,0,0.0006553948651015902,0.025934080867018504
s33-121-16,u016,2025-06-24,regular,hazard_cal,30,0.0024387798292861973,0,5.9476470557332135e-06,0.0024417584966755367
s33-121-16,u016,2025-06-24,regular,hazard_cal,60,0.006619415156875141,0,4.381665701906835e-05,0.006641420648129889
s33-121-16,u016,2025-06-24,regular,hazard_cal,120,0.02624573183334189,0,0.0006888384394676958,0.026596298580435548
s33-121-38,u038,2025-06-24,regular,empirical,30,0.0028985507246376274,0,8.401596303297314e-06,0.002902759657961351
s33-121-38,u038,2025-06-24,regular,empirical,60,0.004637681159420315,0,2.1508086536442157e-05,0.004648468567984626
s33-121-38,u038,2025-06-24,regular,empirical,120,0.0197101449275362,0,0.000388489813064481,0.0199069805668798
s33-121-38,u038,2025-06-24,regular,hazard,30,0.0007961844091181058,0,6.339096133227473e-07,0.0007965015322616086
s33-121-38,u038,2025-06-24,regular,hazard,60,0.0021499169310745803,0,4.6221428105211415e-06,0.00215223132023779
s33-121-38,u038,2025-06-24,regular,hazard,120,0.008451346780437019,0,7.142526240320317e-05,0.00848726190893533
s33-121-38,u038,2025-06-24,regular,hazard_cal,30,0.0007801603145971558,0,6.086501164723332e-07,0.0007804647980296191
s33-121-38,u038,2025-06-24,regular,hazard_cal,60,0.002120968962390335,0,4.498509339423134e-06,0.0021232214025273546
s33-121-38,u038,2025-06-24,regular,hazard_cal,120,0.00847448311871113,0,7.18168641293199e-05,0.00851059571926274
s33-121-12,u012,2025-06-24,variable,empirical,30,0.0028985507246376274,0,8.401596303297314e-06,0.002902759657961351
s33-121-12,u012,2025-06-24,variable,empirical,60,0.004637681159420315,0,2.1508086536442157e-05,0.004648468567984626
s33-121-12,u012,2025-06-24,variable,empirical,120,0.0197101449275362,0,0.000388489813064481,0.0199069805668798
s33-121-12,u012,2025-06-24,variable,hazard,30,0.00159262019250761,0,2.536439077582977e-06,0.001593889760184865
s33-121-12,u012,2025-06-24,variable,hazard,60,0.004297212548770024,0,1.8466035689306568e-05,0.004306472102984178
s33-121-12,u012,2025-06-24,variable,hazard,120,0.016831941662960426,0,0.000283314260145303,0.016975208710197347
s33-121-12,u012,2025-06-24,variable,hazard_cal,30,0.0015825337251972327,0,2.5044129913866302e-06,0.0015837872543689418
s33-121-12,u012,2025-06-24,variable,hazard_cal,60,0.004298957444346274,0,1.8481035108300247e-05,0.004308224530643458
s33-121-12,u012,2025-06-24,variable,hazard_cal,120,0.017112931864774694,0,0.0002928524370084211,0.01726105034296139
s33-121-5,u005,2025-06-24,variable,empirical,30,0.0028985507246376274,0,8.401596303297314e-06,0.002902759657961351
s33-121-5,u005,2025-06-24,variable,empirical,60,0.004637681159420315,0,2.1508086536442157e-05,0.004648468567984626
s33-121-5,u005,2025-06-24,variable,empirical,120,0.0197101449275362,0,0.000388489813064481,0.0199069805668798
s33-121-5,u005,2025-06-24,variable,hazard,30,0.00034654907076003827,0,1.20096258444646e-07,0.0003466091327659496
s33-121-5,u005,2025-06-24,variable,hazard,60,0.0009361834593464291,0,8.764394695538471e-07,0.000936621952776098
s33-121-5,u005,2025-06-24,variable,hazard,120,0.0036876155069131,0,1.3598508126825959e-05,0.0036944315226996515
s33-121-5,u005,2025-06-24,variable,hazard_cal,30,0.0003339269679900614,0,1.1150721995103548e-07,0.00033398273401490217
s33-121-5,u005,2025-06-24,variable,hazard_cal,60,0.0009082202801140582,0,8.248640772104583e-07,0.0009086329620423151
s33-121-5,u005,2025-06-24,variable,hazard_cal,120,0.0036363972260313737,0,1.3223384785488669e-05,0.0036430249907594024
s33-122-0,u000,2025-06-25,regular,empirical,30,0.0028985507246376274,0,8.401596303297314e-06,0.002902759657961351
s33-122-0,u000,2025-06-25,regular,empirical,60,0.004637681159420315,0,2.1508086536442157e-05,0.004648468567984626
s33-122-0,u000,2025-06-25,regular,empirical,120,0.0197101449275362,0,0.000388489813064481,0.0199069805668798
s33-122-0,u000,2025-06-25,regular,hazard,30,0.004123281845771265,0,1.700145317966689e-05,0.004131806012123722
s33-122-0,u000,2025-06-25,regular,hazard,60,0.011098344283402173,0,0.00012317324583292568,0.011160390406250829
s33-122-0,u000,2025-06-25,regular,hazard,120,0.04298143832237089,0,0.001847404040259773,0.043932492024874384
s33-122-0,u000,2025-06-25,regular,hazard_cal,30,0.004176422005190195,0,1.7442500765436886e-05,0.004185167614302811
s33-122-0,u000,2025-06-25,regular,hazard_cal,60,0.011316559258776171,0,0.00012806451345739268,0.011381078736326239
s33-122-0,u000,2025-06-25,regular,hazard_cal,120,0.0445113974064314,0,0.0019812644990732675,0.04553244358481014
s33-122-32,u032,2025-06-25,regular,empirical,30,0.0028985507246376274,0,8.401596303297314e-06,0.002902759657961351
s33-122-32,u032,2025-06-25,regular,empirical,60,0.004637681159420315,0,2.1508086536442157e-05,0.004648468567984626
s33-122-32,u032,2025-06-25,regular,empirical,120,0.0197101449275362,0,0.000388489813064481,0.0199069805668798
s33-122-32,u032,2025-06-25,regular,hazard,30,0.008895516771955991,0,7.913021864015035e-05,0.008935318092626203
s33-122-32,u032,2025-06-25,regular,hazard,60,0.023833514775176257,0,0.0005680364265385449,0.024122127992214235
s33-122-32,u032,2025-06-25,regular,hazard,120,0.09036821972995268,0,0.00816641513716101,0.09471539842479154
s33-122-32,u032,2025-06-25,regular,hazard_cal,30,0.009150105023969068,0,8.372442194966398e-05,0.009192224362733209
s33-122-32,u032,2025-06-25,regular,hazard_cal,60,0.02467324570139262,0,0.0006087690534412895,0.02498273151472453
s33-122-32,u032,2025-06-25,regular,hazard_cal,120,0.09486581299004482,0,0.008999522474262157,0.09967207333437972
s33-122-42,u042,2025-06-25,variable,empirical,30,0.0028985507246376274,0,8.401596303297314e-06,0.002902759657961351
s33-122-42,u042,2025-06-25,variable,empirical,60,0.004637681159420315,0,2.1508086536442157e-05,0.004648468567984626
s33-122-42,u042,2025-06-25,variable,empirical,120,0.0197101449275362,0,0.000388489813064481,0.0199069805668798
s33-122-42,u042,2025-06-25,variable,hazard,30,0.0011308670395748788,0,1.2788602611968503e-06,0.0011315069521883575
s33-122-42,u042,2025-06-25,variable,hazard,60,0.0030526671868570388,0,9.318776953713666e-06,0.003057336079471826
s33-122-42,u042,2025-06-25,variable,hazard,120,0.011981992922569074,0,0.00014356815439649538,0.012054355613483465
s33-122-42,u042,2025-06-25,variable,hazard_cal,30,0.001115974971785283,0,1.245400137651163e-06,0.0011165981355206716
s33-122-42,u042,2025-06-25,variable,hazard_cal,60,0.0030329307591723254,0,9.198668989933617e-06,0.0030375394145146675
s33-122-42,u042,2025-06-25,variable,hazard_cal,120,0.012099402782945967,0,0.00014639554770396062,0.01217319640000159
s33-122-5,u005,2025-06-25,variable,empirical,30,0.0028985507246376274,0,8.401596303297314e-06,0.002902759657961351
s33-122-5,u005,2025-06-25,variable,empirical,60,0.004637681159420315,0,2.1508086536442157e-05,0.004648468567984626
s33-122-5,u005,2025-06-25,variable,empirical,120,0.0197101449275362,0,0.000388489813064481,0.0199069805668798
s33-122-5,u005,2025-06-25,variable,hazard,30,0.00027297479201804364,0,7.451523707729418e-08,0.0002730120564182312
s33-122-5,u005,2025-06-25,variable,hazard,60,0.0007374788435742241,0,5.438750447195749e-07,0.0007377509148693573
s33-122-5,u005,2025-06-25,variable,hazard,120,0.0029058848597712794,0,8.444166818247949e-06,0.0029101151403067693
s33-122-5,u005,2025-06-25,variable,hazard_cal,30,0.0002617700182908633,0,6.852354247599892e-08,0.00026180428604241174
s33-122-5,u005,2025-06-25,variable,hazard_cal,60,0.0007120167412432155,0,5.069678398106081e-07,0.0007122703455506079
s33-122-5,u005,2025-06-25,variable,hazard_cal,120,0.002851780945966609,0,8.132654563778206e-06,0.0028558550206711037
s33-122-29,u029,2025-06-25,regular,empirical,30,0.0028985507246376274,0,8.401596303297314e-06,0.002902759657961351
s33-122-29,u029,2025-06-25,regular,empirical,60,0.004637681159420315,0,2.1508086536442157e-05,0.004648468567984626
s33-122-29,u029,2025-06-25,regular,empirical,120,0.0197101449275362,0,0.000388489813064481,0.0199069805668798
s33-122-29,u029,2025-06-25,regular,hazard,30,0.0013096800597357516,0,1.7152618588694419e-06,0.00131053844021624
s33-122-29,u029,2025-06-25,regular,hazard,60,0.003534746516121734,0,1.2494432933234736e-05,0.0035410084932778474
s33-122-29,u029,2025-06-25,regular,hazard,120,0.01386303625433849,0,0.00019218377418910335,0.01396002556222925
s33-122-29,u029,2025-06-25,regular,hazard_cal,30,0.0012962640666969172,0,1.6803005306096298e-06,0.0012971049437065403
s33-122-29,u029,2025-06-25,regular,hazard_cal,60,0.003522289616775476,0,1.2406524144444328e-05,0.003528507483893967
s33-122-29,u029,2025-06-25,regular,hazard_cal,120,0.014039868938545808,0,0.00019711791981154338,0.01413936022597058
s33-122-53,u053,2025-06-25,regular,empirical,30,0.0028985507246376274,0,8.401596303297314e-06,0.002902759657961351
s33-122-53,u053,2025-06-25,regular,empirical,60,0.004637681159420315,0,2.1508086536442157e-05,0.004648468567984626
s33-122-53,u053,2025-06-25,regular,empirical,120,0.0197101449275362,0,0.000388489813064481,0.0199069805668798
s33-122-53,u053,2025-06-25,regular,hazard,30,0.0009768109871299835,0,9.541597045778527e-07,0.0009772883778879499
s33-122-53,u053,2025-06-25,regular,hazard,60,0.0026371992073751516,0,6.954819659380127e-06,0.0026406827430710865
s33-122-53,u053,2025-06-25,regular,hazard,120,0.010358426719264013,0,0.00010729700409836263,0.010412448599584656
s33-122-53,u053,2025-06-25,regular,hazard_cal,30,0.0009611055972912341,0,9.237239691445399e-07,0.0009615677554213794
s33-122-53,u053,2025-06-25,regular,hazard_cal,60,0.002612430991086989,0,6.824795683191749e-06,0.002615849343700017
s33-122-53,u053,2025-06-25,regular,hazard_cal,120,0.010429383016254512,0,0.00010877203009973806,0.010484150155759304
s33-122-59,u059,2025-06-25,new,empirical,30,0.0028985507246376274,0,8.401596303297314e-06,0.002902759657961351
s33-122-59,u059,2025-06-25,new,empirical,60,0.004637681159420315,0,2.1508086536442157e-05,0.004648468567984626
s33-122-59,u059,2025-06-25,new,empirical,120,0.0197101449275362,0,0.000388489813064481,0.0199069805668798
s33-122-59,u059,2025-06-25,new,hazard,30,0.0014812595908186843,0,2.1941299753923362e-06,0.00148235774037005
s33-122-59,u059,2025-06-25,new,hazard,60,0.003997168074300728,0,1.5977352614208987e-05,0.004005178102686133
s33-122-59,u059,2025-06-25,new,hazard,120,0.015664526645142285,0,0.0002453773950163726,0.01578851182654274
s33-122-59,u059,2025-06-25,new,hazard_cal,30,0.0014697291768549503,0,2.1601038532987296e-06,0.0014708102882053712
s33-122-59,u059,2025-06-25,new,hazard_cal,60,0.00399296339558064,0,1.5943756678446873e-05,0.004000956558619992
s33-122-59,u059,2025-06-25,new,hazard_cal,120,0.01590317373483696,0,0.00025291093484040817,0.016030986094933877
s33-122-15,u015,2025-06-25,variable,empirical,30,0.0028985507246376274,0,8.401596303297314e-06,0.002902759657961351
s33-122-15,u015,2025-06-25,variable,empirical,60,0.004637681159420315,0,2.1508086536442157e-05,0.004648468567984626
s33-122-15,u015,2025-06-25,variable,empirical,120,0.0197101449275362,0,0.000388489813064481,0.0199069805668798
s33-122-15,u015,2025-06-25,variable,hazard,30,0.000645301490268535,0,4.164140133427922e-07,0.0006455097868894401
s33-122-15,u015,2025-06-25,variable,hazard,60,0.0017427449702164255,0,3.03716003121465e-06,0.0017442653168731272
s33-122-15,u015,2025-06-25,variable,hazard,120,0.00685540951717345,0,4.699663964815231e-05,0.006879015785951156
s33-122-15,u015,2025-06-25,variable,hazard_cal,30,0.0006296409819729343,0,3.9644776617984095e-07,0.0006298392891019236
s33-122-15,u015,2025-06-25,variable,hazard_cal,60,0.0017120138747557245,0,2.9309915073561098e-06,0.0017134810452927353
s33-122-15,u015,2025-06-25,variable,hazard_cal,120,0.006845261588832141,0,4.685760621954073e-05,0.006868797861397914
s33-122-18,u018,2025-06-25,variable,empirical,30,0.0028985507246376274,0,8.401596303297314e-06,0.002902759657961351
s33-122-18,u018,2025-06-25,variable,empirical,60,0.004637681159420315,0,2.1508086536442157e-05,0.004648468567984626
s33-122-18,u018,2025-06-25,variable,empirical,120,0.0197101449275362,0,0.000388489813064481,0.0199069805668798
s33-122-18,u018,2025-06-25,variable,hazard,30,0.00037021886446908514,0,1.3706200760877884e-07,0.000370287412391901
s33-122-18,u018,2025-06-25,variable,hazard,60,0.001000103302826294,0,1.000206616324062e-06,0.0010006037398214065
s33-122-18,u018,2025-06-25,variable,hazard,120,0.003938974380080729,0,1.551551916693236e-05,0.003946752571781465
s33-122-18,u018,2025-06-25,variable,hazard_cal,30,0.00035721013971312665,0,1.2759908391387146e-07,0.000357273954452384
s33-122-18,u018,2025-06-25,variable,hazard_cal,60,0.0009715241602135105,0,9.438591938785669e-07,0.0009719963956940108
s33-122-18,u018,2025-06-25,variable,hazard_cal,120,0.003889436422845005,0,1.5127715687353349e-05,0.0038970199508420204
s33-122-21,u021,2025-06-25,regular,empirical,30,0.0028985507246376274,0,8.401596303297314e-06,0.002902759657961351
s33-122-21,u021,2025-06-25,regular,empirical,60,0.004637681159420315,0,2.1508086536442157e-05,0.004648468567984626
s33-122-21,u021,2025-06-25,regular,empirical,120,0.0197101449275362,0,0.000388489813064481,0.0199069805668798
s33-122-21,u021,2025-06-25,regular,hazard,30,0.000480404566463255,0,2.30788547478748e-07,0.00048051999770760604
s33-122-21,u021,2025-06-25,regular,hazard,60,0.0012976193750100506,0,1.6838160424014744e-06,0.0012984620120582372
s33-122-21,u021,2025-06-25,regular,hazard,120,0.005108222162960585,0,2.6093933666161717e-05,0.005121313731919039
s33-122-21,u021,2025-06-25,regular,hazard_cal,30,0.0004659652819209992,0,2.1712364395571623e-07,0.00046607387747879374
s33-122-21,u021,2025-06-25,regular,hazard_cal,60,0.0012671769515812947,0,1.605737426618863e-06,0.001267980499191009
s33-122-21,u021,2025-06-25,regular,hazard_cal,120,0.005070497859003931,0,2.5709948538163444e-05,0.005083396453276215
s33-122-38,u038,2025-06-25,regular,empirical,30,0.0028985507246376274,0,8.401596303297314e-06,0.002902759657961351
s33-122-38,u038,2025-06-25,regular,empirical,60,0.004637681159420315,0,2.1508086536442157e-05,0.004648468567984626
s33-122-38,u038,2025-06-25,regular,empirical,120,0.0197101449275362,0,0.000388489813064481,0.0199069805668798
s33-122-38,u038,2025-06-25,regular,hazard,30,0.001719602441388579,0,2.9570325564295615e-06,0.0017210826548292835
s33-122-38,u038,2025-06-25,regular,hazard,60,0.004639268557401599,0,2.1522812747695115e-05,0.004650063363384275
s33-122-38,u038,2025-06-25,regular,hazard,120,0.018161385766321425,0,0.0003298359329531425,0.018328328091176585
s33-122-38,u038,2025-06-25,regular,hazard_cal,30,0.0017113560293841035,0,2.9287394593093243e-06,0.0017128220719663876
s33-122-38,u038,2025-06-25,regular,hazard_cal,60,0.0046483188076194,0,2.1606867737268246e-05,0.004659155837174485
s33-122-38,u038,2025-06-25,regular,hazard_cal,120,0.018492592923461393,0,0.0003419759930328544,0.01866571860378809
s33-122-39,u039,2025-06-25,variable,empirical,30,0.0028985507246376274,0,8.401596303297314e-06,0.002902759657961351
s33-122-39,u039,2025-06-25,variable,empirical,60,0.004637681159420315,0,2.1508086536442157e-05,0.004648468567984626
s33-122-39,u039,2025-06-25,variable,empirical,120,0.0197101449275362,0,0.000388489813064481,0.0199069805668798
s33-122-39,u039,2025-06-25,variable,hazard,30,0.0015248561539671357,0,2.325186290291445e-06,0.0015260199303237631
s33-122-39,u039,2025-06-25,variable,hazard,60,0.00411464016734997,0,1.693026370676979e-05,0.0041231285917462
s33-122-39,u039,2025-06-25,variable,hazard,120,0.016121727516739237,0,0.0002599100981239871,0.016253096408158633
s33-122-39,u039,2025-06-25,variable,hazard_cal,30,0.0015138713651072777,0,2.2918065100917726e-06,0.0015150184261770935
s33-122-39,u039,2025-06-25,variable,hazard_cal,60,0.004112711699127192,0,1.691439752013767e-05,0.004121192157661129
s33-122-39,u039,2025-06-25,variable,hazard_cal,120,0.016376754014447603,0,0.0002681980720497257,0.016512335343166002
s33-122-48,u048,2025-06-25,variable,empirical,30,0.0028985507246376274,0,8.401596303297314e-06,0.002902759657961351
s33-122-48,u048,2025-06-25,variable,empirical,60,0.004637681159420315,0,2.1508086536442157e-05,0.004648468567984626
s33-122-48,u048,2025-06-25,variable,empirical,120,0.0197101449275362,0,0.000388489813064481,0.0199069805668798
s33-122-48,u048,2025-06-25,variable,hazard,30,0.0005791519221669539,0,3.354169489496774e-07,0.0005793196954220248
s33-122-48,u048,2025-06-25,variable,hazard,60,0.0015641966872398383,0,2.4467112763720847e-06,0.0015654213200890564
s33-122-48,u048,2025-06-25,variable,hazard,120,0.0061548920362555215,0,3.788269597796164e-05,0.006173911466096113
s33-122-48,u048,2025-06-25,variable,hazard_cal,30,0.0005638658467610469,0,3.179446931435524e-07,0.0005640248788922868
s33-122-48,u048,2025-06-25,variable,hazard_cal,60,0.0015332676661131694,0,2.3509097359481256e-06,0.0015344443238891627
s33-122-48,u048,2025-06-25,variable,hazard_cal,120,0.0061324437255404485,0,3.7606866046920415e-05,0.006151324387873083
s33-122-11,u011,2025-06-25,variable,empirical,30,0.0028985507246376274,0,8.401596303297314e-06,0.002902759657961351
s33-122-11,u011,2025-06-25,variable,empirical,60,0.004637681159420315,0,2.1508086536442157e-05,0.004648468567984626
s33-122-11,u011,2025-06-25,variable,empirical,120,0.0197101449275362,0,0.000388489813064481,0.0199069805668798
s33-122-11,u011,2025-06-25,variable,hazard,30,0.0008398945619609854,0,7.054228752116357e-07,0.0008402474710166926
s33-122-11,u011,2025-06-25,variable,hazard,60,0.002267850820752537,0,5.143147345187957e-06,0.0022704262890137854
s33-122-11,u011,2025-06-25,variable,hazard,120,0.008913190618477285,0,7.944496700131148e-05,0.008953150727233829
s33-122-11,u011,2025-06-25,variable,hazard_cal,30,0.0008238780938553125,0,6.787751135346632e-07,0.0008242176679366553
s33-122-11,u011,2025-06-25,variable,hazard_cal,60,0.002239725907447254,0,5.016372140490426e-06,0.0022422378449193383
s33-122-11,u011,2025-06-25,variable,hazard_cal,120,0.00894716707966714,0,8.005179875147941e-05,0.008987433338275022
s33-122-17,u017,2025-06-25,regular,empirical,30,0.0028985507246376274,0,8.401596303297314e-06,0.002902759657961351
s33-122-17,u017,2025-06-25,regular,empirical,60,0.004637681159420315,0,2.1508086536442157e-05,0.004648468567984626
s33-122-17,u017,2025-06-25,regular,empirical,120,0.0197101449275362,0,0.000388489813064481,0.0199069805668798
s33-122-17,u017,2025-06-25,regular,hazard,30,0.00027775673756402774,0,7.714880526221218e-08,0.000277795319111014
s33-122-17,u017,2025-06-25,regular,hazard,60,0.0007503944668246776,0,5.630918558410921e-07,0.0007506761536789181
s33-122-17,u017,2025-06-25,regular,hazard,120,0.0029567124378315768,0,8.742148440027946e-06,0.002961092147209528
s33-122-17,u017,2025-06-25,regular,hazard_cal,30,0.0002664489443341411,0,7.099503993677824e-08,0.0002664844481608877
s33-122-17,u017,2025-06-25,regular,hazard_cal,60,0.0007247401497525452,0,5.252482846633417e-07,0.0007250029008533951
s33-122-17,u017,2025-06-25,regular,hazard_cal,120,0.002902677736304371,0,8.425538040837068e-06,0.0029068986753207535
s33-122-4,u004,2025-06-25,variable,empirical,30,0.0028985507246376274,0,8.401596303297314e-06,0.002902759657961351
s33-122-4,u004,2025-06-25,variable,empirical,60,0.004637681159420315,0,2.1508086536442157e-05,0.004648468567984626
s33-122-4,u004,2025-06-25,variable,empirical,120,0.0197101449275362,0,0.000388489813064481,0.0199069805668798
s33-122-4,u004,2025-06-25,variable,hazard,30,0.00048145602545379695,0,2.3179990444576718e-07,0.0004815719626199447
s33-122-4,u004,2025-06-25,variable,hazard,60,0.0013004581498906598,0,1.6911913996170377e-06,0.0013013044794141246
s33-122-4,u004,2025-06-25,variable,hazard,120,0.00511937303887422,0,2.6207980311152263e-05,0.005132521924259894
s33-122-4,u004,2025-06-25,variable,hazard_cal,30,0.0004670057226120461,0,2.1809434495239934e-07,0.00046711480374685377
s33-122-4,u004,2025-06-25,variable,hazard_cal,60,0.0012700051048252226,0,1.6129129662821245e-06,0.001270812244761964
s33-122-4,u004,2025-06-25,variable,hazard_cal,120,0.005081789873129017,0,2.582458831463663e-05,0.005094746079738169
s33-122-44,u044,2025-06-25,variable,empirical,30,0.0028985507246376274,0,8.401596303297314e-06,0.002902759657961351
s33-122-44,u044,2025-06-25,variable,empirical,60,0.004637681159420315,0,2.1508086536442157e-05,0.004648468567984626
s33-122-44,u044,2025-06-25,variable,empirical,120,0.0197101449275362,0,0.000388489813064481,0.0199069805668798
s33-122-44,u044,2025-06-25,variable,hazard,30,0.0001911474270684943,0,3.653733887490535e-08,0.00019116569806627165
s33-122-44,u044,2025-06-25,variable,hazard,60,0.0005164517228601895,0,2.66722382045258e-07,0.000516585129985416
s33-122-44,u044,2025-06-25,variable,hazard,120,0.002035724200728839,0,4.1441730214330705e-06,0.002037799103671206
s33-122-44,u044,2025-06-25,variable,hazard_cal,30,0.00018198945550740309,0,3.3120161915881046e-08,0.00018200601759780873
s33-122-44,u044,2025-06-25,variable,hazard_cal,60,0.0004950514774183512,0,2.4507596529409227e-07,0.0004951740558577593
s33-122-44,u044,2025-06-25,variable,hazard_cal,120,0.0019835246259128914,0,3.934369941602876e-06,0.0019854944160662157
s33-122-46,u046,2025-06-25,variable,empirical,30,0.0028985507246376274,0,8.401596303297314e-06,0.002902759657961351
s33-122-46,u046,2025-06-25,variable,empirical,60,0.004637681159420315,0,2.1508086536442157e-05,0.004648468567984626
s33-122-46,u046,2025-06-25,variable,empirical,120,0.0197101449275362,0,0.000388489813064481,0.0199069805668798
s33-122-46,u046,2025-06-25,variable,hazard,30,0.00020099333733059055,0,4.0398321651288565e-08,0.0002010135391984221
s33-122-46,u046,2025-06-25,variable,hazard,60,0.0005430487445055032,0,2.949019389090033e-07,0.0005431962488787515
s33-122-46,u046,2025-06-25,variable,hazard,120,0.002140467924440337,0,4.581602935557923e-06,0.002142762000089598
s33-122-46,u046,2025-06-25,variable,hazard_cal,30,0.00019155748858701305,0,3.6694271433763635e-08,0.00019157583806608743
s33-122-46,u046,2025-06-25,variable,hazard_cal,60,0.0005210737702711077,0,2.715178740645471e-07,0.0005212095763868589
s33-122-46,u046,2025-06-25,variable,hazard_cal,120,0.0020876952551504013,0,4.3584714783775e-06,0.0020898775287000126
s33-122-56,u056,2025-06-25,new,empirical,30,0.0028985507246376274,0,8.401596303297314e-06,0.002902759657961351
s33-122-56,u056,2025-06-25,new,empirical,60,0.004637681159420315,0,2.1508086536442157e-05,0.004648468567984626
s33-122-56,u056,2025-06-25,new,empirical,120,0.0197101449275362,0,0.000388489813064481,0.0199069805668798
s33-122-56,u056,2025-06-25,new,hazard,30,0.0003787816944806899,0,1.4347557207366269e-07,0.00037885345038718134
s33-122-56,u056,2025-06-25,new,hazard,60,0.001023226349603612,0,1.0469921625231333e-06,0.001023750203062469
s33-122-56,u056,2025-06-25,new,hazard,120,0.00402989039304591,0,1.6240016579963714e-05,0.004038032282645976
s33-122-56,u056,2025-06-25,new,hazard_cal,30,0.0003656406057673811,0,1.336930525859374e-07,0.00036570746859268007
s33-122-56,u056,2025-06-25,new,hazard_cal,60,0.0009944447781076171,0,9.889204167055078e-07,0.0009949395663695702
s33-122-56,u056,2025-06-25,new,hazard_cal,120,0.003981041524584783,0,1.5848691620468332e-05,0.0039889869648240825
s33-122-14,u014,2025-06-25,regular,empirical,30,0.0028985507246376274,0,8.401596303297314e-06,0.002902759657961351
s33-122-14,u014,2025-06-25,regular,empirical,60,0.004637681159420315,0,2.1508086536442157e-05,0.004648468567984626
s33-122-14,u014,2025-06-25,regular,empirical,120,0.0197101449275362,0,0.000388489813064481,0.0199069805668798
s33-122-14,u014,2025-06-25,regular,hazard,30,0.003979686914825531,0,1.5837907940033552e-05,0.003987626941677359
s33-122-14,u014,2025-06-25,regular,hazard,60,0.010713322961205307,0,0.00011477528887108884,0.010771123802375571
s33-122-14,u014,2025-06-25,regular,hazard,120,0.041516953552081515,0,0.0017236574322456938,0.04240340423980458
s33-122-14,u014,2025-06-25,regular,hazard_cal,30,0.004028104002804733,0,1.6225621857411513e-05,0.004036238665928068
s33-122-14,u014,2025-06-25,regular,hazard_cal,60,0.010916253466701886,0,0.00011916458974928094,0.010976272953202328
s33-122-14,u014,2025-06-25,regular,hazard_cal,120,0.04296620554718955,0,0.0018460948191233422,0.043916575244820934
s33-122-34,u034,2025-06-25,variable,empirical,30,0.0028985507246376274,0,8.401596303297314e-06,0.002902759657961351
s33-122-34,u034,2025-06-25,variable,empirical,60,0.004637681159420315,0,2.1508086536442157e-05,0.004648468567984626
s33-122-34,u034,2025-06-25,variable,empirical,120,0.0197101449275362,0,0.000388489813064481,0.0199069805668798
s33-122-34,u034,2025-06-25,variable,hazard,30,0.0019086622577739742,0,3.642991614250845e-06,0.0019104860746508873
s33-122-34,u034,2025-06-25,variable,hazard,60,0.005148389572716572,0,2.6505915192456725e-05,0.005161688194272681
s33-122-34,u034,2025-06-25,variable,hazard,120,0.020137331587695484,0,0.0004055121234727983,0.02034285141040276
s33-122-34,u034,2025-06-25,variable,hazard_cal,30,0.0019035069464646837,0,3.623338695239304e-06,0.0019053209181162472
s33-122-34,u034,2025-06-25,variable,hazard_cal,60,0.005169261590350693,0,2.672126538947498e-05,0.005182668445363602
s33-122-34,u034,2025-06-25,variable,hazard_cal,120,0.020546777093168322,0,0.0004221700489163465,0.020760798830976517
s33-122-37,u037,2025-06-25,variable,empirical,30,0.0028985507246376274,0,8.401596303297314e-06,0.002902759657961351
s33-122-37,u037,2025-06-25,variable,empirical,60,0.004637681159420315,0,2.1508086536442157e-05,0.004648468567984626
s33-122-37,u037,2025-06-25,variable,empirical,120,0.0197101449275362,0,0.000388489813064481,0.0199069805668798
s33-122-37,u037,2025-06-25,variable,hazard,30,0.000664519508343675,0,4.4158617696931954e-07,0.0006647403992951449
s33-122-37,u037,2025-06-25,variable,hazard,60,0.0017946132107987678,0,3.2206365763734626e-06,0.0017962254582827904
s33-122-37,u037,2025-06-25,variable,hazard,120,0.007058831310968405,0,4.9827099476707934e-05,0.007083862725280819
s33-122-37,u037,2025-06-25,variable,hazard_cal,30,0.0006487763764992938,0,4.2091078670355337e-07,0.0006489869229626184
s33-122-37,u037,2025-06-25,variable,hazard_cal,60,0.0017640106594116745,0,3.1117336065180106e-06,0.0017655683583494932
s33-122-37,u037,2025-06-25,variable,hazard_cal,120,0.007052536413992505,0,4.9738269870690265e-05,0.00707752309789828
s33-122-40,u040,2025-06-25,regular,empirical,30,0.0028985507246376274,0,8.401596303297314e-06,0.002902759657961351
s33-122-40,u040,2025-06-25,regular,empirical,60,0.004637681159420315,0,2.1508086536442157e-05,0.004648468567984626
s33-122-40,u040,2025-06-25,regular,empirical,120,0.0197101449275362,0,0.000388489813064481,0.0199069805668798
s33-122-40,u040,2025-06-25,regular,hazard,30,0.000959565432356535,0,9.207658189735839e-07,0.0009600261099898207
s33-122-40,u040,2025-06-25,regular,hazard,60,0.002590682635023822,0,6.7116365154139745e-06,0.00259404426047316
s33-122-40,u040,2025-06-25,regular,hazard,120,0.010176508684716534,0,0.00010356132901011105,0.01022864335006208
s33-122-40,u040,2025-06-25,regular,hazard_cal,30,0.00094379829584601,0,8.907552232418327e-07,0.0009442439538872293
s33-122-40,u040,2025-06-25,regular,hazard_cal,60,0.002565430474677166,0,6.58143352040231e-06,0.0025687268303584963
s33-122-40,u040,2025-06-25,regular,hazard_cal,120,0.010242570323255262,0,0.00010491024682682941,0.01029538640447599
s33-122-41,u041,2025-06-25,regular,empirical,30,0.0028985507246376274,0,8.401596303297314e-06,0.002902759657961351
s33-122-41,u041,2025-06-25,regular,empirical,60,0.004637681159420315,0,2.1508086536442157e-05,0.004648468567984626
s33-122-41,u041,2025-06-25,regular,empirical,120,0.0197101449275362,0,0.000388489813064481,0.0199069805668798
s33-122-41,u041,2025-06-25,regular,hazard,30,0.000559316643500507,0,3.1283510769667324e-07,0.0005594731194034602
s33-122-41,u041,2025-06-25,regular,hazard,60,0.0015106536534853499,0,2.2820744607886354e-06,0.0015117958411606594
s33-122-41,u041,2025-06-25,regular,hazard,120,0.005944739416632316,0,3.533992673166193e-05,0.005962479722603177
s33-122-41,u041,2025-06-25,regular,hazard_cal,30,0.0005441716105074601,0,2.9612274168228284e-07,0.0005443197256140961
s33-122-41,u041,2025-06-25,regular,hazard_cal,60,0.0014797434285268585,0,2.189640614268422e-06,0.0014808393300694816
s33-122-41,u041,2025-06-25,regular,hazard_cal,120,0.005918910721184778,0,3.5033504125356106e-05,0.005936496901605228
s33-122-57,u057,2025-06-25,new,empirical,30,0.0028985507246376274,0,8.401596303297314e-06,0.002902759657961351
s33-122-57,u057,2025-06-25,new,empirical,60,0.004637681159420315,0,2.1508086536442157e-05,0.004648468567984626
s33-122-57,u057,2025-06-25,new,empirical,120,0.0197101449275362,0,0.000388489813064481,0.0199069805668798
s33-122-57,u057,2025-06-25,new,hazard,30,0.00084107560256097,0,7.074081692232988e-07,0.0008414295050986899
s33-122-57,u057,2025-06-25,new,hazard,60,0.002271037235661688,0,5.157610125761882e-06,0.0022736199517617906
s33-122-57,u057,2025-06-25,new,hazard,120,0.008925666489503548,0,7.966752228184658e-05,0.008965738877365986
s33-122-57,u057,2025-06-25,new,hazard_cal,30,0.0008250599881590714,0,6.807239840610471e-07,0.0008254005374797322
s33-122-57,u057,2025-06-25,new,hazard_cal,60,0.002242936317555788,0,5.030763324610719e-06,0.002245455466783868
s33-122-57,u057,2025-06-25,new,hazard_cal,120,0.008959942688453015,0,8.028057298036264e-05,0.009000324367599644
s33-122-55,u055,2025-06-25,new,empirical,30,0.0028985507246376274,0,8.401596303297314e-06,0.002902759657961351
s33-122-55,u055,2025-06-25,new,empirical,60,0.004637681159420315,0,2.1508086536442157e-05,0.004648468567984626
s33-122-55,u055,2025-06-25,new,empirical,120,0.0197101449275362,0,0.000388489813064481,0.0199069805668798
s33-122-55,u055,2025-06-25,new,hazard,30,0.00038393495447208714,0,1.4740604926548364e-07,0.00038400867636693194
s33-122-55,u055,2025-06-25,new,hazard,60,0.0010371420172147205,0,1.0756635638722197e-06,0.0010376802211581194
s33-122-55,u055,2025-06-25,new,hazard,120,0.004084601119361486,0,1.6683966304289107e-05,0.004092965888112965
s33-122-55,u055,2025-06-25,new,hazard_cal,30,0.00037071606517236066,0,1.3743040097687797e-07,0.0003707847973601248
s33-122-55,u055,2025-06-25,new,hazard_cal,60,0.001008243674917142,0,1.0165553080104234e-06,0.001008752294474855
s33-122-55,u055,2025-06-25,new,hazard_cal,120,0.004036187064951013,0,1.6290806023277878e-05,0.004044354452105382
s33-122-27,u027,2025-06-25,regular,empirical,30,0.0028985507246376274,0,8.401596303297314e-06,0.002902759657961351
s33-122-27,u027,2025-06-25,regular,empirical,60,0.004637681159420315,0,2.1508086536442157e-05,0.004648468567984626
s33-122-27,u027,2025-06-25,regular,empirical,120,0.0197101449275362,0,0.000388489813064481,0.0199069805668798
s33-122-27,u027,2025-06-25,regular,hazard,30,0.0007475559011259625,0,5.588398253082498e-07,0.0007478354603714085
s33-122-27,u027,2025-06-25,regular,hazard,60,0.002018701198092554,0,4.075154527180313e-06,0.0020207415216876904
s33-122-27,u027,2025-06-25,regular,hazard,120,0.007937275420366152,0,6.300034109874868e-05,0.007968943273205202
s33-122-27,u027,2025-06-25,regular,hazard_cal,30,0.000731580304172641,0,5.352097414533339e-07,0.0007318480396313237
s33-122-27,u027,2025-06-25,regular,hazard_cal,60,0.0019889921343295702,0,3.956089710424899e-06,0.0019909728059807857
s33-122-27,u027,2025-06-25,regular,hazard_cal,120,0.007948954827469157,0,6.318588284914522e-05,0.007980716193973348
s33-122-54,u054,2025-06-25,new,empirical,30,0.0028985507246376274,0,8.401596303297314e-06,0.002902759657961351
s33-122-54,u054,2025-06-25,new,empirical,60,0.004637681159420315,0,2.1508086536442157e-05,0.004648468567984626
s33-122-54,u054,2025-06-25,new,empirical,120,0.0197101449275362,0,0.000388489813064481,0.0199069805668798
s33-122-54,u054,2025-06-25,new,hazard,30,0.0018921615697793381,0,3.580275406149809e-06,0.0018939539688450423
s33-122-54,u054,2025-06-25,new,hazard,60,0.005103962107277371,0,2.6050429192523264e-05,0.0051170318123600345
s33-122-54,u054,2025-06-25,new,hazard,120,0.019965038606794883,0,0.00039860276657081016,0.02016703306282761
s33-122-54,u054,2025-06-25,new,hazard_cal,30,0.0018867206314769902,0,3.5597147412409326e-06,0.0018885027307493736
s33-122-54,u054,2025-06-25,new,hazard_cal,60,0.005123759799905869,0,2.6252914487131432e-05,0.005136931268038578
s33-122-54,u054,2025-06-25,new,hazard_cal,120,0.020367500483682077,0,0.00041483507595278964,0.020577778141340812
s33-122-25,u025,2025-06-25,variable,empirical,30,0.0028985507246376274,0,8.401596303297314e-06,0.002902759657961351
s33-122-25,u025,2025-06-25,variable,empirical,60,0.004637681159420315,0,2.1508086536442157e-05,0.004648468567984626
s33-122-25,u025,2025-06-25,variable,empirical,120,0.0197101449275362,0,0.000388489813064481,0.0199069805668798
s33-122-25,u025,2025-06-25,variable,hazard,30,0.0002591628846699834,0,6.716540079046711e-08,0.00025919647317376634
s33-122-25,u025,2025-06-25,variable,hazard,60,0.0007001734022207273,0,4.902427931773484e-07,0.0007004186380957557
s33-122-25,u025,2025-06-25,variable,hazard,120,0.002759062335251805,0,7.612424969805144e-06,0.002762875563307683
s33-122-25,u025,2025-06-25,variable,hazard_cal,30,0.00024826504912423,0,6.163553461665632e-08,0.0002482958719931379
s33-122-25,u025,2025-06-25,variable,hazard_cal,60,0.000675292012208617,0,4.5601930175276293e-07,0.0006755201245602405
s33-122-25,u025,2025-06-25,variable,hazard_cal,120,0.0027048604796249265,0,7.3162702142367875e-06,0.0027085252246397402
s33-123-53,u053,2025-06-26,regular,empirical,30,0.0028985507246376274,0,8.401596303297314e-06,0.002902759657961351
s33-123-53,u053,2025-06-26,regular,empirical,60,0.004637681159420315,0,2.1508086536442157e-05,0.004648468567984626
s33-123-53,u053,2025-06-26,regular,empirical,120,0.0197101449275362,0,0.000388489813064481,0.0199069805668798
s33-123-53,u053,2025-06-26,regular,hazard,30,0.0006531465529743263,0,4.2660041966224446e-07,0.0006533599461072095
s33-123-53,u053,2025-06-26,regular,hazard,60,0.0017639185407779534,0,3.1114086185002243e-06,0.0017654760769346231
s33-123-53,u053,2025-06-26,regular,hazard,120,0.006938454300145724,0,4.81421480752107e-05,0.006962637300866291
s33-123-53,u053,2025-06-26,regular,hazard_cal,30,0.0006374509476883006,0,4.063437107087125e-07,0.0006376542059263493
s33-123-53,u053,2025-06-26,regular,hazard_cal,60,0.0017332362016589942,0,3.0041077307412974e-06,0.0017347399933930877
s33-123-53,u053,2025-06-26,regular,hazard_cal,120,0.006929864627811422,0,4.8023023759791935e-05,0.006953987650476826
s33-123-45,u045,2025-06-26,variable,empirical,30,0.0028985507246376274,0,8.401596303297314e-06,0.002902759657961351
s33-123-45,u045,2025-06-26,variable,empirical,60,0.004637681159420315,0,2.1508086536442157e-05,0.004648468567984626
s33-123-45,u045,2025-06-26,variable,empirical,120,0.0197101449275362,0,0.000388489813064481,0.0199069805668798
s33-123-45,u045,2025-06-26,variable,hazard,30,0.000599664793658472,0,3.5959786475345783e-07,0.0005998446645025851
s33-123-45,u045,2025-06-26,variable,hazard,60,0.0016195666502396566,0,2.622996134568502e-06,0.0016208795660682207
s33-123-45,u045,2025-06-26,variable,hazard,120,0.006372175650952605,0,4.0604622526593256e-05,0.00639256462310783
s33-123-45,u045,2025-06-26,variable,hazard_cal,30,0.0005842471663876081,0,3.413447514319494e-07,0.0005844179052690347
s33-123-45,u045,2025-06-26,variable,hazard_cal,60,0.0015886570641928666,0,2.523831267609898e-06,0.0015899203179219198
s33-123-45,u045,2025-06-26,variable,hazard_cal,120,0.006353376498989705,0,4.036539293791467e-05,0.006373645090394269
s33-123-6,u006,2025-06-26,variable,empirical,30,0.0028985507246376274,0,8.401596303297314e-06,0.002902759657961351
s33-123-6,u006,2025-06-26,variable,empirical,60,0.004637681159420315,0,2.1508086536442157e-05,0.004648468567984626
s33-123-6,u006,2025-06-26,variable,empirical,120,0.0197101449275362,0,0.000388489813064481,0.0199069805668798
s33-123-6,u006,2025-06-26,variable,hazard,30,0.0035814948371692967,0,1.2827105268670328e-05,0.003587923744459263
s33-123-6,u006,2025-06-26,variable,hazard,60,0.009645090979249371,0,9.302777999799759e-05,0.00969190613675357
s33-123-6,u006,2025-06-26,variable,hazard,120,0.037443854257111164,0,0.001402042221627782,0.03816288128214999
s33-123-6,u006,2025-06-26,variable,hazard_cal,30,0.0036173874473763856,0,1.3085491944436243e-05,0.0036239460147118184
s33-123-6,u006,2025-06-26,variable,hazard_cal,60,0.00980713530461319,0,9.617990288299046e-05,0.00985554200343237
s33-123-6,u006,2025-06-26,variable,hazard_cal,120,0.038673852697115096,0,0.0014956668824381567,0.039441544339692686
s33-123-10,u010,2025-06-26,regular,empirical,30,0.0028985507246376274,0,8.401596303297314e-06,0.002902759657961351
s33-123-10,u010,2025-06-26,regular,empirical,60,0.004637681159420315,0,2.1508086536442157e-05,0.004648468567984626
s33-123-10,u010,2025-06-26,regular,empirical,120,0.0197101449275362,0,0.000388489813064481,0.0199069805668798
s33-123-10,u010,2025-06-26,regular,hazard,30,0.00045292062680468703,0,2.051370941851506e-07,0.0004530232263325775
s33-123-10,u010,2025-06-26,regular,hazard,60,0.0012234149936452,0,1.4967442466758844e-06,0.0012241639767089317
s33-123-10,u010,2025-06-26,regular,hazard,120,0.00481670540932011,0,2.320065100017361e-05,0.004828343120142101
s33-123-10,u010,2025-06-26,regular,hazard_cal,30,0.0004387859365523328,0,1.9253309811610781e-07,0.00043888223127093326
s33-123-10,u010,2025-06-26,regular,hazard_cal,60,0.001193295303962949,0,1.423953682460027e-06,0.0011940078477106553
s33-123-10,u010,2025-06-26,regular,hazard_cal,120,0.004775470625623335,0,2.2805119696191326e-05,0.004786909617714913
s33-123-30,u030,2025-06-26,regular,empirical,30,0.0028985507246376274,0,8.401596303297314e-06,0.002902759657961351
s33-123-30,u030,2025-06-26,regular,empirical,60,0.004637681159420315,0,2.1508086536442157e-05,0.004648468567984626
s33-123-30,u030,2025-06-26,regular,empirical,120,0.0197101449275362,0,0.000388489813064481,0.0199069805668798
s33-123-30,u030,2025-06-26,regular,hazard,30,0.006240044456067739,0,3.8938154813701727e-05,0.006259594906360688
s33-123-30,u030,2025-06-26,regular,hazard,60,0.01676164251844614,0,0.0002809526599161815,0.016903708593050945
s33-123-30,u030,2025-06-26,regular,hazard,120,0.06430519237336407,0,0.0041351577661753606,0.06646591590169208
s33-123-30,u030,2025-06-26,regular,hazard_cal,30,0.006373272358307647,0,4.0618600553168315e-05,0.006393668364300867
s33-123-30,u030,2025-06-26,regular,hazard_cal,60,0.01723219742758275,0,0.0002969486281831896,0.017382399787089876
s33-123-30,u030,2025-06-26,regular,hazard_cal,120,0.0670995126643984,0,0.004502344599799761,0.06945674262753351
s33-123-33,u033,2025-06-26,regular,empirical,30,0.0028985507246376274,0,8.401596303297314e-06,0.002902759657961351
s33-123-33,u033,2025-06-26,regular,empirical,60,0.004637681159420315,0,2.1508086536442157e-05,0.004648468567984626
s33-123-33,u033,2025-06-26,regular,empirical,120,0.0197101449275362,0,0.000388489813064481,0.0199069805668798
s33-123-33,u033,2025-06-26,regular,hazard,30,0.0009421505523934393,0,8.876476633752627e-07,0.0009425946551881672
s33-123-33,u033,2025-06-26,regular,hazard,60,0.002543707770412018,0,6.4704492212544805e-06,0.0025469484918213222
s33-123-33,u033,2025-06-26,regular,hazard,120,0.00999276961834572,0,9.985544464533327e-05,0.010043032464358849
s33-123-33,u033,2025-06-26,regular,hazard_cal,30,0.0009263274259418974,0,8.580825000521415e-07,0.0009267567323312543
s33-123-33,u033,2025-06-26,regular,hazard_cal,60,0.002517984152024866,0,6.340244189848382e-06,0.0025211596057345474
s33-123-33,u033,2025-06-26,regular,hazard_cal,120,0.010053955163055295,0,0.00010108201442072622,0.010104837503391698
s33-123-37,u037,2025-06-26,variable,empirical,30,0.0028985507246376274,0,8.401596303297314e-06,0.002902759657961351
s33-123-37,u037,2025-06-26,variable,empirical,60,0.004637681159420315,0,2.1508086536442157e-05,0.004648468567984626
s33-123-37,u037,2025-06-26,variable,empirical,120,0.0197101449275362,1,0.9609681999579921,3.9266218048493005
s33-123-37,u037,2025-06-26,variable,hazard,30,0.0007932972636348623,0,6.293205484905602e-07,0.000793612090420938
s33-123-37,u037,2025-06-26,variable,hazard,60,0.0021421268051221576,0,4.588707249222862e-06,0.002144424440550798
s33-123-37,u037,2025-06-26,variable,hazard,120,0.008420833259237481,1,0.9832292439143049,4.777046493719619
s33-123-37,u037,2025-06-26,variable,hazard_cal,30,0.0007772743404496074,0,6.041554003213722e-07,0.0007775765747725726
s33-123-37,u037,2025-06-26,variable,hazard_cal,60,0.0021131290152811566,0,4.4653142352231105e-06,0.0021153648226536585
s33-123-37,u037,2025-06-26,variable,hazard_cal,120,0.008443271292655985,1,0.9831847462448094,4.774385451552804
s33-123-47,u047,2025-06-26,regular,empirical,30,0.0028985507246376274,0,8.401596303297314e-06,0.002902759657961351
s33-123-47,u047,2025-06-26,regular,empirical,60,0.004637681159420315,0,2.1508086536442157e-05,0.004648468567984626
s33-123-47,u047,2025-06-26,regular,empirical,120,0.0197101449275362,0,0.000388489813064481,0.0199069805668798
s33-123-47,u047,2025-06-26,regular,hazard,30,0.0008606871653183967,0,7.407823965438172e-07,0.0008610577691812531
s33-123-47,u047,2025-06-26,regular,hazard,60,0.0023239476293069883,0,5.400732583761571e-06,0.0023266521865776585
s33-123-47,u047,2025-06-26,regular,hazard,120,0.009132808790706437,0,8.340819640760478e-05,0.009174768557983234
s33-123-47,u047,2025-06-26,regular,hazard_cal,30,0.0008446905834924578,0,7.135021818408289e-07,0.0008450475356069271
s33-123-47,u047,2025-06-26,regular,hazard_cal,60,0.0022962583279266813,0,5.272802308572638e-06,0.0022988987719497755
s33-123-47,u047,2025-06-26,regular,hazard_cal,120,0.009172113451939135,0,8.412766517524282e-05,0.009214436276472329
s33-123-14,u014,2025-06-26,regular,empirical,30,0.0028985507246376274,0,8.401596303297314e-06,0.002902759657961351
s33-123-14,u014,2025-06-26,regular,empirical,60,0.004637681159420315,0,2.1508086536442157e-05,0.004648468567984626
s33-123-14,u014,2025-06-26,regular,empirical,120,0.0197101449275362,0,0.000388489813064481,0.0199069805668798
s33-123-14,u014,2025-06-26,regular,hazard,30,0.004780695284556269,0,2.2855047403778545e-05,0.00479215936035368
s33-123-14,u014,2025-06-26,regular,hazard,60,0.012859704481048784,0,0.00016537199933990617,0.012943106267139605
s33-123-14,u014,2025-06-26,regular,hazard,120,0.04965693943536653,0,0.0024658116340876596,0.05093224319055428
s33-123-14,u014,2025-06-26,regular,hazard_cal,30,0.0048567283725716726,0,2.358781048494269e-05,0.00486856060398246
s33-123-14,u014,2025-06-26,regular,hazard_cal,60,0.013151197003896664,0,0.0001729539826353006,0.013238439737001083
s33-123-14,u014,2025-06-26,regular,hazard_cal,120,0.05156599697055897,0,0.0026590520435676966,0.05294307238694368
s33-123-26,u026,2025-06-26,variable,empirical,30,0.0028985507246376274,0,8.401596303297314e-06,0.002902759657961351
s33-123-26,u026,2025-06-26,variable,empirical,60,0.004637681159420315,0,2.1508086536442157e-05,0.004648468567984626
s33-123-26,u026,2025-06-26,variable,empirical,120,0.0197101449275362,1,0.9609681999579921,3.9266218048493005
s33-123-26,u026,2025-06-26,variable,hazard,30,0.0005368572895578794,0,2.882157493514327e-07,0.0005370014490302398
s33-123-26,u026,2025-06-26,variable,hazard,60,0.0014500247607126537,0,2.102571806679789e-06,0.0014510770639828729
s33-123-26,u026,2025-06-26,variable,hazard,120,0.0057067298702743186,1,0.9886191070252637,5.166109121599446
s33-123-26,u026,2025-06-26,variable,hazard_cal,30,0.0005218889839201379,0,2.72368111537194e-07,0.0005220252153764327
s33-123-26,u026,2025-06-26,variable,hazard_cal,60,0.0014191820802035293,0,2.0140777767708167e-06,0.0014201900728882245
s33-123-26,u026,2025-06-26,variable,hazard_cal,120,0.0056772562004209215,1,0.9886777188371234,5.1712872262679195
s33-123-42,u042,2025-06-26,variable,empirical,30,0.0028985507246376274,0,8.401596303297314e-06,0.002902759657961351
s33-123-42,u042,2025-06-26,variable,empirical,60,0.004637681159420315,0,2.1508086536442157e-05,0.004648468567984626
s33-123-42,u042,2025-06-26,variable,empirical,120,0.0197101449275362,0,0.000388489813064481,0.0199069805668798
s33-123-42,u042,2025-06-26,variable,hazard,30,0.0014248429673017204,0,2.0301774814691716e-06,0.0014258590213020717
s33-123-42,u042,2025-06-26,variable,hazard,60,0.003845137322938341,0,1.4785081032253434e-05,0.0038525488684950718
s33-123-42,u042,2025-06-26,variable,hazard,120,0.01507255666691476,0,0.0002271819644773566,0.015187302113972793
s33-123-42,u042,2025-06-26,variable,hazard_cal,30,0.0014126454361599317,0,1.9955671283034836e-06,0.0014136441603970473
s33-123-42,u042,2025-06-26,variable,hazard_cal,60,0.0038380921118492672,0,1.4730951059039568e-05,0.003845476488045145
s33-123-42,u042,2025-06-26,variable,hazard_cal,120,0.015290400731774345,0,0.00023379635453824542,0.015408504356859273
s33-123-48,u048,2025-06-26,variable,empirical,30,0.0028985507246376274,0,8.401596303297314e-06,0.002902759657961351
s33-123-48,u048,2025-06-26,variable,empirical,60,0.004637681159420315,0,2.1508086536442157e-05,0.004648468567984626
s33-123-48,u048,2025-06-26,variable,empirical,120,0.0197101449275362,0,0.000388489813064481,0.0199069805668798
s33-123-48,u048,2025-06-26,variable,hazard,30,0.0003951412258896836,0,1.5613658839760196e-07,0.00039521931475531327
s33-123-48,u048,2025-06-26,variable,hazard,60,0.001067402529806194,0,1.1393481606366628e-06,0.0010679726095923546
s33-123-48,u048,2025-06-26,variable,hazard,120,0.00420356432040514,0,1.7669952995783124e-05,0.004212424134151243
s33-123-48,u048,2025-06-26,variable,hazard_cal,30,0.00038175786997651784,0,1.457390712890079e-07,0.0003818307580631531
s33-123-48,u048,2025-06-26,variable,hazard_cal,60,0.0010382630907990187,0,1.0779902457155313e-06,0.0010388024592917953
s33-123-48,u048,2025-06-26,variable,hazard_cal,120,0.004156146849458753,0,1.7273556634265918e-05,0.0041648076330980345
s33-123-34,u034,2025-06-26,variable,empirical,30,0.0028985507246376274,0,8.401596303297314e-06,0.002902759657961351
s33-123-34,u034,2025-06-26,variable,empirical,60,0.004637681159420315,0,2.1508086536442157e-05,0.004648468567984626
s33-123-34,u034,2025-06-26,variable,empirical,120,0.0197101449275362,0,0.000388489813064481,0.0199069805668798
s33-123-34,u034,2025-06-26,variable,hazard,30,0.0015659803158324381,0,2.4522943495746627e-06,0.0015672077445941083
s33-123-34,u034,2025-06-26,variable,hazard,60,0.004225441254096629,0,1.7854353791821694e-05,0.0042343936584650676
s33-123-34,u034,2025-06-26,variable,hazard,120,0.01655280012520577,0,0.0002739951919850121,0.01669132853743484
s33-123-34,u034,2025-06-26,variable,hazard_cal,30,0.0015555335320212027,0,2.419684569242358e-06,0.0015567446304048608
s33-123-34,u034,2025-06-26,variable,hazard_cal,60,0.004225722758832595,0,1.785673283451576e-05,0.00423467635777013
s33-123-34,u034,2025-06-26,variable,hazard_cal,120,0.01682351152759698,0,0.00028303054011918845,0.016966634286780885
s33-123-4,u004,2025-06-26,variable,empirical,30,0.0028985507246376274,0,8.401596303297314e-06,0.002902759657961351
s33-123-4,u004,2025-06-26,variable,empirical,60,0.004637681159420315,0,2.1508086536442157e-05,0.004648468567984626
s33-123-4,u004,2025-06-26,variable,empirical,120,0.0197101449275362,0,0.000388489813064481,0.0199069805668798
s33-123-4,u004,2025-06-26,variable,hazard,30,0.0003284780037666746,0,1.0789779895853947e-07,0.000328531964483083
s33-123-4,u004,2025-06-26,variable,hazard,60,0.0008873809109094521,0,7.87444881046489e-07,0.0008877748664262882
s33-123-4,u004,2025-06-26,variable,hazard,120,0.0034956678329831625,0,1.22196935985532e-05,0.003501791955880648
s33-123-4,u004,2025-06-26,variable,hazard_cal,30,0.00031617254504379133,0,9.996507823946826e-08,0.00031622253812081436
s33-123-4,u004,2025-06-26,variable,hazard_cal,60,0.0008599464056513462,0,7.395078205926697e-07,0.0008603163716774853
s33-123-4,u004,2025-06-26,variable,hazard_cal,120,0.0034433993138601737,0,1.1856998834692715e-05,0.0034493414579822752
s33-123-54,u054,2025-06-26,new,empirical,30,0.0028985507246376274,0,8.401596303297314e-06,0.002902759657961351
s33-123-54,u054,2025-06-26,new,empirical,60,0.004637681159420315,0,2.1508086536442157e-05,0.004648468567984626
s33-123-54,u054,2025-06-26,new,empirical,120,0.0197101449275362,0,0.000388489813064481,0.0199069805668798
s33-123-54,u054,2025-06-26,new,hazard,30,0.0022584393678977133,0,5.100548378470222e-06,0.002260993488362372
s33-123-54,u054,2025-06-26,new,hazard,60,0.006089818172698713,0,3.70858853765315e-05,0.006108436743010963
s33-123-54,u054,2025-06-26,new,hazard,120,0.023782239778856296,0,0.0005655949288990148,0.024069602474810218
s33-123-54,u054,2025-06-26,new,hazard_cal,30,0.002259989873581336,0,5.107554228690184e-06,0.0022625475049028844
s33-123-54,u054,2025-06-26,new,hazard_cal,60,0.006135208794930014,0,3.764078695738659e-05,0.006154106522392425
s33-123-54,u054,2025-06-26,new,hazard_cal,120,0.024346003467558885,0,0.0005927278848423893,0.02464726717273835
s33-123-16,u016,2025-06-26,regular,empirical,30,0.0028985507246376274,0,8.401596303297314e-06,0.002902759657961351
s33-123-16,u016,2025-06-26,regular,empirical,60,0.004637681159420315,0,2.1508086536442157e-05,0.004648468567984626
s33-123-16,u016,2025-06-26,regular,empirical,120,0.0197101449275362,0,0.000388489813064481,0.0199069805668798
s33-123-16,u016,2025-06-26,regular,hazard,30,0.002009559946626549,0,4.038331179085698e-06,0.0020115818213892163
s33-123-16,u016,2025-06-26,regular,hazard,60,0.00542002193476232,0,2.9376637773304686e-05,0.005434763544342445
s33-123-16,u016,2025-06-26,regular,hazard,120,0.021190184541814205,0,0.0004490239209161417,0.021417919410993608
s33-123-16,u016,2025-06-26,regular,hazard_cal,30,0.002006213824095604,0,4.024893907992307e-06,0.00200822896670532
s33-123-16,u016,2025-06-26,regular,hazard_cal,60,0.005447631261552233,0,2.967668636184117e-05,0.005462523715088298
s33-123-16,u016,2025-06-26,regular,hazard_cal,120,0.02164294177119075,0,0.00046841692851115336,0.021880585363028702
s33-123-19,u019,2025-06-26,variable,empirical,30,0.0028985507246376274,0,8.401596303297314e-06,0.002902759657961351
s33-123-19,u019,2025-06-26,variable,empirical,60,0.004637681159420315,0,2.1508086536442157e-05,0.004648468567984626
s33-123-19,u019,2025-06-26,variable,empirical,120,0.0197101449275362,0,0.000388489813064481,0.0199069805668798
s33-123-19,u019,2025-06-26,variable,hazard,30,0.0006347009506909584,0,4.0284529680800645e-07,0.0006349024586087184
s33-123-19,u019,2025-06-26,variable,hazard,60,0.001714133947848917,0,2.9382551911681137e-06,0.0017156047564601245
s33-123-19,u019,2025-06-26,variable,hazard,120,0.006743184989723372,0,4.5470543805630596e-05,0.006766022986752426
s33-123-19,u019,2025-06-26,variable,hazard_cal,30,0.0006190909121173149,0,3.8327355746624897e-07,0.0006192826280265163
s33-123-19,u019,2025-06-26,variable,hazard_cal,60,0.0016833452409903416,0,2.833651200364831e-06,0.0016847636586050467
s33-123-19,u019,2025-06-26,variable,hazard_cal,120,0.006730963997850226,0,4.5305876340355894e-05,0.006753719102695672
s33-123-58,u058,2025-06-26,new,empirical,30,0.0028985507246376274,0,8.401596303297314e-06,0.002902759657961351
s33-123-58,u058,2025-06-26,new,empirical,60,0.004637681159420315,0,2.1508086536442157e-05,0.004648468567984626
s33-123-58,u058,2025-06-26,new,empirical,120,0.0197101449275362,0,0.000388489813064481,0.0199069805668798
s33-123-58,u058,2025-06-26,new,hazard,30,0.0010315344673966775,0,1.0640633574273472e-06,0.0010320668652313589
s33-123-58,u058,2025-06-26,new,hazard,60,0.002784795042924504,0,7.75508343109689e-06,0.002788679798481588
s33-123-58,u058,2025-06-26,new,hazard,120,0.0109354603648113,0,0.0001195842933903589,0.010995692021271507
s33-123-58,u058,2025-06-26,new,hazard_cal,30,0.0010160653091223493,0,1.032388712401895e-06,0.0010165818534033423
s33-123-58,u058,2025-06-26,new,hazard_cal,60,0.0027616716148337606,0,7.6268301081785104e-06,0.002765492065395594
s33-123-58,u058,2025-06-26,new,hazard_cal,120,0.011022369457854952,0,0.00012149262846545368,0.011083565873922268
s33-123-59,u059,2025-06-26,new,empirical,30,0.0028985507246376274,0,8.401596303297314e-06,0.002902759657961351
s33-123-59,u059,2025-06-26,new,empirical,60,0.004637681159420315,0,2.1508086536442157e-05,0.004648468567984626
s33-123-59,u059,2025-06-26,new,empirical,120,0.0197101449275362,0,0.000388489813064481,0.0199069805668798
s33-123-59,u059,2025-06-26,new,hazard,30,0.0015316196462162868,0,2.3458587406757033e-06,0.0015327937746185205
s33-123-59,u059,2025-06-26,new,hazard,60,0.004132863690879507,0,1.708056228739018e-05,0.004141427575746819
s33-123-59,u059,2025-06-26,new,hazard,120,0.016192637283044875,0,0.0002622015021802549,0.016325170691842795
s33-123-59,u059,2025-06-26,new,hazard_cal,30,0.0015207218015385049,0,2.312594797674516e-06,0.0015218792725471034
s33-123-59,u059,2025-06-26,new,hazard_cal,60,0.00413129454003025,0,1.706759457648376e-05,0.00413985191413914
s33-123-59,u059,2025-06-26,new,hazard_cal,120,0.016450227956250063,0,0.0002706099998125911,0.016587035373273402
s33-123-0,u000,2025-06-26,regular,empirical,30,0.0028985507246376274,0,8.401596303297314e-06,0.002902759657961351
s33-123-0,u000,2025-06-26,regular,empirical,60,0.004637681159420315,0,2.1508086536442157e-05,0.004648468567984626
s33-123-0,u000,2025-06-26,regular,empirical,120,0.0197101449275362,0,0.000388489813064481,0.0199069805668798
s33-123-0,u000,2025-06-26,regular,hazard,30,0.0029517111563186482,0,8.71259875033597e-06,0.002956076047074394
s33-123-0,u000,2025-06-26,regular,hazard,60,0.007953888833726497,0,6.326434757927905e-05,0.007985689747049201
s33-123-0,u000,2025-06-26,regular,hazard,120,0.030965487656913426,0,0.0009588614258304578,0.03145505127248791
s33-123-0,u000,2025-06-26,regular,hazard_cal,30,0.0029697087701546776,0,8.819170179533608e-06,0.0029741271048575376
s33-123-0,u000,2025-06-26,regular,hazard_cal,60,0.008056301408887578,0,6.490399239084398e-05,0.008088928760423535
s33-123-0,u000,2025-06-26,regular,hazard_cal,120,0.031864637198386614,0,0.001015355103784804,0.03238336387695402
s33-123-35,u035,2025-06-26,regular,empirical,30,0.0028985507246376274,0,8.401596303297314e-06,0.002902759657961351
s33-123-35,u035,2025-06-26,regular,empirical,60,0.004637681159420315,0,2.1508086536442157e-05,0.004648468567984626
s33-123-35,u035,2025-06-26,regular,empirical,120,0.0197101449275362,0,0.000388489813064481,0.0199069805668798
s33-123-35,u035,2025-06-26,regular,hazard,30,0.004716955323439742,0,2.224966752332652e-05,0.004728115264994755
s33-123-35,u035,2025-06-26,regular,hazard,60,0.012689028570467276,0,0.0001610114460621348,0.012770221867444698
s33-123-35,u035,2025-06-26,regular,hazard,120,0.049011809539109774,0,0.002402157474297972,0.050253634536048475
s33-123-35,u035,2025-06-26,regular,hazard_cal,30,0.004790682545634528,0,2.2950639253047322e-05,0.00480219464719301
s33-123-35,u035,2025-06-26,regular,hazard_cal,60,0.012973192914532805,0,0.00016830373439768418,0.013058079749839543
s33-123-35,u035,2025-06-26,regular,hazard_cal,120,0.05088347959776551,0,0.0025891284959762193,0.05222370560982931
s33-123-49,u049,2025-06-26,variable,empirical,30,0.0028985507246376274,0,8.401596303297314e-06,0.002902759657961351
s33-123-49,u049,2025-06-26,variable,empirical,60,0.004637681159420315,0,2.1508086536442157e-05,0.004648468567984626
s33-123-49,u049,2025-06-26,variable,empirical,120,0.0197101449275362,0,0.000388489813064481,0.0199069805668798
s33-123-49,u049,2025-06-26,variable,hazard,30,0.0003180220612716278,0,1.0113803145545498e-07,0.00031807264101128846
s33-123-49,u049,2025-06-26,variable,hazard,60,0.000859142917381428,0,7.381265524866712e-07,0.0008595121921793727
s33-123-49,u049,2025-06-26,variable,hazard,120,0.0033845893050218345,0,1.1455444763668186e-05,0.0033903299842914974
s33-123-49,u049,2025-06-26,variable,hazard_cal,30,0.00030590873829572374,0,9.35801561656816e-08,0.0003059555379183256
s33-123-49,u049,2025-06-26,variable,hazard_cal,60,0.0008320385835683952,0,6.922882045465014e-07,0.0008323849197940631
s33-123-49,u049,2025-06-26,variable,hazard_cal,120,0.0033318098843068134,0,1.1100957105164582e-05,0.0033373727225090894
s33-123-50,u050,2025-06-26,variable,empirical,30,0.0028985507246376274,0,8.401596303297314e-06,0.002902759657961351
s33-123-50,u050,2025-06-26,variable,empirical,60,0.004637681159420315,0,2.1508086536442157e-05,0.004648468567984626
s33-123-50,u050,2025-06-26,variable,empirical,120,0.0197101449275362,0,0.000388489813064481,0.0199069805668798
s33-123-50,u050,2025-06-26,variable,hazard,30,0.0034142987921061962,0,1.1657436241777831e-05,0.003420140811617596
s33-123-50,u050,2025-06-26,variable,hazard,60,0.009196308285258414,0,8.457208607751255e-05,0.009238855379988727
s33-123-50,u050,2025-06-26,variable,hazard,120,0.03572831502886087,0,0.0012765124948015253,0.03638219319553007
s33-123-50,u050,2025-06-26,variable,hazard_cal,30,0.003445199595350723,0,1.1869400251804786e-05,0.0034511479616122927
s33-123-50,u050,2025-06-26,variable,hazard_cal,60,0.00934188591773466,0,8.727083249996916e-05,0.00938579501042952
s33-123-50,u050,2025-06-26,variable,hazard_cal,120,0.03686843287903441,0,0.0013592813429558653,0.03756525437581494
s33-123-55,u055,2025-06-26,new,empirical,30,0.0028985507246376274,0,8.401596303297314e-06,0.002902759657961351
s33-123-55,u055,2025-06-26,new,empirical,60,0.004637681159420315,0,2.1508086536442157e-05,0.004648468567984626
s33-123-55,u055,2025-06-26,new,empirical,120,0.0197101449275362,0,0.000388489813064481,0.0199069805668798
s33-123-55,u055,2025-06-26,new,hazard,30,0.00021348249053487756,0,4.557477376497408e-08,0.00021350528116541813
s33-123-55,u055,2025-06-26,new,hazard,60,0.0005767853029196024,0,3.326812856640575e-07,0.0005769517075520084
s33-123-55,u055,2025-06-26,new,hazard,120,0.0022733149958471532,0,5.167961070343542e-06,0.002275902899205913
s33-123-55,u055,2025-06-26,new,hazard_cal,30,0.00020370771673217103,0,4.149683385623443e-08,0.00020372846796727149
s33-123-55,u055,2025-06-26,new,hazard_cal,60,0.0005541181887492863,0,3.0704696710278967e-07,0.000554271768969854
s33-123-55,u055,2025-06-26,new,hazard_cal,120,0.0022199629904254836,0,4.9282356788588555e-06,0.0022224307611811984
s33-123-43,u043,2025-06-26,variable,empirical,30,0.0028985507246376274,0,8.401596303297314e-06,0.002902759657961351
s33-123-43,u043,2025-06-26,variable,empirical,60,0.004637681159420315,0,2.1508086536442157e-05,0.004648468567984626
s33-123-43,u043,2025-06-26,variable,empirical,120,0.0197101449275362,0,0.000388489813064481,0.0199069805668798
s33-123-43,u043,2025-06-26,variable,hazard,30,0.0007578418241878104,0,5.743242304883082e-07,0.0007581291314678742
s33-123-43,u043,2025-06-26,variable,hazard,60,0.0020464570328727616,0,4.187986387394387e-06,0.002048553887303189
s33-123-43,u043,2025-06-26,variable,hazard,120,0.008046034852973838,0,6.473867685526972e-05,0.008078578875848856
s33-123-43,u043,2025-06-26,variable,hazard_cal,30,0.0007418507912256844,0,5.50342596442174e-07,0.0007421260986903666
s33-123-43,u043,2025-06-26,variable,hazard_cal,60,0.0020168949079055754,0,4.067865069535439e-06,0.0020189315794026923
s33-123-43,u043,2025-06-26,variable,hazard_cal,120,0.008060082756916942,0,6.496493404834981e-05,0.008092740826816129
s33-123-15,u015,2025-06-26,variable,empirical,30,0.0028985507246376274,0,8.401596303297314e-06,0.002902759657961351
s33-123-15,u015,2025-06-26,variable,empirical,60,0.004637681159420315,0,2.1508086536442157e-05,0.004648468567984626
s33-123-15,u015,2025-06-26,variable,empirical,120,0.0197101449275362,0,0.000388489813064481,0.0199069805668798
s33-123-15,u015,2025-06-26,variable,hazard,30,0.001004344702540072,0,1.0087082815203057e-06,0.0010048493946323495
s33-123-15,u015,2025-06-26,variable,hazard,60,0.002711462910439444,0,7.3520311146887395e-06,0.0027151455844591516
s33-123-15,u015,2025-06-26,variable,hazard,120,0.010648800170477202,0,0.00011339694507075528,0.0107059043991636
s33-123-15,u015,2025-06-26,variable,hazard_cal,30,0.0009887506234214083,0,9.776277953162235e-07,0.0009892397597682254
s33-123-15,u015,2025-06-26,variable,hazard_cal,60,0.002687501818584903,0,7.222666024897161e-06,0.0026911196349765393
s33-123-15,u015,2025-06-26,variable,hazard_cal,120,0.010727704209478883,0,0.00011508363760607095,0.010785660895756482
s33-123-2,u002,2025-06-26,variable,empirical,30,0.0028985507246376274,0,8.401596303297314e-06,0.002902759657961351
s33-123-2,u002,2025-06-26,variable,empirical,60,0.004637681159420315,0,2.1508086536442157e-05,0.004648468567984626
s33-123-2,u002,2025-06-26,variable,empirical,120,0.0197101449275362,0,0.000388489813064481,0.0199069805668798
s33-123-2,u002,2025-06-26,variable,hazard,30,0.001764852549408391,0,3.1147045211532975e-06,0.001766411736429148
s33-123-2,u002,2025-06-26,variable,hazard,60,0.004761139920072988,0,2.2668453338512614e-05,0.004772510251590903
s33-123-2,u002,2025-06-26,variable,hazard,120,0.018634686532308153,0,0.0003472515421573869,0.01881049988034032
s33-123-2,u002,2025-06-26,variable,hazard_cal,30,0.0017573089230310535,0,3.088134650964561e-06,0.0017588548016795622
s33-123-2,u002,2025-06-26,variable,hazard_cal,60,0.004772920082644072,0,2.2780766115307097e-05,0.0047843468395319545
s33-123-2,u002,2025-06-26,variable,hazard_cal,120,0.018984255329129618,0,0.0003604019504015863,0.019166769932040237
s33-123-31,u031,2025-06-26,variable,empirical,30,0.0028985507246376274,0,8.401596303297314e-06,0.002902759657961351
s33-123-31,u031,2025-06-26,variable,empirical,60,0.004637681159420315,0,2.1508086536442157e-05,0.004648468567984626
s33-123-31,u031,2025-06-26,variable,empirical,120,0.0197101449275362,0,0.000388489813064481,0.0199069805668798
s33-123-31,u031,2025-06-26,variable,hazard,30,0.0007152466064953567,0,5.115777081031235e-07,0.0007155025173829468
s33-123-31,u031,2025-06-26,variable,hazard,60,0.0019315132743188412,0,3.730743528869891e-06,0.001933381051561823
s33-123-31,u031,2025-06-26,variable,hazard,120,0.0075955695342934115,0,5.7692676550286235e-05,0.0076245627793470735
s33-123-31,u031,2025-06-26,variable,hazard_cal,30,0.0006993382084964361,0,4.890739298630048e-07,0.0006995828595305614
s33-123-31,u031,2025-06-26,variable,hazard_cal,60,0.0019013934398377508,0,3.6152970130580345e-06,0.0019032033829841923
s33-123-31,u031,2025-06-26,variable,hazard_cal,120,0.007600007866871539,0,5.7760119576509274e-05,0.007629035091608775
s33-124-42,u042,2025-06-27,variable,empirical,30,0.0028985507246376274,0,8.401596303297314e-06,0.002902759657961351
s33-124-42,u042,2025-06-27,variable,empirical,60,0.004637681159420315,0,2.1508086536442157e-05,0.004648468567984626
s33-124-42,u042,2025-06-27,variable,empirical,120,0.0197101449275362,0,0.000388489813064481,0.0199069805668798
s33-124-42,u042,2025-06-27,variable,hazard,30,0.0014243854475111117,0,2.02887390308143e-06,0.0014254008487923962
s33-124-42,u042,2025-06-27,variable,hazard,60,0.003843904337175852,0,1.4775600553359326e-05,0.0038513111241988535
s33-124-42,u042,2025-06-27,variable,hazard,120,0.01506775449507114,0,0.00022703722552373654,0.015182426465345795
s33-124-42,u042,2025-06-27,variable,hazard_cal,30,0.001412182689997321,0,1.99425994992807e-06,0.0014131807597208047
s33-124-42,u042,2025-06-27,variable,hazard_cal,60,0.0038368365858142406,0,1.4721314986242679e-05,0.0038442161254134528
s33-124-42,u042,2025-06-27,variable,hazard_cal,120,0.015285431712383946,0,0.0002336444226339528,0.015403458192125165
s33-124-12,u012,2025-06-27,variable,empirical,30,0.0028985507246376274,0,8.401596303297314e-06,0.002902759657961351
s33-124-12,u012,2025-06-27,variable,empirical,60,0.004637681159420315,0,2.1508086536442157e-05,0.004648468567984626
s33-124-12,u012,2025-06-27,variable,empirical,120,0.0197101449275362,0,0.000388489813064481,0.0199069805668798
s33-124-12,u012,2025-06-27,variable,hazard,30,0.002858179700121144,0,8.169191198184593e-06,0.00286227209544788
s33-124-12,u012,2025-06-27,variable,hazard,60,0.007702546821525824,0,5.932922753779758e-05,0.007732364649459263
s33-124-12,u012,2025-06-27,variable,hazard,120,0.029999550069638503,0,0.0008999730043807475,0.03045874363908262
s33-124-12,u012,2025-06-27,variable,hazard_cal,30,0.0028737430306121636,0,8.258399005991983e-06,0.002877880158043603
s33-124-12,u012,2025-06-27,variable,hazard_cal,60,0.00779669378285841,0,6.078843394366299e-05,0.007827246912373478
s33-124-12,u012,2025-06-27,variable,hazard_cal,120,0.03085149930733566,0,0.0009518150095105328,0.03133742734436293
s33-124-1,u001,2025-06-27,regular,empirical,30,0.0028985507246376274,0,8.401596303297314e-06,0.002902759657961351
s33-124-1,u001,2025-06-27,regular,empirical,60,0.004637681159420315,0,2.1508086536442157e-05,0.004648468567984626
s33-124-1,u001,2025-06-27,regular,empirical,120,0.0197101449275362,0,0.000388489813064481,0.0199069805668798
s33-124-1,u001,2025-06-27,regular,hazard,30,0.0002884266669388458,0,8.318994220145188e-08,0.00028846826990974294
s33-124-1,u001,2025-06-27,regular,hazard,60,0.0007792125982585274,0,6.071722732848052e-07,0.00077951634219282
s33-124-1,u001,2025-06-27,regular,hazard,120,0.0030701141390904185,0,9.425600827042902e-06,0.0030748366076592416
s33-124-1,u001,2025-06-27,regular,hazard_cal,30,0.00027689482379888997,0,7.667074344661832e-08,0.00027693316624866055
s33-124-1,u001,2025-06-27,regular,hazard_cal,60,0.0007531452211850809,0,5.672277241939244e-07,0.0007534289775292797
s33-124-1,u001,2025-06-27,regular,hazard_cal,120,0.003016297066244733,0,9.098047991836584e-06,0.003020855258456153
s33-124-22,u022,2025-06-27,regular,empirical,30,0.0028985507246376274,0,8.401596303297314e-06,0.002902759657961351
s33-124-22,u022,2025-06-27,regular,empirical,60,0.004637681159420315,0,2.1508086536442157e-05,0.004648468567984626
s33-124-22,u022,2025-06-27,regular,empirical,120,0.0197101449275362,0,0.000388489813064481,0.0199069805668798
s33-124-22,u022,2025-06-27,regular,hazard,30,0.0005914114500644718,0,3.497675032673612e-07,0.0005915864027988731
s33-124-22,u022,2025-06-27,regular,hazard,60,0.0015972888366193594,0,2.5513316275888265e-06,0.0015985658624670684
s33-124-22,u022,2025-06-27,regular,hazard,120,0.006284757567823096,0,3.9498177686309677e-05,0.006304589794154441
s33-124-22,u022,2025-06-27,regular,hazard_cal,30,0.0005760450347011004,0,3.318278820037919e-07,0.000576211012385577
s33-124-22,u022,2025-06-27,regular,hazard_cal,60,0.0015663667640201107,0,2.4535048394268332e-06,0.0015675947989761125
s33-124-22,u022,2025-06-27,regular,hazard_cal,120,0.006264471784383829,0,3.924360673734112e-05,0.006284175921529703
s33-124-27,u027,2025-06-27,regular,empirical,30,0.0028985507246376274,0,8.401596303297314e-06,0.002902759657961351
s33-124-27,u027,2025-06-27,regular,empirical,60,0.004637681159420315,0,2.1508086536442157e-05,0.004648468567984626
s33-124-27,u027,2025-06-27,regular,empirical,120,0.0197101449275362,0,0.000388489813064481,0.0199069805668798
s33-124-27,u027,2025-06-27,regular,hazard,30,0.0007470756494543096,0,5.581220260075785e-07,0.0007473548495316934
s33-124-27,u027,2025-06-27,regular,hazard,60,0.002017405259522209,0,4.069923981147872e-06,0.0020194429625558963
s33-124-27,u027,2025-06-27,regular,hazard,120,0.007932197122678009,0,6.291975119302128e-05,0.007963824358277097
s33-124-27,u027,2025-06-27,regular,hazard_cal,30,0.0007311008425313625,0,5.345084419500682e-07,0.0007313682270836616
s33-124-27,u027,2025-06-27,regular,hazard_cal,60,0.001987689523261893,0,3.950909640885091e-06,0.0019896675997182066
s33-124-27,u027,2025-06-27,regular,hazard_cal,120,0.007943766679650133,0,6.310342906071969e-05,0.007975486489032214
s33-124-43,u043,2025-06-27,variable,empirical,30,0.0028985507246376274,0,8.401596303297314e-06,0.002902759657961351
s33-124-43,u043,2025-06-27,variable,empirical,60,0.004637681159420315,0,2.1508086536442157e-05,0.004648468567984626
s33-124-43,u043,2025-06-27,variable,empirical,120,0.0197101449275362,0,0.000388489813064481,0.0199069805668798
s33-124-43,u043,2025-06-27,variable,hazard,30,0.0011174216172218365,0,1.2486310706346645e-06,0.0011180463982297226
s33-124-43,u043,2025-06-27,variable,hazard,60,0.00301641164938804,0,9.098739238563875e-06,0.0030209701882685
s33-124-43,u043,2025-06-27,variable,hazard,120,0.011840403360925955,0,0.00014019515174942666,0.011911059219860626
s33-124-43,u043,2025-06-27,variable,hazard_cal,30,0.001102440721730269,0,1.2153755449291562e-06,0.0011030488564988416
s33-124-43,u043,2025-06-27,variable,hazard_cal,60,0.00299618777391375,0,8.977141176550233e-06,0.00300068533043125
s33-124-43,u043,2025-06-27,variable,hazard_cal,120,0.011953573538652895,0,0.0001428879203439827,0.012025591992787917
s33-124-58,u058,2025-06-27,new,empirical,30,0.0028985507246376274,0,8.401596303297314e-06,0.002902759657961351
s33-124-58,u058,2025-06-27,new,empirical,60,0.004637681159420315,0,2.1508086536442157e-05,0.004648468567984626
s33-124-58,u058,2025-06-27,new,empirical,120,0.0197101449275362,0,0.000388489813064481,0.0199069805668798
s33-124-58,u058,2025-06-27,new,hazard,30,0.0012650809334908697,0,1.6004297682821303e-06,0.0012658818239070651
s33-124-58,u058,2025-06-27,new,hazard,60,0.0034145229788982157,0,1.1658967173423944e-05,0.0034203657664980077
s33-124-58,u058,2025-06-27,new,hazard,120,0.013394215540197263,0,0.00017940500993726186,0.013484727175357895
s33-124-58,u058,2025-06-27,new,hazard_cal,30,0.0012512474884736058,0,1.5656202774115062e-06,0.0012520309522185307
s33-124-58,u058,2025-06-27,new,hazard_cal,60,0.0034001172270878843,0,1.1560797157939804e-05,0.003405910761859532
s33-124-58,u058,2025-06-27,new,hazard_cal,120,0.013555720762212342,0,0.00018375756538307477,0.013648438401289105
s33-124-15,u015,2025-06-27,variable,empirical,30,0.0028985507246376274,0,8.401596303297314e-06,0.002902759657961351
s33-124-15,u015,2025-06-27,variable,empirical,60,0.004637681159420315,0,2.1508086536442157e-05,0.004648468567984626
s33-124-15,u015,2025-06-27,variable,empirical,120,0.0197101449275362,0,0.000388489813064481,0.0199069805668798
s33-124-15,u015,2025-06-27,variable,hazard,30,0.0005510738217636701,0,3.036823570332173e-07,0.0005512257187490517
s33-124-15,u015,2025-06-27,variable,hazard,60,0.0014884025100766474,0,2.2153420320024642e-06,0.0014895112814279268
s33-124-15,u015,2025-06-27,variable,hazard,120,0.005857394184396125,0,3.430906663139755e-05,0.005874616000618017
s33-124-15,u015,2025-06-27,variable,hazard_cal,30,0.0005359915144748095,0,2.8728690358899994e-07,0.0005361352092750272
s33-124-15,u015,2025-06-27,variable,hazard_cal,60,0.0014575112729415807,0,2.124339110751787e-06,0.0014585744757092116
s33-124-15,u015,2025-06-27,variable,hazard_cal,120,0.005830204833082497,0,3.399128839569851e-05,0.005847266826210729
s33-124-2,u002,2025-06-27,variable,empirical,30,0.0028985507246376274,0,8.401596303297314e-06,0.002902759657961351
s33-124-2,u002,2025-06-27,variable,empirical,60,0.004637681159420315,0,2.1508086536442157e-05,0.004648468567984626
s33-124-2,u002,2025-06-27,variable,empirical,120,0.0197101449275362,0,0.000388489813064481,0.0199069805668798
s33-124-2,u002,2025-06-27,variable,hazard,30,0.0014285425320745837,0,2.040733765946063e-06,0.0014295638717582238
s33-124-2,u002,2025-06-27,variable,hazard,60,0.003855107366845134,0,1.4861852809903623e-05,0.003862557446652352
s33-124-2,u002,2025-06-27,variable,hazard,120,0.015111386771783253,0,0.0002283540101664259,0.015226727221453445
s33-124-2,u002,2025-06-27,variable,hazard_cal,30,0.0014163873719511555,0,2.006153187422701e-06,0.001417391396715518
s33-124-2,u002,2025-06-27,variable,hazard_cal,60,0.0038482447157667243,0,1.4808987392426517e-05,0.003855668260661289
s33-124-2,u002,2025-06-27,variable,hazard_cal,120,0.015330581100513774,0,0.0002350267168794301,0.015449309471948178
s33-124-26,u026,2025-06-27,variable,empirical,30,0.0028985507246376274,0,8.401596303297314e-06,0.002902759657961351
s33-124-26,u026,2025-06-27,variable,empirical,60,0.004637681159420315,0,2.1508086536442157e-05,0.004648468567984626
s33-124-26,u026,2025-06-27,variable,empirical,120,0.0197101449275362,0,0.000388489813064481,0.0199069805668798
s33-124-26,u026,2025-06-27,variable,hazard,30,0.0006764955722723398,0,4.5764625930408055e-07,0.0006767244986529363
s33-124-26,u026,2025-06-27,variable,hazard,60,0.001826934893504495,0,3.33769110510428e-06,0.0018286057744276172
s33-124-26,u026,2025-06-27,variable,hazard,120,0.007185575712137515,0,5.1632498314860556e-05,0.007211516301369926
s33-124-26,u026,2025-06-27,variable,hazard_cal,30,0.0006607066180979171,0,4.3653323519838686e-07,0.0006609249809033143
s33-124-26,u026,2025-06-27,variable,hazard_cal,60,0.001796427831590286,0,3.227152954112177e-06,0.0017980433431238464
s33-124-26,u026,2025-06-27,variable,hazard_cal,120,0.007181742328482343,0,5.157742287271499e-05,0.007207655180740713
s33-124-34,u034,2025-06-27,variable,empirical,30,0.0028985507246376274,0,8.401596303297314e-06,0.002902759657961351
s33-124-34,u034,2025-06-27,variable,empirical,60,0.004637681159420315,0,2.1508086536442157e-05,0.004648468567984626
s33-124-34,u034,2025-06-27,variable,empirical,120,0.0197101449275362,0,0.000388489813064481,0.0199069805668798
s33-124-34,u034,2025-06-27,variable,hazard,30,0.0019464487537269592,0,3.788662750885233e-06,0.0019483455468424535
s33-124-34,u034,2025-06-27,variable,hazard,60,0.005250122925530176,0,2.7563790733177538e-05,0.005263953249401895
s33-124-34,u034,2025-06-27,variable,hazard,120,0.02053176447149696,0,0.00042155335231302486,0.020745471394945827
s33-124-34,u034,2025-06-27,variable,hazard_cal,30,0.0019419584919683208,0,3.7712027845278747e-06,0.001943846538094701
s33-124-34,u034,2025-06-27,variable,hazard_cal,60,0.00527348456596044,0,2.780963946742297e-05,0.005287438464425614
s33-124-34,u034,2025-06-27,variable,hazard_cal,120,0.020957309151773296,0,0.00043920880688300075,0.021180030815822096
s33-124-30,u030,2025-06-27,regular,empirical,30,0.0028985507246376274,0,8.401596303297314e-06,0.002902759657961351
s33-124-30,u030,2025-06-27,regular,empirical,60,0.004637681159420315,0,2.1508086536442157e-05,0.004648468567984626
s33-124-30,u030,2025-06-27,regular,empirical,120,0.0197101449275362,0,0.000388489813064481,0.0199069805668798
s33-124-30,u030,2025-06-27,regular,hazard,30,0.011789840420823205,0,0.0001390003371484767,0.011859891729612715
s33-124-30,u030,2025-06-27,regular,hazard,60,0.03150015247520266,0,0.000992259605961016,0.032006953569484686
s33-124-30,u030,2025-06-27,regular,hazard,120,0.11792920231844872,0,0.013907296759465611,0.1254829567165512
s33-124-30,u030,2025-06-27,regular,hazard_cal,30,0.012195420910021681,0,0.00014872829117259405,0.012270395241511725
s33-124-30,u030,2025-06-27,regular,hazard_cal,60,0.03278724801216448,0,0.0010750036322111837,0.03333679533108643
s33-124-30,u030,2025-06-27,regular,hazard_cal,120,0.12434009908092492,0,0.015460460239454224,0.1327775043907394
s33-124-57,u057,2025-06-27,new,empirical,30,0.0028985507246376274,0,8.401596303297314e-06,0.002902759657961351
s33-124-57,u057,2025-06-27,new,empirical,60,0.004637681159420315,0,2.1508086536442157e-05,0.004648468567984626
s33-124-57,u057,2025-06-27,new,empirical,120,0.0197101449275362,0,0.000388489813064481,0.0199069805668798
s33-124-57,u057,2025-06-27,new,hazard,30,0.0015624521558631477,0,2.4412567393613977e-06,0.0015636740571735785
s33-124-57,u057,2025-06-27,new,hazard,60,0.004215935655356606,0,1.7774113450107137e-05,0.004224847769501635
s33-124-57,u057,2025-06-27,new,hazard,120,0.016515824779163024,0,0.00027277246813601537,0.01665373155106789
s33-124-57,u057,2025-06-27,new,hazard_cal,30,0.0015519583424151717,0,2.4085746965920475e-06,0.00155316387721811
s33-124-57,u057,2025-06-27,new,hazard_cal,60,0.004216025209309637,0,1.7774868565534372e-05,0.004224937702610894
s33-124-57,u057,2025-06-27,new,hazard_cal,120,0.016785181777549396,0,0.0002817423273053763,0.016927649421538713
s33-124-18,u018,2025-06-27,variable,empirical,30,0.0028985507246376274,0,8.401596303297314e-06,0.002902759657961351
s33-124-18,u018,2025-06-27,variable,empirical,60,0.004637681159420315,0,2.1508086536442157e-05,0.004648468567984626
s33-124-18,u018,2025-06-27,variable,empirical,120,0.0197101449275362,0,0.000388489813064481,0.0199069805668798
s33-124-18,u018,2025-06-27,variable,hazard,30,0.0007068011003229513,0,4.995677954177346e-07,0.0007070510019814433
s33-124-18,u018,2025-06-27,variable,hazard,60,0.0019087218425400954,0,3.6432190721896565e-06,0.0019105457733634666
s33-124-18,u018,2025-06-27,variable,hazard,120,0.007506229192979497,0,5.6343476697537624e-05,0.007534542705454154
s33-124-18,u018,2025-06-27,variable,hazard_cal,30,0.0006909150557722343,0,4.773636142927496e-07,0.0006911538475756172
s33-124-18,u018,2025-06-27,variable,hazard_cal,60,0.0018785076292872072,0,3.5287909132902434e-06,0.0018802742374818468
s33-124-18,u018,2025-06-27,variable,hazard_cal,120,0.007508825620817228,0,5.6382462203841224e-05,0.007537158773494397
s33-124-48,u048,2025-06-27,variable,empirical,30,0.0028985507246376274,0,8.401596303297314e-06,0.002902759657961351
s33-124-48,u048,2025-06-27,variable,empirical,60,0.004637681159420315,0,2.1508086536442157e-05,0.004648468567984626
s33-124-48,u048,2025-06-27,variable,empirical,120,0.0197101449275362,0,0.000388489813064481,0.0199069805668798
s33-124-48,u048,2025-06-27,variable,hazard,30,0.0011055259002161755,0,1.2221875160487852e-06,0.0011061374447346173
s33-124-48,u048,2025-06-27,variable,hazard,60,0.002984334103376174,0,8.906250040574072e-06,0.002988796108016155
s33-124-48,u048,2025-06-27,variable,hazard,120,0.011715115880250426,0,0.00013724394008769573,0.011784278546724548
s33-124-48,u048,2025-06-27,variable,hazard_cal,30,0.0010904691504757258,0,1.189122968139251e-06,0.0010910641445475784
s33-124-48,u048,2025-06-27,variable,hazard_cal,60,0.002963686362567275,0,8.783436855667245e-06,0.0029680867774454834
s33-124-48,u048,2025-06-27,variable,hazard_cal,120,0.01182456336874238,0,0.00013982029886140416,0.011895029556957062
s33-124-53,u053,2025-06-27,regular,empirical,30,0.0028985507246376274,0,8.401596303297314e-06,0.002902759657961351
s33-124-53,u053,2025-06-27,regular,empirical,60,0.004637681159420315,0,2.1508086536442157e-05,0.004648468567984626
s33-124-53,u053,2025-06-27,regular,empirical,120,0.0197101449275362,0,0.000388489813064481,0.0199069805668798
s33-124-53,u053,2025-06-27,regular,hazard,30,0.0012640647038700825,0,1.5978595755701595e-06,0.0012648643075627664
s33-124-53,u053,2025-06-27,regular,hazard,60,0.003411783461215512,0,1.1640266386223698e-05,0.0034176168663980744
s33-124-53,u053,2025-06-27,regular,hazard,120,0.013383530386947728,0,0.0001791188856183532,0.013473897018514099
s33-124-53,u053,2025-06-27,regular,hazard_cal,30,0.0012502221152590476,0,1.5630553374828073e-06,0.0012510042949279694
s33-124-53,u053,2025-06-27,regular,hazard_cal,60,0.0033973342982868138,0,1.1541880334315958e-05,0.00340311834239047
s33-124-53,u053,2025-06-27,regular,hazard_cal,120,0.013544690131461867,0,0.00018345863075732048,0.013637256250092463
s33-124-3,u003,2025-06-27,regular,empirical,30,0.0028985507246376274,0,8.401596303297314e-06,0.002902759657961351
s33-124-3,u003,2025-06-27,regular,empirical,60,0.004637681159420315,0,2.1508086536442157e-05,0.004648468567984626
s33-124-3,u003,2025-06-27,regular,empirical,120,0.0197101449275362,0,0.000388489813064481,0.0199069805668798
s33-124-3,u003,2025-06-27,regular,hazard,30,0.0005791543214204165,0,3.3541972801994306e-07,0.0005793220960658277
s33-124-3,u003,2025-06-27,regular,hazard,60,0.0015642031636226017,0,2.4467315370869557e-06,0.0015654278066180478
s33-124-3,u003,2025-06-27,regular,hazard,120,0.006154917453323749,0,3.788300885722931e-05,0.006173937040572808
s33-124-3,u003,2025-06-27,regular,hazard_cal,30,0.0005638682297866016,0,3.179473805626757e-07,0.0005640272632623091
s33-124-3,u003,2025-06-27,regular,hazard_cal,60,0.0015332741424837204,0,2.350929596009188e-06,0.0015344508102049929
s33-124-3,u003,2025-06-27,regular,hazard_cal,120,0.00613246956041702,0,3.760718290944132e-05,0.006151350382158483
s33-124-38,u038,2025-06-27,regular,empirical,30,0.0028985507246376274,0,8.401596303297314e-06,0.002902759657961351
s33-124-38,u038,2025-06-27,regular,empirical,60,0.004637681159420315,0,2.1508086536442157e-05,0.004648468567984626
s33-124-38,u038,2025-06-27,regular,empirical,120,0.0197101449275362,0,0.000388489813064481,0.0199069805668798
s33-124-38,u038,2025-06-27,regular,hazard,30,0.0010093727489765003,0,1.0188333463763771e-06,0.0010098825087036087
s33-124-38,u038,2025-06-27,regular,hazard,60,0.002725024088685579,0,7.425756283916672e-06,0.002728743725764706
s33-124-38,u038,2025-06-27,regular,hazard,120,0.01070181702091566,0,0.00011452888754916014,0.010759493327967037
s33-124-38,u038,2025-06-27,regular,hazard_cal,30,0.0009938006592355997,0,9.876397502971125e-07,0.0009942948065271454
s33-124-38,u038,2025-06-27,regular,hazard_cal,60,0.0027012148914464795,0,7.296561889772216e-06,0.002704869755590691
s33-124-38,u038,2025-06-27,regular,hazard_cal,120,0.01078218979357981,0,0.00011625561674477663,0.010840738840245112
s33-124-40,u040,2025-06-27,regular,empirical,30,0.0028985507246376274,0,8.401596303297314e-06,0.002902759657961351
s33-124-40,u040,2025-06-27,regular,empirical,60,0.004637681159420315,0,2.1508086536442157e-05,0.004648468567984626
s33-124-40,u040,2025-06-27,regular,empirical,120,0.0197101449275362,0,0.000388489813064481,0.0199069805668798
s33-124-40,u040,2025-06-27,regular,hazard,30,0.0008194769667339008,0,6.715424990073948e-07,0.0008198129215340908
s33-124-40,u040,2025-06-27,regular,hazard,60,0.0022127635656359335,0,4.89632259740585e-06,0.0022152153444068424
s33-124-40,u040,2025-06-27,regular,hazard,120,0.008697484724164983,0,7.564624052708324e-05,0.008735528595717464
s33-124-40,u040,2025-06-27,regular,hazard_cal,30,0.0008034510769986403,0,6.45533633130275e-07,0.0008037740168043484
s33-124-40,u040,2025-06-27,regular,hazard_cal,60,0.0021842383011592137,0,4.770896956250888e-06,0.002186627228929619
s33-124-40,u040,2025-06-27,regular,hazard_cal,120,0.008726335713967526,0,7.614893499286513e-05,0.00876463314171373
s33-124-55,u055,2025-06-27,new,empirical,30,0.0028985507246376274,0,8.401596303297314e-06,0.002902759657961351
s33-124-55,u055,2025-06-27,new,empirical,60,0.004637681159420315,0,2.1508086536442157e-05,0.004648468567984626
s33-124-55,u055,2025-06-27,new,empirical,120,0.0197101449275362,0,0.000388489813064481,0.0199069805668798
s33-124-55,u055,2025-06-27,new,hazard,30,0.0003995621671554206,0,1.5964992542193628e-07,0.00039964201338786235
s33-124-55,u055,2025-06-27,new,hazard,60,0.0010793403036173377,0,1.1649754910127667e-06,0.0010799232108374293
s33-124-55,u055,2025-06-27,new,hazard,120,0.004250491998886496,0,1.8066682232598122e-05,0.004259551019311935
s33-124-55,u055,2025-06-27,new,hazard_cal,30,0.00038611567556612325,0,1.4908531491788375e-07,0.0003861902374171995
s33-124-55,u055,2025-06-27,new,hazard_cal,60,0.00105011050280035,0,1.1027320680916038e-06,0.001050662255135498
s33-124-55,u055,2025-06-27,new,hazard_cal,120,0.004203486581096039,0,1.7669299437454463e-05,0.004212346066683554
s33-124-23,u023,2025-06-27,variable,empirical,30,0.0028985507246376274,0,8.401596303297314e-06,0.002902759657961351
s33-124-23,u023,2025-06-27,variable,empirical,60,0.004637681159420315,0,2.1508086536442157e-05,0.004648468567984626
s33-124-23,u023,2025-06-27,variable,empirical,120,0.0197101449275362,0,0.000388489813064481,0.0199069805668798
s33-124-23,u023,2025-06-27,variable,hazard,30,0.0009855846059074747,0,9.71377015401792e-07,0.0009860706137759993
s33-124-23,u023,2025-06-27,variable,hazard,60,0.002660863765450494,0,7.080195978287382e-06,0.0026644101558109786
s33-124-23,u023,2025-06-27,variable,hazard,120,0.010450963729292995,0,0.00010922264287099773,0.01050595855223887
s33-124-23,u023,2025-06-27,variable,hazard_cal,30,0.000969913000799516,0,9.40731229119922e-07,0.0009703836707779747
s33-124-23,u023,2025-06-27,variable,hazard_cal,60,0.002636348177310399,0,6.950331712007864e-06,0.002639829463100155
s33-124-23,u023,2025-06-27,variable,hazard_cal,120,0.010524434972221997,0,0.00011076373148452941,0.010580208506397652
s33-124-37,u037,2025-06-27,variable,empirical,30,0.0028985507246376274,0,8.401596303297314e-06,0.002902759657961351
s33-124-37,u037,2025-06-27,variable,empirical,60,0.004637681159420315,0,2.1508086536442157e-05,0.004648468567984626
s33-124-37,u037,2025-06-27,variable,empirical,120,0.0197101449275362,0,0.000388489813064481,0.0199069805668798
s33-124-37,u037,2025-06-27,variable,hazard,30,0.00085420741967146,0,7.296703158217738e-07,0.0008545724627258324
s33-124-37,u037,2025-06-27,variable,hazard,60,0.0023064660264490167,0,5.319785531163516e-06,0.0023091300162709064
s33-124-37,u037,2025-06-27,variable,hazard,120,0.009064372995427061,0,8.216285780022735e-05,0.00910570437593887
s33-124-37,u037,2025-06-27,variable,hazard_cal,30,0.0008382035415536171,0,7.025851770730263e-07,0.0008385550305687708
s33-124-37,u037,2025-06-27,variable,hazard_cal,60,0.0022786379924155664,0,5.192191100479643e-06,0.002281238038425796
s33-124-37,u037,2025-06-27,variable,hazard_cal,120,0.009102005604824548,0,8.284650603025749e-05,0.009143681942769561
s33-124-54,u054,2025-06-27,new,empirical,30,0.0028985507246376274,0,8.401596303297314e-06,0.002902759657961351
s33-124-54,u054,2025-06-27,new,empirical,60,0.004637681159420315,0,2.1508086536442157e-05,0.004648468567984626
s33-124-54,u054,2025-06-27,new,empirical,120,0.0197101449275362,0,0.000388489813064481,0.0199069805668798
s33-124-54,u054,2025-06-27,new,hazard,30,0.0019558428986351517,0,3.825321444141553e-06,0.001957758056930487
s33-124-54,u054,2025-06-27,new,hazard,60,0.005275413821886787,0,2.7829990992154162e-05,0.005289377950070458
s33-124-54,u054,2025-06-27,new,hazard,120,0.020629799572268404,0,0.0004255886303919656,0.020845566531996207
s33-124-54,u054,2025-06-27,new,hazard_cal,30,0.001951520319248723,0,3.8084315564406375e-06,0.0019534270160691735
s33-124-54,u054,2025-06-27,new,hazard_cal,60,0.005299400697720835,0,2.8083647755004076e-05,0.0053134923284449504
s33-124-54,u054,2025-06-27,new,hazard_cal,120,0.021059369450845855,0,0.00044349704166721964,0.021284281243340704
s33-124-32,u032,2025-06-27,regular,empirical,30,0.0028985507246376274,0,8.401596303297314e-06,0.002902759657961351
s33-124-32,u032,2025-06-27,regular,empirical,60,0.004637681159420315,0,2.1508086536442157e-05,0.004648468567984626
s33-124-32,u032,2025-06-27,regular,empirical,120,0.0197101449275362,0,0.000388489813064481,0.0199069805668798
s33-124-32,u032,2025-06-27,regular,hazard,30,0.006679665445361693,0,4.461793046195903e-05,0.006702074255239797
s33-124-32,u032,2025-06-27,regular,hazard,60,0.01793492319046397,0,0.00032166146984784227,0.01809770315992966
s33-124-32,u032,2025-06-27,regular,hazard,120,0.06867233592715027,0,0.004715889721691374,0.07114411510363895
s33-124-32,u032,2025-06-27,regular,hazard_cal,30,0.006831593253596946,0,4.6670666382591305e-05,0.006855035412655641
s33-124-32,u032,2025-06-27,regular,hazard_cal,60,0.018463148660909146,0,0.00034088785847483116,0.018635720031490777
s33-124-32,u032,2025-06-27,regular,hazard_cal,120,0.07174216814020296,0,0.005146938689457152,0.07444574872941015
s33-124-47,u047,2025-06-27,regular,empirical,30,0.0028985507246376274,0,8.401596303297314e-06,0.002902759657961351
s33-124-47,u047,2025-06-27,regular,empirical,60,0.004637681159420315,0,2.1508086536442157e-05,0.004648468567984626
s33-124-47,u047,2025-06-27,regular,empirical,120,0.0197101449275362,0,0.000388489813064481,0.0199069805668798
s33-124-47,u047,2025-06-27,regular,hazard,30,0.0009330483172736992,0,8.705791623672816e-07,0.0009334838778086422
s33-124-47,u047,2025-06-27,regular,hazard,60,0.002519154790598943,0,6.346140858997605e-06,0.0025223332000875336
s33-124-47,u047,2025-06-27,regular,hazard,120,0.0098967207756252,0,9.794508211069147e-05,0.009946018845846253
s33-124-47,u047,2025-06-27,regular,hazard_cal,30,0.0009171985094034163,0,8.412531056518487e-07,0.000917619393331997
s33-124-47,u047,2025-06-27,regular,hazard_cal,60,0.0024931917531305636,0,6.216005117878253e-06,0.002496304931266055
s33-124-47,u047,2025-06-27,regular,hazard_cal,120,0.00995538480167002,0,9.910968654932241e-05,0.010005271012037693
s33-124-5,u005,2025-06-27,variable,empirical,30,0.0028985507246376274,0,8.401596303297314e-06,0.002902759657961351
s33-124-5,u005,2025-06-27,variable,empirical,60,0.004637681159420315,0,2.1508086536442157e-05,0.004648468567984626
s33-124-5,u005,2025-06-27,variable,empirical,120,0.0197101449275362,0,0.000388489813064481,0.0199069805668798
s33-124-5,u005,2025-06-27,variable,hazard,30,0.0005427429662320238,0,2.945699273943357e-07,0.000542890304509342
s33-124-5,u005,2025-06-27,variable,hazard,60,0.0014659133638685873,0,2.148901990368517e-06,0.0014669888660542871
s33-124-5,u005,2025-06-27,variable,hazard,120,0.005769108085509678,0,3.328260810229314e-05,0.005785813671432628
s33-124-5,u005,2025-06-27,variable,hazard_cal,30,0.000527726561408981,0,2.78495323616547e-07,0.0005278658580799805
s33-124-5,u005,2025-06-27,variable,hazard_cal,60,0.001435048129075689,0,2.059363132763635e-06,0.0014360787967986038
s33-124-5,u005,2025-06-27,variable,hazard_cal,120,0.00574057044414189,0,3.295414902415542e-05,0.005757110849938738
s33-124-28,u028,2025-06-27,regular,empirical,30,0.0028985507246376274,0,8.401596303297314e-06,0.002902759657961351
s33-124-28,u028,2025-06-27,regular,empirical,60,0.004637681159420315,0,2.1508086536442157e-05,0.004648468567984626
s33-124-28,u028,2025-06-27,regular,empirical,120,0.0197101449275362,0,0.000388489813064481,0.0199069805668798
s33-124-28,u028,2025-06-27,regular,hazard,30,0.004404068862946753,0,1.9395822549577106e-05,0.0044137953421163265
s33-124-28,u028,2025-06-27,regular,hazard,60,0.011850910369546441,0,0.00014044407658702336,0.01192169218291299
s33-124-28,u028,2025-06-27,regular,hazard,120,0.045838472759850535,0,0.0021011655849555596,0.04692230610079112
s33-124-28,u028,2025-06-27,regular,hazard_cal,30,0.0044667401027312925,0,1.9951767145347958e-05,0.0044767457926319755
s33-124-28,u028,2025-06-27,regular,hazard_cal,60,0.012099782685633054,0,0.00014640474103954544,0.012173580955655473
s33-124-28,u028,2025-06-27,regular,hazard_cal,120,0.04752851681518999,0,0.002258959910651798,0.048695111343044536
s33-125-26,u026,2025-06-30,variable,empirical,30,0.0028985507246376274,0,8.401596303297314e-06,0.002902759657961351
s33-125-26,u026,2025-06-30,variable,empirical,60,0.004637681159420315,0,2.1508086536442157e-05,0.004648468567984626
s33-125-26,u026,2025-06-30,variable,empirical,120,0.0197101449275362,1,0.9609681999579921,3.9266218048493005
s33-125-26,u026,2025-06-30,variable,hazard,30,0.000603877998249347,0,3.646686367696383e-07,0.0006040604060061158
s33-125-26,u026,2025-06-30,variable,hazard,60,0.0016309389937506635,0,2.6599620013364267e-06,0.0016322704226010756
s33-125-26,u026,2025-06-30,variable,hazard,120,0.006416798186703709,1,0.9872075789255614,5.048836010497357
s33-125-26,u026,2025-06-30,variable,hazard_cal,30,0.0005884351078023764,0,3.4625587609439436e-07,0.0005886083036867822
s33-125-26,u026,2025-06-30,variable,hazard_cal,60,0.0016000381715727263,0,2.5601221504897934e-06,0.0016013195997196827
s33-125-26,u026,2025-06-30,variable,hazard_cal,120,0.006398767352282064,1,0.9872434095190645,5.051649908372433
s33-125-11,u011,2025-06-30,variable,empirical,30,0.0028985507246376274,0,8.401596303297314e-06,0.002902759657961351
s33-125-11,u011,2025-06-30,variable,empirical,60,0.004637681159420315,0,2.1508086536442157e-05,0.004648468567984626
s33-125-11,u011,2025-06-30,variable,empirical,120,0.0197101449275362,1,0.9609681999579921,3.9266218048493005
s33-125-11,u011,2025-06-30,variable,hazard,30,0.0006446153418208089,0,4.1552893891075833e-07,0.0006448231956188956
s33-125-11,u011,2025-06-30,variable,hazard,60,0.0017408930625107955,0,3.0307086550982162e-06,0.00174241017785107
s33-125-11,u011,2025-06-30,variable,hazard,120,0.006848145877130674,1,0.9863506053476931,4.983777338218492
s33-125-11,u011,2025-06-30,variable,hazard_cal,30,0.0006289579939050549,0,3.955881580970711e-07,0.0006291558709593571
s33-125-11,u011,2025-06-30,variable,hazard_cal,60,0.0017101579490291785,0,2.9246402106276864e-06,0.0017116219384747035
s33-125-11,u011,2025-06-30,variable,hazard_cal,120,0.006837862628064073,1,0.9863710311091921,4.985280077457308
s33-125-55,u055,2025-06-30,new,empirical,30,0.0028985507246376274,0,8.401596303297314e-06,0.002902759657961351
s33-125-55,u055,2025-06-30,new,empirical,60,0.004637681159420315,0,2.1508086536442157e-05,0.004648468567984626
s33-125-55,u055,2025-06-30,new,empirical,120,0.0197101449275362,0,0.000388489813064481,0.0199069805668798
s33-125-55,u055,2025-06-30,new,hazard,30,0.00023691717306428828,0,5.612974689277392e-08,0.00023694524237122277
s33-125-55,u055,2025-06-30,new,hazard,60,0.0006400864848665755,0,4.0971070810884877e-07,0.0006402914276793794
s33-125-55,u055,2025-06-30,new,hazard,120,0.002522540561313402,0,6.363210883471334e-06,0.0025257275273840732
s33-125-55,u055,2025-06-30,new,hazard_cal,30,0.00022654454456738637,0,5.132243067324451e-08,0.0002265702096589872
s33-125-55,u055,2025-06-30,new,hazard_cal,60,0.0006162243404185253,0,3.797324377242465e-07,0.000616414284673578
s33-125-55,u055,2025-06-30,new,hazard_cal,120,0.00246851636663159,0,6.093573052328027e-06,0.0024715681764873026
s33-125-39,u039,2025-06-30,variable,empirical,30,0.0028985507246376274,0,8.401596303297314e-06,0.002902759657961351
s33-125-39,u039,2025-06-30,variable,empirical,60,0.004637681159420315,0,2.1508086536442157e-05,0.004648468567984626
s33-125-39,u039,2025-06-30,variable,empirical,120,0.0197101449275362,0,0.000388489813064481,0.0199069805668798
s33-125-39,u039,2025-06-30,variable,hazard,30,0.0014554076420256745,0,2.118211404466734e-06,0.0014564677764712756
s33-125-39,u039,2025-06-30,variable,hazard,60,0.003927504647490809,0,1.5425292756061908e-05,0.003935237547844266
s33-125-39,u039,2025-06-30,variable,hazard,120,0.015393311960009148,0,0.00023695405309816068,0.015513019034355945
s33-125-39,u039,2025-06-30,variable,hazard_cal,30,0.0014435659932183764,0,2.0838827767765575e-06,0.001444608938434432
s33-125-39,u039,2025-06-30,variable,hazard_cal,60,0.003921983404621909,0,1.5381953826129662e-05,0.003929694550128179
s33-125-39,u039,2025-06-30,variable,hazard_cal,120,0.015622370441871647,0,0.00024405845822306492,0.015745685674560812
s33-125-40,u040,2025-06-30,regular,empirical,30,0.0028985507246376274,0,8.401596303297314e-06,0.002902759657961351
s33-125-40,u040,2025-06-30,regular,empirical,60,0.004637681159420315,0,2.1508086536442157e-05,0.004648468567984626
s33-125-40,u040,2025-06-30,regular,empirical,120,0.0197101449275362,0,0.000388489813064481,0.0199069805668798
s33-125-40,u040,2025-06-30,regular,hazard,30,0.0006043482883593132,0,3.652368536428316e-07,0.000604530980396256
s33-125-40,u040,2025-06-30,regular,hazard,60,0.0016322084019683158,0,2.6641042674559633e-06,0.0016335419053365165
s33-125-40,u040,2025-06-30,regular,hazard,120,0.006421778955721713,0,4.1239244956150256e-05,0.0064424872820031155
s33-125-40,u040,2025-06-30,regular,hazard_cal,30,0.0005889026145948772,0,3.468062894766825e-07,0.0005890760858480753
s33-125-40,u040,2025-06-30,regular,hazard_cal,60,0.0016013086575428215,0,2.564189416721593e-06,0.0016025921225832952
s33-125-40,u040,2025-06-30,regular,hazard_cal,120,0.006403834275086395,0,4.1009093422771296e-05,0.006424426782879049
s33-125-38,u038,2025-06-30,regular,empirical,30,0.0028985507246376274,0,8.401596303297314e-06,0.002902759657961351
s33-125-38,u038,2025-06-30,regular,empirical,60,0.004637681159420315,0,2.1508086536442157e-05,0.004648468567984626
s33-125-38,u038,2025-06-30,regular,empirical,120,0.0197101449275362,0,0.000388489813064481,0.0199069805668798
s33-125-38,u038,2025-06-30,regular,hazard,30,0.0007494660972681144,0,5.616994309542988e-07,0.0007497470873874089
s33-125-38,u038,2025-06-30,regular,hazard,60,0.002023855768702121,0,4.095992172508852e-06,0.002025906532221928
s33-125-38,u038,2025-06-30,regular,hazard,120,0.00795747403335123,0,6.33213929914591e-05,0.007989303698117354
s33-125-38,u038,2025-06-30,regular,hazard_cal,30,0.0007334874194201424,0,5.380037944476199e-07,0.0007337565529294424
s33-125-38,u038,2025-06-30,regular,hazard_cal,60,0.0019941734114602427,0,3.976727594974983e-06,0.0019961644226457833
s33-125-38,u038,2025-06-30,regular,hazard_cal,120,0.007969591020197564,0,6.351438102921365e-05,0.00800151795358454
s33-125-3,u003,2025-06-30,regular,empirical,30,0.0028985507246376274,0,8.401596303297314e-06,0.002902759657961351
s33-125-3,u003,2025-06-30,regular,empirical,60,0.004637681159420315,0,2.1508086536442157e-05,0.004648468567984626
s33-125-3,u003,2025-06-30,regular,empirical,120,0.0197101449275362,0,0.000388489813064481,0.0199069805668798
s33-125-3,u003,2025-06-30,regular,hazard,30,0.0007834738604983738,0,6.138312900842252e-07,0.0007837809365445957
s33-125-3,u003,2025-06-30,regular,hazard,60,0.0021156208718164926,0,4.475851673265576e-06,0.002117861959071669
s33-125-3,u003,2025-06-30,regular,hazard,120,0.008317004931535421,0,6.917257103118452e-05,0.008351784190814966
s33-125-3,u003,2025-06-30,regular,hazard_cal,30,0.0007674565133702904,0,5.889894999144827e-07,0.0007677511588816374
s33-125-3,u003,2025-06-30,regular,hazard_cal,60,0.0020864578822983315,0,4.353306494604838e-06,0.0020886375679549252
s33-125-3,u003,2025-06-30,regular,hazard_cal,120,0.008337083843374837,0,6.950696701146175e-05,0.0083720317046011
s33-125-41,u041,2025-06-30,regular,empirical,30,0.0028985507246376274,0,8.401596303297314e-06,0.002902759657961351
s33-125-41,u041,2025-06-30,regular,empirical,60,0.004637681159420315,0,2.1508086536442157e-05,0.004648468567984626
s33-125-41,u041,2025-06-30,regular,empirical,120,0.0197101449275362,0,0.000388489813064481,0.0199069805668798
s33-125-41,u041,2025-06-30,regular,hazard,30,0.0009595578207818312,0,9.207512114235768e-07,0.0009600184911043268
s33-125-41,u041,2025-06-30,regular,hazard,60,0.0025906621039210043,0,6.711530136692405e-06,0.0025940236760428276
s33-125-41,u041,2025-06-30,regular,hazard,120,0.010176428384977121,0,0.00010355969467456805,0.010228562224753518
s33-125-41,u041,2025-06-30,regular,hazard_cal,30,0.000943790658394561,0,8.90740806872839e-07,0.0009442363092207863
s33-125-41,u041,2025-06-30,regular,hazard_cal,60,0.0025654097337064474,0,6.581327101795786e-06,0.002568706036041619
s33-125-41,u041,2025-06-30,regular,hazard_cal,120,0.010242487877590634,0,0.00010490855792259108,0.010295303105620407
s33-125-1,u001,2025-06-30,regular,empirical,30,0.0028985507246376274,0,8.401596303297314e-06,0.002902759657961351
s33-125-1,u001,2025-06-30,regular,empirical,60,0.004637681159420315,0,2.1508086536442157e-05,0.004648468567984626
s33-125-1,u001,2025-06-30,regular,empirical,120,0.0197101449275362,0,0.000388489813064481,0.0199069805668798
s33-125-1,u001,2025-06-30,regular,hazard,30,0.0002717582620537229,0,7.385255299445993e-08,0.0002717951950215978
s33-125-1,u001,2025-06-30,regular,hazard,60,0.0007341930818703934,0,5.390394814663463e-07,0.0007344627336034963
s33-125-1,u001,2025-06-30,regular,hazard,120,0.00289295386689703,0,8.369182075994478e-06,0.0028971465460390037
s33-125-1,u001,2025-06-30,regular,hazard_cal,30,0.0002605799590992275,0,6.790191508415507e-08,0.00026061391595588187
s33-125-1,u001,2025-06-30,regular,hazard_cal,60,0.000708780593483338,0,5.023699296985929e-07,0.000709031897201336
s33-125-1,u001,2025-06-30,regular,hazard_cal,120,0.002838835198346934,0,8.058985283373476e-06,0.002842872333306089
s33-125-18,u018,2025-06-30,variable,empirical,30,0.0028985507246376274,0,8.401596303297314e-06,0.002902759657961351
s33-125-18,u018,2025-06-30,variable,empirical,60,0.004637681159420315,0,2.1508086536442157e-05,0.004648468567984626
s33-125-18,u018,2025-06-30,variable,empirical,120,0.0197101449275362,0,0.000388489813064481,0.0199069805668798
s33-125-18,u018,2025-06-30,variable,hazard,30,0.00024277705327946375,0,5.894069759905958e-08,0.00024280652839894825
s33-125-18,u018,2025-06-30,variable,hazard,60,0.0006559146006827055,0,4.3022396338875294e-07,0.0006561298067740903
s33-125-18,u018,2025-06-30,variable,hazard,120,0.0025848498150842225,0,6.681448566540939e-06,0.0025881963073980906
s33-125-18,u018,2025-06-30,variable,hazard_cal,30,0.00023226223824934777,0,5.394574731659679e-08,0.00023228921530025375
s33-125-18,u018,2025-06-30,variable,hazard_cal,60,0.0006317735248831946,0,3.991377867433365e-07,0.0006319731778713097
s33-125-18,u018,2025-06-30,variable,hazard_cal,120,0.0025307370696781017,0,6.404630115842905e-06,0.0025339447978232677
s33-125-2,u002,2025-06-30,variable,empirical,30,0.0028985507246376274,0,8.401596303297314e-06,0.002902759657961351
s33-125-2,u002,2025-06-30,variable,empirical,60,0.004637681159420315,0,2.1508086536442157e-05,0.004648468567984626
s33-125-2,u002,2025-06-30,variable,empirical,120,0.0197101449275362,0,0.000388489813064481,0.0199069805668798
s33-125-2,u002,2025-06-30,variable,hazard,30,0.0007388890438236873,0,5.459570190826828e-07,0.0007391621568750099
s33-125-2,u002,2025-06-30,variable,hazard,60,0.001995313870186144,0,3.981277440557208e-06,0.0019973071608414337
s33-125-2,u002,2025-06-30,variable,hazard,120,0.007845625859235317,0,6.15538451231019e-05,0.007876564711146528
s33-125-2,u002,2025-06-30,variable,hazard_cal,30,0.0007229286633005927,0,5.226258522215818e-07,0.0007231901022354304
s33-125-2,u002,2025-06-30,variable,hazard_cal,60,0.001965486994081389,0,3.863139123903094e-06,0.0019674210983634125
s33-125-2,u002,2025-06-30,variable,hazard_cal,120,0.007855333036689727,0,6.170625711730905e-05,0.007886348697585473
s33-125-24,u024,2025-06-30,regular,empirical,30,0.0028985507246376274,0,8.401596303297314e-06,0.002902759657961351
s33-125-24,u024,2025-06-30,regular,empirical,60,0.004637681159420315,0,2.1508086536442157e-05,0.004648468567984626
s33-125-24,u024,2025-06-30,regular,empirical,120,0.0197101449275362,0,0.000388489813064481,0.0199069805668798
s33-125-24,u024,2025-06-30,regular,hazard,30,0.0018256560761831242,0,3.3330201085043613e-06,0.0018273246173348323
s33-125-24,u024,2025-06-30,regular,hazard,60,0.004924884291740872,0,2.425448528703599e-05,0.004937051498880766
s33-125-24,u024,2025-06-30,regular,hazard,120,0.019270301696429848,0,0.00037134452747142707,0.019458394281521327
s33-125-24,u024,2025-06-30,regular,hazard_cal,30,0.001819094060780846,0,3.309103201968148e-06,0.001820750621646688
s33-125-24,u024,2025-06-30,regular,hazard_cal,60,0.004940432847897913,0,2.4407876724588685e-05,0.004952677130946039
s33-125-24,u024,2025-06-30,regular,hazard_cal,120,0.019644910516552927,0,0.00038592250920337177,0.01984043673783163
s33-125-46,u046,2025-06-30,variable,empirical,30,0.0028985507246376274,0,8.401596303297314e-06,0.002902759657961351
s33-125-46,u046,2025-06-30,variable,empirical,60,0.004637681159420315,0,2.1508086536442157e-05,0.004648468567984626
s33-125-46,u046,2025-06-30,variable,empirical,120,0.0197101449275362,0,0.000388489813064481,0.0199069805668798
s33-125-46,u046,2025-06-30,variable,hazard,30,0.00019313118689223696,0,3.729965535040416e-08,0.00019314983912150228
s33-125-46,u046,2025-06-30,variable,hazard,60,0.000521810547125745,0,2.722862470916694e-07,0.0005219467376284454
s33-125-46,u046,2025-06-30,variable,hazard,120,0.002056828937207711,0,4.2305452769350015e-06,0.00205894711483058
s33-125-46,u046,2025-06-30,variable,hazard_cal,30,0.00018391644528159556,0,3.382525884501814e-08,0.00018393335998497795
s33-125-46,u046,2025-06-30,variable,hazard_cal,60,0.000500292373430633,0,2.50292458912856e-07,0.00050041756141556
s33-125-46,u046,2025-06-30,variable,hazard_cal,120,0.0020045053621240427,0,4.01804174678404e-06,0.002006517071768825
s33-125-6,u006,2025-06-30,variable,empirical,30,0.0028985507246376274,0,8.401596303297314e-06,0.002902759657961351
s33-125-6,u006,2025-06-30,variable,empirical,60,0.004637681159420315,0,2.1508086536442157e-05,0.004648468567984626
s33-125-6,u006,2025-06-30,variable,empirical,120,0.0197101449275362,0,0.000388489813064481,0.0199069805668798
s33-125-6,u006,2025-06-30,variable,hazard,30,0.002883973369538051,0,8.31730239620466e-06,0.002888140033696736
s33-125-6,u006,2025-06-30,variable,hazard,60,0.007771865283896062,0,6.040188999102882e-05,0.007802223625147221
s33-125-6,u006,2025-06-30,variable,hazard,120,0.03026603054941457,0,0.0009160326052180959,0.03073350339875896
s33-125-6,u006,2025-06-30,variable,hazard_cal,30,0.002900201804687419,0,8.411170507912161e-06,0.0029044155390334204
s33-125-6,u006,2025-06-30,variable,hazard_cal,60,0.00786827522974931,0,6.190975509108657e-05,0.007899393445901468
s33-125-6,u006,2025-06-30,variable,hazard_cal,120,0.031130941376385057,0,0.0009691355109799232,0.03162580664169455
s33-125-9,u009,2025-06-30,regular,empirical,30,0.0028985507246376274,0,8.401596303297314e-06,0.002902759657961351
s33-125-9,u009,2025-06-30,regular,empirical,60,0.004637681159420315,0,2.1508086536442157e-05,0.004648468567984626
s33-125-9,u009,2025-06-30,regular,empirical,120,0.0197101449275362,0,0.000388489813064481,0.0199069805668798
s33-125-9,u009,2025-06-30,regular,hazard,30,0.0028001486332625003,0,7.840832368361849e-06,0.002804076383349535
s33-125-9,u009,2025-06-30,regular,hazard,60,0.007546580262820735,0,5.695087366319547e-05,0.007575199776875519
s33-125-9,u009,2025-06-30,regular,hazard,120,0.02939974245487309,0,0.0008643448564128672,0.02984057666474807
s33-125-9,u009,2025-06-30,regular,hazard_cal,30,0.0028142331933500575,0,7.919908466553263e-06,0.0028182005927897243
s33-125-9,u009,2025-06-30,regular,hazard_cal,60,0.007635682602943339,0,5.830364881289156e-05,0.007664983678455429
s33-125-9,u009,2025-06-30,regular,hazard_cal,120,0.030222687345962784,0,0.000913410830411819,0.030688808424453918
s33-125-45,u045,2025-06-30,variable,empirical,30,0.0028985507246376274,0,8.401596303297314e-06,0.002902759657961351
s33-125-45,u045,2025-06-30,variable,empirical,60,0.004637681159420315,0,2.1508086536442157e-05,0.004648468567984626
s33-125-45,u045,2025-06-30,variable,empirical,120,0.0197101449275362,0,0.000388489813064481,0.0199069805668798
s33-125-45,u045,2025-06-30,variable,hazard,30,0.00107164054292741,0,1.1484134532457542e-06,0.0010722151602128348
s33-125-45,u045,2025-06-30,variable,hazard,60,0.002892956080557174,0,8.369194884032727e-06,0.002897148766121747
s33-125-45,u045,2025-06-30,variable,hazard,120,0.01135814071928365,0,0.00012900736059904928,0.011423137026394288
s33-125-45,u045,2025-06-30,variable,hazard_cal,30,0.0010563820448511452,0,1.115943024683887e-06,0.0010569404096291409
s33-125-45,u045,2025-06-30,variable,hazard_cal,60,0.0028711397054759225,0,8.243443208360367e-06,0.0028752693334668416
s33-125-45,u045,2025-06-30,variable,hazard_cal,120,0.01145713258504033,0,0.00013126588707119293,0.011523271186346893
s33-125-43,u043,2025-06-30,variable,empirical,30,0.0028985507246376274,0,8.401596303297314e-06,0.002902759657961351
s33-125-43,u043,2025-06-30,variable,empirical,60,0.004637681159420315,0,2.1508086536442157e-05,0.004648468567984626
s33-125-43,u043,2025-06-30,variable,empirical,120,0.0197101449275362,0,0.000388489813064481,0.0199069805668798
s33-125-43,u043,2025-06-30,variable,hazard,30,0.0005897331109440129,0,3.4778514214370345e-07,0.0005899070719121422
s33-125-43,u043,2025-06-30,variable,hazard,60,0.001592758541264394,0,2.5368797707706804e-06,0.0015940283296397464
s33-125-43,u043,2025-06-30,variable,hazard,120,0.006266979903674752,0,3.9275037113063205e-05,0.006286699855096404
s33-125-43,u043,2025-06-30,variable,hazard_cal,30,0.0005743773910081851,0,3.299093873013695e-07,0.0005745424088932227
s33-125-43,u043,2025-06-30,variable,hazard_cal,60,0.001561834693786901,0,2.4393276107164227e-06,0.001563055629023864
s33-125-43,u043,2025-06-30,variable,hazard_cal,120,0.0062463948217506005,0,3.901744826919272e-05,0.006265985167849597
s33-125-25,u025,2025-06-30,variable,empirical,30,0.0028985507246376274,0,8.401596303297314e-06,0.002902759657961351
s33-125-25,u025,2025-06-30,variable,empirical,60,0.004637681159420315,0,2.1508086536442157e-05,0.004648468567984626
s33-125-25,u025,2025-06-30,variable,empirical,120,0.0197101449275362,0,0.000388489813064481,0.0199069805668798
s33-125-25,u025,2025-06-30,variable,hazard,30,0.00029941463808680346,0,8.96491255006515e-08,0.0002994594715989837
s33-125-25,u025,2025-06-30,variable,hazard,60,0.0008088891007660415,0,6.543015773380952e-07,0.0008092164280809457
s33-125-25,u025,2025-06-30,variable,hazard,120,0.003186882182990902,0,1.0156218048264858e-05,0.0031919711067582603
s33-125-25,u025,2025-06-30,variable,hazard_cal,30,0.00028766021248249896,0,8.274839784547645e-08,0.0002877015946176078
s33-125-25,u025,2025-06-30,variable,hazard_cal,60,0.0007824185151210639,0,6.121787328042505e-07,0.000782724764241207
s33-125-25,u025,2025-06-30,variable,hazard_cal,120,0.0031333776924804546,0,9.818055763734138e-06,0.0031382969990804135
s33-125-5,u005,2025-06-30,variable,empirical,30,0.0028985507246376274,0,8.401596303297314e-06,0.002902759657961351
s33-125-5,u005,2025-06-30,variable,empirical,60,0.004637681159420315,0,2.1508086536442157e-05,0.004648468567984626
s33-125-5,u005,2025-06-30,variable,empirical,120,0.0197101449275362,0,0.000388489813064481,0.0199069805668798
s33-125-5,u005,2025-06-30,variable,hazard,30,0.0002750022895929849,0,7.562625928138393e-08,0.00027504010965652057
s33-125-5,u005,2025-06-30,variable,hazard,60,0.0007429549545205916,0,5.519820644466943e-07,0.0007432310823283011
s33-125-5,u005,2025-06-30,variable,hazard,120,0.0029274355749320247,0,8.569879045377595e-06,0.002931728895448122
s33-125-5,u005,2025-06-30,variable,hazard_cal,30,0.0002637536364653581,0,6.956598074870028e-08,0.000263788425573036
s33-125-5,u005,2025-06-30,variable,hazard_cal,60,0.0007174108104297527,0,5.146782709214746e-07,0.0007176682727100601
s33-125-5,u005,2025-06-30,variable,hazard_cal,120,0.0028733588316349756,0,8.256190975334712e-06,0.0028774948518695
s33-126-19,u019,2025-07-01,variable,empirical,30,0.0028985507246376274,0,8.401596303297314e-06,0.002902759657961351
s33-126-19,u019,2025-07-01,variable,empirical,60,0.004637681159420315,0,2.1508086536442157e-05,0.004648468567984626
s33-126-19,u019,2025-07-01,variable,empirical,120,0.0197101449275362,0,0.000388489813064481,0.0199069805668798
s33-126-19,u019,2025-07-01,variable,hazard,30,0.0005856556242108679,0,3.4299251016982135e-07,0.0005858271874538751
s33-126-19,u019,2025-07-01,variable,hazard,60,0.0015817522306263987,0,2.501940119091588e-06,0.0015830045214026416
s33-126-19,u019,2025-07-01,variable,hazard,120,0.006223788111111461,0,3.873553845201237e-05,0.006243236617919943
s33-126-19,u019,2025-07-01,variable,hazard_cal,30,0.0005703262877861937,0,3.252720745399802e-07,0.0005704889856869978
s33-126-19,u019,2025-07-01,variable,hazard_cal,60,0.0015508251556227703,0,2.4050586633123897e-06,0.0015520289296774583
s33-126-19,u019,2025-07-01,variable,hazard_cal,120,0.006202480165075075,0,3.8470760198149726e-05,0.0062217954550618255
s33-126-57,u057,2025-07-01,new,empirical,30,0.0028985507246376274,0,8.401596303297314e-06,0.002902759657961351
s33-126-57,u057,2025-07-01,new,empirical,60,0.004637681159420315,0,2.1508086536442157e-05,0.004648468567984626
s33-126-57,u057,2025-07-01,new,empirical,120,0.0197101449275362,0,0.000388489813064481,0.0199069805668798
s33-126-57,u057,2025-07-01,new,hazard,30,0.00043159370687551046,0,1.8627312781454405e-07,0.00043168687024619837
s33-126-57,u057,2025-07-01,new,hazard,60,0.001165831350587898,0,1.3591627380136025e-06,0.0011665114606040105
s33-126-57,u057,2025-07-01,new,hazard,120,0.0045904344624060345,0,2.1072088553644978e-05,0.004601002861447477
s33-126-57,u057,2025-07-01,new,hazard_cal,30,0.0004177181875986147,0,1.7448848425067144e-07,0.00041780545614402526
s33-126-57,u057,2025-07-01,new,hazard_cal,60,0.0011360241175609742,0,1.2905507956801902e-06,0.0011366698820745164
s33-126-57,u057,2025-07-01,new,hazard_cal,120,0.004546721592206371,0,2.0672677237035634e-05,0.0045570893690242
s33-126-46,u046,2025-07-01,variable,empirical,30,0.0028985507246376274,0,8.401596303297314e-06,0.002902759657961351
s33-126-46,u046,2025-07-01,variable,empirical,60,0.004637681159420315,0,2.1508086536442157e-05,0.004648468567984626
s33-126-46,u046,2025-07-01,variable,empirical,120,0.0197101449275362,0,0.000388489813064481,0.0199069805668798
s33-126-46,u046,2025-07-01,variable,hazard,30,0.00023057412912441677,0,5.316442902148322e-08,0.00023060071542574823
s33-126-46,u046,2025-07-01,variable,hazard,60,0.0006229530945226491,0,3.8807055797534464e-07,0.0006231472104225569
s33-126-46,u046,2025-07-01,variable,hazard,120,0.0024550892236592237,0,6.02746309612765e-06,0.002458107896960972
s33-126-46,u046,2025-07-01,variable,hazard_cal,30,0.0002203586263407331,0,4.8557924202774836e-08,0.00022038290887014324
s33-126-46,u046,2025-07-01,variable,hazard_cal,60,0.0005994016305783667,0,3.592823147400048e-07,0.0005995813435528249
s33-126-46,u046,2025-07-01,variable,hazard_cal,120,0.002401195867717476,0,5.765741595143483e-06,0.0024040833617336196
s33-126-14,u014,2025-07-01,regular,empirical,30,0.0028985507246376274,0,8.401596303297314e-06,0.002902759657961351
s33-126-14,u014,2025-07-01,regular,empirical,60,0.004637681159420315,0,2.1508086536442157e-05,0.004648468567984626
s33-126-14,u014,2025-07-01,regular,empirical,120,0.0197101449275362,0,0.000388489813064481,0.0199069805668798
s33-126-14,u014,2025-07-01,regular,hazard,30,0.003772031949523802,0,1.4228225028228334e-05,0.003779164002574849
s33-126-14,u014,2025-07-01,regular,hazard,60,0.010156348414991578,0,0.00010315141312670194,0.010208276017303184
s33-126-14,u014,2025-07-01,regular,hazard,120,0.03939506758478584,0,0.0015519713500098437,0.040192055041283016
s33-126-14,u014,2025-07-01,regular,hazard_cal,30,0.0038138093701358677,0,1.4545141911736144e-05,0.0038211004849434136
s33-126-14,u014,2025-07-01,regular,hazard_cal,60,0.010337673464508979,0,0.00010686749265881307,0.010391478343569172
s33-126-14,u014,2025-07-01,regular,hazard_cal,120,0.04072910856042711,0,0.0016588602841270566,0.04158177116122115
s33-126-20,u020,2025-07-01,variable,empirical,30,0.0028985507246376274,0,8.401596303297314e-06,0.002902759657961351
s33-126-20,u020,2025-07-01,variable,empirical,60,0.004637681159420315,0,2.1508086536442157e-05,0.004648468567984626
s33-126-20,u020,2025-07-01,variable,empirical,120,0.0197101449275362,0,0.000388489813064481,0.0199069805668798
s33-126-20,u020,2025-07-01,variable,hazard,30,0.0005577755039712917,0,3.1111351283042847e-07,0.0005579311185957478
s33-126-20,u020,2025-07-01,variable,hazard,60,0.0015064934403685726,0,2.269522485873538e-06,0.0015076293425743256
s33-126-20,u020,2025-07-01,variable,hazard,120,0.0059284092989961845,0,3.514603681642443e-05,0.00594605208105108
s33-126-20,u020,2025-07-01,variable,hazard_cal,30,0.0005426420127865317,0,2.9446035404101844e-07,0.0005427892962474247
s33-126-20,u020,2025-07-01,variable,hazard_cal,60,0.001475586260508921,0,2.177354812202701e-06,0.0014766760100599233
s33-126-20,u020,2025-07-01,variable,hazard_cal,120,0.005902324211493948,0,3.483743109758765e-05,0.005919811772498488
s33-126-4,u004,2025-07-01,variable,empirical,30,0.0028985507246376274,0,8.401596303297314e-06,0.002902759657961351
s33-126-4,u004,2025-07-01,variable,empirical,60,0.004637681159420315,0,2.1508086536442157e-05,0.004648468567984626
s33-126-4,u004,2025-07-01,variable,empirical,120,0.0197101449275362,0,0.000388489813064481,0.0199069805668798
s33-126-4,u004,2025-07-01,variable,hazard,30,0.0003135047978370942,0,9.828525826687728e-08,0.00031355395073960987
s33-126-4,u004,2025-07-01,variable,hazard,60,0.0008469431279427564,0,7.173126619694602e-07,0.0008473019869101393
s33-126-4,u004,2025-07-01,variable,hazard,120,0.003336596296784511,0,1.1132874847716112e-05,0.0033421751472461963
s33-126-4,u004,2025-07-01,variable,hazard_cal,30,0.0003014765745983361,0,9.088812503154612e-08,0.0003015220277964644
s33-126-4,u004,2025-07-01,variable,hazard_cal,60,0.0008199871279753745,0,6.723788900453032e-07,0.0008203235013141731
s33-126-4,u004,2025-07-01,variable,hazard_cal,120,0.0032836188403132516,0,1.0782152688460143e-05,0.0032890217472909783
s33-126-41,u041,2025-07-01,regular,empirical,30,0.0028985507246376274,0,8.401596303297314e-06,0.002902759657961351
s33-126-41,u041,2025-07-01,regular,empirical,60,0.004637681159420315,0,2.1508086536442157e-05,0.004648468567984626
s33-126-41,u041,2025-07-01,regular,empirical,120,0.0197101449275362,0,0.000388489813064481,0.0199069805668798
s33-126-41,u041,2025-07-01,regular,hazard,30,0.0011768227634539885,0,1.3849118165834822e-06,0.0011775157631074777
s33-126-41,u041,2025-07-01,regular,hazard,60,0.0031765795473022163,0,1.0090657620338754e-05,0.003181635586224794
s33-126-41,u041,2025-07-01,regular,hazard,120,0.012465780979092678,0,0.0001553956954187088,0.012544130634162091
s33-126-41,u041,2025-07-01,regular,hazard_cal,30,0.0011622585697669274,0,1.3508449829966638e-06,0.0011629345160587652
s33-126-41,u041,2025-07-01,regular,hazard_cal,60,0.0031585748221898413,0,9.976594907371587e-06,0.003163573648530176
s33-126-41,u041,2025-07-01,regular,hazard_cal,120,0.012597932773833032,0,0.00015870791017401643,0.012677959553968632
s33-126-45,u045,2025-07-01,variable,empirical,30,0.0028985507246376274,0,8.401596303297314e-06,0.002902759657961351
s33-126-45,u045,2025-07-01,variable,empirical,60,0.004637681159420315,0,2.1508086536442157e-05,0.004648468567984626
s33-126-45,u045,2025-07-01,variable,empirical,120,0.0197101449275362,0,0.000388489813064481,0.0199069805668798
s33-126-45,u045,2025-07-01,variable,hazard,30,0.0005880118561811809,0,3.4575794300963775e-07,0.0005881848029525102
s33-126-45,u045,2025-07-01,variable,hazard,60,0.0015881123896497318,0,2.5221009621589816e-06,0.001589374776849678
s33-126-45,u045,2025-07-01,variable,hazard,120,0.006248747319728798,0,3.904684306581784e-05,0.006268352455626426
s33-126-45,u045,2025-07-01,variable,hazard_cal,30,0.0005726672045633929,0,3.2794772718245093e-07,0.0005728312410555199
s33-126-45,u045,2025-07-01,variable,hazard_cal,60,0.0015571869919518422,0,2.4248313279040267e-06,0.00155840066772618
s33-126-45,u045,2025-07-01,variable,hazard_cal,120,0.006227856350544569,0,3.878619472301832e-05,0.006247330344164919
s33-126-5,u005,2025-07-01,variable,empirical,30,0.0028985507246376274,0,8.401596303297314e-06,0.002902759657961351
s33-126-5,u005,2025-07-01,variable,empirical,60,0.004637681159420315,0,2.1508086536442157e-05,0.004648468567984626
s33-126-5,u005,2025-07-01,variable,empirical,120,0.0197101449275362,0,0.000388489813064481,0.0199069805668798
s33-126-5,u005,2025-07-01,variable,hazard,30,0.00040011178961574245,0,1.6008944418951215e-07,0.00040019185569547107
s33-126-5,u005,2025-07-01,variable,hazard,60,0.0010808244303625036,0,1.1681814492684305e-06,0.0010814089422949448
s33-126-5,u005,2025-07-01,variable,hazard,120,0.004256326006224831,0,1.811631107126582e-05,0.004265409947066342
s33-126-5,u005,2025-07-01,variable,hazard_cal,30,0.000386657517018163,0,1.49504035466651e-07,0.00038673228831043893
s33-126-5,u005,2025-07-01,variable,hazard_cal,60,0.0010515835809518093,0,1.1058280277274304e-06,0.0010521368828951766
s33-126-5,u005,2025-07-01,variable,hazard_cal,120,0.004209372552946955,0,1.7718817289503166e-05,0.004218256902047127
s33-126-58,u058,2025-07-01,new,empirical,30,0.0028985507246376274,0,8.401596303297314e-06,0.002902759657961351
s33-126-58,u058,2025-07-01,new,empirical,60,0.004637681159420315,0,2.1508086536442157e-05,0.004648468567984626
s33-126-58,u058,2025-07-01,new,empirical,120,0.0197101449275362,0,0.000388489813064481,0.0199069805668798
s33-126-58,u058,2025-07-01,new,hazard,30,0.0009779105680227662,0,9.563090790506092e-07,0.0009783890345193538
s33-126-58,u058,2025-07-01,new,hazard,60,0.0026401650632122964,0,6.970471561006789e-06,0.002643656445563877
s33-126-58,u058,2025-07-01,new,hazard,120,0.010370024693472812,0,0.00010753741214323589,0.010424168036684845
s33-126-58,u058,2025-07-01,new,hazard_cal,30,0.0009622093252452668,0,9.258467855889516e-07,0.000962672545805328
s33-126-58,u058,2025-07-01,new,hazard_cal,60,0.0026154282723714894,0,6.840465047920114e-06,0.0026188544801998637
s33-126-58,u058,2025-07-01,new,hazard_cal,120,0.010441295272963114,0,0.00010902064697720186,0.010496188031786978
s33-126-11,u011,2025-07-01,variable,empirical,30,0.0028985507246376274,0,8.401596303297314e-06,0.002902759657961351
s33-126-11,u011,2025-07-01,variable,empirical,60,0.004637681159420315,0,2.1508086536442157e-05,0.004648468567984626
s33-126-11,u011,2025-07-01,variable,empirical,120,0.0197101449275362,0,0.000388489813064481,0.0199069805668798
s33-126-11,u011,2025-07-01,variable,hazard,30,0.0005506647600956871,0,3.0323167801124065e-07,0.0005508164316173566
s33-126-11,u011,2025-07-01,variable,hazard,60,0.001487298256454217,0,2.212056103651754e-06,0.0014884053823931937
s33-126-11,u011,2025-07-01,variable,hazard,120,0.005853059348478906,0,3.425830373681632e-05,0.005870255633764076
s33-126-11,u011,2025-07-01,variable,hazard_cal,30,0.000535585629613311,0,2.8685196664828677e-07,0.0005357291068284788
s33-126-11,u011,2025-07-01,variable,hazard_cal,60,0.0014564081353951597,0,2.121124656845206e-06,0.0014574697285907557
s33-126-11,u011,2025-07-01,variable,hazard_cal,120,0.005825803158817311,0,3.393998244528576e-05,0.00584283934858826
s33-126-33,u033,2025-07-01,regular,empirical,30,0.0028985507246376274,0,8.401596303297314e-06,0.002902759657961351
s33-126-33,u033,2025-07-01,regular,empirical,60,0.004637681159420315,0,2.1508086536442157e-05,0.004648468567984626
s33-126-33,u033,2025-07-01,regular,empirical,120,0.0197101449275362,0,0.000388489813064481,0.0199069805668798
s33-126-33,u033,2025-07-01,regular,hazard,30,0.0009238469292873752,0,8.534931487537125e-07,0.0009242739388763409
s33-126-33,u033,2025-07-01,regular,hazard,60,0.0024943339110906626,0,6.221701660016841e-06,0.0024974499446178936
s33-126-33,u033,2025-07-01,regular,hazard,120,0.009799615916281534,0,9.603247210663837e-05,0.009847948169898221
s33-126-33,u033,2025-07-01,regular,hazard_cal,30,0.0009079719741196257,0,8.244131057866903e-07,0.0009083844303572219
s33-126-33,u033,2025-07-01,regular,hazard_cal,60,0.002468133790958893,0,6.091684410073116e-06,0.0024711846541568185
s33-126-33,u033,2025-07-01,regular,hazard_cal,120,0.009855750095357552,0,9.713580994214039e-05,0.00990463949334529
s33-126-40,u040,2025-07-01,regular,empirical,30,0.0028985507246376274,0,8.401596303297314e-06,0.002902759657961351
s33-126-40,u040,2025-07-01,regular,empirical,60,0.004637681159420315,0,2.1508086536442157e-05,0.004648468567984626
s33-126-40,u040,2025-07-01,regular,empirical,120,0.0197101449275362,0,0.000388489813064481,0.0199069805668798
s33-126-40,u040,2025-07-01,regular,hazard,30,0.0007564045751808912,0,5.721478813545845e-07,0.0007566907934618815
s33-126-40,u040,2025-07-01,regular,hazard,60,0.002042578751325075,0,4.172127955364702e-06,0.002044667660294846
s33-126-40,u040,2025-07-01,regular,hazard,120,0.008030838665912143,0,6.449436967790954e-05,0.008063259545317189
s33-126-40,u040,2025-07-01,regular,hazard_cal,30,0.0007404155292718428,0,5.482151559869032e-07,0.0007406897722273541
s33-126-40,u040,2025-07-01,regular,hazard_cal,60,0.002012995633853043,0,4.052151421911415e-06,0.00201502443266331
s33-126-40,u040,2025-07-01,regular,hazard_cal,120,0.008044553819217315,0,6.471484615028389e-05,0.008077085830099825
s33-126-0,u000,2025-07-01,regular,empirical,30,0.0028985507246376274,0,8.401596303297314e-06,0.002902759657961351
s33-126-0,u000,2025-07-01,regular,empirical,60,0.004637681159420315,0,2.1508086536442157e-05,0.004648468567984626
s33-126-0,u000,2025-07-01,regular,empirical,120,0.0197101449275362,0,0.000388489813064481,0.0199069805668798
s33-126-0,u000,2025-07-01,regular,hazard,30,0.003432136919043982,0,1.1779563831064718e-05,0.003438040212103204
s33-126-0,u000,2025-07-01,regular,hazard,60,0.00924419576597535,0,8.545515535967658e-05,0.009287188504302341
s33-126-0,u000,2025-07-01,regular,hazard,120,0.03591149523433357,0,0.0012896354899655626,0.03657217866297398
s33-126-0,u000,2025-07-01,regular,hazard_cal,30,0.003463562386002206,0,1.1996264401729293e-05,0.0034695744042173553
s33-126-0,u000,2025-07-01,regular,hazard_cal,60,0.009391509412045806,0,8.820044903654497e-05,0.0094358877079035
s33-126-0,u000,2025-07-01,regular,hazard_cal,120,0.03706113647984299,0,0.0013735278371775491,0.03776535464046355
s33-126-10,u010,2025-07-01,regular,empirical,30,0.0028985507246376274,0,8.401596303297314e-06,0.002902759657961351
s33-126-10,u010,2025-07-01,regular,empirical,60,0.004637681159420315,0,2.1508086536442157e-05,0.004648468567984626
s33-126-10,u010,2025-07-01,regular,empirical,120,0.0197101449275362,0,0.000388489813064481,0.0199069805668798
s33-126-10,u010,2025-07-01,regular,hazard,30,0.0008092095638745356,0,6.548201182660161e-07,0.0008095371506698361
s33-126-10,u010,2025-07-01,regular,hazard,60,0.0021850609997899895,0,4.774491572803229e-06,0.002187451728803757
s33-126-10,u010,2025-07-01,regular,hazard,120,0.008588994399141403,0,7.377082478848239e-05,0.008626092387218835
s33-126-10,u010,2025-07-01,regular,hazard_cal,30,0.0007931827975300454,0,6.29138950297589e-07,0.0007934975334449419
s33-126-10,u010,2025-07-01,regular,hazard_cal,60,0.0021563448824639675,0,4.6498232521285415e-06,0.0021586731417121115
s33-126-10,u010,2025-07-01,regular,hazard_cal,120,0.008615308726198534,0,7.42235444477126e-05,0.008652635038183988
s33-126-17,u017,2025-07-01,regular,empirical,30,0.0028985507246376274,0,8.401596303297314e-06,0.002902759657961351
s33-126-17,u017,2025-07-01,regular,empirical,60,0.004637681159420315,0,2.1508086536442157e-05,0.004648468567984626
s33-126-17,u017,2025-07-01,regular,empirical,120,0.0197101449275362,0,0.000388489813064481,0.0199069805668798
s33-126-17,u017,2025-07-01,regular,hazard,30,0.0006005584752025728,0,3.606704821376392e-07,0.0006007388826774163
s33-126-17,u017,2025-07-01,regular,hazard,60,0.001621978896266807,0,2.6308155399348893e-06,0.001623295728145082
s33-126-17,u017,2025-07-01,regular,hazard,120,0.006381640907359931,0,4.072534067048968e-05,0.006402090625961693
s33-126-17,u017,2025-07-01,regular,hazard_cal,30,0.0005851354398080932,0,3.423834829194107e-07,0.0005853066983591099
s33-126-17,u017,2025-07-01,regular,hazard_cal,60,0.0015910710348682189,0,2.531507037996625e-06,0.0015923381325938988
s33-126-17,u017,2025-07-01,regular,hazard_cal,120,0.006363004197612487,0,4.048782241883413e-05,0.006383334395463097
s33-126-24,u024,2025-07-01,regular,empirical,30,0.0028985507246376274,0,8.401596303297314e-06,0.002902759657961351
s33-126-24,u024,2025-07-01,regular,empirical,60,0.004637681159420315,0,2.1508086536442157e-05,0.004648468567984626
s33-126-24,u024,2025-07-01,regular,empirical,120,0.0197101449275362,0,0.000388489813064481,0.0199069805668798
s33-126-24,u024,2025-07-01,regular,hazard,30,0.0015182209093813626,0,2.3049947296827714e-06,0.0015193745745731343
s33-126-24,u024,2025-07-01,regular,hazard,60,0.004096761962681494,0,1.678345857887393e-05,0.004105176681901877
s33-126-24,u024,2025-07-01,regular,hazard,120,0.016052157220944663,0,0.0002576717514459259,0.016182388640552568
s33-126-24,u024,2025-07-01,regular,hazard_cal,30,0.0015071514196833835,0,2.2715054018536383e-06,0.0015082883148433322
s33-126-24,u024,2025-07-01,regular,hazard_cal,60,0.004094482592984061,0,1.676478770424948e-05,0.004102887938375468
s33-126-24,u024,2025-07-01,regular,hazard_cal,120,0.016304674140801723,0,0.0002658423988377284,0.016439058066460843
s33-126-27,u027,2025-07-01,regular,empirical,30,0.0028985507246376274,0,8.401596303297314e-06,0.002902759657961351
s33-126-27,u027,2025-07-01,regular,empirical,60,0.004637681159420315,0,2.1508086536442157e-05,0.004648468567984626
s33-126-27,u027,2025-07-01,regular,empirical,120,0.0197101449275362,0,0.000388489813064481,0.0199069805668798
s33-126-27,u027,2025-07-01,regular,hazard,30,0.000713260680427874,0,5.087407982444339e-07,0.0007135151718466735
s33-126-27,u027,2025-07-01,regular,hazard,60,0.001926153996182678,0,3.7100692170104997e-06,0.0019280114162925305
s33-126-27,u027,2025-07-01,regular,hazard,120,0.007574562263458873,0,5.73739934830152e-05,0.007603394949124576
s33-126-27,u027,2025-07-01,regular,hazard_cal,30,0.0006973573575180803,0,4.863072840845996e-07,0.0006976006242626001
s33-126-27,u027,2025-07-01,regular,hazard_cal,60,0.001896011477001025,0,3.594859520919608e-06,0.0018978111819621167
s33-126-27,u027,2025-07-01,regular,hazard_cal,120,0.007578565552517569,0,5.743465583380592e-05,0.007607428800919195
s33-126-36,u036,2025-07-01,regular,empirical,30,0.0028985507246376274,0,8.401596303297314e-06,0.002902759657961351
s33-126-36,u036,2025-07-01,regular,empirical,60,0.004637681159420315,0,2.1508086536442157e-05,0.004648468567984626
s33-126-36,u036,2025-07-01,regular,empirical,120,0.0197101449275362,0,0.000388489813064481,0.0199069805668798
s33-126-36,u036,2025-07-01,regular,hazard,30,0.0036013626476822935,0,1.296981292012122e-05,0.0036078631659844916
s33-126-36,u036,2025-07-01,regular,hazard,60,0.009698409936970465,0,9.405915530552745e-05,0.009745745818453692
s33-126-36,u036,2025-07-01,regular,hazard,120,0.03764750236245751,0,0.0014173344341312437,0.0383744737718055
s33-126-36,u036,2025-07-01,regular,hazard_cal,30,0.0036378592934921405,0,1.3234020239247136e-05,0.0036444923953589067
s33-126-36,u036,2025-07-01,regular,hazard_cal,60,0.009862439546502011,0,9.72677138084068e-05,0.009911395553123746
s33-126-36,u036,2025-07-01,regular,hazard_cal,120,0.03888827123810901,0,0.0015122976398887363,0.03966461375020799
s33-126-39,u039,2025-07-01,variable,empirical,30,0.0028985507246376274,0,8.401596303297314e-06,0.002902759657961351
s33-126-39,u039,2025-07-01,variable,empirical,60,0.004637681159420315,0,2.1508086536442157e-05,0.004648468567984626
s33-126-39,u039,2025-07-01,variable,empirical,120,0.0197101449275362,0,0.000388489813064481,0.0199069805668798
s33-126-39,u039,2025-07-01,variable,hazard,30,0.0018336330763142339,0,3.362210258553601e-06,0.001835316239293757
s33-126-39,u039,2025-07-01,variable,hazard,60,0.004946364989784735,0,2.446652661216814e-05,0.004958638743461743
s33-126-39,u039,2025-07-01,variable,hazard,120,0.019353658599127743,0,0.00037456410117159126,0.01954339267148906
s33-126-39,u039,2025-07-01,variable,hazard_cal,30,0.0018272029461647854,0,3.338670606473272e-06,0.0018288743177350382
s33-126-39,u039,2025-07-01,variable,hazard_cal,60,0.004962416274118198,0,2.4625575277633136e-05,0.00497476994808462
s33-126-39,u039,2025-07-01,variable,hazard_cal,120,0.019731582985273333,0,0.00038933536710472806,0.019928849906897084
s33-126-47,u047,2025-07-01,regular,empirical,30,0.0028985507246376274,0,8.401596303297314e-06,0.002902759657961351
s33-126-47,u047,2025-07-01,regular,empirical,60,0.004637681159420315,0,2.1508086536442157e-05,0.004648468567984626
s33-126-47,u047,2025-07-01,regular,empirical,120,0.0197101449275362,0,0.000388489813064481,0.0199069805668798
s33-126-47,u047,2025-07-01,regular,hazard,30,0.00046950005177048837,0,2.2043029861249126e-07,0.0004696103014292921
s33-126-47,u047,2025-07-01,regular,hazard,60,0.001268178550895671,0,1.6082768369518443e-06,0.0012689833698221718
s33-126-47,u047,2025-07-01,regular,hazard,120,0.004992570620317771,0,2.4925761398860172e-05,0.005005075138171575
s33-126-47,u047,2025-07-01,regular,hazard_cal,30,0.00045517776215597827,0,2.0718679516132432e-07,0.00045528138699990167
s33-126-47,u047,2025-07-01,regular,hazard_cal,60,0.0012378536929451567,0,1.5322817651379621e-06,0.0012386204666621598
s33-126-47,u047,2025-07-01,regular,hazard_cal,120,0.004953411952949183,0,2.4536289975619837e-05,0.004965720761827282
s33-126-53,u053,2025-07-01,regular,empirical,30,0.0028985507246376274,0,8.401596303297314e-06,0.002902759657961351
s33-126-53,u053,2025-07-01,regular,empirical,60,0.004637681159420315,0,2.1508086536442157e-05,0.004648468567984626
s33-126-53,u053,2025-07-01,regular,empirical,120,0.0197101449275362,0,0.000388489813064481,0.0199069805668798
s33-126-53,u053,2025-07-01,regular,hazard,30,0.0009837461980563011,0,9.677565821902272e-07,0.000984230393924005
s33-126-53,u053,2025-07-01,regular,hazard,60,0.0026559051708836545,0,7.053832276726534e-06,0.0026594383442575162
s33-126-53,u053,2025-07-01,regular,hazard,120,0.01043157443177345,0,0.00010881774512562956,0.010486364669718981
s33-126-53,u053,2025-07-01,regular,hazard_cal,30,0.0009680673823881936,0,9.37154456843929e-07,0.0009685362622459043
s33-126-53,u053,2025-07-01,regular,hazard_cal,60,0.0026313362916892125,0,6.923930679960736e-06,0.0026348043421030418
s33-126-53,u053,2025-07-01,regular,hazard_cal,120,0.010504517324149254,0,0.0001103448842133518,0.01056007920931013
s33-126-52,u052,2025-07-01,regular,empirical,30,0.0028985507246376274,0,8.401596303297314e-06,0.002902759657961351
s33-126-52,u052,2025-07-01,regular,empirical,60,0.004637681159420315,0,2.1508086536442157e-05,0.004648468567984626
s33-126-52,u052,2025-07-01,regular,empirical,120,0.0197101449275362,0,0.000388489813064481,0.0199069805668798
s33-126-52,u052,2025-07-01,regular,hazard,30,0.0005957124752927756,0,3.548733532194458e-07,0.0005958899824683786
s33-126-52,u052,2025-07-01,regular,hazard,60,0.001608898410659143,0,2.5885540958215166e-06,0.0016101940776245562
s33-126-52,u052,2025-07-01,regular,hazard,120,0.006330314319020869,0,4.0072879377600643e-05,0.0063504357201865
s33-126-52,u052,2025-07-01,regular,hazard_cal,30,0.0005803190861302099,0,3.3677024172700196e-07,0.0005804875364241731
s33-126-52,u052,2025-07-01,regular,hazard_cal,60,0.001577982068247441,0,2.4900274077104716e-06,0.0015792283932428476
s33-126-52,u052,2025-07-01,regular,hazard_cal,120,0.006310800195495014,0,3.982619910745991e-05,0.006330797471987846
s33-126-1,u001,2025-07-01,regular,empirical,30,0.0028985507246376274,0,8.401596303297314e-06,0.002902759657961351
s33-126-1,u001,2025-07-01,regular,empirical,60,0.004637681159420315,0,2.1508086536442157e-05,0.004648468567984626
s33-126-1,u001,2025-07-01,regular,empirical,120,0.0197101449275362,0,0.000388489813064481,0.0199069805668798
s33-126-1,u001,2025-07-01,regular,hazard,30,0.00023371482133771604,0,5.4622617712920526e-08,0.00023374213690269033
s33-126-1,u001,2025-07-01,regular,hazard,60,0.0006314365406816513,0,3.987121049080107e-07,0.0006316359806943323
s33-126-1,u001,2025-07-01,regular,hazard,120,0.0024884876376869425,0,6.192570722920739e-06,0.002491589069366408
s33-126-1,u001,2025-07-01,regular,hazard_cal,30,0.00022342109632400575,0,4.9916986282620654e-08,0.0002234460585352727
s33-126-1,u001,2025-07-01,regular,hazard_cal,60,0.0006077300951953246,0,3.6933586860611834e-07,0.0006079148379825874
s33-126-1,u001,2025-07-01,regular,hazard_cal,120,0.002434524894579071,0,5.926911462325236e-06,0.0024374931688472766
s33-126-55,u055,2025-07-01,new,empirical,30,0.0028985507246376274,0,8.401596303297314e-06,0.002902759657961351
s33-126-55,u055,2025-07-01,new,empirical,60,0.004637681159420315,0,2.1508086536442157e-05,0.004648468567984626
s33-126-55,u055,2025-07-01,new,empirical,120,0.0197101449275362,0,0.000388489813064481,0.0199069805668798
s33-126-55,u055,2025-07-01,new,hazard,30,0.00021075216580779266,0,4.441647539267533e-08,0.00021077437716627174
s33-126-55,u055,2025-07-01,new,hazard,60,0.0005694100316212536,0,3.24227784110917e-07,0.0005695722070791195
s33-126-55,u055,2025-07-01,new,hazard,120,0.0022442740957053786,0,5.036766216654195e-06,0.002246796253128683
s33-126-55,u055,2025-07-01,new,hazard_cal,30,0.00020105023211502981,0,4.042119583350737e-08,0.00020107044542225203
s33-126-55,u055,2025-07-01,new,hazard_cal,60,0.0005468908166658126,0,2.990895653533995e-07,0.000547040415993975
s33-126-55,u055,2025-07-01,new,hazard_cal,120,0.0021910350829755787,0,4.800634734829801e-06,0.0021934389122343426
s33-127-58,u058,2025-07-02,new,empirical,30,0.0028985507246376274,0,8.401596303297314e-06,0.002902759657961351
s33-127-58,u058,2025-07-02,new,empirical,60,0.004637681159420315,0,2.1508086536442157e-05,0.004648468567984626
s33-127-58,u058,2025-07-02,new,empirical,120,0.0197101449275362,0,0.000388489813064481,0.0199069805668798
s33-127-58,u058,2025-07-02,new,hazard,30,0.0014417946247901048,0,2.0787717400736392e-06,0.001442835010795686
s33-127-58,u058,2025-07-02,new,hazard,60,0.0038908201584694213,0,1.5138481505552013e-05,0.0038984090903975213
s33-127-58,u058,2025-07-02,new,hazard,120,0.015250465941198499,0,0.0002325767114236554,0.015367950288074046
s33-127-58,u058,2025-07-02,new,hazard_cal,30,0.0014297928393424142,0,2.0443075634348426e-06,0.0014308159684822317
s33-127-58,u058,2025-07-02,new,hazard_cal,60,0.0038846157621209576,0,1.5090239619318588e-05,0.0038921804789645016
s33-127-58,u058,2025-07-02,new,hazard_cal,120,0.015474513189995265,0,0.00023946055846733744,0.015595493162877387
s33-127-55,u055,2025-07-02,new,empirical,30,0.0028985507246376274,0,8.401596303297314e-06,0.002902759657961351
s33-127-55,u055,2025-07-02,new,empirical,60,0.004637681159420315,0,2.1508086536442157e-05,0.004648468567984626
s33-127-55,u055,2025-07-02,new,empirical,120,0.0197101449275362,0,0.000388489813064481,0.0199069805668798
s33-127-55,u055,2025-07-02,new,hazard,30,0.00029846171079839223,0,8.907939281270312e-08,0.0002985062593590455
s33-127-55,u055,2025-07-02,new,hazard,60,0.0008063154431616759,0,6.501445938810098e-07,0.0008066406903048987
s33-127-55,u055,2025-07-02,new,hazard,120,0.0031767560790295635,0,1.0091779185651287e-05,0.003181812680521895
s33-127-55,u055,2025-07-02,new,hazard_cal,30,0.0002867262687866745,0,8.221195321232831e-08,0.000286767382622413
s33-127-55,u055,2025-07-02,new,hazard_cal,60,0.000779878955554314,0,6.082111853164876e-07,0.0007801832193498782
s33-127-55,u055,2025-07-02,new,hazard_cal,120,0.0031232210079087386,0,9.754509464242478e-06,0.003128108441651024
s33-127-16,u016,2025-07-02,regular,empirical,30,0.0028985507246376274,0,8.401596303297314e-06,0.002902759657961351
s33-127-16,u016,2025-07-02,regular,empirical,60,0.004637681159420315,0,2.1508086536442157e-05,0.004648468567984626
s33-127-16,u016,2025-07-02,regular,empirical,120,0.0197101449275362,0,0.000388489813064481,0.0199069805668798
s33-127-16,u016,2025-07-02,regular,hazard,30,0.002846104739050892,0,8.100312185647945e-06,0.002850162596363885
s33-127-16,u016,2025-07-02,regular,hazard,60,0.007670095124923448,0,5.883035922537445e-05,0.007699661586616175
s33-127-16,u016,2025-07-02,regular,hazard,120,0.029874774956057615,0,0.0008925021786750873,0.03033011783369033
s33-127-16,u016,2025-07-02,regular,hazard_cal,30,0.002861358354777188,0,8.187371634453217e-06,0.002865459866392541
s33-127-16,u016,2025-07-02,regular,hazard_cal,60,0.00776318706435819,0,6.0267073396218334e-05,0.007793477469617291
s33-127-16,u016,2025-07-02,regular,hazard_cal,120,0.030720671044089265,0,0.0009437596293991446,0.031202443455415396
s33-127-2,u002,2025-07-02,variable,empirical,30,0.0028985507246376274,0,8.401596303297314e-06,0.002902759657961351
s33-127-2,u002,2025-07-02,variable,empirical,60,0.004637681159420315,0,2.1508086536442157e-05,0.004648468567984626
s33-127-2,u002,2025-07-02,variable,empirical,120,0.0197101449275362,0,0.000388489813064481,0.0199069805668798
s33-127-2,u002,2025-07-02,variable,hazard,30,0.0006100448851344975,0,3.7215476187876224e-07,0.0006102310382271149
s33-127-2,u002,2025-07-02,variable,hazard,60,0.001647584578523098,0,2.7145349433871345e-06,0.001648943338648035
s33-127-2,u002,2025-07-02,variable,hazard,120,0.006482108683506738,0,4.2017732984793454e-05,0.006503208781510139
s33-127-2,u002,2025-07-02,variable,hazard_cal,30,0.0005945660781913054,0,3.5350882133578944e-07,0.0005947429026946814
s33-127-2,u002,2025-07-02,variable,hazard_cal,60,0.0016166994669728485,0,2.6137171665102923e-06,0.0016180077357979116
s33-127-2,u002,2025-07-02,variable,hazard_cal,120,0.006465213794003999,0,4.179898940217958e-05,0.006486203807566307
s33-127-20,u020,2025-07-02,variable,empirical,30,0.0028985507246376274,0,8.401596303297314e-06,0.002902759657961351
s33-127-20,u020,2025-07-02,variable,empirical,60,0.004637681159420315,0,2.1508086536442157e-05,0.004648468567984626
s33-127-20,u020,2025-07-02,variable,empirical,120,0.0197101449275362,0,0.000388489813064481,0.0199069805668798
s33-127-20,u020,2025-07-02,variable,hazard,30,0.0006934202017900848,0,4.808315762506019e-07,0.0006936607287754848
s33-127-20,u020,2025-07-02,variable,hazard,60,0.001872610773768435,0,3.506671110033617e-06,0.0018743663012789503
s33-127-20,u020,2025-07-02,variable,hazard,120,0.007364663141202987,0,5.423826318339385e-05,0.007391916161447705
s33-127-20,u020,2025-07-02,variable,hazard_cal,30,0.0006775737377454627,0,4.591061700823571e-07,0.0006778033945759884
s33-127-20,u020,2025-07-02,variable,hazard_cal,60,0.0018422583318614683,0,3.3939157613129996e-06,0.001843957376782571
s33-127-20,u020,2025-07-02,variable,hazard_cal,120,0.00736438558815633,0,5.423417509104466e-05,0.007391636549189761
s33-127-10,u010,2025-07-02,regular,empirical,30,0.0028985507246376274,0,8.401596303297314e-06,0.002902759657961351
s33-127-10,u010,2025-07-02,regular,empirical,60,0.004637681159420315,0,2.1508086536442157e-05,0.004648468567984626
s33-127-10,u010,2025-07-02,regular,empirical,120,0.0197101449275362,0,0.000388489813064481,0.0199069805668798
s33-127-10,u010,2025-07-02,regular,hazard,30,0.0006728540024212304,0,4.527325085742691e-07,0.000673080470267747
s33-127-10,u010,2025-07-02,regular,hazard,60,0.001817106896581766,0,3.301877473605017e-06,0.0018187598380029117
s33-127-10,u010,2025-07-02,regular,hazard,120,0.007147038215747581,0,5.108015525735637e-05,0.00717270064003099
s33-127-10,u010,2025-07-02,regular,hazard_cal,30,0.0006570785273593005,0,4.3175219111666703e-07,0.0006572944980665172
s33-127-10,u010,2025-07-02,regular,hazard_cal,60,0.0017865695661586356,0,3.1918308147242554e-06,0.001788167384925854
s33-127-10,u010,2025-07-02,regular,hazard_cal,120,0.007142451517748838,0,5.101461368339268e-05,0.007168080935421444
s33-127-15,u015,2025-07-02,variable,empirical,30,0.0028985507246376274,0,8.401596303297314e-06,0.002902759657961351
s33-127-15,u015,2025-07-02,variable,empirical,60,0.004637681159420315,0,2.1508086536442157e-05,0.004648468567984626
s33-127-15,u015,2025-07-02,variable,empirical,120,0.0197101449275362,0,0.000388489813064481,0.0199069805668798
s33-127-15,u015,2025-07-02,variable,hazard,30,0.0007863792081106435,0,6.183922589487228e-07,0.0007866885664327187
s33-127-15,u015,2025-07-02,variable,hazard,60,0.002123460259315091,0,4.509083472890513e-06,0.002125717997762998
s33-127-15,u015,2025-07-02,variable,hazard,120,0.008347714127677541,0,6.968433115742721e-05,0.00838275141702193
s33-127-15,u015,2025-07-02,variable,hazard_cal,30,0.0007703599547296269,0,5.934544598510328e-07,0.0007706568344388374
s33-127-15,u015,2025-07-02,variable,hazard_cal,60,0.002094345431451705,0,4.386282786242629e-06,0.0020965416397932066
s33-127-15,u015,2025-07-02,variable,hazard_cal,120,0.008368488046577971,0,7.003159218571838e-05,0.008403700429890349
s33-127-50,u050,2025-07-02,variable,empirical,30,0.0028985507246376274,0,8.401596303297314e-06,0.002902759657961351
s33-127-50,u050,2025-07-02,variable,empirical,60,0.004637681159420315,0,2.1508086536442157e-05,0.004648468567984626
s33-127-50,u050,2025-07-02,variable,empirical,120,0.0197101449275362,0,0.000388489813064481,0.0199069805668798
s33-127-50,u050,2025-07-02,variable,hazard,30,0.0033021902441612294,0,1.09044604086336e-05,0.003307654507038701
s33-127-50,u050,2025-07-02,variable,hazard,60,0.008895308652812184,0,7.912651602879531e-05,0.008935108105560785
s33-127-50,u050,2025-07-02,variable,hazard,120,0.03457625087777827,0,0.0011955171247630626,0.03518815576599018
s33-127-50,u050,2025-07-02,variable,hazard_cal,30,0.003329838093552695,0,1.1087821729274646e-05,0.0033353943421181045
s33-127-50,u050,2025-07-02,variable,hazard_cal,60,0.009030092905203069,0,8.15425778765988e-05,0.009071111314223656
s33-127-50,u050,2025-07-02,variable,hazard_cal,120,0.03565689068121891,0,0.001271413853052396,0.03630812516713366
s33-127-29,u029,2025-07-02,regular,empirical,30,0.0028985507246376274,0,8.401596303297314e-06,0.002902759657961351
s33-127-29,u029,2025-07-02,regular,empirical,60,0.004637681159420315,0,2.1508086536442157e-05,0.004648468567984626
s33-127-29,u029,2025-07-02,regular,empirical,120,0.0197101449275362,0,0.000388489813064481,0.0199069805668798
s33-127-29,u029,2025-07-02,regular,hazard,30,0.0013274853436437972,0,1.7622173375890904e-06,0.0013283672328623323
s33-127-29,u029,2025-07-02,regular,hazard,60,0.003582740401917306,0,1.2836028787530579e-05,0.003589173787006707
s33-127-29,u029,2025-07-02,regular,hazard,120,0.014050139340840317,0,0.00019740641549702878,0.014149776930929451
s33-127-29,u029,2025-07-02,regular,hazard_cal,30,0.001314244699737177,0,1.7272391307872627e-06,0.0013151090767208188
s33-127-29,u029,2025-07-02,regular,hazard_cal,60,0.0035710850110024506,0,1.2752648155806373e-05,0.003577476556117922
s33-127-29,u029,2025-07-02,regular,hazard_cal,120,0.014233180033212167,0,0.0002025834138578295,0.014335443253780212
s33-127-34,u034,2025-07-02,variable,empirical,30,0.0028985507246376274,0,8.401596303297314e-06,0.002902759657961351
s33-127-34,u034,2025-07-02,variable,empirical,60,0.004637681159420315,0,2.1508086536442157e-05,0.004648468567984626
s33-127-34,u034,2025-07-02,variable,empirical,120,0.0197101449275362,0,0.000388489813064481,0.0199069805668798
s33-127-34,u034,2025-07-02,variable,hazard,30,0.0018830728584579015,0,3.545963390260812e-06,0.001884848069070378
s33-127-34,u034,2025-07-02,variable,hazard,60,0.005079490498711037,0,2.5801223726495696e-05,0.005092434963369491
s33-127-34,u034,2025-07-02,variable,hazard,120,0.01987012495825602,0,0.00039482186585670877,0.020070190545454766
s33-127-34,u034,2025-07-02,variable,hazard_cal,30,0.0018774758513220302,0,3.524915572297382e-06,0.0018792405182003974
s33-127-34,u034,2025-07-02,variable,hazard_cal,60,0.005098699817806418,0,2.59967398320992e-05,0.005111742540563082
s33-127-34,u034,2025-07-02,variable,hazard_cal,120,0.020268752448290073,0,0.00041082232581006483,0.020476982119547127
s33-127-35,u035,2025-07-02,regular,empirical,30,0.0028985507246376274,0,8.401596303297314e-06,0.002902759657961351
s33-127-35,u035,2025-07-02,regular,empirical,60,0.004637681159420315,0,2.1508086536442157e-05,0.004648468567984626
s33-127-35,u035,2025-07-02,regular,empirical,120,0.0197101449275362,0,0.000388489813064481,0.0199069805668798
s33-127-35,u035,2025-07-02,regular,hazard,30,0.00377099680942683,0,1.422041693670733e-05,0.0037781249436522088
s33-127-35,u035,2025-07-02,regular,hazard,60,0.01015357139056472,0,0.00010309501198329438,0.010205470502990976
s33-127-35,u035,2025-07-02,regular,hazard,120,0.03938447811403134,0,0.0015511371163146137,0.04018103134982595
s33-127-35,u035,2025-07-02,regular,hazard_cal,30,0.0038127417129903973,0,1.453699936997695e-05,0.0038200287409427586
s33-127-35,u035,2025-07-02,regular,hazard_cal,60,0.010334790259924787,0,0.00010680788971663623,0.0103885650262618
s33-127-35,u035,2025-07-02,regular,hazard_cal,120,0.0407179494175689,0,0.0016579514047716994,0.04157013828665833
s33-127-6,u006,2025-07-02,variable,empirical,30,0.0028985507246376274,0,8.401596303297314e-06,0.002902759657961351
s33-127-6,u006,2025-07-02,variable,empirical,60,0.004637681159420315,0,2.1508086536442157e-05,0.004648468567984626
s33-127-6,u006,2025-07-02,variable,empirical,120,0.0197101449275362,0,0.000388489813064481,0.0199069805668798
s33-127-6,u006,2025-07-02,variable,hazard,30,0.0036312651016510156,0,1.3186086238468561e-05,0.0036378741490900547
s33-127-6,u006,2025-07-02,variable,hazard,60,0.009778654865994607,0,9.562209098824001e-05,0.009826779900555922
s33-127-6,u006,2025-07-02,variable,hazard,120,0.03795392370397643,0,0.0014405003245272642,0.03869293310581162
s33-127-6,u006,2025-07-02,variable,hazard_cal,30,0.003668675126112131,0,1.345917718095386e-05,0.003675421219239474
s33-127-6,u006,2025-07-02,variable,hazard_cal,60,0.009945683662896498,0,9.891662352240631e-05,0.009995472371556556
s33-127-6,u006,2025-07-02,variable,hazard_cal,120,0.039210937860925554,0,0.001537497647933365,0.040000392399528316
s33-127-8,u008,2025-07-02,regular,empirical,30,0.0028985507246376274,0,8.401596303297314e-06,0.002902759657961351
s33-127-8,u008,2025-07-02,regular,empirical,60,0.004637681159420315,0,2.1508086536442157e-05,0.004648468567984626
s33-127-8,u008,2025-07-02,regular,empirical,120,0.0197101449275362,0,0.000388489813064481,0.0199069805668798
s33-127-8,u008,2025-07-02,regular,hazard,30,0.004950297816451621,0,2.4505448471565687e-05,0.004962591127836352
s33-127-8,u008,2025-07-02,regular,hazard,60,0.013313745227513385,0,0.00017725581198313543,0.01340316771925246
s33-127-8,u008,2025-07-02,regular,hazard,120,0.05137134687875233,0,0.002639015280137097,0.05273786030092361
s33-127-8,u008,2025-07-02,regular,hazard_cal,30,0.005032551461028656,0,2.532657420790166e-05,0.005045257394902455
s33-127-8,u008,2025-07-02,regular,hazard_cal,60,0.013624956201418015,0,0.00018563943149055921,0.013718627737358194
s33-127-8,u008,2025-07-02,regular,hazard_cal,120,0.05338048612247104,0,0.002849476298671323,0.05485804701981901
s33-127-1,u001,2025-07-02,regular,empirical,30,0.0028985507246376274,0,8.401596303297314e-06,0.002902759657961351
s33-127-1,u001,2025-07-02,regular,empirical,60,0.004637681159420315,0,2.1508086536442157e-05,0.004648468567984626
s33-127-1,u001,2025-07-02,regular,empirical,120,0.0197101449275362,0,0.000388489813064481,0.0199069805668798
s33-127-1,u001,2025-07-02,regular,hazard,30,0.00034467222840961487,0,1.1879894503684972e-07,0.0003447316415345616
s33-127-1,u001,2025-07-02,regular,hazard,60,0.0009311149562053478,0,8.669750616692868e-07,0.0009315487130087161
s33-127-1,u001,2025-07-02,regular,hazard,120,0.0036676817883682933,0,1.3451889700728442e-05,0.003674424224340426
s33-127-1,u001,2025-07-02,regular,hazard_cal,30,0.0003320821259470419,0,1.10278538373507e-07,0.000332137277426447
s33-127-1,u001,2025-07-02,regular,hazard_cal,60,0.0009032042742618263,0,8.157779610448323e-07,0.0009036124090135561
s33-127-1,u001,2025-07-02,regular,hazard_cal,120,0.003616344828022089,0,1.3077949915162112e-05,0.003622899610654119
s33-127-41,u041,2025-07-02,regular,empirical,30,0.0028985507246376274,0,8.401596303297314e-06,0.002902759657961351
s33-127-41,u041,2025-07-02,regular,empirical,60,0.004637681159420315,0,2.1508086536442157e-05,0.004648468567984626
s33-127-41,u041,2025-07-02,regular,empirical,120,0.0197101449275362,0,0.000388489813064481,0.0199069805668798
s33-127-41,u041,2025-07-02,regular,hazard,30,0.0012250863063073547,0,1.5008364579017978e-06,0.0012258373379847164
s33-127-41,u041,2025-07-02,regular,hazard,60,0.003306702752721824,0,1.0934283094858088e-05,0.0033121819763795132
s33-127-41,u041,2025-07-02,regular,hazard,120,0.012973601999040407,0,0.00016831434882950524,0.01305849421132067
s33-127-41,u041,2025-07-02,regular,hazard_cal,30,0.0012109056703334398,0,1.466292542445677e-06,0.0012116394089900053
s33-127-41,u041,2025-07-02,regular,hazard_cal,60,0.003290622733545745,0,1.0828197974528071e-05,0.0032960487390943267
s33-127-41,u041,2025-07-02,regular,hazard_cal,120,0.01312164056645404,0,0.0001721774511552123,0.01320848986550167
s33-127-43,u043,2025-07-02,variable,empirical,30,0.0028985507246376274,0,8.401596303297314e-06,0.002902759657961351
s33-127-43,u043,2025-07-02,variable,empirical,60,0.004637681159420315,0,2.1508086536442157e-05,0.004648468567984626
s33-127-43,u043,2025-07-02,variable,empirical,120,0.0197101449275362,0,0.000388489813064481,0.0199069805668798
s33-127-43,u043,2025-07-02,variable,hazard,30,0.0007378770804817858,0,5.444625859003238e-07,0.0007381494457643774
s33-127-43,u043,2025-07-02,variable,hazard,60,0.001992583083402333,0,3.970387344261148e-06,0.0019945709181306355
s33-127-43,u043,2025-07-02,variable,hazard,120,0.007834924066230098,0,6.138603512359157e-05,0.007865778350104791
s33-127-43,u043,2025-07-02,variable,hazard_cal,30,0.0007219186096102392,0,5.21166478901581e-07,0.0007221793183308929
s33-127-43,u043,2025-07-02,variable,hazard_cal,60,0.001962742812014917,0,3.852359346116224e-06,0.0019646715158008507
s33-127-43,u043,2025-07-02,variable,hazard_cal,120,0.007844402372573778,0,6.153464858284112e-05,0.007875331550320904
s33-127-51,u051,2025-07-02,regular,empirical,30,0.0028985507246376274,0,8.401596303297314e-06,0.002902759657961351
s33-127-51,u051,2025-07-02,regular,empirical,60,0.004637681159420315,0,2.1508086536442157e-05,0.004648468567984626
s33-127-51,u051,2025-07-02,regular,empirical,120,0.0197101449275362,0,0.000388489813064481,0.0199069805668798
s33-127-51,u051,2025-07-02,regular,hazard,30,0.00153292001828087,0,2.3498437824462226e-06,0.0015340961422617542
s33-127-51,u051,2025-07-02,regular,hazard,60,0.004136367380350503,0,1.7109535105227684e-05,0.004144945811771143
s33-127-51,u051,2025-07-02,regular,hazard,120,0.016206270034479275,0,0.0002626431884304609,0.016339027922848935
s33-127-51,u051,2025-07-02,regular,hazard_cal,30,0.0015220389597141448,0,2.3166025948877162e-06,0.0015231984376746874
s33-127-51,u051,2025-07-02,regular,hazard_cal,60,0.004134867501503825,0,1.7097129254992484e-05,0.00414343970423989
s33-127-51,u051,2025-07-02,regular,hazard_cal,120,0.0164643544072135,0,0.0002710749660463306,0.01660139819741619
s33-127-4,u004,2025-07-02,variable,empirical,30,0.0028985507246376274,0,8.401596303297314e-06,0.002902759657961351
s33-127-4,u004,2025-07-02,variable,empirical,60,0.004637681159420315,0,2.1508086536442157e-05,0.004648468567984626
s33-127-4,u004,2025-07-02,variable,empirical,120,0.0197101449275362,0,0.000388489813064481,0.0199069805668798
s33-127-4,u004,2025-07-02,variable,hazard,30,0.00032858359992393726,0,1.0796718213897406e-07,0.00032863759534333686
s33-127-4,u004,2025-07-02,variable,hazard,60,0.0008876660878075482,0,7.879510834435578e-07,0.0008880602966504156
s33-127-4,u004,2025-07-02,variable,hazard,120,0.003496789567065006,0,1.2227537276334674e-05,0.0035029176255611354
s33-127-4,u004,2025-07-02,variable,hazard_cal,30,0.00031627623475760647,0,1.0003065667244859e-07,0.000316326260634218
s33-127-4,u004,2025-07-02,variable,hazard_cal,60,0.0008602283404983702,0,7.399927977965799e-07,0.0008605985492218522
s33-127-4,u004,2025-07-02,variable,hazard_cal,120,0.003444526575956286,0,1.1864763332469135e-05,0.003450472615743803
s33-127-44,u044,2025-07-02,variable,empirical,30,0.0028985507246376274,0,8.401596303297314e-06,0.002902759657961351
s33-127-44,u044,2025-07-02,variable,empirical,60,0.004637681159420315,0,2.1508086536442157e-05,0.004648468567984626
s33-127-44,u044,2025-07-02,variable,empirical,120,0.0197101449275362,0,0.000388489813064481,0.0199069805668798
s33-127-44,u044,2025-07-02,variable,hazard,30,0.00035307562565001227,0,1.246623974281476e-07,0.00035313797152436395
s33-127-44,u044,2025-07-02,variable,hazard,60,0.0009538085923127548,0,9.097508307696389e-07,0.0009542637571779291
s33-127-44,u044,2025-07-02,variable,hazard,120,0.0037569300761817193,0,1.411452359731878e-05,0.0037640050636948883
s33-127-44,u044,2025-07-02,variable,hazard_cal,30,0.0003403438063305231,0,1.1583390650754861e-07,0.0003404017364282497
s33-127-44,u044,2025-07-02,variable,hazard_cal,60,0.000925667106567607,0,8.568595921812454e-07,0.0009260958009362989
s33-127-44,u044,2025-07-02,variable,hazard_cal,120,0.003706141413066133,0,1.3735484173643833e-05,0.0037130261710080206
s33-127-57,u057,2025-07-02,new,empirical,30,0.0028985507246376274,0,8.401596303297314e-06,0.002902759657961351
s33-127-57,u057,2025-07-02,new,empirical,60,0.004637681159420315,0,2.1508086536442157e-05,0.004648468567984626
s33-127-57,u057,2025-07-02,new,empirical,120,0.0197101449275362,0,0.000388489813064481,0.0199069805668798
s33-127-57,u057,2025-07-02,new,hazard,30,0.001257375252515125,0,1.5809925256374741e-06,0.0012581664120370826
s33-127-57,u057,2025-07-02,new,hazard,60,0.003393750128885542,0,1.1517539937310633e-05,0.003399521961325472
s33-127-57,u057,2025-07-02,new,hazard,120,0.013313191137583225,0,0.0001772410582658245,0.01340260615292689
s33-127-57,u057,2025-07-02,new,hazard_cal,30,0.0012434728903144565,0,1.5462248289469883e-06,0.001244246644223447
s33-127-57,u057,2025-07-02,new,hazard_cal,60,0.0033790163288788255,0,1.1417751350829736e-05,0.0033847380974899362
s33-127-57,u057,2025-07-02,new,hazard_cal,120,0.013472080992081303,0,0.00018149696625719834,0.013563652847538766
s33-127-17,u017,2025-07-02,regular,empirical,30,0.0028985507246376274,0,8.401596303297314e-06,0.002902759657961351
s33-127-17,u017,2025-07-02,regular,empirical,60,0.004637681159420315,0,2.1508086536442157e-05,0.004648468567984626
s33-127-17,u017,2025-07-02,regular,empirical,120,0.0197101449275362,0,0.000388489813064481,0.0199069805668798
s33-127-17,u017,2025-07-02,regular,hazard,30,0.00034777469459168486,0,1.209472381983397e-07,0.0003478351822352384
s33-127-17,u017,2025-07-02,regular,hazard,60,0.0009394933056208199,0,8.826476713063353e-07,0.0009399349060652457
s33-127-17,u017,2025-07-02,regular,hazard,120,0.0037006324900692444,0,1.3694680826556097e-05,0.003707496770501432
s33-127-17,u017,2025-07-02,regular,hazard_cal,30,0.0003351318036539652,0,1.123133258203599e-07,0.00033518797286661894
s33-127-17,u017,2025-07-02,regular,hazard_cal,60,0.0009114961403775546,0,8.308252139231786e-07,0.000911911805588535
s33-127-17,u017,2025-07-02,regular,hazard_cal,120,0.0036494928887937927,0,1.3318798345356462e-05,0.0036561685347305567
s33-127-21,u021,2025-07-02,regular,empirical,30,0.0028985507246376274,0,8.401596303297314e-06,0.002902759657961351
s33-127-21,u021,2025-07-02,regular,empirical,60,0.004637681159420315,0,2.1508086536442157e-05,0.004648468567984626
s33-127-21,u021,2025-07-02,regular,empirical,120,0.0197101449275362,0,0.000388489813064481,0.0199069805668798
s33-127-21,u021,2025-07-02,regular,hazard,30,0.0002745387726391657,0,7.537153768221952e-08,0.0002745764653068972
s33-127-21,u021,2025-07-02,regular,hazard,60,0.0007417030336951402,0,5.501233901925743e-07,0.0007419782314753362
s33-127-21,u021,2025-07-02,regular,hazard,120,0.0029225087940680794,0,8.54105765140526e-06,0.0029267876616126407
s33-127-21,u021,2025-07-02,regular,hazard_cal,30,0.0002633001249329192,0,6.932695578969086e-08,0.0002633347944966146
s33-127-21,u021,2025-07-02,regular,hazard_cal,60,0.0007161775746393761,0,5.129103184163392e-07,0.0007164341523093473
s33-127-21,u021,2025-07-02,regular,hazard_cal,120,0.0028684255557782645,0,8.227865169041846e-06,0.002872547372332397
s33-127-42,u042,2025-07-02,variable,empirical,30,0.0028985507246376274,0,8.401596303297314e-06,0.002902759657961351
s33-127-42,u042,2025-07-02,variable,empirical,60,0.004637681159420315,0,2.1508086536442157e-05,0.004648468567984626
s33-127-42,u042,2025-07-02,variable,empirical,120,0.0197101449275362,0,0.000388489813064481,0.0199069805668798
s33-127-42,u042,2025-07-02,variable,hazard,30,0.0014544622433345644,0,2.1154604172858137e-06,0.0014555210002824054
s33-127-42,u042,2025-07-02,variable,hazard,60,0.003924957009187824,0,1.5405287523972627e-05,0.0039326798674978545
s33-127-42,u042,2025-07-02,variable,hazard,120,0.015383392258054962,0,0.00023664875736518535,0.015502944298823903
s33-127-42,u042,2025-07-02,variable,hazard_cal,30,0.0014426093891896086,0,2.0811218497780157e-06,0.001443650951947156
s33-127-42,u042,2025-07-02,variable,hazard_cal,60,0.003919388095663057,0,1.5361603044425283e-05,0.0039270890257269335
s33-127-42,u042,2025-07-02,variable,hazard_cal,120,0.015612101868625383,0,0.0002437377247563362,0.01573525419036228
s33-127-14,u014,2025-07-02,regular,empirical,30,0.0028985507246376274,0,8.401596303297314e-06,0.002902759657961351
s33-127-14,u014,2025-07-02,regular,empirical,60,0.004637681159420315,0,2.1508086536442157e-05,0.004648468567984626
s33-127-14,u014,2025-07-02,regular,empirical,120,0.0197101449275362,0,0.000388489813064481,0.0199069805668798
s33-127-14,u014,2025-07-02,regular,hazard,30,0.0033338888324487836,0,1.1114814747126715e-05,0.0033394586226419797
s33-127-14,u014,2025-07-02,regular,hazard,60,0.008980422629038975,0,8.06479905961553e-05,0.009020989679811575
s33-127-14,u014,2025-07-02,regular,hazard,120,0.03490213920483898,0,0.001218159321073958,0.035525772634386894
s33-127-14,u014,2025-07-02,regular,hazard_cal,30,0.003362448601534229,0,1.1306060597959493e-05,0.0033681143358920466
s33-127-14,u014,2025-07-02,regular,hazard_cal,60,0.009118238010037416,0,8.314226440769109e-05,0.009160063586754905
s33-127-14,u014,2025-07-02,regular,hazard_cal,120,0.03599953000821099,0,0.0012959661608120834,0.03666349682836069
s33-128-14,u014,2025-07-03,regular,empirical,30,0.0028985507246376274,0,8.401596303297314e-06,0.002902759657961351
s33-128-14,u014,2025-07-03,regular,empirical,60,0.004637681159420315,0,2.1508086536442157e-05,0.004648468567984626
s33-128-14,u014,2025-07-03,regular,empirical,120,0.0197101449275362,0,0.000388489813064481,0.0199069805668798
s33-128-14,u014,2025-07-03,regular,hazard,30,0.0038207660929436837,0,1.4598253536988142e-05,0.0038280838653235076
s33-128-14,u014,2025-07-03,regular,hazard,60,0.010287083763345861,0,0.00010582409235409404,0.010340361506214693
s33-128-14,u014,2025-07-03,regular,hazard,120,0.03989348165522966,0,0.0015914898785761452,0.04071104406634861
s33-128-14,u014,2025-07-03,regular,hazard_cal,30,0.0038640810217943633,0,1.4931122142991371e-05,0.003871565870461877
s33-128-14,u014,2025-07-03,regular,hazard_cal,60,0.010473425073265319,0,0.00010969263276530264,0.010528657375716058
s33-128-14,u014,2025-07-03,regular,hazard_cal,120,0.0412543958391588,0,0.0017019251760540027,0.04212951128031776
s33-128-17,u017,2025-07-03,regular,empirical,30,0.0028985507246376274,0,8.401596303297314e-06,0.002902759657961351
s33-128-17,u017,2025-07-03,regular,empirical,60,0.004637681159420315,0,2.1508086536442157e-05,0.004648468567984626
s33-128-17,u017,2025-07-03,regular,empirical,120,0.0197101449275362,0,0.000388489813064481,0.0199069805668798
s33-128-17,u017,2025-07-03,regular,hazard,30,0.0006083364789478685,0,3.700732716186904e-07,0.0006085215906609567
s33-128-17,u017,2025-07-03,regular,hazard,60,0.0016429732895060223,0,2.6993612300302396e-06,0.001644324450271206
s33-128-17,u017,2025-07-03,regular,hazard,120,0.006464016227129998,0,4.1783505784599935e-05,0.006484998448510058
s33-128-17,u017,2025-07-03,regular,hazard_cal,30,0.0005928674962160096,0,3.514918680694402e-07,0.0005930433116436469
s33-128-17,u017,2025-07-03,regular,hazard_cal,60,0.001612083484228144,0,2.5988131601211523e-06,0.0016133842890001006
s33-128-17,u017,2025-07-03,regular,hazard_cal,120,0.006446805303393144,0,4.1561298619857965e-05,0.00646767569931111
s33-128-44,u044,2025-07-03,variable,empirical,30,0.0028985507246376274,0,8.401596303297314e-06,0.002902759657961351
s33-128-44,u044,2025-07-03,variable,empirical,60,0.004637681159420315,0,2.1508086536442157e-05,0.004648468567984626
s33-128-44,u044,2025-07-03,variable,empirical,120,0.0197101449275362,0,0.000388489813064481,0.0199069805668798
s33-128-44,u044,2025-07-03,variable,hazard,30,0.00018979907581018196,0,3.6023689178399196e-08,0.00018981708993418329
s33-128-44,u044,2025-07-03,variable,hazard,60,0.000512809346115306,0,2.6297342546320776e-07,0.0005129408777970769
s33-128-44,u044,2025-07-03,variable,hazard,120,0.0020213791589762664,0,4.085973704343598e-06,0.002023424903109691
s33-128-44,u044,2025-07-03,variable,hazard_cal,30,0.00018067992045278647,0,3.264523365482525e-08,0.0001806962450359931
s33-128-44,u044,2025-07-03,variable,hazard_cal,60,0.0004914898815916446,0,2.415623037069689e-07,0.0004916107023332346
s33-128-44,u044,2025-07-03,variable,hazard_cal,120,0.0019692663714820924,0,3.878010041850246e-06,0.0019712079258802787
s33-128-55,u055,2025-07-03,new,empirical,30,0.0028985507246376274,0,8.401596303297314e-06,0.002902759657961351
s33-128-55,u055,2025-07-03,new,empirical,60,0.004637681159420315,0,2.1508086536442157e-05,0.004648468567984626
s33-128-55,u055,2025-07-03,new,empirical,120,0.0197101449275362,0,0.000388489813064481,0.0199069805668798
s33-128-55,u055,2025-07-03,new,hazard,30,0.00030653994183860167,0,9.396673594241329e-08,0.0003065869348103001
s33-128-55,u055,2025-07-03,new,hazard,60,0.0008281329083522637,0,6.858041138959788e-07,0.0008284759998391899
s33-128-55,u055,2025-07-03,new,hazard,120,0.0032625945425164282,0,1.0644523148857981e-05,0.003267928408745839
s33-128-55,u055,2025-07-03,new,hazard_cal,30,0.0002946454575982749,0,8.68159456832968e-08,0.0002946888740996426
s33-128-55,u055,2025-07-03,new,hazard_cal,60,0.0008014124961723823,0,6.422619890212487e-07,0.0008017337988423455
s33-128-55,u055,2025-07-03,new,hazard_cal,120,0.003209339195125227,0,1.029985806936704e-05,0.003214500169329358
s33-128-28,u028,2025-07-03,regular,empirical,30,0.0028985507246376274,0,8.401596303297314e-06,0.002902759657961351
s33-128-28,u028,2025-07-03,regular,empirical,60,0.004637681159420315,0,2.1508086536442157e-05,0.004648468567984626
s33-128-28,u028,2025-07-03,regular,empirical,120,0.0197101449275362,0,0.000388489813064481,0.0199069805668798
s33-128-28,u028,2025-07-03,regular,hazard,30,0.0022325599195078816,0,4.984323794193038e-06,0.002235055796894139
s33-128-28,u028,2025-07-03,regular,hazard,60,0.006020185146523693,0,3.6242629198424505e-05,0.006038379520207118
s33-128-28,u028,2025-07-03,regular,hazard,120,0.023513036618481253,0,0.0005528628910220403,0.02379387910626748
s33-128-28,u028,2025-07-03,regular,hazard_cal,30,0.002233573911207487,0,4.988852416826711e-06,0.0022360720579727364
s33-128-28,u028,2025-07-03,regular,hazard_cal,60,0.006063653637066735,0,3.676789543031264e-05,0.006082112240326835
s33-128-28,u028,2025-07-03,regular,hazard_cal,120,0.024064997140888167,0,0.0005791240873909557,0.024359290217856627
s33-128-38,u038,2025-07-03,regular,empirical,30,0.0028985507246376274,0,8.401596303297314e-06,0.002902759657961351
s33-128-38,u038,2025-07-03,regular,empirical,60,0.004637681159420315,0,2.1508086536442157e-05,0.004648468567984626
s33-128-38,u038,2025-07-03,regular,empirical,120,0.0197101449275362,0,0.000388489813064481,0.0199069805668798
s33-128-38,u038,2025-07-03,regular,hazard,30,0.0007849965114079538,0,6.162195229226578e-07,0.0007853047825077983
s33-128-38,u038,2025-07-03,regular,hazard,60,0.0021197293875649947,0,4.493252676506668e-06,0.0021219791937857335
s33-128-38,u038,2025-07-03,regular,hazard,120,0.008333099301567004,0,6.944054396977649e-05,0.008368013672124629
s33-128-38,u038,2025-07-03,regular,hazard_cal,30,0.0007689781382175243,0,5.913273770564898e-07,0.0007692739535661318
s33-128-38,u038,2025-07-03,regular,hazard_cal,60,0.002090591565569788,0,4.370573094031538e-06,0.0020927799025946977
s33-128-38,u038,2025-07-03,regular,hazard_cal,120,0.008353542170518424,0,6.978166679462967e-05,0.008388628537510618
s33-128-43,u043,2025-07-03,variable,empirical,30,0.0028985507246376274,0,8.401596303297314e-06,0.002902759657961351
s33-128-43,u043,2025-07-03,variable,empirical,60,0.004637681159420315,0,2.1508086536442157e-05,0.004648468567984626
s33-128-43,u043,2025-07-03,variable,empirical,120,0.0197101449275362,0,0.000388489813064481,0.0199069805668798
s33-128-43,u043,2025-07-03,variable,hazard,30,0.0007326742379849538,0,5.368115390068327e-07,0.0007329427749292028
s33-128-43,u043,2025-07-03,variable,hazard,60,0.0019785431097381068,0,3.914632837092138e-06,0.0019805030117504233
s33-128-43,u043,2025-07-03,variable,hazard,120,0.007779900690921604,0,6.052685476060245e-05,0.007810322004220871
s33-128-43,u043,2025-07-03,variable,hazard_cal,30,0.0007167260270517506,0,5.136961978533867e-07,0.0007169829979431644
s33-128-43,u043,2025-07-03,variable,hazard_cal,60,0.0019486351676277769,0,3.797179016515734e-06,0.0019505362271851619
s33-128-43,u043,2025-07-03,variable,hazard_cal,120,0.007788206985167023,0,6.0656168043804413e-05,0.007818693462347096
s33-128-47,u047,2025-07-03,regular,empirical,30,0.0028985507246376274,0,8.401596303297314e-06,0.002902759657961351
s33-128-47,u047,2025-07-03,regular,empirical,60,0.004637681159420315,0,2.1508086536442157e-05,0.004648468567984626
s33-128-47,u047,2025-07-03,regular,empirical,120,0.0197101449275362,0,0.000388489813064481,0.0199069805668798
s33-128-47,u047,2025-07-03,regular,hazard,30,0.0008665200062869527,0,7.508569212955406e-07,0.0008668956517661595
s33-128-47,u047,2025-07-03,regular,hazard,60,0.0023396837714747543,0,5.47412015050233e-06,0.002342425108292246
s33-128-47,u047,2025-07-03,regular,hazard,120,0.009194408152149447,0,8.453714126831221e-05,0.009236937612319055
s33-128-47,u047,2025-07-03,regular,hazard_cal,30,0.0008505308347241947,0,7.234027008166353e-07,0.000850892741297621
s33-128-47,u047,2025-07-03,regular,hazard_cal,60,0.0023121216363263253,0,5.345906461168324e-06,0.002314798716843494
s33-128-47,u047,2025-07-03,regular,hazard_cal,120,0.009235226812979058,0,8.528941428716733e-05,0.00927813590792908
s33-128-22,u022,2025-07-03,regular,empirical,30,0.0028985507246376274,0,8.401596303297314e-06,0.002902759657961351
s33-128-22,u022,2025-07-03,regular,empirical,60,0.004637681159420315,0,2.1508086536442157e-05,0.004648468567984626
s33-128-22,u022,2025-07-03,regular,empirical,120,0.0197101449275362,0,0.000388489813064481,0.0199069805668798
s33-128-22,u022,2025-07-03,regular,hazard,30,0.0004757142206882614,0,2.263040197650399e-07,0.000475827408596299
s33-128-22,u022,2025-07-03,regular,hazard,60,0.0012849561046474056,0,1.6511121908706344e-06,0.001285782368627315
s33-128-22,u022,2025-07-03,regular,hazard,120,0.005058478797528632,0,2.558820774504671e-05,0.005071316211557582
s33-128-22,u022,2025-07-03,regular,hazard_cal,30,0.0004613246472313648,0,2.1282043014314316e-07,0.0004614310901842003
s33-128-22,u022,2025-07-03,regular,hazard_cal,60,0.0012545625863504828,0,1.5739272830704126e-06,0.001255350208808713
s33-128-22,u022,2025-07-03,regular,hazard_cal,120,0.0050201309426541885,0,2.520171468139403e-05,0.00503277413138608
s33-128-35,u035,2025-07-03,regular,empirical,30,0.0028985507246376274,0,8.401596303297314e-06,0.002902759657961351
s33-128-35,u035,2025-07-03,regular,empirical,60,0.004637681159420315,0,2.1508086536442157e-05,0.004648468567984626
s33-128-35,u035,2025-07-03,regular,empirical,120,0.0197101449275362,0,0.000388489813064481,0.0199069805668798
s33-128-35,u035,2025-07-03,regular,hazard,30,0.00462261009051923,0,2.1368524048970206e-05,0.004633327393239249
s33-128-35,u035,2025-07-03,regular,hazard,60,0.012436362606568219,0,0.00015466311488204827,0.012514341353159032
s33-128-35,u035,2025-07-03,regular,hazard,120,0.04805608992108101,0,0.002309387778503024,0.04924916391083315
s33-128-35,u035,2025-07-03,regular,hazard_cal,30,0.004692957035910772,0,2.202384574090442e-05,0.00470400353282133
s33-128-35,u035,2025-07-03,regular,hazard_cal,60,0.012709764766987597,0,0.00016153812043215928,0.012791224788390069
s33-128-35,u035,2025-07-03,regular,hazard_cal,120,0.04987265511736816,0,0.0024872817284559484,0.05115925612620404
s33-128-16,u016,2025-07-03,regular,empirical,30,0.0028985507246376274,0,8.401596303297314e-06,0.002902759657961351
s33-128-16,u016,2025-07-03,regular,empirical,60,0.004637681159420315,0,2.1508086536442157e-05,0.004648468567984626
s33-128-16,u016,2025-07-03,regular,empirical,120,0.0197101449275362,0,0.000388489813064481,0.0199069805668798
s33-128-16,u016,2025-07-03,regular,hazard,30,0.0016382192977325571,0,2.683762467463353e-06,0.0016395626462997854
s33-128-16,u016,2025-07-03,regular,hazard,60,0.0044200539116945325,0,1.953687658228614e-05,0.004429851230429314
s33-128-16,u016,2025-07-03,regular,hazard,120,0.017309555429436463,0,0.00029962070916473335,0.017461117309587344
s33-128-16,u016,2025-07-03,regular,hazard_cal,30,0.0016287706134676672,0,2.652893711295841e-06,0.0016300985024035113
s33-128-16,u016,2025-07-03,regular,hazard_cal,60,0.004424360310493092,0,1.957496415706653e-05,0.004434176757604915
s33-128-16,u016,2025-07-03,regular,hazard_cal,120,0.017608349844147164,0,0.00031005398423387747,0.01776522105956832
s33-128-3,u003,2025-07-03,regular,empirical,30,0.0028985507246376274,0,8.401596303297314e-06,0.002902759657961351
s33-128-3,u003,2025-07-03,regular,empirical,60,0.004637681159420315,0,2.1508086536442157e-05,0.004648468567984626
s33-128-3,u003,2025-07-03,regular,empirical,120,0.0197101449275362,0,0.000388489813064481,0.0199069805668798
s33-128-3,u003,2025-07-03,regular,hazard,30,0.0005563272459500057,0,3.0950000458631814e-07,0.0005564820533706854
s33-128-3,u003,2025-07-03,regular,hazard,60,0.001502583944007485,0,2.257758508789089e-06,0.0015037139553616768
s33-128-3,u003,2025-07-03,regular,hazard,120,0.005913063114773576,0,3.4964315399295784e-05,0.00593061449495321
s33-128-3,u003,2025-07-03,regular,hazard_cal,30,0.0005412046786391622,0,2.9290250418091884e-07,0.0005413511827527784
s33-128-3,u003,2025-07-03,regular,hazard_cal,60,0.00147167983675911,0,2.1658415419233204e-06,0.0014727638211792804
s33-128-3,u003,2025-07-03,regular,hazard_cal,120,0.0058867379205285175,0,3.465368334498841e-05,0.005904133062891887
s33-128-23,u023,2025-07-03,variable,empirical,30,0.0028985507246376274,0,8.401596303297314e-06,0.002902759657961351
s33-128-23,u023,2025-07-03,variable,empirical,60,0.004637681159420315,0,2.1508086536442157e-05,0.004648468567984626
s33-128-23,u023,2025-07-03,variable,empirical,120,0.0197101449275362,0,0.000388489813064481,0.0199069805668798
s33-128-23,u023,2025-07-03,variable,hazard,30,0.0007716881039693257,0,5.955025298077729e-07,0.0007719860085036796
s33-128-23,u023,2025-07-03,variable,hazard,60,0.0020838193686719686,0,4.342303161252442e-06,0.0020859935411661765
s33-128-23,u023,2025-07-03,variable,hazard,120,0.008192420792077937,0,6.711575843447089e-05,0.008226163085036058
s33-128-23,u023,2025-07-03,variable,hazard_cal,30,0.0007556807244586405,0,5.710533573183358e-07,0.0007559663950635461
s33-128-23,u023,2025-07-03,variable,hazard_cal,60,0.00205446707060164,0,4.220834944186484e-06,0.0020565803830570623
s33-128-23,u023,2025-07-03,variable,hazard_cal,120,0.00820970402306509,0,6.739924014633112e-05,0.008243589228917141
s33-128-10,u010,2025-07-03,regular,empirical,30,0.0028985507246376274,0,8.401596303297314e-06,0.002902759657961351
s33-128-10,u010,2025-07-03,regular,empirical,60,0.004637681159420315,0,2.1508086536442157e-05,0.004648468567984626
s33-128-10,u010,2025-07-03,regular,empirical,120,0.0197101449275362,0,0.000388489813064481,0.0199069805668798
s33-128-10,u010,2025-07-03,regular,hazard,30,0.0006957442250595802,0,4.840600267037558e-07,0.0006959863673921993
s33-128-10,u010,2025-07-03,regular,hazard,60,0.0018788826888127552,0,3.530200158320249e-06,0.0018806500029561726
s33-128-10,u010,2025-07-03,regular,hazard,120,0.007389252126959178,0,5.460104699577074e-05,0.0074166878871763766
s33-128-10,u010,2025-07-03,regular,hazard_cal,30,0.0006798905168761138,0,4.6225111493806915e-07,0.0006801217472470807
s33-128-10,u010,2025-07-03,regular,hazard_cal,60,0.001848553251151519,0,3.417149122342851e-06,0.0018502639342302812
s33-128-10,u010,2025-07-03,regular,hazard_cal,120,0.0073894697986433,0,5.4604263905061454e-05,0.007416907179289075
s33-128-51,u051,2025-07-03,regular,empirical,30,0.0028985507246376274,0,8.401596303297314e-06,0.002902759657961351
s33-128-51,u051,2025-07-03,regular,empirical,60,0.004637681159420315,0,2.1508086536442157e-05,0.004648468567984626
s33-128-51,u051,2025-07-03,regular,empirical,120,0.0197101449275362,0,0.000388489813064481,0.0199069805668798
s33-128-51,u051,2025-07-03,regular,hazard,30,0.0008642868153582173,0,7.469916992020492e-07,0.0008646605265524396
s33-128-51,u051,2025-07-03,regular,hazard,60,0.002333658973584618,0,5.445964204992013e-06,0.002336386199456694
s33-128-51,u051,2025-07-03,regular,hazard,120,0.0091708243747054,0,8.410401971169069e-05,0.009213135267071315
s33-128-51,u051,2025-07-03,regular,hazard_cal,30,0.0008482947127332885,0,7.196039196512525e-07,0.0008486547183013929
s33-128-51,u051,2025-07-03,regular,hazard_cal,60,0.002306047896267094,0,5.3178568998778895e-06,0.00230871091954424
s33-128-51,u051,2025-07-03,regular,hazard_cal,120,0.0092110623884043,0,8.484367032307634e-05,0.009253746536655146
s33-128-1,u001,2025-07-03,regular,empirical,30,0.0028985507246376274,0,8.401596303297314e-06,0.002902759657961351
s33-128-1,u001,2025-07-03,regular,empirical,60,0.004637681159420315,0,2.1508086536442157e-05,0.004648468567984626
s33-128-1,u001,2025-07-03,regular,empirical,120,0.0197101449275362,0,0.000388489813064481,0.0199069805668798
s33-128-1,u001,2025-07-03,regular,hazard,30,0.0004314143233508094,0,1.8611831839223675e-07,0.00043150740928337133
s33-128-1,u001,2025-07-03,regular,hazard,60,0.0011653469969606922,0,1.3580336233253037e-06,0.0011660265417606506
s33-128-1,u001,2025-07-03,regular,hazard,120,0.004588531043522637,0,2.105461713737094e-05,0.004599090666578707
s33-128-1,u001,2025-07-03,regular,hazard_cal,30,0.0004175410715913097,0,1.7434054646561923e-07,0.00041762826613692323
s33-128-1,u001,2025-07-03,regular,hazard_cal,60,0.0011355426302234184,0,1.289457065054719e-06,0.001136187847249821
s33-128-1,u001,2025-07-03,regular,hazard_cal,120,0.004544798275012418,0,2.0655191360555854e-05,0.004555157268967221
s33-128-27,u027,2025-07-03,regular,empirical,30,0.0028985507246376274,0,8.401596303297314e-06,0.002902759657961351
s33-128-27,u027,2025-07-03,regular,empirical,60,0.004637681159420315,0,2.1508086536442157e-05,0.004648468567984626
s33-128-27,u027,2025-07-03,regular,empirical,120,0.0197101449275362,0,0.000388489813064481,0.0199069805668798
s33-128-27,u027,2025-07-03,regular,hazard,30,0.0011172470536897627,0,1.2482409789784556e-06,0.0011178716394336455
s33-128-27,u027,2025-07-03,regular,hazard,60,0.003015940933210892,0,9.095899712616987e-06,0.0030204980480331685
s33-128-27,u027,2025-07-03,regular,hazard,120,0.011838564949551267,0,0.00014015162006474378,0.011909198781859703
s33-128-27,u027,2025-07-03,regular,hazard_cal,30,0.0011022650264366218,0,1.2149881885053267e-06,0.0011028729673132453
s33-128-27,u027,2025-07-03,regular,hazard_cal,60,0.0029957107873029853,0,8.974283121163472e-06,0.0030002069104986323
s33-128-27,u027,2025-07-03,regular,hazard_cal,120,0.011951680305597123,0,0.00014284266212719813,0.012023675856874437
s33-128-30,u030,2025-07-03,regular,empirical,30,0.0028985507246376274,0,8.401596303297314e-06,0.002902759657961351
s33-128-30,u030,2025-07-03,regular,empirical,60,0.004637681159420315,0,2.1508086536442157e-05,0.004648468567984626
s33-128-30,u030,2025-07-03,regular,empirical,120,0.0197101449275362,0,0.000388489813064481,0.0199069805668798
s33-128-30,u030,2025-07-03,regular,hazard,30,0.006497018244740693,0,4.2211246072493436e-05,0.006518215731297421
s33-128-30,u030,2025-07-03,regular,hazard,60,0.017447587129796105,0,0.0003044182966518267,0.017601590228813593
s33-128-30,u030,2025-07-03,regular,hazard,120,0.06686048478404139,0,0.004470324425557029,0.06920055532036164
s33-128-30,u030,2025-07-03,regular,hazard_cal,30,0.006641101926118553,0,4.410423479309556e-05,0.006663252165981874
s33-128-30,u030,2025-07-03,regular,hazard_cal,60,0.01795166426529904,0,0.00032226224989401447,0.01811475011325583
s33-128-30,u030,2025-07-03,regular,hazard_cal,120,0.06981544594232902,0,0.004874196492126266,0.07237226729918206
s33-128-54,u054,2025-07-03,new,empirical,30,0.0028985507246376274,0,8.401596303297314e-06,0.002902759657961351
s33-128-54,u054,2025-07-03,new,empirical,60,0.004637681159420315,0,2.1508086536442157e-05,0.004648468567984626
s33-128-54,u054,2025-07-03,new,empirical,120,0.0197101449275362,0,0.000388489813064481,0.0199069805668798
s33-128-54,u054,2025-07-03,new,hazard,30,0.0028076904641981537,0,7.883125742749243e-06,0.0028116394204327493
s33-128-54,u054,2025-07-03,new,hazard,60,0.0075668509697564,0,5.725723359850337e-05,0.007595624830130787
s33-128-54,u054,2025-07-03,new,hazard,120,0.029477716156976363,0,0.0008689357498312654,0.029920915438300666
s33-128-54,u054,2025-07-03,new,hazard_cal,30,0.0028219658187006447,0,7.9634910819148e-06,0.002825955071031653
s33-128-54,u054,2025-07-03,new,hazard_cal,60,0.0076566052308090216,0,5.862360366045207e-05,0.007686067516380985
s33-128-54,u054,2025-07-03,new,hazard_cal,120,0.03030441808887474,0,0.0009183577557053186,0.030773089821929868
s33-128-45,u045,2025-07-03,variable,empirical,30,0.0028985507246376274,0,8.401596303297314e-06,0.002902759657961351
s33-128-45,u045,2025-07-03,variable,empirical,60,0.004637681159420315,0,2.1508086536442157e-05,0.004648468567984626
s33-128-45,u045,2025-07-03,variable,empirical,120,0.0197101449275362,0,0.000388489813064481,0.0199069805668798
s33-128-45,u045,2025-07-03,variable,hazard,30,0.0009399605658614307,0,8.83525865374541e-07,0.0009404026058159101
s33-128-45,u045,2025-07-03,variable,hazard,60,0.0025378003931590953,0,6.440430835518459e-06,0.0025410260671437086
s33-128-45,u045,2025-07-03,variable,hazard,120,0.009969661260146978,0,9.939414564207543e-05,0.010019691131285008
s33-128-45,u045,2025-07-03,variable,hazard_cal,30,0.0009241308568030959,0,8.540178404956242e-07,0.0009245581289805615
s33-128-45,u045,2025-07-03,variable,hazard_cal,60,0.002512018728940024,0,6.310238094545455e-06,0.002515179141774213
s33-128-45,u045,2025-07-03,variable,hazard_cal,120,0.010030238420596582,0,0.00010060568277401182,0.010080880179163074
s33-128-21,u021,2025-07-03,regular,empirical,30,0.0028985507246376274,0,8.401596303297314e-06,0.002902759657961351
s33-128-21,u021,2025-07-03,regular,empirical,60,0.004637681159420315,0,2.1508086536442157e-05,0.004648468567984626
s33-128-21,u021,2025-07-03,regular,empirical,120,0.0197101449275362,0,0.000388489813064481,0.0199069805668798
s33-128-21,u021,2025-07-03,regular,hazard,30,0.0003413212430057877,0,1.1650019092701598e-07,0.00034137950635930854
s33-128-21,u021,2025-07-03,regular,hazard,60,0.0009220654131598671,0,8.502046261456764e-07,0.0009224907769685453
s33-128-21,u021,2025-07-03,regular,hazard,120,0.0036320903531195103,0,1.3192080333223809e-05,0.0036387024085299097
s33-128-21,u021,2025-07-03,regular,hazard_cal,30,0.00032878877949349405,0,1.0810206152082146e-07,0.00032884284237475836
s33-128-21,u021,2025-07-03,regular,hazard_cal,60,0.0008942498339367111,0,7.996827654958354e-07,0.0008946499138515067
s33-128-21,u021,2025-07-03,regular,hazard_cal,120,0.003580546963642073,0,1.2820316558846467e-05,0.003586972464378187
s33-128-11,u011,2025-07-03,variable,empirical,30,0.0028985507246376274,0,8.401596303297314e-06,0.002902759657961351
s33-128-11,u011,2025-07-03,variable,empirical,60,0.004637681159420315,0,2.1508086536442157e-05,0.004648468567984626
s33-128-11,u011,2025-07-03,variable,empirical,120,0.0197101449275362,0,0.000388489813064481,0.0199069805668798
s33-128-11,u011,2025-07-03,variable,hazard,30,0.0007272569952776475,0,5.289027371802722e-07,0.0007275215749322847
s33-128-11,u011,2025-07-03,variable,hazard,60,0.00196392442315918,0,3.8569991398811184e-06,0.001965855451405688
s33-128-11,u011,2025-07-03,variable,hazard,120,0.007722606564209422,0,5.9638652145570456e-05,0.007752580306952356
s33-128-11,u011,2025-07-03,variable,hazard_cal,30,0.0007113202571986665,0,5.059765083011771e-07,0.0007115733654873032
s33-128-11,u011,2025-07-03,variable,hazard_cal,60,0.0019339481660379798,0,3.7401555089216656e-06,0.0019358206583840133
s33-128-11,u011,2025-07-03,variable,hazard_cal,120,0.007729700941411344,0,5.9748276643655417e-05,0.007759729923188623
s33-128-41,u041,2025-07-03,regular,empirical,30,0.0028985507246376274,0,8.401596303297314e-06,0.002902759657961351
s33-128-41,u041,2025-07-03,regular,empirical,60,0.004637681159420315,0,2.1508086536442157e-05,0.004648468567984626
s33-128-41,u041,2025-07-03,regular,empirical,120,0.0197101449275362,0,0.000388489813064481,0.0199069805668798
s33-128-41,u041,2025-07-03,regular,hazard,30,0.0010608323678973353,0,1.1253653127786672e-06,0.0010613954488119218
s33-128-41,u041,2025-07-03,regular,hazard,60,0.0028638086164719523,0,8.201399791778997e-06,0.0028679171623019963
s33-128-41,u041,2025-07-03,regular,hazard,120,0.011244250983640902,0,0.0001264331801831094,0.01130794548849538
s33-128-41,u041,2025-07-03,regular,hazard_cal,30,0.0010455140566733023,0,1.0930996427014652e-06,0.001046060987743967
s33-128-41,u041,2025-07-03,regular,hazard_cal,60,0.0028416317688080284,0,8.074871109499044e-06,0.0028456768693042333
s33-128-41,u041,2025-07-03,regular,hazard_cal,120,0.011339955014713743,0,0.00012859457973573137,0.011404742562168887
s33-128-58,u058,2025-07-03,new,empirical,30,0.0028985507246376274,0,8.401596303297314e-06,0.002902759657961351
s33-128-58,u058,2025-07-03,new,empirical,60,0.004637681159420315,0,2.1508086536442157e-05,0.004648468567984626
s33-128-58,u058,2025-07-03,new,empirical,120,0.0197101449275362,0,0.000388489813064481,0.0199069805668798
s33-128-58,u058,2025-07-03,new,hazard,30,0.0019564708729058466,0,3.827778276528966e-06,0.0019583872620250607
s33-128-58,u058,2025-07-03,new,hazard,60,0.005277104436495206,0,2.7847831233677382e-05,0.00529107753211415
s33-128-58,u058,2025-07-03,new,hazard,120,0.020636352605533093,0,0.0004258590488598925,0.020852257623051786
s33-128-58,u058,2025-07-03,new,hazard_cal,30,0.0019521595356626342,0,3.8109268526785515e-06,0.0019540674825711756
s33-128-58,u058,2025-07-03,new,hazard_cal,60,0.005301133196241481,0,2.810201316429342e-05,0.0053152340586003705
s33-128-58,u058,2025-07-03,new,hazard_cal,120,0.021066191878389318,0,0.00044378444025711605,0.021291250462008398
s33-129-37,u037,2025-07-04,variable,empirical,30,0.0028985507246376274,0,8.401596303297314e-06,0.002902759657961351
s33-129-37,u037,2025-07-04,variable,empirical,60,0.004637681159420315,0,2.1508086536442157e-05,0.004648468567984626
s33-129-37,u037,2025-07-04,variable,empirical,120,0.0197101449275362,0,0.000388489813064481,0.0199069805668798
s33-129-37,u037,2025-07-04,variable,hazard,30,0.0007877038804514624,0,6.204774032782918e-07,0.0007880142821668965
s33-129-37,u037,2025-07-04,variable,hazard,60,0.0021270345570647553,0,4.52427600694766e-06,0.0021292999079580246
s33-129-37,u037,2025-07-04,variable,hazard,120,0.008361715440338147,0,6.991828510518937e-05,0.008396870692199836
s33-129-37,u037,2025-07-04,variable,hazard_cal,30,0.0007716838297674444,0,5.954959331245502e-07,0.0007719817310009095
s33-129-37,u037,2025-07-04,variable,hazard_cal,60,0.0020979418830481267,0,4.40136014464752e-06,0.0021001456459041824
s33-129-37,u037,2025-07-04,variable,hazard_cal,120,0.00838280700324745,0,7.02714532536945e-05,0.008418140330074313
s33-129-13,u013,2025-07-04,variable,empirical,30,0.0028985507246376274,0,8.401596303297314e-06,0.002902759657961351
s33-129-13,u013,2025-07-04,variable,empirical,60,0.004637681159420315,0,2.1508086536442157e-05,0.004648468567984626
s33-129-13,u013,2025-07-04,variable,empirical,120,0.0197101449275362,0,0.000388489813064481,0.0199069805668798
s33-129-13,u013,2025-07-04,variable,hazard,30,0.0012686845633117505,0,1.6095605211855272e-06,0.001269490024895535
s33-129-13,u013,2025-07-04,variable,hazard,60,0.0034242374798585384,0,1.1725402318467954e-05,0.003430113599004158
s33-129-13,u013,2025-07-04,variable,hazard,120,0.013432104971986991,0,0.00018042144397847765,0.013523131733647178
s33-129-13,u013,2025-07-04,variable,hazard_cal,30,0.0012548836758984327,0,1.5747330400363628e-06,0.001255671701741282
s33-129-13,u013,2025-07-04,variable,hazard_cal,60,0.003409986028490186,0,1.1628004714498273e-05,0.0034158132818537397
s33-129-13,u013,2025-07-04,variable,hazard_cal,120,0.013594836654578835,0,0.00018481958366468025,0.013688092610604136
s33-129-25,u025,2025-07-04,variable,empirical,30,0.0028985507246376274,0,8.401596303297314e-06,0.002902759657961351
s33-129-25,u025,2025-07-04,variable,empirical,60,0.004637681159420315,0,2.1508086536442157e-05,0.004648468567984626
s33-129-25,u025,2025-07-04,variable,empirical,120,0.0197101449275362,0,0.000388489813064481,0.0199069805668798
s33-129-25,u025,2025-07-04,variable,hazard,30,0.0002503920466622178,0,6.269617703169427e-08,0.00025042339998459124
s33-129-25,u025,2025-07-04,variable,hazard,60,0.0006764831835205376,0,4.5762949758608134e-07,0.0006767121015146016
s33-129-25,u025,2025-07-04,variable,hazard,120,0.0026658155533733074,0,7.106572564607034e-06,0.0026693751672456655
s33-129-25,u025,2025-07-04,variable,hazard_cal,30,0.00023969660766831602,0,5.7454463727698616e-08,0.00023972533949155196
s33-129-25,u025,2025-07-04,variable,hazard_cal,60,0.0006519909242626021,0,4.250921653208021e-07,0.0006522035627758732
s33-129-25,u025,2025-07-04,variable,hazard_cal,120,0.0026116328727234794,0,6.8206262618898935e-06,0.002615049135166265
s33-129-27,u027,2025-07-04,regular,empirical,30,0.0028985507246376274,0,8.401596303297314e-06,0.002902759657961351
s33-129-27,u027,2025-07-04,regular,empirical,60,0.004637681159420315,0,2.1508086536442157e-05,0.004648468567984626
s33-129-27,u027,2025-07-04,regular,empirical,120,0.0197101449275362,0,0.000388489813064481,0.0199069805668798
s33-129-27,u027,2025-07-04,regular,hazard,30,0.0006007467185114024,0,3.608966198022181e-07,0.0006009272391230341
s33-129-27,u027,2025-07-04,regular,hazard,60,0.0016224870064583952,0,2.6324640861263245e-06,0.0016238046639491018
s33-129-27,u027,2025-07-04,regular,hazard,120,0.006383634638392088,0,4.0750791196479285e-05,0.006404097163999323
s33-129-27,u027,2025-07-04,regular,hazard_cal,30,0.000585322547360545,0,3.426024844486375e-07,0.0005854939154764468
s33-129-27,u027,2025-07-04,regular,hazard_cal,60,0.0015915795175718284,0,2.533125360754174e-06,0.0015928474257485782
s33-129-27,u027,2025-07-04,regular,hazard_cal,120,0.006365032181534391,0,4.051363467196845e-05,0.006385375368172449
s33-129-44,u044,2025-07-04,variable,empirical,30,0.0028985507246376274,0,8.401596303297314e-06,0.002902759657961351
s33-129-44,u044,2025-07-04,variable,empirical,60,0.004637681159420315,0,2.1508086536442157e-05,0.004648468567984626
s33-129-44,u044,2025-07-04,variable,empirical,120,0.0197101449275362,0,0.000388489813064481,0.0199069805668798
s33-129-44,u044,2025-07-04,variable,hazard,30,0.00012948318952710203,0,1.6765896370111423e-08,0.00012949157319899128
s33-129-44,u044,2025-07-04,variable,hazard,60,0.0003498649805641074,0,1.2240550462512325e-07,0.00034992619759529996
s33-129-44,u044,2025-07-04,variable,hazard,120,0.0013794646066292993,0,1.9029226009429273e-06,0.0013804169438408418
s33-129-44,u044,2025-07-04,variable,hazard_cal,30,0.00012231550968777594,0,1.496108391018041e-08,0.00012232299083977786
s33-129-44,u044,2025-07-04,variable,hazard_cal,60,0.00033274456560972165,0,1.1071894594280236e-07,0.0003327999373661344
s33-129-44,u044,2025-07-04,variable,hazard_cal,120,0.001333579352381098,0,1.7784338890971886e-06,0.0013344693606781024
s33-129-33,u033,2025-07-04,regular,empirical,30,0.0028985507246376274,0,8.401596303297314e-06,0.002902759657961351
s33-129-33,u033,2025-07-04,regular,empirical,60,0.004637681159420315,0,2.1508086536442157e-05,0.004648468567984626
s33-129-33,u033,2025-07-04,regular,empirical,120,0.0197101449275362,0,0.000388489813064481,0.0199069805668798
s33-129-33,u033,2025-07-04,regular,hazard,30,0.0006516065622765854,0,4.245911120019096e-07,0.0006518189500997975
s33-129-33,u033,2025-07-04,regular,hazard,60,0.0017597621809499753,0,3.0967629335018135e-06,0.0017613123813396893
s33-129-33,u033,2025-07-04,regular,hazard,120,0.006922153120477281,0,4.791620382333336e-05,0.00694622236067658
s33-129-33,u033,2025-07-04,regular,hazard_cal,30,0.0006359176966146407,0,4.043913168676702e-07,0.0006361199780338434
s33-129-33,u033,2025-07-04,regular,hazard_cal,60,0.0017290698637782986,0,2.989682593826304e-06,0.0017305664304362162
s33-129-33,u033,2025-07-04,regular,hazard_cal,120,0.006913255961427112,0,4.7793107988207496e-05,0.006937263224972609
s33-129-17,u017,2025-07-04,regular,empirical,30,0.0028985507246376274,0,8.401596303297314e-06,0.002902759657961351
s33-129-17,u017,2025-07-04,regular,empirical,60,0.004637681159420315,0,2.1508086536442157e-05,0.004648468567984626
s33-129-17,u017,2025-07-04,regular,empirical,120,0.0197101449275362,0,0.000388489813064481,0.0199069805668798
s33-129-17,u017,2025-07-04,regular,hazard,30,0.0005161723544940822,0,2.6643389954396445e-07,0.000516305617303546
s33-129-17,u017,2025-07-04,regular,hazard,60,0.0013941835784746504,0,1.9437478504883817e-06,0.0013951563566592662
s33-129-17,u017,2025-07-04,regular,hazard,120,0.0054874726435059085,0,3.0112356013225724e-05,0.005502584129444032
s33-129-17,u017,2025-07-04,regular,hazard_cal,30,0.0005013834220587432,0,2.513853359153358e-07,0.0005015091567559858
s33-129-17,u017,2025-07-04,regular,hazard_cal,60,0.0013634482387734348,0,1.8589910998143812e-06,0.0013643785800676277
s33-129-17,u017,2025-07-04,regular,hazard_cal,120,0.0054548203034610054,0,2.9755064543050414e-05,0.0054697521608872085
s33-129-35,u035,2025-07-04,regular,empirical,30,0.0028985507246376274,0,8.401596303297314e-06,0.002902759657961351
s33-129-35,u035,2025-07-04,regular,empirical,60,0.004637681159420315,0,2.1508086536442157e-05,0.004648468567984626
s33-129-35,u035,2025-07-04,regular,empirical,120,0.0197101449275362,0,0.000388489813064481,0.0199069805668798
s33-129-35,u035,2025-07-04,regular,hazard,30,0.004715444467869423,0,2.2235416529560344e-05,0.004726597250163045
s33-129-35,u035,2025-07-04,regular,hazard,60,0.012684982711219095,0,0.00016090878638392735,0.012766124018767226
s33-129-35,u035,2025-07-04,regular,hazard,120,0.04899651229628321,0,0.002400658217199832,0.05023754903682941
s33-129-35,u035,2025-07-04,regular,hazard_cal,30,0.0047891172483270905,0,2.2935644018224044e-05,0.004800621816182476
s33-129-35,u035,2025-07-04,regular,hazard_cal,60,0.012968973908133008,0,0.00016819428422983475,0.013053805299183745
s33-129-35,u035,2025-07-04,regular,hazard_cal,120,0.050867297677074985,0,0.0025874819729681583,0.05220665629881451
s33-129-39,u039,2025-07-04,variable,empirical,30,0.0028985507246376274,0,8.401596303297314e-06,0.002902759657961351
s33-129-39,u039,2025-07-04,variable,empirical,60,0.004637681159420315,0,2.1508086536442157e-05,0.004648468567984626
s33-129-39,u039,2025-07-04,variable,empirical,120,0.0197101449275362,0,0.000388489813064481,0.0199069805668798
s33-129-39,u039,2025-07-04,variable,hazard,30,0.0008711503344578375,0,7.589029052260022e-07,0.0008715300064273743
s33-129-39,u039,2025-07-04,variable,hazard,60,0.002352175585947802,0,5.532729987128886e-06,0.0023549462965927036
s33-129-39,u039,2025-07-04,variable,hazard,120,0.00924330523614314,0,8.543869168851119e-05,0.009286289665831567
s33-129-39,u039,2025-07-04,variable,hazard_cal,30,0.0008551676100845285,0,7.313116413376841e-07,0.0008555334745036692
s33-129-39,u039,2025-07-04,variable,hazard_cal,60,0.002324715930945853,0,5.4043041595934444e-06,0.0023274222781648735
s33-129-39,u039,2025-07-04,variable,hazard_cal,120,0.009285331714588119,0,8.621738504993594e-05,0.009328709131724434
s33-129-4,u004,2025-07-04,variable,empirical,30,0.0028985507246376274,0,8.401596303297314e-06,0.002902759657961351
s33-129-4,u004,2025-07-04,variable,empirical,60,0.004637681159420315,0,2.1508086536442157e-05,0.004648468567984626
s33-129-4,u004,2025-07-04,variable,empirical,120,0.0197101449275362,0,0.000388489813064481,0.0199069805668798
s33-129-4,u004,2025-07-04,variable,hazard,30,0.00040562745746608453,0,1.645336342504002e-07,0.000405709746536433
s33-129-4,u004,2025-07-04,variable,hazard,60,0.0010957181126670656,0,1.2005981824266763e-06,0.001096318850624679
s33-129-4,u004,2025-07-04,variable,hazard,120,0.004314870516109015,0,1.8618107570786876e-05,0.004324206435094248
s33-129-4,u004,2025-07-04,variable,hazard_cal,30,0.00039209592728151055,0,1.537392161907476e-07,0.00039217281698902356
s33-129-4,u004,2025-07-04,variable,hazard_cal,60,0.0010663686375683712,0,1.1371420711894242e-06,0.0010669376131317288
s33-129-4,u004,2025-07-04,variable,hazard_cal,120,0.004268447493348426,0,1.8219644003472464e-05,0.004277583321821344
s33-129-5,u005,2025-07-04,variable,empirical,30,0.0028985507246376274,0,8.401596303297314e-06,0.002902759657961351
s33-129-5,u005,2025-07-04,variable,empirical,60,0.004637681159420315,0,2.1508086536442157e-05,0.004648468567984626
s33-129-5,u005,2025-07-04,variable,empirical,120,0.0197101449275362,0,0.000388489813064481,0.0199069805668798
s33-129-5,u005,2025-07-04,variable,hazard,30,0.00035092538760694847,0,1.2314862766708703e-07,0.0003509869763299011
s33-129-5,u005,2025-07-04,variable,hazard,60,0.0009480018424773418,0,8.987074933404347e-07,0.0009484514804182039
s33-129-5,u005,2025-07-04,variable,hazard,120,0.0037340942534519472,0,1.3943459893662855e-05,0.003741083387547268
s33-129-5,u005,2025-07-04,variable,hazard_cal,30,0.0003382294491022231,0,1.1439916023999331e-07,0.0003382866615833374
s33-129-5,u005,2025-07-04,variable,hazard_cal,60,0.0009199183769507124,0,8.462498202516331e-07,0.0009203417615335918
s33-129-5,u005,2025-07-04,variable,hazard_cal,120,0.0036831611626122474,0,1.3565676149775202e-05,0.0036899607016871853
s33-129-9,u009,2025-07-04,regular,empirical,30,0.0028985507246376274,0,8.401596303297314e-06,0.002902759657961351
s33-129-9,u009,2025-07-04,regular,empirical,60,0.004637681159420315,0,2.1508086536442157e-05,0.004648468567984626
s33-129-9,u009,2025-07-04,regular,empirical,120,0.0197101449275362,0,0.000388489813064481,0.0199069805668798
s33-129-9,u009,2025-07-04,regular,hazard,30,0.004438814381820588,0,1.9703073116257292e-05,0.004448695168538847
s33-129-9,u009,2025-07-04,regular,hazard,60,0.011944007011986835,0,0.00014265930350239068,0.012015909775336049
s33-129-9,u009,2025-07-04,regular,hazard,120,0.046191402390253766,0,0.0021336456547783413,0.04729225909935426
s33-129-9,u009,2025-07-04,regular,hazard_cal,30,0.004502691257858071,0,2.02742285635915e-05,0.0045128589048030795
s33-129-9,u009,2025-07-04,regular,hazard_cal,60,0.012196741144472556,0,0.0001487604945452697,0.012271731776451016
s33-129-9,u009,2025-07-04,regular,hazard_cal,120,0.04790145342225871,0,0.002294549239964821,0.049086734235358566
s33-129-16,u016,2025-07-04,regular,empirical,30,0.0028985507246376274,0,8.401596303297314e-06,0.002902759657961351
s33-129-16,u016,2025-07-04,regular,empirical,60,0.004637681159420315,0,2.1508086536442157e-05,0.004648468567984626
s33-129-16,u016,2025-07-04,regular,empirical,120,0.0197101449275362,0,0.000388489813064481,0.0199069805668798
s33-129-16,u016,2025-07-04,regular,hazard,30,0.0013808355650632986,0,1.9067068577436791e-06,0.0013817897970182721
s33-129-16,u016,2025-07-04,regular,hazard,60,0.003726535284478194,0,1.3887065226460974e-05,0.003733496115661105
s33-129-16,u016,2025-07-04,regular,hazard,120,0.014610540579156672,0,0.0002134678960151838,0.014718325681216959
s33-129-16,u016,2025-07-04,regular,hazard_cal,30,0.0013681491722504768,0,1.8718321575296648e-06,0.0013690859428546795
s33-129-16,u016,2025-07-04,regular,hazard_cal,60,0.003717359350865701,0,1.3818760543468666e-05,0.003724285902118959
s33-129-16,u016,2025-07-04,regular,hazard_cal,120,0.014812476488471393,0,0.00021940945972151782,0.014923276730346826
s33-129-19,u019,2025-07-04,variable,empirical,30,0.0028985507246376274,0,8.401596303297314e-06,0.002902759657961351
s33-129-19,u019,2025-07-04,variable,empirical,60,0.004637681159420315,0,2.1508086536442157e-05,0.004648468567984626
s33-129-19,u019,2025-07-04,variable,empirical,120,0.0197101449275362,0,0.000388489813064481,0.0199069805668798
s33-129-19,u019,2025-07-04,variable,hazard,30,0.0005313165554110544,0,2.8229728205386803e-07,0.0005314577540684192
s33-129-19,u019,2025-07-04,variable,hazard,60,0.00143506717796682,0,2.0594178052776526e-06,0.0014360978730652773
s33-129-19,u019,2025-07-04,variable,hazard,120,0.005648003786658862,0,3.189994677411284e-05,0.00566401407260922
s33-129-19,u019,2025-07-04,variable,hazard_cal,30,0.0005163947089612542,0,2.666634954431784e-07,0.0005165280866279664
s33-129-19,u019,2025-07-04,variable,hazard_cal,60,0.0014042489336962838,0,1.97191506778715e-06,0.0014052358152232601
s33-129-19,u019,2025-07-04,variable,hazard_cal,120,0.005617661605417212,0,3.155812191297869e-05,0.005633500010759943
s33-129-40,u040,2025-07-04,regular,empirical,30,0.0028985507246376274,0,8.401596303297314e-06,0.002902759657961351
s33-129-40,u040,2025-07-04,regular,empirical,60,0.004637681159420315,0,2.1508086536442157e-05,0.004648468567984626
s33-129-40,u040,2025-07-04,regular,empirical,120,0.0197101449275362,0,0.000388489813064481,0.0199069805668798
s33-129-40,u040,2025-07-04,regular,hazard,30,0.0009852073775326042,0,9.706335767446715e-07,0.0009856930133151484
s33-129-40,u040,2025-07-04,regular,hazard,60,0.002659846298116997,0,7.074782329606692e-06,0.0026633899744328182
s33-129-40,u040,2025-07-04,regular,hazard,120,0.010446985213502069,0,0.00010913950005113087,0.010501938026072667
s33-129-40,u040,2025-07-04,regular,hazard_cal,30,0.0009695342872048096,0,9.399967340657382e-07,0.0009700045895792669
s33-129-40,u040,2025-07-04,regular,hazard_cal,60,0.00263531975968756,0,6.944910235799698e-06,0.002638798327575273
s33-129-40,u040,2025-07-04,regular,hazard_cal,120,0.01052034798340995,0,0.00011067772169203781,0.01057607805536283
s33-129-22,u022,2025-07-04,regular,empirical,30,0.0028985507246376274,0,8.401596303297314e-06,0.002902759657961351
s33-129-22,u022,2025-07-04,regular,empirical,60,0.004637681159420315,0,2.1508086536442157e-05,0.004648468567984626
s33-129-22,u022,2025-07-04,regular,empirical,120,0.0197101449275362,0,0.000388489813064481,0.0199069805668798
s33-129-22,u022,2025-07-04,regular,hazard,30,0.0008962445742207725,0,8.032543368201738e-07,0.0008966464415213831
s33-129-22,u022,2025-07-04,regular,hazard,60,0.002419873509493242,0,5.85578780194714e-06,0.002422806135405334
s33-129-22,u022,2025-07-04,regular,hazard,120,0.00950826170905672,0,9.040704072791422e-05,0.009553753826380655
s33-129-22,u022,2025-07-04,regular,hazard_cal,30,0.0008803053693406948,0,7.749375432900571e-07,0.0008806930656564711
s33-129-22,u022,2025-07-04,regular,hazard_cal,60,0.0023929925052191825,0,5.726413130035179e-06,0.002395860287752445
s33-129-22,u022,2025-07-04,regular,hazard_cal,120,0.009556924300039293,0,9.133480207668154e-05,0.00960288476259185
s33-129-48,u048,2025-07-04,variable,empirical,30,0.0028985507246376274,0,8.401596303297314e-06,0.002902759657961351
s33-129-48,u048,2025-07-04,variable,empirical,60,0.004637681159420315,0,2.1508086536442157e-05,0.004648468567984626
s33-129-48,u048,2025-07-04,variable,empirical,120,0.0197101449275362,0,0.000388489813064481,0.0199069805668798
s33-129-48,u048,2025-07-04,variable,hazard,30,0.0006109199068669025,0,3.7322313260626477e-07,0.0006111065944711937
s33-129-48,u048,2025-07-04,variable,hazard,60,0.0016499464103203465,0,2.7223231569289973e-06,0.0016513090709831277
s33-129-48,u048,2025-07-04,variable,hazard,120,0.006491375255253673,0,4.2137952704519685e-05,0.006512535855579961
s33-129-48,u048,2025-07-04,variable,hazard_cal,30,0.0005954361052643575,0,3.5454415545238704e-07,0.0005956134477429878
s33-129-48,u048,2025-07-04,variable,hazard_cal,60,0.0016190638037775207,0,2.621367600702534e-06,0.0016203759040184583
s33-129-48,u048,2025-07-04,variable,hazard_cal,120,0.0064746426315581695,0,4.19209972063905e-05,0.006495694046283772
s33-129-57,u057,2025-07-04,new,empirical,30,0.0028985507246376274,0,8.401596303297314e-06,0.002902759657961351
s33-129-57,u057,2025-07-04,new,empirical,60,0.004637681159420315,0,2.1508086536442157e-05,0.004648468567984626
s33-129-57,u057,2025-07-04,new,empirical,120,0.0197101449275362,1,0.9609681999579921,3.9266218048493005
s33-129-57,u057,2025-07-04,new,hazard,30,0.0007231445269575421,0,5.229380068686472e-07,0.0007234061220826345
s33-129-57,u057,2025-07-04,new,hazard,60,0.0019528266302225594,0,3.8135318477063967e-06,0.001954735882176707
s33-129-57,u057,2025-07-04,new,hazard,120,0.007679109790607153,1,0.9847007491459618,4.869251651222311
s33-129-57,u057,2025-07-04,new,hazard_cal,30,0.0007072170402204758,0,5.001559419782101e-07,0.0007074672361603076
s33-129-57,u057,2025-07-04,new,hazard_cal,60,0.0019227999825768283,0,3.6971597729974513e-06,0.0019246509355187553
s33-129-57,u057,2025-07-04,new,hazard_cal,120,0.007685289903928028,1,0.9846884838730514,4.868447179355261
s33-129-58,u058,2025-07-04,new,empirical,30,0.0028985507246376274,0,8.401596303297314e-06,0.002902759657961351
s33-129-58,u058,2025-07-04,new,empirical,60,0.004637681159420315,0,2.1508086536442157e-05,0.004648468567984626
s33-129-58,u058,2025-07-04,new,empirical,120,0.0197101449275362,0,0.000388489813064481,0.0199069805668798
s33-129-58,u058,2025-07-04,new,hazard,30,0.0016052157682652224,0,2.576717662687308e-06,0.001606505507487843
s33-129-58,u058,2025-07-04,new,hazard,60,0.004331145384676827,0,1.8758820343207378e-05,0.004340551965520407
s33-129-58,u058,2025-07-04,new,hazard,120,0.0169638939734319,0,0.0002877736987418391,0.017109429065398637
s33-129-58,u058,2025-07-04,new,hazard_cal,30,0.001595302838879653,0,2.54499114773748e-06,0.0015965766894187037
s33-129-58,u058,2025-07-04,new,hazard_cal,60,0.004333590740211224,0,1.8780008703644464e-05,0.004343007961332624
s33-129-58,u058,2025-07-04,new,hazard_cal,120,0.01724977585143639,0,0.000297554766924798,0.01740028659719808
s33-129-52,u052,2025-07-04,regular,empirical,30,0.0028985507246376274,0,8.401596303297314e-06,0.002902759657961351
s33-129-52,u052,2025-07-04,regular,empirical,60,0.004637681159420315,0,2.1508086536442157e-05,0.004648468567984626
s33-129-52,u052,2025-07-04,regular,empirical,120,0.0197101449275362,0,0.000388489813064481,0.0199069805668798
s33-129-52,u052,2025-07-04,regular,hazard,30,0.0006367312598142272,0,4.054266972246129e-07,0.000636934059253237
s33-129-52,u052,2025-07-04,regular,hazard,60,0.001719613829256006,0,2.957071721768504e-06,0.0017210940623131124
s33-129-52,u052,2025-07-04,regular,hazard,120,0.006764680233079412,0,4.5760898655815326e-05,0.006787664394720336
s33-129-52,u052,2025-07-04,regular,hazard_cal,30,0.0006211112815613928,0,3.857792240828358e-07,0.0006213042510812686
s33-129-52,u052,2025-07-04,regular,hazard_cal,60,0.001688835414520251,0,2.8521650573377884e-06,0.0016902631046978353
s33-129-52,u052,2025-07-04,regular,hazard_cal,120,0.006752853374563661,0,4.5601028698355825e-05,0.006775757057287482
s33-129-20,u020,2025-07-04,variable,empirical,30,0.0028985507246376274,0,8.401596303297314e-06,0.002902759657961351
s33-129-20,u020,2025-07-04,variable,empirical,60,0.004637681159420315,0,2.1508086536442157e-05,0.004648468567984626
s33-129-20,u020,2025-07-04,variable,empirical,120,0.0197101449275362,0,0.000388489813064481,0.0199069805668798
s33-129-20,u020,2025-07-04,variable,hazard,30,0.0007668684284817262,0,5.880871866020324e-07,0.0007671626224900408
s33-129-20,u020,2025-07-04,variable,hazard,60,0.002070814231585394,0,4.2882715817366055e-06,0.002072961332052483
s33-129-20,u020,2025-07-04,variable,hazard,120,0.008141468633565019,0,6.628351151132306e-05,0.008174791376609411
s33-129-20,u020,2025-07-04,variable,hazard_cal,30,0.0007508661666174588,0,5.638000001707973e-07,0.0007511482078098412
s33-129-20,u020,2025-07-04,variable,hazard_cal,60,0.002041387343147072,0,4.1672622847610615e-06,0.0020434738143035682
s33-129-20,u020,2025-07-04,variable,hazard_cal,120,0.008157619630690838,0,6.654675803903251e-05,0.008191075078482638
s33-130-45,u045,2025-07-07,variable,empirical,30,0.0028985507246376274,0,8.401596303297314e-06,0.002902759657961351
s33-130-45,u045,2025-07-07,variable,empirical,60,0.004637681159420315,0,2.1508086536442157e-05,0.004648468567984626
s33-130-45,u045,2025-07-07,variable,empirical,120,0.0197101449275362,0,0.000388489813064481,0.0199069805668798
s33-130-45,u045,2025-07-07,variable,hazard,30,0.0008275551537401116,0,6.848475324818197e-07,0.0008278977665400525
s33-130-45,u045,2025-07-07,variable,hazard,60,0.002234559004247738,0,4.993253943464643e-06,0.0022370593567039667
s33-130-45,u045,2025-07-07,variable,hazard,120,0.008782834163863718,0,7.713817594993169e-05,0.008821630580544764
s33-130-45,u045,2025-07-07,variable,hazard_cal,30,0.0008115317788767173,0,6.585838281268092e-07,0.0008118612490531863
s33-130-45,u045,2025-07-07,variable,hazard_cal,60,0.0022061888490795267,0,4.867269237802847e-06,0.002208626069003184
s33-130-45,u045,2025-07-07,variable,hazard_cal,120,0.00881370023256478,0,7.768131178951247e-05,0.008852770627703791
s33-130-55,u055,2025-07-07,new,empirical,30,0.0028985507246376274,0,8.401596303297314e-06,0.002902759657961351
s33-130-55,u055,2025-07-07,new,empirical,60,0.004637681159420315,0,2.1508086536442157e-05,0.004648468567984626
s33-130-55,u055,2025-07-07,new,empirical,120,0.0197101449275362,0,0.000388489813064481,0.0199069805668798
s33-130-55,u055,2025-07-07,new,hazard,30,0.0001917897390936174,0,3.6783304021597835e-08,0.00019180813309751995
s33-130-55,u055,2025-07-07,new,hazard,60,0.0005181868329655615,0,2.685175938588787e-07,0.0005183211381612844
s33-130-55,u055,2025-07-07,new,hazard,120,0.00204255765178174,0,4.172041760852136e-06,0.002044646517566046
s33-130-55,u055,2025-07-07,new,hazard_cal,30,0.00018261334229274784,0,3.3347632783328285e-08,0.00018263001813932512
s33-130-55,u055,2025-07-07,new,hazard_cal,60,0.0004967482845164017,0,2.4675885816998803e-07,0.0004968717048197285
s33-130-55,u055,2025-07-07,new,hazard_cal,120,0.0019903174487576614,0,3.961363546829206e-06,0.001992300762584096
s33-130-15,u015,2025-07-07,variable,empirical,30,0.0028985507246376274,0,8.401596303297314e-06,0.002902759657961351
s33-130-15,u015,2025-07-07,variable,empirical,60,0.004637681159420315,0,2.1508086536442157e-05,0.004648468567984626
s33-130-15,u015,2025-07-07,variable,empirical,120,0.0197101449275362,0,0.000388489813064481,0.0199069805668798
s33-130-15,u015,2025-07-07,variable,hazard,30,0.000603536876276678,0,3.6425676102581006e-07,0.0006037190779711735
s33-130-15,u015,2025-07-07,variable,hazard,60,0.0016300182357656956,0,2.6569594489287106e-06,0.0016313481608881074
s33-130-15,u015,2025-07-07,variable,hazard,120,0.006413185401174748,0,4.112894698984091e-05,0.006433838222269395
s33-130-15,u015,2025-07-07,variable,hazard_cal,30,0.0005880960092852217,0,3.458569161372035e-07,0.0005882690055722327
s33-130-15,u015,2025-07-07,variable,hazard_cal,60,0.0015991166443247717,0,2.5571740421565185e-06,0.00160039659605592
s33-130-15,u015,2025-07-07,variable,hazard_cal,120,0.006395092124794721,0,4.089720328461146e-05,0.006415628327193946
s33-130-34,u034,2025-07-07,variable,empirical,30,0.0028985507246376274,0,8.401596303297314e-06,0.002902759657961351
s33-130-34,u034,2025-07-07,variable,empirical,60,0.004637681159420315,0,2.1508086536442157e-05,0.004648468567984626
s33-130-34,u034,2025-07-07,variable,empirical,120,0.0197101449275362,0,0.000388489813064481,0.0199069805668798
s33-130-34,u034,2025-07-07,variable,hazard,30,0.0011862929695308777,0,1.407291009558388e-06,0.0011869971720177212
s33-130-34,u034,2025-07-07,variable,hazard,60,0.0032021130992196944,0,1.0253528300194358e-05,0.0032072508340401074
s33-130-34,u034,2025-07-07,variable,hazard,120,0.012565446089092158,0,0.0001578904354178814,0.01264505892371285
s33-130-34,u034,2025-07-07,variable,hazard_cal,30,0.0011718009171823862,0,1.3731173895094815e-06,0.0011724880126890182
s33-130-34,u034,2025-07-07,variable,hazard_cal,60,0.0031844776031900723,0,1.0140897605219188e-05,0.003189558842254904
s33-130-34,u034,2025-07-07,variable,hazard_cal,120,0.012700683027561555,0,0.00016130734936659015,0.012782026178566611
s33-130-54,u054,2025-07-07,new,empirical,30,0.0028985507246376274,0,8.401596303297314e-06,0.002902759657961351
s33-130-54,u054,2025-07-07,new,empirical,60,0.004637681159420315,0,2.1508086536442157e-05,0.004648468567984626
s33-130-54,u054,2025-07-07,new,empirical,120,0.0197101449275362,0,0.000388489813064481,0.0199069805668798
s33-130-54,u054,2025-07-07,new,hazard,30,0.0014042817072452696,0,1.972007113303689e-06,0.0014052686348597233
s33-130-54,u054,2025-07-07,new,hazard,60,0.0037897250040690444,0,1.4362015606466119e-05,0.003796924206292536
s33-130-54,u054,2025-07-07,new,hazard,120,0.014856719943309726,0,0.00022072212747393697,0.0149681864021295
s33-130-54,u054,2025-07-07,new,hazard_cal,30,0.0013918522694892355,0,1.937252740082335e-06,0.001392821795588434
s33-130-54,u054,2025-07-07,new,hazard_cal,60,0.0037816748297745395,0,1.4301064518150292e-05,0.0037888434406441436
s33-130-54,u054,2025-07-07,new,hazard_cal,120,0.01506709585875432,0,0.0002270173776168916,0.015181757753259653
s33-130-10,u010,2025-07-07,regular,empirical,30,0.0028985507246376274,0,8.401596303297314e-06,0.002902759657961351
s33-130-10,u010,2025-07-07,regular,empirical,60,0.004637681159420315,0,2.1508086536442157e-05,0.004648468567984626
s33-130-10,u010,2025-07-07,regular,empirical,120,0.0197101449275362,0,0.000388489813064481,0.0199069805668798
s33-130-10,u010,2025-07-07,regular,hazard,30,0.0005234220714654958,0,2.739706648972306e-07,0.0005235591046174816
s33-130-10,u010,2025-07-07,regular,hazard,60,0.001413755214019985,0,1.9987038051686936e-06,0.0014147555088150463
s33-130-10,u010,2025-07-07,regular,hazard,120,0.005564324217725458,0,3.0961703999966034e-05,0.0055798627374404755
s33-130-10,u010,2025-07-07,regular,hazard_cal,30,0.000508568419060218,0,2.586418368654095e-07,0.0005086977838410714
s33-130-10,u010,2025-07-07,regular,hazard_cal,60,0.0013829772181036537,0,1.912625985793721e-06,0.0013839344137181531
s33-130-10,u010,2025-07-07,regular,hazard_cal,120,0.005532766041705939,0,3.06115000722544e-05,0.00554812848247246
s33-130-28,u028,2025-07-07,regular,empirical,30,0.0028985507246376274,0,8.401596303297314e-06,0.002902759657961351
s33-130-28,u028,2025-07-07,regular,empirical,60,0.004637681159420315,0,2.1508086536442157e-05,0.004648468567984626
s33-130-28,u028,2025-07-07,regular,empirical,120,0.0197101449275362,0,0.000388489813064481,0.0199069805668798
s33-130-28,u028,2025-07-07,regular,hazard,30,0.0038022139724986914,0,1.445683109266428e-05,0.003809460763109512
s33-130-28,u028,2025-07-07,regular,hazard,60,0.01023731686374163,0,0.00010480265656864876,0.010290078593275041
s33-130-28,u028,2025-07-07,regular,hazard,120,0.039703776626042075,0,0.001576389878370645,0.040513476102417394
s33-130-28,u028,2025-07-07,regular,hazard_cal,30,0.0038449420798638556,0,1.4783579597507793e-05,0.003852352871805534
s33-130-28,u028,2025-07-07,regular,hazard_cal,60,0.010421744594918847,0,0.0001086127604017202,0.0104764312605895
s33-130-28,u028,2025-07-07,regular,hazard_cal,120,0.04105444848366169,0,0.0016854677402976315,0.04192098202300775
s33-130-58,u058,2025-07-07,new,empirical,30,0.0028985507246376274,0,8.401596303297314e-06,0.002902759657961351
s33-130-58,u058,2025-07-07,new,empirical,60,0.004637681159420315,0,2.1508086536442157e-05,0.004648468567984626
s33-130-58,u058,2025-07-07,new,empirical,120,0.0197101449275362,1,0.9609681999579921,3.9266218048493005
s33-130-58,u058,2025-07-07,new,hazard,30,0.000952152454663957,0,9.065942969225988e-07,0.000952606039756715
s33-130-58,u058,2025-07-07,new,hazard,60,0.0025706870757350453,0,6.608432041351198e-06,0.002573996965433012
s33-130-58,u058,2025-07-07,new,hazard,120,0.010098300910778346,1,0.979905373859728,4.595388095942224
s33-130-58,u058,2025-07-07,new,hazard_cal,30,0.0009363606967733862,0,8.767713544619412e-07,0.000936799356301022
s33-130-58,u058,2025-07-07,new,hazard_cal,60,0.002545232094848915,0,6.4782064166489954e-06,0.0025484767047500674
s33-130-58,u058,2025-07-07,new,hazard_cal,120,0.010162278689388682,1,0.9797787145293835,4.58907258152726
s33-130-2,u002,2025-07-07,variable,empirical,30,0.0028985507246376274,0,8.401596303297314e-06,0.002902759657961351
s33-130-2,u002,2025-07-07,variable,empirical,60,0.004637681159420315,0,2.1508086536442157e-05,0.004648468567984626
s33-130-2,u002,2025-07-07,variable,empirical,120,0.0197101449275362,0,0.000388489813064481,0.0199069805668798
s33-130-2,u002,2025-07-07,variable,hazard,30,0.0015964483014826447,0,2.5486471793068214e-06,0.001597723982959429
s33-130-2,u002,2025-07-07,variable,hazard,60,0.00430752566941206,0,1.8554777392643814e-05,0.004316829786202627
s33-130-2,u002,2025-07-07,variable,hazard,120,0.01687204717919799,0,0.0002846659760170829,0.017016001669157288
s33-130-2,u002,2025-07-07,variable,hazard_cal,30,0.0015864143622550397,0,2.5167105287690645e-06,0.0015876740499534707
s33-130-2,u002,2025-07-07,variable,hazard_cal,60,0.004309482874868431,0,1.8571642648784278e-05,0.004318795460776297
s33-130-2,u002,2025-07-07,variable,hazard_cal,120,0.017154521941033174,0,0.00029427762302538856,0.017303365434447465
s33-130-40,u040,2025-07-07,regular,empirical,30,0.0028985507246376274,0,8.401596303297314e-06,0.002902759657961351
s33-130-40,u040,2025-07-07,regular,empirical,60,0.004637681159420315,0,2.1508086536442157e-05,0.004648468567984626
s33-130-40,u040,2025-07-07,regular,empirical,120,0.0197101449275362,0,0.000388489813064481,0.0199069805668798
s33-130-40,u040,2025-07-07,regular,hazard,30,0.0013326340500001699,0,1.7759135112198552e-06,0.0013335227964260269
s33-130-40,u040,2025-07-07,regular,hazard,60,0.0035966183583304723,0,1.2935663615479782e-05,0.0036031017403068666
s33-130-40,u040,2025-07-07,regular,hazard,120,0.014104236640978818,0,0.00019892949122472944,0.01420464664232383
s33-130-40,u040,2025-07-07,regular,hazard_cal,30,0.0013194450201093888,0,1.7409351610914655e-06,0.0013203162541378585
s33-130-40,u040,2025-07-07,regular,hazard_cal,60,0.003585197191266931,0,1.2853638900268293e-05,0.0035916394130832557
s33-130-40,u040,2025-07-07,regular,hazard_cal,120,0.01428908176088639,0,0.00020417785756929611,0.014392153737095209
s33-130-7,u007,2025-07-07,variable,empirical,30,0.0028985507246376274,0,8.401596303297314e-06,0.002902759657961351
s33-130-7,u007,2025-07-07,variable,empirical,60,0.004637681159420315,1,0.9907461457676958,5.373540787785619
s33-130-7,u007,2025-07-07,variable,empirical,120,0.0197101449275362,1,0.9609681999579921,3.9266218048493005
s33-130-7,u007,2025-07-07,variable,hazard,30,0.0017060175421421686,0,2.910495854096806e-06,0.0017074744473088526
s33-130-7,u007,2025-07-07,variable,hazard,60,0.004602678497570456,1,0.9908158276542111,5.381116862866985
s33-130-7,u007,2025-07-07,variable,hazard,120,0.018019246564970115,1,0.964286200116829,4.016314838720995
s33-130-7,u007,2025-07-07,variable,hazard_cal,30,0.0016975648640855656,0,2.881726467777845e-06,0.0016990073600375646
s33-130-7,u007,2025-07-07,variable,hazard_cal,60,0.0046109218780540084,1,0.9907994168444575,5.379327468418118
s33-130-7,u007,2025-07-07,variable,hazard_cal,120,0.018344987907695454,1,0.9636465627659426,3.9983988803358907
s33-130-37,u037,2025-07-07,variable,empirical,30,0.0028985507246376274,0,8.401596303297314e-06,0.002902759657961351
s33-130-37,u037,2025-07-07,variable,empirical,60,0.004637681159420315,0,2.1508086536442157e-05,0.004648468567984626
s33-130-37,u037,2025-07-07,variable,empirical,120,0.0197101449275362,0,0.000388489813064481,0.0199069805668798
s33-130-37,u037,2025-07-07,variable,hazard,30,0.000625724391169924,0,3.91531013704972e-07,0.0006259202383786215
s33-130-37,u037,2025-07-07,variable,hazard,60,0.0016899056157755332,0,2.855780990229684e-06,0.0016913351169790573
s33-130-37,u037,2025-07-07,variable,hazard,120,0.006648142829587034,0,4.4197803082589494e-05,0.00667034016653749
s33-130-37,u037,2025-07-07,variable,hazard_cal,30,0.0006101598660877006,0,3.722950621841607e-07,0.0006103460893732955
s33-130-37,u037,2025-07-07,variable,hazard_cal,60,0.001659075661393783,0,2.7525320502292185e-06,0.001660453451535167
s33-130-37,u037,2025-07-07,variable,hazard_cal,120,0.006634196008521442,0,4.401255667948184e-05,0.0066563001030312706
s33-130-16,u016,2025-07-07,regular,empirical,30,0.0028985507246376274,0,8.401596303297314e-06,0.002902759657961351
s33-130-16,u016,2025-07-07,regular,empirical,60,0.004637681159420315,0,2.1508086536442157e-05,0.004648468567984626
s33-130-16,u016,2025-07-07,regular,empirical,120,0.0197101449275362,0,0.000388489813064481,0.0199069805668798
s33-130-16,u016,2025-07-07,regular,hazard,30,0.0028097760176734043,0,7.894841269492616e-06,0.0028137308481706092
s33-130-16,u016,2025-07-07,regular,hazard,60,0.007572456405725347,0,5.734209601661085e-05,0.007601273020948199
s33-130-16,u016,2025-07-07,regular,hazard,120,0.029499277202644114,0,0.0008702073554784388,0.0299431316053372
s33-130-16,u016,2025-07-07,regular,hazard_cal,30,0.002824104206514133,0,7.975564569250822e-06,0.0028280995126789953
s33-130-16,u016,2025-07-07,regular,hazard_cal,60,0.00766239113902345,0,5.8712237967385085e-05,0.007691898083816117
s33-130-16,u016,2025-07-07,regular,hazard_cal,120,0.030327018734221722,0,0.0009197280653058354,0.030796397042410932
s33-130-20,u020,2025-07-07,variable,empirical,30,0.0028985507246376274,0,8.401596303297314e-06,0.002902759657961351
s33-130-20,u020,2025-07-07,variable,empirical,60,0.004637681159420315,0,2.1508086536442157e-05,0.004648468567984626
s33-130-20,u020,2025-07-07,variable,empirical,120,0.0197101449275362,0,0.000388489813064481,0.0199069805668798
s33-130-20,u020,2025-07-07,variable,hazard,30,0.0008285934371764503,0,6.86567084131884e-07,0.0008289369104647647
s33-130-20,u020,2025-07-07,variable,hazard,60,0.002237360331321603,0,5.005781252171512e-06,0.002239866961468851
s33-130-20,u020,2025-07-07,variable,hazard,120,0.008793803516890963,0,7.733098029368388e-05,0.008832697190468614
s33-130-20,u020,2025-07-07,variable,hazard_cal,30,0.0008125705012249629,0,6.602708194609874e-07,0.0008129008155826173
s33-130-20,u020,2025-07-07,variable,hazard_cal,60,0.0022090104259548937,0,4.879727061977421e-06,0.002211453888572008
s33-130-20,u020,2025-07-07,variable,hazard_cal,120,0.008824929803869175,0,7.787938604321843e-05,0.00886410011734646
s33-130-3,u003,2025-07-07,regular,empirical,30,0.0028985507246376274,0,8.401596303297314e-06,0.002902759657961351
s33-130-3,u003,2025-07-07,regular,empirical,60,0.004637681159420315,0,2.1508086536442157e-05,0.004648468567984626
s33-130-3,u003,2025-07-07,regular,empirical,120,0.0197101449275362,0,0.000388489813064481,0.0199069805668798
s33-130-3,u003,2025-07-07,regular,hazard,30,0.0017273381100717522,0,2.9836969465062526e-06,0.0017288316787248453
s33-130-3,u003,2025-07-07,regular,hazard,60,0.004660103659145709,0,2.1716566113983226e-05,0.004670995794362679
s33-130-3,u003,2025-07-07,regular,hazard,120,0.018242314850293595,0,0.0003327820510972422,0.01841075754375134
s33-130-3,u003,2025-07-07,regular,hazard_cal,30,0.001719210133938942,0,2.955683484638355e-06,0.001720689671681952
s33-130-3,u003,2025-07-07,regular,hazard_cal,60,0.004669616005832489,0,2.1805313641926967e-05,0.004680552722781031
s33-130-3,u003,2025-07-07,regular,hazard_cal,120,0.018576644125121167,0,0.00034509170695139874,0.018751357082024342
s33-130-30,u030,2025-07-07,regular,empirical,30,0.0028985507246376274,0,8.401596303297314e-06,0.002902759657961351
s33-130-30,u030,2025-07-07,regular,empirical,60,0.004637681159420315,0,2.1508086536442157e-05,0.004648468567984626
s33-130-30,u030,2025-07-07,regular,empirical,120,0.0197101449275362,0,0.000388489813064481,0.0199069805668798
s33-130-30,u030,2025-07-07,regular,hazard,30,0.006039441070784246,0,3.647484844747556e-05,0.006057752258459336
s33-130-30,u030,2025-07-07,regular,hazard,60,0.01622593136518158,0,0.0002632808486675833,0.016359013339073927
s33-130-30,u030,2025-07-07,regular,hazard,120,0.06230544610866995,0,0.003881968614800375,0.06433101851697706
s33-130-30,u030,2025-07-07,regular,hazard_cal,30,0.006164346193589965,0,3.799916399442709e-05,0.006183424218361315
s33-130-30,u030,2025-07-07,regular,hazard_cal,60,0.016670699717903248,0,0.0002779122290844994,0.016811219732829234
s33-130-30,u030,2025-07-07,regular,hazard_cal,120,0.06497521669615114,0,0.004221778784711798,0.06718224383740837
s33-130-57,u057,2025-07-07,new,empirical,30,0.0028985507246376274,0,8.401596303297314e-06,0.002902759657961351
s33-130-57,u057,2025-07-07,new,empirical,60,0.004637681159420315,0,2.1508086536442157e-05,0.004648468567984626
s33-130-57,u057,2025-07-07,new,empirical,120,0.0197101449275362,0,0.000388489813064481,0.0199069805668798
s33-130-57,u057,2025-07-07,new,hazard,30,0.0006543023421891059,0,4.281115549941498e-07,0.0006545164913839112
s33-130-57,u057,2025-07-07,new,hazard,60,0.0017670379514233003,0,3.122423121770254e-06,0.0017686010045717365
s33-130-57,u057,2025-07-07,new,hazard,120,0.006950688432133867,0,4.8312069680599555e-05,0.006974956987799706
s33-130-57,u057,2025-07-07,new,hazard_cal,30,0.0006386017265970212,0,4.078121652126966e-07,0.0006388057195310774
s33-130-57,u057,2025-07-07,new,hazard_cal,60,0.0017363632310614108,0,3.014957270182022e-06,0.0017378724569924707
s33-130-57,u057,2025-07-07,new,hazard_cal,120,0.006942330044859557,0,4.81959464517597e-05,0.006966540132764082
s33-130-9,u009,2025-07-07,regular,empirical,30,0.0028985507246376274,0,8.401596303297314e-06,0.002902759657961351
s33-130-9,u009,2025-07-07,regular,empirical,60,0.004637681159420315,0,2.1508086536442157e-05,0.004648468567984626
s33-130-9,u009,2025-07-07,regular,empirical,120,0.0197101449275362,0,0.000388489813064481,0.0199069805668798
s33-130-9,u009,2025-07-07,regular,hazard,30,0.0041270624205931306,0,1.703264422347203e-05,0.004135602247068196
s33-130-9,u009,2025-07-07,regular,hazard,60,0.011108479701715801,0,0.00012339832128343197,0.011170639625872609
s33-130-9,u009,2025-07-07,regular,hazard,120,0.04301996430066335,0,0.001850717328430349,0.04397274908498975
s33-130-9,u009,2025-07-07,regular,hazard_cal,30,0.004180328341722772,0,1.7475145044610662e-05,0.0041890903414611635
s33-130-9,u009,2025-07-07,regular,hazard_cal,60,0.011327100771992948,0,0.00012830321189888325,0.011391740965489285
s33-130-9,u009,2025-07-07,regular,hazard_cal,120,0.04455205921484884,0,0.0019848859802833975,0.04557500052744067
s33-130-29,u029,2025-07-07,regular,empirical,30,0.0028985507246376274,0,8.401596303297314e-06,0.002902759657961351
s33-130-29,u029,2025-07-07,regular,empirical,60,0.004637681159420315,0,2.1508086536442157e-05,0.004648468567984626
s33-130-29,u029,2025-07-07,regular,empirical,120,0.0197101449275362,0,0.000388489813064481,0.0199069805668798
s33-130-29,u029,2025-07-07,regular,hazard,30,0.0010539189228445656,0,1.1107450959298493e-06,0.0010544746859129878
s33-130-29,u029,2025-07-07,regular,hazard,60,0.0028451641334982236,0,8.094958946544697e-06,0.002849219306553248
s33-130-29,u029,2025-07-07,regular,hazard,120,0.0111713943875833,0,0.00012480005256292764,0.011234263072956408
s33-130-29,u029,2025-07-07,regular,hazard_cal,30,0.0010385635211183075,0,1.0786141873976572e-06,0.0010391032019062166
s33-130-29,u029,2025-07-07,regular,hazard_cal,60,0.0028227598736382253,0,7.96797330422209e-06,0.002826751373423519
s33-130-29,u029,2025-07-07,regular,hazard_cal,120,0.011265007511475189,0,0.00012690039423359243,0.011328938282443182
s33-130-35,u035,2025-07-07,regular,empirical,30,0.0028985507246376274,0,8.401596303297314e-06,0.002902759657961351
s33-130-35,u035,2025-07-07,regular,empirical,60,0.004637681159420315,0,2.1508086536442157e-05,0.004648468567984626
s33-130-35,u035,2025-07-07,regular,empirical,120,0.0197101449275362,0,0.000388489813064481,0.0199069805668798
s33-130-35,u035,2025-07-07,regular,hazard,30,0.006589894655772421,0,4.342671157417792e-05,0.006611703878013447
s33-130-35,u035,2025-07-07,regular,hazard,60,0.0176954198637157,0,0.00031312788415318416,0.017853855646720342
s33-130-35,u035,2025-07-07,regular,hazard,120,0.06778226561335665,0,0.004594435531679632,0.07018887099505841
s33-130-35,u035,2025-07-07,regular,hazard_cal,30,0.006737954011292957,0,4.540002425829885e-05,0.006760756509264468
s33-130-35,u035,2025-07-07,regular,hazard_cal,60,0.018211743700130234,0,0.00033166760859923325,0.018379618827288956
s33-130-35,u035,2025-07-07,regular,hazard_cal,120,0.0707955697109176,0,0.0050120126906933946,0.07342651024416866
s33-130-50,u050,2025-07-07,variable,empirical,30,0.0028985507246376274,0,8.401596303297314e-06,0.002902759657961351
s33-130-50,u050,2025-07-07,variable,empirical,60,0.004637681159420315,0,2.1508086536442157e-05,0.004648468567984626
s33-130-50,u050,2025-07-07,variable,empirical,120,0.0197101449275362,0,0.000388489813064481,0.0199069805668798
s33-130-50,u050,2025-07-07,variable,hazard,30,0.0026402342689405556,0,6.9708369948880695e-06,0.002643725834492763
s33-130-50,u050,2025-07-07,variable,hazard,60,0.0071166977464300896,0,5.0647386814043115e-05,0.0071421422321806365
s33-130-50,u050,2025-07-07,variable,hazard,120,0.027744899668434853,0,0.0007697794576115163,0.02813706005459896
s33-130-50,u050,2025-07-07,variable,hazard_cal,30,0.0026503735730234457,0,7.024480076581066e-06,0.0026538920312558995
s33-130-50,u050,2025-07-07,variable,hazard_cal,60,0.007192243397406206,0,5.1728365087533166e-05,0.007218232267108912
s33-130-50,u050,2025-07-07,variable,hazard_cal,120,0.028489084631872497,0,0.0008116279431619937,0.02890277464554016
s33-130-18,u018,2025-07-07,variable,empirical,30,0.0028985507246376274,0,8.401596303297314e-06,0.002902759657961351
s33-130-18,u018,2025-07-07,variable,empirical,60,0.004637681159420315,0,2.1508086536442157e-05,0.004648468567984626
s33-130-18,u018,2025-07-07,variable,empirical,120,0.0197101449275362,0,0.000388489813064481,0.0199069805668798
s33-130-18,u018,2025-07-07,variable,hazard,30,0.00029989890385317963,0,8.993935253233868e-08,0.000299943882522373
s33-130-18,u018,2025-07-07,variable,hazard,60,0.0008101969996588965,0,6.564191782562778e-07,0.0008105253866320989
s33-130-18,u018,2025-07-07,variable,hazard,120,0.003192028102249278,0,1.0189043405549127e-05,0.0031971334912102864
s33-130-18,u018,2025-07-07,variable,hazard_cal,30,0.00028813485400480676,0,8.30216940923713e-08,0.00028817637282739104
s33-130-18,u018,2025-07-07,variable,hazard_cal,60,0.0007837091483423597,0,6.142000291955068e-07,0.0007840164089027209
s33-130-18,u018,2025-07-07,variable,hazard_cal,120,0.003138539401905116,0,9.850429577310924e-06,0.0031434749463330304
s33-130-27,u027,2025-07-07,regular,empirical,30,0.0028985507246376274,0,8.401596303297314e-06,0.002902759657961351
s33-130-27,u027,2025-07-07,regular,empirical,60,0.004637681159420315,0,2.1508086536442157e-05,0.004648468567984626
s33-130-27,u027,2025-07-07,regular,empirical,120,0.0197101449275362,0,0.000388489813064481,0.0199069805668798
s33-130-27,u027,2025-07-07,regular,hazard,30,0.000869465393084301,0,7.559700697712381e-07,0.0008698435973587634
s33-130-27,u027,2025-07-07,regular,hazard,60,0.002347629922124783,0,5.511366251255616e-06,0.002350389925741265
s33-130-27,u027,2025-07-07,regular,hazard,120,0.009225512244408152,0,8.511007617172473e-05,0.009268330834910882
s33-130-27,u027,2025-07-07,regular,hazard_cal,30,0.0008534802649788897,0,7.284285627084358e-07,0.0008538446866261208
s33-130-27,u027,2025-07-07,regular,hazard_cal,60,0.002320132819084275,0,5.383016298191946e-06,0.002322828497595319
s33-130-27,u027,2025-07-07,regular,hazard_cal,120,0.009267098600015178,0,8.587911646240327e-05,0.009310305299241145
s33-130-31,u031,2025-07-07,variable,empirical,30,0.0028985507246376274,0,8.401596303297314e-06,0.002902759657961351
s33-130-31,u031,2025-07-07,variable,empirical,60,0.004637681159420315,0,2.1508086536442157e-05,0.004648468567984626
s33-130-31,u031,2025-07-07,variable,empirical,120,0.0197101449275362,0,0.000388489813064481,0.0199069805668798
s33-130-31,u031,2025-07-07,variable,hazard,30,0.0008099761863734622,0,6.560614224920976e-07,0.0008103043943237585
s33-130-31,u031,2025-07-07,variable,hazard,60,0.002187129449338965,0,4.783535228165763e-06,0.0021895247100872173
s33-130-31,u031,2025-07-07,variable,hazard,120,0.008597095323300219,0,7.39100479979105e-05,0.008634263526342755
s33-130-31,u031,2025-07-07,variable,hazard_cal,30,0.0007939493951472087,0,6.303556420546187e-07,0.0007942647398911298
s33-130-31,u031,2025-07-07,variable,hazard_cal,60,0.0021584273371592078,0,4.658808569796188e-06,0.0021607600987795417
s33-130-31,u031,2025-07-07,variable,hazard_cal,120,0.008623598097225571,0,7.436644414247249e-05,0.008660996480271603
s33-130-56,u056,2025-07-07,new,empirical,30,0.0028985507246376274,0,8.401596303297314e-06,0.002902759657961351
s33-130-56,u056,2025-07-07,new,empirical,60,0.004637681159420315,0,2.1508086536442157e-05,0.004648468567984626
s33-130-56,u056,2025-07-07,new,empirical,120,0.0197101449275362,0,0.000388489813064481,0.0199069805668798
s33-130-56,u056,2025-07-07,new,hazard,30,0.000547902508375997,0,3.001971586847094e-07,0.0005480526618041376
s33-130-56,u056,2025-07-07,new,hazard,60,0.0014798415915245888,0,2.189931136006028e-06,0.0014809376385433552
s33-130-56,u056,2025-07-07,new,hazard,120,0.005823787194893071,0,3.39164972914005e-05,0.0058408115732882316
s33-130-56,u056,2025-07-07,new,hazard_cal,30,0.0005328449891377485,0,2.8392378244920727e-07,0.0005329870014782564
s33-130-56,u056,2025-07-07,new,hazard_cal,60,0.0014489594399919037,0,2.099483458741651e-06,0.0014500101968466367
s33-130-56,u056,2025-07-07,new,hazard_cal,120,0.005796081379116025,0,3.359455935333552e-05,0.005812943847855902
s33-130-11,u011,2025-07-07,variable,empirical,30,0.0028985507246376274,0,8.401596303297314e-06,0.002902759657961351
s33-130-11,u011,2025-07-07,variable,empirical,60,0.004637681159420315,0,2.1508086536442157e-05,0.004648468567984626
s33-130-11,u011,2025-07-07,variable,empirical,120,0.0197101449275362,0,0.000388489813064481,0.0199069805668798
s33-130-11,u011,2025-07-07,variable,hazard,30,0.0005583348744522265,0,3.1173783202958356e-07,0.0005584908014105817
s33-130-11,u011,2025-07-07,variable,hazard,60,0.0015080034286404365,0,2.2740743407913118e-06,0.0015091416102092148
s33-130-11,u011,2025-07-07,variable,hazard,120,0.005934336494234582,0,3.521634962680439e-05,0.005952014642464658
s33-130-11,u011,2025-07-07,variable,hazard_cal,30,0.0005431971842237981,0,2.950631809486629e-07,0.0005433447692618771
s33-130-11,u011,2025-07-07,variable,hazard_cal,60,0.001477095116797389,0,2.1818099840666922e-06,0.0014781870972278618
s33-130-11,u011,2025-07-07,variable,hazard_cal,120,0.005908344360996964,0,3.490853308812463e-05,0.005925867684184435
s33-130-51,u051,2025-07-07,regular,empirical,30,0.0028985507246376274,0,8.401596303297314e-06,0.002902759657961351
s33-130-51,u051,2025-07-07,regular,empirical,60,0.004637681159420315,0,2.1508086536442157e-05,0.004648468567984626
s33-130-51,u051,2025-07-07,regular,empirical,120,0.0197101449275362,0,0.000388489813064481,0.0199069805668798
s33-130-51,u051,2025-07-07,regular,hazard,30,0.0008307621013843303,0,6.901656690965082e-07,0.0008311073754592004
s33-130-51,u051,2025-07-07,regular,hazard,60,0.00224321144938866,0,5.031997606668374e-06,0.0022457312171451737
s33-130-51,u051,2025-07-07,regular,hazard,120,0.008816714818988935,0,7.77344601993791e-05,0.008855812024673403
s33-130-51,u051,2025-07-07,regular,hazard_cal,30,0.000814740166804051,0,6.638015394038929e-07,0.0008150722479592419
s33-130-51,u051,2025-07-07,regular,hazard_cal,60,0.002214904069282486,0,4.905800036124116e-06,0.0022173605972867685
s33-130-51,u051,2025-07-07,regular,hazard_cal,120,0.008848385517697621,0,7.8293926269801e-05,0.008887764949193635
s33-131-14,u014,2025-07-08,regular,empirical,30,0.0028985507246376274,0,8.401596303297314e-06,0.002902759657961351
s33-131-14,u014,2025-07-08,regular,empirical,60,0.004637681159420315,0,2.1508086536442157e-05,0.004648468567984626
s33-131-14,u014,2025-07-08,regular,empirical,120,0.0197101449275362,0,0.000388489813064481,0.0199069805668798
s33-131-14,u014,2025-07-08,regular,hazard,30,0.002993915643451084,0,8.963530880101117e-06,0.0029984063743773597
s33-131-14,u014,2025-07-08,regular,hazard,60,0.008067287803221634,0,6.508113250000855e-05,0.008100004444649051
s33-131-14,u014,2025-07-08,regular,hazard,120,0.03140102713977844,0,0.000986024505433102,0.03190460945108701
s33-131-14,u014,2025-07-08,regular,hazard_cal,30,0.0030130317993852795,0,9.078360624106896e-06,0.0030175801181476962
s33-131-14,u014,2025-07-08,regular,hazard_cal,60,0.008173483402079795,0,6.68058309240739e-05,0.008207069452759059
s33-131-14,u014,2025-07-08,regular,hazard_cal,120,0.032321652759385366,0,0.0010446892370982836,0.03285553283321119
s33-131-31,u031,2025-07-08,variable,empirical,30,0.0028985507246376274,0,8.401596303297314e-06,0.002902759657961351
s33-131-31,u031,2025-07-08,variable,empirical,60,0.004637681159420315,0,2.1508086536442157e-05,0.004648468567984626
s33-131-31,u031,2025-07-08,variable,empirical,120,0.0197101449275362,0,0.000388489813064481,0.0199069805668798
s33-131-31,u031,2025-07-08,variable,hazard,30,0.0005165545218915879,0,2.6682857408664695e-07,0.0005166879821402735
s33-131-31,u031,2025-07-08,variable,hazard,60,0.0013952153002059209,0,1.946625733928698e-06,0.0013961895193419511
s33-131-31,u031,2025-07-08,variable,hazard,120,0.005491524011459137,0,3.015683596843225e-05,0.005506657860135081
s33-131-31,u031,2025-07-08,variable,hazard_cal,30,0.000501762127197547,0,2.517652322898073e-07,0.0005018880519382976
s33-131-31,u031,2025-07-08,variable,hazard_cal,60,0.001364477574484324,0,1.861799051270624e-06,0.0013654093216718315
s33-131-31,u031,2025-07-08,variable,hazard_cal,120,0.005458928806666874,0,2.979990371625742e-05,0.00547388320669182
s33-131-16,u016,2025-07-08,regular,empirical,30,0.0028985507246376274,0,8.401596303297314e-06,0.002902759657961351
s33-131-16,u016,2025-07-08,regular,empirical,60,0.004637681159420315,0,2.1508086536442157e-05,0.004648468567984626
s33-131-16,u016,2025-07-08,regular,empirical,120,0.0197101449275362,0,0.000388489813064481,0.0199069805668798
s33-131-16,u016,2025-07-08,regular,hazard,30,0.0022746878896046097,0,5.1742049951138725e-06,0.0022772789220412825
s33-131-16,u016,2025-07-08,regular,hazard,60,0.00613353578686382,0,3.7620261248739177e-05,0.006152423188127157
s33-131-16,u016,2025-07-08,regular,hazard,120,0.02395122116751225,0,0.0005736609954150868,0.024242715505943632
s33-131-16,u016,2025-07-08,regular,hazard_cal,30,0.0022765783638856174,0,5.1828090469121145e-06,0.0022791737081603513
s33-131-16,u016,2025-07-08,regular,hazard_cal,60,0.0061801415563899065,0,3.819414965701746e-05,0.00619931767947963
s33-131-16,u016,2025-07-08,regular,hazard_cal,120,0.02452242494482293,0,0.0006013493251744739,0.024828107337813723
s33-131-8,u008,2025-07-08,regular,empirical,30,0.0028985507246376274,0,8.401596303297314e-06,0.002902759657961351
s33-131-8,u008,2025-07-08,regular,empirical,60,0.004637681159420315,0,2.1508086536442157e-05,0.004648468567984626
s33-131-8,u008,2025-07-08,regular,empirical,120,0.0197101449275362,0,0.000388489813064481,0.0199069805668798
s33-131-8,u008,2025-07-08,regular,hazard,30,0.00259607126939021,0,6.739586035753296e-06,0.0025994469059357848
s33-131-8,u008,2025-07-08,regular,hazard,60,0.006997955183219995,0,4.897137674635559e-05,0.0070225557076848705
s33-131-8,u008,2025-07-08,regular,hazard,120,0.027287376963834653,0,0.0007446009415664141,0.027666591874029863
s33-131-8,u008,2025-07-08,regular,hazard_cal,30,0.0026051556564171685,0,6.7868359941623685e-06,0.0026085549795416465
s33-131-8,u008,2025-07-08,regular,hazard_cal,60,0.007069849014448737,0,4.9982765087101776e-05,0.007094958815315746
s33-131-8,u008,2025-07-08,regular,hazard_cal,120,0.028010125124225516,0,0.0007845671094747694,0.02840989137042385
s33-131-45,u045,2025-07-08,variable,empirical,30,0.0028985507246376274,0,8.401596303297314e-06,0.002902759657961351
s33-131-45,u045,2025-07-08,variable,empirical,60,0.004637681159420315,0,2.1508086536442157e-05,0.004648468567984626
s33-131-45,u045,2025-07-08,variable,empirical,120,0.0197101449275362,0,0.000388489813064481,0.0199069805668798
s33-131-45,u045,2025-07-08,variable,hazard,30,0.0007069559199985864,0,4.997866728210478e-07,0.0007072059311731947
s33-131-45,u045,2025-07-08,variable,hazard,60,0.0019091396493843282,0,3.6448142008513156e-06,0.0019109643792974372
s33-131-45,u045,2025-07-08,variable,hazard,120,0.007507867019117209,0,5.636806717674793e-05,0.007536192919830577
s33-131-45,u045,2025-07-08,variable,hazard_cal,30,0.0006910694474868695,0,4.775769812498071e-07,0.0006913083460474994
s33-131-45,u045,2025-07-08,variable,hazard_cal,60,0.0018789271168816457,0,3.5303671105531735e-06,0.0018806945146583184
s33-131-45,u045,2025-07-08,variable,hazard_cal,120,0.007510497018609619,0,5.6407565466543975e-05,0.007538842817889846
s33-131-47,u047,2025-07-08,regular,empirical,30,0.0028985507246376274,0,8.401596303297314e-06,0.002902759657961351
s33-131-47,u047,2025-07-08,regular,empirical,60,0.004637681159420315,0,2.1508086536442157e-05,0.004648468567984626
s33-131-47,u047,2025-07-08,regular,empirical,120,0.0197101449275362,0,0.000388489813064481,0.0199069805668798
s33-131-47,u047,2025-07-08,regular,hazard,30,0.0006786683066524191,0,4.6059067045446194e-07,0.0006788987062368078
s33-131-47,u047,2025-07-08,regular,hazard,60,0.0018327987126716128,0,3.3591511211707208e-06,0.001834480343273265
s33-131-47,u047,2025-07-08,regular,hazard,120,0.007208568289577055,0,5.196345678549587e-05,0.007234675557645395
s33-131-47,u047,2025-07-08,regular,hazard_cal,30,0.0006628714979188821,0,4.393986227532225e-07,0.0006630912943668266
s33-131-47,u047,2025-07-08,regular,hazard_cal,60,0.0018023102200617203,0,3.2483221293389267e-06,0.001803936335262822
s33-131-47,u047,2025-07-08,regular,hazard_cal,120,0.007205186369575789,0,5.191471062032074e-05,0.007231269087632616
s33-131-56,u056,2025-07-08,new,empirical,30,0.0028985507246376274,0,8.401596303297314e-06,0.002902759657961351
s33-131-56,u056,2025-07-08,new,empirical,60,0.004637681159420315,0,2.1508086536442157e-05,0.004648468567984626
s33-131-56,u056,2025-07-08,new,empirical,120,0.0197101449275362,0,0.000388489813064481,0.0199069805668798
s33-131-56,u056,2025-07-08,new,hazard,30,0.0003589662874342592,0,1.2885679551433519e-07,0.0003590307312545837
s33-131-56,u056,2025-07-08,new,hazard,60,0.0009697162888182564,0,9.403496807994522e-07,0.0009701867678373597
s33-131-56,u056,2025-07-08,new,hazard,120,0.0038194869559894373,0,1.4588480606973457e-05,0.0038267998231657557
s33-131-56,u056,2025-07-08,new,hazard_cal,30,0.0003461374967450581,0,1.1981116665293512e-07,0.0003461974161556867
s33-131-56,u056,2025-07-08,new,hazard_cal,60,0.0009414194600446679,0,8.862705997507941e-07,0.0009418628736585234
s33-131-56,u056,2025-07-08,new,hazard_cal,120,0.0037691083159403505,0,1.4206177497290704e-05,0.0037762293035027254
s33-131-57,u057,2025-07-08,new,empirical,30,0.0028985507246376274,0,8.401596303297314e-06,0.002902759657961351
s33-131-57,u057,2025-07-08,new,empirical,60,0.004637681159420315,0,2.1508086536442157e-05,0.004648468567984626
s33-131-57,u057,2025-07-08,new,empirical,120,0.0197101449275362,0,0.000388489813064481,0.0199069805668798
s33-131-57,u057,2025-07-08,new,hazard,30,0.0009647906407034279,0,9.308209803889309e-07,0.00096525635075952
s33-131-57,u057,2025-07-08,new,hazard,60,0.002604776794520869,0,6.784862149274412e-06,0.002608175128145289
s33-131-57,u057,2025-07-08,new,hazard,120,0.010231631423217258,0,0.00010468628158056681,0.01028433436358037
s33-131-57,u057,2025-07-08,new,hazard_cal,30,0.000949041555725505,0,9.006798744938868e-07,0.0009494921807932552
s33-131-57,u057,2025-07-08,new,hazard_cal,60,0.0025796694839993473,0,6.654694646677459e-06,0.0025830025647210586
s33-131-57,u057,2025-07-08,new,hazard_cal,120,0.010299169212297121,0,0.00010607288646352891,0.010352572645972188
s33-131-20,u020,2025-07-08,variable,empirical,30,0.0028985507246376274,0,8.401596303297314e-06,0.002902759657961351
s33-131-20,u020,2025-07-08,variable,empirical,60,0.004637681159420315,0,2.1508086536442157e-05,0.004648468567984626
s33-131-20,u020,2025-07-08,variable,empirical,120,0.0197101449275362,0,0.000388489813064481,0.0199069805668798
s33-131-20,u020,2025-07-08,variable,hazard,30,0.0008283272544485909,0,6.861260404623407e-07,0.0008286705070322254
s33-131-20,u020,2025-07-08,variable,hazard,60,0.002236642161021596,0,5.002568156459355e-06,0.0022391471810190807
s33-131-20,u020,2025-07-08,variable,hazard,120,0.008790991336841691,0,7.728152868442567e-05,0.008829860065287196
s33-131-20,u020,2025-07-08,variable,hazard_cal,30,0.0008123042034712258,0,6.598381189770226e-07,0.0008126343013027242
s33-131-20,u020,2025-07-08,variable,hazard_cal,60,0.002208287057464564,0,4.876531728165503e-06,0.0022107289188782763
s33-131-20,u020,2025-07-08,variable,hazard_cal,120,0.008822050885732846,0,7.78285818304597e-05,0.008861195570973248
s33-131-22,u022,2025-07-08,regular,empirical,30,0.0028985507246376274,0,8.401596303297314e-06,0.002902759657961351
s33-131-22,u022,2025-07-08,regular,empirical,60,0.004637681159420315,0,2.1508086536442157e-05,0.004648468567984626
s33-131-22,u022,2025-07-08,regular,empirical,120,0.0197101449275362,0,0.000388489813064481,0.0199069805668798
s33-131-22,u022,2025-07-08,regular,hazard,30,0.00045403175916969296,0,2.0614483833472608e-07,0.000454134862798256
s33-131-22,u022,2025-07-08,regular,hazard,60,0.0012264150361109838,0,1.5040938407991057e-06,0.001227167698478614
s33-131-22,u022,2025-07-08,regular,hazard,120,0.004828492674962104,0,2.3314341512162693e-05,0.004840187506510587
s33-131-22,u022,2025-07-08,regular,hazard_cal,30,0.0004398841228334671,0,1.934980415209688e-07,0.00043998090023583
s33-131-22,u022,2025-07-08,regular,hazard_cal,60,0.0011962805811139843,0,1.4310872287504119e-06,0.0011969966959014732
s33-131-22,u022,2025-07-08,regular,hazard_cal,120,0.004787393004656693,0,2.2919131781035837e-05,0.00479888927667088
s33-131-27,u027,2025-07-08,regular,empirical,30,0.0028985507246376274,0,8.401596303297314e-06,0.002902759657961351
s33-131-27,u027,2025-07-08,regular,empirical,60,0.004637681159420315,0,2.1508086536442157e-05,0.004648468567984626
s33-131-27,u027,2025-07-08,regular,empirical,120,0.0197101449275362,0,0.000388489813064481,0.0199069805668798
s33-131-27,u027,2025-07-08,regular,hazard,30,0.0006989521332479987,0,4.88534084571928e-07,0.0006991965141706312
s33-131-27,u027,2025-07-08,regular,hazard,60,0.0018875399258450054,0,3.5628069716589683e-06,0.0018893235741558351
s33-131-27,u027,2025-07-08,regular,hazard,120,0.007423191898486614,0,5.51037779617573e-05,0.00745088089974952
s33-131-27,u027,2025-07-08,regular,hazard_cal,30,0.000683088682055466,0,4.6661014755227355e-07,0.0006833220934290734
s33-131-27,u027,2025-07-08,regular,hazard_cal,60,0.0018572429371717103,0,3.4493513276742015e-06,0.001858969751242277
s33-131-27,u027,2025-07-08,regular,hazard_cal,120,0.007424095868929781,0,5.511719947106024e-05,0.00745179163113819
s33-131-28,u028,2025-07-08,regular,empirical,30,0.0028985507246376274,0,8.401596303297314e-06,0.002902759657961351
s33-131-28,u028,2025-07-08,regular,empirical,60,0.004637681159420315,0,2.1508086536442157e-05,0.004648468567984626
s33-131-28,u028,2025-07-08,regular,empirical,120,0.0197101449275362,0,0.000388489813064481,0.0199069805668798
s33-131-28,u028,2025-07-08,regular,hazard,30,0.00214535871826127,0,4.602564030019638e-06,0.002147663296964907
s33-131-28,u028,2025-07-08,regular,hazard,60,0.005785529983286519,0,3.3472357187507315e-05,0.005802330995058022
s33-131-28,u028,2025-07-08,regular,hazard,120,0.022605390892088906,0,0.000511003697384136,0.022864809704662318
s33-131-28,u028,2025-07-08,regular,hazard_cal,30,0.0021446106716479507,0,4.599354932946275e-06,0.0021469136423539208
s33-131-28,u028,2025-07-08,regular,hazard_cal,60,0.005822644178986813,0,3.3903185235089024e-05,0.005839661862367303
s33-131-28,u028,2025-07-08,regular,hazard_cal,120,0.023118014170732337,0,0.0005344425791981812,0.023389426631179877
s33-131-37,u037,2025-07-08,variable,empirical,30,0.0028985507246376274,0,8.401596303297314e-06,0.002902759657961351
s33-131-37,u037,2025-07-08,variable,empirical,60,0.004637681159420315,0,2.1508086536442157e-05,0.004648468567984626
s33-131-37,u037,2025-07-08,variable,empirical,120,0.0197101449275362,0,0.000388489813064481,0.0199069805668798
s33-131-37,u037,2025-07-08,variable,hazard,30,0.000935208364920892,0,8.746146858180083e-07,0.0009356459451041719
s33-131-37,u037,2025-07-08,variable,hazard,60,0.0025249814870779153,0,6.3755315100862e-06,0.00252817462904839
s33-131-37,u037,2025-07-08,variable,hazard,120,0.00991951495328891,0,9.83967769085223e-05,0.009969041131026039
s33-131-37,u037,2025-07-08,variable,hazard_cal,30,0.0009193647269815086,0,8.452315012177839e-07,0.0009197876019361958
s33-131-37,u037,2025-07-08,variable,hazard_cal,60,0.0024990748275773855,0,6.245374993830939e-06,0.0025022027273981593
s33-131-37,u037,2025-07-08,variable,hazard_cal,120,0.009978775662987882,0,9.957596373223924e-05,0.01002889735905294
s33-131-5,u005,2025-07-08,variable,empirical,30,0.0028985507246376274,0,8.401596303297314e-06,0.002902759657961351
s33-131-5,u005,2025-07-08,variable,empirical,60,0.004637681159420315,0,2.1508086536442157e-05,0.004648468567984626
s33-131-5,u005,2025-07-08,variable,empirical,120,0.0197101449275362,0,0.000388489813064481,0.0199069805668798
s33-131-5,u005,2025-07-08,variable,hazard,30,0.0002675829248711681,0,7.160062168260918e-08,0.00026761873156965925
s33-131-5,u005,2025-07-08,variable,hazard,60,0.0007229157317644175,0,5.226071552324832e-07,0.0007231771613439975
s33-131-5,u005,2025-07-08,variable,hazard,120,0.0028485711949830517,0,8.11435785288717e-06,0.0028526360951831456
s33-131-5,u005,2025-07-08,variable,hazard_cal,30,0.00025649629400792406,0,6.579034883979942e-08,0.00025652919480841985
s33-131-5,u005,2025-07-08,variable,hazard_cal,60,0.0006976757578621706,0,4.867514631085541e-07,0.0006979192468512217
s33-131-5,u005,2025-07-08,variable,hazard_cal,120,0.0027944107961328513,0,7.808731697543836e-06,0.0027983224508612405
s33-131-29,u029,2025-07-08,regular,empirical,30,0.0028985507246376274,0,8.401596303297314e-06,0.002902759657961351
s33-131-29,u029,2025-07-08,regular,empirical,60,0.004637681159420315,0,2.1508086536442157e-05,0.004648468567984626
s33-131-29,u029,2025-07-08,regular,empirical,120,0.0197101449275362,0,0.000388489813064481,0.0199069805668798
s33-131-29,u029,2025-07-08,regular,hazard,30,0.0023222759901450063,0,5.392965774403969e-06,0.002324976654968407
s33-131-29,u029,2025-07-08,regular,hazard,60,0.006261566514394135,0,3.920721521418191e-05,0.006281252341099788
s33-131-29,u029,2025-07-08,regular,hazard,120,0.024445955088076454,0,0.000597604720168251,0.024749718186143365
s33-131-29,u029,2025-07-08,regular,hazard_cal,30,0.0023251758032164505,0,5.406442515863265e-06,0.0023278832221051795
s33-131-29,u029,2025-07-08,regular,hazard_cal,60,0.006311767638432997,0,3.983841072157005e-05,0.006331771059513119
s33-131-29,u029,2025-07-08,regular,hazard_cal,120,0.02503907766815172,0,0.0006269554104717342,0.025357888447143685
s33-131-44,u044,2025-07-08,variable,empirical,30,0.0028985507246376274,0,8.401596303297314e-06,0.002902759657961351
s33-131-44,u044,2025-07-08,variable,empirical,60,0.004637681159420315,0,2.1508086536442157e-05,0.004648468567984626
s33-131-44,u044,2025-07-08,variable,empirical,120,0.0197101449275362,0,0.000388489813064481,0.0199069805668798
s33-131-44,u044,2025-07-08,variable,hazard,30,0.00018485629501130418,0,3.417184980530632e-08,0.000184873383042126
s33-131-44,u044,2025-07-08,variable,hazard,60,0.0004994570546393851,0,2.494573494290497e-07,0.0004995818248607407
s33-131-44,u044,2025-07-08,variable,hazard,120,0.0019687913481235553,0,3.876139372446166e-06,0.001970731965341705
s33-131-44,u044,2025-07-08,variable,hazard_cal,30,0.00017588104593480036,0,3.0934142319119355e-08,0.00017589651481977563
s33-131-44,u044,2025-07-08,variable,hazard_cal,60,0.0004784381092439727,0,2.2890302437694753e-07,0.0004785525972745754
s33-131-44,u044,2025-07-08,variable,hazard_cal,120,0.0019170142929945122,0,3.6749437995452494e-06,0.0019188541165823705
s33-131-21,u021,2025-07-08,regular,empirical,30,0.0028985507246376274,0,8.401596303297314e-06,0.002902759657961351
s33-131-21,u021,2025-07-08,regular,empirical,60,0.004637681159420315,0,2.1508086536442157e-05,0.004648468567984626
s33-131-21,u021,2025-07-08,regular,empirical,120,0.0197101449275362,0,0.000388489813064481,0.0199069805668798
s33-131-21,u021,2025-07-08,regular,hazard,30,0.00031707612120468465,0,1.0053726663820787e-07,0.0003171264004665202
s33-131-21,u021,2025-07-08,regular,hazard,60,0.0008565882224702559,0,7.337433828747526e-07,0.0008569553038016938
s33-131-21,u021,2025-07-08,regular,hazard,120,0.003374539499015783,0,1.138751683041769e-05,0.0033802460991460893
s33-131-21,u021,2025-07-08,regular,hazard_cal,30,0.00030498051289540307,0,9.301311324594311e-08,0.00030502702890991844
s33-131-21,u021,2025-07-08,regular,hazard_cal,60,0.0008295146630469263,0,6.880945762098557e-07,0.0008298589007149919
s33-131-21,u021,2025-07-08,regular,hazard_cal,120,0.0033217174619026846,0,1.1033806896709213e-05,0.0033272466129313813
s33-131-34,u034,2025-07-08,variable,empirical,30,0.0028985507246376274,0,8.401596303297314e-06,0.002902759657961351
s33-131-34,u034,2025-07-08,variable,empirical,60,0.004637681159420315,0,2.1508086536442157e-05,0.004648468567984626
s33-131-34,u034,2025-07-08,variable,empirical,120,0.0197101449275362,0,0.000388489813064481,0.0199069805668798
s33-131-34,u034,2025-07-08,variable,hazard,30,0.001833505830957538,0,3.3617436321552923e-06,0.0018351887601952802
s33-131-34,u034,2025-07-08,variable,hazard,60,0.004946022342381173,0,2.446313701133375e-05,0.004958294392833284
s33-131-34,u034,2025-07-08,variable,hazard,120,0.01935232898612549,0,0.0003745126371872328,0.019542036818675723
s33-131-34,u034,2025-07-08,variable,hazard_cal,30,0.0018270735914541758,0,3.3381979085892606e-06,0.001828744726242854
s33-131-34,u034,2025-07-08,variable,hazard_cal,60,0.004962065592437281,0,2.462209494364995e-05,0.00497441751755852
s33-131-34,u034,2025-07-08,variable,hazard_cal,120,0.019730200429206812,0,0.0003892808089766727,0.019927439522692558
s33-131-40,u040,2025-07-08,regular,empirical,30,0.0028985507246376274,0,8.401596303297314e-06,0.002902759657961351
s33-131-40,u040,2025-07-08,regular,empirical,60,0.004637681159420315,0,2.1508086536442157e-05,0.004648468567984626
s33-131-40,u040,2025-07-08,regular,empirical,120,0.0197101449275362,0,0.000388489813064481,0.0199069805668798
s33-131-40,u040,2025-07-08,regular,hazard,30,0.0009280014825308047,0,8.611867515793715e-07,0.0009284323424863369
s33-131-40,u040,2025-07-08,regular,hazard,60,0.0025055409341484536,0,6.277735372693506e-06,0.002508685054748064
s33-131-40,u040,2025-07-08,regular,hazard,120,0.009843461307778356,0,9.689373051772958e-05,0.009892228462000843
s33-131-40,u040,2025-07-08,regular,hazard_cal,30,0.0009121376534094727,0,8.319950987673394e-07,0.0009125539040967224
s33-131-40,u040,2025-07-08,regular,hazard_cal,60,0.0024794472414529922,0,6.1476586231488524e-06,0.002482526161163512
s33-131-40,u040,2025-07-08,regular,hazard_cal,120,0.009900735352236234,0,9.802456051502034e-05,0.00995007355895978
s33-131-18,u018,2025-07-08,variable,empirical,30,0.0028985507246376274,0,8.401596303297314e-06,0.002902759657961351
s33-131-18,u018,2025-07-08,variable,empirical,60,0.004637681159420315,0,2.1508086536442157e-05,0.004648468567984626
s33-131-18,u018,2025-07-08,variable,empirical,120,0.0197101449275362,0,0.000388489813064481,0.0199069805668798
s33-131-18,u018,2025-07-08,variable,hazard,30,0.0002046000041679985,0,4.186116170554501e-08,0.00020462093760422072
s33-131-18,u018,2025-07-08,variable,hazard,60,0.0005527914040962534,0,3.055783364427073e-07,0.0005529442495948555
s33-131-18,u018,2025-07-08,variable,hazard,120,0.002178833891817278,0,4.747317128131625e-06,0.0021812110038972555
s33-131-18,u018,2025-07-08,variable,hazard_cal,30,0.00019506475663466638,0,3.8050259280941625e-08,0.00019508378423875705
s33-131-18,u018,2025-07-08,variable,hazard_cal,60,0.0005306124069061058,0,2.815495263626908e-07,0.0005307532314870037
s33-131-18,u018,2025-07-08,variable,hazard_cal,120,0.002125877335608539,0,4.5193544460540615e-06,0.0021281402204774698
s33-131-33,u033,2025-07-08,regular,empirical,30,0.0028985507246376274,0,8.401596303297314e-06,0.002902759657961351
s33-131-33,u033,2025-07-08,regular,empirical,60,0.004637681159420315,0,2.1508086536442157e-05,0.004648468567984626
s33-131-33,u033,2025-07-08,regular,empirical,120,0.0197101449275362,0,0.000388489813064481,0.0199069805668798
s33-131-33,u033,2025-07-08,regular,hazard,30,0.0009427561171714283,0,8.887890964641478e-07,0.0009432007912210818
s33-131-33,u033,2025-07-08,regular,hazard,60,0.0025453412461884373,0,6.478762059548107e-06,0.0025485861346199786
s33-131-33,u033,2025-07-08,regular,hazard,120,0.00999915933506823,0,9.998318740808214e-05,0.010049486697365238
s33-131-33,u033,2025-07-08,regular,hazard_cal,30,0.0009269348290883439,0,8.592081773770373e-07,0.0009273646988383908
s33-131-33,u033,2025-07-08,regular,hazard_cal,60,0.0025196337276116587,0,6.348554121318222e-06,0.0025228133467790678
s33-131-33,u033,2025-07-08,regular,hazard_cal,120,0.01006051329787816,0,0.00010121392781678329,0.010111462264993739
s33-131-3,u003,2025-07-08,regular,empirical,30,0.0028985507246376274,0,8.401596303297314e-06,0.002902759657961351
s33-131-3,u003,2025-07-08,regular,empirical,60,0.004637681159420315,0,2.1508086536442157e-05,0.004648468567984626
s33-131-3,u003,2025-07-08,regular,empirical,120,0.0197101449275362,0,0.000388489813064481,0.0199069805668798
s33-131-3,u003,2025-07-08,regular,hazard,30,0.000993899735527659,0,9.878366842819508e-07,0.000994393981384156
s33-131-3,u003,2025-07-08,regular,hazard,60,0.0026832912984986468,0,7.200052192598554e-06,0.0026868977775288162
s33-131-3,u003,2025-07-08,regular,hazard,120,0.010538656760895493,0,0.00011106328632396828,0.010594581666668027
s33-131-3,u003,2025-07-08,regular,hazard_cal,30,0.0009782616088300777,0,9.56995775310812e-07,0.0009787404190109482
s33-131-3,u003,2025-07-08,regular,hazard_cal,60,0.0026590190888877707,0,7.07038251506955e-06,0.002662560559430218
s33-131-3,u003,2025-07-08,regular,hazard_cal,120,0.01061452677641761,0,0.00011266817868728642,0.010671262706279688
s33-131-38,u038,2025-07-08,regular,empirical,30,0.0028985507246376274,0,8.401596303297314e-06,0.002902759657961351
s33-131-38,u038,2025-07-08,regular,empirical,60,0.004637681159420315,0,2.1508086536442157e-05,0.004648468567984626
s33-131-38,u038,2025-07-08,regular,empirical,120,0.0197101449275362,0,0.000388489813064481,0.0199069805668798
s33-131-38,u038,2025-07-08,regular,hazard,30,0.0014212979199259568,0,2.0200877771858513e-06,0.0014223089218847516
s33-131-38,u038,2025-07-08,regular,hazard,60,0.003835583624828609,0,1.4711701743053373e-05,0.0038429583392960067
s33-131-38,u038,2025-07-08,regular,hazard,120,0.015035346878812472,0,0.00022606165576621596,0.015149523610090585
s33-131-38,u038,2025-07-08,regular,hazard_cal,30,0.001409059971092419,0,1.9854500021349688e-06,0.0014100536296194758
s33-131-38,u038,2025-07-08,regular,hazard_cal,60,0.003828363973959914,0,1.4656370717114145e-05,0.003835710916492986
s33-131-38,u038,2025-07-08,regular,hazard_cal,120,0.015251898935221164,0,0.0002326204211302005,0.015369405475424473
s33-131-53,u053,2025-07-08,regular,empirical,30,0.0028985507246376274,0,8.401596303297314e-06,0.002902759657961351
s33-131-53,u053,2025-07-08,regular,empirical,60,0.004637681159420315,0,2.1508086536442157e-05,0.004648468567984626
s33-131-53,u053,2025-07-08,regular,empirical,120,0.0197101449275362,0,0.000388489813064481,0.0199069805668798
s33-131-53,u053,2025-07-08,regular,hazard,30,0.0009904123813229138,0,9.809166850777247e-07,0.000990903163743536
s33-131-53,u053,2025-07-08,regular,hazard,60,0.002673885265024989,0,7.149662410517755e-06,0.0026774664814960534
s33-131-53,u053,2025-07-08,regular,hazard,120,0.010501879393461366,0,0.00011028947079480848,0.010557413277814936
s33-131-53,u053,2025-07-08,regular,hazard_cal,30,0.0009747600417105984,0,9.501571389156475e-07,0.0009752354292310028
s33-131-53,u053,2025-07-08,regular,hazard_cal,60,0.002649510516640974,0,7.01990597779112e-06,0.0026530266817473814
s33-131-53,u053,2025-07-08,regular,hazard_cal,120,0.01057674156852828,0,0.00011186746220743407,0.010633072852667796
s33-132-57,u057,2025-07-09,new,empirical,30,0.0028985507246376274,0,8.401596303297314e-06,0.002902759657961351
s33-132-57,u057,2025-07-09,new,empirical,60,0.004637681159420315,0,2.1508086536442157e-05,0.004648468567984626
s33-132-57,u057,2025-07-09,new,empirical,120,0.0197101449275362,0,0.000388489813064481,0.0199069805668798
s33-132-57,u057,2025-07-09,new,hazard,30,0.0006494797658910256,0,4.2182396630186146e-07,0.0006496907692407272
s33-132-57,u057,2025-07-09,new,hazard,60,0.0017540220408799323,0,3.076593319892603e-06,0.0017555621387137252
s33-132-57,u057,2025-07-09,new,hazard,120,0.006899640006362118,0,4.760503221739264e-05,0.006923552578037518
s33-132-57,u057,2025-07-09,new,hazard_cal,30,0.000633800328123657,0,4.0170285592965533e-07,0.0006340012644584509
s33-132-57,u057,2025-07-09,new,hazard_cal,60,0.0017233162698884197,0,2.9698189660621365e-06,0.0017248028875585654
s33-132-57,u057,2025-07-09,new,hazard_cal,120,0.0068903194766655185,0,4.747650249051619e-05,0.006914167337296069
s33-132-49,u049,2025-07-09,variable,empirical,30,0.0028985507246376274,0,8.401596303297314e-06,0.002902759657961351
s33-132-49,u049,2025-07-09,variable,empirical,60,0.004637681159420315,0,2.1508086536442157e-05,0.004648468567984626
s33-132-49,u049,2025-07-09,variable,empirical,120,0.0197101449275362,0,0.000388489813064481,0.0199069805668798
s33-132-49,u049,2025-07-09,variable,hazard,30,0.00016538018367096008,0,2.735060515104049e-08,0.000165393860481472
s33-132-49,u049,2025-07-09,variable,hazard,60,0.0004468435872218013,0,1.9966919144124754e-07,0.00044694345156779167
s33-132-49,u049,2025-07-09,variable,hazard,120,0.001761551104466741,0,3.103062293647995e-06,0.0017631044600918146
s33-132-49,u049,2025-07-09,variable,hazard_cal,30,0.00015699782912215188,0,2.46483183490684e-08,0.00015701015457138915
s33-132-49,u049,2025-07-09,variable,hazard_cal,60,0.00042707916120077183,0,1.8239660993195486e-07,0.00042717038547998814
s33-132-49,u049,2025-07-09,variable,hazard_cal,120,0.001711378790338447,0,2.928817364020286e-06,0.0017128448719398626
s33-132-13,u013,2025-07-09,variable,empirical,30,0.0028985507246376274,0,8.401596303297314e-06,0.002902759657961351
s33-132-13,u013,2025-07-09,variable,empirical,60,0.004637681159420315,0,2.1508086536442157e-05,0.004648468567984626
s33-132-13,u013,2025-07-09,variable,empirical,120,0.0197101449275362,0,0.000388489813064481,0.0199069805668798
s33-132-13,u013,2025-07-09,variable,hazard,30,0.0012273560333316835,0,1.5064028325556847e-06,0.0012281098516133664
s33-132-13,u013,2025-07-09,variable,hazard,60,0.0033128218592800573,0,1.0974788671323776e-05,0.0033183214029805105
s33-132-13,u013,2025-07-09,variable,hazard,120,0.012997477084260467,0,0.00016893441055587598,0.013082683406289644
s33-132-13,u013,2025-07-09,variable,hazard_cal,30,0.001213194398435924,0,1.4718406483963033e-06,0.001213930914511837
s33-132-13,u013,2025-07-09,variable,hazard_cal,60,0.0032968349583364365,0,1.0869120742509212e-05,0.003302281492885992
s33-132-13,u013,2025-07-09,variable,hazard_cal,120,0.013146272683426385,0,0.00017282448546700278,0.013233449805241194
s33-132-43,u043,2025-07-09,variable,empirical,30,0.0028985507246376274,0,8.401596303297314e-06,0.002902759657961351
s33-132-43,u043,2025-07-09,variable,empirical,60,0.004637681159420315,0,2.1508086536442157e-05,0.004648468567984626
s33-132-43,u043,2025-07-09,variable,empirical,120,0.0197101449275362,0,0.000388489813064481,0.0199069805668798
s33-132-43,u043,2025-07-09,variable,hazard,30,0.000875213239526107,0,7.659982146417827e-07,0.0008755964622508119
s33-132-43,u043,2025-07-09,variable,hazard,60,0.0023631365003823346,0,5.584414119439267e-06,0.002365933114164189
s33-132-43,u043,2025-07-09,variable,hazard,120,0.00928620818922532,0,8.62336625336354e-05,0.009329593821386315
s33-132-43,u043,2025-07-09,variable,hazard_cal,30,0.0008592365816673109,0,7.382875032753254e-07,0.0008596059370098529
s33-132-43,u043,2025-07-09,variable,hazard_cal,60,0.002335767876983086,0,5.455811575146072e-06,0.0023385000380625348
s33-132-43,u043,2025-07-09,variable,hazard_cal,120,0.009329298784585771,0,8.703581581207354e-05,0.009373089261588769
s33-132-53,u053,2025-07-09,regular,empirical,30,0.0028985507246376274,0,8.401596303297314e-06,0.002902759657961351
s33-132-53,u053,2025-07-09,regular,empirical,60,0.004637681159420315,0,2.1508086536442157e-05,0.004648468567984626
s33-132-53,u053,2025-07-09,regular,empirical,120,0.0197101449275362,0,0.000388489813064481,0.0199069805668798
s33-132-53,u053,2025-07-09,regular,hazard,30,0.0009702362838978074,0,9.413584465918266e-07,0.0009707072677895214
s33-132-53,u053,2025-07-09,regular,hazard,60,0.002619465390429787,0,6.861598931659477e-06,0.0026229021929310295
s33-132-53,u053,2025-07-09,regular,hazard,120,0.010289076256951746,0,0.00010586509022136814,0.010342374711841141
s33-132-53,u053,2025-07-09,regular,hazard_cal,30,0.0009545066211938957,0,9.110828899029871e-07,0.0009549624527247408
s33-132-53,u053,2025-07-09,regular,hazard_cal,60,0.0025945106907726556,0,6.731485724533603e-06,0.002597882266623937
s33-132-53,u053,2025-07-09,regular,hazard_cal,120,0.010358158846964671,0,0.0001072914546989525,0.01041217792354363
s33-132-0,u000,2025-07-09,regular,empirical,30,0.0028985507246376274,0,8.401596303297314e-06,0.002902759657961351
s33-132-0,u000,2025-07-09,regular,empirical,60,0.004637681159420315,0,2.1508086536442157e-05,0.004648468567984626
s33-132-0,u000,2025-07-09,regular,empirical,120,0.0197101449275362,0,0.000388489813064481,0.0199069805668798
s33-132-0,u000,2025-07-09,regular,hazard,30,0.0042074685340031115,0,1.770279146462629e-05,0.004216344836326625
s33-132-0,u000,2025-07-09,regular,hazard,60,0.011324024521180975,0,0.00012823353135630802,0.01138862947530025
s33-132-0,u000,2025-07-09,regular,hazard,120,0.043838966508402466,0,0.0019218549845248332,0.04482893504112164
s33-132-0,u000,2025-07-09,regular,hazard_cal,30,0.004263426030839845,0,1.8176801520442797e-05,0.004272540346298077
s33-132-0,u000,2025-07-09,regular,hazard_cal,60,0.01155132640926182,0,0.00013343314181330957,0.011618561249393746
s33-132-0,u000,2025-07-09,regular,hazard_cal,120,0.04541661635089933,0,0.0020626690407647766,0.04648028117287825
s33-132-15,u015,2025-07-09,variable,empirical,30,0.0028985507246376274,0,8.401596303297314e-06,0.002902759657961351
s33-132-15,u015,2025-07-09,variable,empirical,60,0.004637681159420315,0,2.1508086536442157e-05,0.004648468567984626
s33-132-15,u015,2025-07-09,variable,empirical,120,0.0197101449275362,0,0.000388489813064481,0.0199069805668798
s33-132-15,u015,2025-07-09,variable,hazard,30,0.0006409570258008035,0,4.108259089234119e-07,0.0006411625265713989
s33-132-15,u015,2025-07-09,variable,hazard,60,0.0017310192632944421,0,2.996427689896433e-06,0.0017325192083451654
s33-132-15,u015,2025-07-09,variable,hazard,120,0.0068094176352150315,0,4.636816853077747e-05,0.0068327075066684576
s33-132-15,u015,2025-07-09,variable,hazard_cal,30,0.0006253167757954703,0,3.910210700912425e-07,0.000625512367872771
s33-132-15,u015,2025-07-09,variable,hazard_cal,60,0.0017002634000192751,0,2.8908956294451055e-06,0.0017017104883541737
s33-132-15,u015,2025-07-09,variable,hazard_cal,120,0.006798415546459324,0,4.621845394233983e-05,0.006821630047806503
s33-132-2,u002,2025-07-09,variable,empirical,30,0.0028985507246376274,0,8.401596303297314e-06,0.002902759657961351
s33-132-2,u002,2025-07-09,variable,empirical,60,0.004637681159420315,0,2.1508086536442157e-05,0.004648468567984626
s33-132-2,u002,2025-07-09,variable,empirical,120,0.0197101449275362,0,0.000388489813064481,0.0199069805668798
s33-132-2,u002,2025-07-09,variable,hazard,30,0.001118953668135192,0,1.2520573114332011e-06,0.001119580164181212
s33-132-2,u002,2025-07-09,variable,hazard,60,0.003020542867138154,0,9.12367921221918e-06,0.0030251139137597804
s33-132-2,u002,2025-07-09,variable,hazard,120,0.011856537965165614,0,0.00014057749251941356,0.011927387286721833
s33-132-2,u002,2025-07-09,variable,hazard_cal,30,0.0011039827292358417,0,1.2187778664510178e-06,0.0011045925670439887
s33-132-2,u002,2025-07-09,variable,hazard_cal,60,0.00300037408809406,0,9.002244668506261e-06,0.00300488423410438
s33-132-2,u002,2025-07-09,variable,hazard_cal,120,0.011970189529259878,0,0.00014328543736640283,0.012042409148216263
s33-132-39,u039,2025-07-09,variable,empirical,30,0.0028985507246376274,0,8.401596303297314e-06,0.002902759657961351
s33-132-39,u039,2025-07-09,variable,empirical,60,0.004637681159420315,0,2.1508086536442157e-05,0.004648468567984626
s33-132-39,u039,2025-07-09,variable,empirical,120,0.0197101449275362,0,0.000388489813064481,0.0199069805668798
s33-132-39,u039,2025-07-09,variable,hazard,30,0.0012429983385144894,0,1.5450448695497812e-06,0.0012437715017093846
s33-132-39,u039,2025-07-09,variable,hazard,60,0.0033549922514168884,0,1.1255973007067361e-05,0.0033606328575806464
s33-132-39,u039,2025-07-09,variable,hazard,120,0.013162001161265091,0,0.0001732382745691436,0.013249387935426984
s33-132-39,u039,2025-07-09,variable,hazard_cal,30,0.0012289699650006591,0,1.5103671748737214e-06,0.0012297257678909241
s33-132-39,u039,2025-07-09,variable,hazard_cal,60,0.0033396533410735563,0,1.1153284438543766e-05,0.0033452424305096327
s33-132-39,u039,2025-07-09,variable,hazard_cal,120,0.01331603775350354,0,0.0001773168614527316,0.013405491181895591
s33-132-47,u047,2025-07-09,regular,empirical,30,0.0028985507246376274,0,8.401596303297314e-06,0.002902759657961351
s33-132-47,u047,2025-07-09,regular,empirical,60,0.004637681159420315,0,2.1508086536442157e-05,0.004648468567984626
s33-132-47,u047,2025-07-09,regular,empirical,120,0.0197101449275362,0,0.000388489813064481,0.0199069805668798
s33-132-47,u047,2025-07-09,regular,hazard,30,0.0008551682761359647,0,7.313127805093575e-07,0.0008555341411251787
s33-132-47,u047,2025-07-09,regular,hazard,60,0.0023090583196381242,0,5.331750323490038e-06,0.0023117283056940606
s33-132-47,u047,2025-07-09,regular,hazard,120,0.009074521382017031,0,8.234693831268429e-05,0.009115945645179452
s33-132-47,u047,2025-07-09,regular,hazard_cal,30,0.0008391654174871865,0,7.041985979064441e-07,0.0008395177138899004
s33-132-47,u047,2025-07-09,regular,hazard_cal,60,0.0022812506883578276,0,5.204104703133063e-06,0.0022838567047815963
s33-132-47,u047,2025-07-09,regular,hazard_cal,120,0.009112401275081283,0,8.3035856998103e-05,0.009154173158663874
s33-132-23,u023,2025-07-09,variable,empirical,30,0.0028985507246376274,0,8.401596303297314e-06,0.002902759657961351
s33-132-23,u023,2025-07-09,variable,empirical,60,0.004637681159420315,0,2.1508086536442157e-05,0.004648468567984626
s33-132-23,u023,2025-07-09,variable,empirical,120,0.0197101449275362,0,0.000388489813064481,0.0199069805668798
s33-132-23,u023,2025-07-09,variable,hazard,30,0.001115729997428927,0,1.2448534271627534e-06,0.0011163528875037065
s33-132-23,u023,2025-07-09,variable,hazard,60,0.0030118501355496097,0,9.071241239010202e-06,0.003016394883863713
s33-132-23,u023,2025-07-09,variable,hazard,120,0.011822587962333153,0,0.00013977358612710477,0.011893030514720694
s33-132-23,u023,2025-07-09,variable,hazard_cal,30,0.001100738157832848,0,1.2116244921092517e-06,0.0011013444150066716
s33-132-23,u023,2025-07-09,variable,hazard_cal,60,0.002991565559069098,0,8.949464494208406e-06,0.0029960492356907223
s33-132-23,u023,2025-07-09,variable,hazard_cal,120,0.011935227128276882,0,0.00014244964660355643,0.012007023796440735
s33-132-37,u037,2025-07-09,variable,empirical,30,0.0028985507246376274,0,8.401596303297314e-06,0.002902759657961351
s33-132-37,u037,2025-07-09,variable,empirical,60,0.004637681159420315,0,2.1508086536442157e-05,0.004648468567984626
s33-132-37,u037,2025-07-09,variable,empirical,120,0.0197101449275362,1,0.9609681999579921,3.9266218048493005
s33-132-37,u037,2025-07-09,variable,hazard,30,0.0011783668669786973,0,1.388548473193191e-06,0.00117906168710427
s33-132-37,u037,2025-07-09,variable,hazard,60,0.003180742788163493,0,1.0117124684454073e-05,0.0031858121028171854
s33-132-37,u037,2025-07-09,variable,hazard,120,0.01248203193767683,1,0.9751917372459395,4.383465113774887
s33-132-37,u037,2025-07-09,variable,hazard_cal,30,0.0011638143305631177,0,1.3544637960240776e-06,0.0011644920883683255
s33-132-37,u037,2025-07-09,variable,hazard_cal,60,0.00316279798069774,0,1.0003291066705703e-05,0.0031678101974406112
s33-132-37,u037,2025-07-09,variable,hazard_cal,120,0.012614685675098158,1,0.9749297589444852,4.372893613957517
s33-132-44,u044,2025-07-09,variable,empirical,30,0.0028985507246376274,0,8.401596303297314e-06,0.002902759657961351
s33-132-44,u044,2025-07-09,variable,empirical,60,0.004637681159420315,0,2.1508086536442157e-05,0.004648468567984626
s33-132-44,u044,2025-07-09,variable,empirical,120,0.0197101449275362,0,0.000388489813064481,0.0199069805668798
s33-132-44,u044,2025-07-09,variable,hazard,30,0.0002313852619066914,0,5.353913942762817e-08,0.00023141203560651122
s33-132-44,u044,2025-07-09,variable,hazard,60,0.0006251440818181297,0,3.908051230322325e-07,0.0006253395658543504
s33-132-44,u044,2025-07-09,variable,hazard,120,0.0024637149954347404,0,6.0698915787300025e-06,0.0024667549352808274
s33-132-44,u044,2025-07-09,variable,hazard_cal,30,0.00022114947690943243,0,4.890709113731559e-08,0.00022117393406085838
s33-132-44,u044,2025-07-09,variable,hazard_cal,60,0.0006015523734843597,0,3.6186525804466664e-07,0.0006017333787064361
s33-132-44,u044,2025-07-09,variable,hazard_cal,120,0.0024098028474736077,0,5.807149763691908e-06,0.002412711095497832
s33-132-46,u046,2025-07-09,variable,empirical,30,0.0028985507246376274,0,8.401596303297314e-06,0.002902759657961351
s33-132-46,u046,2025-07-09,variable,empirical,60,0.004637681159420315,0,2.1508086536442157e-05,0.004648468567984626
s33-132-46,u046,2025-07-09,variable,empirical,120,0.0197101449275362,0,0.000388489813064481,0.0199069805668798
s33-132-46,u046,2025-07-09,variable,hazard,30,0.0001982951928199972,0,3.932098349551986e-08,0.00019831485591118554
s33-132-46,u046,2025-07-09,variable,hazard,60,0.0005357602245410487,0,2.870390182002749e-07,0.0005359037953321184
s33-132-46,u046,2025-07-09,variable,hazard,120,0.002111765384181008,0,4.45955303782516e-06,0.002113998304856816
s33-132-46,u046,2025-07-09,variable,hazard_cal,30,0.00018893453259272164,0,3.569625760603019e-08,0.00018895238296992852
s33-132-46,u046,2025-07-09,variable,hazard_cal,60,0.0005139401341809346,0,2.641344615219171e-07,0.0005140722466789114
s33-132-46,u046,2025-07-09,variable,hazard_cal,120,0.002059139303886015,0,4.240054672808183e-06,0.0020612622460120943
s33-132-51,u051,2025-07-09,regular,empirical,30,0.0028985507246376274,0,8.401596303297314e-06,0.002902759657961351
s33-132-51,u051,2025-07-09,regular,empirical,60,0.004637681159420315,0,2.1508086536442157e-05,0.004648468567984626
s33-132-51,u051,2025-07-09,regular,empirical,120,0.0197101449275362,0,0.000388489813064481,0.0199069805668798
s33-132-51,u051,2025-07-09,regular,hazard,30,0.0010185600367064174,0,1.0374645483753783e-06,0.001019079121489884
s33-132-51,u051,2025-07-09,regular,hazard,60,0.002749802845229299,0,7.561415687631147e-06,0.002753590498199173
s33-132-51,u051,2025-07-09,regular,hazard,120,0.010798682304508311,0,0.00011661153951370094,0.010857411253786092
s33-132-51,u051,2025-07-09,regular,hazard_cal,30,0.0010030294343091883,0,1.0060680460906104e-06,0.0010035328049574344
s33-132-51,u051,2025-07-09,regular,hazard_cal,60,0.0027262747334281245,0,7.432573922128591e-06,0.0027299977886429973
s33-132-51,u051,2025-07-09,regular,hazard_cal,120,0.010881752409616308,0,0.00011841253550419031,0.010941391725510148
s33-132-9,u009,2025-07-09,regular,empirical,30,0.0028985507246376274,0,8.401596303297314e-06,0.002902759657961351
s33-132-9,u009,2025-07-09,regular,empirical,60,0.004637681159420315,0,2.1508086536442157e-05,0.004648468567984626
s33-132-9,u009,2025-07-09,regular,empirical,120,0.0197101449275362,0,0.000388489813064481,0.0199069805668798
s33-132-9,u009,2025-07-09,regular,hazard,30,0.002874868680425191,0,8.26486992968968e-06,0.002879009052644994
s33-132-9,u009,2025-07-09,regular,hazard,60,0.007747397540615264,0,6.002216865233144e-05,0.007777564536425742
s33-132-9,u009,2025-07-09,regular,hazard,120,0.030171976446699,0,0.0009103481627001593,0.030636518509254473
s33-132-9,u009,2025-07-09,regular,hazard_cal,30,0.0028908618010553555,0,8.357081952801014e-06,0.002895048412588767
s33-132-9,u009,2025-07-09,regular,hazard_cal,60,0.00784300724951914,0,6.151276271600979e-05,0.00787392539782114
s33-132-9,u009,2025-07-09,regular,hazard_cal,120,0.03103230722628547,0,0.0009630040917865695,0.03152400843798762
s33-132-45,u045,2025-07-09,variable,empirical,30,0.0028985507246376274,0,8.401596303297314e-06,0.002902759657961351
s33-132-45,u045,2025-07-09,variable,empirical,60,0.004637681159420315,0,2.1508086536442157e-05,0.004648468567984626
s33-132-45,u045,2025-07-09,variable,empirical,120,0.0197101449275362,0,0.000388489813064481,0.0199069805668798
s33-132-45,u045,2025-07-09,variable,hazard,30,0.0009029221864629289,0,8.152684748069961e-07,0.0009033300662412828
s33-132-45,u045,2025-07-09,variable,hazard,60,0.0024378874695670794,0,5.943295314272177e-06,0.002440863955767221
s33-132-45,u045,2025-07-09,variable,hazard,120,0.009578754729367756,0,9.175254216538515e-05,0.009624926079706038
s33-132-45,u045,2025-07-09,variable,hazard_cal,30,0.0008869969696010394,0,7.867636240814271e-07,0.0008873905841869226
s33-132-45,u045,2025-07-09,variable,hazard_cal,60,0.0024111669706018413,0,5.81372616012126e-06,0.0024140785147695847
s33-132-45,u045,2025-07-09,variable,hazard_cal,120,0.009629208519878918,0,9.272165671930874e-05,0.009675869126311612
s33-132-31,u031,2025-07-09,variable,empirical,30,0.0028985507246376274,0,8.401596303297314e-06,0.002902759657961351
s33-132-31,u031,2025-07-09,variable,empirical,60,0.004637681159420315,0,2.1508086536442157e-05,0.004648468567984626
s33-132-31,u031,2025-07-09,variable,empirical,120,0.0197101449275362,0,0.000388489813064481,0.0199069805668798
s33-132-31,u031,2025-07-09,variable,hazard,30,0.000563791335197239,0,3.1786066964348554e-07,0.0005639503252930281
s33-132-31,u031,2025-07-09,variable,hazard,60,0.0015227327435142213,0,2.3187150081703474e-06,0.001523893279291811
s33-132-31,u031,2025-07-09,variable,hazard,120,0.005992152277402019,0,3.59058889155742e-05,0.006010177263572177
s33-132-31,u031,2025-07-09,variable,hazard_cal,30,0.0005486132714332959,0,3.0097652159274314e-07,0.0005487638147566536
s33-132-31,u031,2025-07-09,variable,hazard_cal,60,0.0014918149835494443,0,2.2255119451426286e-06,0.001492928847445743
s33-132-31,u031,2025-07-09,variable,hazard_cal,120,0.005967073171620707,0,3.560596223547561e-05,0.005984947292332472
s33-132-59,u059,2025-07-09,new,empirical,30,0.0028985507246376274,0,8.401596303297314e-06,0.002902759657961351
s33-132-59,u059,2025-07-09,new,empirical,60,0.004637681159420315,0,2.1508086536442157e-05,0.004648468567984626
s33-132-59,u059,2025-07-09,new,empirical,120,0.0197101449275362,0,0.000388489813064481,0.0199069805668798
s33-132-59,u059,2025-07-09,new,hazard,30,0.0015218035544164454,0,2.315886058234527e-06,0.0015229626735625743
s33-132-59,u059,2025-07-09,new,hazard,60,0.004106415178772194,0,1.6862645620450668e-05,0.0041148696545786
s33-132-59,u059,2025-07-09,new,hazard,120,0.016089721750309205,0,0.0002588791460023731,0.016220566727649075
s33-132-59,u059,2025-07-09,new,hazard_cal,30,0.0015107797249159782,0,2.2824553772171987e-06,0.0015119221033376659
s33-132-59,u059,2025-07-09,new,hazard_cal,60,0.004104325077836535,0,1.6845484344557878e-05,0.004112770937633084
s33-132-59,u059,2025-07-09,new,hazard_cal,120,0.016343592958902087,0,0.00026711303080627385,0.01647862274364042
s33-132-4,u004,2025-07-09,variable,empirical,30,0.0028985507246376274,0,8.401596303297314e-06,0.002902759657961351
s33-132-4,u004,2025-07-09,variable,empirical,60,0.004637681159420315,0,2.1508086536442157e-05,0.004648468567984626
s33-132-4,u004,2025-07-09,variable,empirical,120,0.0197101449275362,0,0.000388489813064481,0.0199069805668798
s33-132-4,u004,2025-07-09,variable,hazard,30,0.0005987414504992072,0,3.5849132454589464e-07,0.0005989207677414964
s33-132-4,u004,2025-07-09,variable,hazard,60,0.001617074336524249,0,2.61492940984534e-06,0.001618383212452597
s33-132-4,u004,2025-07-09,variable,hazard,120,0.00636239614191314,0,4.0480084666631215e-05,0.00638272244611352
s33-132-4,u004,2025-07-09,variable,hazard_cal,30,0.0005833294388878363,0,3.402732342731979e-07,0.0005834996416977311
s33-132-4,u004,2025-07-09,variable,hazard_cal,60,0.001586163044750566,0,2.5159132045323856e-06,0.0015874223331534805
s33-132-4,u004,2025-07-09,variable,hazard_cal,120,0.006343429456274308,0,4.023909726672856e-05,0.00636363449639403
s33-132-21,u021,2025-07-09,regular,empirical,30,0.0028985507246376274,0,8.401596303297314e-06,0.002902759657961351
s33-132-21,u021,2025-07-09,regular,empirical,60,0.004637681159420315,0,2.1508086536442157e-05,0.004648468567984626
s33-132-21,u021,2025-07-09,regular,empirical,120,0.0197101449275362,0,0.000388489813064481,0.0199069805668798
s33-132-21,u021,2025-07-09,regular,hazard,30,0.0002745387726391657,0,7.537153768221952e-08,0.0002745764653068972
s33-132-21,u021,2025-07-09,regular,hazard,60,0.0007417030336951402,0,5.501233901925743e-07,0.0007419782314753362
s33-132-21,u021,2025-07-09,regular,hazard,120,0.0029225087940680794,0,8.54105765140526e-06,0.0029267876616126407
s33-132-21,u021,2025-07-09,regular,hazard_cal,30,0.0002633001249329192,0,6.932695578969086e-08,0.0002633347944966146
s33-132-21,u021,2025-07-09,regular,hazard_cal,60,0.0007161775746393761,0,5.129103184163392e-07,0.0007164341523093473
s33-132-21,u021,2025-07-09,regular,hazard_cal,120,0.0028684255557782645,0,8.227865169041846e-06,0.002872547372332397
s33-133-33,u033,2025-07-10,regular,empirical,30,0.0028985507246376274,0,8.401596303297314e-06,0.002902759657961351
s33-133-33,u033,2025-07-10,regular,empirical,60,0.004637681159420315,0,2.1508086536442157e-05,0.004648468567984626
s33-133-33,u033,2025-07-10,regular,empirical,120,0.0197101449275362,0,0.000388489813064481,0.0199069805668798
s33-133-33,u033,2025-07-10,regular,hazard,30,0.0009295100549175928,0,8.639889421929063e-07,0.000929942317270917
s33-133-33,u033,2025-07-10,regular,hazard,60,0.0025096103279445003,0,6.298143998125703e-06,0.002512764678509244
s33-133-33,u033,2025-07-10,regular,hazard,120,0.009859381646662224,0,9.720740645453991e-05,0.009908307199303041
s33-133-33,u033,2025-07-10,regular,hazard_cal,30,0.0009136503589479705,0,8.347569784057554e-07,0.0009140679918368433
s33-133-33,u033,2025-07-10,regular,hazard_cal,60,0.002483555532824089,0,6.168048084621143e-06,0.0024866446726265227
s33-133-33,u033,2025-07-10,regular,hazard_cal,120,0.009917070568359665,0,9.83482886578255e-05,0.009966572259102264
s33-133-30,u030,2025-07-10,regular,empirical,30,0.0028985507246376274,0,8.401596303297314e-06,0.002902759657961351
s33-133-30,u030,2025-07-10,regular,empirical,60,0.004637681159420315,0,2.1508086536442157e-05,0.004648468567984626
s33-133-30,u030,2025-07-10,regular,empirical,120,0.0197101449275362,0,0.000388489813064481,0.0199069805668798
s33-133-30,u030,2025-07-10,regular,hazard,30,0.006198210009583538,0,3.841780732290156e-05,0.00621749865794539
s33-133-30,u030,2025-07-10,regular,hazard,60,0.016649940822753284,0,0.0002772205294011863,0.016790109128245023
s33-133-30,u030,2025-07-10,regular,hazard,120,0.06388852056422212,0,0.004081743059885032,0.06602070763531932
s33-133-30,u030,2025-07-10,regular,hazard_cal,30,0.006329691104025925,0,4.0064989472384935e-05,0.00634980853510831
s33-133-30,u030,2025-07-10,regular,hazard_cal,60,0.017115089979918285,0,0.0002929263050206993,0.017263246035206035
s33-133-30,u030,2025-07-10,regular,hazard_cal,120,0.06665680309404243,0,0.004443129398717944,0.0689823034292676
s33-133-52,u052,2025-07-10,regular,empirical,30,0.0028985507246376274,0,8.401596303297314e-06,0.002902759657961351
s33-133-52,u052,2025-07-10,regular,empirical,60,0.004637681159420315,0,2.1508086536442157e-05,0.004648468567984626
s33-133-52,u052,2025-07-10,regular,empirical,120,0.0197101449275362,0,0.000388489813064481,0.0199069805668798
s33-133-52,u052,2025-07-10,regular,hazard,30,0.0005833859232297067,0,3.4033913542257725e-07,0.0005835561590094094
s33-133-52,u052,2025-07-10,regular,hazard,60,0.0015756256167188676,0,2.482596084060712e-06,0.0015768682201843256
s33-133-52,u052,2025-07-10,regular,hazard,120,0.006199744902946058,0,3.843683686160563e-05,0.006219043125427011
s33-133-52,u052,2025-07-10,regular,hazard_cal,30,0.0005680715191255237,0,3.227052508415802e-07,0.000568232932883545
s33-133-52,u052,2025-07-10,regular,hazard_cal,60,0.0015446974138285663,0,2.3860901002886608e-06,0.0015458916888995639
s33-133-52,u052,2025-07-10,regular,hazard_cal,120,0.006178037216375665,0,3.8168143846922774e-05,0.006197200255714674
s33-133-57,u057,2025-07-10,new,empirical,30,0.0028985507246376274,0,8.401596303297314e-06,0.002902759657961351
s33-133-57,u057,2025-07-10,new,empirical,60,0.004637681159420315,0,2.1508086536442157e-05,0.004648468567984626
s33-133-57,u057,2025-07-10,new,empirical,120,0.0197101449275362,0,0.000388489813064481,0.0199069805668798
s33-133-57,u057,2025-07-10,new,hazard,30,0.0009972845148803477,0,9.945764036201306e-07,0.0009977821339548663
s33-133-57,u057,2025-07-10,new,hazard,60,0.0026924206082938884,0,7.249128731965632e-06,0.0026960516917268955
s33-133-57,u057,2025-07-10,new,hazard,120,0.010574351038559193,0,0.00011181689988667788,0.010630656771318525
s33-133-57,u057,2025-07-10,new,hazard_cal,30,0.0009816604199229806,0,9.636571800433627e-07,0.000982142564073381
s33-133-57,u057,2025-07-10,new,hazard_cal,60,0.002668248562963882,0,7.119550393758821e-06,0.0026718146831032396
s33-133-57,u057,2025-07-10,new,hazard_cal,120,0.010651201725052073,0,0.00011344809818775226,0.01070833180561953
s33-133-4,u004,2025-07-10,variable,empirical,30,0.0028985507246376274,0,8.401596303297314e-06,0.002902759657961351
s33-133-4,u004,2025-07-10,variable,empirical,60,0.004637681159420315,0,2.1508086536442157e-05,0.004648468567984626
s33-133-4,u004,2025-07-10,variable,empirical,120,0.0197101449275362,0,0.000388489813064481,0.0199069805668798
s33-133-4,u004,2025-07-10,variable,hazard,30,0.00047806058007704433,0,2.285419182236001e-07,0.00047817488746817967
s33-133-4,u004,2025-07-10,variable,hazard,60,0.0012912909575297782,0,1.6674323369981715e-06,0.0012921253921075117
s33-133-4,u004,2025-07-10,variable,hazard,120,0.005083363383177275,0,2.5840583285427513e-05,0.005096327628127307
s33-133-4,u004,2025-07-10,variable,hazard_cal,30,0.00046364602373527575,0,2.1496763532553188e-07,0.00046375354078745867
s33-133-4,u004,2025-07-10,variable,hazard_cal,60,0.0012608726623098976,0,1.589799870560449e-06,0.0012616682310560802
s33-133-4,u004,2025-07-10,variable,hazard_cal,120,0.0050453262254819276,0,2.5455316721535713e-05,0.005058096856618268
s33-133-23,u023,2025-07-10,variable,empirical,30,0.0028985507246376274,0,8.401596303297314e-06,0.002902759657961351
s33-133-23,u023,2025-07-10,variable,empirical,60,0.004637681159420315,0,2.1508086536442157e-05,0.004648468567984626
s33-133-23,u023,2025-07-10,variable,empirical,120,0.0197101449275362,0,0.000388489813064481,0.0199069805668798
s33-133-23,u023,2025-07-10,variable,hazard,30,0.0009215157157110854,0,8.49191214302514e-07,0.0009219405723463343
s33-133-23,u023,2025-07-10,variable,hazard,60,0.0024880453582255546,0,6.1903697045877285e-06,0.0024911456866506623
s33-133-23,u023,2025-07-10,variable,hazard,120,0.009775012403824723,0,9.555086749492719e-05,0.009823101475031645
s33-133-23,u023,2025-07-10,variable,hazard_cal,30,0.0009056346827707173,0,8.201741786372178e-07,0.0009060450176210567
s33-133-23,u023,2025-07-10,variable,hazard_cal,60,0.0024617859672010356,0,6.060390148307939e-06,0.0024648211446032
s33-133-23,u023,2025-07-10,variable,hazard_cal,120,0.009830508713472796,0,9.663890156566458e-05,0.009879147187392861
s33-133-3,u003,2025-07-10,regular,empirical,30,0.0028985507246376274,0,8.401596303297314e-06,0.002902759657961351
s33-133-3,u003,2025-07-10,regular,empirical,60,0.004637681159420315,0,2.1508086536442157e-05,0.004648468567984626
s33-133-3,u003,2025-07-10,regular,empirical,120,0.0197101449275362,0,0.000388489813064481,0.0199069805668798
s33-133-3,u003,2025-07-10,regular,hazard,30,0.0006688653272877154,0,4.473808260477027e-07,0.0006690891174966443
s33-133-3,u003,2025-07-10,regular,hazard,60,0.0018063420405065589,0,3.262871567301399e-06,0.0018079754435763391
s33-133-3,u003,2025-07-10,regular,hazard,120,0.007104825657943681,0,5.0478547629774854e-05,0.007130185119515276
s33-133-3,u003,2025-07-10,regular,hazard_cal,30,0.0006531050705386177,0,4.2654623316325275e-07,0.0006533184365605444
s33-133-3,u003,2025-07-10,regular,hazard_cal,60,0.001775772790193808,0,3.1533690023927024e-06,0.0017773513437400992
s33-133-3,u003,2025-07-10,regular,hazard_cal,120,0.007099418684592962,0,5.040174565914766e-05,0.007124739470499936
s33-133-49,u049,2025-07-10,variable,empirical,30,0.0028985507246376274,0,8.401596303297314e-06,0.002902759657961351
s33-133-49,u049,2025-07-10,variable,empirical,60,0.004637681159420315,0,2.1508086536442157e-05,0.004648468567984626
s33-133-49,u049,2025-07-10,variable,empirical,120,0.0197101449275362,0,0.000388489813064481,0.0199069805668798
s33-133-49,u049,2025-07-10,variable,hazard,30,0.00030954180309628043,0,9.581612786409645e-08,0.0003095897210488739
s33-133-49,u049,2025-07-10,variable,hazard,60,0.0008362401664437913,0,6.992976159739397e-07,0.0008365900103010326
s33-133-49,u049,2025-07-10,variable,hazard,120,0.003294490079504664,0,1.0853664883954647e-05,0.0032999288605720803
s33-133-49,u049,2025-07-10,variable,hazard_cal,30,0.00029758929754042374,0,8.855939001060285e-08,0.00029763358602216575
s33-133-49,u049,2025-07-10,variable,hazard_cal,60,0.0008094171827568442,0,6.551561757420264e-07,0.0008097449377169808
s33-133-49,u049,2025-07-10,variable,hazard_cal,120,0.0032413503837153135,0,1.050635231001141e-05,0.003246614939127628
s33-133-22,u022,2025-07-10,regular,empirical,30,0.0028985507246376274,0,8.401596303297314e-06,0.002902759657961351
s33-133-22,u022,2025-07-10,regular,empirical,60,0.004637681159420315,0,2.1508086536442157e-05,0.004648468567984626
s33-133-22,u022,2025-07-10,regular,empirical,120,0.0197101449275362,0,0.000388489813064481,0.0199069805668798
s33-133-22,u022,2025-07-10,regular,hazard,30,0.000706482967488764,0,4.9911818335173e-07,0.0007067326441822533
s33-133-22,u022,2025-07-10,regular,hazard,60,0.0019078633073729145,0,3.639942399619916e-06,0.0019096855967275983
s33-133-22,u022,2025-07-10,regular,hazard,120,0.0075028636800448245,0,5.629296340133577e-05,0.007531151744898525
s33-133-22,u022,2025-07-10,regular,hazard_cal,30,0.0006905978044783323,0,4.769253275502929e-07,0.0006908363769868647
s33-133-22,u022,2025-07-10,regular,hazard_cal,60,0.0018776456462226143,0,3.525553172778739e-06,0.0018794106325009151
s33-133-22,u022,2025-07-10,regular,hazard_cal,120,0.007505391145583018,0,5.633089624819597e-05,0.007533698320262719
s33-133-28,u028,2025-07-10,regular,empirical,30,0.0028985507246376274,0,8.401596303297314e-06,0.002902759657961351
s33-133-28,u028,2025-07-10,regular,empirical,60,0.004637681159420315,0,2.1508086536442157e-05,0.004648468567984626
s33-133-28,u028,2025-07-10,regular,empirical,120,0.0197101449275362,0,0.000388489813064481,0.0199069805668798
s33-133-28,u028,2025-07-10,regular,hazard,30,0.004063344290797688,0,1.6510766825558167e-05,0.004071622105560819
s33-133-28,u028,2025-07-10,regular,hazard,60,0.010937646607363738,0,0.00011963211330757549,0.010997902438166545
s33-133-28,u028,2025-07-10,regular,hazard,120,0.042370431397604325,0,0.0017952534568190944,0.04329424739303317
s33-133-28,u028,2025-07-10,regular,hazard_cal,30,0.0041145002290767785,0,1.6929112135072864e-05,0.004122988075308261
s33-133-28,u028,2025-07-10,regular,hazard_cal,60,0.011149448393489969,0,0.00012431019947909606,0.011212069387985694
s33-133-28,u028,2025-07-10,regular,hazard_cal,120,0.0438666032701317,0,0.001924278882459129,0.04485783933670959
s33-133-51,u051,2025-07-10,regular,empirical,30,0.0028985507246376274,0,8.401596303297314e-06,0.002902759657961351
s33-133-51,u051,2025-07-10,regular,empirical,60,0.004637681159420315,0,2.1508086536442157e-05,0.004648468567984626
s33-133-51,u051,2025-07-10,regular,empirical,120,0.0197101449275362,0,0.000388489813064481,0.0199069805668798
s33-133-51,u051,2025-07-10,regular,hazard,30,0.0012576348588446695,0,1.5816454381812518e-06,0.0012584263452339365
s33-133-51,u051,2025-07-10,regular,hazard,60,0.0033944499764516634,0,1.1522290642632698e-05,0.003400224192333896
s33-133-51,u051,2025-07-10,regular,hazard,120,0.013315920981372353,0,0.00017731375158215246,0.013405372833844194
s33-133-51,u051,2025-07-10,regular,hazard_cal,30,0.0012437348028851991,0,1.546876259907885e-06,0.0012445088829152356
s33-133-51,u051,2025-07-10,regular,hazard_cal,60,0.0033797271863341694,0,1.1422555854046282e-05,0.003385451365342517
s33-133-51,u051,2025-07-10,regular,hazard_cal,120,0.013474898788349843,0,0.00018157289735627207,0.013566509127871494
s33-133-7,u007,2025-07-10,variable,empirical,30,0.0028985507246376274,0,8.401596303297314e-06,0.002902759657961351
s33-133-7,u007,2025-07-10,variable,empirical,60,0.004637681159420315,0,2.1508086536442157e-05,0.004648468567984626
s33-133-7,u007,2025-07-10,variable,empirical,120,0.0197101449275362,0,0.000388489813064481,0.0199069805668798
s33-133-7,u007,2025-07-10,variable,hazard,30,0.002206645348327485,0,4.8692836932953275e-06,0.0022090835777061673
s33-133-7,u007,2025-07-10,variable,hazard,60,0.005950454131291916,0,3.540790436860903e-05,0.005968228629442564
s33-133-7,u007,2025-07-10,variable,hazard,120,0.02324339168967926,0,0.0005402552572398509,0.023517779459072557
s33-133-7,u007,2025-07-10,variable,hazard_cal,30,0.0022071282690557803,0,4.871415196065165e-06,0.002209567566543042
s33-133-7,u007,2025-07-10,variable,hazard_cal,60,0.005992014380720501,0,3.5904236338761286e-05,0.006010038535621217
s33-133-7,u007,2025-07-10,variable,hazard_cal,120,0.023783591414299976,0,0.0005656592205623636,0.0240709870392327
s33-133-8,u008,2025-07-10,regular,empirical,30,0.0028985507246376274,0,8.401596303297314e-06,0.002902759657961351
s33-133-8,u008,2025-07-10,regular,empirical,60,0.004637681159420315,0,2.1508086536442157e-05,0.004648468567984626
s33-133-8,u008,2025-07-10,regular,empirical,120,0.0197101449275362,0,0.000388489813064481,0.0199069805668798
s33-133-8,u008,2025-07-10,regular,hazard,30,0.002756774251720162,0,7.5998042749472595e-06,0.002760581151977058
s33-133-8,u008,2025-07-10,regular,hazard,60,0.007429994171117338,0,5.5204813382837614e-05,0.007457734068072403
s33-133-8,u008,2025-07-10,regular,hazard,120,0.028951177204031286,0,0.0008381706614992208,0.029378531011531258
s33-133-8,u008,2025-07-10,regular,hazard_cal,30,0.002769769675090794,0,7.671624053052564e-06,0.002773612584740672
s33-133-8,u008,2025-07-10,regular,hazard_cal,60,0.0075153688551049536,0,5.648076902828154e-05,0.00754375153323438
s33-133-8,u008,2025-07-10,regular,hazard_cal,120,0.029752587849414258,0,0.000885216483737113,0.030204175935250113
s33-133-1,u001,2025-07-10,regular,empirical,30,0.0028985507246376274,0,8.401596303297314e-06,0.002902759657961351
s33-133-1,u001,2025-07-10,regular,empirical,60,0.004637681159420315,0,2.1508086536442157e-05,0.004648468567984626
s33-133-1,u001,2025-07-10,regular,empirical,120,0.0197101449275362,0,0.000388489813064481,0.0199069805668798
s33-133-1,u001,2025-07-10,regular,hazard,30,0.000233564617933113,0,5.455243075024105e-08,0.0002335918983964048
s33-133-1,u001,2025-07-10,regular,hazard,60,0.0006310308215803362,0,3.981998977843541e-07,0.000631230005327692
s33-133-1,u001,2025-07-10,regular,hazard,120,0.0024868903868385805,0,6.184623796150145e-06,0.0024899878351452675
s33-133-1,u001,2025-07-10,regular,hazard_cal,30,0.00022327461490956324,0,4.985155366301376e-08,0.00022329954439721163
s33-133-1,u001,2025-07-10,regular,hazard_cal,60,0.00060733173641625,0,3.688518380583774e-07,0.0006075162370411177
s33-133-1,u001,2025-07-10,regular,hazard_cal,120,0.002432930755590146,0,5.919152061496438e-06,0.0024358951406927665
s33-133-10,u010,2025-07-10,regular,empirical,30,0.0028985507246376274,0,8.401596303297314e-06,0.002902759657961351
s33-133-10,u010,2025-07-10,regular,empirical,60,0.004637681159420315,0,2.1508086536442157e-05,0.004648468567984626
s33-133-10,u010,2025-07-10,regular,empirical,120,0.0197101449275362,0,0.000388489813064481,0.0199069805668798
s33-133-10,u010,2025-07-10,regular,hazard,30,0.0006864079599114836,0,4.711558874298449e-07,0.0006866436457124432
s33-133-10,u010,2025-07-10,regular,hazard,60,0.0018536864446445644,0,3.436153435059006e-06,0.001855406647501947
s33-133-10,u010,2025-07-10,regular,hazard,120,0.007290467355212882,0,5.3150914257424715e-05,0.007317172687742606
s33-133-10,u010,2025-07-10,regular,hazard_cal,30,0.0006705843044967352,0,4.496833094373701e-07,0.0006708092467188913
s33-133-10,u010,2025-07-10,regular,hazard_cal,60,0.0018232671740187056,0,3.3243031878541572e-06,0.0018249313487437096
s33-133-10,u010,2025-07-10,regular,hazard_cal,120,0.00728870569219231,0,5.312523066739658e-05,0.007315398088628244
s33-133-11,u011,2025-07-10,variable,empirical,30,0.0028985507246376274,0,8.401596303297314e-06,0.002902759657961351
s33-133-11,u011,2025-07-10,variable,empirical,60,0.004637681159420315,0,2.1508086536442157e-05,0.004648468567984626
s33-133-11,u011,2025-07-10,variable,empirical,120,0.0197101449275362,0,0.000388489813064481,0.0199069805668798
s33-133-11,u011,2025-07-10,variable,hazard,30,0.0005730754013250072,0,3.284154156038181e-07,0.0005732396717953844
s33-133-11,u011,2025-07-10,variable,hazard,60,0.0015477940417241154,0,2.395666395596673e-06,0.001548993112357888
s33-133-11,u011,2025-07-10,variable,hazard,120,0.006090516810933422,0,3.7094395024262616e-05,0.006109139662140906
s33-133-11,u011,2025-07-10,variable,hazard_cal,30,0.0005578310669661635,0,3.1117549927260833e-07,0.0005579867126011384
s33-133-11,u011,2025-07-10,variable,hazard_cal,60,0.0015168667925919976,0,2.3008848664683345e-06,0.0015180183997289735
s33-133-11,u011,2025-07-10,variable,hazard_cal,120,0.006067017196140667,0,3.680869765826656e-05,0.006085496325009448
s33-133-9,u009,2025-07-10,regular,empirical,30,0.0028985507246376274,0,8.401596303297314e-06,0.002902759657961351
s33-133-9,u009,2025-07-10,regular,empirical,60,0.004637681159420315,0,2.1508086536442157e-05,0.004648468567984626
s33-133-9,u009,2025-07-10,regular,empirical,120,0.0197101449275362,0,0.000388489813064481,0.0199069805668798
s33-133-9,u009,2025-07-10,regular,hazard,30,0.003572484200042858,0,1.276264335955586e-05,0.0035788807606745485
s33-133-9,u009,2025-07-10,regular,hazard,60,0.009620908587376742,0,9.256188204665953e-05,0.009667488530079944
s33-133-9,u009,2025-07-10,regular,hazard,120,0.03735147925931348,0,0.0013951330028589251,0.038066917461287965
s33-133-9,u009,2025-07-10,regular,hazard_cal,30,0.0036081036116312193,0,1.301841167226625e-05,0.0036146285172191724
s33-133-9,u009,2025-07-10,regular,hazard_cal,60,0.00978205449640901,0,9.568859017071572e-05,0.009830213108966276
s33-133-9,u009,2025-07-10,regular,hazard_cal,120,0.038576599159110825,0,0.00148815400268271,0.03934038343895957
s33-133-41,u041,2025-07-10,regular,empirical,30,0.0028985507246376274,0,8.401596303297314e-06,0.002902759657961351
s33-133-41,u041,2025-07-10,regular,empirical,60,0.004637681159420315,0,2.1508086536442157e-05,0.004648468567984626
s33-133-41,u041,2025-07-10,regular,empirical,120,0.0197101449275362,0,0.000388489813064481,0.0199069805668798
s33-133-41,u041,2025-07-10,regular,hazard,30,0.0008359759984863935,0,6.988558700453225e-07,0.0008363256212858423
s33-133-41,u041,2025-07-10,regular,hazard,60,0.0022572785927713612,0,5.095306645383857e-06,0.002259830086438538
s33-133-41,u041,2025-07-10,regular,hazard,120,0.008871795887481881,0,7.870876226914042e-05,0.00891138459114907
s33-133-41,u041,2025-07-10,regular,hazard_cal,30,0.0008199569381642791,0,6.723293804437393e-07,0.0008202932867279618
s33-133-41,u041,2025-07-10,regular,hazard_cal,60,0.002229074717587265,0,4.968774096586745e-06,0.00223156280274167
s33-133-41,u041,2025-07-10,regular,hazard_cal,120,0.008904780386998934,0,7.929511374068089e-05,0.008944664895604462
s33-133-56,u056,2025-07-10,new,empirical,30,0.0028985507246376274,0,8.401596303297314e-06,0.002902759657961351
s33-133-56,u056,2025-07-10,new,empirical,60,0.004637681159420315,0,2.1508086536442157e-05,0.004648468567984626
s33-133-56,u056,2025-07-10,new,empirical,120,0.0197101449275362,0,0.000388489813064481,0.0199069805668798
s33-133-56,u056,2025-07-10,new,hazard,30,0.00038381157532874077,0,1.4731132535632966e-07,0.00038388524984344307
s33-133-56,u056,2025-07-10,new,hazard,60,0.0010368088504764117,0,1.0749725924262183e-06,0.0010373467085754554
s33-133-56,u056,2025-07-10,new,hazard,120,0.004083291273446976,0,1.6673267623808227e-05,0.004091650670922211
s33-133-56,u056,2025-07-10,new,hazard_cal,30,0.00037059453260179787,0,1.3734030759434503e-07,0.00037066321972616773
s33-133-56,u056,2025-07-10,new,hazard_cal,60,0.0010079132600417928,0,1.0158891397680746e-06,0.001008421546179271
s33-133-56,u056,2025-07-10,new,hazard_cal,120,0.004034866634280543,0,1.6280148756430395e-05,0.004043028671210513
s33-133-16,u016,2025-07-10,regular,empirical,30,0.0028985507246376274,0,8.401596303297314e-06,0.002902759657961351
s33-133-16,u016,2025-07-10,regular,empirical,60,0.004637681159420315,0,2.1508086536442157e-05,0.004648468567984626
s33-133-16,u016,2025-07-10,regular,empirical,120,0.0197101449275362,0,0.000388489813064481,0.0199069805668798
s33-133-16,u016,2025-07-10,regular,hazard,30,0.0016604855159911835,0,2.7572121488165072e-06,0.0016618656500722872
s33-133-16,u016,2025-07-10,regular,hazard,60,0.004480033894111335,0,2.007070369238637e-05,0.004490099319505715
s33-133-16,u016,2025-07-10,regular,hazard,120,0.01754268943781334,0,0.0003077459527115678,0.017698385992170294
s33-133-16,u016,2025-07-10,regular,hazard_cal,30,0.0016513577295462767,0,2.726982350932234e-06,0.0016527227236577716
s33-133-16,u016,2025-07-10,regular,hazard_cal,60,0.004485616564491202,0,2.012075596363785e-05,0.004495707128714198
s33-133-16,u016,2025-07-10,regular,hazard_cal,120,0.017850272044406257,0,0.0003186322120593115,0.018011509790543827
s33-133-39,u039,2025-07-10,variable,empirical,30,0.0028985507246376274,0,8.401596303297314e-06,0.002902759657961351
s33-133-39,u039,2025-07-10,variable,empirical,60,0.004637681159420315,0,2.1508086536442157e-05,0.004648468567984626
s33-133-39,u039,2025-07-10,variable,empirical,120,0.0197101449275362,0,0.000388489813064481,0.0199069805668798
s33-133-39,u039,2025-07-10,variable,hazard,30,0.0015766966453205633,0,2.4859723113651182e-06,0.001577940939564613
s33-133-39,u039,2025-07-10,variable,hazard,60,0.00425431288385103,0,1.809917811370087e-05,0.004263388221604872
s33-133-39,u039,2025-07-10,variable,hazard,120,0.016665099198201472,0,0.0002777255312858953,0.016805524281924392
s33-133-39,u039,2025-07-10,variable,hazard_cal,30,0.00156639370128131,0,2.453589227413762e-06,0.0015676217784975008
s33-133-39,u039,2025-07-10,variable,hazard_cal,60,0.004255180089783761,0,1.8106557596492137e-05,0.004264259133044994
s33-133-39,u039,2025-07-10,variable,hazard_cal,120,0.01693993437520913,0,0.00028696137663639196,0.017085056302184484
s33-133-40,u040,2025-07-10,regular,empirical,30,0.0028985507246376274,0,8.401596303297314e-06,0.002902759657961351
s33-133-40,u040,2025-07-10,regular,empirical,60,0.004637681159420315,0,2.1508086536442157e-05,0.004648468567984626
s33-133-40,u040,2025-07-10,regular,empirical,120,0.0197101449275362,0,0.000388489813064481,0.0199069805668798
s33-133-40,u040,2025-07-10,regular,hazard,30,0.0007978894719791185,0,6.366276094951166e-07,0.0007982079552047435
s33-133-40,u040,2025-07-10,regular,hazard,60,0.002154517529037281,0,4.64194578292891e-06,0.002156841841042815
s33-133-40,u040,2025-07-10,regular,hazard,120,0.00846936671172649,0,7.173017249770077e-05,0.00850543559610212
s33-133-40,u040,2025-07-10,regular,hazard_cal,30,0.0007818647848585325,0,6.113125418018794e-07,0.0007821706005441673
s33-133-40,u040,2025-07-10,regular,hazard_cal,60,0.002125599252230548,0,4.518172181083064e-06,0.002127861544707723
s33-133-40,u040,2025-07-10,regular,hazard_cal,120,0.00849291649732875,0,7.212963063059886e-05,0.008529186819191792
s33-133-5,u005,2025-07-10,variable,empirical,30,0.0028985507246376274,0,8.401596303297314e-06,0.002902759657961351
s33-133-5,u005,2025-07-10,variable,empirical,60,0.004637681159420315,0,2.1508086536442157e-05,0.004648468567984626
s33-133-5,u005,2025-07-10,variable,empirical,120,0.0197101449275362,0,0.000388489813064481,0.0199069805668798
s33-133-5,u005,2025-07-10,variable,hazard,30,0.0004249233379849393,0,1.8055984316426297e-07,0.0004250136434893718
s33-133-5,u005,2025-07-10,variable,hazard,60,0.001147820568443092,0,1.3174920573410228e-06,0.0011484798189876017
s33-133-5,u005,2025-07-10,variable,hazard,120,0.004519653393761369,0,2.0427266799738663e-05,0.004529897906580063
s33-133-5,u005,2025-07-10,variable,hazard_cal,30,0.0004111331401656093,0,1.6903045894243455e-07,0.00041121767856690017
s33-133-5,u005,2025-07-10,variable,hazard_cal,60,0.0011181226480777573,0,1.2501982561444163e-06,0.0011187482135552565
s33-133-5,u005,2025-07-10,variable,hazard_cal,120,0.004475211443163762,0,2.0027517461023886e-05,0.004485255178321758
s33-133-55,u055,2025-07-10,new,empirical,30,0.0028985507246376274,0,8.401596303297314e-06,0.002902759657961351
s33-133-55,u055,2025-07-10,new,empirical,60,0.004637681159420315,0,2.1508086536442157e-05,0.004648468567984626
s33-133-55,u055,2025-07-10,new,empirical,120,0.0197101449275362,0,0.000388489813064481,0.0199069805668798
s33-133-55,u055,2025-07-10,new,hazard,30,0.00026017320222138096,0,6.769009515412759e-08,0.0002602070531404867
s33-133-55,u055,2025-07-10,new,hazard,60,0.0007029022655357098,0,4.940715948952335e-07,0.0007031494171555662
s33-133-55,u055,2025-07-10,new,hazard,120,0.0027698029066720586,0,7.671808141808984e-06,0.0027736459086219662
s33-133-55,u055,2025-07-10,new,hazard_cal,30,0.00024925243192497337,0,6.212677482051348e-08,0.00024928350047509864
s33-133-55,u055,2025-07-10,new,hazard_cal,60,0.0006779770838037935,0,4.59652926163096e-07,0.000678207014197774
s33-133-55,u055,2025-07-10,new,hazard_cal,120,0.0027156029677528615,0,7.374499478468149e-06,0.002719296906521733
s33-133-44,u044,2025-07-10,variable,empirical,30,0.0028985507246376274,0,8.401596303297314e-06,0.002902759657961351
s33-133-44,u044,2025-07-10,variable,empirical,60,0.004637681159420315,0,2.1508086536442157e-05,0.004648468567984626
s33-133-44,u044,2025-07-10,variable,empirical,120,0.0197101449275362,0,0.000388489813064481,0.0199069805668798
s33-133-44,u044,2025-07-10,variable,hazard,30,0.00013307379937488317,0,1.7708636080066656e-08,0.0001330826544785201
s33-133-44,u044,2025-07-10,variable,hazard,60,0.0003595656029089511,0,1.2928742279527752e-07,0.0003596302621202988
s33-133-44,u044,2025-07-10,variable,hazard,120,0.0014176897123070464,0,2.009844120381236e-06,0.0014186955851566963
s33-133-44,u044,2025-07-10,variable,hazard_cal,30,0.00012577668240487672,0,1.5819773836777224e-08,0.00012578459295511056
s33-133-44,u044,2025-07-10,variable,hazard_cal,60,0.0003421591113748068,0,1.1707285749679745e-07,0.0003422176611594976
s33-133-44,u044,2025-07-10,variable,hazard_cal,120,0.0013712890308600345,0,1.8804336061570526e-06,0.0013722301080874174
s33-133-53,u053,2025-07-10,regular,empirical,30,0.0028985507246376274,0,8.401596303297314e-06,0.002902759657961351
s33-133-53,u053,2025-07-10,regular,empirical,60,0.004637681159420315,0,2.1508086536442157e-05,0.004648468567984626
s33-133-53,u053,2025-07-10,regular,empirical,120,0.0197101449275362,0,0.000388489813064481,0.0199069805668798
s33-133-53,u053,2025-07-10,regular,hazard,30,0.0010307056977744145,0,1.0623542354246425e-06,0.00103123724016603
s33-133-53,u053,2025-07-10,regular,hazard,60,0.002782559867333445,0,7.742639415294719e-06,0.0027864383835142165
s33-133-53,u053,2025-07-10,regular,hazard,120,0.010926723953581297,0,0.00011939329635776728,0.010986859056084954
s33-133-53,u053,2025-07-10,regular,hazard_cal,30,0.0010152325153562902,0,1.03069706023666e-06,0.0010157482129512648
s33-133-53,u053,2025-07-10,regular,hazard_cal,60,0.0027594103204338083,0,7.614345316516613e-06,0.002763224511319718
s33-133-53,u053,2025-07-10,regular,hazard_cal,120,0.011013386788331414,0,0.00012129468854939294,0.011074483131853531
s33-133-24,u024,2025-07-10,regular,empirical,30,0.0028985507246376274,0,8.401596303297314e-06,0.002902759657961351
s33-133-24,u024,2025-07-10,regular,empirical,60,0.004637681159420315,0,2.1508086536442157e-05,0.004648468567984626
s33-133-24,u024,2025-07-10,regular,empirical,120,0.0197101449275362,0,0.000388489813064481,0.0199069805668798
s33-133-24,u024,2025-07-10,regular,hazard,30,0.0019777542890815347,0,3.911512027980407e-06,0.001979712627596465
s33-133-24,u024,2025-07-10,regular,hazard,60,0.005334401837457925,0,2.8455842963474486e-05,0.005348680560541491
s33-133-24,u024,2025-07-10,regular,hazard,120,0.02085842254729542,0,0.0004350737911615219,0.021079032553132815
s33-133-24,u024,2025-07-10,regular,hazard_cal,30,0.001973826405837875,0,3.8959906803828645e-06,0.0019757769683151818
s33-133-24,u024,2025-07-10,regular,hazard_cal,60,0.005359856660159812,0,2.8728063417459493e-05,0.0053742722251832985
s33-133-24,u024,2025-07-10,regular,hazard_cal,120,0.021297415759626848,0,0.00045357991803840204,0.02152747807119562
s33-133-25,u025,2025-07-10,variable,empirical,30,0.0028985507246376274,0,8.401596303297314e-06,0.002902759657961351
s33-133-25,u025,2025-07-10,variable,empirical,60,0.004637681159420315,0,2.1508086536442157e-05,0.004648468567984626
s33-133-25,u025,2025-07-10,variable,empirical,120,0.0197101449275362,0,0.000388489813064481,0.0199069805668798
s33-133-25,u025,2025-07-10,variable,hazard,30,0.00017680694628119387,0,3.1260696253280977e-08,0.00017682257847193426
s33-133-25,u025,2025-07-10,variable,hazard,60,0.000477712494079352,0,2.2820922699951492e-07,0.00047782663504534296
s33-133-25,u025,2025-07-10,variable,hazard,120,0.0018831456806022162,0,3.546237654370784e-06,0.0018849210286054697
s33-133-25,u025,2025-07-10,variable,hazard_cal,30,0.00016807161659782022,0,2.8248068305804677e-08,0.0001680857422147388
s33-133-25,u025,2025-07-10,variable,hazard_cal,60,0.00045719809796263,0,2.090301007806466e-07,0.00045730264488000257
s33-133-25,u025,2025-07-10,variable,hazard_cal,120,0.0018319760412185415,0,3.3561362155987592e-06,0.0018336561616000993
s33-133-42,u042,2025-07-10,variable,empirical,30,0.0028985507246376274,0,8.401596303297314e-06,0.002902759657961351
s33-133-42,u042,2025-07-10,variable,empirical,60,0.004637681159420315,0,2.1508086536442157e-05,0.004648468567984626
s33-133-42,u042,2025-07-10,variable,empirical,120,0.0197101449275362,0,0.000388489813064481,0.0199069805668798
s33-133-42,u042,2025-07-10,variable,hazard,30,0.0012342279034603942,0,1.5233185176802403e-06,0.0012349901900073393
s33-133-42,u042,2025-07-10,variable,hazard,60,0.0033313480231655923,0,1.10978796514493e-05,0.0033369093174974843
s33-133-42,u042,2025-07-10,variable,hazard,120,0.0130697581432474,0,0.00017081857792298176,0.013155918989901401
s33-133-42,u042,2025-07-10,variable,hazard_cal,30,0.0012201243160483433,0,1.4887033466124375e-06,0.001220869273743968
s33-133-42,u042,2025-07-10,variable,hazard_cal,60,0.003315644452637989,0,1.099349813630907e-05,0.0033211533821777967
s33-133-42,u042,2025-07-10,variable,hazard_cal,120,0.013220851084677743,0,0.00017479090340322465,0.013309024550863836
s33-134-13,u013,2025-07-11,variable,empirical,30,0.0028985507246376274,0,8.401596303297314e-06,0.002902759657961351
s33-134-13,u013,2025-07-11,variable,empirical,60,0.004637681159420315,0,2.1508086536442157e-05,0.004648468567984626
s33-134-13,u013,2025-07-11,variable,empirical,120,0.0197101449275362,0,0.000388489813064481,0.0199069805668798
s33-134-13,u013,2025-07-11,variable,hazard,30,0.0015354884752831754,0,2.3577248577274507e-06,0.0015366685458565808
s33-134-13,u013,2025-07-11,variable,hazard,60,0.004143287739850399,0,1.7166833295194624e-05,0.004151894939461397
s33-134-13,u013,2025-07-11,variable,hazard,120,0.016233196477479117,0,0.0002635166678764404,0.016366398306166992
s33-134-13,u013,2025-07-11,variable,hazard_cal,30,0.001524640638267738,0,2.3245290758574553e-06,0.00152580408551534
s33-134-13,u013,2025-07-11,variable,hazard_cal,60,0.004141924863185764,0,1.7155541572276412e-05,0.004150526393449429
s33-134-13,u013,2025-07-11,variable,hazard_cal,120,0.01649225665506593,0,0.0002719945295765664,0.016629767930398408
s33-134-26,u026,2025-07-11,variable,empirical,30,0.0028985507246376274,0,8.401596303297314e-06,0.002902759657961351
s33-134-26,u026,2025-07-11,variable,empirical,60,0.004637681159420315,0,2.1508086536442157e-05,0.004648468567984626
s33-134-26,u026,2025-07-11,variable,empirical,120,0.0197101449275362,0,0.000388489813064481,0.0199069805668798
s33-134-26,u026,2025-07-11,variable,hazard,30,0.00044038776583799066,0,1.939413842997769e-07,0.0004404847650093515
s33-134-26,u026,2025-07-11,variable,hazard,60,0.001189575992216918,0,1.415091041258865e-06,0.0011902840993580882
s33-134-26,u026,2025-07-11,variable,hazard,120,0.004683742669567836,0,2.1937445394730443e-05,0.004694745762813676
s33-134-26,u026,2025-07-11,variable,hazard_cal,30,0.0004264028927543073,0,1.818194269492413e-07,0.00042649382831882587
s33-134-26,u026,2025-07-11,variable,hazard_cal,60,0.001159633160206286,0,1.3447490662500176e-06,0.0011603060549971215
s33-134-26,u026,2025-07-11,variable,hazard_cal,120,0.004641024807839456,0,2.1539111266981256e-05,0.004651827801071815
s33-134-31,u031,2025-07-11,variable,empirical,30,0.0028985507246376274,0,8.401596303297314e-06,0.002902759657961351
s33-134-31,u031,2025-07-11,variable,empirical,60,0.004637681159420315,0,2.1508086536442157e-05,0.004648468567984626
s33-134-31,u031,2025-07-11,variable,empirical,120,0.0197101449275362,0,0.000388489813064481,0.0199069805668798
s33-134-31,u031,2025-07-11,variable,hazard,30,0.0003742826489121498,0,1.400875012766956e-07,0.0003743527101451361
s33-134-31,u031,2025-07-11,variable,hazard,60,0.0010110771847313682,0,1.0222770734843092e-06,0.0010115886680632596
s33-134-31,u031,2025-07-11,variable,hazard,120,0.003982122753309669,0,1.585730162242658e-05,0.003990072515759183
s33-134-31,u031,2025-07-11,variable,hazard_cal,30,0.00036121062158389616,0,1.3047311314502463e-07,0.0003612758738541505
s33-134-31,u031,2025-07-11,variable,hazard_cal,60,0.000982400654168547,0,9.651110453107891e-07,0.000982883525966153
s33-134-31,u031,2025-07-11,variable,hazard_cal,120,0.0039329065810564945,0,1.5467754175317486e-05,0.003940660795889881
s33-134-20,u020,2025-07-11,variable,empirical,30,0.0028985507246376274,0,8.401596303297314e-06,0.002902759657961351
s33-134-20,u020,2025-07-11,variable,empirical,60,0.004637681159420315,0,2.1508086536442157e-05,0.004648468567984626
s33-134-20,u020,2025-07-11,variable,empirical,120,0.0197101449275362,0,0.000388489813064481,0.0199069805668798
s33-134-20,u020,2025-07-11,variable,hazard,30,0.0003933774836133441,0,1.5474584461396682e-07,0.00039345487683281654
s33-134-20,u020,2025-07-11,variable,hazard,60,0.001062639905599183,0,1.1292035689718407e-06,0.00106320490768164
s33-134-20,u020,2025-07-11,variable,hazard,120,0.004184841806400552,0,1.7512900944597837e-05,0.004193622763379215
s33-134-20,u020,2025-07-11,variable,hazard_cal,30,0.0003800195895211633,0,1.4441488841983347e-07,0.00038009181526408426
s33-134-20,u020,2025-07-11,variable,hazard_cal,60,0.0010335372610386084,0,1.0681992699551887e-06,0.0010340717289670004
s33-134-20,u020,2025-07-11,variable,hazard_cal,120,0.004137262905643757,0,1.7116944350415825e-05,0.004145845057075991
s33-134-49,u049,2025-07-11,variable,empirical,30,0.0028985507246376274,0,8.401596303297314e-06,0.002902759657961351
s33-134-49,u049,2025-07-11,variable,empirical,60,0.004637681159420315,0,2.1508086536442157e-05,0.004648468567984626
s33-134-49,u049,2025-07-11,variable,empirical,120,0.0197101449275362,0,0.000388489813064481,0.0199069805668798
s33-134-49,u049,2025-07-11,variable,hazard,30,0.00025563300592479354,0,6.534823371814554e-08,0.00025566568561110893
s33-134-49,u049,2025-07-11,variable,hazard,60,0.0006906391733461081,0,4.769824677601956e-07,0.0006908777744444902
s33-134-49,u049,2025-07-11,variable,hazard,120,0.002721535660815899,0,7.406756353092633e-06,0.0027252457719878992
s33-134-49,u049,2025-07-11,variable,hazard_cal,30,0.0002448159117321991,0,5.993483063726789e-08,0.000244845884039416
s33-134-49,u049,2025-07-11,variable,hazard_cal,60,0.0006659124474051037,0,4.4343938760905497e-07,0.0006661342655786967
s33-134-49,u049,2025-07-11,variable,hazard_cal,120,0.002667333753952672,0,7.114669354975254e-06,0.002670897427044426
s33-134-12,u012,2025-07-11,variable,empirical,30,0.0028985507246376274,0,8.401596303297314e-06,0.002902759657961351
s33-134-12,u012,2025-07-11,variable,empirical,60,0.004637681159420315,0,2.1508086536442157e-05,0.004648468567984626
s33-134-12,u012,2025-07-11,variable,empirical,120,0.0197101449275362,0,0.000388489813064481,0.0199069805668798
s33-134-12,u012,2025-07-11,variable,hazard,30,0.001296998677697725,0,1.682205569949647e-06,0.0012978405084636884
s33-134-12,u012,2025-07-11,variable,hazard,60,0.003500563028707604,0,1.2253941517954554e-05,0.0035067043356766655
s33-134-12,u012,2025-07-11,variable,hazard,120,0.013729754368989933,0,0.00018850615503279814,0.013824879143256731
s33-134-12,u012,2025-07-11,variable,hazard_cal,30,0.0012834607958295274,0,1.6472716144313638e-06,0.0012842851370519954
s33-134-12,u012,2025-07-11,variable,hazard_cal,60,0.003487543373900892,0,1.2162958784840018e-05,0.0034936390299966313
s33-134-12,u012,2025-07-11,variable,hazard_cal,120,0.013902196186328597,0,0.00019327105880316938,0.01399973678995871
s33-134-28,u028,2025-07-11,regular,empirical,30,0.0028985507246376274,0,8.401596303297314e-06,0.002902759657961351
s33-134-28,u028,2025-07-11,regular,empirical,60,0.004637681159420315,0,2.1508086536442157e-05,0.004648468567984626
s33-134-28,u028,2025-07-11,regular,empirical,120,0.0197101449275362,0,0.000388489813064481,0.0199069805668798
s33-134-28,u028,2025-07-11,regular,hazard,30,0.0033800518444975225,0,1.1424750471491104e-05,0.0033857771245359523
s33-134-28,u028,2025-07-11,regular,hazard,60,0.00910436575461715,0,8.28894757938455e-05,0.009146063774821592
s33-134-28,u028,2025-07-11,regular,hazard,120,0.035376532018825624,0,0.0012514990176789947,0.036017442407083114
s33-134-28,u028,2025-07-11,regular,hazard_cal,30,0.003409950759452496,0,1.1627764181890653e-05,0.0034157778921382383
s33-134-28,u028,2025-07-11,regular,hazard_cal,60,0.009246624680613658,0,8.550006798413363e-05,0.009289640084808122
s33-134-28,u028,2025-07-11,regular,hazard_cal,120,0.03649841150618216,0,0.0013321340424746102,0.03718114245879185
s33-134-4,u004,2025-07-11,variable,empirical,30,0.0028985507246376274,0,8.401596303297314e-06,0.002902759657961351
s33-134-4,u004,2025-07-11,variable,empirical,60,0.004637681159420315,0,2.1508086536442157e-05,0.004648468567984626
s33-134-4,u004,2025-07-11,variable,empirical,120,0.0197101449275362,0,0.000388489813064481,0.0199069805668798
s33-134-4,u004,2025-07-11,variable,hazard,30,0.00022258984308598517,0,4.9546238245043504e-08,0.00022261461988188464
s33-134-4,u004,2025-07-11,variable,hazard,60,0.000601386197005005,0,3.616653579481426e-07,0.0006015671022168799
s33-134-4,u004,2025-07-11,variable,hazard,120,0.0023701784057416075,0,5.617745675043828e-06,0.0023729917248370485
s33-134-4,u004,2025-07-11,variable,hazard_cal,30,0.00021257701029209208,0,4.5188985304724226e-08,0.0002125996079873015
s33-134-4,u004,2025-07-11,variable,hazard_cal,60,0.0005782391047003399,0,3.3436046220465064e-07,0.0005784063494061692
s33-134-4,u004,2025-07-11,variable,hazard_cal,120,0.0023165029448065644,0,5.366185893297485e-06,0.002319190188560709
s33-134-39,u039,2025-07-11,variable,empirical,30,0.0028985507246376274,0,8.401596303297314e-06,0.002902759657961351
s33-134-39,u039,2025-07-11,variable,empirical,60,0.004637681159420315,0,2.1508086536442157e-05,0.004648468567984626
s33-134-39,u039,2025-07-11,variable,empirical,120,0.0197101449275362,0,0.000388489813064481,0.0199069805668798
s33-134-39,u039,2025-07-11,variable,hazard,30,0.0019204867507458534,0,3.688269359790366e-06,0.0019223332499226275
s33-134-39,u039,2025-07-11,variable,hazard,60,0.005180225693494966,0,2.6834738235545405e-05,0.005193689580054656
s33-134-39,u039,2025-07-11,variable,hazard,120,0.02026077864176079,0,0.0004104991511704302,0.020468843383438733
s33-134-39,u039,2025-07-11,variable,hazard_cal,30,0.0019155379197535183,0,3.6692855220136363e-06,0.0019173749087707907
s33-134-39,u039,2025-07-11,variable,hazard_cal,60,0.005201872404903107,0,2.705947651689244e-05,0.005215449246961861
s33-134-39,u039,2025-07-11,variable,hazard_cal,120,0.020675246169399752,0,0.00042746580416527915,0.020891971508984277
s33-134-5,u005,2025-07-11,variable,empirical,30,0.0028985507246376274,0,8.401596303297314e-06,0.002902759657961351
s33-134-5,u005,2025-07-11,variable,empirical,60,0.004637681159420315,0,2.1508086536442157e-05,0.004648468567984626
s33-134-5,u005,2025-07-11,variable,empirical,120,0.0197101449275362,0,0.000388489813064481,0.0199069805668798
s33-134-5,u005,2025-07-11,variable,hazard,30,0.0004276665073930097,0,1.8289864154573523e-07,0.0004277579827953562
s33-134-5,u005,2025-07-11,variable,hazard,60,0.0011552274771849946,0,1.3345505240432074e-06,0.0011558952667958295
s33-134-5,u005,2025-07-11,variable,hazard,120,0.004548762524383965,0,2.069124050323998e-05,0.0045591396252382095
s33-134-5,u005,2025-07-11,variable,hazard_cal,30,0.00041384097087482363,0,1.7126434917461662e-07,0.00041392662668214775
s33-134-5,u005,2025-07-11,variable,hazard_cal,60,0.001125483921153747,0,1.266714056775614e-06,0.0011261177538057388
s33-134-5,u005,2025-07-11,variable,hazard_cal,120,0.004504617701562075,0,2.029158063722639e-05,0.004514794063794544
s33-134-8,u008,2025-07-11,regular,empirical,30,0.0028985507246376274,0,8.401596303297314e-06,0.002902759657961351
s33-134-8,u008,2025-07-11,regular,empirical,60,0.004637681159420315,0,2.1508086536442157e-05,0.004648468567984626
s33-134-8,u008,2025-07-11,regular,empirical,120,0.0197101449275362,0,0.000388489813064481,0.0199069805668798
s33-134-8,u008,2025-07-11,regular,hazard,30,0.003448978537445857,0,1.1895452951762163e-05,0.0034549399751157184
s33-134-8,u008,2025-07-11,regular,hazard,60,0.00928940654792898,0,8.62930740127058e-05,0.00933282216431724
s33-134-8,u008,2025-07-11,regular,hazard,120,0.03608440947194491,0,0.0013020846069389876,0.03675154989822917
s33-134-8,u008,2025-07-11,regular,hazard_cal,30,0.003480901114630952,0,1.2116672569839005e-05,0.003486973546701501
s33-134-8,u008,2025-07-11,regular,hazard_cal,60,0.009438363850762133,0,8.908271217937339e-05,0.009483187470899853
s33-134-8,u008,2025-07-11,regular,hazard_cal,120,0.0372430568115667,0,0.0013870452806695847,0.037954294484057884
s33-134-27,u027,2025-07-11,regular,empirical,30,0.0028985507246376274,0,8.401596303297314e-06,0.002902759657961351
s33-134-27,u027,2025-07-11,regular,empirical,60,0.004637681159420315,0,2.1508086536442157e-05,0.004648468567984626
s33-134-27,u027,2025-07-11,regular,empirical,120,0.0197101449275362,0,0.000388489813064481,0.0199069805668798
s33-134-27,u027,2025-07-11,regular,hazard,30,0.0011244558509116986,0,1.2644009606495523e-06,0.00112508852571308
s33-134-27,u027,2025-07-11,regular,hazard,60,0.0030353795548424545,0,9.213529041955577e-06,0.0030399956628232704
s33-134-27,u027,2025-07-11,regular,hazard,120,0.011914481288978318,0,0.00014195486438541444,0.011986027580325298
s33-134-27,u027,2025-07-11,regular,hazard_cal,30,0.0011095210204142836,0,1.2310368947411531e-06,0.0011101369945279577
s33-134-27,u027,2025-07-11,regular,hazard_cal,60,0.0030154095962998673,0,9.092695033457329e-06,0.0030199651039358117
s33-134-27,u027,2025-07-11,regular,hazard_cal,120,0.012029865325716704,0,0.00014471765975488106,0.012102809753612625
s33-134-41,u041,2025-07-11,regular,empirical,30,0.0028985507246376274,0,8.401596303297314e-06,0.002902759657961351
s33-134-41,u041,2025-07-11,regular,empirical,60,0.004637681159420315,0,2.1508086536442157e-05,0.004648468567984626
s33-134-41,u041,2025-07-11,regular,empirical,120,0.0197101449275362,0,0.000388489813064481,0.0199069805668798
s33-134-41,u041,2025-07-11,regular,hazard,30,0.0006998238771330767,0,4.897534590055717e-07,0.0007000688681696325
s33-134-41,u041,2025-07-11,regular,hazard,60,0.0018898925068152606,0,3.57169368731647e-06,0.0018916806068920427
s33-134-41,u041,2025-07-11,regular,hazard,120,0.007432414770664031,0,5.5240789323184857e-05,0.007460172790262338
s33-134-41,u041,2025-07-11,regular,hazard_cal,30,0.0006839578294958182,0,4.677983125286307e-07,0.0006841918353582608
s33-134-41,u041,2025-07-11,regular,hazard_cal,60,0.0018596044750943674,0,3.458128803790998e-06,0.0018613356860743143
s33-134-41,u041,2025-07-11,regular,hazard_cal,120,0.007433505786597294,0,5.525700827937546e-05,0.007461271976402521
s33-134-45,u045,2025-07-11,variable,empirical,30,0.0028985507246376274,0,8.401596303297314e-06,0.002902759657961351
s33-134-45,u045,2025-07-11,variable,empirical,60,0.004637681159420315,0,2.1508086536442157e-05,0.004648468567984626
s33-134-45,u045,2025-07-11,variable,empirical,120,0.0197101449275362,0,0.000388489813064481,0.0199069805668798
s33-134-45,u045,2025-07-11,variable,hazard,30,0.0004260651971588203,0,1.815315522299844e-07,0.00042615598872460203
s33-134-45,u045,2025-07-11,variable,hazard,60,0.0011509037392193333,0,1.324579416949043e-06,0.0011515665375213078
s33-134-45,u045,2025-07-11,variable,hazard,120,0.00453177033386587,0,2.0536942358906777e-05,0.0045420699337725854
s33-134-45,u045,2025-07-11,variable,hazard_cal,30,0.0004122602467170333,0,1.699585110231892e-07,0.00041234524933548135
s33-134-45,u045,2025-07-11,variable,hazard_cal,60,0.0011211867066586167,0,1.2570596311879951e-06,0.0011218157066691312
s33-134-45,u045,2025-07-11,variable,hazard_cal,120,0.004487451603332526,0,2.013722189225166e-05,0.004497550437623773
s33-134-57,u057,2025-07-11,new,empirical,30,0.0028985507246376274,0,8.401596303297314e-06,0.002902759657961351
s33-134-57,u057,2025-07-11,new,empirical,60,0.004637681159420315,0,2.1508086536442157e-05,0.004648468567984626
s33-134-57,u057,2025-07-11,new,empirical,120,0.0197101449275362,0,0.000388489813064481,0.0199069805668798
s33-134-57,u057,2025-07-11,new,hazard,30,0.0005815009024821016,0,3.3814329958749865e-07,0.0005816700397040385
s33-134-57,u057,2025-07-11,new,hazard,60,0.0015705373514866006,0,2.466587572414546e-06,0.0015717719380850394
s33-134-57,u057,2025-07-11,new,hazard,120,0.006179776203082188,0,3.8189633920180905e-05,0.00619895005426319
s33-134-57,u057,2025-07-11,new,hazard_cal,30,0.0005661990343236445,0,3.2058134646902754e-07,0.0005663593855268667
s33-134-57,u057,2025-07-11,new,hazard_cal,60,0.0015396085770731371,0,2.37039457059717e-06,0.0015407949922581314
s33-134-57,u057,2025-07-11,new,hazard_cal,120,0.006157737965886145,0,3.791773685651564e-05,0.0061767750246955
s33-134-7,u007,2025-07-11,variable,empirical,30,0.0028985507246376274,0,8.401596303297314e-06,0.002902759657961351
s33-134-7,u007,2025-07-11,variable,empirical,60,0.004637681159420315,0,2.1508086536442157e-05,0.004648468567984626
s33-134-7,u007,2025-07-11,variable,empirical,120,0.0197101449275362,0,0.000388489813064481,0.0199069805668798
s33-134-7,u007,2025-07-11,variable,hazard,30,0.00338620003191048,0,1.1466350656110536e-05,0.0033919461826494475
s33-134-7,u007,2025-07-11,variable,hazard,60,0.009120872196429541,0,8.319030962360145e-05,0.009162722016846741
s33-134-7,u007,2025-07-11,variable,hazard,120,0.035439695610746,0,0.0012559720249823295,0.03608292459996445
s33-134-7,u007,2025-07-11,variable,hazard_cal,30,0.003416278285689134,0,1.1670957325271087e-05,0.003422127088910608
s33-134-7,u007,2025-07-11,variable,hazard_cal,60,0.009263725529960243,0,8.581661069443718e-05,0.009306900684023291
s33-134-7,u007,2025-07-11,variable,hazard_cal,120,0.03656484492297385,0,0.0013369878842411265,0.03725009481754432
s33-134-19,u019,2025-07-11,variable,empirical,30,0.0028985507246376274,0,8.401596303297314e-06,0.002902759657961351
s33-134-19,u019,2025-07-11,variable,empirical,60,0.004637681159420315,0,2.1508086536442157e-05,0.004648468567984626
s33-134-19,u019,2025-07-11,variable,empirical,120,0.0197101449275362,0,0.000388489813064481,0.0199069805668798
s33-134-19,u019,2025-07-11,variable,hazard,30,0.0009680374628825428,0,9.370965295440703e-07,0.0009685063137485381
s33-134-19,u019,2025-07-11,variable,hazard,60,0.00261353450383095,0,6.830562602714889e-06,0.0026169557474579087
s33-134-19,u019,2025-07-11,variable,hazard,120,0.010265881813753874,0,0.00010538832941396254,0.01031893941284812
s33-134-19,u019,2025-07-11,variable,hazard_cal,30,0.0009522998832964813,0,9.068750677264919e-07,0.0009527536089084473
s33-134-19,u019,2025-07-11,variable,hazard_cal,60,0.002588517981378269,0,6.7004253399186275e-06,0.0025918739866859376
s33-134-19,u019,2025-07-11,variable,hazard_cal,120,0.010334339868960818,0,0.00010679858052719309,0.010388109932097583
s33-134-22,u022,2025-07-11,regular,empirical,30,0.0028985507246376274,0,8.401596303297314e-06,0.002902759657961351
s33-134-22,u022,2025-07-11,regular,empirical,60,0.004637681159420315,0,2.1508086536442157e-05,0.004648468567984626
s33-134-22,u022,2025-07-11,regular,empirical,120,0.0197101449275362,0,0.000388489813064481,0.0199069805668798
s33-134-22,u022,2025-07-11,regular,hazard,30,0.0008962445742207725,0,8.032543368201738e-07,0.0008966464415213831
s33-134-22,u022,2025-07-11,regular,hazard,60,0.002419873509493242,0,5.85578780194714e-06,0.002422806135405334
s33-134-22,u022,2025-07-11,regular,hazard,120,0.00950826170905672,0,9.040704072791422e-05,0.009553753826380655
s33-134-22,u022,2025-07-11,regular,hazard_cal,30,0.0008803053693406948,0,7.749375432900571e-07,0.0008806930656564711
s33-134-22,u022,2025-07-11,regular,hazard_cal,60,0.0023929925052191825,0,5.726413130035179e-06,0.002395860287752445
s33-134-22,u022,2025-07-11,regular,hazard_cal,120,0.009556924300039293,0,9.133480207668154e-05,0.00960288476259185
s33-134-46,u046,2025-07-11,variable,empirical,30,0.0028985507246376274,0,8.401596303297314e-06,0.002902759657961351
s33-134-46,u046,2025-07-11,variable,empirical,60,0.004637681159420315,0,2.1508086536442157e-05,0.004648468567984626
s33-134-46,u046,2025-07-11,variable,empirical,120,0.0197101449275362,0,0.000388489813064481,0.0199069805668798
s33-134-46,u046,2025-07-11,variable,hazard,30,0.00025492440750951584,0,6.498645354407769e-08,0.00025495690625955495
s33-134-46,u046,2025-07-11,variable,hazard,60,0.0006887252359101259,0,4.7434245057945857e-07,0.0006889625160889022
s33-134-46,u046,2025-07-11,variable,hazard,120,0.0027140022690355092,0,7.365808316329893e-06,0.0027176918503938018
s33-134-46,u046,2025-07-11,variable,hazard_cal,30,0.0002441236368850852,0,5.9596350086000935e-08,0.0002441534399106422
s33-134-46,u046,2025-07-11,variable,hazard_cal,60,0.0006640298714696291,0,4.4093567020397214e-07,0.0006642504369515151
s33-134-46,u046,2025-07-11,variable,hazard_cal,120,0.0026598016056504914,0,7.074544581420932e-06,0.0026633451627751928
s33-134-6,u006,2025-07-11,variable,empirical,30,0.0028985507246376274,0,8.401596303297314e-06,0.002902759657961351
s33-134-6,u006,2025-07-11,variable,empirical,60,0.004637681159420315,0,2.1508086536442157e-05,0.004648468567984626
s33-134-6,u006,2025-07-11,variable,empirical,120,0.0197101449275362,0,0.000388489813064481,0.0199069805668798
s33-134-6,u006,2025-07-11,variable,hazard,30,0.0021041647663719854,0,4.427509364041272e-06,0.0021063816313660485
s33-134-6,u006,2025-07-11,variable,hazard,60,0.005674664867952539,0,3.220182136357481e-05,0.005690826950570913
s33-134-6,u006,2025-07-11,variable,hazard,120,0.022176316599373358,0,0.0004917890179156423,0.022425908021666163
s33-134-6,u006,2025-07-11,variable,hazard_cal,30,0.002102609448132564,0,4.420966491376326e-06,0.0021048230347946936
s33-134-6,u006,2025-07-11,variable,hazard_cal,60,0.005708844498196419,0,3.259090550458753e-05,0.005725202236512901
s33-134-6,u006,2025-07-11,variable,hazard_cal,120,0.022670596120973552,0,0.0005139559284803011,0.022931525239413632
s33-134-23,u023,2025-07-11,variable,empirical,30,0.0028985507246376274,0,8.401596303297314e-06,0.002902759657961351
s33-134-23,u023,2025-07-11,variable,empirical,60,0.004637681159420315,0,2.1508086536442157e-05,0.004648468567984626
s33-134-23,u023,2025-07-11,variable,empirical,120,0.0197101449275362,0,0.000388489813064481,0.0199069805668798
s33-134-23,u023,2025-07-11,variable,hazard,30,0.0011848784490032793,0,1.4039369389124169e-06,0.0011855809724641703
s33-134-23,u023,2025-07-11,variable,hazard,60,0.003198299301248708,0,1.0229118420367975e-05,0.003203424791945483
s33-134-23,u023,2025-07-11,variable,hazard,120,0.012550560232925556,0,0.0001575165621602924,0.012629983753510918
s33-134-23,u023,2025-07-11,variable,hazard_cal,30,0.0011703755234033775,0,1.3697788657817298e-06,0.0011710609476910006
s33-134-23,u023,2025-07-11,variable,hazard_cal,60,0.003180608390672468,0,1.0116269734816107e-05,0.0031856772764873443
s33-134-23,u023,2025-07-11,variable,hazard_cal,120,0.012685335349100768,0,0.00016091773291914552,0.012766481187389675
s33-134-38,u038,2025-07-11,regular,empirical,30,0.0028985507246376274,0,8.401596303297314e-06,0.002902759657961351
s33-134-38,u038,2025-07-11,regular,empirical,60,0.004637681159420315,0,2.1508086536442157e-05,0.004648468567984626
s33-134-38,u038,2025-07-11,regular,empirical,120,0.0197101449275362,0,0.000388489813064481,0.0199069805668798
s33-134-38,u038,2025-07-11,regular,hazard,30,0.001238304018655323,0,1.5333968426179224e-06,0.0012390713506021988
s33-134-38,u038,2025-07-11,regular,hazard,60,0.003342336877630525,0,1.1171215803568968e-05,0.0033479349628038296
s33-134-38,u038,2025-07-11,regular,hazard,120,0.013112629771550921,0,0.00017194105952576355,0.0131993593037863
s33-134-38,u038,2025-07-11,regular,hazard_cal,30,0.0012242352303646342,0,1.498751899265949e-06,0.0012249852184846742
s33-134-38,u038,2025-07-11,regular,hazard_cal,60,0.0033268023609326347,0,1.1067613948706953e-05,0.003332348471866474
s33-134-38,u038,2025-07-11,regular,hazard_cal,120,0.013265089180904965,0,0.00017596259097736196,0.013353856353319387
s33-134-35,u035,2025-07-11,regular,empirical,30,0.0028985507246376274,0,8.401596303297314e-06,0.002902759657961351
s33-134-35,u035,2025-07-11,regular,empirical,60,0.004637681159420315,0,2.1508086536442157e-05,0.004648468567984626
s33-134-35,u035,2025-07-11,regular,empirical,120,0.0197101449275362,0,0.000388489813064481,0.0199069805668798
s33-134-35,u035,2025-07-11,regular,hazard,30,0.006019427818089285,0,3.623351125718712e-05,0.006037617605191761
s33-134-35,u035,2025-07-11,regular,hazard,60,0.016172474588120656,0,0.00026154893430340836,0.016304676346020234
s33-134-35,u035,2025-07-11,regular,hazard,120,0.06210570044539354,0,0.0038571180278129556,0.0641180233675715
s33-134-35,u035,2025-07-11,regular,hazard_cal,30,0.006143510101174976,0,3.7742716363238964e-05,0.006162459108163806
s33-134-35,u035,2025-07-11,regular,hazard_cal,60,0.016614689249716985,0,0.00027604789886466116,0.01675426132321839
s33-134-35,u035,2025-07-11,regular,hazard_cal,120,0.06476308855984902,0,0.004194257639810847,0.06695540056963692
s33-135-21,u021,2025-07-14,regular,empirical,30,0.0028985507246376274,0,8.401596303297314e-06,0.002902759657961351
s33-135-21,u021,2025-07-14,regular,empirical,60,0.004637681159420315,0,2.1508086536442157e-05,0.004648468567984626
s33-135-21,u021,2025-07-14,regular,empirical,120,0.0197101449275362,0,0.000388489813064481,0.0199069805668798
s33-135-21,u021,2025-07-14,regular,hazard,30,0.00029645455118176844,0,8.788530091638377e-08,0.0002964985025188239
s33-135-21,u021,2025-07-14,regular,hazard,60,0.0008008945087277786,0,6.414320141103097e-07,0.000801215396077551
s33-135-21,u021,2025-07-14,regular,hazard,120,0.0031554270261228146,0,9.956719717186269e-06,0.003160415883395699
s33-135-21,u021,2025-07-14,regular,hazard_cal,30,0.0002847592914099195,0,8.108785404427946e-08,0.0002847998430354258
s33-135-21,u021,2025-07-14,regular,hazard_cal,60,0.0007745303779159718,0,5.998973063146581e-07,0.0007748304815387166
s33-135-21,u021,2025-07-14,regular,hazard_cal,120,0.0031018296806515355,0,9.621347367770807e-06,0.003106650325462523
s33-135-46,u046,2025-07-14,variable,empirical,30,0.0028985507246376274,0,8.401596303297314e-06,0.002902759657961351
s33-135-46,u046,2025-07-14,variable,empirical,60,0.004637681159420315,0,2.1508086536442157e-05,0.004648468567984626
s33-135-46,u046,2025-07-14,variable,empirical,120,0.0197101449275362,0,0.000388489813064481,0.0199069805668798
s33-135-46,u046,2025-07-14,variable,hazard,30,0.00018173539766330737,0,3.3027754763840466e-08,0.00018175191354173275
s33-135-46,u046,2025-07-14,variable,hazard,60,0.0004910262832477086,0,2.4110681084005894e-07,0.0004911468761309278
s33-135-46,u046,2025-07-14,variable,hazard,120,0.0019355856655142167,0,3.7464918685441134e-06,0.001937461332181634
s33-135-46,u046,2025-07-14,variable,hazard_cal,30,0.00017285233964725588,0,2.9877931321530305e-08,0.00017286728033462996
s33-135-46,u046,2025-07-14,variable,hazard_cal,60,0.00047020070128445113,0,2.2108869948838964e-07,0.0004703112802984405
s33-135-46,u046,2025-07-14,variable,hazard_cal,120,0.001884035064903311,0,3.5495881257852236e-06,0.0018858120913036844
s33-135-47,u047,2025-07-14,regular,empirical,30,0.0028985507246376274,0,8.401596303297314e-06,0.002902759657961351
s33-135-47,u047,2025-07-14,regular,empirical,60,0.004637681159420315,0,2.1508086536442157e-05,0.004648468567984626
s33-135-47,u047,2025-07-14,regular,empirical,120,0.0197101449275362,0,0.000388489813064481,0.0199069805668798
s33-135-47,u047,2025-07-14,regular,hazard,30,0.0007944448655005099,0,6.311426443201232e-07,0.0007947606040583295
s33-135-47,u047,2025-07-14,regular,hazard,60,0.002145223281598163,0,4.601982927910792e-06,0.002147527569126089
s33-135-47,u047,2025-07-14,regular,hazard,120,0.008432962092951413,0,7.111484966115548e-05,0.008468720693646284
s33-135-47,u047,2025-07-14,regular,hazard_cal,30,0.0007784214514084953,0,6.059399560129083e-07,0.0007787245787039031
s33-135-47,u047,2025-07-14,regular,hazard_cal,60,0.0021162452263290277,0,4.478493857960398e-06,0.0021184876374778215
s33-135-47,u047,2025-07-14,regular,hazard_cal,120,0.008455677425374564,0,7.149848072198902e-05,0.008491629475146709
s33-135-25,u025,2025-07-14,variable,empirical,30,0.0028985507246376274,0,8.401596303297314e-06,0.002902759657961351
s33-135-25,u025,2025-07-14,variable,empirical,60,0.004637681159420315,0,2.1508086536442157e-05,0.004648468567984626
s33-135-25,u025,2025-07-14,variable,empirical,120,0.0197101449275362,0,0.000388489813064481,0.0199069805668798
s33-135-25,u025,2025-07-14,variable,hazard,30,0.0003433662528405934,0,1.1790038358979033e-07,0.00034342521653020204
s33-135-25,u025,2025-07-14,variable,hazard,60,0.000927588095474996,0,8.604196748669302e-07,0.0009280185715359966
s33-135-25,u025,2025-07-14,variable,hazard,120,0.003653810935902113,0,1.3350334355317876e-05,0.00366050240763416
s33-135-25,u025,2025-07-14,variable,hazard_cal,30,0.0003307985368096178,0,1.0942767195538406e-07,0.0003308532627147611
s33-135-25,u025,2025-07-14,variable,hazard_cal,60,0.0008997142679916248,0,8.094857640277052e-07,0.000900119253806204
s33-135-25,u025,2025-07-14,variable,hazard_cal,120,0.003602392688358602,0,1.2977233081139517e-05,0.003608896930152872
s33-135-32,u032,2025-07-14,regular,empirical,30,0.0028985507246376274,0,8.401596303297314e-06,0.002902759657961351
s33-135-32,u032,2025-07-14,regular,empirical,60,0.004637681159420315,0,2.1508086536442157e-05,0.004648468567984626
s33-135-32,u032,2025-07-14,regular,empirical,120,0.0197101449275362,0,0.000388489813064481,0.0199069805668798
s33-135-32,u032,2025-07-14,regular,hazard,30,0.0070233057372171,0,4.932682347842664e-05,0.007048085239798826
s33-135-32,u032,2025-07-14,regular,hazard,60,0.018851351464160504,0,0.0003553734520253064,0.019031303336445603
s33-135-32,u032,2025-07-14,regular,hazard,120,0.07207145413892158,0,0.005194294501698676,0.07480054715496179
s33-135-32,u032,2025-07-14,regular,hazard_cal,30,0.007190269422722717,0,5.1699974371341275e-05,0.007216243994245448
s33-135-32,u032,2025-07-14,regular,hazard_cal,60,0.019425704491724538,0,0.00037735799499980687,0.01961686313296936
s33-135-32,u032,2025-07-14,regular,hazard_cal,120,0.07535883850600955,0,0.005678954540974828,0.07834955025539617
s33-135-52,u052,2025-07-14,regular,empirical,30,0.0028985507246376274,0,8.401596303297314e-06,0.002902759657961351
s33-135-52,u052,2025-07-14,regular,empirical,60,0.004637681159420315,0,2.1508086536442157e-05,0.004648468567984626
s33-135-52,u052,2025-07-14,regular,empirical,120,0.0197101449275362,0,0.000388489813064481,0.0199069805668798
s33-135-52,u052,2025-07-14,regular,hazard,30,0.0002491181370015694,0,6.205984618313269e-08,0.0002491491720790351
s33-135-52,u052,2025-07-14,regular,hazard,60,0.000673042293305004,0,4.52985928577259e-07,0.0006732688879468487
s33-135-52,u052,2025-07-14,regular,hazard,120,0.0026522712930198145,0,7.034543011776998e-06,0.0026557947960953727
s33-135-52,u052,2025-07-14,regular,hazard_cal,30,0.00023845259316113143,0,5.6859639185268064e-08,0.0002384810275009753
s33-135-52,u052,2025-07-14,regular,hazard_cal,60,0.0006486079088841024,0,4.20692219467008e-07,0.0006488183459928712
s33-135-52,u052,2025-07-14,regular,hazard_cal,120,0.0025980968163901164,0,6.750107067336458e-06,0.002601477727149059
s33-135-58,u058,2025-07-14,new,empirical,30,0.0028985507246376274,0,8.401596303297314e-06,0.002902759657961351
s33-135-58,u058,2025-07-14,new,empirical,60,0.004637681159420315,0,2.1508086536442157e-05,0.004648468567984626
s33-135-58,u058,2025-07-14,new,empirical,120,0.0197101449275362,0,0.000388489813064481,0.0199069805668798
s33-135-58,u058,2025-07-14,new,hazard,30,0.001144691867352221,0,1.310319471182315e-06,0.0011453475274881208
s33-135-58,u058,2025-07-14,new,hazard,60,0.003089944809390621,0,9.547758925080042e-06,0.0030947285457156113
s33-135-58,u058,2025-07-14,new,hazard,120,0.012127556146753427,0,0.00014707761809265682,0.012201694980784042
s33-135-58,u058,2025-07-14,new,hazard_cal,30,0.0011298945159077256,0,1.2766616170783535e-06,0.0011305333279550862
s33-135-58,u058,2025-07-14,new,hazard_cal,60,0.0030707187328926633,0,9.429313536537923e-06,0.0030754430635335705
s33-135-58,u058,2025-07-14,new,hazard_cal,120,0.012249360325706227,0,0.00015004682838898575,0.012325002083361165
s33-135-39,u039,2025-07-14,variable,empirical,30,0.0028985507246376274,0,8.401596303297314e-06,0.002902759657961351
s33-135-39,u039,2025-07-14,variable,empirical,60,0.004637681159420315,0,2.1508086536442157e-05,0.004648468567984626
s33-135-39,u039,2025-07-14,variable,empirical,120,0.0197101449275362,0,0.000388489813064481,0.0199069805668798
s33-135-39,u039,2025-07-14,variable,hazard,30,0.0017495782955726513,0,3.0610242123389035e-06,0.0017511105951917463
s33-135-39,u039,2025-07-14,variable,hazard,60,0.004720003216166391,0,2.227843036062107e-05,0.004731177607320185
s33-135-39,u039,2025-07-14,variable,hazard,120,0.018474949236867655,0,0.00034132374930483675,0.018647742653850278
s33-135-39,u039,2025-07-14,variable,hazard_cal,30,0.001741794759377746,0,3.0338489837957802e-06,0.0017433134476213352
s33-135-39,u039,2025-07-14,variable,hazard_cal,60,0.004730854678109742,0,2.2380985985392825e-05,0.004742080590536143
s33-135-39,u039,2025-07-14,variable,hazard_cal,120,0.018818293539883957,0,0.00035412817175323825,0.018997610819591334
s33-135-42,u042,2025-07-14,variable,empirical,30,0.0028985507246376274,0,8.401596303297314e-06,0.002902759657961351
s33-135-42,u042,2025-07-14,variable,empirical,60,0.004637681159420315,0,2.1508086536442157e-05,0.004648468567984626
s33-135-42,u042,2025-07-14,variable,empirical,120,0.0197101449275362,0,0.000388489813064481,0.0199069805668798
s33-135-42,u042,2025-07-14,variable,hazard,30,0.0007317780313976785,0,5.354990872362617e-07,0.0007320459116351844
s33-135-42,u042,2025-07-14,variable,hazard,60,0.00197612466426611,0,3.905068688720846e-06,0.0019780797747297484
s33-135-42,u042,2025-07-14,variable,hazard,120,0.007770422418471812,0,6.037946456148932e-05,0.007800769459190134
s33-135-42,u042,2025-07-14,variable,hazard_cal,30,0.0007158316626895145,0,5.124149693088348e-07,0.0007160879925074686
s33-135-42,u042,2025-07-14,variable,hazard_cal,60,0.0019462052689677156,0,3.7877149489576984e-06,0.001948101587258081
s33-135-42,u042,2025-07-14,variable,hazard_cal,120,0.007778527625413201,0,6.0505492019316326e-05,0.0078089381735976906
s33-135-45,u045,2025-07-14,variable,empirical,30,0.0028985507246376274,0,8.401596303297314e-06,0.002902759657961351
s33-135-45,u045,2025-07-14,variable,empirical,60,0.004637681159420315,0,2.1508086536442157e-05,0.004648468567984626
s33-135-45,u045,2025-07-14,variable,empirical,120,0.0197101449275362,0,0.000388489813064481,0.0199069805668798
s33-135-45,u045,2025-07-14,variable,hazard,30,0.0005725192150559666,0,3.2777825160830015e-07,0.0005726831667617584
s33-135-45,u045,2025-07-14,variable,hazard,60,0.0015462926917269026,0,2.39102108848803e-06,0.0015474894361083074
s33-135-45,u045,2025-07-14,variable,hazard,120,0.0060846243079437645,0,3.702265296882013e-05,0.006103211068418628
s33-135-45,u045,2025-07-14,variable,hazard_cal,30,0.0005572787655206968,0,3.1055962250027174e-07,0.0005574341030454971
s33-135-45,u045,2025-07-14,variable,hazard_cal,60,0.0015153657793416375,0,2.2963334451996885e-06,0.001516515107312498
s33-135-45,u045,2025-07-14,variable,hazard_cal,120,0.00606102915538842,0,3.673607442246846e-05,0.00607947175110138
s33-135-53,u053,2025-07-14,regular,empirical,30,0.0028985507246376274,0,8.401596303297314e-06,0.002902759657961351
s33-135-53,u053,2025-07-14,regular,empirical,60,0.004637681159420315,0,2.1508086536442157e-05,0.004648468567984626
s33-135-53,u053,2025-07-14,regular,empirical,120,0.0197101449275362,0,0.000388489813064481,0.0199069805668798
s33-135-53,u053,2025-07-14,regular,hazard,30,0.0011360747424236095,0,1.2906658203728708e-06,0.0011367205645149091
s33-135-53,u053,2025-07-14,regular,hazard,60,0.00306670948796528,0,9.40470708357627e-06,0.0030714214775084
s33-135-53,u053,2025-07-14,regular,hazard,120,0.012036828020595025,0,0.00014488522879738155,0.0121098572535003
s33-135-53,u053,2025-07-14,regular,hazard_cal,30,0.0011212179531234767,0,1.257129698406399e-06,0.0011218469882069242
s33-135-53,u053,2025-07-14,regular,hazard_cal,60,0.0030471642224884077,0,9.285209798813383e-06,0.0030518162801806367
s33-135-53,u053,2025-07-14,regular,hazard_cal,120,0.012155889044075163,0,0.00014776563845186658,0.01223037611650132
s33-135-18,u018,2025-07-14,variable,empirical,30,0.0028985507246376274,0,8.401596303297314e-06,0.002902759657961351
s33-135-18,u018,2025-07-14,variable,empirical,60,0.004637681159420315,0,2.1508086536442157e-05,0.004648468567984626
s33-135-18,u018,2025-07-14,variable,empirical,120,0.0197101449275362,0,0.000388489813064481,0.0199069805668798
s33-135-18,u018,2025-07-14,variable,hazard,30,0.00043061320657256097,0,1.8542773367470306e-07,0.00043070594706387413
s33-135-18,u018,2025-07-14,variable,hazard,60,0.0011631838987344878,0,1.352996782275163e-06,0.0011638609221783925
s33-135-18,u018,2025-07-14,variable,hazard,120,0.00458003043569899,0,2.0976678791929075e-05,0.004590550910113926
s33-135-18,u018,2025-07-14,variable,hazard_cal,30,0.00041675009955299824,0,1.7368064547743395e-07,0.00041683696401042283
s33-135-18,u018,2025-07-14,variable,hazard_cal,60,0.0011333923819951686,0,1.284578291564682e-06,0.0011340351568642772
s33-135-18,u018,2025-07-14,variable,hazard_cal,120,0.004536208998192071,0,2.057719207527871e-05,0.004546528814618471
s33-135-22,u022,2025-07-14,regular,empirical,30,0.0028985507246376274,0,8.401596303297314e-06,0.002902759657961351
s33-135-22,u022,2025-07-14,regular,empirical,60,0.004637681159420315,0,2.1508086536442157e-05,0.004648468567984626
s33-135-22,u022,2025-07-14,regular,empirical,120,0.0197101449275362,0,0.000388489813064481,0.0199069805668798
s33-135-22,u022,2025-07-14,regular,hazard,30,0.0009881953284017753,0,9.765300070750924e-07,0.000988683915311368
s33-135-22,u022,2025-07-14,regular,hazard,60,0.0026679054340464914,0,7.117719405014797e-06,0.002671470636242333
s33-135-22,u022,2025-07-14,regular,hazard,120,0.010478497794612296,0,0.00010979891603169475,0.010533783801299754
s33-135-22,u022,2025-07-14,regular,hazard_cal,30,0.0009725340822386297,0,9.458225411157338e-07,0.0009730073003478924
s33-135-22,u022,2025-07-14,regular,hazard_cal,60,0.002643465847446902,0,6.987911686618167e-06,0.002646965972959108
s33-135-22,u022,2025-07-14,regular,hazard_cal,120,0.010552720594218967,0,0.00011135991193965311,0.010608795393530174
s33-135-55,u055,2025-07-14,new,empirical,30,0.0028985507246376274,0,8.401596303297314e-06,0.002902759657961351
s33-135-55,u055,2025-07-14,new,empirical,60,0.004637681159420315,0,2.1508086536442157e-05,0.004648468567984626
s33-135-55,u055,2025-07-14,new,empirical,120,0.0197101449275362,0,0.000388489813064481,0.0199069805668798
s33-135-55,u055,2025-07-14,new,hazard,30,0.00024014074031519783,0,5.766757515913128e-08,0.00024016957871972035
s33-135-55,u055,2025-07-14,new,hazard,60,0.0006487936808462491,0,4.2093324030602453e-07,0.0006490042385436635
s33-135-55,u055,2025-07-14,new,hazard,120,0.0025568178781876227,0,6.5373176622198575e-06,0.0025600921193016553
s33-135-55,u055,2025-07-14,new,hazard_cal,30,0.00022968954545121711,0,5.275728728958673e-08,0.00022971592813482365
s33-135-55,u055,2025-07-14,new,hazard_cal,60,0.000624777145879718,0,3.903464820136064e-07,0.0006249724004520234
s33-135-55,u055,2025-07-14,new,hazard_cal,120,0.0025027411805025324,0,6.2637134165832095e-06,0.0025058782725235337
s33-135-57,u057,2025-07-14,new,empirical,30,0.0028985507246376274,0,8.401596303297314e-06,0.002902759657961351
s33-135-57,u057,2025-07-14,new,empirical,60,0.004637681159420315,0,2.1508086536442157e-05,0.004648468567984626
s33-135-57,u057,2025-07-14,new,empirical,120,0.0197101449275362,0,0.000388489813064481,0.0199069805668798
s33-135-57,u057,2025-07-14,new,hazard,30,0.000791979178374147,0,6.27231018978189e-07,0.0007922929595666888
s33-135-57,u057,2025-07-14,new,hazard,60,0.0021385703193503858,0,4.573483010806411e-06,0.002140860326332279
s33-135-57,u057,2025-07-14,new,hazard,120,0.008406902423710783,0,7.067600836179423e-05,0.008442439740559478
s33-135-57,u057,2025-07-14,new,hazard_cal,30,0.0007759568603092903,0,6.021090490610515e-07,0.0007762580706613935
s33-135-57,u057,2025-07-14,new,hazard_cal,60,0.0021095499752399327,0,4.450201098034801e-06,0.0021117782100555983
s33-135-57,u057,2025-07-14,new,hazard_cal,120,0.008429022400521458,0,7.104841862849251e-05,0.008464747503279142
s33-135-30,u030,2025-07-14,regular,empirical,30,0.0028985507246376274,0,8.401596303297314e-06,0.002902759657961351
s33-135-30,u030,2025-07-14,regular,empirical,60,0.004637681159420315,0,2.1508086536442157e-05,0.004648468567984626
s33-135-30,u030,2025-07-14,regular,empirical,120,0.0197101449275362,0,0.000388489813064481,0.0199069805668798
s33-135-30,u030,2025-07-14,regular,hazard,30,0.004959486596555984,0,2.459650730141846e-05,0.004971825664072407
s33-135-30,u030,2025-07-14,regular,hazard,60,0.013338340141540561,0,0.00017791131773143228,0.013428094812793438
s33-135-30,u030,2025-07-14,regular,hazard,120,0.05146413988867182,0,0.002648557694480782,0.05283568314058381
s33-135-30,u030,2025-07-14,regular,hazard_cal,30,0.005042080730402798,0,2.5422578091899215e-05,0.005054834909243819
s33-135-30,u030,2025-07-14,regular,hazard_cal,60,0.013650628368521156,0,0.00018633965485547455,0.013744654856913051
s33-135-30,u030,2025-07-14,regular,hazard_cal,120,0.053478725580079156,0,0.0028599740896694125,0.05496183164936539
s33-135-40,u040,2025-07-14,regular,empirical,30,0.0028985507246376274,0,8.401596303297314e-06,0.002902759657961351
s33-135-40,u040,2025-07-14,regular,empirical,60,0.004637681159420315,0,2.1508086536442157e-05,0.004648468567984626
s33-135-40,u040,2025-07-14,regular,empirical,120,0.0197101449275362,0,0.000388489813064481,0.0199069805668798
s33-135-40,u040,2025-07-14,regular,hazard,30,0.0009096802439819696,0,8.275181462910957e-07,0.0009100942541520727
s33-135-40,u040,2025-07-14,regular,hazard,60,0.0024561182078395305,0,6.032516650880867e-06,0.0024591394141386933
s33-135-40,u040,2025-07-14,regular,hazard,120,0.009650091730736943,0,9.312427041163752e-05,0.00969695560343223
s33-135-40,u040,2025-07-14,regular,hazard_cal,30,0.0008937701995429537,0,7.988251695910512e-07,0.0008941698502761042
s33-135-40,u040,2025-07-14,regular,hazard_cal,60,0.0024295629011725772,0,5.90277589075411e-06,0.002432519078234049
s33-135-40,u040,2025-07-14,regular,hazard_cal,120,0.009702368975440967,0,9.41359637355994e-05,0.00974974363732422
s33-135-51,u051,2025-07-14,regular,empirical,30,0.0028985507246376274,0,8.401596303297314e-06,0.002902759657961351
s33-135-51,u051,2025-07-14,regular,empirical,60,0.004637681159420315,0,2.1508086536442157e-05,0.004648468567984626
s33-135-51,u051,2025-07-14,regular,empirical,120,0.0197101449275362,0,0.000388489813064481,0.0199069805668798
s33-135-51,u051,2025-07-14,regular,hazard,30,0.0009853734718038298,0,9.709608789347331e-07,0.0009858592713988719
s33-135-51,u051,2025-07-14,regular,hazard,60,0.0026602942907415494,0,7.077165713352084e-06,0.002663839161927683
s33-135-51,u051,2025-07-14,regular,hazard,120,0.010448736962546334,0,0.000109176104112482,0.010503708270383586
s33-135-51,u051,2025-07-14,regular,hazard_cal,30,0.0009697010350607771,0,9.403200973979424e-07,0.0009701714992738221
s33-135-51,u051,2025-07-14,regular,hazard_cal,60,0.0026357725727673698,0,6.947297055352719e-06,0.002639252337218457
s33-135-51,u051,2025-07-14,regular,hazard_cal,120,0.01052214748953928,0,0.00011071558779161776,0.010577896695859368
s33-135-8,u008,2025-07-14,regular,empirical,30,0.0028985507246376274,0,8.401596303297314e-06,0.002902759657961351
s33-135-8,u008,2025-07-14,regular,empirical,60,0.004637681159420315,0,2.1508086536442157e-05,0.004648468567984626
s33-135-8,u008,2025-07-14,regular,empirical,120,0.0197101449275362,0,0.000388489813064481,0.0199069805668798
s33-135-8,u008,2025-07-14,regular,hazard,30,0.0021604986361447587,0,4.667754356783362e-06,0.0021628358803385383
s33-135-8,u008,2025-07-14,regular,hazard,60,0.005826273767831847,0,3.39454660177255e-05,0.005843312715456376
s33-135-8,u008,2025-07-14,regular,hazard,120,0.02276303896494214,0,0.0005181559429194741,0.02302611690506074
s33-135-8,u008,2025-07-14,regular,hazard_cal,30,0.0021600513788417874,0,4.665821959236307e-06,0.00216238765474502
s33-135-8,u008,2025-07-14,regular,hazard_cal,60,0.005864477457381834,0,3.43920958481397e-05,0.0058817410329610395
s33-135-8,u008,2025-07-14,regular,hazard_cal,120,0.023282443160741573,0,0.0005420721595331621,0.023557761017840215
s33-135-9,u009,2025-07-14,regular,empirical,30,0.0028985507246376274,0,8.401596303297314e-06,0.002902759657961351
s33-135-9,u009,2025-07-14,regular,empirical,60,0.004637681159420315,0,2.1508086536442157e-05,0.004648468567984626
s33-135-9,u009,2025-07-14,regular,empirical,120,0.0197101449275362,0,0.000388489813064481,0.0199069805668798
s33-135-9,u009,2025-07-14,regular,hazard,30,0.0033881943916677093,0,1.1479861235728519e-05,0.003393947320655753
s33-135-9,u009,2025-07-14,regular,hazard,60,0.009126226542715665,0,8.328801090896792e-05,0.00916812566357054
s33-135-9,u009,2025-07-14,regular,hazard,120,0.035460183814552404,0,0.0012574246361618444,0.036104165803143747
s33-135-9,u009,2025-07-14,regular,hazard_cal,30,0.003418330869189967,0,1.1684985931257036e-05,0.0034241867107666383
s33-135-9,u009,2025-07-14,regular,hazard_cal,60,0.009269272821608832,0,8.591941864141615e-05,0.009312499860435502
s33-135-9,u009,2025-07-14,regular,hazard_cal,120,0.03658639421516008,0,0.0013385642416670989,0.037272462211005435
s33-135-19,u019,2025-07-14,variable,empirical,30,0.0028985507246376274,0,8.401596303297314e-06,0.002902759657961351
s33-135-19,u019,2025-07-14,variable,empirical,60,0.004637681159420315,0,2.1508086536442157e-05,0.004648468567984626
s33-135-19,u019,2025-07-14,variable,empirical,120,0.0197101449275362,0,0.000388489813064481,0.0199069805668798
s33-135-19,u019,2025-07-14,variable,hazard,30,0.0006018902957413141,0,3.622719281075666e-07,0.0006020715044208466
s33-135-19,u019,2025-07-14,variable,hazard,60,0.0016255737695540784,0,2.642490080262256e-06,0.0016268964481963581
s33-135-19,u019,2025-07-14,variable,hazard,120,0.006395746456817508,0,4.090557273989371e-05,0.0064162868708797244
s33-135-19,u019,2025-07-14,variable,hazard_cal,30,0.0005864592502690114,0,3.439344522260909e-07,0.0005866312847592247
s33-135-19,u019,2025-07-14,variable,hazard_cal,60,0.0015946686126562248,0,2.542967984190929e-06,0.0015959414499974662
s33-135-19,u019,2025-07-14,variable,hazard_cal,120,0.006377352357845867,0,4.067062309612224e-05,0.006397774542004552
s33-135-37,u037,2025-07-14,variable,empirical,30,0.0028985507246376274,0,8.401596303297314e-06,0.002902759657961351
s33-135-37,u037,2025-07-14,variable,empirical,60,0.004637681159420315,0,2.1508086536442157e-05,0.004648468567984626
s33-135-37,u037,2025-07-14,variable,empirical,120,0.0197101449275362,0,0.000388489813064481,0.0199069805668798
s33-135-37,u037,2025-07-14,variable,hazard,30,0.0009418484135585992,0,8.8707843412285e-07,0.0009422922314703412
s33-135-37,u037,2025-07-14,variable,hazard,60,0.0025428927677604296,0,6.466303628328298e-06,0.002546131411088085
s33-135-37,u037,2025-07-14,variable,hazard,120,0.009989581534704861,0,9.979173923851633e-05,0.010039812206556887
s33-135-37,u037,2025-07-14,variable,hazard_cal,30,0.0009260243728193007,0,8.575211390553793e-07,0.0009264533982679587
s33-135-37,u037,2025-07-14,variable,hazard_cal,60,0.002517161124551137,0,6.336100126951546e-06,0.0025203345009997143
s33-135-37,u037,2025-07-14,variable,hazard_cal,120,0.010050683080195522,0,0.00010101623037852853,0.01010153219451227
s33-135-44,u044,2025-07-14,variable,empirical,30,0.0028985507246376274,0,8.401596303297314e-06,0.002902759657961351
s33-135-44,u044,2025-07-14,variable,empirical,60,0.004637681159420315,0,2.1508086536442157e-05,0.004648468567984626
s33-135-44,u044,2025-07-14,variable,empirical,120,0.0197101449275362,0,0.000388489813064481,0.0199069805668798
s33-135-44,u044,2025-07-14,variable,hazard,30,0.00022535967049830408,0,5.0786981087104184e-08,0.00022538506780460501
s33-135-44,u044,2025-07-14,variable,hazard,60,0.000608868003633245,0,3.7072024584833326e-07,0.000609053439030443
s33-135-44,u044,2025-07-14,variable,hazard,120,0.002399635645746967,0,5.758251232339463e-06,0.002402519385570084
s33-135-44,u044,2025-07-14,variable,hazard_cal,30,0.00021527590204450942,0,4.634371400107721e-08,0.0002152990772276086
s33-135-44,u044,2025-07-14,variable,hazard_cal,60,0.0005855789232804831,0,3.4290267539032993e-07,0.0005857504415797808
s33-135-44,u044,2025-07-14,variable,hazard_cal,120,0.0023458777654675744,0,5.5031424905151405e-06,0.002348633647531416
s33-135-41,u041,2025-07-14,regular,empirical,30,0.0028985507246376274,0,8.401596303297314e-06,0.002902759657961351
s33-135-41,u041,2025-07-14,regular,empirical,60,0.004637681159420315,0,2.1508086536442157e-05,0.004648468567984626
s33-135-41,u041,2025-07-14,regular,empirical,120,0.0197101449275362,0,0.000388489813064481,0.0199069805668798
s33-135-41,u041,2025-07-14,regular,hazard,30,0.0007981395475126218,0,6.370267373036527e-07,0.0007984582304615333
s33-135-41,u041,2025-07-14,regular,hazard,60,0.0021551922811809954,0,4.6448537688621425e-06,0.002157518050319406
s33-135-41,u041,2025-07-14,regular,hazard,120,0.00847200960295258,0,7.177494671252072e-05,0.008508101065689881
s33-135-41,u041,2025-07-14,regular,hazard_cal,30,0.0007821147796568395,0,6.117035285576666e-07,0.0007824207909888457
s33-135-41,u041,2025-07-14,regular,hazard_cal,60,0.002126278375938706,0,4.5210597319845415e-06,0.0021285421152672495
s33-135-41,u041,2025-07-14,regular,hazard_cal,120,0.008495620092783263,0,7.217556076090268e-05,0.008531913576454067
s33-135-16,u016,2025-07-14,regular,empirical,30,0.0028985507246376274,0,8.401596303297314e-06,0.002902759657961351
s33-135-16,u016,2025-07-14,regular,empirical,60,0.004637681159420315,0,2.1508086536442157e-05,0.004648468567984626
s33-135-16,u016,2025-07-14,regular,empirical,120,0.0197101449275362,0,0.000388489813064481,0.0199069805668798
s33-135-16,u016,2025-07-14,regular,hazard,30,0.0023534851983643135,0,5.538892578919912e-06,0.002356258997571975
s33-135-16,u016,2025-07-14,regular,hazard,60,0.006345525187727796,0,4.026568990808788e-05,0.00636574360906503
s33-135-16,u016,2025-07-14,regular,hazard,120,0.024770271411917233,0,0.0006135663458200441,0.02508221667340196
s33-135-16,u016,2025-07-14,regular,hazard_cal,30,0.0023570578572613687,0,5.555721742477555e-06,0.0023598400909162266
s33-135-16,u016,2025-07-14,regular,hazard_cal,60,0.00639811333319007,0,4.0935854224344546e-05,0.006418668985472338
s33-135-16,u016,2025-07-14,regular,hazard_cal,120,0.02537787112001888,0,0.0006440363425842884,0.025705443228220524
s33-135-31,u031,2025-07-14,variable,empirical,30,0.0028985507246376274,0,8.401596303297314e-06,0.002902759657961351
s33-135-31,u031,2025-07-14,variable,empirical,60,0.004637681159420315,0,2.1508086536442157e-05,0.004648468567984626
s33-135-31,u031,2025-07-14,variable,empirical,120,0.0197101449275362,0,0.000388489813064481,0.0199069805668798
s33-135-31,u031,2025-07-14,variable,hazard,30,0.0008099761863734622,0,6.560614224920976e-07,0.0008103043943237585
s33-135-31,u031,2025-07-14,variable,hazard,60,0.002187129449338965,0,4.783535228165763e-06,0.0021895247100872173
s33-135-31,u031,2025-07-14,variable,hazard,120,0.008597095323300219,0,7.39100479979105e-05,0.008634263526342755
s33-135-31,u031,2025-07-14,variable,hazard_cal,30,0.0007939493951472087,0,6.303556420546187e-07,0.0007942647398911298
s33-135-31,u031,2025-07-14,variable,hazard_cal,60,0.0021584273371592078,0,4.658808569796188e-06,0.0021607600987795417
s33-135-31,u031,2025-07-14,variable,hazard_cal,120,0.008623598097225571,0,7.436644414247249e-05,0.008660996480271603
s33-135-27,u027,2025-07-14,regular,empirical,30,0.0028985507246376274,0,8.401596303297314e-06,0.002902759657961351
s33-135-27,u027,2025-07-14,regular,empirical,60,0.004637681159420315,0,2.1508086536442157e-05,0.004648468567984626
s33-135-27,u027,2025-07-14,regular,empirical,120,0.0197101449275362,0,0.000388489813064481,0.0199069805668798
s33-135-27,u027,2025-07-14,regular,hazard,30,0.0008753576844188204,0,7.662510756710793e-07,0.0008757410336847998
s33-135-27,u027,2025-07-14,regular,hazard,60,0.0023635261825577514,0,5.586256015636017e-06,0.0023663237194693656
s33-135-27,u027,2025-07-14,regular,hazard,120,0.009287733445059732,0,8.626199254648111e-05,0.009331133375010304
s33-135-27,u027,2025-07-14,regular,hazard_cal,30,0.0008593812492584396,0,7.385361315769963e-07,0.0008597507290220486
s33-135-27,u027,2025-07-14,regular,hazard_cal,60,0.0023361608145587853,0,5.457647351479967e-06,0.0023388938956755752
s33-135-27,u027,2025-07-14,regular,hazard_cal,120,0.009330861945955338,0,8.706498465447743e-05,0.009374667144734896
s33-136-14,u014,2025-07-15,regular,empirical,30,0.0028985507246376274,0,8.401596303297314e-06,0.002902759657961351
s33-136-14,u014,2025-07-15,regular,empirical,60,0.004637681159420315,0,2.1508086536442157e-05,0.004648468567984626
s33-136-14,u014,2025-07-15,regular,empirical,120,0.0197101449275362,0,0.000388489813064481,0.0199069805668798
s33-136-14,u014,2025-07-15,regular,hazard,30,0.003075766695449955,0,9.460340764839138e-06,0.0030805065875291007
s33-136-14,u014,2025-07-15,regular,hazard,60,0.008287186538489477,0,6.86774607237212e-05,0.008321716170180907
s33-136-14,u014,2025-07-15,regular,hazard,120,0.03224513605963797,0,0.0010397487995045648,0.03277646350718616
s33-136-14,u014,2025-07-15,regular,hazard_cal,30,0.0030970869427827674,0,9.591947531155509e-06,0.0031018928419719984
s33-136-14,u014,2025-07-15,regular,hazard_cal,60,0.008400811045629841,0,7.057362622437635e-05,0.0084362967375614
s33-136-14,u014,2025-07-15,regular,hazard_cal,120,0.03320771743723139,0,0.0011027524973910015,0.03377161263939744
s33-136-26,u026,2025-07-15,variable,empirical,30,0.0028985507246376274,0,8.401596303297314e-06,0.002902759657961351
s33-136-26,u026,2025-07-15,variable,empirical,60,0.004637681159420315,0,2.1508086536442157e-05,0.004648468567984626
s33-136-26,u026,2025-07-15,variable,empirical,120,0.0197101449275362,0,0.000388489813064481,0.0199069805668798
s33-136-26,u026,2025-07-15,variable,hazard,30,0.0004204500390753152,0,1.7677823535843406e-07,0.0004205384529762817
s33-136-26,u026,2025-07-15,variable,hazard,60,0.0011357420044240119,0,1.2899099006130721e-06,0.0011363874481256156
s33-136-26,u026,2025-07-15,variable,hazard,120,0.004472183124634266,0,2.0000421900263506e-05,0.0044822132511308475
s33-136-26,u026,2025-07-15,variable,hazard_cal,30,0.00040671822530824464,0,1.6541971479788805e-07,0.000406800957598891
s33-136-26,u026,2025-07-15,variable,hazard_cal,60,0.0011061205609995683,0,1.2235026954659998e-06,0.0011067327638357017
s33-136-26,u026,2025-07-15,variable,hazard_cal,120,0.004427264821052712,0,1.9600673795730902e-05,0.004437094180129808
s33-136-6,u006,2025-07-15,variable,empirical,30,0.0028985507246376274,0,8.401596303297314e-06,0.002902759657961351
s33-136-6,u006,2025-07-15,variable,empirical,60,0.004637681159420315,0,2.1508086536442157e-05,0.004648468567984626
s33-136-6,u006,2025-07-15,variable,empirical,120,0.0197101449275362,0,0.000388489813064481,0.0199069805668798
s33-136-6,u006,2025-07-15,variable,hazard,30,0.003465021712193872,0,1.2006375465974953e-05,0.0034710388035158685
s33-136-6,u006,2025-07-15,variable,hazard,60,0.009332472565969363,0,8.709504419457079e-05,0.009376292936092902
s33-136-6,u006,2025-07-15,variable,hazard,120,0.03624909640753593,0,0.0013139969903628343,0.03692241652530808
s33-136-6,u006,2025-07-15,variable,hazard_cal,30,0.003497419410872671,0,1.223194253554894e-05,0.003503549679728265
s33-136-6,u006,2025-07-15,variable,hazard_cal,60,0.009482999756846522,0,8.992728438835119e-05,0.009528249696368325
s33-136-6,u006,2025-07-15,variable,hazard_cal,120,0.03741633607260508,0,0.0013999822050981283,0.038134293036901794
s33-136-30,u030,2025-07-15,regular,empirical,30,0.0028985507246376274,0,8.401596303297314e-06,0.002902759657961351
s33-136-30,u030,2025-07-15,regular,empirical,60,0.004637681159420315,0,2.1508086536442157e-05,0.004648468567984626
s33-136-30,u030,2025-07-15,regular,empirical,120,0.0197101449275362,0,0.000388489813064481,0.0199069805668798
s33-136-30,u030,2025-07-15,regular,hazard,30,0.006037508558242033,0,3.645150959084579e-05,0.0060558080055951695
s33-136-30,u030,2025-07-15,regular,hazard,60,0.016220769581272165,0,0.0002631133658087244,0.016353766432764545
s33-136-30,u030,2025-07-15,regular,hazard,120,0.06228616024353717,0,0.0038795657578835903,0.06431045140722243
s33-136-30,u030,2025-07-15,regular,hazard_cal,30,0.006162334166399441,0,3.7974362378373896e-05,0.006181399713458378
s33-136-30,u030,2025-07-15,regular,hazard_cal,60,0.016665291193878162,0,0.000277731930576753,0.016805719531472918
s33-136-30,u030,2025-07-15,regular,hazard_cal,120,0.0649547348088807,0,0.0042191175740920175,0.06716033889616006
s33-136-57,u057,2025-07-15,new,empirical,30,0.0028985507246376274,0,8.401596303297314e-06,0.002902759657961351
s33-136-57,u057,2025-07-15,new,empirical,60,0.004637681159420315,0,2.1508086536442157e-05,0.004648468567984626
s33-136-57,u057,2025-07-15,new,empirical,120,0.0197101449275362,0,0.000388489813064481,0.0199069805668798
s33-136-57,u057,2025-07-15,new,hazard,30,0.0007970905176393206,0,6.3535329331052e-07,0.0007974083631983205
s33-136-57,u057,2025-07-15,new,hazard,60,0.002152361793562485,0,4.632661290387517e-06,0.0021546814533033765
s33-136-57,u057,2025-07-15,new,hazard,120,0.008460923016665567,0,7.158721829394116e-05,0.00849691981370956
s33-136-57,u057,2025-07-15,new,hazard_cal,30,0.0007810660990442697,0,6.10064251076233e-07,0.0007813712900964122
s33-136-57,u057,2025-07-15,new,hazard_cal,60,0.002123429578976155,0,4.50895317687085e-06,0.0021256872521374197
s33-136-57,u057,2025-07-15,new,hazard_cal,120,0.008484278973253878,0,7.198298969599787e-05,0.00852047534693318
s33-136-39,u039,2025-07-15,variable,empirical,30,0.0028985507246376274,0,8.401596303297314e-06,0.002902759657961351
s33-136-39,u039,2025-07-15,variable,empirical,60,0.004637681159420315,0,2.1508086536442157e-05,0.004648468567984626
s33-136-39,u039,2025-07-15,variable,empirical,120,0.0197101449275362,0,0.000388489813064481,0.0199069805668798
s33-136-39,u039,2025-07-15,variable,hazard,30,0.0012184639388168605,0,1.484654370197098e-06,0.001219206869552817
s33-136-39,u039,2025-07-15,variable,hazard,60,0.0032888489229675466,0,1.0816527238104791e-05,0.0032942690738877356
s33-136-39,u039,2025-07-15,variable,hazard,120,0.012903938429433826,0,0.0001665116269906191,0.012987917465387069
s33-136-39,u039,2025-07-15,variable,hazard_cal,30,0.0012042283524980046,0,1.4501659249600584e-06,0.0012049540180970445
s33-136-39,u039,2025-07-15,variable,hazard_cal,60,0.0032724985348858704,0,1.0709246660830169e-05,0.0032778648689615474
s33-136-39,u039,2025-07-15,variable,hazard_cal,120,0.013049773237171824,0,0.000170296581541606,0.013135669631954984
s33-136-47,u047,2025-07-15,regular,empirical,30,0.0028985507246376274,0,8.401596303297314e-06,0.002902759657961351
s33-136-47,u047,2025-07-15,regular,empirical,60,0.004637681159420315,0,2.1508086536442157e-05,0.004648468567984626
s33-136-47,u047,2025-07-15,regular,empirical,120,0.0197101449275362,0,0.000388489813064481,0.0199069805668798
s33-136-47,u047,2025-07-15,regular,hazard,30,0.0005644815549846749,0,3.1863942591791656e-07,0.0005646409346783877
s33-136-47,u047,2025-07-15,regular,hazard,60,0.0015245959300758116,0,2.324392750003729e-06,0.0015257593090564057
s33-136-47,u047,2025-07-15,regular,hazard,120,0.005999465489364253,0,3.5993586158072654e-05,0.006017534588649501
s33-136-47,u047,2025-07-15,regular,hazard_cal,30,0.0005492984596620065,0,3.0172879778705303e-07,0.0005494493793300581
s33-136-47,u047,2025-07-15,regular,hazard_cal,60,0.0014936771801737914,0,2.231071518571929e-06,0.0014947938280125243
s33-136-47,u047,2025-07-15,regular,hazard_cal,120,0.005974502687693839,0,3.569468236526091e-05,0.00599242143492602
s33-136-18,u018,2025-07-15,variable,empirical,30,0.0028985507246376274,0,8.401596303297314e-06,0.002902759657961351
s33-136-18,u018,2025-07-15,variable,empirical,60,0.004637681159420315,0,2.1508086536442157e-05,0.004648468567984626
s33-136-18,u018,2025-07-15,variable,empirical,120,0.0197101449275362,0,0.000388489813064481,0.0199069805668798
s33-136-18,u018,2025-07-15,variable,hazard,30,0.0003629067337694858,0,1.3170129741523645e-07,0.00036297260035429355
s33-136-18,u018,2025-07-15,variable,hazard,60,0.000980357339455118,0,9.611005130235173e-07,0.0009808382040167201
s33-136-18,u018,2025-07-15,variable,hazard,120,0.003861330939075036,0,1.49098766210581e-05,0.0038688051237898676
s33-136-18,u018,2025-07-15,variable,hazard_cal,30,0.0003500141481969088,0,1.2250990393800764e-07,0.0003500754174460309
s33-136-18,u018,2025-07-15,variable,hazard_cal,60,0.0009519595135955017,0,9.062269155249842e-07,0.0009524129148225104
s33-136-18,u018,2025-07-15,variable,hazard_cal,120,0.003811238188586974,0,1.4525536530143719e-05,0.0038185194631877
s33-136-3,u003,2025-07-15,regular,empirical,30,0.0028985507246376274,0,8.401596303297314e-06,0.002902759657961351
s33-136-3,u003,2025-07-15,regular,empirical,60,0.004637681159420315,0,2.1508086536442157e-05,0.004648468567984626
s33-136-3,u003,2025-07-15,regular,empirical,120,0.0197101449275362,0,0.000388489813064481,0.0199069805668798
s33-136-3,u003,2025-07-15,regular,hazard,30,0.000651452751541326,0,4.243906874907646e-07,0.0006516650390869487
s33-136-3,u003,2025-07-15,regular,hazard,60,0.0017593470525947286,0,3.0953020514737584e-06,0.0017608965212559124
s33-136-3,u003,2025-07-15,regular,hazard,120,0.006920524980971843,0,4.7893666012255326e-05,0.0069445828737260875
s33-136-3,u003,2025-07-15,regular,hazard_cal,30,0.0006357645630280517,0,4.0419657960224954e-07,0.0006359667470166712
s33-136-3,u003,2025-07-15,regular,hazard_cal,60,0.001728653749728526,0,2.988243786450493e-06,0.001730149595736852
s33-136-3,u003,2025-07-15,regular,hazard_cal,120,0.006911597153649085,0,4.777017521433013e-05,0.006935592870995389
s33-136-12,u012,2025-07-15,variable,empirical,30,0.0028985507246376274,0,8.401596303297314e-06,0.002902759657961351
s33-136-12,u012,2025-07-15,variable,empirical,60,0.004637681159420315,0,2.1508086536442157e-05,0.004648468567984626
s33-136-12,u012,2025-07-15,variable,empirical,120,0.0197101449275362,0,0.000388489813064481,0.0199069805668798
s33-136-12,u012,2025-07-15,variable,hazard,30,0.002766067414507911,0,7.65112894160248e-06,0.002769900048158932
s33-136-12,u012,2025-07-15,variable,hazard,60,0.007454974104795342,0,5.557663890316911e-05,0.0074829013085397
s33-136-12,u012,2025-07-15,variable,hazard,120,0.0290473023124046,0,0.0008437457716282255,0.02947752692624906
s33-136-12,u012,2025-07-15,variable,hazard_cal,30,0.0027792950151546147,0,7.72448078126329e-06,0.0027831644266990345
s33-136-12,u012,2025-07-15,variable,hazard_cal,60,0.007541144335009631,0,5.6868857881447844e-05,0.007569722529464153
s33-136-12,u012,2025-07-15,variable,hazard_cal,120,0.029853316212926195,0,0.000891220488908962,0.03030799851831538
s33-136-27,u027,2025-07-15,regular,empirical,30,0.0028985507246376274,0,8.401596303297314e-06,0.002902759657961351
s33-136-27,u027,2025-07-15,regular,empirical,60,0.004637681159420315,0,2.1508086536442157e-05,0.004648468567984626
s33-136-27,u027,2025-07-15,regular,empirical,120,0.0197101449275362,0,0.000388489813064481,0.0199069805668798
s33-136-27,u027,2025-07-15,regular,hazard,30,0.0012906419162174165,0,1.6657565558973648e-06,0.001291475511821513
s33-136-27,u027,2025-07-15,regular,hazard,60,0.0034834276513818763,0,1.2134268202411854e-05,0.003489508912011206
s33-136-27,u027,2025-07-15,regular,hazard,120,0.013662937560582344,0,0.00018667586278437183,0.013757134480485
s33-136-27,u027,2025-07-15,regular,hazard_cal,30,0.0012770438830518316,0,1.6308410792401001e-06,0.0012778599984755838
s33-136-27,u027,2025-07-15,regular,hazard_cal,60,0.0034701284648678277,0,1.2041791562685946e-05,0.0034761633258558423
s33-136-27,u027,2025-07-15,regular,hazard_cal,120,0.013833188067964297,0,0.0001913570921236698,0.013929758230447446
s33-136-35,u035,2025-07-15,regular,empirical,30,0.0028985507246376274,0,8.401596303297314e-06,0.002902759657961351
s33-136-35,u035,2025-07-15,regular,empirical,60,0.004637681159420315,0,2.1508086536442157e-05,0.004648468567984626
s33-136-35,u035,2025-07-15,regular,empirical,120,0.0197101449275362,0,0.000388489813064481,0.0199069805668798
s33-136-35,u035,2025-07-15,regular,hazard,30,0.006676986552708097,0,4.458214942504476e-05,0.006699377351785745
s33-136-35,u035,2025-07-15,regular,hazard,60,0.017927776660422334,0,0.0003214051759859838,0.01809042614315377
s33-136-35,u035,2025-07-15,regular,hazard,120,0.06864578754156492,0,0.004712244147201669,0.07111560955374163
s33-136-35,u035,2025-07-15,regular,hazard_cal,30,0.006828798557998339,0,4.663248974572019e-05,0.006852221497465018
s33-136-35,u035,2025-07-15,regular,hazard_cal,60,0.018455646060923203,0,0.00034061087152607015,0.01862807633344527
s33-136-35,u035,2025-07-15,regular,hazard_cal,120,0.07171393097582046,0,0.005142887896004741,0.0744153296648556
s33-136-40,u040,2025-07-15,regular,empirical,30,0.0028985507246376274,0,8.401596303297314e-06,0.002902759657961351
s33-136-40,u040,2025-07-15,regular,empirical,60,0.004637681159420315,0,2.1508086536442157e-05,0.004648468567984626
s33-136-40,u040,2025-07-15,regular,empirical,120,0.0197101449275362,0,0.000388489813064481,0.0199069805668798
s33-136-40,u040,2025-07-15,regular,hazard,30,0.0006249090734909979,0,3.905113501313774e-07,0.0006251044105489027
s33-136-40,u040,2025-07-15,regular,hazard,60,0.001687704998276196,0,2.848348161206455e-06,0.0016891307767782895
s33-136-40,u040,2025-07-15,regular,hazard,120,0.006639509933052068,0,4.4083092151097074e-05,0.006661649530928339
s33-136-40,u040,2025-07-15,regular,hazard_cal,30,0.000609348809708754,0,3.7130597189347534e-07,0.0006095345381474687
s33-136-40,u040,2025-07-15,regular,hazard_cal,60,0.0016568716435667596,0,2.7452236432556154e-06,0.0016582457734360214
s33-136-40,u040,2025-07-15,regular,hazard_cal,120,0.0066254077209078055,0,4.389602746826476e-05,0.0066474531619511055
s33-136-43,u043,2025-07-15,variable,empirical,30,0.0028985507246376274,0,8.401596303297314e-06,0.002902759657961351
s33-136-43,u043,2025-07-15,variable,empirical,60,0.004637681159420315,0,2.1508086536442157e-05,0.004648468567984626
s33-136-43,u043,2025-07-15,variable,empirical,120,0.0197101449275362,0,0.000388489813064481,0.0199069805668798
s33-136-43,u043,2025-07-15,variable,hazard,30,0.0007184380069059637,0,5.161531697670135e-07,0.0007186962071655072
s33-136-43,u043,2025-07-15,variable,hazard,60,0.0019401256377609144,0,3.764087490297195e-06,0.0019420101193212058
s33-136-43,u043,2025-07-15,variable,hazard,120,0.007629327443394729,0,5.820663723853595e-05,0.0076585796400515105
s33-136-43,u043,2025-07-15,variable,hazard_cal,30,0.000702521685382429,0,4.935367184325685e-07,0.0007027685693759899
s33-136-43,u043,2025-07-15,variable,hazard_cal,60,0.001910042888001895,0,3.6482638340066193e-06,0.001911869346031578
s33-136-43,u043,2025-07-15,variable,hazard_cal,120,0.007634467363159758,0,5.828509191915151e-05,0.007663759088838298
s33-136-45,u045,2025-07-15,variable,empirical,30,0.0028985507246376274,0,8.401596303297314e-06,0.002902759657961351
s33-136-45,u045,2025-07-15,variable,empirical,60,0.004637681159420315,0,2.1508086536442157e-05,0.004648468567984626
s33-136-45,u045,2025-07-15,variable,empirical,120,0.0197101449275362,0,0.000388489813064481,0.0199069805668798
s33-136-45,u045,2025-07-15,variable,hazard,30,0.0008850957495956102,0,7.833944859522152e-07,0.0008854876781184983
s33-136-45,u045,2025-07-15,variable,hazard,60,0.002389797199762289,0,5.711130655991678e-06,0.0023926573227415087
s33-136-45,u045,2025-07-15,variable,hazard,120,0.009390556304322284,0,8.8182547704647e-05,0.009434925564661176
s33-136-45,u045,2025-07-15,variable,hazard_cal,30,0.0008691354341656687,0,7.553964029223455e-07,0.0008695133513571453
s33-136-45,u045,2025-07-15,variable,hazard_cal,60,0.002362654299894462,0,5.582135340809792e-06,0.0023654497715883674
s33-136-45,u045,2025-07-15,variable,hazard_cal,120,0.009436251930502015,0,8.904285049590301e-05,0.009481055429912502
s33-136-46,u046,2025-07-15,variable,empirical,30,0.0028985507246376274,0,8.401596303297314e-06,0.002902759657961351
s33-136-46,u046,2025-07-15,variable,empirical,60,0.004637681159420315,0,2.1508086536442157e-05,0.004648468567984626
s33-136-46,u046,2025-07-15,variable,empirical,120,0.0197101449275362,0,0.000388489813064481,0.0199069805668798
s33-136-46,u046,2025-07-15,variable,hazard,30,0.00035422332807555357,0,1.2547416615292126e-07,0.00035428607997785934
s33-136-46,u046,2025-07-15,variable,hazard,60,0.0009569079699396354,0,9.156728629339942e-07,0.0009573660986524307
s33-136-46,u046,2025-07-15,variable,hazard,120,0.00376911861303153,0,1.4206255119100725e-05,0.0037762396395516463
s33-136-46,u046,2025-07-15,variable,hazard_cal,30,0.00034147246354365723,0,1.1660344335857432e-07,0.0003415307785410249
s33-136-46,u046,2025-07-15,variable,hazard_cal,60,0.0009287358049459016,0,8.625501953885117e-07,0.0009291673472568157
s33-136-46,u046,2025-07-15,variable,hazard_cal,120,0.0037184081914956035,0,1.3826559478581605e-05,0.0037253386567682872
s33-136-58,u058,2025-07-15,new,empirical,30,0.0028985507246376274,0,8.401596303297314e-06,0.002902759657961351
s33-136-58,u058,2025-07-15,new,empirical,60,0.004637681159420315,0,2.1508086536442157e-05,0.004648468567984626
s33-136-58,u058,2025-07-15,new,empirical,120,0.0197101449275362,0,0.000388489813064481,0.0199069805668798
s33-136-58,u058,2025-07-15,new,hazard,30,0.0012078408136872998,0,1.4588794312087984e-06,0.0012085708413002076
s33-136-58,u058,2025-07-15,new,hazard,60,0.0032602086183530776,0,1.0628960235183683e-05,0.0032655346776641545
s33-136-58,u058,2025-07-15,new,hazard,120,0.012792178593947323,0,0.00016363983317944412,0.01287470304427437
s33-136-58,u058,2025-07-15,new,hazard_cal,30,0.0011935186092095762,0,1.424486670529561e-06,0.001194231419769733
s33-136-58,u058,2025-07-15,new,hazard_cal,60,0.003243428657205172,0,1.0519829454379743e-05,0.003248699973109821
s33-136-58,u058,2025-07-15,new,hazard_cal,120,0.01293449401752167,0,0.00016730113548930385,0.013018872974391488
s33-136-21,u021,2025-07-15,regular,empirical,30,0.0028985507246376274,0,8.401596303297314e-06,0.002902759657961351
s33-136-21,u021,2025-07-15,regular,empirical,60,0.004637681159420315,0,2.1508086536442157e-05,0.004648468567984626
s33-136-21,u021,2025-07-15,regular,empirical,120,0.0197101449275362,0,0.000388489813064481,0.0199069805668798
s33-136-21,u021,2025-07-15,regular,hazard,30,0.0003916742775131876,0,1.534087396654775e-07,0.00039175100191765817
s33-136-21,u021,2025-07-15,regular,hazard,60,0.0010580407315459173,0,1.1194501896102198e-06,0.0010586008517622458
s33-136-21,u021,2025-07-15,regular,hazard,120,0.004166761553894838,0,1.7361901847016122e-05,0.004175466694731038
s33-136-21,u021,2025-07-15,regular,hazard_cal,30,0.00037834112047530066,0,1.4314200344250598e-07,0.00037841270953431456
s33-136-21,u021,2025-07-15,regular,hazard_cal,60,0.0010289740241827827,0,1.05878754244291e-06,0.0010295037813894522
s33-136-21,u021,2025-07-15,regular,hazard_cal,120,0.0041190283767594815,0,1.696639476854985e-05,0.004127534941366852
s33-136-29,u029,2025-07-15,regular,empirical,30,0.0028985507246376274,0,8.401596303297314e-06,0.002902759657961351
s33-136-29,u029,2025-07-15,regular,empirical,60,0.004637681159420315,0,2.1508086536442157e-05,0.004648468567984626
s33-136-29,u029,2025-07-15,regular,empirical,120,0.0197101449275362,0,0.000388489813064481,0.0199069805668798
s33-136-29,u029,2025-07-15,regular,hazard,30,0.001596343716726789,0,2.548313261933099e-06,0.0015976192309779282
s33-136-29,u029,2025-07-15,regular,hazard,60,0.004307243913762804,0,1.8552350132646717e-05,0.004316546811673186
s33-136-29,u029,2025-07-15,regular,hazard,120,0.016870951510251975,0,0.0002846290048612734,0.01701488719740178
s33-136-29,u029,2025-07-15,regular,hazard_cal,30,0.001586308339928233,0,2.516374149325866e-06,0.0015875678591697087
s33-136-29,u029,2025-07-15,regular,hazard_cal,60,0.004309195312156566,0,1.8569164238312127e-05,0.004318506653495928
s33-136-29,u029,2025-07-15,regular,hazard_cal,120,0.017153385688683964,0,0.00029423864058474784,0.01730220935069089
s33-136-49,u049,2025-07-15,variable,empirical,30,0.0028985507246376274,0,8.401596303297314e-06,0.002902759657961351
s33-136-49,u049,2025-07-15,variable,empirical,60,0.004637681159420315,0,2.1508086536442157e-05,0.004648468567984626
s33-136-49,u049,2025-07-15,variable,empirical,120,0.0197101449275362,0,0.000388489813064481,0.0199069805668798
s33-136-49,u049,2025-07-15,variable,hazard,30,0.0003724115977002951,0,1.3869039810168643e-07,0.0003724809601207937
s33-136-49,u049,2025-07-15,variable,hazard,60,0.0010060245910414878,0,1.0120854777801927e-06,0.0010065309734309563
s33-136-49,u049,2025-07-15,variable,hazard,120,0.003962256579954082,0,1.5699477205389418e-05,0.003970127115490091
s33-136-49,u049,2025-07-15,variable,hazard_cal,30,0.00035936860682161953,0,1.2914579556891178e-07,0.00035943319519388974
s33-136-49,u049,2025-07-15,variable,hazard_cal,60,0.000977392602429239,0,9.552962992834005e-07,0.0009778705620403856
s33-136-49,u049,2025-07-15,variable,hazard_cal,120,0.003912891067377577,0,1.5310716505163236e-05,0.003920566454140669
s33-136-10,u010,2025-07-15,regular,empirical,30,0.0028985507246376274,0,8.401596303297314e-06,0.002902759657961351
s33-136-10,u010,2025-07-15,regular,empirical,60,0.004637681159420315,0,2.1508086536442157e-05,0.004648468567984626
s33-136-10,u010,2025-07-15,regular,empirical,120,0.0197101449275362,0,0.000388489813064481,0.0199069805668798
s33-136-10,u010,2025-07-15,regular,hazard,30,0.00045321184794011593,0,2.0540097911329476e-07,0.00045331457947027625
s33-136-10,u010,2025-07-15,regular,hazard,60,0.0012242012874219554,0,1.498668792125573e-06,0.0012249512339374924
s33-136-10,u010,2025-07-15,regular,hazard,120,0.00481979479489647,0,2.323042186491111e-05,0.004831447463219814
s33-136-10,u010,2025-07-15,regular,hazard_cal,30,0.000439073759348485,0,1.9278576614841133e-07,0.0004391701804565778
s33-136-10,u010,2025-07-15,regular,hazard_cal,60,0.001194077713570607,0,1.4258215860460088e-06,0.0011947911923862844
s33-136-10,u010,2025-07-15,regular,hazard_cal,120,0.004778595367020522,0,2.2834973681709995e-05,0.004790049357753868
s33-136-32,u032,2025-07-15,regular,empirical,30,0.0028985507246376274,0,8.401596303297314e-06,0.002902759657961351
s33-136-32,u032,2025-07-15,regular,empirical,60,0.004637681159420315,0,2.1508086536442157e-05,0.004648468567984626
s33-136-32,u032,2025-07-15,regular,empirical,120,0.0197101449275362,0,0.000388489813064481,0.0199069805668798
s33-136-32,u032,2025-07-15,regular,hazard,30,0.007509197162271386,0,5.6388042021864635e-05,0.007537533125965526
s33-136-32,u032,2025-07-15,regular,hazard,60,0.020146098802274026,0,0.00040586529695098696,0.020351798841592102
s33-136-32,u032,2025-07-15,regular,hazard,120,0.07685594548643515,0,0.005906836356613892,0.07996998459489503
s33-136-32,u032,2025-07-15,regular,hazard_cal,30,0.007698009945909745,0,5.9259357127325355e-05,0.007727792567539601
s33-136-32,u032,2025-07-15,regular,hazard_cal,60,0.020787137688607515,0,0.000432105093285127,0.02100623177992041
s33-136-32,u032,2025-07-15,regular,hazard_cal,120,0.08045377207921955,0,0.006472809441775008,0.08387496113812716
s33-136-2,u002,2025-07-15,variable,empirical,30,0.0028985507246376274,0,8.401596303297314e-06,0.002902759657961351
s33-136-2,u002,2025-07-15,variable,empirical,60,0.004637681159420315,0,2.1508086536442157e-05,0.004648468567984626
s33-136-2,u002,2025-07-15,variable,empirical,120,0.0197101449275362,0,0.000388489813064481,0.0199069805668798
s33-136-2,u002,2025-07-15,variable,hazard,30,0.0009310394979407111,0,8.668345467256913e-07,0.0009314731844211315
s33-136-2,u002,2025-07-15,variable,hazard,60,0.0025137360084691585,0,6.318868720274457e-06,0.002516900747487382
s33-136-2,u002,2025-07-15,variable,hazard,120,0.009875521970014955,0,9.752593418024806e-05,0.009924608373709
s33-136-2,u002,2025-07-15,variable,hazard_cal,30,0.0009151840428318625,0,8.375618322540724e-07,0.0009156030794312367
s33-136-2,u002,2025-07-15,variable,hazard_cal,60,0.0024877207859770323,0,6.188754708982183e-06,0.002490820304890367
s33-136-2,u002,2025-07-15,variable,hazard_cal,120,0.009933632038741091,0,9.867704548110349e-05,0.009983299755764882
s33-137-49,u049,2025-07-16,variable,empirical,30,0.0028985507246376274,0,8.401596303297314e-06,0.002902759657961351
s33-137-49,u049,2025-07-16,variable,empirical,60,0.004637681159420315,0,2.1508086536442157e-05,0.004648468567984626
s33-137-49,u049,2025-07-16,variable,empirical,120,0.0197101449275362,0,0.000388489813064481,0.0199069805668798
s33-137-49,u049,2025-07-16,variable,hazard,30,0.00024070463393388586,0,5.7938720797245995e-08,0.00024073360794383007
s33-137-49,u049,2025-07-16,variable,hazard,60,0.0006503168115712388,0,4.229119554121821e-07,0.0006505283592692666
s33-137-49,u049,2025-07-16,variable,hazard,120,0.00256281383163659,0,6.56801473562782e-06,0.002566103460677604
s33-137-49,u049,2025-07-16,variable,hazard_cal,30,0.0002302397833832126,0,5.301035785234866e-08,0.00023026629263120588
s33-137-49,u049,2025-07-16,variable,hazard_cal,60,0.0006262735082597226,0,3.9221850714794085e-07,0.0006264696994304615
s33-137-49,u049,2025-07-16,variable,hazard_cal,120,0.0025087289049912087,0,6.2937207187383895e-06,0.00251188103835292
s33-137-0,u000,2025-07-16,regular,empirical,30,0.0028985507246376274,0,8.401596303297314e-06,0.002902759657961351
s33-137-0,u000,2025-07-16,regular,empirical,60,0.004637681159420315,0,2.1508086536442157e-05,0.004648468567984626
s33-137-0,u000,2025-07-16,regular,empirical,120,0.0197101449275362,0,0.000388489813064481,0.0199069805668798
s33-137-0,u000,2025-07-16,regular,hazard,30,0.004123281845771265,0,1.700145317966689e-05,0.004131806012123722
s33-137-0,u000,2025-07-16,regular,hazard,60,0.011098344283402173,0,0.00012317324583292568,0.011160390406250829
s33-137-0,u000,2025-07-16,regular,hazard,120,0.04298143832237089,0,0.001847404040259773,0.043932492024874384
s33-137-0,u000,2025-07-16,regular,hazard_cal,30,0.004176422005190195,0,1.7442500765436886e-05,0.004185167614302811
s33-137-0,u000,2025-07-16,regular,hazard_cal,60,0.011316559258776171,0,0.00012806451345739268,0.011381078736326239
s33-137-0,u000,2025-07-16,regular,hazard_cal,120,0.0445113974064314,0,0.0019812644990732675,0.04553244358481014
s33-137-40,u040,2025-07-16,regular,empirical,30,0.0028985507246376274,0,8.401596303297314e-06,0.002902759657961351
s33-137-40,u040,2025-07-16,regular,empirical,60,0.004637681159420315,0,2.1508086536442157e-05,0.004648468567984626
s33-137-40,u040,2025-07-16,regular,empirical,120,0.0197101449275362,0,0.000388489813064481,0.0199069805668798
s33-137-40,u040,2025-07-16,regular,hazard,30,0.0011153029984030116,0,1.243900778246748e-06,0.001115925411621392
s33-137-40,u040,2025-07-16,regular,hazard,60,0.0030106987149091102,0,9.064306751955368e-06,0.0030152399855073292
s33-137-40,u040,2025-07-16,regular,hazard,120,0.011818090943481852,0,0.00013966727354840775,0.011888479703738792
s33-137-40,u040,2025-07-16,regular,hazard_cal,30,0.0011003084045148048,0,1.2106785850459154e-06,0.001100914188214027
s33-137-40,u040,2025-07-16,regular,hazard_cal,60,0.002990398838508823,0,8.942485213354918e-06,0.002994879015021256
s33-137-40,u040,2025-07-16,regular,hazard_cal,120,0.01193059615648484,0,0.00014233912464913084,0.012002336896283229
s33-137-17,u017,2025-07-16,regular,empirical,30,0.0028985507246376274,0,8.401596303297314e-06,0.002902759657961351
s33-137-17,u017,2025-07-16,regular,empirical,60,0.004637681159420315,0,2.1508086536442157e-05,0.004648468567984626
s33-137-17,u017,2025-07-16,regular,empirical,120,0.0197101449275362,0,0.000388489813064481,0.0199069805668798
s33-137-17,u017,2025-07-16,regular,hazard,30,0.0004893294460062148,0,2.3944330672874904e-07,0.0004894492067294715
s33-137-17,u017,2025-07-16,regular,hazard,60,0.001321714971485477,0,1.7469304658488554e-06,0.001322589207130201
s33-137-17,u017,2025-07-16,regular,hazard,120,0.005202867729805494,0,2.706983261385137e-05,0.005216449776991726
s33-137-17,u017,2025-07-16,regular,hazard_cal,30,0.00047479808664674383,0,2.2543322308340886e-07,0.0004749108389494164
s33-137-17,u017,2025-07-16,regular,hazard_cal,60,0.0012911863309020832,0,1.6671621411083839e-06,0.0012920206302072027
s33-137-17,u017,2025-07-16,regular,hazard_cal,120,0.005166357026371138,0,2.6691244923934425e-05,0.005179748793178305
s33-137-38,u038,2025-07-16,regular,empirical,30,0.0028985507246376274,0,8.401596303297314e-06,0.002902759657961351
s33-137-38,u038,2025-07-16,regular,empirical,60,0.004637681159420315,0,2.1508086536442157e-05,0.004648468567984626
s33-137-38,u038,2025-07-16,regular,empirical,120,0.0197101449275362,0,0.000388489813064481,0.0199069805668798
s33-137-38,u038,2025-07-16,regular,hazard,30,0.0007643168117046351,0,5.841801886543385e-07,0.0007646090507172442
s33-137-38,u038,2025-07-16,regular,hazard,60,0.0020639290456587744,0,4.25980310551394e-06,0.0020660618823993013
s33-137-38,u038,2025-07-16,regular,hazard,120,0.00811449261998598,0,6.584499047980694e-05,0.008147594305763771
s33-137-38,u038,2025-07-16,regular,hazard_cal,30,0.0007483175059614933,0,5.599790897284295e-07,0.0007485976352655172
s33-137-38,u038,2025-07-16,regular,hazard_cal,60,0.0020344633373217125,0,4.1390410709062e-06,0.0020365356690561667
s33-137-38,u038,2025-07-16,regular,hazard_cal,120,0.008130046808778268,0,6.60976611129257e-05,0.008163275864405206
s33-137-16,u016,2025-07-16,regular,empirical,30,0.0028985507246376274,0,8.401596303297314e-06,0.002902759657961351
s33-137-16,u016,2025-07-16,regular,empirical,60,0.004637681159420315,0,2.1508086536442157e-05,0.004648468567984626
s33-137-16,u016,2025-07-16,regular,empirical,120,0.0197101449275362,0,0.000388489813064481,0.0199069805668798
s33-137-16,u016,2025-07-16,regular,hazard,30,0.0023519750832561304,0,5.5317867922576815e-06,0.0023547453211917486
s33-137-16,u016,2025-07-16,regular,hazard,60,0.006341462808887699,0,4.0214150556505866e-05,0.006361655296035763
s33-137-16,u016,2025-07-16,regular,hazard,120,0.02475458131842634,0,0.0006127892962505823,0.025066128190025797
s33-137-16,u016,2025-07-16,regular,hazard_cal,30,0.0023555149886128612,0,5.548450861579848e-06,0.0023582935782408988
s33-137-16,u016,2025-07-16,regular,hazard_cal,60,0.006393934928831446,0,4.088240387413079e-05,0.006414463683903395
s33-137-16,u016,2025-07-16,regular,hazard_cal,120,0.025361478682174865,0,0.0006432046009464101,0.025688624094419472
s33-137-21,u021,2025-07-16,regular,empirical,30,0.0028985507246376274,0,8.401596303297314e-06,0.002902759657961351
s33-137-21,u021,2025-07-16,regular,empirical,60,0.004637681159420315,0,2.1508086536442157e-05,0.004648468567984626
s33-137-21,u021,2025-07-16,regular,empirical,120,0.0197101449275362,0,0.000388489813064481,0.0199069805668798
s33-137-21,u021,2025-07-16,regular,hazard,30,0.0003191232310804093,0,1.0183963661520031e-07,0.0003191741617344417
s33-137-21,u021,2025-07-16,regular,hazard,60,0.0008621168344971064,0,7.432454363233112e-07,0.0008624886709416011
s33-137-21,u021,2025-07-16,regular,hazard,120,0.00339628816336901,0,1.1534773288640444e-05,0.0034020686418380405
s33-137-21,u021,2025-07-16,regular,hazard_cal,30,0.000306989356560039,0,9.424246504114677e-08,0.0003070364874385918
s33-137-21,u021,2025-07-16,regular,hazard_cal,60,0.0008349768669438928,0,6.971863683314393e-07,0.0008353256542944868
s33-137-21,u021,2025-07-16,regular,hazard_cal,120,0.0033435591130711595,0,1.11793875426012e-05,0.0033491612978186437
s33-137-59,u059,2025-07-16,new,empirical,30,0.0028985507246376274,0,8.401596303297314e-06,0.002902759657961351
s33-137-59,u059,2025-07-16,new,empirical,60,0.004637681159420315,0,2.1508086536442157e-05,0.004648468567984626
s33-137-59,u059,2025-07-16,new,empirical,120,0.0197101449275362,0,0.000388489813064481,0.0199069805668798
s33-137-59,u059,2025-07-16,new,hazard,30,0.0008131455568347601,0,6.612056966001121e-07,0.0008134763390112543
s33-137-59,u059,2025-07-16,new,hazard,60,0.002195680800271771,0,4.821014176682084e-06,0.0021980948416503035
s33-137-59,u059,2025-07-16,new,hazard,120,0.00863058543912476,0,7.448700502203233e-05,0.008668044627181005
s33-137-59,u059,2025-07-16,new,hazard_cal,30,0.0007971188178540478,0,6.353984097770346e-07,0.0007974366859892766
s33-137-59,u059,2025-07-16,new,hazard_cal,60,0.0021670370088699986,0,4.696049397812231e-06,0.0021693884312626466
s33-137-59,u059,2025-07-16,new,hazard_cal,120,0.008657868929623835,0,7.495869440254578e-05,0.008695566018843763
s33-137-25,u025,2025-07-16,variable,empirical,30,0.0028985507246376274,0,8.401596303297314e-06,0.002902759657961351
s33-137-25,u025,2025-07-16,variable,empirical,60,0.004637681159420315,0,2.1508086536442157e-05,0.004648468567984626
s33-137-25,u025,2025-07-16,variable,empirical,120,0.0197101449275362,0,0.000388489813064481,0.0199069805668798
s33-137-25,u025,2025-07-16,variable,hazard,30,0.00024552506577646405,0,6.0282557924537e-08,0.00024555521198996134
s33-137-25,u025,2025-07-16,variable,hazard,60,0.0006633371925378606,0,4.4001623100401073e-07,0.0006635572979948357
s33-137-25,u025,2025-07-16,variable,hazard,120,0.002614068592069585,0,6.833354604044662e-06,0.00261749123535564
s33-137-25,u025,2025-07-16,variable,hazard_cal,30,0.0002349445346024881,0,5.5198934339579726e-08,0.00023497213839331573
s33-137-25,u025,2025-07-16,variable,hazard_cal,60,0.0006390679308025948,0,4.0840782018031015e-07,0.0006392722217545191
s33-137-25,u025,2025-07-16,variable,hazard_cal,120,0.002559924794137358,0,6.5532149516391955e-06,0.0025632070042838472
s33-137-27,u027,2025-07-16,regular,empirical,30,0.0028985507246376274,0,8.401596303297314e-06,0.002902759657961351
s33-137-27,u027,2025-07-16,regular,empirical,60,0.004637681159420315,0,2.1508086536442157e-05,0.004648468567984626
s33-137-27,u027,2025-07-16,regular,empirical,120,0.0197101449275362,0,0.000388489813064481,0.0199069805668798
s33-137-27,u027,2025-07-16,regular,hazard,30,0.0008747953833834199,0,7.652669627889446e-07,0.000875178240161994
s33-137-27,u027,2025-07-16,regular,hazard,60,0.0023620092111029667,0,5.5790875133352594e-06,0.0023648031552746204
s33-137-27,u027,2025-07-16,regular,hazard,120,0.00928179585265676,0,8.615173425039624e-05,0.009325140136801057
s33-137-27,u027,2025-07-16,regular,hazard_cal,30,0.0008588180840043425,0,7.375685014128898e-07,0.0008591870795368666
s33-137-27,u027,2025-07-16,regular,hazard_cal,60,0.002334631177697166,0,5.450502735875658e-06,0.0023373606781438715
s33-137-27,u027,2025-07-16,regular,hazard_cal,120,0.009324776821862168,0,8.695146277753792e-05,0.009368524725262287
s33-137-54,u054,2025-07-16,new,empirical,30,0.0028985507246376274,0,8.401596303297314e-06,0.002902759657961351
s33-137-54,u054,2025-07-16,new,empirical,60,0.004637681159420315,0,2.1508086536442157e-05,0.004648468567984626
s33-137-54,u054,2025-07-16,new,empirical,120,0.0197101449275362,0,0.000388489813064481,0.0199069805668798
s33-137-54,u054,2025-07-16,new,hazard,30,0.0014812595908186843,0,2.1941299753923362e-06,0.00148235774037005
s33-137-54,u054,2025-07-16,new,hazard,60,0.003997168074300728,0,1.5977352614208987e-05,0.004005178102686133
s33-137-54,u054,2025-07-16,new,hazard,120,0.015664526645142285,0,0.0002453773950163726,0.01578851182654274
s33-137-54,u054,2025-07-16,new,hazard_cal,30,0.0014697291768549503,0,2.1601038532987296e-06,0.0014708102882053712
s33-137-54,u054,2025-07-16,new,hazard_cal,60,0.00399296339558064,0,1.5943756678446873e-05,0.004000956558619992
s33-137-54,u054,2025-07-16,new,hazard_cal,120,0.01590317373483696,0,0.00025291093484040817,0.016030986094933877
s33-137-15,u015,2025-07-16,variable,empirical,30,0.0028985507246376274,0,8.401596303297314e-06,0.002902759657961351
s33-137-15,u015,2025-07-16,variable,empirical,60,0.004637681159420315,0,2.1508086536442157e-05,0.004648468567984626
s33-137-15,u015,2025-07-16,variable,empirical,120,0.0197101449275362,0,0.000388489813064481,0.0199069805668798
s33-137-15,u015,2025-07-16,variable,hazard,30,0.0007863792081106435,0,6.183922589487228e-07,0.0007866885664327187
s33-137-15,u015,2025-07-16,variable,hazard,60,0.002123460259315091,0,4.509083472890513e-06,0.002125717997762998
s33-137-15,u015,2025-07-16,variable,hazard,120,0.008347714127677541,0,6.968433115742721e-05,0.00838275141702193
s33-137-15,u015,2025-07-16,variable,hazard_cal,30,0.0007703599547296269,0,5.934544598510328e-07,0.0007706568344388374
s33-137-15,u015,2025-07-16,variable,hazard_cal,60,0.002094345431451705,0,4.386282786242629e-06,0.0020965416397932066
s33-137-15,u015,2025-07-16,variable,hazard_cal,120,0.008368488046577971,0,7.003159218571838e-05,0.008403700429890349
s33-137-23,u023,2025-07-16,variable,empirical,30,0.0028985507246376274,0,8.401596303297314e-06,0.002902759657961351
s33-137-23,u023,2025-07-16,variable,empirical,60,0.004637681159420315,0,2.1508086536442157e-05,0.004648468567984626
s33-137-23,u023,2025-07-16,variable,empirical,120,0.0197101449275362,0,0.000388489813064481,0.0199069805668798
s33-137-23,u023,2025-07-16,variable,hazard,30,0.001115729997428927,0,1.2448534271627534e-06,0.0011163528875037065
s33-137-23,u023,2025-07-16,variable,hazard,60,0.0030118501355496097,0,9.071241239010202e-06,0.003016394883863713
s33-137-23,u023,2025-07-16,variable,hazard,120,0.011822587962333153,0,0.00013977358612710477,0.011893030514720694
s33-137-23,u023,2025-07-16,variable,hazard_cal,30,0.001100738157832848,0,1.2116244921092517e-06,0.0011013444150066716
s33-137-23,u023,2025-07-16,variable,hazard_cal,60,0.002991565559069098,0,8.949464494208406e-06,0.0029960492356907223
s33-137-23,u023,2025-07-16,variable,hazard_cal,120,0.011935227128276882,0,0.00014244964660355643,0.012007023796440735
s33-137-35,u035,2025-07-16,regular,empirical,30,0.0028985507246376274,0,8.401596303297314e-06,0.002902759657961351
s33-137-35,u035,2025-07-16,regular,empirical,60,0.004637681159420315,0,2.1508086536442157e-05,0.004648468567984626
s33-137-35,u035,2025-07-16,regular,empirical,120,0.0197101449275362,0,0.000388489813064481,0.0199069805668798
s33-137-35,u035,2025-07-16,regular,hazard,30,0.0030749221830523865,0,9.455146431827654e-06,0.0030796594699532055
s33-137-35,u035,2025-07-16,regular,hazard,60,0.008284917872664277,0,6.863986415679197e-05,0.008319428549007236
s33-137-35,u035,2025-07-16,regular,hazard,120,0.03223643067800819,0,0.0010391874628580275,0.032767468106801194
s33-137-35,u035,2025-07-16,regular,hazard_cal,30,0.0030962194579661206,0,9.586574931888018e-06,0.0031010226625113398
s33-137-35,u035,2025-07-16,regular,hazard_cal,60,0.00839846511859299,0,7.053421634822318e-05,0.008433930938670087
s33-137-35,u035,2025-07-16,regular,hazard_cal,120,0.033198577149630815,0,0.0011021455247599893,0.0337621584427117
s33-137-51,u051,2025-07-16,regular,empirical,30,0.0028985507246376274,0,8.401596303297314e-06,0.002902759657961351
s33-137-51,u051,2025-07-16,regular,empirical,60,0.004637681159420315,0,2.1508086536442157e-05,0.004648468567984626
s33-137-51,u051,2025-07-16,regular,empirical,120,0.0197101449275362,0,0.000388489813064481,0.0199069805668798
s33-137-51,u051,2025-07-16,regular,hazard,30,0.0012411641822848152,0,1.540488527386734e-06,0.0012419350644754356
s33-137-51,u051,2025-07-16,regular,hazard,60,0.0033500475801262475,0,1.1222818789109727e-05,0.003355671553418985
s33-137-51,u051,2025-07-16,regular,hazard,120,0.01314271116258825,0,0.00017273085670322177,0.013229840846473686
s33-137-51,u051,2025-07-16,regular,hazard_cal,30,0.0012271199750133466,0,1.5058234330767563e-06,0.0012278735032393226
s33-137-51,u051,2025-07-16,regular,hazard_cal,60,0.003334632126707593,0,1.1119771420470405e-05,0.0033402044035285255
s33-137-51,u051,2025-07-16,regular,hazard_cal,120,0.013296131079579832,0,0.00017678710168536873,0.013385316056043506
s33-137-53,u053,2025-07-16,regular,empirical,30,0.0028985507246376274,0,8.401596303297314e-06,0.002902759657961351
s33-137-53,u053,2025-07-16,regular,empirical,60,0.004637681159420315,0,2.1508086536442157e-05,0.004648468567984626
s33-137-53,u053,2025-07-16,regular,empirical,120,0.0197101449275362,0,0.000388489813064481,0.0199069805668798
s33-137-53,u053,2025-07-16,regular,hazard,30,0.0008070227579715095,0,6.512857318839416e-07,0.0008073485761443658
s33-137-53,u053,2025-07-16,regular,hazard,60,0.0021791606895688043,0,4.748741310961986e-06,0.0021815385152952308
s33-137-53,u053,2025-07-16,regular,hazard,120,0.008565885978307763,0,7.337440259336955e-05,0.008602784040433702
s33-137-53,u053,2025-07-16,regular,hazard_cal,30,0.0007909961431077361,0,6.256748984113142e-07,0.0007913091456236815
s33-137-53,u053,2025-07-16,regular,hazard_cal,60,0.0021504048406433274,0,4.624240978662254e-06,0.0021527202811511678
s33-137-53,u053,2025-07-16,regular,hazard_cal,120,0.00859166360801844,0,7.381668355334844e-05,0.008628784724155953
s33-137-11,u011,2025-07-16,variable,empirical,30,0.0028985507246376274,0,8.401596303297314e-06,0.002902759657961351
s33-137-11,u011,2025-07-16,variable,empirical,60,0.004637681159420315,0,2.1508086536442157e-05,0.004648468567984626
s33-137-11,u011,2025-07-16,variable,empirical,120,0.0197101449275362,0,0.000388489813064481,0.0199069805668798
s33-137-11,u011,2025-07-16,variable,hazard,30,0.0004640888695679468,0,2.1537847885685474e-07,0.00046419659213722814
s33-137-11,u011,2025-07-16,variable,hazard,60,0.001253568806780958,0,1.571434753334235e-06,0.0012543551814094597
s33-137-11,u011,2025-07-16,variable,hazard,120,0.004935175355894272,0,2.435595579342616e-05,0.004947393549653005
s33-137-11,u011,2025-07-16,variable,hazard_cal,30,0.0004498265048950012,0,2.0234388450605253e-07,0.00044992770718737445
s33-137-11,u011,2025-07-16,variable,hazard_cal,60,0.0012233073674112749,0,1.496480915162704e-06,0.001224056218647978
s33-137-11,u011,2025-07-16,variable,hazard_cal,120,0.004895325036323062,0,2.3964207211251385e-05,0.00490734638825857
s33-137-19,u019,2025-07-16,variable,empirical,30,0.0028985507246376274,0,8.401596303297314e-06,0.002902759657961351
s33-137-19,u019,2025-07-16,variable,empirical,60,0.004637681159420315,0,2.1508086536442157e-05,0.004648468567984626
s33-137-19,u019,2025-07-16,variable,empirical,120,0.0197101449275362,0,0.000388489813064481,0.0199069805668798
s33-137-19,u019,2025-07-16,variable,hazard,30,0.0009239311692287311,0,8.536488054723701e-07,0.0009243582567180274
s33-137-19,u019,2025-07-16,variable,hazard,60,0.002494561151570096,0,6.222835338922724e-06,0.002497677753354267
s33-137-19,u019,2025-07-16,variable,hazard,120,0.00980050496868412,0,9.604989764120213e-05,0.009848846021298801
s33-137-19,u019,2025-07-16,variable,hazard_cal,30,0.0009080564359131849,0,8.24566490803356e-07,0.0009084689689129905
s33-137-19,u019,2025-07-16,variable,hazard_cal,60,0.0024683631792682403,0,6.092816784767216e-06,0.002471414610054462
s33-137-19,u019,2025-07-16,variable,hazard_cal,120,0.009856662220974477,0,9.71537901383855e-05,0.009905560698550633
s33-137-18,u018,2025-07-16,variable,empirical,30,0.0028985507246376274,0,8.401596303297314e-06,0.002902759657961351
s33-137-18,u018,2025-07-16,variable,empirical,60,0.004637681159420315,0,2.1508086536442157e-05,0.004648468567984626
s33-137-18,u018,2025-07-16,variable,empirical,120,0.0197101449275362,0,0.000388489813064481,0.0199069805668798
s33-137-18,u018,2025-07-16,variable,hazard,30,0.0002526598450810491,0,6.383699731637973e-08,0.0002526917689570749
s33-137-18,u018,2025-07-16,variable,hazard,60,0.000682608593343903,0,4.6595449170694196e-07,0.000682841676665578
s33-137-18,u018,2025-07-16,variable,hazard,120,0.0026899264123836364,0,7.235704104039101e-06,0.002693550765389933
s33-137-18,u018,2025-07-16,variable,hazard_cal,30,0.00024191150250973958,0,5.852117504651974e-08,0.00024194076781710097
s33-137-18,u018,2025-07-16,variable,hazard_cal,60,0.0006580141643105497,0,4.3298264043331114e-07,0.0006582307506472297
s33-137-18,u018,2025-07-16,variable,hazard_cal,120,0.002635732557262571,0,6.947086113413893e-06,0.002639212215963959
s33-137-30,u030,2025-07-16,regular,empirical,30,0.0028985507246376274,0,8.401596303297314e-06,0.002902759657961351
s33-137-30,u030,2025-07-16,regular,empirical,60,0.004637681159420315,0,2.1508086536442157e-05,0.004648468567984626
s33-137-30,u030,2025-07-16,regular,empirical,120,0.0197101449275362,0,0.000388489813064481,0.0199069805668798
s33-137-30,u030,2025-07-16,regular,hazard,30,0.006326582205992137,0,4.002564240917634e-05,0.00634667983825327
s33-137-30,u030,2025-07-16,regular,hazard,60,0.016992677325190164,0,0.00028875108267803197,0.017138709549583398
s33-137-30,u030,2025-07-16,regular,hazard,120,0.06516650602643814,0,0.004246673507693799,0.06738684686350814
s33-137-30,u030,2025-07-16,regular,hazard_cal,30,0.006463441874714704,0,4.1776080867815524e-05,0.006484420359483931
s33-137-30,u030,2025-07-16,regular,hazard_cal,60,0.017474460716931484,0,0.0003053567773475816,0.017628941395323405
s33-137-30,u030,2025-07-16,regular,hazard_cal,120,0.06801479069263017,0,0.004626011752962291,0.070438334264351
s33-137-43,u043,2025-07-16,variable,empirical,30,0.0028985507246376274,0,8.401596303297314e-06,0.002902759657961351
s33-137-43,u043,2025-07-16,variable,empirical,60,0.004637681159420315,0,2.1508086536442157e-05,0.004648468567984626
s33-137-43,u043,2025-07-16,variable,empirical,120,0.0197101449275362,0,0.000388489813064481,0.0199069805668798
s33-137-43,u043,2025-07-16,variable,hazard,30,0.0006054967463405836,0,3.66626309829033e-07,0.0006056801335261307
s33-137-43,u043,2025-07-16,variable,hazard,60,0.0016353083177284011,0,2.6742332940316935e-06,0.001636646893897623
s33-137-43,u043,2025-07-16,variable,hazard,120,0.006433941986776492,0,4.1395609489205436e-05,0.006454729001120461
s33-137-43,u043,2025-07-16,variable,hazard_cal,30,0.0005900443064791316,0,3.481522836084394e-07,0.0005902184511263436
s33-137-43,u043,2025-07-16,variable,hazard_cal,60,0.0016044112889150863,0,2.5741355839981687e-06,0.0016056997350231547
s33-137-43,u043,2025-07-16,variable,hazard_cal,120,0.00641620802517795,0,4.1167725422357926e-05,0.006436880360667784
s33-137-4,u004,2025-07-16,variable,empirical,30,0.0028985507246376274,0,8.401596303297314e-06,0.002902759657961351
s33-137-4,u004,2025-07-16,variable,empirical,60,0.004637681159420315,0,2.1508086536442157e-05,0.004648468567984626
s33-137-4,u004,2025-07-16,variable,empirical,120,0.0197101449275362,0,0.000388489813064481,0.0199069805668798
s33-137-4,u004,2025-07-16,variable,hazard,30,0.0004880056376942443,0,2.3814950242136606e-07,0.0004881247511990726
s33-137-4,u004,2025-07-16,variable,hazard,60,0.0013181409493382423,0,1.7374955623223228e-06,0.001319010461296273
s33-137-4,u004,2025-07-16,variable,hazard,120,0.005188829739642187,0,2.6923954066995203e-05,0.00520233846659391
s33-137-4,u004,2025-07-16,variable,hazard_cal,30,0.0004734877289439554,0,2.2419062946050458e-07,0.0004735998596550931
s33-137-4,u004,2025-07-16,variable,hazard_cal,60,0.001287624535418752,0,1.6579769442123571e-06,0.001288454236196053
s33-137-4,u004,2025-07-16,variable,hazard_cal,120,0.005152136800706142,0,2.654451361319052e-05,0.005165454821383201
s33-137-41,u041,2025-07-16,regular,empirical,30,0.0028985507246376274,0,8.401596303297314e-06,0.002902759657961351
s33-137-41,u041,2025-07-16,regular,empirical,60,0.004637681159420315,0,2.1508086536442157e-05,0.004648468567984626
s33-137-41,u041,2025-07-16,regular,empirical,120,0.0197101449275362,0,0.000388489813064481,0.0199069805668798
s33-137-41,u041,2025-07-16,regular,hazard,30,0.0008306154626193107,0,6.899220467422916e-07,0.0008309606147817324
s33-137-41,u041,2025-07-16,regular,hazard,60,0.0022428158145774146,0,5.0302227781185515e-06,0.0022453346929246962
s33-137-41,u041,2025-07-16,regular,hazard,120,0.008815165640546185,0,7.770714527026604e-05,0.008854249067291795
s33-137-41,u041,2025-07-16,regular,hazard_cal,30,0.000814593456725965,0,6.635624997407566e-07,0.0008149254182638761
s33-137-41,u041,2025-07-16,regular,hazard_cal,60,0.0022145055492653887,0,4.904034827727201e-06,0.0022169611927064263
s33-137-41,u041,2025-07-16,regular,hazard_cal,120,0.008846799489676038,0,7.82658612105322e-05,0.008886164763380042
s33-137-58,u058,2025-07-16,new,empirical,30,0.0028985507246376274,0,8.401596303297314e-06,0.002902759657961351
s33-137-58,u058,2025-07-16,new,empirical,60,0.004637681159420315,0,2.1508086536442157e-05,0.004648468567984626
s33-137-58,u058,2025-07-16,new,empirical,120,0.0197101449275362,0,0.000388489813064481,0.0199069805668798
s33-137-58,u058,2025-07-16,new,hazard,30,0.0010249209206915078,0,1.0504628936711278e-06,0.001025446511294903
s33-137-58,u058,2025-07-16,new,hazard,60,0.0027669583362747163,0,7.656058434680145e-06,0.002770793441509946
s33-137-58,u058,2025-07-16,new,hazard,120,0.010865741962354902,0,0.00011806434839248016,0.01092520527083239
s33-137-58,u058,2025-07-16,new,hazard_cal,30,0.001009420026445551,0,1.0189287897893371e-06,0.0010099298339425848
s33-137-58,u058,2025-07-16,new,hazard_cal,60,0.0027436275006089694,0,7.52749186209782e-06,0.0027473981449481935
s33-137-58,u058,2025-07-16,new,hazard_cal,120,0.010950689848628237,0,0.00011991760816084952,0.01101109000639646
s33-137-20,u020,2025-07-16,variable,empirical,30,0.0028985507246376274,0,8.401596303297314e-06,0.002902759657961351
s33-137-20,u020,2025-07-16,variable,empirical,60,0.004637681159420315,0,2.1508086536442157e-05,0.004648468567984626
s33-137-20,u020,2025-07-16,variable,empirical,120,0.0197101449275362,0,0.000388489813064481,0.0199069805668798
s33-137-20,u020,2025-07-16,variable,hazard,30,0.0007221013662026543,0,5.214303830717399e-07,0.0007223622069707326
s33-137-20,u020,2025-07-16,variable,hazard,60,0.001950011571550836,0,3.802545129182161e-06,0.0019519153194049138
s33-137-20,u020,2025-07-16,variable,hazard,120,0.00766807617163745,0,5.8799392174034055e-05,0.007697627030142322
s33-137-20,u020,2025-07-16,variable,hazard_cal,30,0.000706176300847905,0,4.986849678792308e-07,0.0007064257607805534
s33-137-20,u020,2025-07-16,variable,hazard_cal,60,0.001919972344695653,0,3.686293804396123e-06,0.0019218178541943209
s33-137-20,u020,2025-07-16,variable,hazard_cal,120,0.007674025168366794,0,5.8890662284727e-05,0.007703622014702006
s33-137-28,u028,2025-07-16,regular,empirical,30,0.0028985507246376274,0,8.401596303297314e-06,0.002902759657961351
s33-137-28,u028,2025-07-16,regular,empirical,60,0.004637681159420315,0,2.1508086536442157e-05,0.004648468567984626
s33-137-28,u028,2025-07-16,regular,empirical,120,0.0197101449275362,0,0.000388489813064481,0.0199069805668798
s33-137-28,u028,2025-07-16,regular,hazard,30,0.0018704733614357538,0,3.498670595840768e-06,0.0018722248811884844
s33-137-28,u028,2025-07-16,regular,hazard,60,0.005045565291889043,0,2.545772911471536e-05,0.005058337135338634
s33-137-28,u028,2025-07-16,regular,hazard,120,0.019738532463298153,0,0.00038960966380467504,0.019935939294393405
s33-137-28,u028,2025-07-16,regular,hazard_cal,30,0.0018646614857166233,0,3.476962456314925e-06,0.0018664021310909398
s33-137-28,u028,2025-07-16,regular,hazard_cal,60,0.005063962950977552,0,2.5643720768873275e-05,0.005076828262714894
s33-137-28,u028,2025-07-16,regular,hazard_cal,120,0.020131858926846435,0,0.0004052917438504465,0.020337266295526193
s33-137-12,u012,2025-07-16,variable,empirical,30,0.0028985507246376274,0,8.401596303297314e-06,0.002902759657961351
s33-137-12,u012,2025-07-16,variable,empirical,60,0.004637681159420315,0,2.1508086536442157e-05,0.004648468567984626
s33-137-12,u012,2025-07-16,variable,empirical,120,0.0197101449275362,0,0.000388489813064481,0.0199069805668798
s33-137-12,u012,2025-07-16,variable,hazard,30,0.0023955797253346622,0,5.738802220434496e-06,0.0023984537172802353
s33-137-12,u012,2025-07-16,variable,hazard,60,0.00645875941641727,0,4.1715573199158754e-05,0.006479707450607907
s33-137-12,u012,2025-07-16,variable,hazard,120,0.025207529141664353,0,0.0006354195254278576,0.02553068104185859
s33-137-12,u012,2025-07-16,variable,hazard_cal,30,0.002400073357190613,0,5.76035211989622e-06,0.002402958149984485
s33-137-12,u012,2025-07-16,variable,hazard_cal,60,0.006514603043567879,0,4.2440052815263875e-05,0.006535915682657023
s33-137-12,u012,2025-07-16,variable,hazard_cal,120,0.025834781172903387,0,0.0006674359182518033,0.02617436053907473
s33-137-14,u014,2025-07-16,regular,empirical,30,0.0028985507246376274,0,8.401596303297314e-06,0.002902759657961351
s33-137-14,u014,2025-07-16,regular,empirical,60,0.004637681159420315,0,2.1508086536442157e-05,0.004648468567984626
s33-137-14,u014,2025-07-16,regular,empirical,120,0.0197101449275362,0,0.000388489813064481,0.0199069805668798
s33-137-14,u014,2025-07-16,regular,hazard,30,0.0033338888324487836,0,1.1114814747126715e-05,0.0033394586226419797
s33-137-14,u014,2025-07-16,regular,hazard,60,0.008980422629038975,0,8.06479905961553e-05,0.009020989679811575
s33-137-14,u014,2025-07-16,regular,hazard,120,0.03490213920483898,0,0.001218159321073958,0.035525772634386894
s33-137-14,u014,2025-07-16,regular,hazard_cal,30,0.003362448601534229,0,1.1306060597959493e-05,0.0033681143358920466
s33-137-14,u014,2025-07-16,regular,hazard_cal,60,0.009118238010037416,0,8.314226440769109e-05,0.009160063586754905
s33-137-14,u014,2025-07-16,regular,hazard_cal,120,0.03599953000821099,0,0.0012959661608120834,0.03666349682836069
s33-138-19,u019,2025-07-17,variable,empirical,30,0.0028985507246376274,0,8.401596303297314e-06,0.002902759657961351
s33-138-19,u019,2025-07-17,variable,empirical,60,0.004637681159420315,0,2.1508086536442157e-05,0.004648468567984626
s33-138-19,u019,2025-07-17,variable,empirical,120,0.0197101449275362,1,0.9609681999579921,3.9266218048493005
s33-138-19,u019,2025-07-17,variable,hazard,30,0.0007377423491125024,0,5.442637736740334e-07,0.0007380146149155839
s33-138-19,u019,2025-07-17,variable,hazard,60,0.001992219509907023,0,3.968938575654178e-06,0.0019942066188048764
s33-138-19,u019,2025-07-17,variable,hazard,120,0.007833499235685104,1,0.9843943652389052,4.849345967700775
s33-138-19,u019,2025-07-17,variable,hazard_cal,30,0.00072178413459556,0,5.209723369538615e-07,0.0007220447461751184
s33-138-19,u019,2025-07-17,variable,hazard_cal,60,0.001962377460806297,0,3.8509252986805706e-06,0.0019643054461585437
s33-138-19,u019,2025-07-17,variable,hazard_cal,120,0.00784294709281319,1,0.9843756176334743,4.84814061055873
s33-138-52,u052,2025-07-17,regular,empirical,30,0.0028985507246376274,0,8.401596303297314e-06,0.002902759657961351
s33-138-52,u052,2025-07-17,regular,empirical,60,0.004637681159420315,0,2.1508086536442157e-05,0.004648468567984626
s33-138-52,u052,2025-07-17,regular,empirical,120,0.0197101449275362,0,0.000388489813064481,0.0199069805668798
s33-138-52,u052,2025-07-17,regular,hazard,30,0.0004722874424255563,0,2.2305542827287317e-07,0.0004723990052675618
s33-138-52,u052,2025-07-17,regular,hazard,60,0.001275704215495388,0,1.6274212454327031e-06,0.0012765186188169535
s33-138-52,u052,2025-07-17,regular,hazard,120,0.005022134555297431,0,2.522183549151252e-05,0.005034787855203933
s33-138-52,u052,2025-07-17,regular,hazard_cal,30,0.00045793477075262157,0,2.0970425426425607e-07,0.0004580396549010416
s33-138-52,u052,2025-07-17,regular,hazard_cal,60,0.001245348011566394,0,1.5508916699123714e-06,0.0012461241018032186
s33-138-52,u052,2025-07-17,regular,hazard_cal,120,0.004983337409175115,0,2.4833651733684145e-05,0.0049957956413253036
s33-138-35,u035,2025-07-17,regular,empirical,30,0.0028985507246376274,0,8.401596303297314e-06,0.002902759657961351
s33-138-35,u035,2025-07-17,regular,empirical,60,0.004637681159420315,0,2.1508086536442157e-05,0.004648468567984626
s33-138-35,u035,2025-07-17,regular,empirical,120,0.0197101449275362,0,0.000388489813064481,0.0199069805668798
s33-138-35,u035,2025-07-17,regular,hazard,30,0.004499735285502959,0,2.0247617639600398e-05,0.004509889566824448
s33-138-35,u035,2025-07-17,regular,hazard,60,0.012107222515485572,0,0.00014658483703948078,0.012181111936757378
s33-138-35,u035,2025-07-17,regular,hazard,120,0.04680988657650098,0,0.0021911654813048867,0.04794090579675798
s33-138-35,u035,2025-07-17,regular,hazard_cal,30,0.004565739606842256,0,2.084597815748808e-05,0.004576194430727402
s33-138-35,u035,2025-07-17,regular,hazard_cal,60,0.012366762895616668,0,0.00015293682451640115,0.012443867658228695
s33-138-35,u035,2025-07-17,regular,hazard_cal,120,0.048555117128013414,0,0.0023575993993151015,0.0497735204902293
s33-138-24,u024,2025-07-17,regular,empirical,30,0.0028985507246376274,0,8.401596303297314e-06,0.002902759657961351
s33-138-24,u024,2025-07-17,regular,empirical,60,0.004637681159420315,0,2.1508086536442157e-05,0.004648468567984626
s33-138-24,u024,2025-07-17,regular,empirical,120,0.0197101449275362,0,0.000388489813064481,0.0199069805668798
s33-138-24,u024,2025-07-17,regular,hazard,30,0.002267650735711557,0,5.142239859173167e-06,0.0022702257491984835
s33-138-24,u024,2025-07-17,regular,hazard,60,0.0061146020740334706,0,3.738835852377442e-05,0.006133372809464152
s33-138-24,u024,2025-07-17,regular,hazard,120,0.023878039857915256,0,0.0005701607874561897,0.02416774121381823
s33-138-24,u024,2025-07-17,regular,hazard_cal,30,0.0022693936777112844,0,5.150147664435949e-06,0.002271972654090752
s33-138-24,u024,2025-07-17,regular,hazard_cal,60,0.006160680784734418,0,3.795398773139589e-05,0.0061797360813114445
s33-138-24,u024,2025-07-17,regular,hazard_cal,120,0.0244460186010218,0,0.0005976078254415039,0.02474978329063219
s33-138-25,u025,2025-07-17,variable,empirical,30,0.0028985507246376274,0,8.401596303297314e-06,0.002902759657961351
s33-138-25,u025,2025-07-17,variable,empirical,60,0.004637681159420315,0,2.1508086536442157e-05,0.004648468567984626
s33-138-25,u025,2025-07-17,variable,empirical,120,0.0197101449275362,0,0.000388489813064481,0.0199069805668798
s33-138-25,u025,2025-07-17,variable,hazard,30,0.0002454461570059463,0,6.024381598898765e-08,0.0002454762838437193
s33-138-25,u025,2025-07-17,variable,hazard,60,0.0006631240544643369,0,4.397335116092208e-07,0.0006633440184677982
s33-138-25,u025,2025-07-17,variable,hazard,120,0.0026132295915001214,0,6.828968897891891e-06,0.0026166500361867323
s33-138-25,u025,2025-07-17,variable,hazard_cal,30,0.00023486750438728166,0,5.5162744617109765e-08,0.00023489509007899647
s33-138-25,u025,2025-07-17,variable,hazard_cal,60,0.0006388584505085948,0,4.0814011978624267e-07,0.000639062607524742
s33-138-25,u025,2025-07-17,variable,hazard_cal,120,0.002559086593056814,0,6.548924190763132e-06,0.0025623666523176608
s33-138-49,u049,2025-07-17,variable,empirical,30,0.0028985507246376274,0,8.401596303297314e-06,0.002902759657961351
s33-138-49,u049,2025-07-17,variable,empirical,60,0.004637681159420315,0,2.1508086536442157e-05,0.004648468567984626
s33-138-49,u049,2025-07-17,variable,empirical,120,0.0197101449275362,0,0.000388489813064481,0.0199069805668798
s33-138-49,u049,2025-07-17,variable,hazard,30,0.0003053868343515509,0,9.326111859526158e-08,0.00030543347440659607
s33-138-49,u049,2025-07-17,variable,hazard,60,0.0008250186480158739,0,6.806557695739404e-07,0.000825359163201128
s33-138-49,u049,2025-07-17,variable,hazard,120,0.0032503422041980645,0,1.0564724444391133e-05,0.00325563604071961
s33-138-49,u049,2025-07-17,variable,hazard_cal,30,0.0002935147921037107,0,8.61509331836845e-08,0.0002935578760010162
s33-138-49,u049,2025-07-17,variable,hazard_cal,60,0.0007983380562883724,0,6.373436521182965e-07,0.000798656897821279
s33-138-49,u049,2025-07-17,variable,hazard_cal,120,0.003197044105105129,0,1.0221091009987455e-05,0.00320216556922103
s33-138-38,u038,2025-07-17,regular,empirical,30,0.0028985507246376274,0,8.401596303297314e-06,0.002902759657961351
s33-138-38,u038,2025-07-17,regular,empirical,60,0.004637681159420315,0,2.1508086536442157e-05,0.004648468567984626
s33-138-38,u038,2025-07-17,regular,empirical,120,0.0197101449275362,0,0.000388489813064481,0.0199069805668798
s33-138-38,u038,2025-07-17,regular,hazard,30,0.0009501539979714924,0,9.027926198612107e-07,0.000950605680416009
s33-138-38,u038,2025-07-17,regular,hazard,60,0.0025652964454631055,0,6.580745853105644e-06,0.0025685924564264606
s33-138-38,u038,2025-07-17,regular,hazard,120,0.010077215874319867,0,0.00010155027977764432,0.010128334727980895
s33-138-38,u038,2025-07-17,regular,hazard_cal,30,0.0009343558018214404,0,8.730207643973868e-07,0.0009347925842983284
s33-138-38,u038,2025-07-17,regular,hazard_cal,60,0.0025397873265924353,0,6.45051966431955e-06,0.002543018057830774
s33-138-38,u038,2025-07-17,regular,hazard_cal,120,0.010140633955836198,0,0.0001028324570262581,0.010192400445042321
s33-138-1,u001,2025-07-17,regular,empirical,30,0.0028985507246376274,0,8.401596303297314e-06,0.002902759657961351
s33-138-1,u001,2025-07-17,regular,empirical,60,0.004637681159420315,0,2.1508086536442157e-05,0.004648468567984626
s33-138-1,u001,2025-07-17,regular,empirical,120,0.0197101449275362,0,0.000388489813064481,0.0199069805668798
s33-138-1,u001,2025-07-17,regular,hazard,30,0.00041708383454108766,0,1.739589250354974e-07,0.0004171708381963252
s33-138-1,u001,2025-07-17,regular,hazard,60,0.0011266526891166029,0,1.2693462818936726e-06,0.0011272878393648572
s33-138-1,u001,2025-07-17,regular,hazard,120,0.0044364597131163475,0,1.9682174786104385e-05,0.004446330004093238
s33-138-1,u001,2025-07-17,regular,hazard_cal,30,0.000403396579363946,0,1.627288002425324e-07,0.0004034779656521034
s33-138-1,u001,2025-07-17,regular,hazard_cal,60,0.001097090492154007,0,1.2036075479747212e-06,0.001097692736445946
s33-138-1,u001,2025-07-17,regular,hazard_cal,120,0.004391189687493968,0,1.9282546871553375e-05,0.004400859278651965
s33-138-23,u023,2025-07-17,variable,empirical,30,0.0028985507246376274,0,8.401596303297314e-06,0.002902759657961351
s33-138-23,u023,2025-07-17,variable,empirical,60,0.004637681159420315,0,2.1508086536442157e-05,0.004648468567984626
s33-138-23,u023,2025-07-17,variable,empirical,120,0.0197101449275362,0,0.000388489813064481,0.0199069805668798
s33-138-23,u023,2025-07-17,variable,hazard,30,0.0007562081277077137,0,5.718507324112059e-07,0.0007564941973017793
s33-138-23,u023,2025-07-17,variable,hazard,60,0.002042048655421791,0,4.169962711109944e-06,0.002044136479553856
s33-138-23,u023,2025-07-17,variable,hazard,120,0.00802876158723842,0,6.446101262471519e-05,0.008061165653107535
s33-138-23,u023,2025-07-17,variable,hazard_cal,30,0.000740219357664329,0,5.479246974609918e-07,0.0007404934552829818
s33-138-23,u023,2025-07-17,variable,hazard_cal,60,0.002012462680216265,0,4.050006039263232e-06,0.002014490404171816
s33-138-23,u023,2025-07-17,variable,hazard_cal,120,0.00804243130447313,0,6.468070128716936e-05,0.008074946104488601
s33-138-32,u032,2025-07-17,regular,empirical,30,0.0028985507246376274,0,8.401596303297314e-06,0.002902759657961351
s33-138-32,u032,2025-07-17,regular,empirical,60,0.004637681159420315,0,2.1508086536442157e-05,0.004648468567984626
s33-138-32,u032,2025-07-17,regular,empirical,120,0.0197101449275362,0,0.000388489813064481,0.0199069805668798
s33-138-32,u032,2025-07-17,regular,hazard,30,0.00755499756410094,0,5.7077988193571144e-05,0.007583681118979707
s33-138-32,u032,2025-07-17,regular,hazard,60,0.020268079631200586,0,0.00041079505193668806,0.02047629538340378
s33-138-32,u032,2025-07-17,regular,hazard,120,0.0773056274593944,0,0.005976160036890673,0.08045722332095533
s33-138-32,u032,2025-07-17,regular,hazard_cal,30,0.007745904008728877,0,5.999902891244208e-05,0.007776059344341932
s33-138-32,u032,2025-07-17,regular,hazard_cal,60,0.020915488775781754,0,0.00043745767072985255,0.021137316148507695
s33-138-32,u032,2025-07-17,regular,hazard_cal,120,0.08093287069390676,0,0.006550129558756631,0.08439611325925978
s33-138-41,u041,2025-07-17,regular,empirical,30,0.0028985507246376274,0,8.401596303297314e-06,0.002902759657961351
s33-138-41,u041,2025-07-17,regular,empirical,60,0.004637681159420315,0,2.1508086536442157e-05,0.004648468567984626
s33-138-41,u041,2025-07-17,regular,empirical,120,0.0197101449275362,0,0.000388489813064481,0.0199069805668798
s33-138-41,u041,2025-07-17,regular,hazard,30,0.0008192072118791138,0,6.711004559947513e-07,0.0008195429454765568
s33-138-41,u041,2025-07-17,regular,hazard,60,0.0022120357448144334,0,4.8931021363367455e-06,0.0022144859097844353
s33-138-41,u041,2025-07-17,regular,hazard,120,0.008694634520483357,0,7.559666944478086e-05,0.00873265338906738
s33-138-41,u041,2025-07-17,regular,hazard_cal,30,0.0008031812657879334,0,6.451001457127068e-07,0.000803503988675679
s33-138-41,u041,2025-07-17,regular,hazard_cal,60,0.002183505375688899,0,4.767695725662319e-06,0.002185892699340821
s33-138-41,u041,2025-07-17,regular,hazard_cal,120,0.008723418512551318,0,7.609803054512305e-05,0.008761690264051557
s33-138-10,u010,2025-07-17,regular,empirical,30,0.0028985507246376274,0,8.401596303297314e-06,0.002902759657961351
s33-138-10,u010,2025-07-17,regular,empirical,60,0.004637681159420315,0,2.1508086536442157e-05,0.004648468567984626
s33-138-10,u010,2025-07-17,regular,empirical,120,0.0197101449275362,0,0.000388489813064481,0.0199069805668798
s33-138-10,u010,2025-07-17,regular,hazard,30,0.0008308361515315665,0,6.902887106917842e-07,0.0008311814871783882
s33-138-10,u010,2025-07-17,regular,hazard,60,0.0022434112383722393,0,5.032893984454864e-06,0.002245931455325334
s33-138-10,u010,2025-07-17,regular,hazard,120,0.008817497127495022,0,7.774825559338297e-05,0.008856601292235224
s33-138-10,u010,2025-07-17,regular,hazard_cal,30,0.0008148142531616553,0,6.639222671553862e-07,0.0008151463947299452
s33-138-10,u010,2025-07-17,regular,hazard_cal,60,0.0022151053157851708,0,4.906691560019721e-06,0.002217562290540958
s33-138-10,u010,2025-07-17,regular,hazard_cal,120,0.008849186436725165,0,7.830810059192063e-05,0.008888573018654896
s33-138-27,u027,2025-07-17,regular,empirical,30,0.0028985507246376274,0,8.401596303297314e-06,0.002902759657961351
s33-138-27,u027,2025-07-17,regular,empirical,60,0.004637681159420315,0,2.1508086536442157e-05,0.004648468567984626
s33-138-27,u027,2025-07-17,regular,empirical,120,0.0197101449275362,0,0.000388489813064481,0.0199069805668798
s33-138-27,u027,2025-07-17,regular,hazard,30,0.0006009398014779066,0,3.611286450003058e-07,0.0006011204381718846
s33-138-27,u027,2025-07-17,regular,hazard,60,0.0016230081797607987,0,2.634155551570461e-06,0.0016243266843588688
s33-138-27,u027,2025-07-17,regular,hazard,120,0.006385679623151286,0,4.077690424952955e-05,0.006406155289182145
s33-138-27,u027,2025-07-17,regular,hazard_cal,30,0.0005855144665989354,0,3.428271905966358e-07,0.0005856859471337233
s33-138-27,u027,2025-07-17,regular,hazard_cal,60,0.0015921010762997012,0,2.534785837154667e-06,0.0015933698160383652
s33-138-27,u027,2025-07-17,regular,hazard_cal,120,0.006367112312954282,0,4.0540119205774024e-05,0.006387468826700576
s33-138-53,u053,2025-07-17,regular,empirical,30,0.0028985507246376274,0,8.401596303297314e-06,0.002902759657961351
s33-138-53,u053,2025-07-17,regular,empirical,60,0.004637681159420315,0,2.1508086536442157e-05,0.004648468567984626
s33-138-53,u053,2025-07-17,regular,empirical,120,0.0197101449275362,0,0.000388489813064481,0.0199069805668798
s33-138-53,u053,2025-07-17,regular,hazard,30,0.0009964832421199832,0,9.92978851825953e-07,0.0009969800616215232
s33-138-53,u053,2025-07-17,regular,hazard,60,0.0026902594485037623,0,7.2374959002637674e-06,0.0026938846998247213
s33-138-53,u053,2025-07-17,regular,hazard,120,0.010565901315615411,0,0.00011163827061132347,0.010622116779584512
s33-138-53,u053,2025-07-17,regular,hazard_cal,30,0.0009808558044150928,0,9.620781090547789e-07,0.0009813371582544997
s33-138-53,u053,2025-07-17,regular,hazard_cal,60,0.002666063634485405,0,7.107895303125527e-06,0.002669623911494906
s33-138-53,u053,2025-07-17,regular,hazard_cal,120,0.010642519629873504,0,0.00011326322407224286,0.010699556278627651
s33-138-16,u016,2025-07-17,regular,empirical,30,0.0028985507246376274,0,8.401596303297314e-06,0.002902759657961351
s33-138-16,u016,2025-07-17,regular,empirical,60,0.004637681159420315,0,2.1508086536442157e-05,0.004648468567984626
s33-138-16,u016,2025-07-17,regular,empirical,120,0.0197101449275362,0,0.000388489813064481,0.0199069805668798
s33-138-16,u016,2025-07-17,regular,hazard,30,0.0011033575553137664,0,1.2173978948679711e-06,0.0011039667023737638
s33-138-16,u016,2025-07-17,regular,hazard,60,0.0029784869462213814,0,8.87138448881117e-06,0.0029829314659557834
s33-138-16,u016,2025-07-17,regular,hazard,120,0.011692276786790301,0,0.00013670933645891533,0.011761168985982076
s33-138-16,u016,2025-07-17,regular,hazard_cal,30,0.0010882872578514835,0,1.1843691556019013e-06,0.0010888798724248928
s33-138-16,u016,2025-07-17,regular,hazard_cal,60,0.002957762698174049,0,8.74836017870983e-06,0.0029621455226333765
s33-138-16,u016,2025-07-17,regular,hazard_cal,120,0.01180104859671438,0,0.00013926474798201446,0.011871233688956066
s33-138-43,u043,2025-07-17,variable,empirical,30,0.0028985507246376274,0,8.401596303297314e-06,0.002902759657961351
s33-138-43,u043,2025-07-17,variable,empirical,60,0.004637681159420315,0,2.1508086536442157e-05,0.004648468567984626
s33-138-43,u043,2025-07-17,variable,empirical,120,0.0197101449275362,0,0.000388489813064481,0.0199069805668798
s33-138-43,u043,2025-07-17,variable,hazard,30,0.000609405103902172,0,3.71374580662017e-07,0.0006095908666661878
s33-138-43,u043,2025-07-17,variable,hazard,60,0.001645857698139741,0,2.708847562525847e-06,0.0016472136098837577
s33-138-43,u043,2025-07-17,variable,hazard,120,0.006475333277064399,0,4.1929941049057565e-05,0.006496389192855681
s33-138-43,u043,2025-07-17,variable,hazard_cal,30,0.0005939299647800267,0,3.5275280306360374e-07,0.0005941064110495019
s33-138-43,u043,2025-07-17,variable,hazard_cal,60,0.001614970798279769,0,2.6081306792963943e-06,0.0016162762693404987
s33-138-43,u043,2025-07-17,variable,hazard_cal,120,0.0064583199155436866,0,4.170989613150821e-05,0.006479265092748542
s33-138-56,u056,2025-07-17,new,empirical,30,0.0028985507246376274,0,8.401596303297314e-06,0.002902759657961351
s33-138-56,u056,2025-07-17,new,empirical,60,0.004637681159420315,0,2.1508086536442157e-05,0.004648468567984626
s33-138-56,u056,2025-07-17,new,empirical,120,0.0197101449275362,0,0.000388489813064481,0.0199069805668798
s33-138-56,u056,2025-07-17,new,hazard,30,0.00046459230855688816,0,2.1584601317021877e-07,0.0004647002650019242
s33-138-56,u056,2025-07-17,new,hazard,60,0.0012549280568177057,0,1.5748444277882627e-06,0.0012557161384244091
s33-138-56,u056,2025-07-17,new,hazard,120,0.004940515370266518,0,2.4408692123839714e-05,0.0049527600630385
s33-138-56,u056,2025-07-17,new,hazard_cal,30,0.00045032431580172005,0,2.027919894022873e-07,0.0004504257422474273
s33-138-56,u056,2025-07-17,new,hazard_cal,60,0.001224660573485914,0,1.4997935202508476e-06,0.0012254110830549336
s33-138-56,u056,2025-07-17,new,hazard_cal,120,0.004900728830180889,0,2.401714306696615e-05,0.004912776780323001
s33-138-58,u058,2025-07-17,new,empirical,30,0.0028985507246376274,0,8.401596303297314e-06,0.002902759657961351
s33-138-58,u058,2025-07-17,new,empirical,60,0.004637681159420315,0,2.1508086536442157e-05,0.004648468567984626
s33-138-58,u058,2025-07-17,new,empirical,120,0.0197101449275362,0,0.000388489813064481,0.0199069805668798
s33-138-58,u058,2025-07-17,new,hazard,30,0.0012569714558641198,0,1.579977240857165e-06,0.0012577621071046896
s33-138-58,u058,2025-07-17,new,hazard,60,0.0033926615718974373,0,1.151015254142959e-05,0.0033984296980632757
s33-138-58,u058,2025-07-17,new,hazard,120,0.013308945070911071,0,0.0001771280189005281,0.013398302804085225
s33-138-58,u058,2025-07-17,new,hazard_cal,30,0.0012430655086578257,0,1.545211858814739e-06,0.001243838755451269
s33-138-58,u058,2025-07-17,new,hazard_cal,60,0.00337791065275006,0,1.1410280377962337e-05,0.003383628673211751
s33-138-58,u058,2025-07-17,new,hazard_cal,120,0.013467698144651319,0,0.00018137889331544456,0.013559210157565447
s33-138-54,u054,2025-07-17,new,empirical,30,0.0028985507246376274,0,8.401596303297314e-06,0.002902759657961351
s33-138-54,u054,2025-07-17,new,empirical,60,0.004637681159420315,0,2.1508086536442157e-05,0.004648468567984626
s33-138-54,u054,2025-07-17,new,empirical,120,0.0197101449275362,0,0.000388489813064481,0.0199069805668798
s33-138-54,u054,2025-07-17,new,hazard,30,0.0023046172893198547,0,5.311260850231995e-06,0.0023072770069515656
s33-138-54,u054,2025-07-17,new,hazard,60,0.006214059028567531,0,3.861452961052165e-05,0.006233446652328168
s33-138-54,u054,2025-07-17,new,hazard,120,0.024262402320934795,0,0.0005886641663829022,0.024561583554008795
s33-138-54,u054,2025-07-17,new,hazard_cal,30,0.0023071402039467337,0,5.322895920667376e-06,0.0023098057525591984
s33-138-54,u054,2025-07-17,new,hazard_cal,60,0.00626291970804338,0,3.922416326939817e-05,0.006282614062177472
s33-138-54,u054,2025-07-17,new,hazard_cal,120,0.024847369223920945,0,0.0006173917573498537,0.025161275850361504
s33-138-14,u014,2025-07-17,regular,empirical,30,0.0028985507246376274,0,8.401596303297314e-06,0.002902759657961351
s33-138-14,u014,2025-07-17,regular,empirical,60,0.004637681159420315,0,2.1508086536442157e-05,0.004648468567984626
s33-138-14,u014,2025-07-17,regular,empirical,120,0.0197101449275362,0,0.000388489813064481,0.0199069805668798
s33-138-14,u014,2025-07-17,regular,hazard,30,0.004087094549409809,0,1.670434185581537e-05,0.004095469547733527
s33-138-14,u014,2025-07-17,regular,hazard,60,0.011001325294113018,0,0.00012102915822689088,0.01106228739481522
s33-138-14,u014,2025-07-17,regular,hazard,120,0.04261259080959445,0,0.0018158328955059336,0.043547153154276055
s33-138-14,u014,2025-07-17,regular,hazard_cal,30,0.004139034564465627,0,1.713160712584116e-05,0.004147624077750013
s33-138-14,u014,2025-07-17,regular,hazard_cal,60,0.011215662644730728,0,0.0001257910885604083,0.011279032457493699
s33-138-14,u014,2025-07-17,regular,hazard_cal,120,0.04412213403639953,0,0.0019467627119260059,0.045125129360335504
s33-138-6,u006,2025-07-17,variable,empirical,30,0.0028985507246376274,0,8.401596303297314e-06,0.002902759657961351
s33-138-6,u006,2025-07-17,variable,empirical,60,0.004637681159420315,0,2.1508086536442157e-05,0.004648468567984626
s33-138-6,u006,2025-07-17,variable,empirical,120,0.0197101449275362,0,0.000388489813064481,0.0199069805668798
s33-138-6,u006,2025-07-17,variable,hazard,30,0.0031030400835534433,0,9.62885776013936e-06,0.0031078644952471234
s33-138-6,u006,2025-07-17,variable,hazard,60,0.008360450736858316,0,6.989713652343475e-05,0.008395595325271146
s33-138-6,u006,2025-07-17,variable,hazard,120,0.03252623168645041,0,0.001057955747720651,0.03306696729997257
s33-138-6,u006,2025-07-17,variable,hazard_cal,30,0.003125104784130417,0,9.766279911794819e-06,0.003129998121540499
s33-138-6,u006,2025-07-17,variable,hazard_cal,60,0.008476577160729137,0,7.185236036179485e-05,0.008512707661107509
s33-138-6,u006,2025-07-17,variable,hazard_cal,120,0.03350288057538775,0,0.0011224430068486938,0.03407696075763188
s33-138-46,u046,2025-07-17,variable,empirical,30,0.0028985507246376274,0,8.401596303297314e-06,0.002902759657961351
s33-138-46,u046,2025-07-17,variable,empirical,60,0.004637681159420315,0,2.1508086536442157e-05,0.004648468567984626
s33-138-46,u046,2025-07-17,variable,empirical,120,0.0197101449275362,0,0.000388489813064481,0.0199069805668798
s33-138-46,u046,2025-07-17,variable,hazard,30,0.00031077662268652606,0,9.658210920844338e-08,0.0003108249237486168
s33-138-46,u046,2025-07-17,variable,hazard,60,0.0008395750841398986,0,7.048863219085177e-07,0.0008399277246934835
s33-138-46,u046,2025-07-17,variable,hazard,120,0.0033076100462169356,0,1.0940284217835199e-05,0.0033130922803923666
s33-138-46,u046,2025-07-17,variable,hazard_cal,30,0.0002988004174189207,0,8.928168944972125e-08,0.00029884506715810753
s33-138-46,u046,2025-07-17,variable,hazard_cal,60,0.0008127103630566346,0,6.604981342196467e-07,0.0008130407911641059
s33-138-46,u046,2025-07-17,variable,hazard_cal,120,0.00325451974081703,0,1.0591898743367748e-05,0.003259827208823534
s33-139-9,u009,2025-07-18,regular,empirical,30,0.0028985507246376274,0,8.401596303297314e-06,0.002902759657961351
s33-139-9,u009,2025-07-18,regular,empirical,60,0.004637681159420315,0,2.1508086536442157e-05,0.004648468567984626
s33-139-9,u009,2025-07-18,regular,empirical,120,0.0197101449275362,0,0.000388489813064481,0.0199069805668798
s33-139-9,u009,2025-07-18,regular,hazard,30,0.0034763346099175862,0,1.2084902320110856e-05,0.0034823911014120906
s33-139-9,u009,2025-07-18,regular,hazard,60,0.009362839908749976,0,8.766277115688126e-05,0.00940694682085297
s33-139-9,u009,2025-07-18,regular,hazard,120,0.03636520857410197,0,0.0013224283946379394,0.03704290322084247
s33-139-9,u009,2025-07-18,regular,hazard_cal,30,0.0035090682642787696,0,1.2313560083368417e-05,0.0035152394853740876
s33-139-9,u009,2025-07-18,regular,hazard_cal,60,0.009514476538129313,0,9.052526379461315e-05,0.009560028334617174
s33-139-9,u009,2025-07-18,regular,hazard_cal,120,0.03753851484416526,0,0.0014091400967056157,0.0382612290433455
s33-139-35,u035,2025-07-18,regular,empirical,30,0.0028985507246376274,0,8.401596303297314e-06,0.002902759657961351
s33-139-35,u035,2025-07-18,regular,empirical,60,0.004637681159420315,0,2.1508086536442157e-05,0.004648468567984626
s33-139-35,u035,2025-07-18,regular,empirical,120,0.0197101449275362,0,0.000388489813064481,0.0199069805668798
s33-139-35,u035,2025-07-18,regular,hazard,30,0.008230668636034166,0,6.774390619619652e-05,0.008264727603262823
s33-139-35,u035,2025-07-18,regular,hazard,60,0.022066347254833807,0,0.0004869236811709115,0.022313450977407123
s33-139-35,u035,2025-07-18,regular,hazard,120,0.0839135258528193,0,0.007041479821051774,0.08764451467298391
s33-139-35,u035,2025-07-18,regular,hazard_cal,30,0.008453109723938312,0,7.145506400494045e-05,0.008489039880256052
s33-139-35,u035,2025-07-18,regular,hazard_cal,60,0.022809323301028472,0,0.0005202652294508404,0.023073480476063703
s33-139-35,u035,2025-07-18,regular,hazard_cal,120,0.08797740149390088,0,0.007740023173619032,0.09209051015109641
s33-139-25,u025,2025-07-18,variable,empirical,30,0.0028985507246376274,0,8.401596303297314e-06,0.002902759657961351
s33-139-25,u025,2025-07-18,variable,empirical,60,0.004637681159420315,0,2.1508086536442157e-05,0.004648468567984626
s33-139-25,u025,2025-07-18,variable,empirical,120,0.0197101449275362,0,0.000388489813064481,0.0199069805668798
s33-139-25,u025,2025-07-18,variable,hazard,30,0.000138328111120134,0,1.9134666326064137e-08,0.00013833767933567597
s33-139-25,u025,2025-07-18,variable,hazard,60,0.0003737608682082838,0,1.396971866038101e-07,0.0003738307342109132
s33-139-25,u025,2025-07-18,variable,hazard,120,0.0014736236335939346,0,2.1715666134865908e-06,0.0014747104847716225
s33-139-25,u025,2025-07-18,variable,hazard_cal,30,0.000130844963660115,0,1.7120404515216813e-08,0.00013085352460915213
s33-139-25,u025,2025-07-18,variable,hazard_cal,60,0.0003559449499580536,0,1.2669680740064126e-07,0.000356008313398131
s33-139-25,u025,2025-07-18,variable,hazard_cal,120,0.0014265055972114693,0,2.034918218875651e-06,0.0014275240249647227
s33-139-12,u012,2025-07-18,variable,empirical,30,0.0028985507246376274,0,8.401596303297314e-06,0.002902759657961351
s33-139-12,u012,2025-07-18,variable,empirical,60,0.004637681159420315,0,2.1508086536442157e-05,0.004648468567984626
s33-139-12,u012,2025-07-18,variable,empirical,120,0.0197101449275362,0,0.000388489813064481,0.0199069805668798
s33-139-12,u012,2025-07-18,variable,hazard,30,0.001296998677697725,0,1.682205569949647e-06,0.0012978405084636884
s33-139-12,u012,2025-07-18,variable,hazard,60,0.003500563028707604,0,1.2253941517954554e-05,0.0035067043356766655
s33-139-12,u012,2025-07-18,variable,hazard,120,0.013729754368989933,0,0.00018850615503279814,0.013824879143256731
s33-139-12,u012,2025-07-18,variable,hazard_cal,30,0.0012834607958295274,0,1.6472716144313638e-06,0.0012842851370519954
s33-139-12,u012,2025-07-18,variable,hazard_cal,60,0.003487543373900892,0,1.2162958784840018e-05,0.0034936390299966313
s33-139-12,u012,2025-07-18,variable,hazard_cal,120,0.013902196186328597,0,0.00019327105880316938,0.01399973678995871
s33-139-55,u055,2025-07-18,new,empirical,30,0.0028985507246376274,0,8.401596303297314e-06,0.002902759657961351
s33-139-55,u055,2025-07-18,new,empirical,60,0.004637681159420315,0,2.1508086536442157e-05,0.004648468567984626
s33-139-55,u055,2025-07-18,new,empirical,120,0.0197101449275362,0,0.000388489813064481,0.0199069805668798
s33-139-55,u055,2025-07-18,new,hazard,30,0.00025659828473856283,0,6.584267973077257e-08,0.0002566312117112185
s33-139-55,u055,2025-07-18,new,hazard,60,0.0006932464050825038,0,4.805905781598149e-07,0.0006934868114852544
s33-139-55,u055,2025-07-18,new,hazard,120,0.0027317978299608026,0,7.46271938377855e-06,0.002735535999153107
s33-139-55,u055,2025-07-18,new,hazard_cal,30,0.0002457590162167067,0,6.03974940518035e-08,0.00024578921991238767
s33-139-55,u055,2025-07-18,new,hazard_cal,60,0.0006684771267069234,0,4.468616689303441e-07,0.0006687006571636047
s33-139-55,u055,2025-07-18,new,hazard_cal,120,0.0026775949059076876,0,7.1695144801427985e-06,0.002681186075044315
s33-139-18,u018,2025-07-18,variable,empirical,30,0.0028985507246376274,0,8.401596303297314e-06,0.002902759657961351
s33-139-18,u018,2025-07-18,variable,empirical,60,0.004637681159420315,0,2.1508086536442157e-05,0.004648468567984626
s33-139-18,u018,2025-07-18,variable,empirical,120,0.0197101449275362,0,0.000388489813064481,0.0199069805668798
s33-139-18,u018,2025-07-18,variable,hazard,30,0.000380116541659814,0,1.4448858524341712e-07,0.00038018880426515697
s33-139-18,u018,2025-07-18,variable,hazard,60,0.0010268309335105252,0,1.0543817660140967e-06,0.0010273584855622954
s33-139-18,u018,2025-07-18,variable,hazard,120,0.0040440623902827655,0,1.6354440616499554e-05,0.00405226172380108
s33-139-18,u018,2025-07-18,variable,hazard_cal,30,0.00036695516742313306,0,1.346560948985396e-07,0.00036702251194603336
s33-139-18,u018,2025-07-18,variable,hazard_cal,60,0.0009980187535489904,0,9.960414324354804e-07,0.0009985171058694406
s33-139-18,u018,2025-07-18,variable,hazard_cal,120,0.003995324714096915,0,1.5962619571073595e-05,0.004003327346404202
s33-139-38,u038,2025-07-18,regular,empirical,30,0.0028985507246376274,0,8.401596303297314e-06,0.002902759657961351
s33-139-38,u038,2025-07-18,regular,empirical,60,0.004637681159420315,0,2.1508086536442157e-05,0.004648468567984626
s33-139-38,u038,2025-07-18,regular,empirical,120,0.0197101449275362,0,0.000388489813064481,0.0199069805668798
s33-139-38,u038,2025-07-18,regular,hazard,30,0.0014489810415597715,0,2.09954605879964e-06,0.001450031829759952
s33-139-38,u038,2025-07-18,regular,hazard,60,0.003910186303152985,0,1.5289556925365205e-05,0.00391785106858041
s33-139-38,u038,2025-07-18,regular,hazard,120,0.015325878109235358,0,0.00023488253981913956,0.015444533269948867
s33-139-38,u038,2025-07-18,regular,hazard_cal,30,0.0014370634685749728,0,2.0651514127127317e-06,0.0014380970345999864
s33-139-38,u038,2025-07-18,regular,hazard_cal,60,0.003904341672600342,0,1.5243883896403636e-05,0.0039119835119349735
s33-139-38,u038,2025-07-18,regular,hazard_cal,120,0.015552567542245876,0,0.00024188235715611993,0.015674777495869156
s33-139-5,u005,2025-07-18,variable,empirical,30,0.0028985507246376274,0,8.401596303297314e-06,0.002902759657961351
s33-139-5,u005,2025-07-18,variable,empirical,60,0.004637681159420315,0,2.1508086536442157e-05,0.004648468567984626
s33-139-5,u005,2025-07-18,variable,empirical,120,0.0197101449275362,0,0.000388489813064481,0.0199069805668798
s33-139-5,u005,2025-07-18,variable,hazard,30,0.00028408658792733466,0,8.070518944019524e-08,0.0002841269481661041
s33-139-5,u005,2025-07-18,variable,hazard,60,0.0007674906646049084,0,5.890419202556841e-07,0.0007677853363465572
s33-139-5,u005,2025-07-18,variable,hazard,120,0.0030239886907827973,0,9.144507601982256e-06,0.003028570183169186
s33-139-5,u005,2025-07-18,variable,hazard_cal,30,0.0002726449220880056,0,7.433525354037465e-08,0.00027268209647186734
s33-139-5,u005,2025-07-18,variable,hazard_cal,60,0.0007415886996302579,0,5.499537994192968e-07,0.0007418638125521324
s33-139-5,u005,2025-07-18,variable,hazard_cal,120,0.0029700727025611107,0,8.82133185849866e-06,0.0029744921213229903
s33-139-54,u054,2025-07-18,new,empirical,30,0.0028985507246376274,0,8.401596303297314e-06,0.002902759657961351
s33-139-54,u054,2025-07-18,new,empirical,60,0.004637681159420315,0,2.1508086536442157e-05,0.004648468567984626
s33-139-54,u054,2025-07-18,new,empirical,120,0.0197101449275362,0,0.000388489813064481,0.0199069805668798
s33-139-54,u054,2025-07-18,new,hazard,30,0.0018655948133502465,0,3.480444007599341e-06,0.0018673372027530417
s33-139-54,u054,2025-07-18,new,hazard,60,0.005032429168795649,0,2.5325343338945266e-05,0.005045134484122137
s33-139-54,u054,2025-07-18,new,hazard,120,0.019687574736166003,0,0.00038760059899212184,0.01988395683422626
s33-139-54,u054,2025-07-18,new,hazard_cal,30,0.0018597002061230272,0,3.45848485665403e-06,0.0018614315954610897
s33-139-54,u054,2025-07-18,new,hazard_cal,60,0.005050513802706269,0,2.550768967132654e-05,0.005063310753175404
s33-139-54,u054,2025-07-18,new,hazard_cal,120,0.020078853183727263,0,0.00040316034517367443,0.020283172987169373
s33-139-17,u017,2025-07-18,regular,empirical,30,0.0028985507246376274,0,8.401596303297314e-06,0.002902759657961351
s33-139-17,u017,2025-07-18,regular,empirical,60,0.004637681159420315,0,2.1508086536442157e-05,0.004648468567984626
s33-139-17,u017,2025-07-18,regular,empirical,120,0.0197101449275362,0,0.000388489813064481,0.0199069805668798
s33-139-17,u017,2025-07-18,regular,hazard,30,0.0003475512066235531,0,1.207918412254877e-07,0.0003476116165415979
s33-139-17,u017,2025-07-18,regular,hazard,60,0.0009388897679897257,0,8.815139964358009e-07,0.0009393308010638469
s33-139-17,u017,2025-07-18,regular,hazard,120,0.003698258904414331,0,1.3677118924079888e-05,0.0037051143712900055
s33-139-17,u017,2025-07-18,regular,hazard_cal,30,0.00033491209993963267,0,1.121661146859745e-07,0.00033496819552205145
s33-139-17,u017,2025-07-18,regular,hazard_cal,60,0.0009108987825826587,0,8.297365921105696e-07,0.0009113139029863057
s33-139-17,u017,2025-07-18,regular,hazard_cal,120,0.003647104886950525,0,1.3301374056418403e-05,0.0036537717888419276
s33-139-32,u032,2025-07-18,regular,empirical,30,0.0028985507246376274,0,8.401596303297314e-06,0.002902759657961351
s33-139-32,u032,2025-07-18,regular,empirical,60,0.004637681159420315,0,2.1508086536442157e-05,0.004648468567984626
s33-139-32,u032,2025-07-18,regular,empirical,120,0.0197101449275362,0,0.000388489813064481,0.0199069805668798
s33-139-32,u032,2025-07-18,regular,hazard,30,0.00429696429338311,0,1.8463902138609407e-05,0.004306222776218104
s33-139-32,u032,2025-07-18,regular,hazard,60,0.011563896595078949,0,0.0001337237044616785,0.011631278415273694
s33-139-32,u032,2025-07-18,regular,hazard,120,0.04474970805548206,0,0.0020025363710508763,0.04578188703411403
s33-139-32,u032,2025-07-18,regular,hazard_cal,30,0.004355954968449649,0,1.8974343687161184e-05,0.004365469781076672
s33-139-32,u032,2025-07-18,regular,hazard_cal,60,0.011800957825694902,0,0.00013926260560382975,0.01187114183395543
s33-139-32,u032,2025-07-18,regular,hazard_cal,120,0.046378347773315176,0,0.0021509511421825686,0.047488277154196394
s33-139-2,u002,2025-07-18,variable,empirical,30,0.0028985507246376274,0,8.401596303297314e-06,0.002902759657961351
s33-139-2,u002,2025-07-18,variable,empirical,60,0.004637681159420315,0,2.1508086536442157e-05,0.004648468567984626
s33-139-2,u002,2025-07-18,variable,empirical,120,0.0197101449275362,0,0.000388489813064481,0.0199069805668798
s33-139-2,u002,2025-07-18,variable,hazard,30,0.0009620883337144726,0,9.256139618694903e-07,0.0009625514377505607
s33-139-2,u002,2025-07-18,variable,hazard,60,0.00259748777358193,0,6.746942733907612e-06,0.0026008670980533126
s33-139-2,u002,2025-07-18,variable,hazard,120,0.010203124138231212,0,0.00010410374218015642,0.010255532802158632
s33-139-2,u002,2025-07-18,variable,hazard_cal,30,0.0009463298414017496,0,8.955401687274605e-07,0.0009467778941788918
s33-139-2,u002,2025-07-18,variable,hazard_cal,60,0.00257230535730657,0,6.616754851228082e-06,0.0025756194191381017
s33-139-2,u002,2025-07-18,variable,hazard_cal,120,0.010269897760196267,0,0.00010547080000488431,0.01032299702237797
s33-139-33,u033,2025-07-18,regular,empirical,30,0.0028985507246376274,0,8.401596303297314e-06,0.002902759657961351
s33-139-33,u033,2025-07-18,regular,empirical,60,0.004637681159420315,0,2.1508086536442157e-05,0.004648468567984626
s33-139-33,u033,2025-07-18,regular,empirical,120,0.0197101449275362,0,0.000388489813064481,0.0199069805668798
s33-139-33,u033,2025-07-18,regular,hazard,30,0.001456311707561997,0,2.120843789582139e-06,0.0014573731601191411
s33-139-33,u033,2025-07-18,regular,hazard,60,0.003929940897827389,0,1.5444435460416342e-05,0.003937683407284528
s33-139-33,u033,2025-07-18,regular,hazard,120,0.015402797873144691,0,0.0002372461823209506,0.015522653296387402
s33-139-33,u033,2025-07-18,regular,hazard_cal,30,0.0014444807859007591,0,2.086524740836475e-06,0.001445525054009132
s33-139-33,u033,2025-07-18,regular,hazard_cal,60,0.003924465273013378,0,1.5401427679087966e-05,0.003932186193796733
s33-139-33,u033,2025-07-18,regular,hazard_cal,120,0.015632190091836473,0,0.0002443653670673104,0.015755661215093437
s33-139-34,u034,2025-07-18,variable,empirical,30,0.0028985507246376274,0,8.401596303297314e-06,0.002902759657961351
s33-139-34,u034,2025-07-18,variable,empirical,60,0.004637681159420315,0,2.1508086536442157e-05,0.004648468567984626
s33-139-34,u034,2025-07-18,variable,empirical,120,0.0197101449275362,0,0.000388489813064481,0.0199069805668798
s33-139-34,u034,2025-07-18,variable,hazard,30,0.0015975036934385844,0,2.5520180505499187e-06,0.001598781063046896
s33-139-34,u034,2025-07-18,variable,hazard,60,0.004310368935724562,0,1.8579280362059296e-05,0.004319685357019299
s33-139-34,u034,2025-07-18,variable,hazard,120,0.016883103789120613,0,0.0002850391935542188,0.017027248091420703
s33-139-34,u034,2025-07-18,variable,hazard_cal,30,0.0015874842689382884,0,2.520106304126532e-06,0.0015887456572231426
s33-139-34,u034,2025-07-18,variable,hazard_cal,60,0.0043123847628336875,0,1.859666234272016e-05,0.004321709912751137
s33-139-34,u034,2025-07-18,variable,hazard_cal,120,0.017165988166833124,0,0.00029467114974385483,0.01731503185906963
s33-139-29,u029,2025-07-18,regular,empirical,30,0.0028985507246376274,0,8.401596303297314e-06,0.002902759657961351
s33-139-29,u029,2025-07-18,regular,empirical,60,0.004637681159420315,0,2.1508086536442157e-05,0.004648468567984626
s33-139-29,u029,2025-07-18,regular,empirical,120,0.0197101449275362,0,0.000388489813064481,0.0199069805668798
s33-139-29,u029,2025-07-18,regular,hazard,30,0.0020509515210739293,0,4.206402141795464e-06,0.0020530576022845092
s33-139-29,u029,2025-07-18,regular,hazard,60,0.005531439229988,0,3.059681995505024e-05,0.005546794289864075
s33-139-29,u029,2025-07-18,regular,hazard,120,0.021621763460739518,0,0.00046750065515217056,0.02185893878619362
s33-139-29,u029,2025-07-18,regular,hazard_cal,30,0.0020483779234173882,0,4.195852117143732e-06,0.0020504787187814273
s33-139-29,u029,2025-07-18,regular,hazard_cal,60,0.005561893759187031,0,3.0934662188483645e-05,0.005577418682357245
s33-139-29,u029,2025-07-18,regular,hazard_cal,120,0.02209258190926333,0,0.00048808217541750944,0.02234027795718814
s33-139-4,u004,2025-07-18,variable,empirical,30,0.0028985507246376274,0,8.401596303297314e-06,0.002902759657961351
s33-139-4,u004,2025-07-18,variable,empirical,60,0.004637681159420315,0,2.1508086536442157e-05,0.004648468567984626
s33-139-4,u004,2025-07-18,variable,empirical,120,0.0197101449275362,0,0.000388489813064481,0.0199069805668798
s33-139-4,u004,2025-07-18,variable,hazard,30,0.000337368455653575,0,1.1381747487007819e-07,0.00033742537719372474
s33-139-4,u004,2025-07-18,variable,hazard,60,0.0009113905916245946,0,8.306328105018285e-07,0.0009118061605461019
s33-139-4,u004,2025-07-18,variable,hazard,120,0.003590105388261211,0,1.288885669882218e-05,0.0035965652823788776
s33-139-4,u004,2025-07-18,variable,hazard_cal,30,0.00032490482099012397,0,1.055631427026245e-07,0.0003249576139969199
s33-139-4,u004,2025-07-18,variable,hazard_cal,60,0.0008836894756732994,0,7.809070894157508e-07,0.0008840801593970279
s33-139-4,u004,2025-07-18,variable,hazard_cal,120,0.003538327584974188,0,1.251976209858927e-05,0.003544602271660708
s33-139-48,u048,2025-07-18,variable,empirical,30,0.0028985507246376274,0,8.401596303297314e-06,0.002902759657961351
s33-139-48,u048,2025-07-18,variable,empirical,60,0.004637681159420315,0,2.1508086536442157e-05,0.004648468567984626
s33-139-48,u048,2025-07-18,variable,empirical,120,0.0197101449275362,0,0.000388489813064481,0.0199069805668798
s33-139-48,u048,2025-07-18,variable,hazard,30,0.0007394734034101846,0,5.468209143510416e-07,0.0007397469487286652
s33-139-48,u048,2025-07-18,variable,hazard,60,0.0019968907642434752,0,3.98757272432089e-06,0.001998887208836229
s33-139-48,u048,2025-07-18,variable,hazard,120,0.007851805569903836,0,6.16508507075729e-05,0.007882793308303453
s33-139-48,u048,2025-07-18,variable,hazard_cal,30,0.000723511932862908,0,5.234695169950212e-07,0.000723773793935431
s33-139-48,u048,2025-07-18,variable,hazard_cal,60,0.001967071657745234,0,3.869370906704583e-06,0.0019690088840574422
s33-139-48,u048,2025-07-18,variable,hazard_cal,120,0.00786164504419129,0,6.180546280085747e-05,0.00789271070081975
s33-139-1,u001,2025-07-18,regular,empirical,30,0.0028985507246376274,0,8.401596303297314e-06,0.002902759657961351
s33-139-1,u001,2025-07-18,regular,empirical,60,0.004637681159420315,0,2.1508086536442157e-05,0.004648468567984626
s33-139-1,u001,2025-07-18,regular,empirical,120,0.0197101449275362,0,0.000388489813064481,0.0199069805668798
s33-139-1,u001,2025-07-18,regular,hazard,30,0.00035870177231689393,0,1.2866696146328082e-07,0.00035876612118612125
s33-139-1,u001,2025-07-18,regular,hazard,60,0.0009690019712185194,0,9.389648202253763e-07,0.0009694717571354707
s33-139-1,u001,2025-07-18,regular,hazard,120,0.0038166779795110184,0,1.456703079928431e-05,0.003823980080677979
s33-139-1,u001,2025-07-18,regular,hazard_cal,30,0.00034587729469348627,0,1.1963110298448474e-07,0.00034593712404111813
s33-139-1,u001,2025-07-18,regular,hazard_cal,60,0.0009407120055129337,0,8.849390773161657e-07,0.0009411547527384566
s33-139-1,u001,2025-07-18,regular,hazard_cal,120,0.003766280479887807,0,1.4184868653183929e-05,0.003773390772733703
s33-139-16,u016,2025-07-18,regular,empirical,30,0.0028985507246376274,0,8.401596303297314e-06,0.002902759657961351
s33-139-16,u016,2025-07-18,regular,empirical,60,0.004637681159420315,0,2.1508086536442157e-05,0.004648468567984626
s33-139-16,u016,2025-07-18,regular,empirical,120,0.0197101449275362,0,0.000388489813064481,0.0199069805668798
s33-139-16,u016,2025-07-18,regular,hazard,30,0.0013901897298198573,0,1.9326274848966078e-06,0.001391156940070068
s33-139-16,u016,2025-07-18,regular,hazard,60,0.0037517460452881624,0,1.4075598388335366e-05,0.003758801496852271
s33-139-16,u016,2025-07-18,regular,hazard,120,0.01470876484066208,0,0.000216347763137897,0.014818011299345646
s33-139-16,u016,2025-07-18,regular,hazard_cal,30,0.0013776048881932734,0,1.8977952279740013e-06,0.0013785546581793215
s33-139-16,u016,2025-07-18,regular,hazard_cal,60,0.003743016646211128,0,1.40101736138136e-05,0.0037500392623410262
s33-139-16,u016,2025-07-18,regular,hazard_cal,120,0.014914058214311132,0,0.00022242913241986135,0.015026391072308918
s33-139-37,u037,2025-07-18,variable,empirical,30,0.0028985507246376274,0,8.401596303297314e-06,0.002902759657961351
s33-139-37,u037,2025-07-18,variable,empirical,60,0.004637681159420315,0,2.1508086536442157e-05,0.004648468567984626
s33-139-37,u037,2025-07-18,variable,empirical,120,0.0197101449275362,0,0.000388489813064481,0.0199069805668798
s33-139-37,u037,2025-07-18,variable,hazard,30,0.00102004428528768,0,1.0404903439480542e-06,0.0010205648845126067
s33-139-37,u037,2025-07-18,variable,hazard,60,0.0027538059260989733,0,7.583447078617824e-06,0.0027576046251610313
s33-139-37,u037,2025-07-18,variable,hazard,120,0.010814330422021401,0,0.00011694974247665757,0.010873230320140731
s33-139-37,u037,2025-07-18,variable,hazard_cal,30,0.0010045205432144266,0,1.0090615217398067e-06,0.0010050254121043952
s33-139-37,u037,2025-07-18,variable,hazard_cal,60,0.0027303236523674723,0,7.454667246677254e-06,0.0027340577844656767
s33-139-37,u037,2025-07-18,variable,hazard_cal,120,0.010897837940138433,0,0.00011876287176952068,0.01095765435271186
s33-139-30,u030,2025-07-18,regular,empirical,30,0.0028985507246376274,0,8.401596303297314e-06,0.002902759657961351
s33-139-30,u030,2025-07-18,regular,empirical,60,0.004637681159420315,0,2.1508086536442157e-05,0.004648468567984626
s33-139-30,u030,2025-07-18,regular,empirical,120,0.0197101449275362,0,0.000388489813064481,0.0199069805668798
s33-139-30,u030,2025-07-18,regular,hazard,30,0.006627306573404934,0,4.392119241789625e-05,0.006649364680855187
s33-139-30,u030,2025-07-18,regular,hazard,60,0.017795237773848394,0,0.0003166704874278007,0.01795547685876157
s33-139-30,u030,2025-07-18,regular,hazard,120,0.06815330784441231,0,0.004644873370135233,0.0705869712223604
s33-139-30,u030,2025-07-18,regular,hazard_cal,30,0.006776975051919543,0,4.592739085433989e-05,0.006800043027147236
s33-139-30,u030,2025-07-18,regular,hazard_cal,60,0.01831651396656786,0,0.0003354946838874755,0.01848633823076003
s33-139-30,u030,2025-07-18,regular,hazard_cal,120,0.07119015398324524,0,0.005068038024158168,0.07385124786141038
s33-139-40,u040,2025-07-18,regular,empirical,30,0.0028985507246376274,0,8.401596303297314e-06,0.002902759657961351
s33-139-40,u040,2025-07-18,regular,empirical,60,0.004637681159420315,0,2.1508086536442157e-05,0.004648468567984626
s33-139-40,u040,2025-07-18,regular,empirical,120,0.0197101449275362,0,0.000388489813064481,0.0199069805668798
s33-139-40,u040,2025-07-18,regular,hazard,30,0.001482743546273646,0,2.198528424016148e-06,0.001483843898313415
s33-139-40,u040,2025-07-18,regular,hazard,60,0.004001166793977884,0,1.6009335713231257e-05,0.004009192878122475
s33-139-40,u040,2025-07-18,regular,hazard,120,0.01568009260057812,0,0.0002458653039627048,0.015804325620656565
s33-139-40,u040,2025-07-18,regular,hazard_cal,30,0.001471231278568963,0,2.1645214750396656e-06,0.0014723146019830504
s33-139-40,u040,2025-07-18,regular,hazard_cal,60,0.003997038445658574,0,1.5976316336072707e-05,0.004005047953825545
s33-139-40,u040,2025-07-18,regular,hazard_cal,120,0.01591929292874339,0,0.00025342388735113925,0.016047365911930834
s33-139-8,u008,2025-07-18,regular,empirical,30,0.0028985507246376274,0,8.401596303297314e-06,0.002902759657961351
s33-139-8,u008,2025-07-18,regular,empirical,60,0.004637681159420315,0,2.1508086536442157e-05,0.004648468567984626
s33-139-8,u008,2025-07-18,regular,empirical,120,0.0197101449275362,0,0.000388489813064481,0.0199069805668798
s33-139-8,u008,2025-07-18,regular,hazard,30,0.0028891119573188906,0,8.34696790192299e-06,0.0028932934971697666
s33-139-8,u008,2025-07-18,regular,hazard,60,0.007785674422933431,0,6.061672621991981e-05,0.007816141024430796
s33-139-8,u008,2025-07-18,regular,hazard,120,0.030319109529130084,0,0.0009192484026393867,0.030788240506147025
s33-139-8,u008,2025-07-18,regular,hazard_cal,30,0.002905473462947894,0,8.441776043894427e-06,0.0029097025446126737
s33-139-8,u008,2025-07-18,regular,hazard_cal,60,0.007882536707407573,0,6.213438494362782e-05,0.007913768130033184
s33-139-8,u008,2025-07-18,regular,hazard_cal,120,0.031186607608522654,0,0.0009726044941279631,0.031683263148176044
s33-139-13,u013,2025-07-18,variable,empirical,30,0.0028985507246376274,0,8.401596303297314e-06,0.002902759657961351
s33-139-13,u013,2025-07-18,variable,empirical,60,0.004637681159420315,0,2.1508086536442157e-05,0.004648468567984626
s33-139-13,u013,2025-07-18,variable,empirical,120,0.0197101449275362,0,0.000388489813064481,0.0199069805668798
s33-139-13,u013,2025-07-18,variable,hazard,30,0.001988063627761494,0,3.952396988028191e-06,0.0019900424493726546
s33-139-13,u013,2025-07-18,variable,hazard,60,0.005362154915293127,0,2.875270533560224e-05,0.005376582867684437
s33-139-13,u013,2025-07-18,variable,hazard,120,0.020965970996991046,0,0.0004395719398466697,0.021188878114939632
s33-139-13,u013,2025-07-18,variable,hazard_cal,30,0.0019843231736783595,0,3.937538457596957e-06,0.0019862945512389763
s33-139-13,u013,2025-07-18,variable,hazard_cal,60,0.005388305032363538,0,2.9033831121794232e-05,0.00540287430729058
s33-139-13,u013,2025-07-18,variable,hazard_cal,120,0.021409414593207665,0,0.00045836303322385334,0.02164192064468424
s33-139-57,u057,2025-07-18,new,empirical,30,0.0028985507246376274,0,8.401596303297314e-06,0.002902759657961351
s33-139-57,u057,2025-07-18,new,empirical,60,0.004637681159420315,0,2.1508086536442157e-05,0.004648468567984626
s33-139-57,u057,2025-07-18,new,empirical,120,0.0197101449275362,0,0.000388489813064481,0.0199069805668798
s33-139-57,u057,2025-07-18,new,hazard,30,0.0010738443177124024,0,1.153141618683215e-06,0.001074421301619322
s33-139-57,u057,2025-07-18,new,hazard,60,0.0028988991412652876,0,8.403616231228621e-06,0.002903109087489096
s33-139-57,u057,2025-07-18,new,hazard,120,0.011381361054244699,0,0.000129535379447078,0.011446624407023138
s33-139-57,u057,2025-07-18,new,hazard_cal,30,0.0010585982873965172,0,1.1206303340788391e-06,0.0010591589983102265
s33-139-57,u057,2025-07-18,new,hazard_cal,60,0.0028771570021071113,0,8.27803241477398e-06,0.0028813039745517886
s33-139-57,u057,2025-07-18,new,hazard_cal,120,0.011481026132064587,0,0.00013181396104514992,0.01154744194977624
s33-139-27,u027,2025-07-18,regular,empirical,30,0.0028985507246376274,0,8.401596303297314e-06,0.002902759657961351
s33-139-27,u027,2025-07-18,regular,empirical,60,0.004637681159420315,0,2.1508086536442157e-05,0.004648468567984626
s33-139-27,u027,2025-07-18,regular,empirical,120,0.0197101449275362,0,0.000388489813064481,0.0199069805668798
s33-139-27,u027,2025-07-18,regular,hazard,30,0.0005238628773501786,0,2.7443231426560823e-07,0.0005240001414477815
s33-139-27,u027,2025-07-18,regular,hazard,60,0.0014149452229800241,0,2.00206998403399e-06,0.0014159472032483679
s33-139-27,u027,2025-07-18,regular,hazard,120,0.005568996841386786,0,3.1013725819376e-05,0.005584561517615953
s33-139-27,u027,2025-07-18,regular,hazard_cal,30,0.0005090053547694984,0,2.590864511840229e-07,0.0005091349419706757
s33-139-27,u027,2025-07-18,regular,hazard_cal,60,0.001384164810096844,0,1.915912221510432e-06,0.001385123651105722
s33-139-27,u027,2025-07-18,regular,hazard_cal,120,0.005537505892595274,0,3.0663971510527375e-05,0.00555289471510749
