sid,user,day,cohort,model,lead_minutes,p,y,brier,logloss
s44-110-49,u049,2025-06-09,variable,empirical,30,0.0011634671320535084,0,1.353655767368816e-06,0.0011641444853737134
s44-110-49,u049,2025-06-09,variable,empirical,60,0.004072134962187279,0,1.6582283150267994e-05,0.004080448681161805
s44-110-49,u049,2025-06-09,variable,empirical,120,0.018615474112856356,0,0.0003465358764464251,0.018790922836881
s44-110-49,u049,2025-06-09,variable,hazard,30,0.0006639059160671312,0,4.407710653889367e-07,0.0006641263991919273
s44-110-49,u049,2025-06-09,variable,hazard,60,0.0017581857782055232,0,3.0912172306841614e-06,0.0017597332008578604
s44-110-49,u049,2025-06-09,variable,hazard,120,0.006536316708447121,0,4.2723436113125e-05,0.006557771969862325
s44-110-49,u049,2025-06-09,variable,hazard_cal,30,0.0014572784249989867,0,2.1236604079675273e-06,0.0014583412879199348
s44-110-49,u049,2025-06-09,variable,hazard_cal,60,0.0037545683453336087,0,1.4096783459781153e-05,0.0037616344293386643
s44-110-49,u049,2025-06-09,variable,hazard_cal,120,0.013073168463292206,0,0.0001709077336696179,0.01315937447823516
s44-110-11,u011,2025-06-09,variable,empirical,30,0.0011634671320535084,0,1.353655767368816e-06,0.0011641444853737134
s44-110-11,u011,2025-06-09,variable,empirical,60,0.004072134962187279,0,1.6582283150267994e-05,0.004080448681161805
s44-110-11,u011,2025-06-09,variable,empirical,120,0.018615474112856356,0,0.0003465358764464251,0.018790922836881
s44-110-11,u011,2025-06-09,variable,hazard,30,0.001164834105074397,0,1.3568384923444715e-06,0.001165513051611835
s44-110-11,u011,2025-06-09,variable,hazard,60,0.0030833332731582397,0,9.506944073364704e-06,0.00308809653887196
s44-110-11,u011,2025-06-09,variable,hazard,120,0.011439480994668738,0,0.00013086172542738726,0.011505415174877487
s44-110-11,u011,2025-06-09,variable,hazard_cal,30,0.0024341372389602434,0,5.925024098092997e-06,0.0024371045672434925
s44-110-11,u011,2025-06-09,variable,hazard_cal,60,0.006265982866607733,0,3.926254128462167e-05,0.006285696530715831
s44-110-11,u011,2025-06-09,variable,hazard_cal,120,0.021741612061566995,0,0.00047269769503567545,0.021981443496039123
s44-110-59,u059,2025-06-09,new,empirical,30,0.0011634671320535084,0,1.353655767368816e-06,0.0011641444853737134
s44-110-59,u059,2025-06-09,new,empirical,60,0.004072134962187279,0,1.6582283150267994e-05,0.004080448681161805
s44-110-59,u059,2025-06-09,new,empirical,120,0.018615474112856356,0,0.0003465358764464251,0.018790922836881
s44-110-59,u059,2025-06-09,new,hazard,30,0.0006950540256862592,0,4.83100098622675e-07,0.0006952956877208389
s44-110-59,u059,2025-06-09,new,hazard,60,0.0018406204264471704,0,3.3878835542545635e-06,0.0018423164497005256
s44-110-59,u059,2025-06-09,new,hazard,120,0.006841914746139155,0,4.681179739343642e-05,0.00686542795646339
s44-110-59,u059,2025-06-09,new,hazard_cal,30,0.001519552729347451,0,2.3090404972672873e-06,0.0015207084205002205
s44-110-59,u059,2025-06-09,new,hazard_cal,60,0.003914798880405801,0,1.5325650274026513e-05,0.003922481763392382
s44-110-59,u059,2025-06-09,new,hazard_cal,120,0.013628040590688895,0,0.00018572349034146413,0.013721754736680325
s44-110-32,u032,2025-06-09,regular,empirical,30,0.0011634671320535084,0,1.353655767368816e-06,0.0011641444853737134
s44-110-32,u032,2025-06-09,regular,empirical,60,0.004072134962187279,0,1.6582283150267994e-05,0.004080448681161805
s44-110-32,u032,2025-06-09,regular,empirical,120,0.018615474112856356,0,0.0003465358764464251,0.018790922836881
s44-110-32,u032,2025-06-09,regular,hazard,30,0.010802843164570586,0,0.00011670142043830943,0.010861617545001786
s44-110-32,u032,2025-06-09,regular,hazard,60,0.028340624143877724,0,0.0008031909768645449,0.028749972300882966
s44-110-32,u032,2025-06-09,regular,hazard,120,0.10116239355356216,0,0.010233829869485794,0.1066528988181378
s44-110-32,u032,2025-06-09,regular,hazard_cal,30,0.018504666185833907,0,0.0003424226706491448,0.018678019414297593
s44-110-32,u032,2025-06-09,regular,hazard_cal,60,0.04696523931399832,0,0.0022057337038211334,0.04810390098158774
s44-110-32,u032,2025-06-09,regular,hazard_cal,120,0.1540022965398622,0,0.02371670733955165,0.1672386339657238
s44-110-18,u018,2025-06-09,regular,empirical,30,0.0011634671320535084,0,1.353655767368816e-06,0.0011641444853737134
s44-110-18,u018,2025-06-09,regular,empirical,60,0.004072134962187279,0,1.6582283150267994e-05,0.004080448681161805
s44-110-18,u018,2025-06-09,regular,empirical,120,0.018615474112856356,0,0.0003465358764464251,0.018790922836881
s44-110-18,u018,2025-06-09,regular,hazard,30,0.0021653190188417604,0,4.688606453357844e-06,0.0021676667116833095
s44-110-18,u018,2025-06-09,regular,hazard,60,0.005726313798595339,0,3.2790669719983385e-05,0.005742771993387821
s44-110-18,u018,2025-06-09,regular,hazard,120,0.021159314794346074,0,0.0004477166025662326,0.02138638186385716
s44-110-18,u018,2025-06-09,regular,hazard_cal,30,0.004284819539208451,0,1.835967848358252e-05,0.004294025685645956
s44-110-18,u018,2025-06-09,regular,hazard_cal,60,0.011012077263230613,0,0.00012126584565136062,0.011073159024715647
s44-110-18,u018,2025-06-09,regular,hazard_cal,120,0.03795801620328432,0,0.0014408109940887948,0.038697187068395526
s44-110-40,u040,2025-06-09,variable,empirical,30,0.0011634671320535084,0,1.353655767368816e-06,0.0011641444853737134
s44-110-40,u040,2025-06-09,variable,empirical,60,0.004072134962187279,0,1.6582283150267994e-05,0.004080448681161805
s44-110-40,u040,2025-06-09,variable,empirical,120,0.018615474112856356,0,0.0003465358764464251,0.018790922836881
s44-110-40,u040,2025-06-09,variable,hazard,30,0.00019886861082774043,0,3.954872437255528e-08,0.00019888838781198441
s44-110-40,u040,2025-06-09,variable,hazard,60,0.0005268801385044375,0,2.7760268035045525e-07,0.0005270189886183329
s44-110-40,u040,2025-06-09,variable,hazard,120,0.0019624578385819547,0,3.8512407682117575e-06,0.001964385981979117
s44-110-40,u040,2025-06-09,variable,hazard_cal,30,0.0004848500975681569,0,2.3507961711185125e-07,0.00048496767538332554
s44-110-40,u040,2025-06-09,variable,hazard_cal,60,0.0012502491313208797,0,1.5631228903686143e-06,0.0012510313448085258
s44-110-40,u040,2025-06-09,variable,hazard_cal,120,0.004368494469115691,0,1.9083743926694386e-05,0.004378064221522312
s44-110-46,u046,2025-06-09,regular,empirical,30,0.0011634671320535084,0,1.353655767368816e-06,0.0011641444853737134
s44-110-46,u046,2025-06-09,regular,empirical,60,0.004072134962187279,0,1.6582283150267994e-05,0.004080448681161805
s44-110-46,u046,2025-06-09,regular,empirical,120,0.018615474112856356,0,0.0003465358764464251,0.018790922836881
s44-110-46,u046,2025-06-09,regular,hazard,30,0.0014653615396931219,0,2.147284442011797e-06,0.0014664362319175338
s44-110-46,u046,2025-06-09,regular,hazard,60,0.003877752518976707,0,1.5036964598430197e-05,0.0038852904945218766
s44-110-46,u046,2025-06-09,regular,hazard,120,0.014369346294871077,0,0.00020647811294192514,0.014473585118821592
s44-110-46,u046,2025-06-09,regular,hazard_cal,30,0.003001102440654879,0,9.006615859304673e-06,0.0030056147788387376
s44-110-46,u046,2025-06-09,regular,hazard_cal,60,0.007721617012744986,0,5.96233692915128e-05,0.007751583054593725
s44-110-46,u046,2025-06-09,regular,hazard_cal,120,0.02673812488642391,0,0.0007149273224420016,0.027102091062206866
s44-110-22,u022,2025-06-09,regular,empirical,30,0.0011634671320535084,0,1.353655767368816e-06,0.0011641444853737134
s44-110-22,u022,2025-06-09,regular,empirical,60,0.004072134962187279,0,1.6582283150267994e-05,0.004080448681161805
s44-110-22,u022,2025-06-09,regular,empirical,120,0.018615474112856356,0,0.0003465358764464251,0.018790922836881
s44-110-22,u022,2025-06-09,regular,hazard,30,0.001159177378219356,0,1.3436921941754997e-06,0.0011598497439607714
s44-110-22,u022,2025-06-09,regular,hazard,60,0.003068375935924683,0,9.414930884161675e-06,0.003073093053097319
s44-110-22,u022,2025-06-09,regular,hazard,120,0.011384248814158116,0,0.00012960112106266046,0.011449545416214391
s44-110-22,u022,2025-06-09,regular,hazard_cal,30,0.0024233501179414807,0,5.8726257941269885e-06,0.0024262911832866967
s44-110-22,u022,2025-06-09,regular,hazard_cal,60,0.006238273762600333,0,3.891605953714771e-05,0.006257813095894279
s44-110-22,u022,2025-06-09,regular,hazard_cal,120,0.021646302269586748,0,0.0004685624019463164,0.021884020207331333
s44-110-56,u056,2025-06-09,new,empirical,30,0.0011634671320535084,0,1.353655767368816e-06,0.0011641444853737134
s44-110-56,u056,2025-06-09,new,empirical,60,0.004072134962187279,0,1.6582283150267994e-05,0.004080448681161805
s44-110-56,u056,2025-06-09,new,empirical,120,0.018615474112856356,0,0.0003465358764464251,0.018790922836881
s44-110-56,u056,2025-06-09,new,hazard,30,0.003142813658610688,0,9.877277692749899e-06,0.0031477626693897816
s44-110-56,u056,2025-06-09,new,hazard,60,0.008303820937772044,0,6.895344216658139e-05,0.00833848971446316
s44-110-56,u056,2025-06-09,new,hazard,120,0.03056254350004506,0,0.0009340690651921464,0.031039317468596568
s44-110-56,u056,2025-06-09,new,hazard_cal,30,0.006017473349942515,0,3.620998551726839e-05,0.006035651302952127
s44-110-56,u056,2025-06-09,new,hazard_cal,60,0.015441462085551305,0,0.00023843875133951846,0.015561923133328558
s44-110-56,u056,2025-06-09,new,hazard_cal,120,0.052898945047775814,0,0.002798298387167605,0.05434948087442239
s44-110-23,u023,2025-06-09,variable,empirical,30,0.0011634671320535084,0,1.353655767368816e-06,0.0011641444853737134
s44-110-23,u023,2025-06-09,variable,empirical,60,0.004072134962187279,0,1.6582283150267994e-05,0.004080448681161805
s44-110-23,u023,2025-06-09,variable,empirical,120,0.018615474112856356,0,0.0003465358764464251,0.018790922836881
s44-110-23,u023,2025-06-09,variable,hazard,30,0.0010444625536266683,0,1.090902025928341e-06,0.0010450083847395033
s44-110-23,u023,2025-06-09,variable,hazard,60,0.0027650167491352073,0,7.645317622998231e-06,0.0027688464690689184
s44-110-23,u023,2025-06-09,variable,hazard,120,0.010263502156775406,0,0.00010533947652213341,0.010316535076093434
s44-110-23,u023,2025-06-09,variable,hazard_cal,30,0.002203553868206587,0,4.855649650088213e-06,0.0022059852654982308
s44-110-23,u023,2025-06-09,variable,hazard_cal,60,0.0056735638032342495,0,3.218932622936988e-05,0.005689719602633819
s44-110-23,u023,2025-06-09,variable,hazard_cal,120,0.01970228524678319,0,0.00038818004394561056,0.019898962888022693
s44-110-24,u024,2025-06-09,variable,empirical,30,0.0011634671320535084,0,1.353655767368816e-06,0.0011641444853737134
s44-110-24,u024,2025-06-09,variable,empirical,60,0.004072134962187279,0,1.6582283150267994e-05,0.004080448681161805
s44-110-24,u024,2025-06-09,variable,empirical,120,0.018615474112856356,0,0.0003465358764464251,0.018790922836881
s44-110-24,u024,2025-06-09,variable,hazard,30,0.0019233531721207786,0,3.6992874247070616e-06,0.0019252051909383209
s44-110-24,u024,2025-06-09,variable,hazard,60,0.005087562913277166,0,2.5883296396553246e-05,0.005100548623945888
s44-110-24,u024,2025-06-09,variable,hazard,120,0.018817476124135868,0,0.00035409740768242346,0.018996777726799023
s44-110-24,u024,2025-06-09,variable,hazard_cal,30,0.0038459759624284162,0,1.4791531103577183e-05,0.0038533907454707432
s44-110-24,u024,2025-06-09,variable,hazard_cal,60,0.009888058897668417,0,9.777370876375954e-05,0.009937270425100946
s44-110-24,u024,2025-06-09,variable,hazard_cal,120,0.034136931139730486,0,0.001165330067638701,0.034733205479440574
s44-110-47,u047,2025-06-09,regular,empirical,30,0.0011634671320535084,0,1.353655767368816e-06,0.0011641444853737134
s44-110-47,u047,2025-06-09,regular,empirical,60,0.004072134962187279,0,1.6582283150267994e-05,0.004080448681161805
s44-110-47,u047,2025-06-09,regular,empirical,120,0.018615474112856356,0,0.0003465358764464251,0.018790922836881
s44-110-47,u047,2025-06-09,regular,hazard,30,0.004269946307347117,0,1.8232441467627277e-05,0.004279088561986682
s44-110-47,u047,2025-06-09,regular,hazard,60,0.011270093143208815,0,0.00012701499945660233,0.011334081869806296
s44-110-47,u047,2025-06-09,regular,hazard,120,0.04129205458258933,0,0.0017050337716515366,0.04216879123413323
s44-110-47,u047,2025-06-09,regular,hazard_cal,30,0.007955528639602583,0,6.329043593553692e-05,0.007987342701698074
s44-110-47,u047,2025-06-09,regular,hazard_cal,60,0.02037990246530541,0,0.00041534042449536154,0.02059043805220903
s44-110-47,u047,2025-06-09,regular,hazard_cal,120,0.0693392141861432,0,0.004807926623951841,0.07186042275586732
s44-110-48,u048,2025-06-09,regular,empirical,30,0.0011634671320535084,0,1.353655767368816e-06,0.0011641444853737134
s44-110-48,u048,2025-06-09,regular,empirical,60,0.004072134962187279,0,1.6582283150267994e-05,0.004080448681161805
s44-110-48,u048,2025-06-09,regular,empirical,120,0.018615474112856356,0,0.0003465358764464251,0.018790922836881
s44-110-48,u048,2025-06-09,regular,hazard,30,0.002082088566401019,0,4.335092798337851e-06,0.0020842591261886682
s44-110-48,u048,2025-06-09,regular,hazard,60,0.005506631195116962,0,3.0322987119035263e-05,0.00552184857873362
s44-110-48,u048,2025-06-09,regular,hazard,120,0.020354416275279452,0,0.00041430226190736105,0.020564421988873493
s44-110-48,u048,2025-06-09,regular,hazard_cal,30,0.00413438880989192,0,1.7093170831359526e-05,0.004142959025198889
s44-110-48,u048,2025-06-09,regular,hazard_cal,60,0.0106268742053649,0,0.00011293045537664987,0.010683742681304008
s44-110-48,u048,2025-06-09,regular,hazard_cal,120,0.0366498787745263,0,0.0013432136141874735,0.03733835981796081
s44-110-6,u006,2025-06-09,variable,empirical,30,0.0011634671320535084,0,1.353655767368816e-06,0.0011641444853737134
s44-110-6,u006,2025-06-09,variable,empirical,60,0.004072134962187279,0,1.6582283150267994e-05,0.004080448681161805
s44-110-6,u006,2025-06-09,variable,empirical,120,0.018615474112856356,0,0.0003465358764464251,0.018790922836881
s44-110-6,u006,2025-06-09,variable,hazard,30,0.0006425438057809929,0,4.1286254234752233e-07,0.0006427503255222255
s44-110-6,u006,2025-06-09,variable,hazard,60,0.0017016473915649755,0,2.895603845219885e-06,0.0017030968380188167
s44-110-6,u006,2025-06-09,variable,hazard,120,0.006326675404320969,0,4.00268216716399e-05,0.006346773629967462
s44-110-6,u006,2025-06-09,variable,hazard_cal,30,0.0014144213532532035,0,2.0005877645386236e-06,0.0014154225913618787
s44-110-6,u006,2025-06-09,variable,hazard_cal,60,0.0036442877508555682,0,1.3280833211035936e-05,0.0036509443447444306
s44-110-6,u006,2025-06-09,variable,hazard_cal,120,0.012691126837030331,0,0.0001610647003935915,0.012772347103417386
s44-110-10,u010,2025-06-09,variable,empirical,30,0.0011634671320535084,0,1.353655767368816e-06,0.0011641444853737134
s44-110-10,u010,2025-06-09,variable,empirical,60,0.004072134962187279,0,1.6582283150267994e-05,0.004080448681161805
s44-110-10,u010,2025-06-09,variable,empirical,120,0.018615474112856356,0,0.0003465358764464251,0.018790922836881
s44-110-10,u010,2025-06-09,variable,hazard,30,0.0013284114179008544,0,1.7646768952093583e-06,0.001329294538533454
s44-110-10,u010,2025-06-09,variable,hazard,60,0.003515791254623868,0,1.236078814608967e-05,0.0035219861729855555
s44-110-10,u010,2025-06-09,variable,hazard,120,0.01303529877615961,0,0.0001699190141837482,0.013121003892507704
s44-110-10,u010,2025-06-09,variable,hazard_cal,30,0.0027441587545972146,0,7.530407270432536e-06,0.0027479308606513956
s44-110-10,u010,2025-06-09,variable,hazard_cal,60,0.00706211654866129,0,4.987349014687565e-05,0.007087171323243365
s44-110-10,u010,2025-06-09,variable,hazard_cal,120,0.024476887190475805,0,0.0005991180065352785,0.02478142590439482
s44-110-27,u027,2025-06-09,regular,empirical,30,0.0011634671320535084,0,1.353655767368816e-06,0.0011641444853737134
s44-110-27,u027,2025-06-09,regular,empirical,60,0.004072134962187279,0,1.6582283150267994e-05,0.004080448681161805
s44-110-27,u027,2025-06-09,regular,empirical,120,0.018615474112856356,0,0.0003465358764464251,0.018790922836881
s44-110-27,u027,2025-06-09,regular,hazard,30,0.003133397627198886,0,9.81818069013561e-06,0.0031383169964583828
s44-110-27,u027,2025-06-09,regular,hazard,60,0.008279014600062196,0,6.854208274804299e-05,0.008313475977408133
s44-110-27,u027,2025-06-09,regular,hazard,120,0.030472400542130185,0,0.000928567194800016,0.030946336981193936
s44-110-27,u027,2025-06-09,regular,hazard_cal,30,0.006001042505432985,0,3.60125111520134e-05,0.006019121124335325
s44-110-27,u027,2025-06-09,regular,hazard_cal,60,0.015399521614698486,0,0.00023714526596156586,0.01551932579049134
s44-110-27,u027,2025-06-09,regular,hazard_cal,120,0.052758343466467794,0,0.002783442805325785,0.0542010372156127
s44-110-16,u016,2025-06-09,regular,empirical,30,0.0011634671320535084,0,1.353655767368816e-06,0.0011641444853737134
s44-110-16,u016,2025-06-09,regular,empirical,60,0.004072134962187279,0,1.6582283150267994e-05,0.004080448681161805
s44-110-16,u016,2025-06-09,regular,empirical,120,0.018615474112856356,0,0.0003465358764464251,0.018790922836881
s44-110-16,u016,2025-06-09,regular,hazard,30,0.0035163457057004743,0,1.2364687121998167e-05,0.0035225425804288357
s44-110-16,u016,2025-06-09,regular,hazard,60,0.009287533109413104,0,8.625827125844465e-05,0.009330931161276675
s44-110-16,u016,2025-06-09,regular,hazard,120,0.03413167577954024,0,0.0011649712915196538,0.03472776439150352
s44-110-16,u016,2025-06-09,regular,hazard_cal,30,0.006665825320694818,0,4.4433227206016174e-05,0.006688141158566197
s44-110-16,u016,2025-06-09,regular,hazard_cal,60,0.01709543828286131,0,0.00029225401008312,0.017243252340723315
s44-110-16,u016,2025-06-09,regular,hazard_cal,120,0.058430555311444254,0,0.0034141297940037466,0.060207173978318665
s44-110-3,u003,2025-06-09,variable,empirical,30,0.0011634671320535084,0,1.353655767368816e-06,0.0011641444853737134
s44-110-3,u003,2025-06-09,variable,empirical,60,0.004072134962187279,0,1.6582283150267994e-05,0.004080448681161805
s44-110-3,u003,2025-06-09,variable,empirical,120,0.018615474112856356,0,0.0003465358764464251,0.018790922836881
s44-110-3,u003,2025-06-09,variable,hazard,30,0.0006607598057228881,0,4.366035208589488e-07,0.000660978203694351
s44-110-3,u003,2025-06-09,variable,hazard,60,0.001749859213382443,0,3.0620072666594227e-06,0.00175139200539024
s44-110-3,u003,2025-06-09,variable,hazard,120,0.006505444538232763,0,4.2320808640022484e-05,0.006526697164549646
s44-110-3,u003,2025-06-09,variable,hazard_cal,30,0.0014509743341700743,0,2.1053265184202904e-06,0.00145202801679692
s44-110-3,u003,2025-06-09,variable,hazard_cal,60,0.003738347066595704,0,1.3975238790324707e-05,0.0037453521497284852
s44-110-3,u003,2025-06-09,variable,hazard_cal,120,0.013016980969292935,0,0.00016944179355493443,0.01310244432613293
s44-110-19,u019,2025-06-09,variable,empirical,30,0.0011634671320535084,0,1.353655767368816e-06,0.0011641444853737134
s44-110-19,u019,2025-06-09,variable,empirical,60,0.004072134962187279,0,1.6582283150267994e-05,0.004080448681161805
s44-110-19,u019,2025-06-09,variable,empirical,120,0.018615474112856356,0,0.0003465358764464251,0.018790922836881
s44-110-19,u019,2025-06-09,variable,hazard,30,0.0007259454841526125,0,5.26996845961571e-07,0.0007262091101687252
s44-110-19,u019,2025-06-09,variable,hazard,60,0.0019223711306716185,0,3.695510764039677e-06,0.0019242212575208326
s44-110-19,u019,2025-06-09,variable,hazard,120,0.007144900904774265,0,5.104960893904411e-05,0.007170547945971451
s44-110-19,u019,2025-06-09,variable,hazard_cal,30,0.0015810721103586278,0,2.499789018153885e-06,0.0015823233238808191
s44-110-19,u019,2025-06-09,variable,hazard_cal,60,0.004073069757781211,0,1.6589897251751897e-05,0.004081387299374486
s44-110-19,u019,2025-06-09,variable,hazard_cal,120,0.01417588290293681,0,0.00020095565607777615,0.014277320517248651
s44-110-28,u028,2025-06-09,variable,empirical,30,0.0011634671320535084,0,1.353655767368816e-06,0.0011641444853737134
s44-110-28,u028,2025-06-09,variable,empirical,60,0.004072134962187279,0,1.6582283150267994e-05,0.004080448681161805
s44-110-28,u028,2025-06-09,variable,empirical,120,0.018615474112856356,0,0.0003465358764464251,0.018790922836881
s44-110-28,u028,2025-06-09,variable,hazard,30,0.00180111396846383,0,3.2440115273955265e-06,0.001802737924473719
s44-110-28,u028,2025-06-09,variable,hazard,60,0.004764761922669614,0,2.2702956179722233e-05,0.004776149588169042
s44-110-28,u028,2025-06-09,variable,hazard,120,0.017632246497428228,0,0.00031089611654607,0.0177895463313932
s44-110-28,u028,2025-06-09,variable,hazard_cal,30,0.003622429097037805,0,1.3121992563066126e-05,0.003629005980987025
s44-110-28,u028,2025-06-09,variable,hazard_cal,60,0.009315149479552809,0,8.677200982641296e-05,0.009358806812362725
s44-110-28,u028,2025-06-09,variable,hazard_cal,120,0.0321846997870181,0,0.001035854900380483,0.03271401547635908
s44-110-35,u035,2025-06-09,regular,empirical,30,0.0011634671320535084,0,1.353655767368816e-06,0.0011641444853737134
s44-110-35,u035,2025-06-09,regular,empirical,60,0.004072134962187279,0,1.6582283150267994e-05,0.004080448681161805
s44-110-35,u035,2025-06-09,regular,empirical,120,0.018615474112856356,0,0.0003465358764464251,0.018790922836881
s44-110-35,u035,2025-06-09,regular,hazard,30,0.0006346180856829919,0,4.027401146759453e-07,0.0006348195409762873
s44-110-35,u035,2025-06-09,regular,hazard,60,0.001680670081690594,0,2.8246519234898675e-06,0.001682083992085682
s44-110-35,u035,2025-06-09,regular,hazard,120,0.006248883407056649,0,3.904854383498792e-05,0.006268489398686173
s44-110-35,u035,2025-06-09,regular,hazard_cal,30,0.0013984889986277116,0,1.9557714792827396e-06,0.0013994677970329838
s44-110-35,u035,2025-06-09,regular,hazard_cal,60,0.0036032882044795267,0,1.2983685884541292e-05,0.00360979568434174
s44-110-35,u035,2025-06-09,regular,hazard_cal,120,0.012549063397551241,0,0.0001574789921557603,0.012628467894389895
s44-110-36,u036,2025-06-09,variable,empirical,30,0.0011634671320535084,0,1.353655767368816e-06,0.0011641444853737134
s44-110-36,u036,2025-06-09,variable,empirical,60,0.004072134962187279,0,1.6582283150267994e-05,0.004080448681161805
s44-110-36,u036,2025-06-09,variable,empirical,120,0.018615474112856356,0,0.0003465358764464251,0.018790922836881
s44-110-36,u036,2025-06-09,variable,hazard,30,0.0009509506832385828,0,9.043072019519274e-07,0.0009514031236946745
s44-110-36,u036,2025-06-09,variable,hazard,60,0.0025176802021757982,0,6.338713600427969e-06,0.002520854888659022
s44-110-36,u036,2025-06-09,variable,hazard,120,0.009348955258180913,0,8.740296441946855e-05,0.009392931040074161
s44-110-36,u036,2025-06-09,variable,hazard_cal,30,0.0020228071834758055,0,4.091748901521321e-06,0.0020248558210586433
s44-110-36,u036,2025-06-09,variable,hazard_cal,60,0.005209017759301604,0,2.7133866016719504e-05,0.005222631990738657
s44-110-36,u036,2025-06-09,variable,hazard_cal,120,0.018100781756733797,0,0.00032763830020490704,0.018266604974572543
s44-110-38,u038,2025-06-09,regular,empirical,30,0.0011634671320535084,0,1.353655767368816e-06,0.0011641444853737134
s44-110-38,u038,2025-06-09,regular,empirical,60,0.004072134962187279,0,1.6582283150267994e-05,0.004080448681161805
s44-110-38,u038,2025-06-09,regular,empirical,120,0.018615474112856356,0,0.0003465358764464251,0.018790922836881
s44-110-38,u038,2025-06-09,regular,hazard,30,0.0010611998635888797,0,1.126145150481057e-06,0.001061763334836467
s44-110-38,u038,2025-06-09,regular,hazard,60,0.0028092819830455307,0,7.892065260264229e-06,0.002813235421627495
s44-110-38,u038,2025-06-09,regular,hazard,120,0.010427103140034255,0,0.00010872447989291222,0.010481846253890328
s44-110-38,u038,2025-06-09,regular,hazard_cal,30,0.002235750687048399,0,4.998581134637388e-06,0.0022382537090670997
s44-110-38,u038,2025-06-09,regular,hazard_cal,60,0.005756298925661207,0,3.313497732156837e-05,0.005772930268351884
s44-110-38,u038,2025-06-09,regular,hazard_cal,120,0.019987293189775768,0,0.0003994918890540568,0.020189741268697152
s44-110-5,u005,2025-06-09,regular,empirical,30,0.0011634671320535084,0,1.353655767368816e-06,0.0011641444853737134
s44-110-5,u005,2025-06-09,regular,empirical,60,0.004072134962187279,0,1.6582283150267994e-05,0.004080448681161805
s44-110-5,u005,2025-06-09,regular,empirical,120,0.018615474112856356,0,0.0003465358764464251,0.018790922836881
s44-110-5,u005,2025-06-09,regular,hazard,30,0.004367908081293392,0,1.9078621006628126e-05,0.004377475261001916
s44-110-5,u005,2025-06-09,regular,hazard,60,0.011527605340059144,0,0.00013288568487616008,0.01159456325616602
s44-110-5,u005,2025-06-09,regular,hazard,120,0.042218898550007045,0,0.001782435394775787,0.043136022475230795
s44-110-5,u005,2025-06-09,regular,hazard_cal,30,0.008121571268263184,0,6.595991986547806e-05,0.00815473088905211
s44-110-5,u005,2025-06-09,regular,hazard_cal,60,0.020802216279632302,0,0.00043273220214459914,0.02102163058410444
s44-110-5,u005,2025-06-09,regular,hazard_cal,120,0.07073453481951775,0,0.005003374416133568,0.07336082729544768
s44-110-26,u026,2025-06-09,regular,empirical,30,0.0011634671320535084,0,1.353655767368816e-06,0.0011641444853737134
s44-110-26,u026,2025-06-09,regular,empirical,60,0.004072134962187279,0,1.6582283150267994e-05,0.004080448681161805
s44-110-26,u026,2025-06-09,regular,empirical,120,0.018615474112856356,0,0.0003465358764464251,0.018790922836881
s44-110-26,u026,2025-06-09,regular,hazard,30,0.0054430265666840505,0,2.9626538205628363e-05,0.005457893808857841
s44-110-26,u026,2025-06-09,regular,hazard,60,0.014350688166653858,0,0.00020594225085653905,0.014454655156011686
s44-110-26,u026,2025-06-09,regular,hazard,120,0.05233164350765651,0,0.002738600912212448,0.05375067285731567
s44-110-26,u026,2025-06-09,regular,hazard_cal,30,0.009923015606950414,0,9.846623873578148e-05,0.009972576863628657
s44-110-26,u026,2025-06-09,regular,hazard_cal,60,0.02537605420876854,0,0.0006439441272063595,0.02570357900874208
s44-110-26,u026,2025-06-09,regular,hazard_cal,120,0.085740456774694,0,0.0073514259279331695,0.0896407836967003
s44-110-45,u045,2025-06-09,variable,empirical,30,0.0011634671320535084,0,1.353655767368816e-06,0.0011641444853737134
s44-110-45,u045,2025-06-09,variable,empirical,60,0.004072134962187279,0,1.6582283150267994e-05,0.004080448681161805
s44-110-45,u045,2025-06-09,variable,empirical,120,0.018615474112856356,0,0.0003465358764464251,0.018790922836881
s44-110-45,u045,2025-06-09,variable,hazard,30,0.0016816607162658537,0,2.827982764631784e-06,0.0016830762948860753
s44-110-45,u045,2025-06-09,variable,hazard,60,0.0044492470731694045,0,1.979579951810651e-05,0.004459174430047906
s44-110-45,u045,2025-06-09,variable,hazard,120,0.016472631840641738,0,0.000271347599757324,0.016609814230222886
s44-110-45,u045,2025-06-09,variable,hazard_cal,30,0.0034026660254793395,0,1.1578136080951364e-05,0.0034084682593013716
s44-110-45,u045,2025-06-09,variable,hazard_cal,60,0.008751717013510296,0,7.659255068456558e-05,0.008790238204577297
s44-110-45,u045,2025-06-09,variable,hazard_cal,120,0.030261705135277817,0,0.0009157707976944998,0.030729042995569552
s44-111-18,u018,2025-06-10,regular,empirical,30,0.0011634671320535084,0,1.353655767368816e-06,0.0011641444853737134
s44-111-18,u018,2025-06-10,regular,empirical,60,0.004072134962187279,0,1.6582283150267994e-05,0.004080448681161805
s44-111-18,u018,2025-06-10,regular,empirical,120,0.018615474112856356,0,0.0003465358764464251,0.018790922836881
s44-111-18,u018,2025-06-10,regular,hazard,30,0.0017297942115289677,0,2.992188014239123e-06,0.001731292033067322
s44-111-18,u018,2025-06-10,regular,hazard,60,0.004576391693081883,0,2.094336092850886e-05,0.004586895431946222
s44-111-18,u018,2025-06-10,regular,hazard,120,0.016940062984151294,0,0.0002869657339070128,0.017085187127304
s44-111-18,u018,2025-06-10,regular,hazard_cal,30,0.003491381178246211,0,1.2189742531811902e-05,0.0034974902731095135
s44-111-18,u018,2025-06-10,regular,hazard_cal,60,0.008979192780446899,0,8.06259029884297e-05,0.009019748687345792
s44-111-18,u018,2025-06-10,regular,hazard_cal,120,0.031038444889290417,0,0.0009633850611455184,0.03153034268678609
s44-111-21,u021,2025-06-10,variable,empirical,30,0.0011634671320535084,0,1.353655767368816e-06,0.0011641444853737134
s44-111-21,u021,2025-06-10,variable,empirical,60,0.004072134962187279,0,1.6582283150267994e-05,0.004080448681161805
s44-111-21,u021,2025-06-10,variable,empirical,120,0.018615474112856356,0,0.0003465358764464251,0.018790922836881
s44-111-21,u021,2025-06-10,variable,hazard,30,0.0013532112402210306,0,1.8311806606605397e-06,0.0013541276573819927
s44-111-21,u021,2025-06-10,variable,hazard,60,0.0035813443891180574,0,1.2826027633467392e-05,0.0035877727556537548
s44-111-21,u021,2025-06-10,variable,hazard,120,0.013277012034764613,0,0.00017627904857128436,0.013365939564080697
s44-111-21,u021,2025-06-10,variable,hazard_cal,30,0.0027908554349878045,0,7.788874059000967e-06,0.002794757133091719
s44-111-21,u021,2025-06-10,variable,hazard_cal,60,0.007181995694025001,0,5.1581062148993654e-05,0.007207910379084447
s44-111-21,u021,2025-06-10,variable,hazard_cal,120,0.024888228579640348,0,0.0006194239218324266,0.025203177200434204
s44-111-48,u048,2025-06-10,regular,empirical,30,0.0011634671320535084,0,1.353655767368816e-06,0.0011641444853737134
s44-111-48,u048,2025-06-10,regular,empirical,60,0.004072134962187279,0,1.6582283150267994e-05,0.004080448681161805
s44-111-48,u048,2025-06-10,regular,empirical,120,0.018615474112856356,0,0.0003465358764464251,0.018790922836881
s44-111-48,u048,2025-06-10,regular,hazard,30,0.002006948869276659,0,4.02784376389086e-06,0.002008965489779838
s44-111-48,u048,2025-06-10,regular,hazard,60,0.005308274558503356,0,2.8177778788454e-05,0.00532241350570316
s44-111-48,u048,2025-06-10,regular,hazard,120,0.019627186833233057,0,0.00038522646298663705,0.019822358060727685
s44-111-48,u048,2025-06-10,regular,hazard_cal,30,0.003998118951884622,0,1.5984955153418985e-05,0.004006132796796746
s44-111-48,u048,2025-06-10,regular,hazard_cal,60,0.010277844169052641,0,0.00010563408076332937,0.010331025919083123
s44-111-48,u048,2025-06-10,regular,hazard_cal,120,0.03546336390945726,0,0.0012576501797745955,0.036107462815971936
s44-111-31,u031,2025-06-10,regular,empirical,30,0.0011634671320535084,0,1.353655767368816e-06,0.0011641444853737134
s44-111-31,u031,2025-06-10,regular,empirical,60,0.004072134962187279,0,1.6582283150267994e-05,0.004080448681161805
s44-111-31,u031,2025-06-10,regular,empirical,120,0.018615474112856356,0,0.0003465358764464251,0.018790922836881
s44-111-31,u031,2025-06-10,regular,hazard,30,0.004771850675662437,0,2.2770558870820055e-05,0.0047832723044548275
s44-111-31,u031,2025-06-10,regular,hazard,60,0.01258895399187665,0,0.00015848176260958705,0.012668866256080064
s44-111-31,u031,2025-06-10,regular,hazard,120,0.046031166103140175,0,0.002118868252814881,0.047124276938705835
s44-111-31,u031,2025-06-10,regular,hazard_cal,30,0.008802724886987745,0,7.748796543599341e-05,0.00884169774986499
s44-111-31,u031,2025-06-10,regular,hazard_cal,60,0.022533368871626824,0,0.0005077527127048008,0.02279112465836618
s44-111-31,u031,2025-06-10,regular,hazard_cal,120,0.07643691732668634,0,0.005842602330406682,0.07951617342093865
s44-111-47,u047,2025-06-10,regular,empirical,30,0.0011634671320535084,0,1.353655767368816e-06,0.0011641444853737134
s44-111-47,u047,2025-06-10,regular,empirical,60,0.004072134962187279,0,1.6582283150267994e-05,0.004080448681161805
s44-111-47,u047,2025-06-10,regular,empirical,120,0.018615474112856356,0,0.0003465358764464251,0.018790922836881
s44-111-47,u047,2025-06-10,regular,hazard,30,0.0034039277112947186,0,1.1586723863720101e-05,0.0034097342536714256
s44-111-47,u047,2025-06-10,regular,hazard,60,0.008991547502786856,0,8.084792649487256e-05,0.009032215427964832
s44-111-47,u047,2025-06-10,regular,hazard,120,0.03305891006775763,0,0.0010928915348680868,0.0336177058269236
s44-111-47,u047,2025-06-10,regular,hazard_cal,30,0.006471386683631231,0,4.187884560907962e-05,0.0064924168852453935
s44-111-47,u047,2025-06-10,regular,hazard_cal,60,0.016599615108424226,0,0.00027554722174782584,0.01673893261574766
s44-111-47,u047,2025-06-10,regular,hazard_cal,120,0.05677500710053418,0,0.0032234014312657066,0.05845043212502663
s44-111-6,u006,2025-06-10,variable,empirical,30,0.0011634671320535084,0,1.353655767368816e-06,0.0011641444853737134
s44-111-6,u006,2025-06-10,variable,empirical,60,0.004072134962187279,0,1.6582283150267994e-05,0.004080448681161805
s44-111-6,u006,2025-06-10,variable,empirical,120,0.018615474112856356,0,0.0003465358764464251,0.018790922836881
s44-111-6,u006,2025-06-10,variable,hazard,30,0.0006185786017697259,0,3.8263948656738913e-07,0.0006187700004471638
s44-111-6,u006,2025-06-10,variable,hazard,60,0.001638216815198823,0,2.683754333600175e-06,0.0016395601596924463
s44-111-6,u006,2025-06-10,variable,hazard,120,0.006091434904275994,0,3.710557919303189e-05,0.006110063381837851
s44-111-6,u006,2025-06-10,variable,hazard_cal,30,0.0013661925646537565,0,1.8664821237152087e-06,0.001367126656578839
s44-111-6,u006,2025-06-10,variable,hazard_cal,60,0.0035201746026938263,0,1.2391629233450638e-05,0.003526384996039933
s44-111-6,u006,2025-06-10,variable,hazard_cal,120,0.012261024860135805,0,0.00015033273062086823,0.012336811342536452
s44-111-17,u017,2025-06-10,variable,empirical,30,0.0011634671320535084,0,1.353655767368816e-06,0.0011641444853737134
s44-111-17,u017,2025-06-10,variable,empirical,60,0.004072134962187279,0,1.6582283150267994e-05,0.004080448681161805
s44-111-17,u017,2025-06-10,variable,empirical,120,0.018615474112856356,0,0.0003465358764464251,0.018790922836881
s44-111-17,u017,2025-06-10,variable,hazard,30,0.0011114498765247838,0,1.235320828026957e-06,0.0011120679949863685
s44-111-17,u017,2025-06-10,variable,hazard,60,0.002942170139678013,0,8.65636513081294e-06,0.002946506830520454
s44-111-17,u017,2025-06-10,variable,hazard,120,0.010918114156467151,0,0.00011920521673364841,0.01097815418067369
s44-111-17,u017,2025-06-10,variable,hazard_cal,30,0.0023321481094544794,0,5.4389148044321025e-06,0.0023348718023842615
s44-111-17,u017,2025-06-10,variable,hazard_cal,60,0.0060039801963565065,0,3.604777819824111e-05,0.00602207655526656
s44-111-17,u017,2025-06-10,variable,hazard_cal,120,0.020840117803529123,0,0.0004343105100649715,0.02106033804246222
s44-111-8,u008,2025-06-10,regular,empirical,30,0.0011634671320535084,0,1.353655767368816e-06,0.0011641444853737134
s44-111-8,u008,2025-06-10,regular,empirical,60,0.004072134962187279,0,1.6582283150267994e-05,0.004080448681161805
s44-111-8,u008,2025-06-10,regular,empirical,120,0.018615474112856356,0,0.0003465358764464251,0.018790922836881
s44-111-8,u008,2025-06-10,regular,hazard,30,0.004034788188354788,0,1.627951572488731e-05,0.004042949907486726
s44-111-8,u008,2025-06-10,regular,hazard,60,0.010651741254825264,0,0.0001134595917597465,0.01070887714404946
s44-111-8,u008,2025-06-10,regular,hazard,120,0.039063459027113945,0,0.00152595383116301,0.03984690655965366
s44-111-8,u008,2025-06-10,regular,hazard_cal,30,0.007555499771093377,0,5.708557679099207e-05,0.0075841871491559585
s44-111-8,u008,2025-06-10,regular,hazard_cal,60,0.019361957231240345,0,0.0003748853878243803,0.019551855118016073
s44-111-8,u008,2025-06-10,regular,hazard_cal,120,0.0659691023131781,0,0.00435192246000656,0.06824576026531859
s44-111-30,u030,2025-06-10,variable,empirical,30,0.0011634671320535084,0,1.353655767368816e-06,0.0011641444853737134
s44-111-30,u030,2025-06-10,variable,empirical,60,0.004072134962187279,0,1.6582283150267994e-05,0.004080448681161805
s44-111-30,u030,2025-06-10,variable,empirical,120,0.018615474112856356,0,0.0003465358764464251,0.018790922836881
s44-111-30,u030,2025-06-10,variable,hazard,30,0.0015019347999880583,0,2.255808143415169e-06,0.0015030638346923816
s44-111-30,u030,2025-06-10,variable,hazard,60,0.003974400632175579,0,1.579586038503764e-05,0.003982319551303555
s44-111-30,u030,2025-06-10,variable,hazard,120,0.014725302408821528,0,0.00021683453103124508,0.014834795886844073
s44-111-30,u030,2025-06-10,variable,hazard_cal,30,0.003069352172215156,0,9.420922757081897e-06,0.0030740722945466763
s44-111-30,u030,2025-06-10,variable,hazard_cal,60,0.007896744217078089,0,6.235856922995624e-05,0.007928088623246638
s44-111-30,u030,2025-06-10,variable,hazard_cal,120,0.027337885191752065,0,0.0007473599667574168,0.027718518350657934
s44-111-53,u053,2025-06-10,regular,empirical,30,0.0011634671320535084,0,1.353655767368816e-06,0.0011641444853737134
s44-111-53,u053,2025-06-10,regular,empirical,60,0.004072134962187279,0,1.6582283150267994e-05,0.004080448681161805
s44-111-53,u053,2025-06-10,regular,empirical,120,0.018615474112856356,0,0.0003465358764464251,0.018790922836881
s44-111-53,u053,2025-06-10,regular,hazard,30,0.0034391411415876094,0,1.1827691791760526e-05,0.0034450685815873797
s44-111-53,u053,2025-06-10,regular,hazard,60,0.009084267681724767,0,8.252391931322907e-05,0.009125781246189292
s44-111-53,u053,2025-06-10,regular,hazard,120,0.0333950689265039,0,0.0011152306286059464,0.03396541812182758
s44-111-53,u053,2025-06-10,regular,hazard_cal,30,0.006532353835507543,0,4.267164663227011e-05,0.0065537830318644855
s44-111-53,u053,2025-06-10,regular,hazard_cal,60,0.016755101136980532,0,0.0002807334141104463,0.01689705572026952
s44-111-53,u053,2025-06-10,regular,hazard_cal,120,0.057294421694340625,0,0.0032826507572889297,0.059001263226521224
s44-111-58,u058,2025-06-10,new,empirical,30,0.0011634671320535084,0,1.353655767368816e-06,0.0011641444853737134
s44-111-58,u058,2025-06-10,new,empirical,60,0.004072134962187279,0,1.6582283150267994e-05,0.004080448681161805
s44-111-58,u058,2025-06-10,new,empirical,120,0.018615474112856356,0,0.0003465358764464251,0.018790922836881
s44-111-58,u058,2025-06-10,new,hazard,30,0.0009697632601515238,0,9.40440780739712e-07,0.0009702337847648118
s44-111-58,u058,2025-06-10,new,hazard,60,0.002567442445510215,0,6.591760711007474e-06,0.0025707439780729858
s44-111-58,u058,2025-06-10,new,hazard,120,0.009533011024520865,0,9.087829919363636e-05,0.009578741035982528
s44-111-58,u058,2025-06-10,new,hazard_cal,30,0.002059290910019662,0,4.240679052089608e-06,0.002061414164979574
s44-111-58,u058,2025-06-10,new,hazard_cal,60,0.005302798316808133,0,2.8119669988743165e-05,0.005316908054636684
s44-111-58,u058,2025-06-10,new,hazard_cal,120,0.018424253861781037,0,0.00033945313036335344,0.018596094388842282
s44-111-19,u019,2025-06-10,variable,empirical,30,0.0011634671320535084,0,1.353655767368816e-06,0.0011641444853737134
s44-111-19,u019,2025-06-10,variable,empirical,60,0.004072134962187279,0,1.6582283150267994e-05,0.004080448681161805
s44-111-19,u019,2025-06-10,variable,empirical,120,0.018615474112856356,0,0.0003465358764464251,0.018790922836881
s44-111-19,u019,2025-06-10,variable,hazard,30,0.0004786824077321894,0,2.29136847472286e-07,0.00047879701273031576
s44-111-19,u019,2025-06-10,variable,hazard,60,0.001267886326850709,0,1.607535737814983e-06,0.001268690774757176
s44-111-19,u019,2025-06-10,variable,hazard,120,0.004717101398553969,0,2.225104560423981e-05,0.004728262032415066
s44-111-19,u019,2025-06-10,variable,hazard_cal,30,0.0010811283800087335,0,1.1688385740603084e-06,0.0010817132208591233
s44-111-19,u019,2025-06-10,variable,hazard_cal,60,0.002786368111983406,0,7.763847255477971e-06,0.0027902572616929516
s44-111-19,u019,2025-06-10,variable,hazard_cal,120,0.00971504397040257,0,9.438207934685534e-05,0.00976254289653676
s44-111-23,u023,2025-06-10,variable,empirical,30,0.0011634671320535084,0,1.353655767368816e-06,0.0011641444853737134
s44-111-23,u023,2025-06-10,variable,empirical,60,0.004072134962187279,0,1.6582283150267994e-05,0.004080448681161805
s44-111-23,u023,2025-06-10,variable,empirical,120,0.018615474112856356,0,0.0003465358764464251,0.018790922836881
s44-111-23,u023,2025-06-10,variable,hazard,30,0.0010018591103094776,0,1.003721676910098e-06,0.001002361306595901
s44-111-23,u023,2025-06-10,variable,hazard,60,0.002652337037183483,0,7.0348917588152575e-06,0.002655860715096282
s44-111-23,u023,2025-06-10,variable,hazard,120,0.009846945980174882,0,9.696234513648226e-05,0.009895747782827601
s44-111-23,u023,2025-06-10,variable,hazard_cal,30,0.0021213919422902183,0,4.500303772813865e-06,0.0021236452815511374
s44-111-23,u023,2025-06-10,variable,hazard_cal,60,0.005462413690992318,0,2.983796333154032e-05,0.005477387225310997
s44-111-23,u023,2025-06-10,variable,hazard_cal,120,0.018974611536296537,0,0.00036003588295335765,0.019156939564398807
s44-111-29,u029,2025-06-10,regular,empirical,30,0.0011634671320535084,0,1.353655767368816e-06,0.0011641444853737134
s44-111-29,u029,2025-06-10,regular,empirical,60,0.004072134962187279,0,1.6582283150267994e-05,0.004080448681161805
s44-111-29,u029,2025-06-10,regular,empirical,120,0.018615474112856356,0,0.0003465358764464251,0.018790922836881
s44-111-29,u029,2025-06-10,regular,hazard,30,0.0017986613461904444,0,3.2351826382796215e-06,0.0018002808797959432
s44-111-29,u029,2025-06-10,regular,hazard,60,0.004758284454232542,0,2.264127094739108e-05,0.004769641129555337
s44-111-29,u029,2025-06-10,regular,hazard,120,0.017608451107643752,0,0.0003100575504102805,0.017765324138113207
s44-111-29,u029,2025-06-10,regular,hazard_cal,30,0.003617930259080304,0,1.3089419359568877e-05,0.003624490797253121
s44-111-29,u029,2025-06-10,regular,hazard_cal,60,0.00930361746812891,0,8.65572979932734e-05,0.009347166436213342
s44-111-29,u029,2025-06-10,regular,hazard_cal,120,0.03214537143831375,0,0.0010333249049071576,0.03267338008896672
s44-111-42,u042,2025-06-10,regular,empirical,30,0.0011634671320535084,0,1.353655767368816e-06,0.0011641444853737134
s44-111-42,u042,2025-06-10,regular,empirical,60,0.004072134962187279,0,1.6582283150267994e-05,0.004080448681161805
s44-111-42,u042,2025-06-10,regular,empirical,120,0.018615474112856356,0,0.0003465358764464251,0.018790922836881
s44-111-42,u042,2025-06-10,regular,hazard,30,0.004780302511115386,0,2.2851292097776067e-05,0.004791764700240562
s44-111-42,u042,2025-06-10,regular,hazard,60,0.01261115245135258,0,0.0001590411661512562,0.01269134798655746
s44-111-42,u042,2025-06-10,regular,hazard,120,0.04611076769461053,0,0.002126202897386338,0.04720772296954712
s44-111-42,u042,2025-06-10,regular,hazard_cal,30,0.008816918749916747,0,7.773805624263348e-05,0.008856017769616684
s44-111-42,u042,2025-06-10,regular,hazard_cal,60,0.02256942040256571,0,0.0005093787373077494,0.022828007959181353
s44-111-42,u042,2025-06-10,regular,hazard_cal,120,0.07655537470552831,0,0.005860725396303844,0.0796444429224609
s44-111-50,u050,2025-06-10,variable,empirical,30,0.0011634671320535084,0,1.353655767368816e-06,0.0011641444853737134
s44-111-50,u050,2025-06-10,variable,empirical,60,0.004072134962187279,0,1.6582283150267994e-05,0.004080448681161805
s44-111-50,u050,2025-06-10,variable,empirical,120,0.018615474112856356,0,0.0003465358764464251,0.018790922836881
s44-111-50,u050,2025-06-10,variable,hazard,30,0.0014391595684666303,0,2.0711802635090573e-06,0.001440196153258366
s44-111-50,u050,2025-06-10,variable,hazard,60,0.003808507429346908,0,1.4504728839390593e-05,0.003815778260313337
s44-111-50,u050,2025-06-10,variable,hazard,120,0.014114250798866301,0,0.00019921207561329803,0.014214804114461367
s44-111-50,u050,2025-06-10,variable,hazard_cal,30,0.002952113811814039,0,8.714975957903214e-06,0.0029564798946926105
s44-111-50,u050,2025-06-10,variable,hazard_cal,60,0.007595900353350449,0,5.769770217802947e-05,0.007624896130450738
s44-111-50,u050,2025-06-10,variable,hazard_cal,120,0.02630740027897871,0,0.0006920793094384091,0.026659631189580694
s44-111-57,u057,2025-06-10,new,empirical,30,0.0011634671320535084,0,1.353655767368816e-06,0.0011641444853737134
s44-111-57,u057,2025-06-10,new,empirical,60,0.004072134962187279,0,1.6582283150267994e-05,0.004080448681161805
s44-111-57,u057,2025-06-10,new,empirical,120,0.018615474112856356,0,0.0003465358764464251,0.018790922836881
s44-111-57,u057,2025-06-10,new,hazard,30,0.003636963297807494,0,1.3227502029598762e-05,0.0036435931286714534
s44-111-57,u057,2025-06-10,new,hazard,60,0.009605038665877585,0,9.225676777300346e-05,0.009651464570681355
s44-111-57,u057,2025-06-10,new,hazard,120,0.03528135068493243,0,0.0012447737061531822,0.03591877526752593
s44-111-57,u057,2025-06-10,new,hazard_cal,30,0.006873819036217532,0,4.724938814266652e-05,0.006897552552749775
s44-111-57,u057,2025-06-10,new,hazard_cal,60,0.017625638674337973,0,0.0003106631386783185,0.01778281992894027
s44-111-57,u057,2025-06-10,new,hazard_cal,120,0.0601983364807267,0,0.003623839715046791,0.062086422237021384
s44-111-14,u014,2025-06-10,variable,empirical,30,0.0011634671320535084,0,1.353655767368816e-06,0.0011641444853737134
s44-111-14,u014,2025-06-10,variable,empirical,60,0.004072134962187279,0,1.6582283150267994e-05,0.004080448681161805
s44-111-14,u014,2025-06-10,variable,empirical,120,0.018615474112856356,0,0.0003465358764464251,0.018790922836881
s44-111-14,u014,2025-06-10,variable,hazard,30,0.0017337403218128378,0,3.0058555034796823e-06,0.001735244988950803
s44-111-14,u014,2025-06-10,variable,hazard,60,0.004586814838650755,0,2.103887036406675e-05,0.004597366552033177
s44-111-14,u014,2025-06-10,variable,hazard,120,0.01697837425890547,0,0.0002882651924754639,0.017124159340344138
s44-111-14,u014,2025-06-10,variable,hazard_cal,30,0.003498644448395871,0,1.224051297629125e-05,0.0035047790175142934
s44-111-14,u014,2025-06-10,variable,hazard_cal,60,0.00899781505722641,0,8.09606758040503e-05,0.009038539868733394
s44-111-14,u014,2025-06-10,variable,hazard_cal,120,0.03110201069752938,0,0.000967335069429232,0.03159594683074484
s44-111-24,u024,2025-06-10,variable,empirical,30,0.0011634671320535084,0,1.353655767368816e-06,0.0011641444853737134
s44-111-24,u024,2025-06-10,variable,empirical,60,0.004072134962187279,0,1.6582283150267994e-05,0.004080448681161805
s44-111-24,u024,2025-06-10,variable,empirical,120,0.018615474112856356,0,0.0003465358764464251,0.018790922836881
s44-111-24,u024,2025-06-10,variable,hazard,30,0.0010436579246220212,0,1.0892218636263445e-06,0.0010442029147756933
s44-111-24,u024,2025-06-10,variable,hazard,60,0.002762888708777833,0,7.633554017092042e-06,0.002766712530606507
s44-111-24,u024,2025-06-10,variable,hazard,120,0.01025563651874939,0,0.00010517808040470609,0.010308587903499105
s44-111-24,u024,2025-06-10,variable,hazard_cal,30,0.00220200489693112,0,4.848825566108633e-06,0.0022044328746482055
s44-111-24,u024,2025-06-10,variable,hazard_cal,60,0.005669583343583473,0,3.214417528983915e-05,0.0056857164387445125
s44-111-24,u024,2025-06-10,variable,hazard_cal,120,0.01968857160215909,0,0.0003876398517333453,0.01988497372075574
s44-111-32,u032,2025-06-10,regular,empirical,30,0.0011634671320535084,0,1.353655767368816e-06,0.0011641444853737134
s44-111-32,u032,2025-06-10,regular,empirical,60,0.004072134962187279,0,1.6582283150267994e-05,0.004080448681161805
s44-111-32,u032,2025-06-10,regular,empirical,120,0.018615474112856356,0,0.0003465358764464251,0.018790922836881
s44-111-32,u032,2025-06-10,regular,hazard,30,0.007073045454982219,0,5.002797200824462e-05,0.007098178020287325
s44-111-32,u032,2025-06-10,regular,hazard,60,0.018620084657905323,0,0.00034670755266756116,0.018795620848473353
s44-111-32,u032,2025-06-10,regular,hazard,120,0.06745869560040074,0,0.004550675612107527,0.06984183418282348
s44-111-32,u032,2025-06-10,regular,hazard_cal,30,0.012593488389542329,0,0.00015859594981753743,0.0126734584753949
s44-111-32,u032,2025-06-10,regular,hazard_cal,60,0.03212954606591789,0,0.0010323077304019398,0.03265702924189724
s44-111-32,u032,2025-06-10,regular,hazard_cal,120,0.10754570623580861,0,0.011566078929758843,0.11377997810838807
s44-111-36,u036,2025-06-10,variable,empirical,30,0.0011634671320535084,0,1.353655767368816e-06,0.0011641444853737134
s44-111-36,u036,2025-06-10,variable,empirical,60,0.004072134962187279,0,1.6582283150267994e-05,0.004080448681161805
s44-111-36,u036,2025-06-10,variable,empirical,120,0.018615474112856356,0,0.0003465358764464251,0.018790922836881
s44-111-36,u036,2025-06-10,variable,hazard,30,0.0005177202438806372,0,2.6803425092382645e-07,0.0005178543072796531
s44-111-36,u036,2025-06-10,variable,hazard,60,0.001371236200858772,0,1.8802887185455985e-06,0.0013721772055428731
s44-111-36,u036,2025-06-10,variable,hazard,120,0.00510080033474114,0,2.6018164054895327e-05,0.005113853824518317
s44-111-36,u036,2025-06-10,variable,hazard_cal,30,0.0011613313530638436,0,1.3486905116090977e-06,0.0011620062208670047
s44-111-36,u036,2025-06-10,variable,hazard_cal,60,0.0029928622322604737,0,8.957224341291145e-06,0.0029973498004500433
s44-111-36,u036,2025-06-10,variable,hazard_cal,120,0.010432013510881188,0,0.00010882690589120766,0.010486808377494822
s44-111-39,u039,2025-06-10,variable,empirical,30,0.0011634671320535084,0,1.353655767368816e-06,0.0011641444853737134
s44-111-39,u039,2025-06-10,variable,empirical,60,0.004072134962187279,0,1.6582283150267994e-05,0.004080448681161805
s44-111-39,u039,2025-06-10,variable,empirical,120,0.018615474112856356,0,0.0003465358764464251,0.018790922836881
s44-111-39,u039,2025-06-10,variable,hazard,30,0.0007010428393773305,0,4.914610626422296e-07,0.0007012886848141553
s44-111-39,u039,2025-06-10,variable,hazard,60,0.0018564695017628807,0,3.4464790109757187e-06,0.0018581948770033975
s44-111-39,u039,2025-06-10,variable,hazard,120,0.006900660862509622,0,4.7619120339372045e-05,0.006924580527188806
s44-111-39,u039,2025-06-10,variable,hazard_cal,30,0.0015314977228544358,0,2.3454852751083223e-06,0.001532671664237455
s44-111-39,u039,2025-06-10,variable,hazard_cal,60,0.0039455311002171145,0,1.5567215662780476e-05,0.0039533352424694305
s44-111-39,u039,2025-06-10,variable,hazard_cal,120,0.013734436713370157,0,0.00018863475183357003,0.013829626681282722
s44-111-51,u051,2025-06-10,regular,empirical,30,0.0011634671320535084,0,1.353655767368816e-06,0.0011641444853737134
s44-111-51,u051,2025-06-10,regular,empirical,60,0.004072134962187279,0,1.6582283150267994e-05,0.004080448681161805
s44-111-51,u051,2025-06-10,regular,empirical,120,0.018615474112856356,0,0.0003465358764464251,0.018790922836881
s44-111-51,u051,2025-06-10,regular,hazard,30,0.0008793472990343831,0,7.732516723190648e-07,0.0008797341516723839
s44-111-51,u051,2025-06-10,regular,hazard,60,0.0023282620224703843,0,5.420804045277884e-06,0.0023309766388704086
s44-111-51,u051,2025-06-10,regular,hazard,120,0.008648096208351164,0,7.478956802889777e-05,0.008685707996273549
s44-111-51,u051,2025-06-10,regular,hazard_cal,30,0.0018833501174266853,0,3.5470076648111094e-06,0.0018851258511615873
s44-111-51,u051,2025-06-10,regular,hazard_cal,60,0.004850491101315746,0,2.3527263923943237e-05,0.004862292911794682
s44-111-51,u051,2025-06-10,regular,hazard_cal,120,0.016863354005884235,0,0.00028437270832777184,0.01700715934618707
s44-111-46,u046,2025-06-10,regular,empirical,30,0.0011634671320535084,0,1.353655767368816e-06,0.0011641444853737134
s44-111-46,u046,2025-06-10,regular,empirical,60,0.004072134962187279,0,1.6582283150267994e-05,0.004080448681161805
s44-111-46,u046,2025-06-10,regular,empirical,120,0.018615474112856356,0,0.0003465358764464251,0.018790922836881
s44-111-46,u046,2025-06-10,regular,hazard,30,0.0011563629416239118,0,1.3371752527611066e-06,0.0011570320451176853
s44-111-46,u046,2025-06-10,regular,hazard,60,0.0030609340336720248,0,9.369317158491692e-06,0.003065628273871762
s44-111-46,u046,2025-06-10,regular,hazard,120,0.011356767543436841,0,0.00012897616903566046,0.011421748075602572
s44-111-46,u046,2025-06-10,regular,hazard_cal,30,0.0024179813821918472,0,5.846633964626396e-06,0.0024209094200871983
s44-111-46,u046,2025-06-10,regular,hazard_cal,60,0.006224482782155705,0,3.874418590535282e-05,0.006243935639770866
s44-111-46,u046,2025-06-10,regular,hazard_cal,120,0.021598863286594883,0,0.0004665108952730163,0.021835532801381324
s44-111-26,u026,2025-06-10,regular,empirical,30,0.0011634671320535084,0,1.353655767368816e-06,0.0011641444853737134
s44-111-26,u026,2025-06-10,regular,empirical,60,0.004072134962187279,0,1.6582283150267994e-05,0.004080448681161805
s44-111-26,u026,2025-06-10,regular,empirical,120,0.018615474112856356,0,0.0003465358764464251,0.018790922836881
s44-111-26,u026,2025-06-10,regular,hazard,30,0.006320025485676117,0,3.9942722139595644e-05,0.006340081393969107
s44-111-26,u026,2025-06-10,regular,hazard,60,0.016649361796797102,0,0.0002772012482406468,0.01678952029847855
s44-111-26,u026,2025-06-10,regular,hazard,120,0.060500973620205345,0,0.0036603678089927832,0.062408496446562586
s44-111-26,u026,2025-06-10,regular,hazard_cal,30,0.011367869850242962,0,0.00012922846493206293,0.011432977980163364
s44-111-26,u026,2025-06-10,regular,hazard_cal,60,0.02903398669593682,0,0.0008429723834598363,0.029463813049975435
s44-111-26,u026,2025-06-10,regular,hazard_cal,120,0.09760269868594185,0,0.009526286790778755,0.10270038880790948
s44-111-33,u033,2025-06-10,variable,empirical,30,0.0011634671320535084,0,1.353655767368816e-06,0.0011641444853737134
s44-111-33,u033,2025-06-10,variable,empirical,60,0.004072134962187279,0,1.6582283150267994e-05,0.004080448681161805
s44-111-33,u033,2025-06-10,variable,empirical,120,0.018615474112856356,0,0.0003465358764464251,0.018790922836881
s44-111-33,u033,2025-06-10,variable,hazard,30,0.00041132560794243656,0,1.6918875574921502e-07,0.0004114102255246923
s44-111-33,u033,2025-06-10,variable,hazard,60,0.0010895464195250781,0,1.1871114002999175e-06,0.0010901404067155025
s44-111-33,u033,2025-06-10,variable,hazard,120,0.004054706509829531,0,1.6440644880853977e-05,0.00406294912072687
s44-111-33,u033,2025-06-10,variable,hazard_cal,30,0.0009413600900651797,0,8.861588191675233e-07,0.0009418034477360794
s44-111-33,u033,2025-06-10,variable,hazard_cal,60,0.002426444797939631,0,5.887634357448296e-06,0.002429393385807857
s44-111-33,u033,2025-06-10,variable,hazard_cal,120,0.008464364198178642,0,7.164546127940837e-05,0.008500390365263562
s44-111-45,u045,2025-06-10,variable,empirical,30,0.0011634671320535084,0,1.353655767368816e-06,0.0011641444853737134
s44-111-45,u045,2025-06-10,variable,empirical,60,0.004072134962187279,0,1.6582283150267994e-05,0.004080448681161805
s44-111-45,u045,2025-06-10,variable,empirical,120,0.018615474112856356,0,0.0003465358764464251,0.018790922836881
s44-111-45,u045,2025-06-10,variable,hazard,30,0.0011077985715650662,0,1.2272176751616011e-06,0.0011084126339494928
s44-111-45,u045,2025-06-10,variable,hazard,60,0.002932514536255759,0,8.59964150535133e-06,0.0029368227817316143
s44-111-45,u045,2025-06-10,variable,hazard,120,0.01088244423460305,0,0.00011842759251924517,0.010942091161831712
s44-111-45,u045,2025-06-10,variable,hazard_cal,30,0.0023251567865183453,0,5.406354081892318e-06,0.0023278641610870376
s44-111-45,u045,2025-06-10,variable,hazard_cal,60,0.005986018270575211,0,3.5832414735660235e-05,0.006004006298308161
s44-111-45,u045,2025-06-10,variable,hazard_cal,120,0.020778290537149746,0,0.00043173735764620667,0.020997196858268865
s44-111-55,u055,2025-06-10,new,empirical,30,0.0011634671320535084,0,1.353655767368816e-06,0.0011641444853737134
s44-111-55,u055,2025-06-10,new,empirical,60,0.004072134962187279,0,1.6582283150267994e-05,0.004080448681161805
s44-111-55,u055,2025-06-10,new,empirical,120,0.018615474112856356,0,0.0003465358764464251,0.018790922836881
s44-111-55,u055,2025-06-10,new,hazard,30,0.0011631729494994136,0,1.3529713104471655e-06,0.0011638499601925728
s44-111-55,u055,2025-06-10,new,hazard,60,0.0030789409147132796,0,9.479877156295447e-06,0.0030836906051411412
s44-111-55,u055,2025-06-10,new,hazard,120,0.011423261824576203,0,0.00013049091071282005,0.011489008453458432
s44-111-55,u055,2025-06-10,new,hazard_cal,30,0.0024309699722375733,0,5.909615005920748e-06,0.0024339295771873106
s44-111-55,u055,2025-06-10,new,hazard_cal,60,0.006257847096773239,0,3.9160650286593255e-05,0.006277509494355652
s44-111-55,u055,2025-06-10,new,hazard_cal,120,0.02171362857574799,0,0.0004714816659255397,0.021952838491541265
s44-112-30,u030,2025-06-11,variable,empirical,30,0.0011634671320535084,0,1.353655767368816e-06,0.0011641444853737134
s44-112-30,u030,2025-06-11,variable,empirical,60,0.004072134962187279,0,1.6582283150267994e-05,0.004080448681161805
s44-112-30,u030,2025-06-11,variable,empirical,120,0.018615474112856356,0,0.0003465358764464251,0.018790922836881
s44-112-30,u030,2025-06-11,variable,hazard,30,0.0017532682800296406,0,3.0739496617580944e-06,0.001754807053712275
s44-112-30,u030,2025-06-11,variable,hazard,60,0.004638394318078998,0,2.151470184998753e-05,0.004649185049712601
s44-112-30,u030,2025-06-11,variable,hazard,120,0.01716794152818002,0,0.0002947382163150081,0.01731701933942187
s44-112-30,u030,2025-06-11,variable,hazard_cal,30,0.003534566297025088,0,1.2493158908065643e-05,0.0035408276349090093
s44-112-30,u030,2025-06-11,variable,hazard_cal,60,0.009089911471340861,0,8.262649055681418e-05,0.009131476791737989
s44-112-30,u030,2025-06-11,variable,hazard_cal,120,0.03141632649781212,0,0.000986985570617132,0.031920404924025744
s44-112-19,u019,2025-06-11,variable,empirical,30,0.0011634671320535084,0,1.353655767368816e-06,0.0011641444853737134
s44-112-19,u019,2025-06-11,variable,empirical,60,0.004072134962187279,0,1.6582283150267994e-05,0.004080448681161805
s44-112-19,u019,2025-06-11,variable,empirical,120,0.018615474112856356,0,0.0003465358764464251,0.018790922836881
s44-112-19,u019,2025-06-11,variable,hazard,30,0.0006736245576243194,0,4.5377004463456e-07,0.0006738515445883564
s44-112-19,u019,2025-06-11,variable,hazard,60,0.001783907041583488,0,3.182324333011152e-06,0.0017855000986090044
s44-112-19,u019,2025-06-11,variable,hazard,120,0.006631677727969798,0,4.3979149487650665e-05,0.006653765007350015
s44-112-19,u019,2025-06-11,variable,hazard_cal,30,0.001476735869274881,0,2.1807488276030387e-06,0.0014778273183423437
s44-112-19,u019,2025-06-11,variable,hazard_cal,60,0.003804633846554828,0,1.4475238706350586e-05,0.003811889876112123
s44-112-19,u019,2025-06-11,variable,hazard_cal,120,0.013246570009943004,0,0.00017547161702832138,0.013335088397533125
s44-112-56,u056,2025-06-11,new,empirical,30,0.0011634671320535084,0,1.353655767368816e-06,0.0011641444853737134
s44-112-56,u056,2025-06-11,new,empirical,60,0.004072134962187279,0,1.6582283150267994e-05,0.004080448681161805
s44-112-56,u056,2025-06-11,new,empirical,120,0.018615474112856356,0,0.0003465358764464251,0.018790922836881
s44-112-56,u056,2025-06-11,new,hazard,30,0.005106952876887227,0,2.608096768674673e-05,0.005120037929573543
s44-112-56,u056,2025-06-11,new,hazard,60,0.013468821141703557,0,0.00018140914294720073,0.013560348485919518
s44-112-56,u056,2025-06-11,new,hazard,120,0.04918211355933233,0,0.002418880294163061,0.05043273168243601
s44-112-56,u056,2025-06-11,new,hazard_cal,30,0.00936375973262793,0,8.767999633038428e-05,0.009407875338722121
s44-112-56,u056,2025-06-11,new,hazard_cal,60,0.02395767324353637,0,0.0005739701072440585,0.024249325931046922
s44-112-56,u056,2025-06-11,new,hazard_cal,120,0.08110771322582855,0,0.006578461144723243,0.08458637048792272
s44-112-34,u034,2025-06-11,variable,empirical,30,0.0011634671320535084,0,1.353655767368816e-06,0.0011641444853737134
s44-112-34,u034,2025-06-11,variable,empirical,60,0.004072134962187279,0,1.6582283150267994e-05,0.004080448681161805
s44-112-34,u034,2025-06-11,variable,empirical,120,0.018615474112856356,0,0.0003465358764464251,0.018790922836881
s44-112-34,u034,2025-06-11,variable,hazard,30,0.0006532906078465794,0,4.267886183005532e-07,0.0006535040951402893
s44-112-34,u034,2025-06-11,variable,hazard,60,0.0017300908752831967,0,2.9932144367381776e-06,0.001731589210922165
s44-112-34,u034,2025-06-11,variable,hazard,120,0.0064321468652790426,0,4.1372513296519014e-05,0.006452922256756249
s44-112-34,u034,2025-06-11,variable,hazard_cal,30,0.0014359971734684285,0,2.062087882209316e-06,0.0014370292055245976
s44-112-34,u034,2025-06-11,variable,hazard_cal,60,0.003699808083264422,0,1.3688579852988757e-05,0.0037066693018804314
s44-112-34,u034,2025-06-11,variable,hazard_cal,120,0.012883478893055411,0,0.00016598402838780428,0.012967190683926282
s44-112-47,u047,2025-06-11,regular,empirical,30,0.0011634671320535084,0,1.353655767368816e-06,0.0011641444853737134
s44-112-47,u047,2025-06-11,regular,empirical,60,0.004072134962187279,0,1.6582283150267994e-05,0.004080448681161805
s44-112-47,u047,2025-06-11,regular,empirical,120,0.018615474112856356,0,0.0003465358764464251,0.018790922836881
s44-112-47,u047,2025-06-11,regular,hazard,30,0.0047569565069481845,0,2.2628635208996673e-05,0.00476830683420007
s44-112-47,u047,2025-06-11,regular,hazard,60,0.012549834112700275,0,0.00015749833625629552,0.012629248404510693
s44-112-47,u047,2025-06-11,regular,hazard,120,0.04589087261235103,0,0.00210597218912303,0.046977224780577545
s44-112-47,u047,2025-06-11,regular,hazard_cal,30,0.008777706249273542,0,7.70481269985358e-05,0.008816457242649992
s44-112-47,u047,2025-06-11,regular,hazard_cal,60,0.022469820879832292,0,0.0005048928503717473,0.02272611381897884
s44-112-47,u047,2025-06-11,regular,hazard_cal,120,0.07622808330717312,0,0.005810720684685326,0.07929008121733241
s44-112-10,u010,2025-06-11,variable,empirical,30,0.0011634671320535084,0,1.353655767368816e-06,0.0011641444853737134
s44-112-10,u010,2025-06-11,variable,empirical,60,0.004072134962187279,0,1.6582283150267994e-05,0.004080448681161805
s44-112-10,u010,2025-06-11,variable,empirical,120,0.018615474112856356,0,0.0003465358764464251,0.018790922836881
s44-112-10,u010,2025-06-11,variable,hazard,30,0.0008393189000379664,0,7.044562159609418e-07,0.0008396713253579003
s44-112-10,u010,2025-06-11,variable,hazard,60,0.002222360713467153,0,4.938887140762234e-06,0.002224833821809464
s44-112-10,u010,2025-06-11,variable,hazard,120,0.008256077015043273,0,6.816280767832583e-05,0.008290347173946092
s44-112-10,u010,2025-06-11,variable,hazard_cal,30,0.0018049573074071512,0,3.2578708815624734e-06,0.0018065882056111518
s44-112-10,u010,2025-06-11,variable,hazard_cal,60,0.00464891432378578,0,2.1612404389900596e-05,0.00465975413459617
s44-112-10,u010,2025-06-11,variable,hazard_cal,120,0.016167082557927648,0,0.00026137455843484837,0.016299195694912363
s44-112-22,u022,2025-06-11,regular,empirical,30,0.0011634671320535084,0,1.353655767368816e-06,0.0011641444853737134
s44-112-22,u022,2025-06-11,regular,empirical,60,0.004072134962187279,0,1.6582283150267994e-05,0.004080448681161805
s44-112-22,u022,2025-06-11,regular,empirical,120,0.018615474112856356,0,0.0003465358764464251,0.018790922836881
s44-112-22,u022,2025-06-11,regular,hazard,30,0.001288599709575844,0,1.6604892115189493e-06,0.0012894306681069262
s44-112-22,u022,2025-06-11,regular,hazard,60,0.003410551031864606,0,1.1631858340952728e-05,0.003416380218634823
s44-112-22,u022,2025-06-11,regular,hazard,120,0.012647145949651328,0,0.000159950300671782,0.012727801866346993
s44-112-22,u022,2025-06-11,regular,hazard_cal,30,0.002669033149140243,0,7.1237379512094825e-06,0.0026726013686608208
s44-112-22,u022,2025-06-11,regular,hazard_cal,60,0.006869234307791405,0,4.7186379975338464e-05,0.006892936102260976
s44-112-22,u022,2025-06-11,regular,hazard_cal,120,0.02381476074611988,0,0.0005671428293949323,0.024102916260207326
s44-112-3,u003,2025-06-11,variable,empirical,30,0.0011634671320535084,0,1.353655767368816e-06,0.0011641444853737134
s44-112-3,u003,2025-06-11,variable,empirical,60,0.004072134962187279,0,1.6582283150267994e-05,0.004080448681161805
s44-112-3,u003,2025-06-11,variable,empirical,120,0.018615474112856356,0,0.0003465358764464251,0.018790922836881
s44-112-3,u003,2025-06-11,variable,hazard,30,0.0007372479869338644,0,5.435345942380355e-07,0.0007375198878781463
s44-112-3,u003,2025-06-11,variable,hazard,60,0.001952280737592904,0,3.8114000783762937e-06,0.0019541889215771184
s44-112-3,u003,2025-06-11,variable,hazard,120,0.0072557335067163775,0,5.264566872048674e-05,0.007282184365662156
s44-112-3,u003,2025-06-11,variable,hazard_cal,30,0.0016035227359738613,0,2.5712851647850977e-06,0.0016048097545826613
s44-112-3,u003,2025-06-11,variable,hazard_cal,60,0.004130824198774752,0,1.706370856118307e-05,0.004139379621816015
s44-112-3,u003,2025-06-11,variable,hazard_cal,120,0.014375735127610922,0,0.00020666176045922661,0.014480067114305441
s44-112-6,u006,2025-06-11,variable,empirical,30,0.0011634671320535084,0,1.353655767368816e-06,0.0011641444853737134
s44-112-6,u006,2025-06-11,variable,empirical,60,0.004072134962187279,0,1.6582283150267994e-05,0.004080448681161805
s44-112-6,u006,2025-06-11,variable,empirical,120,0.018615474112856356,0,0.0003465358764464251,0.018790922836881
s44-112-6,u006,2025-06-11,variable,hazard,30,0.000591898345130959,0,3.503436509687678e-07,0.0005920735861097521
s44-112-6,u006,2025-06-11,variable,hazard,60,0.0015675967780307554,0,2.457359658492405e-06,0.0015688267434212457
s44-112-6,u006,2025-06-11,variable,hazard,120,0.005829477450788767,0,3.39828073492547e-05,0.005846535178527232
s44-112-6,u006,2025-06-11,variable,hazard_cal,30,0.0013123062891833293,0,1.7221477966301198e-06,0.0013131681171523334
s44-112-6,u006,2025-06-11,variable,hazard_cal,60,0.003381489869437093,0,1.1434473737105689e-05,0.003387220027600152
s44-112-6,u006,2025-06-11,variable,hazard_cal,120,0.011780250202720444,0,0.00013877429483869505,0.011850187142511154
s44-112-11,u011,2025-06-11,variable,empirical,30,0.0011634671320535084,0,1.353655767368816e-06,0.0011641444853737134
s44-112-11,u011,2025-06-11,variable,empirical,60,0.004072134962187279,0,1.6582283150267994e-05,0.004080448681161805
s44-112-11,u011,2025-06-11,variable,empirical,120,0.018615474112856356,0,0.0003465358764464251,0.018790922836881
s44-112-11,u011,2025-06-11,variable,hazard,30,0.0006046469380165398,0,3.6559791965277734e-07,0.0006048298106956854
s44-112-11,u011,2025-06-11,variable,hazard,60,0.0016013414962852135,0,2.5642945877249663e-06,0.0016026250139955305
s44-112-11,u011,2025-06-11,variable,hazard,120,0.005954656950382109,0,3.545793939673396e-05,0.005972456615856719
s44-112-11,u011,2025-06-11,variable,hazard_cal,30,0.0013380807110234816,0,1.790459989213106e-06,0.0013389767404137088
s44-112-11,u011,2025-06-11,variable,hazard_cal,60,0.0034478260054537913,0,1.1887504163883447e-05,0.003453783454976979
s44-112-11,u011,2025-06-11,variable,hazard_cal,120,0.012010239128277145,0,0.00014424584391839934,0.012082944778129625
s44-112-25,u025,2025-06-11,variable,empirical,30,0.0011634671320535084,0,1.353655767368816e-06,0.0011641444853737134
s44-112-25,u025,2025-06-11,variable,empirical,60,0.004072134962187279,0,1.6582283150267994e-05,0.004080448681161805
s44-112-25,u025,2025-06-11,variable,empirical,120,0.018615474112856356,0,0.0003465358764464251,0.018790922836881
s44-112-25,u025,2025-06-11,variable,hazard,30,0.000825306485631061,0,6.811307952246927e-07,0.000825647238525289
s44-112-25,u025,2025-06-11,variable,hazard,60,0.0021852868484755206,0,4.775478610120072e-06,0.0021876780720887323
s44-112-25,u025,2025-06-11,variable,hazard,120,0.008118809040663533,0,6.591506023875991e-05,0.008151946048013677
s44-112-25,u025,2025-06-11,variable,hazard_cal,30,0.0017774378773466326,0,3.159285407826503e-06,0.0017790193943605535
s44-112-25,u025,2025-06-11,variable,hazard_cal,60,0.004578145135346268,0,2.0959412880294695e-05,0.004588656937092475
s44-112-25,u025,2025-06-11,variable,hazard_cal,120,0.015922543938090783,0,0.00025352740546043153,0.01605066951771648
s44-112-28,u028,2025-06-11,variable,empirical,30,0.0011634671320535084,0,1.353655767368816e-06,0.0011641444853737134
s44-112-28,u028,2025-06-11,variable,empirical,60,0.004072134962187279,0,1.6582283150267994e-05,0.004080448681161805
s44-112-28,u028,2025-06-11,variable,empirical,120,0.018615474112856356,0,0.0003465358764464251,0.018790922836881
s44-112-28,u028,2025-06-11,variable,hazard,30,0.002009407027787513,0,4.037716603321848e-06,0.0020114285946435653
s44-112-28,u028,2025-06-11,variable,hazard,60,0.005314764137109296,0,2.8246717833103116e-05,0.005328937737894637
s44-112-28,u028,2025-06-11,variable,hazard,120,0.019650986417452332,0,0.000386161267178896,0.019846634410279933
s44-112-28,u028,2025-06-11,variable,hazard_cal,30,0.004002584083425242,0,1.602067934488909e-05,0.0040106158621747625
s44-112-28,u028,2025-06-11,variable,hazard_cal,60,0.010289282107274977,0,0.00010586932628308899,0.010342582702214593
s44-112-28,u028,2025-06-11,variable,hazard_cal,120,0.03550226515333188,0,0.0012604108310174831,0.03614779516511613
s44-112-43,u043,2025-06-11,regular,empirical,30,0.0011634671320535084,0,1.353655767368816e-06,0.0011641444853737134
s44-112-43,u043,2025-06-11,regular,empirical,60,0.004072134962187279,0,1.6582283150267994e-05,0.004080448681161805
s44-112-43,u043,2025-06-11,regular,empirical,120,0.018615474112856356,0,0.0003465358764464251,0.018790922836881
s44-112-43,u043,2025-06-11,regular,hazard,30,0.0010962741632120077,0,1.2018170409261876e-06,0.0010968755112675357
s44-112-43,u043,2025-06-11,regular,hazard,60,0.0029020386692558686,0,8.421828437856373e-06,0.0029062577480717926
s44-112-43,u043,2025-06-11,regular,hazard,120,0.010769852740325603,0,0.0001159897280482989,0.010828267394425361
s44-112-43,u043,2025-06-11,regular,hazard_cal,30,0.002303077074666593,0,5.3041640118548315e-06,0.002305733235685222
s44-112-43,u043,2025-06-11,regular,hazard_cal,60,0.005929290193827708,0,3.515648220262141e-05,0.005946938229724944
s44-112-43,u043,2025-06-11,regular,hazard_cal,120,0.02058300479602526,0,0.00042366008643319894,0.020797787195520653
s44-112-27,u027,2025-06-11,regular,empirical,30,0.0011634671320535084,0,1.353655767368816e-06,0.0011641444853737134
s44-112-27,u027,2025-06-11,regular,empirical,60,0.004072134962187279,0,1.6582283150267994e-05,0.004080448681161805
s44-112-27,u027,2025-06-11,regular,empirical,120,0.018615474112856356,0,0.0003465358764464251,0.018790922836881
s44-112-27,u027,2025-06-11,regular,hazard,30,0.001635587709539199,0,2.6751471555956836e-06,0.0016369267433877137
s44-112-27,u027,2025-06-11,regular,hazard,60,0.004327534586353821,0,1.8727555596088534e-05,0.004336925466851703
s44-112-27,u027,2025-06-11,regular,hazard,120,0.016025000023065172,0,0.00025680062573923875,0.01615478878014017
s44-112-27,u027,2025-06-11,regular,hazard_cal,30,0.003317536609543037,0,1.100604915565831e-05,0.0033230518354750746
s44-112-27,u027,2025-06-11,regular,hazard_cal,60,0.008533402024268222,0,7.281895010778499e-05,0.008570019965212079
s44-112-27,u027,2025-06-11,regular,hazard_cal,120,0.02951578058365778,0,0.0008711813034626297,0.02996013676663973
s44-112-5,u005,2025-06-11,regular,empirical,30,0.0011634671320535084,0,1.353655767368816e-06,0.0011641444853737134
s44-112-5,u005,2025-06-11,regular,empirical,60,0.004072134962187279,0,1.6582283150267994e-05,0.004080448681161805
s44-112-5,u005,2025-06-11,regular,empirical,120,0.018615474112856356,0,0.0003465358764464251,0.018790922836881
s44-112-5,u005,2025-06-11,regular,hazard,30,0.004871949781940499,0,2.3735894677750073e-05,0.004883856417374383
s44-112-5,u005,2025-06-11,regular,hazard,60,0.012851838488166512,0,0.00016516975252591808,0.01293513783390048
s44-112-5,u005,2025-06-11,regular,hazard,120,0.04697349510612503,0,0.002206509242485152,0.04811256365395389
s44-112-5,u005,2025-06-11,regular,hazard_cal,30,0.00897068214311647,0,8.047313811282871e-05,0.009011160975841622
s44-112-5,u005,2025-06-11,regular,hazard_cal,60,0.022959911844259717,0,0.0005271575518961776,0.023227595891947558
s44-112-5,u005,2025-06-11,regular,hazard_cal,120,0.07783767176107292,0,0.00605870314518453,0.08103400992579447
s44-112-53,u053,2025-06-11,regular,empirical,30,0.0011634671320535084,0,1.353655767368816e-06,0.0011641444853737134
s44-112-53,u053,2025-06-11,regular,empirical,60,0.004072134962187279,0,1.6582283150267994e-05,0.004080448681161805
s44-112-53,u053,2025-06-11,regular,empirical,120,0.018615474112856356,0,0.0003465358764464251,0.018790922836881
s44-112-53,u053,2025-06-11,regular,hazard,30,0.004800295841924429,0,2.3042840169996963e-05,0.004811854266080979
s44-112-53,u053,2025-06-11,regular,hazard,60,0.012663662867741898,0,0.00016036835722782496,0.012744530491960285
s44-112-53,u053,2025-06-11,regular,hazard,120,0.04629904340619451,0,0.002143601420328683,0.04740511936348011
s44-112-53,u053,2025-06-11,regular,hazard_cal,30,0.008850486009886693,0,7.833110261120009e-05,0.008889884195516912
s44-112-53,u053,2025-06-11,regular,hazard_cal,60,0.022654675556820325,0,0.0005132343245847923,0.022915235506986136
s44-112-53,u053,2025-06-11,regular,hazard_cal,120,0.07683545641147749,0,0.005903687361960057,0.07994778995746597
s44-112-59,u059,2025-06-11,new,empirical,30,0.0011634671320535084,0,1.353655767368816e-06,0.0011641444853737134
s44-112-59,u059,2025-06-11,new,empirical,60,0.004072134962187279,0,1.6582283150267994e-05,0.004080448681161805
s44-112-59,u059,2025-06-11,new,empirical,120,0.018615474112856356,0,0.0003465358764464251,0.018790922836881
s44-112-59,u059,2025-06-11,new,hazard,30,0.001354580865583488,0,1.8348893214049113e-06,0.0013554991395887967
s44-112-59,u059,2025-06-11,new,hazard,60,0.0035849646188544915,0,1.2851971318438529e-05,0.003591406003879938
s44-112-59,u059,2025-06-11,new,hazard,120,0.013290359443973943,0,0.00017663365415002737,0.013379466663021526
s44-112-59,u059,2025-06-11,new,hazard_cal,30,0.002793432140225094,0,7.80326312204255e-06,0.0027973410530049434
s44-112-59,u059,2025-06-11,new,hazard_cal,60,0.007188610292859554,0,5.167611794260632e-05,0.007214572849789726
s44-112-59,u059,2025-06-11,new,hazard_cal,120,0.024910921242776052,0,0.0006205539971637911,0.02522644932969685
s44-112-9,u009,2025-06-11,variable,empirical,30,0.0011634671320535084,0,1.353655767368816e-06,0.0011641444853737134
s44-112-9,u009,2025-06-11,variable,empirical,60,0.004072134962187279,0,1.6582283150267994e-05,0.004080448681161805
s44-112-9,u009,2025-06-11,variable,empirical,120,0.018615474112856356,0,0.0003465358764464251,0.018790922836881
s44-112-9,u009,2025-06-11,variable,hazard,30,0.000537568350533757,0,2.8897973149558417e-07,0.0005377128922025102
s44-112-9,u009,2025-06-11,variable,hazard,60,0.0014237797697758126,0,2.027148832822866e-06,0.001424794307291895
s44-112-9,u009,2025-06-11,variable,hazard,120,0.005295828025374427,0,2.8045794474341204e-05,0.0053099006286581665
s44-112-9,u009,2025-06-11,variable,hazard_cal,30,0.0012019037818403744,0,1.4445727008021942e-06,0.0012026266474587726
s44-112-9,u009,2025-06-11,variable,hazard_cal,60,0.0030973106941238893,0,9.593333535934209e-06,0.003102117288468544
s44-112-9,u009,2025-06-11,variable,hazard_cal,120,0.010794512397258926,0,0.00011652149789457665,0.010853195834350389
s44-112-45,u045,2025-06-11,variable,empirical,30,0.0011634671320535084,0,1.353655767368816e-06,0.0011641444853737134
s44-112-45,u045,2025-06-11,variable,empirical,60,0.004072134962187279,0,1.6582283150267994e-05,0.004080448681161805
s44-112-45,u045,2025-06-11,variable,empirical,120,0.018615474112856356,1,0.9631155876507337,3.9837621025831202
s44-112-45,u045,2025-06-11,variable,hazard,30,0.0010664945434208928,0,1.1374106111465386e-06,0.0010670636533975713
s44-112-45,u045,2025-06-11,variable,hazard,60,0.0028232845586448896,0,7.970935699082669e-06,0.0028272775438209045
s44-112-45,u045,2025-06-11,variable,hazard,120,0.010478850976685883,1,0.9791521043644198,4.558396245729314
s44-112-45,u045,2025-06-11,variable,hazard_cal,30,0.0022459264599529183,0,5.044185663516648e-06,0.002248452335447096
s44-112-45,u045,2025-06-11,variable,hazard_cal,60,0.005782446303525091,0,3.3436685253150985e-05,0.005799229375566224
s44-112-45,u045,2025-06-11,variable,hazard_cal,120,0.02007735260532728,1,0.9602483948769841,3.9081628352147564
s44-112-2,u002,2025-06-11,regular,empirical,30,0.0011634671320535084,0,1.353655767368816e-06,0.0011641444853737134
s44-112-2,u002,2025-06-11,regular,empirical,60,0.004072134962187279,0,1.6582283150267994e-05,0.004080448681161805
s44-112-2,u002,2025-06-11,regular,empirical,120,0.018615474112856356,0,0.0003465358764464251,0.018790922836881
s44-112-2,u002,2025-06-11,regular,hazard,30,0.0005590289425894124,0,3.1251335865263655e-07,0.0005591852575278365
s44-112-2,u002,2025-06-11,regular,hazard,60,0.0014805898672275442,0,2.192146354936877e-06,0.0014816870234977072
s44-112-2,u002,2025-06-11,regular,hazard,120,0.0055066565343908636,0,3.0323266187749595e-05,0.0055218740583144995
s44-112-2,u002,2025-06-11,regular,hazard_cal,30,0.0012456249985135504,0,1.5515816369218823e-06,0.0012464014341640878
s44-112-2,u002,2025-06-11,regular,hazard_cal,60,0.003209856949404233,0,1.0303181635638648e-05,0.0032150195907423296
s44-112-2,u002,2025-06-11,regular,hazard_cal,120,0.011184997259107377,0,0.00012510416368623952,0.01124801971896364
s44-112-29,u029,2025-06-11,regular,empirical,30,0.0011634671320535084,0,1.353655767368816e-06,0.0011641444853737134
s44-112-29,u029,2025-06-11,regular,empirical,60,0.004072134962187279,0,1.6582283150267994e-05,0.004080448681161805
s44-112-29,u029,2025-06-11,regular,empirical,120,0.018615474112856356,0,0.0003465358764464251,0.018790922836881
s44-112-29,u029,2025-06-11,regular,hazard,30,0.0014229086402076652,0,2.0246689983776266e-06,0.0014239219360391803
s44-112-29,u029,2025-06-11,regular,hazard,60,0.0037655587011726777,0,1.4179432331977263e-05,0.003772666265582901
s44-112-29,u029,2025-06-11,regular,hazard,120,0.013956002517345412,0,0.00019477000626415148,0.014054303181680439
s44-112-29,u029,2025-06-11,regular,hazard_cal,30,0.002921690482914574,0,8.536275277953597e-06,0.0029259669522646464
s44-112-29,u029,2025-06-11,regular,hazard_cal,60,0.007517821274673042,0,5.651763671792661e-05,0.007546222526256425
s44-112-29,u029,2025-06-11,regular,hazard_cal,120,0.026039813089108965,0,0.0006780718657157306,0.026384852036550922
s44-112-24,u024,2025-06-11,variable,empirical,30,0.0011634671320535084,0,1.353655767368816e-06,0.0011641444853737134
s44-112-24,u024,2025-06-11,variable,empirical,60,0.004072134962187279,0,1.6582283150267994e-05,0.004080448681161805
s44-112-24,u024,2025-06-11,variable,empirical,120,0.018615474112856356,0,0.0003465358764464251,0.018790922836881
s44-112-24,u024,2025-06-11,variable,hazard,30,0.0014577658567480611,0,2.1250812931004086e-06,0.0014588294311485728
s44-112-24,u024,2025-06-11,variable,hazard,60,0.003857679423884375,0,1.4881690537460882e-05,0.0038651394609544956
s44-112-24,u024,2025-06-11,variable,hazard,120,0.01429540359077175,0,0.00020435856382304982,0.014398567230180159
s44-112-24,u024,2025-06-11,variable,hazard_cal,30,0.0029869092042412726,0,8.921626594381233e-06,0.0029913789201811833
s44-112-24,u024,2025-06-11,variable,hazard_cal,60,0.007685194855522215,0,5.906221996734512e-05,0.007714878144544983
s44-112-24,u024,2025-06-11,variable,hazard_cal,120,0.02661335255965447,0,0.000708270534464467,0.026973899120523823
s44-112-50,u050,2025-06-11,variable,empirical,30,0.0011634671320535084,0,1.353655767368816e-06,0.0011641444853737134
s44-112-50,u050,2025-06-11,variable,empirical,60,0.004072134962187279,0,1.6582283150267994e-05,0.004080448681161805
s44-112-50,u050,2025-06-11,variable,empirical,120,0.018615474112856356,0,0.0003465358764464251,0.018790922836881
s44-112-50,u050,2025-06-11,variable,hazard,30,0.0009399607823991074,0,8.835262724483422e-07,0.0009404028225573152
s44-112-50,u050,2025-06-11,variable,hazard,60,0.002488609370955852,0,6.193176601209282e-06,0.0024917111063302213
s44-112-50,u050,2025-06-11,variable,hazard,120,0.009241417862815737,0,8.540380411516979e-05,0.00928438468599174
s44-112-50,u050,2025-06-11,variable,hazard_cal,30,0.00200146478901142,0,4.005861301652528e-06,0.002003470396210527
s44-112-50,u050,2025-06-11,variable,hazard_cal,60,0.005154154843691305,0,2.6565312152746543e-05,0.005167483317504678
s44-112-50,u050,2025-06-11,variable,hazard_cal,120,0.017911506834819235,0,0.0003208220770937762,0.018073859448313825
s44-112-12,u012,2025-06-11,variable,empirical,30,0.0011634671320535084,0,1.353655767368816e-06,0.0011641444853737134
s44-112-12,u012,2025-06-11,variable,empirical,60,0.004072134962187279,0,1.6582283150267994e-05,0.004080448681161805
s44-112-12,u012,2025-06-11,variable,empirical,120,0.018615474112856356,0,0.0003465358764464251,0.018790922836881
s44-112-12,u012,2025-06-11,variable,hazard,30,0.00041007320700015004,0,1.681600350993879e-07,0.0004101573100107465
s44-112-12,u012,2025-06-11,variable,hazard,60,0.0010862302392962153,0,1.1798961327615132e-06,0.0010868206149238903
s44-112-12,u012,2025-06-11,variable,hazard,120,0.00404238602915008,0,1.6340884808667753e-05,0.004050578557248641
s44-112-12,u012,2025-06-11,variable,hazard_cal,30,0.0009387432356474656,0,8.812388624738732e-07,0.0009391841310253344
s44-112-12,u012,2025-06-11,variable,hazard_cal,60,0.002419705179252496,0,5.854973154501353e-06,0.0024226373968528362
s44-112-12,u012,2025-06-11,variable,hazard_cal,120,0.008440933051397925,0,7.124935077818189e-05,0.008476759474868555
s44-113-51,u051,2025-06-12,regular,empirical,30,0.0011634671320535084,0,1.353655767368816e-06,0.0011641444853737134
s44-113-51,u051,2025-06-12,regular,empirical,60,0.004072134962187279,0,1.6582283150267994e-05,0.004080448681161805
s44-113-51,u051,2025-06-12,regular,empirical,120,0.018615474112856356,0,0.0003465358764464251,0.018790922836881
s44-113-51,u051,2025-06-12,regular,hazard,30,0.0005602685111648631,0,3.139008046028923e-07,0.0005604255202147212
s44-113-51,u051,2025-06-12,regular,hazard,60,0.001483871161982897,0,2.201873625364473e-06,0.0014849731891080067
s44-113-51,u051,2025-06-12,regular,hazard,120,0.005518832656162598,0,3.0457513886726714e-05,0.005534117676023739
s44-113-51,u051,2025-06-12,regular,hazard_cal,30,0.0012481457984649946,0,1.557867934225819e-06,0.0012489253811882243
s44-113-51,u051,2025-06-12,regular,hazard_cal,60,0.0032163456765160747,0,1.0344879510843647e-05,0.0032215292339974845
s44-113-51,u051,2025-06-12,regular,hazard_cal,120,0.011207506483743135,0,0.00012560820158314442,0.011270783816166276
s44-113-58,u058,2025-06-12,new,empirical,30,0.0011634671320535084,0,1.353655767368816e-06,0.0011641444853737134
s44-113-58,u058,2025-06-12,new,empirical,60,0.004072134962187279,0,1.6582283150267994e-05,0.004080448681161805
s44-113-58,u058,2025-06-12,new,empirical,120,0.018615474112856356,0,0.0003465358764464251,0.018790922836881
s44-113-58,u058,2025-06-12,new,hazard,30,0.0010833074145401023,0,1.173554954397561e-06,0.001083894616135502
s44-113-58,u058,2025-06-12,new,hazard,60,0.002867747807627219,0,8.22397748815072e-06,0.002871867674749767
s44-113-58,u058,2025-06-12,new,hazard,120,0.010643154342715344,0,0.00011327673436286048,0.010700197819282097
s44-113-58,u058,2025-06-12,new,hazard_cal,30,0.002278209428082323,0,5.190238198203184e-06,0.0022808084954115643
s44-113-58,u058,2025-06-12,new,hazard_cal,60,0.005865396601069772,0,3.4402877287840836e-05,0.005882665599171583
s44-113-58,u058,2025-06-12,new,hazard_cal,120,0.020363014774434363,0,0.00041465237070383216,0.02057319918037331
s44-113-3,u003,2025-06-12,variable,empirical,30,0.0011634671320535084,0,1.353655767368816e-06,0.0011641444853737134
s44-113-3,u003,2025-06-12,variable,empirical,60,0.004072134962187279,0,1.6582283150267994e-05,0.004080448681161805
s44-113-3,u003,2025-06-12,variable,empirical,120,0.018615474112856356,0,0.0003465358764464251,0.018790922836881
s44-113-3,u003,2025-06-12,variable,hazard,30,0.0007097524558498103,0,5.037485485848369e-07,0.0007100044493665025
s44-113-3,u003,2025-06-12,variable,hazard,60,0.0018795187217872655,0,3.5325906255488363e-06,0.0018812872334146098
s44-113-3,u003,2025-06-12,variable,hazard,120,0.006986089902599968,0,4.880545212720923e-05,0.007010606880596338
s44-113-3,u003,2025-06-12,variable,hazard_cal,30,0.0015488535227043965,0,2.3989472347938186e-06,0.0015500542363016071
s44-113-3,u003,2025-06-12,variable,hazard_cal,60,0.003990183154048421,0,1.5921561602851807e-05,0.003998165175075816
s44-113-3,u003,2025-06-12,variable,hazard_cal,120,0.013889007570156875,0,0.00019290453128387498,0.013986362327582273
s44-113-37,u037,2025-06-12,variable,empirical,30,0.0011634671320535084,0,1.353655767368816e-06,0.0011641444853737134
s44-113-37,u037,2025-06-12,variable,empirical,60,0.004072134962187279,0,1.6582283150267994e-05,0.004080448681161805
s44-113-37,u037,2025-06-12,variable,empirical,120,0.018615474112856356,0,0.0003465358764464251,0.018790922836881
s44-113-37,u037,2025-06-12,variable,hazard,30,0.004317646175859613,0,1.864206849991514e-05,0.004326994127244356
s44-113-37,u037,2025-06-12,variable,hazard,60,0.011395487688917294,0,0.0001298571396682656,0.011460913775083445
s44-113-37,u037,2025-06-12,variable,hazard,120,0.041743469565877045,0,0.001742517251397303,0.042639759786047865
s44-113-37,u037,2025-06-12,variable,hazard_cal,30,0.008036421772918412,0,6.45840749122371e-05,0.008068887868188174
s44-113-37,u037,2025-06-12,variable,hazard_cal,60,0.02058566203687895,0,0.00042376948149659916,0.02080050028348152
s44-113-37,u037,2025-06-12,variable,hazard_cal,120,0.07001924917739533,0,0.0049026952553661764,0.07259139108925285
s44-113-39,u039,2025-06-12,variable,empirical,30,0.0011634671320535084,0,1.353655767368816e-06,0.0011641444853737134
s44-113-39,u039,2025-06-12,variable,empirical,60,0.004072134962187279,0,1.6582283150267994e-05,0.004080448681161805
s44-113-39,u039,2025-06-12,variable,empirical,120,0.018615474112856356,0,0.0003465358764464251,0.018790922836881
s44-113-39,u039,2025-06-12,variable,hazard,30,0.0009473841715942344,0,8.975367685872937e-07,0.0009478332236174499
s44-113-39,u039,2025-06-12,variable,hazard,60,0.002508246018449789,0,6.291298089069219e-06,0.002511396937450456
s44-113-39,u039,2025-06-12,variable,hazard,120,0.009314057840258183,0,8.675167345167493e-05,0.00935770490927759
s44-113-39,u039,2025-06-12,variable,hazard_cal,30,0.0020158834113620516,0,4.063785928204703e-06,0.002017918039167626
s44-113-39,u039,2025-06-12,variable,hazard_cal,60,0.005191219686032644,0,2.6948761828652866e-05,0.005204740881577505
s44-113-39,u039,2025-06-12,variable,hazard_cal,120,0.018039382275971017,0,0.00032541931289861725,0.01820407558254743
s44-113-42,u042,2025-06-12,regular,empirical,30,0.0011634671320535084,0,1.353655767368816e-06,0.0011641444853737134
s44-113-42,u042,2025-06-12,regular,empirical,60,0.004072134962187279,0,1.6582283150267994e-05,0.004080448681161805
s44-113-42,u042,2025-06-12,regular,empirical,120,0.018615474112856356,0,0.0003465358764464251,0.018790922836881
s44-113-42,u042,2025-06-12,regular,hazard,30,0.0036559321188300853,0,1.3365839657493437e-05,0.003662631371652105
s44-113-42,u042,2025-06-12,regular,hazard,60,0.009654964422490586,0,9.321833799955898e-05,0.009701875787399773
s44-113-42,u042,2025-06-12,regular,hazard,120,0.035462027503455396,0,0.001257555394655827,0.036106077274950445
s44-113-42,u042,2025-06-12,regular,hazard_cal,30,0.0069064713833225655,0,4.7699346968653514e-05,0.006930431440166386
s44-113-42,u042,2025-06-12,regular,hazard_cal,60,0.01770885564132796,0,0.00031360356812539306,0.01786753355250518
s44-113-42,u042,2025-06-12,regular,hazard_cal,120,0.06047555716566955,0,0.003657293014498165,0.062381443613052236
s44-113-14,u014,2025-06-12,variable,empirical,30,0.0011634671320535084,0,1.353655767368816e-06,0.0011641444853737134
s44-113-14,u014,2025-06-12,variable,empirical,60,0.004072134962187279,0,1.6582283150267994e-05,0.004080448681161805
s44-113-14,u014,2025-06-12,variable,empirical,120,0.018615474112856356,0,0.0003465358764464251,0.018790922836881
s44-113-14,u014,2025-06-12,variable,hazard,30,0.002825990757939656,0,7.986223763960351e-06,0.0028299914088008946
s44-113-14,u014,2025-06-12,variable,hazard,60,0.007468919134138496,0,5.5784753032300144e-05,0.007496951177253436
s44-113-14,u014,2025-06-12,variable,hazard,120,0.027524832292521895,0,0.0007576163927314561,0.027910738306571443
s44-113-14,u014,2025-06-12,variable,hazard_cal,30,0.005462079850762636,0,2.9834316296107174e-05,0.005477051551548389
s44-113-14,u014,2025-06-12,variable,hazard_cal,60,0.014023120209545437,0,0.00019664790041136164,0.014122373142804533
s44-113-14,u014,2025-06-12,variable,hazard_cal,120,0.04813488076306183,0,0.0023169667460741796,0.04933193570234431
s44-113-22,u022,2025-06-12,regular,empirical,30,0.0011634671320535084,0,1.353655767368816e-06,0.0011641444853737134
s44-113-22,u022,2025-06-12,regular,empirical,60,0.004072134962187279,0,1.6582283150267994e-05,0.004080448681161805
s44-113-22,u022,2025-06-12,regular,empirical,120,0.018615474112856356,0,0.0003465358764464251,0.018790922836881
s44-113-22,u022,2025-06-12,regular,hazard,30,0.0007016258751539883,0,4.922788686856e-07,0.0007018721297808138
s44-113-22,u022,2025-06-12,regular,hazard,60,0.0018580124653703178,0,3.4522103214714867e-06,0.0018597407115981983
s44-113-22,u022,2025-06-12,regular,hazard,120,0.00690637985224507,0,4.769808266349664e-05,0.0069303392725400354
s44-113-22,u022,2025-06-12,regular,hazard_cal,30,0.0015326601372923632,0,2.3490470964450455e-06,0.0015338358623187332
s44-113-22,u022,2025-06-12,regular,hazard_cal,60,0.0039485217392366545,0,1.5590823925224455e-05,0.003956337732396039
s44-113-22,u022,2025-06-12,regular,hazard_cal,120,0.01374478993292827,0,0.0001889192503003263,0.013840124131751248
s44-113-10,u010,2025-06-12,variable,empirical,30,0.0011634671320535084,0,1.353655767368816e-06,0.0011641444853737134
s44-113-10,u010,2025-06-12,variable,empirical,60,0.004072134962187279,0,1.6582283150267994e-05,0.004080448681161805
s44-113-10,u010,2025-06-12,variable,empirical,120,0.018615474112856356,0,0.0003465358764464251,0.018790922836881
s44-113-10,u010,2025-06-12,variable,hazard,30,0.0011752724787056357,0,1.381265399202889e-06,0.0011759636530037294
s44-113-10,u010,2025-06-12,variable,hazard,60,0.0031109336763217588,0,9.677908338472813e-06,0.0031157826897418883
s44-113-10,u010,2025-06-12,variable,hazard,120,0.011541392902856051,0,0.00013320375013809604,0.011608511707361208
s44-113-10,u010,2025-06-12,variable,hazard_cal,30,0.0024540306011242574,0,6.022266191254284e-06,0.002457046669579818
s44-113-10,u010,2025-06-12,variable,hazard_cal,60,0.0063170819818010315,0,3.990552476479525e-05,0.006337119173142555
s44-113-10,u010,2025-06-12,variable,hazard_cal,120,0.021917356093487217,0,0.00048037049812872125,0.02216110954560026
s44-113-17,u017,2025-06-12,variable,empirical,30,0.0011634671320535084,0,1.353655767368816e-06,0.0011641444853737134
s44-113-17,u017,2025-06-12,variable,empirical,60,0.004072134962187279,0,1.6582283150267994e-05,0.004080448681161805
s44-113-17,u017,2025-06-12,variable,empirical,120,0.018615474112856356,0,0.0003465358764464251,0.018790922836881
s44-113-17,u017,2025-06-12,variable,hazard,30,0.00047920883768326483,0,2.2964111011374566e-07,0.000479323694933527
s44-113-17,u017,2025-06-12,variable,hazard,60,0.0012692800622318146,0,1.611071876379199e-06,0.0012700862804533558
s44-113-17,u017,2025-06-12,variable,hazard,120,0.004722276620001353,0,2.2299896475811406e-05,0.004733461795125377
s44-113-17,u017,2025-06-12,variable,hazard_cal,30,0.0010822136405961302,0,1.1711863638923302e-06,0.0010827996566125792
s44-113-17,u017,2025-06-12,variable,hazard_cal,60,0.0027891624665044024,0,7.779427264556922e-06,0.0027930594279959036
s44-113-17,u017,2025-06-12,variable,hazard_cal,120,0.009724749023539814,0,9.457074357083857e-05,0.009772343207684072
s44-113-20,u020,2025-06-12,variable,empirical,30,0.0011634671320535084,0,1.353655767368816e-06,0.0011641444853737134
s44-113-20,u020,2025-06-12,variable,empirical,60,0.004072134962187279,0,1.6582283150267994e-05,0.004080448681161805
s44-113-20,u020,2025-06-12,variable,empirical,120,0.018615474112856356,0,0.0003465358764464251,0.018790922836881
s44-113-20,u020,2025-06-12,variable,hazard,30,0.00019962810447782253,0,3.985138009740843e-08,0.00019964803282008681
s44-113-20,u020,2025-06-12,variable,hazard,60,0.000528891959326816,0,2.797267046405584e-07,0.0005290318720137746
s44-113-20,u020,2025-06-12,variable,hazard,120,0.001969945140093743,0,3.880683854978957e-06,0.001971888034036869
s44-113-20,u020,2025-06-12,variable,hazard_cal,30,0.00048654046585783206,0,2.3672162491715624e-07,0.00048665886507585524
s44-113-20,u020,2025-06-12,variable,hazard_cal,60,0.0012546061002340902,0,1.5740364667445922e-06,0.0012553937773527337
s44-113-20,u020,2025-06-12,variable,hazard_cal,120,0.004383691553124125,0,1.9216751632931802e-05,0.004393328101690366
s44-113-30,u030,2025-06-12,variable,empirical,30,0.0011634671320535084,0,1.353655767368816e-06,0.0011641444853737134
s44-113-30,u030,2025-06-12,variable,empirical,60,0.004072134962187279,0,1.6582283150267994e-05,0.004080448681161805
s44-113-30,u030,2025-06-12,variable,empirical,120,0.018615474112856356,0,0.0003465358764464251,0.018790922836881
s44-113-30,u030,2025-06-12,variable,hazard,30,0.0035506253927471976,0,1.260694067962119e-05,0.003556943823775179
s44-113-30,u030,2025-06-12,variable,hazard,60,0.009377775871953098,0,8.794268030458569e-05,0.009422024062452298
s44-113-30,u030,2025-06-12,variable,hazard,120,0.03445855565968936,0,0.0011873920581519097,0.03506625277298634
s44-113-30,u030,2025-06-12,variable,hazard_cal,30,0.0067250024779546,0,4.522565832849551e-05,0.006747717202113516
s44-113-30,u030,2025-06-12,variable,hazard_cal,60,0.017246307638341896,0,0.00029743512715633004,0.01739675751433504
s44-113-30,u030,2025-06-12,variable,hazard_cal,120,0.058933848589212356,0,0.0034731985095362073,0.060741842812585496
s44-113-52,u052,2025-06-12,regular,empirical,30,0.0011634671320535084,0,1.353655767368816e-06,0.0011641444853737134
s44-113-52,u052,2025-06-12,regular,empirical,60,0.004072134962187279,0,1.6582283150267994e-05,0.004080448681161805
s44-113-52,u052,2025-06-12,regular,empirical,120,0.018615474112856356,0,0.0003465358764464251,0.018790922836881
s44-113-52,u052,2025-06-12,regular,hazard,30,0.0008024732779813304,0,6.439633618741015e-07,0.0008027954320204696
s44-113-52,u052,2025-06-12,regular,hazard,60,0.0021248729767173735,0,4.515085167183751e-06,0.002127133722400296
s44-113-52,u052,2025-06-12,regular,hazard,120,0.00789508994764454,0,6.233244528139787e-05,0.007926421187881708
s44-113-52,u052,2025-06-12,regular,hazard_cal,30,0.0017325064837862003,0,3.0015787163612236e-06,0.0017340090088180718
s44-113-52,u052,2025-06-12,regular,hazard_cal,60,0.004462591827480877,0,1.9914725818699115e-05,0.004472578913658822
s44-113-52,u052,2025-06-12,regular,hazard_cal,120,0.015523152631059967,0,0.00024096826760718396,0.015644898326325176
s44-113-0,u000,2025-06-12,regular,empirical,30,0.0011634671320535084,0,1.353655767368816e-06,0.0011641444853737134
s44-113-0,u000,2025-06-12,regular,empirical,60,0.004072134962187279,0,1.6582283150267994e-05,0.004080448681161805
s44-113-0,u000,2025-06-12,regular,empirical,120,0.018615474112856356,0,0.0003465358764464251,0.018790922836881
s44-113-0,u000,2025-06-12,regular,hazard,30,0.0032759288073728188,0,1.0731709550975099e-05,0.0032813064097885246
s44-113-0,u000,2025-06-12,regular,hazard,60,0.008654463558222969,0,7.489973948060937e-05,0.008692130912592114
s44-113-0,u000,2025-06-12,regular,hazard,120,0.03183599591005559,0,0.0010135306355850764,0.0323537803437227
s44-113-0,u000,2025-06-12,regular,hazard_cal,30,0.006249287135126513,0,3.905358969725775e-05,0.006268895665552327
s44-113-0,u000,2025-06-12,regular,hazard_cal,60,0.016033047497364783,0,0.0002570586120527551,0.01616296734891301
s44-113-0,u000,2025-06-12,regular,hazard_cal,120,0.05488041669031851,0,0.0030118601361029907,0.05644381630945959
s44-113-46,u046,2025-06-12,regular,empirical,30,0.0011634671320535084,0,1.353655767368816e-06,0.0011641444853737134
s44-113-46,u046,2025-06-12,regular,empirical,60,0.004072134962187279,0,1.6582283150267994e-05,0.004080448681161805
s44-113-46,u046,2025-06-12,regular,empirical,120,0.018615474112856356,0,0.0003465358764464251,0.018790922836881
s44-113-46,u046,2025-06-12,regular,hazard,30,0.0008827320006891126,0,7.792157850406036e-07,0.0008831218380131042
s44-113-46,u046,2025-06-12,regular,hazard,60,0.0023372164123990347,0,5.462580558387414e-06,0.0023399519658964625
s44-113-46,u046,2025-06-12,regular,hazard,120,0.008681237192083135,0,7.536387918520748e-05,0.008719138645441217
s44-113-46,u046,2025-06-12,regular,hazard_cal,30,0.001889964212919537,0,3.5719647261165653e-06,0.0018917524487723262
s44-113-46,u046,2025-06-12,regular,hazard_cal,60,0.004867497102626905,0,2.369252804408132e-05,0.004879381948635473
s44-113-46,u046,2025-06-12,regular,hazard_cal,120,0.016922076937537334,0,0.0002863566878799329,0.01706689131297718
s44-113-59,u059,2025-06-12,new,empirical,30,0.0011634671320535084,0,1.353655767368816e-06,0.0011641444853737134
s44-113-59,u059,2025-06-12,new,empirical,60,0.004072134962187279,0,1.6582283150267994e-05,0.004080448681161805
s44-113-59,u059,2025-06-12,new,empirical,120,0.018615474112856356,0,0.0003465358764464251,0.018790922836881
s44-113-59,u059,2025-06-12,new,hazard,30,0.001299340156244333,0,1.6882848416290477e-06,0.0013001850305972287
s44-113-59,u059,2025-06-12,new,hazard,60,0.0034389436217545644,0,1.18263332336064e-05,0.0034448703801311267
s44-113-59,u059,2025-06-12,new,hazard,120,0.012751877440756787,0,0.00016261037826408186,0.012833880504455936
s44-113-59,u059,2025-06-12,new,hazard_cal,30,0.00268932061807603,0,7.232445386808839e-06,0.0026929433373295312
s44-113-59,u059,2025-06-12,new,hazard_cal,60,0.006921324158691067,0,4.79047281096806e-05,0.006945387621040774
s44-113-59,u059,2025-06-12,new,hazard_cal,120,0.02399361006377354,0,0.0005756933238924149,0.024286145524670708
s44-113-11,u011,2025-06-12,variable,empirical,30,0.0011634671320535084,0,1.353655767368816e-06,0.0011641444853737134
s44-113-11,u011,2025-06-12,variable,empirical,60,0.004072134962187279,0,1.6582283150267994e-05,0.004080448681161805
s44-113-11,u011,2025-06-12,variable,empirical,120,0.018615474112856356,0,0.0003465358764464251,0.018790922836881
s44-113-11,u011,2025-06-12,variable,hazard,30,0.0006990775189607001,0,4.887093775162481e-07,0.000699321987591114
s44-113-11,u011,2025-06-12,variable,hazard,60,0.0018512684057528928,0,3.427194710138857e-06,0.0018529841209344962
s44-113-11,u011,2025-06-12,variable,hazard,120,0.0068813828169548286,0,4.735342947348117e-05,0.006905168714407583
s44-113-11,u011,2025-06-12,variable,hazard_cal,30,0.0015275787833636256,0,2.3334969393826948e-06,0.0015287467213964232
s44-113-11,u011,2025-06-12,variable,hazard_cal,60,0.003935448477859094,0,1.548775472188346e-05,0.0039432127324640085
s44-113-11,u011,2025-06-12,variable,hazard_cal,120,0.013699531294455447,0,0.00018767715768776413,0.013794235806298323
s44-113-6,u006,2025-06-12,variable,empirical,30,0.0011634671320535084,0,1.353655767368816e-06,0.0011641444853737134
s44-113-6,u006,2025-06-12,variable,empirical,60,0.004072134962187279,0,1.6582283150267994e-05,0.004080448681161805
s44-113-6,u006,2025-06-12,variable,empirical,120,0.018615474112856356,0,0.0003465358764464251,0.018790922836881
s44-113-6,u006,2025-06-12,variable,hazard,30,0.000997842999492904,0,9.956906516369954e-07,0.0009983411762477525
s44-113-6,u006,2025-06-12,variable,hazard,60,0.0026417145673073295,0,6.978655855123751e-06,0.0026452100526416994
s44-113-6,u006,2025-06-12,variable,hazard,120,0.00980766922400289,0,9.619037560745346e-05,0.009856081211048062
s44-113-6,u006,2025-06-12,variable,hazard_cal,30,0.002113631044712516,0,4.467436193172523e-06,0.0021158679153109932
s44-113-6,u006,2025-06-12,variable,hazard_cal,60,0.005442467174400556,0,2.962044894442757e-05,0.0054573313552819065
s44-113-6,u006,2025-06-12,variable,hazard_cal,120,0.01890584888190694,0,0.0003574311219455019,0.019086849385864215
s44-113-4,u004,2025-06-12,regular,empirical,30,0.0011634671320535084,0,1.353655767368816e-06,0.0011641444853737134
s44-113-4,u004,2025-06-12,regular,empirical,60,0.004072134962187279,0,1.6582283150267994e-05,0.004080448681161805
s44-113-4,u004,2025-06-12,regular,empirical,120,0.018615474112856356,0,0.0003465358764464251,0.018790922836881
s44-113-4,u004,2025-06-12,regular,hazard,30,0.0005636021085745346,0,3.176473367896615e-07,0.0005637609919437354
s44-113-4,u004,2025-06-12,regular,hazard,60,0.0014926955783910456,0,2.2281400897481782e-06,0.0014938107583235092
s44-113-4,u004,2025-06-12,regular,hazard,120,0.005551577404780739,0,3.0820011681272045e-05,0.005567044682376038
s44-113-4,u004,2025-06-12,regular,hazard_cal,30,0.001254922615594234,0,1.5748307711298733e-06,0.0012557106903640285
s44-113-4,u004,2025-06-12,regular,hazard_cal,60,0.0032337895665145444,0,1.0457394960498324e-05,0.0032390295637432284
s44-113-4,u004,2025-06-12,regular,hazard_cal,120,0.011268016861360475,0,0.00012696820398790397,0.01133198192354807
s44-113-8,u008,2025-06-12,regular,empirical,30,0.0011634671320535084,0,1.353655767368816e-06,0.0011641444853737134
s44-113-8,u008,2025-06-12,regular,empirical,60,0.004072134962187279,0,1.6582283150267994e-05,0.004080448681161805
s44-113-8,u008,2025-06-12,regular,empirical,120,0.018615474112856356,0,0.0003465358764464251,0.018790922836881
s44-113-8,u008,2025-06-12,regular,hazard,30,0.0036860903236830556,0,1.3587261874349852e-05,0.003692900695535012
s44-113-8,u008,2025-06-12,regular,hazard,60,0.00973433690566905,0,9.475731499307049e-05,0.009782025292069396
s44-113-8,u008,2025-06-12,regular,hazard,120,0.03574921213853721,0,0.0012780061685261363,0.036403864822354796
s44-113-8,u008,2025-06-12,regular,hazard_cal,30,0.006958353087224589,0,4.841867768648797e-05,0.006982675320193327
s44-113-8,u008,2025-06-12,regular,hazard_cal,60,0.017841070196007225,0,0.00031830378573885726,0.01800214074524359
s44-113-8,u008,2025-06-12,regular,hazard_cal,120,0.06091587007115418,0,0.0037107432265257373,0.06285020854890033
s44-113-57,u057,2025-06-12,new,empirical,30,0.0011634671320535084,0,1.353655767368816e-06,0.0011641444853737134
s44-113-57,u057,2025-06-12,new,empirical,60,0.004072134962187279,0,1.6582283150267994e-05,0.004080448681161805
s44-113-57,u057,2025-06-12,new,empirical,120,0.018615474112856356,0,0.0003465358764464251,0.018790922836881
s44-113-57,u057,2025-06-12,new,hazard,30,0.0012930409515905517,0,1.6719549024901993e-06,0.0012938776503767647
s44-113-57,u057,2025-06-12,new,hazard,60,0.003422291614398998,0,1.17120798939857e-05,0.003428161049450955
s44-113-57,u057,2025-06-12,new,hazard,120,0.012690454439055143,0,0.0001610476338697344,0.012771666062494429
s44-113-57,u057,2025-06-12,new,hazard_cal,30,0.0026774239541182965,0,7.168599030086454e-06,0.0026810146643010424
s44-113-57,u057,2025-06-12,new,hazard_cal,60,0.006890778659336294,0,4.7482830531964495e-05,0.006914629705940679
s44-113-57,u057,2025-06-12,new,hazard_cal,120,0.023888735945817974,0,0.0005706717050890157,0.024178699011042717
s44-113-28,u028,2025-06-12,variable,empirical,30,0.0011634671320535084,0,1.353655767368816e-06,0.0011641444853737134
s44-113-28,u028,2025-06-12,variable,empirical,60,0.004072134962187279,0,1.6582283150267994e-05,0.004080448681161805
s44-113-28,u028,2025-06-12,variable,empirical,120,0.018615474112856356,0,0.0003465358764464251,0.018790922836881
s44-113-28,u028,2025-06-12,variable,hazard,30,0.0013078280493025174,0,1.7104142065424279e-06,0.0013086840027804923
s44-113-28,u028,2025-06-12,variable,hazard,60,0.003461381139673314,0,1.198115939408613e-05,0.0034673855791434506
s44-113-28,u028,2025-06-12,variable,hazard,120,0.012834636047106884,0,0.00016472788246169542,0.01291771158337017
s44-113-28,u028,2025-06-12,variable,hazard_cal,30,0.0027053427592867996,0,7.318879445225514e-06,0.0027090088124557977
s44-113-28,u028,2025-06-12,variable,hazard_cal,60,0.006962461091219119,0,4.847586444674012e-05,0.006986812117984536
s44-113-28,u028,2025-06-12,variable,hazard_cal,120,0.024134834377224523,0,0.0005824902304160586,0.024430852089296035
s44-114-46,u046,2025-06-13,regular,empirical,30,0.0011634671320535084,0,1.353655767368816e-06,0.0011641444853737134
s44-114-46,u046,2025-06-13,regular,empirical,60,0.004072134962187279,0,1.6582283150267994e-05,0.004080448681161805
s44-114-46,u046,2025-06-13,regular,empirical,120,0.018615474112856356,0,0.0003465358764464251,0.018790922836881
s44-114-46,u046,2025-06-13,regular,hazard,30,0.0008529182841807703,0,7.274695994898693e-07,0.0008532822259369495
s44-114-46,u046,2025-06-13,regular,hazard,60,0.002258340866224895,0,5.100103468061409e-06,0.0022608947637308215
s44-114-46,u046,2025-06-13,regular,hazard,120,0.00838928051599408,0,7.038002757603789e-05,0.008424668589086718
s44-114-46,u046,2025-06-13,regular,hazard_cal,30,0.0018316269154352582,0,3.354857157346879e-06,0.0018333063951140498
s44-114-46,u046,2025-06-13,regular,hazard_cal,60,0.004717494829648894,0,2.2254757467764047e-05,0.0047286573282382316
s44-114-46,u046,2025-06-13,regular,hazard_cal,120,0.0164040122129947,0,0.0002690916166840793,0.016540047758824495
s44-114-25,u025,2025-06-13,variable,empirical,30,0.0011634671320535084,0,1.353655767368816e-06,0.0011641444853737134
s44-114-25,u025,2025-06-13,variable,empirical,60,0.004072134962187279,0,1.6582283150267994e-05,0.004080448681161805
s44-114-25,u025,2025-06-13,variable,empirical,120,0.018615474112856356,0,0.0003465358764464251,0.018790922836881
s44-114-25,u025,2025-06-13,variable,hazard,30,0.0011139220469961186,0,1.2408223267840232e-06,0.0011145429192712128
s44-114-25,u025,2025-06-13,variable,hazard,60,0.0029487075727987477,0,8.694876349880682e-06,0.002953063576134514
s44-114-25,u025,2025-06-13,variable,hazard,120,0.01094226427090983,0,0.00011973314737442983,0.011002571177513052
s44-114-25,u025,2025-06-13,variable,hazard_cal,30,0.0023368805362479206,0,5.461010640694369e-06,0.0023396153029477174
s44-114-25,u025,2025-06-13,variable,hazard_cal,60,0.00601613849909155,0,3.6193922440251527e-05,0.006034308371945928
s44-114-25,u025,2025-06-13,variable,hazard_cal,120,0.020881966489061266,0,0.0004360565244502777,0.02110307833504566
s44-114-45,u045,2025-06-13,variable,empirical,30,0.0011634671320535084,0,1.353655767368816e-06,0.0011641444853737134
s44-114-45,u045,2025-06-13,variable,empirical,60,0.004072134962187279,0,1.6582283150267994e-05,0.004080448681161805
s44-114-45,u045,2025-06-13,variable,empirical,120,0.018615474112856356,0,0.0003465358764464251,0.018790922836881
s44-114-45,u045,2025-06-13,variable,hazard,30,0.0014411133004689214,0,2.0768075447884276e-06,0.0014421527029591678
s44-114-45,u045,2025-06-13,variable,hazard,60,0.003813670758177845,0,1.454408465178078e-05,0.0038209613423316378
s44-114-45,u045,2025-06-13,variable,hazard,120,0.01413327412115395,0,0.00019974943738367993,0.014234099966784276
s44-114-45,u045,2025-06-13,variable,hazard_cal,30,0.0029557693298986054,0,8.73657233156925e-06,0.0029601462429557288
s44-114-45,u045,2025-06-13,variable,hazard_cal,60,0.0076052816709449855,0,5.784030929441175e-05,0.007634349297703401
s44-114-45,u045,2025-06-13,variable,hazard_cal,120,0.026339547345809233,0,0.0006937717543821262,0.02669264735662265
s44-114-2,u002,2025-06-13,regular,empirical,30,0.0011634671320535084,0,1.353655767368816e-06,0.0011641444853737134
s44-114-2,u002,2025-06-13,regular,empirical,60,0.004072134962187279,0,1.6582283150267994e-05,0.004080448681161805
s44-114-2,u002,2025-06-13,regular,empirical,120,0.018615474112856356,0,0.0003465358764464251,0.018790922836881
s44-114-2,u002,2025-06-13,regular,hazard,30,0.0009128335202807092,0,8.332650357480719e-07,0.0009132504065163781
s44-114-2,u002,2025-06-13,regular,hazard,60,0.0024168489454767794,0,5.841158825252221e-06,0.0024197742391685643
s44-114-2,u002,2025-06-13,regular,hazard,120,0.008975924096636057,0,8.05672133885718e-05,0.009016450392903847
s44-114-2,u002,2025-06-13,regular,hazard_cal,30,0.0019486888131802216,0,3.7973880906137406e-06,0.0019505899774787607
s44-114-2,u002,2025-06-13,regular,hazard_cal,60,0.005018479675387266,0,2.518513825227508e-05,0.005031114534093657
s44-114-2,u002,2025-06-13,regular,hazard_cal,120,0.017443308204826424,0,0.0003042690011285649,0.01759723533069671
s44-114-30,u030,2025-06-13,variable,empirical,30,0.0011634671320535084,0,1.353655767368816e-06,0.0011641444853737134
s44-114-30,u030,2025-06-13,variable,empirical,60,0.004072134962187279,0,1.6582283150267994e-05,0.004080448681161805
s44-114-30,u030,2025-06-13,variable,empirical,120,0.018615474112856356,0,0.0003465358764464251,0.018790922836881
s44-114-30,u030,2025-06-13,variable,hazard,30,0.0013271987769361004,0,1.761456593500681e-06,0.0013280802852770365
s44-114-30,u030,2025-06-13,variable,hazard,60,0.003512585814882452,0,1.2338259106913418e-05,0.003518769428999301
s44-114-30,u030,2025-06-13,variable,hazard,120,0.013023478149113088,0,0.00016961098310042607,0.013109027216699444
s44-114-30,u030,2025-06-13,variable,hazard_cal,30,0.002741873448822707,0,7.5178700093589256e-06,0.0027456392690041
s44-114-30,u030,2025-06-13,variable,hazard_cal,60,0.007056249486425692,0,4.979065681468284e-05,0.0070812625498952765
s44-114-30,u030,2025-06-13,variable,hazard_cal,120,0.024456751996234205,0,0.0005981327182053058,0.024760785710245894
s44-114-51,u051,2025-06-13,regular,empirical,30,0.0011634671320535084,0,1.353655767368816e-06,0.0011641444853737134
s44-114-51,u051,2025-06-13,regular,empirical,60,0.004072134962187279,0,1.6582283150267994e-05,0.004080448681161805
s44-114-51,u051,2025-06-13,regular,empirical,120,0.018615474112856356,0,0.0003465358764464251,0.018790922836881
s44-114-51,u051,2025-06-13,regular,hazard,30,0.0009422428253412773,0,8.878215419071129e-07,0.0009426870151572624
s44-114-51,u051,2025-06-13,regular,hazard,60,0.00249464595148452,0,6.223258423258105e-06,0.002497762765339892
s44-114-51,u051,2025-06-13,regular,hazard,120,0.009263748875954603,0,8.581704323675017e-05,0.009306924248311019
s44-114-51,u051,2025-06-13,regular,hazard_cal,30,0.0020058983195688773,0,4.023628068449246e-06,0.002007912827986597
s44-114-51,u051,2025-06-13,regular,hazard_cal,60,0.005165551879590891,0,2.668292622074498e-05,0.005178939465447865
s44-114-51,u051,2025-06-13,regular,hazard_cal,120,0.017950828551863696,0,0.00032223224569840486,0.018113899123493576
s44-114-12,u012,2025-06-13,variable,empirical,30,0.0011634671320535084,0,1.353655767368816e-06,0.0011641444853737134
s44-114-12,u012,2025-06-13,variable,empirical,60,0.004072134962187279,0,1.6582283150267994e-05,0.004080448681161805
s44-114-12,u012,2025-06-13,variable,empirical,120,0.018615474112856356,0,0.0003465358764464251,0.018790922836881
s44-114-12,u012,2025-06-13,variable,hazard,30,0.0005562375245653506,0,3.09400183734589e-07,0.0005563922820478247
s44-114-12,u012,2025-06-13,variable,hazard,60,0.0014732006031182854,0,2.17032001702808e-06,0.001474286830078014
s44-114-12,u012,2025-06-13,variable,hazard,120,0.005479236244474994,0,3.002202982276844e-05,0.005494302318307169
s44-114-12,u012,2025-06-13,variable,hazard_cal,30,0.0012399465445187552,0,1.5374674332640013e-06,0.0012407159142860693
s44-114-12,u012,2025-06-13,variable,hazard_cal,60,0.003195240079720052,0,1.0209559167049404e-05,0.0032003557594266893
s44-114-12,u012,2025-06-13,variable,hazard_cal,120,0.011134290227351906,0,0.00012397241886690416,0.011196740428585027
s44-114-29,u029,2025-06-13,regular,empirical,30,0.0011634671320535084,0,1.353655767368816e-06,0.0011641444853737134
s44-114-29,u029,2025-06-13,regular,empirical,60,0.004072134962187279,0,1.6582283150267994e-05,0.004080448681161805
s44-114-29,u029,2025-06-13,regular,empirical,120,0.018615474112856356,0,0.0003465358764464251,0.018790922836881
s44-114-29,u029,2025-06-13,regular,hazard,30,0.0013156018364571809,0,1.730808192089507e-06,0.0013164680003210844
s44-114-29,u029,2025-06-13,regular,hazard,60,0.0034819306275216677,0,1.2123840894873434e-05,0.003488006656276287
s44-114-29,u029,2025-06-13,regular,hazard,120,0.012910425831316852,0,0.00016667909514593343,0.01299448969625088
s44-114-29,u029,2025-06-13,regular,hazard_cal,30,0.0027200088381746923,0,7.39844807974844e-06,0.002723714783876725
s44-114-29,u029,2025-06-13,regular,hazard_cal,60,0.007000115308147703,0,4.900161432736381e-05,0.0070247310579658676
s44-114-29,u029,2025-06-13,regular,hazard_cal,120,0.024264088185110166,0,0.0005887459754548028,0.024563311339876416
s44-114-3,u003,2025-06-13,variable,empirical,30,0.0011634671320535084,0,1.353655767368816e-06,0.0011641444853737134
s44-114-3,u003,2025-06-13,variable,empirical,60,0.004072134962187279,0,1.6582283150267994e-05,0.004080448681161805
s44-114-3,u003,2025-06-13,variable,empirical,120,0.018615474112856356,0,0.0003465358764464251,0.018790922836881
s44-114-3,u003,2025-06-13,variable,hazard,30,0.0005613838565824425,0,3.1515183443137635e-07,0.0005615414914982169
s44-114-3,u003,2025-06-13,variable,hazard,60,0.0014868236158801507,0,2.2106444647389257e-06,0.0014879300349485113
s44-114-3,u003,2025-06-13,variable,hazard,120,0.005529788421134718,0,3.0578559982515596e-05,0.00554513430024928
s44-114-3,u003,2025-06-13,variable,hazard_cal,30,0.0012504135589406218,0,1.563534068382552e-06,0.001251195978274651
s44-114-3,u003,2025-06-13,variable,hazard_cal,60,0.003222183036530213,0,1.0382463520903063e-05,0.003227385446708484
s44-114-3,u003,2025-06-13,variable,hazard_cal,120,0.011227755784714133,0,0.00012606249996118167,0.011291262843310473
s44-114-47,u047,2025-06-13,regular,empirical,30,0.0011634671320535084,0,1.353655767368816e-06,0.0011641444853737134
s44-114-47,u047,2025-06-13,regular,empirical,60,0.004072134962187279,0,1.6582283150267994e-05,0.004080448681161805
s44-114-47,u047,2025-06-13,regular,empirical,120,0.018615474112856356,0,0.0003465358764464251,0.018790922836881
s44-114-47,u047,2025-06-13,regular,hazard,30,0.0029974842838654814,0,8.984912032020558e-06,0.0030019857374897064
s44-114-47,u047,2025-06-13,regular,hazard,60,0.007920905374619758,0,6.274074195368016e-05,0.00795244239046757
s44-114-47,u047,2025-06-13,regular,hazard,120,0.029170311134163684,0,0.0008509070516639138,0.029604223741273698
s44-114-47,u047,2025-06-13,regular,hazard_cal,30,0.005763370422995018,0,3.321643863265377e-05,0.005780042732302205
s44-114-47,u047,2025-06-13,regular,hazard_cal,60,0.014792716756644175,0,0.00021882446904230137,0.014903220108435176
s44-114-47,u047,2025-06-13,regular,hazard_cal,120,0.05072223107956575,0,0.002572744725688866,0.05205382676064137
s44-114-16,u016,2025-06-13,regular,empirical,30,0.0011634671320535084,0,1.353655767368816e-06,0.0011641444853737134
s44-114-16,u016,2025-06-13,regular,empirical,60,0.004072134962187279,0,1.6582283150267994e-05,0.004080448681161805
s44-114-16,u016,2025-06-13,regular,empirical,120,0.018615474112856356,0,0.0003465358764464251,0.018790922836881
s44-114-16,u016,2025-06-13,regular,hazard,30,0.0024710379064425414,0,6.106028335075938e-06,0.002474095959358597
s44-114-16,u016,2025-06-13,regular,hazard,60,0.0065329519822495685,0,4.267946160237857e-05,0.006554385111785659
s44-114-16,u016,2025-06-13,regular,hazard,120,0.024110106855365077,0,0.000581297252577122,0.02440551333405655
s44-114-16,u016,2025-06-13,regular,hazard_cal,30,0.004833089284198899,0,2.3358752029038227e-05,0.0048448064287955
s44-114-16,u016,2025-06-13,regular,hazard_cal,60,0.012415148569875023,0,0.00015413591401206982,0.012492860399383604
s44-114-16,u016,2025-06-13,regular,hazard_cal,120,0.04271087760682046,0,0.0018242190659447978,0.04364981989269484
s44-114-22,u022,2025-06-13,regular,empirical,30,0.0011634671320535084,0,1.353655767368816e-06,0.0011641444853737134
s44-114-22,u022,2025-06-13,regular,empirical,60,0.004072134962187279,0,1.6582283150267994e-05,0.004080448681161805
s44-114-22,u022,2025-06-13,regular,empirical,120,0.018615474112856356,0,0.0003465358764464251,0.018790922836881
s44-114-22,u022,2025-06-13,regular,hazard,30,0.0014307173137283469,0,2.046952031802057e-06,0.0014317417669961888
s44-114-22,u022,2025-06-13,regular,hazard,60,0.0037861959976929205,0,1.433528013294589e-05,0.0037933817813506515
s44-114-22,u022,2025-06-13,regular,hazard,120,0.014032045018115058,0,0.00019689828739040763,0.014131424926010945
s44-114-22,u022,2025-06-13,regular,hazard_cal,30,0.002936312911495431,0,8.621933514214776e-06,0.002940632335778969
s44-114-22,u022,2025-06-13,regular,hazard_cal,60,0.007555349109198861,0,5.7083300161872024e-05,0.007584035340280958
s44-114-22,u022,2025-06-13,regular,hazard_cal,120,0.02616843316858486,0,0.0006847868944986922,0.026516919624798716
s44-114-57,u057,2025-06-13,new,empirical,30,0.0011634671320535084,0,1.353655767368816e-06,0.0011641444853737134
s44-114-57,u057,2025-06-13,new,empirical,60,0.004072134962187279,0,1.6582283150267994e-05,0.004080448681161805
s44-114-57,u057,2025-06-13,new,empirical,120,0.018615474112856356,0,0.0003465358764464251,0.018790922836881
s44-114-57,u057,2025-06-13,new,hazard,30,0.0015076255117911774,0,2.27293468380361e-06,0.0015087631226709689
s44-114-57,u057,2025-06-13,new,hazard,60,0.003989438257243183,0,1.5915617608355526e-05,0.003997417294368124
s44-114-57,u057,2025-06-13,new,hazard,120,0.014780676648459945,0,0.00021846840218632912,0.014890999294785906
s44-114-57,u057,2025-06-13,new,hazard_cal,30,0.0030799583109389905,0,9.48614319712216e-06,0.0030847111440650467
s44-114-57,u057,2025-06-13,new,hazard_cal,60,0.007923957427629746,0,6.278910131488863e-05,0.007955518816249783
s44-114-57,u057,2025-06-13,new,hazard_cal,120,0.027431056235606155,0,0.0007524628462009873,0.02781431267135288
s44-114-9,u009,2025-06-13,variable,empirical,30,0.0011634671320535084,0,1.353655767368816e-06,0.0011641444853737134
s44-114-9,u009,2025-06-13,variable,empirical,60,0.004072134962187279,0,1.6582283150267994e-05,0.004080448681161805
s44-114-9,u009,2025-06-13,variable,empirical,120,0.018615474112856356,0,0.0003465358764464251,0.018790922836881
s44-114-9,u009,2025-06-13,variable,hazard,30,0.0007229738495582172,0,5.226911871450277e-07,0.0007232353211841507
s44-114-9,u009,2025-06-13,variable,hazard,60,0.0019145072440793776,0,3.665337987632413e-06,0.0019163422555423981
s44-114-9,u009,2025-06-13,variable,hazard,120,0.00711575891139804,0,5.063402488514062e-05,0.007141196668300113
s44-114-9,u009,2025-06-13,variable,hazard_cal,30,0.0015751643470872656,0,2.481142720334852e-06,0.0015764062227242434
s44-114-9,u009,2025-06-13,variable,hazard_cal,60,0.004057871602841656,0,1.6466321945148713e-05,0.004066127104560041
s44-114-9,u009,2025-06-13,variable,hazard_cal,120,0.01412328617889147,0,0.00019946721249086683,0.014223968889828256
s44-114-1,u001,2025-06-13,regular,empirical,30,0.0011634671320535084,0,1.353655767368816e-06,0.0011641444853737134
s44-114-1,u001,2025-06-13,regular,empirical,60,0.004072134962187279,0,1.6582283150267994e-05,0.004080448681161805
s44-114-1,u001,2025-06-13,regular,empirical,120,0.018615474112856356,0,0.0003465358764464251,0.018790922836881
s44-114-1,u001,2025-06-13,regular,hazard,30,0.00048045872352575625,0,2.3084058501199907e-07,0.00048057418080138016
s44-114-1,u001,2025-06-13,regular,hazard,60,0.0012725891582398008,0,1.6194831656694848e-06,0.0012733995874578913
s44-114-1,u001,2025-06-13,regular,hazard,120,0.004734563874266073,0,2.2416095079505372e-05,0.004745807424715169
s44-114-1,u001,2025-06-13,regular,hazard_cal,30,0.001084789922264573,0,1.1767691754467781e-06,0.0010853787327145743
s44-114-1,u001,2025-06-13,regular,hazard_cal,60,0.0027957959158387835,0,7.816474803020822e-06,0.002799711452971633
s44-114-1,u001,2025-06-13,regular,hazard_cal,120,0.009747787307043176,0,9.501935738335206e-05,0.009795608003479145
s44-114-23,u023,2025-06-13,variable,empirical,30,0.0011634671320535084,0,1.353655767368816e-06,0.0011641444853737134
s44-114-23,u023,2025-06-13,variable,empirical,60,0.004072134962187279,0,1.6582283150267994e-05,0.004080448681161805
s44-114-23,u023,2025-06-13,variable,empirical,120,0.018615474112856356,0,0.0003465358764464251,0.018790922836881
s44-114-23,u023,2025-06-13,variable,hazard,30,0.000883114162185672,0,7.798906234529013e-07,0.0008835043372270481
s44-114-23,u023,2025-06-13,variable,hazard,60,0.00233822743536094,0,5.467307539474599e-06,0.0023409653578870416
s44-114-23,u023,2025-06-13,variable,hazard,120,0.008684979019609407,0,7.542886057105558e-05,0.008722913248251753
s44-114-23,u023,2025-06-13,variable,hazard_cal,30,0.0018907108598270606,0,3.5747875554679827e-06,0.0018925005097676286
s44-114-23,u023,2025-06-13,variable,hazard_cal,60,0.004869416850531549,0,2.3711220464240594e-05,0.004881311088474425
s44-114-23,u023,2025-06-13,variable,hazard_cal,120,0.0169287057883456,0,0.0002865810796683658,0.017073634291333097
s44-114-32,u032,2025-06-13,regular,empirical,30,0.0011634671320535084,0,1.353655767368816e-06,0.0011641444853737134
s44-114-32,u032,2025-06-13,regular,empirical,60,0.004072134962187279,0,1.6582283150267994e-05,0.004080448681161805
s44-114-32,u032,2025-06-13,regular,empirical,120,0.018615474112856356,0,0.0003465358764464251,0.018790922836881
s44-114-32,u032,2025-06-13,regular,hazard,30,0.006253225857429046,0,3.910283362401922e-05,0.006272859164704688
s44-114-32,u032,2025-06-13,regular,hazard,60,0.016474407480497777,0,0.0002714061018334811,0.01661161961105557
s44-114-32,u032,2025-06-13,regular,hazard,120,0.05988123712329119,0,0.0035857625594158267,0.06174906821289305
s44-114-32,u032,2025-06-13,regular,hazard_cal,30,0.011258508076065432,0,0.00012675400409883057,0.01132236481827204
s44-114-32,u032,2025-06-13,regular,hazard_cal,60,0.02875744334050878,0,0.0008269905474825728,0.029179041000697445
s44-114-32,u032,2025-06-13,regular,hazard_cal,120,0.09671018490524108,0,0.00935285986440592,0.10171183010881461
s44-114-38,u038,2025-06-13,regular,empirical,30,0.0011634671320535084,0,1.353655767368816e-06,0.0011641444853737134
s44-114-38,u038,2025-06-13,regular,empirical,60,0.004072134962187279,0,1.6582283150267994e-05,0.004080448681161805
s44-114-38,u038,2025-06-13,regular,empirical,120,0.018615474112856356,0,0.0003465358764464251,0.018790922836881
s44-114-38,u038,2025-06-13,regular,hazard,30,0.0013161918563078245,0,1.732361002611037e-06,0.0013170587976000041
s44-114-38,u038,2025-06-13,regular,hazard,60,0.003483490293532898,0,1.2134704625137917e-05,0.003489571773136378
s44-114-38,u038,2025-06-13,regular,hazard,120,0.012916177932554618,0,0.0001668276523854109,0.01300031704783889
s44-114-38,u038,2025-06-13,regular,hazard_cal,30,0.002721121659494785,0,7.404503085771653e-06,0.0027248306409588183
s44-114-38,u038,2025-06-13,regular,hazard_cal,60,0.007002972365785065,0,4.9041621955949274e-05,0.0070276082604626405
s44-114-38,u038,2025-06-13,regular,hazard_cal,120,0.024273894913096727,0,0.0005892219742520632,0.024573361986931504
s44-114-0,u000,2025-06-13,regular,empirical,30,0.0011634671320535084,0,1.353655767368816e-06,0.0011641444853737134
s44-114-0,u000,2025-06-13,regular,empirical,60,0.004072134962187279,0,1.6582283150267994e-05,0.004080448681161805
s44-114-0,u000,2025-06-13,regular,empirical,120,0.018615474112856356,0,0.0003465358764464251,0.018790922836881
s44-114-0,u000,2025-06-13,regular,hazard,30,0.0031387098303606864,0,9.851499399202809e-06,0.0031436459113837172
s44-114-0,u000,2025-06-13,regular,hazard,60,0.008293009541504803,0,6.877400725548971e-05,0.00832758784999759
s44-114-0,u000,2025-06-13,regular,hazard,120,0.03052325715948001,0,0.0009316692276237477,0.03099879340560937
s44-114-0,u000,2025-06-13,regular,hazard_cal,30,0.006010312775092785,0,3.6123859654443536e-05,0.006028447404628214
s44-114-0,u000,2025-06-13,regular,hazard_cal,60,0.01542318454529401,0,0.00023787462151819602,0.015543359107014628
s44-114-0,u000,2025-06-13,regular,hazard_cal,120,0.052837673307464916,0,0.0027918197205463904,0.05428478898318278
s44-114-41,u041,2025-06-13,regular,empirical,30,0.0011634671320535084,0,1.353655767368816e-06,0.0011641444853737134
s44-114-41,u041,2025-06-13,regular,empirical,60,0.004072134962187279,0,1.6582283150267994e-05,0.004080448681161805
s44-114-41,u041,2025-06-13,regular,empirical,120,0.018615474112856356,0,0.0003465358764464251,0.018790922836881
s44-114-41,u041,2025-06-13,regular,hazard,30,0.002371830604527947,0,5.6255804165754065e-06,0.0023746478503043323
s44-114-41,u041,2025-06-13,regular,hazard,60,0.006271244088307593,0,3.932850241513293e-05,0.006290990941027538
s44-114-41,u041,2025-06-13,regular,hazard,120,0.02315354642024081,0,0.0005360867118342461,0.02342580041660027
s44-114-41,u041,2025-06-13,regular,hazard_cal,30,0.004655878672397806,0,2.167720621208876e-05,0.004666751035565793
s44-114-41,u041,2025-06-13,regular,hazard_cal,60,0.011961799239322612,0,0.00014308464104185903,0.012033917244203215
s44-114-41,u041,2025-06-13,regular,hazard_cal,120,0.041177214721150324,0,0.001695563012191719,0.04204901233334387
s44-114-21,u021,2025-06-13,variable,empirical,30,0.0011634671320535084,0,1.353655767368816e-06,0.0011641444853737134
s44-114-21,u021,2025-06-13,variable,empirical,60,0.004072134962187279,0,1.6582283150267994e-05,0.004080448681161805
s44-114-21,u021,2025-06-13,variable,empirical,120,0.018615474112856356,0,0.0003465358764464251,0.018790922836881
s44-114-21,u021,2025-06-13,variable,hazard,30,0.00208307553324949,0,4.339203677222646e-06,0.0020852481527661357
s44-114-21,u021,2025-06-13,variable,hazard,60,0.0055092364436049035,0,3.0351686191544407e-05,0.005524468256231851
s44-114-21,u021,2025-06-13,variable,hazard,120,0.02036396487354608,0,0.0004146910653710187,0.020574169028987413
s44-114-21,u021,2025-06-13,variable,hazard_cal,30,0.004136175766842887,0,1.7107949974218343e-05,0.00414475340240614
s44-114-21,u021,2025-06-13,variable,hazard_cal,60,0.010631450607722082,0,0.00011302774202443422,0.010688368249577598
s44-114-21,u021,2025-06-13,variable,hazard_cal,120,0.036665428382001264,0,0.0013443536384356639,0.03735450112798736
s44-114-28,u028,2025-06-13,variable,empirical,30,0.0011634671320535084,0,1.353655767368816e-06,0.0011641444853737134
s44-114-28,u028,2025-06-13,variable,empirical,60,0.004072134962187279,0,1.6582283150267994e-05,0.004080448681161805
s44-114-28,u028,2025-06-13,variable,empirical,120,0.018615474112856356,1,0.9631155876507337,3.9837621025831202
s44-114-28,u028,2025-06-13,variable,hazard,30,0.0022254769788069284,0,4.952747783199614e-06,0.0022279570329172852
s44-114-28,u028,2025-06-13,variable,hazard,60,0.005885076568768133,0,3.46341262202637e-05,0.005902461874672655
s44-114-28,u028,2025-06-13,variable,hazard,120,0.021740669636755694,1,0.9569913174427431,3.8285705957047678
s44-114-28,u028,2025-06-13,variable,hazard_cal,30,0.004393225940178103,0,1.9300434161453775e-05,0.004402904514436695
s44-114-28,u028,2025-06-13,variable,hazard_cal,60,0.011289606615723868,0,0.00012745521753779613,0.011353817962484601
s44-114-28,u028,2025-06-13,variable,hazard_cal,120,0.038899622268070866,1,0.9237139360764569,3.2467707387372506
s44-114-37,u037,2025-06-13,variable,empirical,30,0.0011634671320535084,0,1.353655767368816e-06,0.0011641444853737134
s44-114-37,u037,2025-06-13,variable,empirical,60,0.004072134962187279,0,1.6582283150267994e-05,0.004080448681161805
s44-114-37,u037,2025-06-13,variable,empirical,120,0.018615474112856356,0,0.0003465358764464251,0.018790922836881
s44-114-37,u037,2025-06-13,variable,hazard,30,0.002327781882303759,0,5.418568491581631e-06,0.002330495378318654
s44-114-37,u037,2025-06-13,variable,hazard,60,0.006155028523740502,0,3.7884376128059185e-05,0.006174048798858793
s44-114-37,u037,2025-06-13,variable,hazard,120,0.022728523417171353,0,0.0005165857767249066,0.022990798001227875
s44-114-37,u037,2025-06-13,variable,hazard_cal,30,0.004576983969869275,0,2.0948782260440306e-05,0.004587490431862491
s44-114-37,u037,2025-06-13,variable,hazard_cal,60,0.011759921123152162,0,0.0001382957448227604,0.011829615938104094
s44-114-37,u037,2025-06-13,variable,hazard_cal,120,0.04049364135595723,0,0.00163973499026489,0.04133633651721375
s44-114-54,u054,2025-06-13,new,empirical,30,0.0011634671320535084,0,1.353655767368816e-06,0.0011641444853737134
s44-114-54,u054,2025-06-13,new,empirical,60,0.004072134962187279,0,1.6582283150267994e-05,0.004080448681161805
s44-114-54,u054,2025-06-13,new,empirical,120,0.018615474112856356,0,0.0003465358764464251,0.018790922836881
s44-114-54,u054,2025-06-13,new,hazard,30,0.0008486092157190539,0,7.201376010033078e-07,0.0008489694883544281
s44-114-54,u054,2025-06-13,new,hazard,60,0.0022469403790414955,0,5.048741066967139e-06,0.0022494685373656243
s44-114-54,u054,2025-06-13,new,hazard,120,0.00834707592914985,0,6.967367656699283e-05,0.008382107846355659
s44-114-54,u054,2025-06-13,new,hazard_cal,30,0.0018231805275763513,0,3.3239872361335827e-06,0.0018248445440369435
s44-114-54,u054,2025-06-13,new,hazard_cal,60,0.004695775415782255,0,2.205030675546501e-05,0.004706835205601879
s44-114-54,u054,2025-06-13,new,hazard_cal,120,0.01632898161280949,0,0.0002666356405114704,0.01646376873824812
s44-114-19,u019,2025-06-13,variable,empirical,30,0.0011634671320535084,0,1.353655767368816e-06,0.0011641444853737134
s44-114-19,u019,2025-06-13,variable,empirical,60,0.004072134962187279,0,1.6582283150267994e-05,0.004080448681161805
s44-114-19,u019,2025-06-13,variable,empirical,120,0.018615474112856356,0,0.0003465358764464251,0.018790922836881
s44-114-19,u019,2025-06-13,variable,hazard,30,0.0005061179249092884,0,2.561553539144841e-07,0.000506246045817595
s44-114-19,u019,2025-06-13,variable,hazard,60,0.001340520674726453,0,1.796995679369065e-06,0.0013414199763442563
s44-114-19,u019,2025-06-13,variable,hazard,120,0.004986777934990583,0,2.486795417290894e-05,0.004999253404288563
s44-114-19,u019,2025-06-13,variable,hazard_cal,30,0.0011375516450580214,0,1.2940237451742108e-06,0.001138199148022561
s44-114-19,u019,2025-06-13,variable,hazard_cal,60,0.0029316409860303816,0,8.594518870973188e-06,0.0029359466626569814
s44-114-19,u019,2025-06-13,variable,hazard_cal,120,0.010219489909985002,0,0.00010443797402028527,0.010272067413909913
s44-114-36,u036,2025-06-13,variable,empirical,30,0.0011634671320535084,0,1.353655767368816e-06,0.0011641444853737134
s44-114-36,u036,2025-06-13,variable,empirical,60,0.004072134962187279,0,1.6582283150267994e-05,0.004080448681161805
s44-114-36,u036,2025-06-13,variable,empirical,120,0.018615474112856356,0,0.0003465358764464251,0.018790922836881
s44-114-36,u036,2025-06-13,variable,hazard,30,0.0006630221401728864,0,4.3959835835943464e-07,0.0006632420365548849
s44-114-36,u036,2025-06-13,variable,hazard,60,0.0017558467623995933,0,3.082997853029134e-06,0.0017573900681296024
s44-114-36,u036,2025-06-13,variable,hazard,120,0.006527644485054163,0,4.261014252325802e-05,0.006549042727225786
s44-114-36,u036,2025-06-13,variable,hazard_cal,30,0.0014555078042460812,0,2.1185029682212487e-06,0.001456568084686048
s44-114-36,u036,2025-06-13,variable,hazard_cal,60,0.003750012316734108,0,1.4062592375657513e-05,0.0037570612408080505
s44-114-36,u036,2025-06-13,variable,hazard_cal,120,0.013057387484115113,0,0.00017049536791032598,0.013143384586679789
s44-114-49,u049,2025-06-13,variable,empirical,30,0.0011634671320535084,0,1.353655767368816e-06,0.0011641444853737134
s44-114-49,u049,2025-06-13,variable,empirical,60,0.004072134962187279,0,1.6582283150267994e-05,0.004080448681161805
s44-114-49,u049,2025-06-13,variable,empirical,120,0.018615474112856356,0,0.0003465358764464251,0.018790922836881
s44-114-49,u049,2025-06-13,variable,hazard,30,0.00025981040613043405,0,6.750144713366108e-08,0.0002598441627009997
s44-114-49,u049,2025-06-13,variable,hazard,60,0.0006882996937020991,0,4.737564683504034e-07,0.0006885366806878939
s44-114-49,u049,2025-06-13,variable,hazard,120,0.0025630586831019153,0,6.569269813024124e-06,0.0025663489412941017
s44-114-49,u049,2025-06-13,variable,hazard_cal,30,0.0006188698951318239,0,3.8299994710047467e-07,0.0006190614741511103
s44-114-49,u049,2025-06-13,variable,hazard_cal,60,0.0015956484726877829,0,2.546094048390854e-06,0.0015969228755583918
s44-114-49,u049,2025-06-13,variable,hazard_cal,120,0.005572673020974195,0,3.105468459869366e-05,0.005588258291319446
s44-115-31,u031,2025-06-16,regular,empirical,30,0.0011634671320535084,0,1.353655767368816e-06,0.0011641444853737134
s44-115-31,u031,2025-06-16,regular,empirical,60,0.004072134962187279,0,1.6582283150267994e-05,0.004080448681161805
s44-115-31,u031,2025-06-16,regular,empirical,120,0.018615474112856356,0,0.0003465358764464251,0.018790922836881
s44-115-31,u031,2025-06-16,regular,hazard,30,0.00413901303492592,0,1.7131428903286675e-05,0.004147602458728663
s44-115-31,u031,2025-06-16,regular,hazard,60,0.010925835462171185,0,0.00011937388054643744,0.010985960749526116
s44-115-31,u031,2025-06-16,regular,hazard,120,0.040051843578813084,0,0.001604150174061711,0.040875999706439244
s44-115-31,u031,2025-06-16,regular,hazard_cal,30,0.0077330533008337365,0,5.9800113353535546e-05,0.007763108402911855
s44-115-31,u031,2025-06-16,regular,hazard_cal,60,0.019813862922909875,0,0.00039258916392786265,0.02001278956008937
s44-115-31,u031,2025-06-16,regular,hazard_cal,120,0.06746641945235754,0,0.0045517177537214475,0.06985011680141341
s44-115-18,u018,2025-06-16,regular,empirical,30,0.0011634671320535084,0,1.353655767368816e-06,0.0011641444853737134
s44-115-18,u018,2025-06-16,regular,empirical,60,0.004072134962187279,0,1.6582283150267994e-05,0.004080448681161805
s44-115-18,u018,2025-06-16,regular,empirical,120,0.018615474112856356,0,0.0003465358764464251,0.018790922836881
s44-115-18,u018,2025-06-16,regular,hazard,30,0.0021705834454045503,0,4.711432493464288e-06,0.0021729425760627936
s44-115-18,u018,2025-06-16,regular,hazard,60,0.005740207846244183,0,3.294998611808328e-05,0.005756746158570659
s44-115-18,u018,2025-06-16,regular,hazard,120,0.021210203123682048,0,0.0004498727165478517,0.021438371582870232
s44-115-18,u018,2025-06-16,regular,hazard_cal,30,0.004294316857053948,0,1.8441157268777698e-05,0.004303563918391377
s44-115-18,u018,2025-06-16,regular,hazard_cal,60,0.011036393304091119,0,0.00012180197716258728,0.01109774611949517
s44-115-18,u018,2025-06-16,regular,hazard_cal,120,0.03804054533673995,0,0.0014470830895165676,0.03878297612432504
s44-115-36,u036,2025-06-16,variable,empirical,30,0.0011634671320535084,0,1.353655767368816e-06,0.0011641444853737134
s44-115-36,u036,2025-06-16,variable,empirical,60,0.004072134962187279,0,1.6582283150267994e-05,0.004080448681161805
s44-115-36,u036,2025-06-16,variable,empirical,120,0.018615474112856356,0,0.0003465358764464251,0.018790922836881
s44-115-36,u036,2025-06-16,variable,hazard,30,0.0007928077024357272,0,6.285440530414165e-07,0.000793122140665933
s44-115-36,u036,2025-06-16,variable,hazard,60,0.002099298275877959,0,4.40705325110417e-06,0.00210150489127364
s44-115-36,u036,2025-06-16,variable,hazard,120,0.0078003715611763,0,6.084579649240799e-05,0.007830953597395622
s44-115-36,u036,2025-06-16,variable,hazard_cal,30,0.001713452740189414,0,2.935920292862611e-06,0.0017149223793472674
s44-115-36,u036,2025-06-16,variable,hazard_cal,60,0.004413587178231149,0,1.9479751779846394e-05,0.004423355807850011
s44-115-36,u036,2025-06-16,variable,hazard_cal,120,0.015353737073139917,0,0.0002357372421111111,0.015472826242612122
s44-115-54,u054,2025-06-16,new,empirical,30,0.0011634671320535084,0,1.353655767368816e-06,0.0011641444853737134
s44-115-54,u054,2025-06-16,new,empirical,60,0.004072134962187279,0,1.6582283150267994e-05,0.004080448681161805
s44-115-54,u054,2025-06-16,new,empirical,120,0.018615474112856356,0,0.0003465358764464251,0.018790922836881
s44-115-54,u054,2025-06-16,new,hazard,30,0.0010134630355883578,0,1.0271073245039691e-06,0.0010139769364929968
s44-115-54,u054,2025-06-16,new,hazard,60,0.002683028560694689,0,7.198642257503415e-06,0.002686634332860681
s44-115-54,u054,2025-06-16,new,hazard,120,0.00996042118911511,0,9.920999026457325e-05,0.01001035805577082
s44-115-54,u054,2025-06-16,new,hazard_cal,30,0.0021438004632572394,0,4.5958804262619545e-06,0.0021461016929768344
s44-115-54,u054,2025-06-16,new,hazard_cal,60,0.005520004974879034,0,3.047045492268928e-05,0.005535296501169866
s44-115-54,u054,2025-06-16,new,hazard_cal,120,0.01917312743297228,0,0.00036760881556099423,0.019359315554983318
s44-115-19,u019,2025-06-16,variable,empirical,30,0.0011634671320535084,0,1.353655767368816e-06,0.0011641444853737134
s44-115-19,u019,2025-06-16,variable,empirical,60,0.004072134962187279,0,1.6582283150267994e-05,0.004080448681161805
s44-115-19,u019,2025-06-16,variable,empirical,120,0.018615474112856356,0,0.0003465358764464251,0.018790922836881
s44-115-19,u019,2025-06-16,variable,hazard,30,0.0006044685237820424,0,3.653821962432416e-07,0.0006046512885342351
s44-115-19,u019,2025-06-16,variable,hazard,60,0.0016008692506107591,0,2.5627823575510535e-06,0.0016021520109934277
s44-115-19,u019,2025-06-16,variable,hazard,120,0.005952905196016656,0,3.54370802727621e-05,0.005970694369462034
s44-115-19,u019,2025-06-16,variable,hazard_cal,30,0.0013377203338964527,0,1.789495691720037e-06,0.0013386158804920023
s44-115-19,u019,2025-06-16,variable,hazard_cal,60,0.003446898516515029,0,1.1881109383153507e-05,0.0034528527575871585
s44-115-19,u019,2025-06-16,variable,hazard_cal,120,0.0120070237960469,0,0.00014416862043883653,0.012079690364849674
s44-115-37,u037,2025-06-16,variable,empirical,30,0.0011634671320535084,0,1.353655767368816e-06,0.0011641444853737134
s44-115-37,u037,2025-06-16,variable,empirical,60,0.004072134962187279,0,1.6582283150267994e-05,0.004080448681161805
s44-115-37,u037,2025-06-16,variable,empirical,120,0.018615474112856356,0,0.0003465358764464251,0.018790922836881
s44-115-37,u037,2025-06-16,variable,hazard,30,0.004039909518802176,0,1.632086892010843e-05,0.004048091998348773
s44-115-37,u037,2025-06-16,variable,hazard,60,0.010665210752999088,0,0.00011374672040588737,0.010722491753208515
s44-115-37,u037,2025-06-16,variable,hazard,120,0.03911204960202275,0,0.0015297524240710878,0.03989747369014589
s44-115-37,u037,2025-06-16,variable,hazard_cal,30,0.007564233986649405,0,5.721763580478194e-05,0.007592987897195657
s44-115-37,u037,2025-06-16,variable,hazard_cal,60,0.019384190699996307,0,0.0003757468490938233,0.019574527826837995
s44-115-37,u037,2025-06-16,variable,hazard_cal,120,0.06604281392794309,0,0.0043616532715209134,0.06832468112722785
s44-115-59,u059,2025-06-16,new,empirical,30,0.0011634671320535084,0,1.353655767368816e-06,0.0011641444853737134
s44-115-59,u059,2025-06-16,new,empirical,60,0.004072134962187279,0,1.6582283150267994e-05,0.004080448681161805
s44-115-59,u059,2025-06-16,new,empirical,120,0.018615474112856356,0,0.0003465358764464251,0.018790922836881
s44-115-59,u059,2025-06-16,new,hazard,30,0.0010122322152282814,0,1.0246140575459538e-06,0.0010127448682355114
s44-115-59,u059,2025-06-16,new,hazard,60,0.0026797731632854926,0,7.181184206665136e-06,0.002683370182957117
s44-115-59,u059,2025-06-16,new,hazard,120,0.009948385575013208,0,9.897037554913088e-05,0.009998201429709188
s44-115-59,u059,2025-06-16,new,hazard_cal,30,0.002141424684776516,0,4.585699680570202e-06,0.0021437208131931482
s44-115-59,u059,2025-06-16,new,hazard_cal,60,0.005513899185103033,0,3.040308422347989e-05,0.005529156839172821
s44-115-59,u059,2025-06-16,new,hazard_cal,120,0.019152082422800087,0,0.0003668022611297281,0.01933785938877398
s44-115-0,u000,2025-06-16,regular,empirical,30,0.0011634671320535084,0,1.353655767368816e-06,0.0011641444853737134
s44-115-0,u000,2025-06-16,regular,empirical,60,0.004072134962187279,0,1.6582283150267994e-05,0.004080448681161805
s44-115-0,u000,2025-06-16,regular,empirical,120,0.018615474112856356,0,0.0003465358764464251,0.018790922836881
s44-115-0,u000,2025-06-16,regular,hazard,30,0.00449264883728917,0,2.0183893575195733e-05,0.004502771112673587
s44-115-0,u000,2025-06-16,regular,hazard,60,0.011855443555233158,0,0.00014055154189131943,0.011926279745794374
s44-115-0,u000,2025-06-16,regular,hazard,120,0.043397796570838754,0,0.0018833687472039038,0.044367644342020854
s44-115-0,u000,2025-06-16,regular,hazard_cal,30,0.008332510960445516,0,6.943073890594465e-05,0.008367420387276111
s44-115-0,u000,2025-06-16,regular,hazard_cal,60,0.021338542713456254,0,0.00045533340513399703,0.021569500866100322
s44-115-0,u000,2025-06-16,regular,hazard_cal,120,0.07250416002527305,0,0.005256853220970402,0.07526696971305612
s44-115-24,u024,2025-06-16,variable,empirical,30,0.0011634671320535084,0,1.353655767368816e-06,0.0011641444853737134
s44-115-24,u024,2025-06-16,variable,empirical,60,0.004072134962187279,0,1.6582283150267994e-05,0.004080448681161805
s44-115-24,u024,2025-06-16,variable,empirical,120,0.018615474112856356,0,0.0003465358764464251,0.018790922836881
s44-115-24,u024,2025-06-16,variable,hazard,30,0.0015939852138908694,0,2.540788862102721e-06,0.0015952569599311762
s44-115-24,u024,2025-06-16,variable,hazard,60,0.004217623038963669,0,1.7788344098797138e-05,0.0042265422985638505
s44-115-24,u024,2025-06-16,variable,hazard,120,0.015620625509943253,0,0.00024400394132188992,0.015743913051606526
s44-115-24,u024,2025-06-16,variable,hazard_cal,30,0.003240483995859189,0,1.0500736527419536e-05,0.003245745734250476
s44-115-24,u024,2025-06-16,variable,hazard_cal,60,0.008335771794859448,0,6.94850914159743e-05,0.008370708626339282
s44-115-24,u024,2025-06-16,variable,hazard_cal,120,0.028840137240008112,0,0.0008317535160225028,0.029264187002084743
s44-115-13,u013,2025-06-16,regular,empirical,30,0.0011634671320535084,0,1.353655767368816e-06,0.0011641444853737134
s44-115-13,u013,2025-06-16,regular,empirical,60,0.004072134962187279,0,1.6582283150267994e-05,0.004080448681161805
s44-115-13,u013,2025-06-16,regular,empirical,120,0.018615474112856356,0,0.0003465358764464251,0.018790922836881
s44-115-13,u013,2025-06-16,regular,hazard,30,0.004714526938279673,0,2.2226764251764708e-05,0.004725675373940083
s44-115-13,u013,2025-06-16,regular,hazard,60,0.0124383859243542,0,0.0001547134444031727,0.012516390152630839
s44-115-13,u013,2025-06-16,regular,hazard,120,0.04549109915487837,0,0.0020694401023189754,0.04655831072087002
s44-115-13,u013,2025-06-16,regular,hazard_cal,30,0.008706395130429256,0,7.580131616716226e-05,0.008744517220454285
s44-115-13,u013,2025-06-16,regular,hazard_cal,60,0.022288673341277154,0,0.0004967849593141589,0.022540819533297982
s44-115-13,u013,2025-06-16,regular,hazard_cal,120,0.07563258334470269,0,0.0057202876633933985,0.0786456493042899
s44-115-21,u021,2025-06-16,variable,empirical,30,0.0011634671320535084,0,1.353655767368816e-06,0.0011641444853737134
s44-115-21,u021,2025-06-16,variable,empirical,60,0.004072134962187279,0,1.6582283150267994e-05,0.004080448681161805
s44-115-21,u021,2025-06-16,variable,empirical,120,0.018615474112856356,0,0.0003465358764464251,0.018790922836881
s44-115-21,u021,2025-06-16,variable,hazard,30,0.0016919855980647158,0,2.862815264058414e-06,0.0016934186223625158
s44-115-21,u021,2025-06-16,variable,hazard,60,0.004476521204324735,0,2.0039242092768974e-05,0.004486570828155516
s44-115-21,u021,2025-06-16,variable,hazard,120,0.016572917136838616,0,0.0002746615824245191,0.016711784355897773
s44-115-21,u021,2025-06-16,variable,hazard_cal,30,0.0034217147179472773,0,1.1708131611017015e-05,0.003427582172079035
s44-115-21,u021,2025-06-16,variable,hazard_cal,60,0.008800563033199427,0,7.74499097013163e-05,0.008839516699245662
s44-115-21,u021,2025-06-16,variable,hazard_cal,120,0.030428536670118023,0,0.0009258958438847172,0.030901095484396363
s44-115-35,u035,2025-06-16,regular,empirical,30,0.0011634671320535084,0,1.353655767368816e-06,0.0011641444853737134
s44-115-35,u035,2025-06-16,regular,empirical,60,0.004072134962187279,0,1.6582283150267994e-05,0.004080448681161805
s44-115-35,u035,2025-06-16,regular,empirical,120,0.018615474112856356,0,0.0003465358764464251,0.018790922836881
s44-115-35,u035,2025-06-16,regular,hazard,30,0.0011234907564302565,0,1.26223147978423e-06,0.0011241223452706142
s44-115-35,u035,2025-06-16,regular,hazard,60,0.0029740108839988455,0,8.844740738143594e-06,0.0029784420420903308
s44-115-35,u035,2025-06-16,regular,hazard,120,0.011035733367911083,0,0.00012178741096762608,0.011097078818943985
s44-115-35,u035,2025-06-16,regular,hazard_cal,30,0.002355188997860691,0,5.546915215644046e-06,0.0023579668178529975
s44-115-35,u035,2025-06-16,regular,hazard_cal,60,0.006063174683615391,0,3.67620872440346e-05,0.006081630365066212
s44-115-35,u035,2025-06-16,regular,hazard_cal,120,0.02104385090039551,0,0.00044284366071807693,0.021268428977162045
s44-115-48,u048,2025-06-16,regular,empirical,30,0.0011634671320535084,0,1.353655767368816e-06,0.0011641444853737134
s44-115-48,u048,2025-06-16,regular,empirical,60,0.004072134962187279,0,1.6582283150267994e-05,0.004080448681161805
s44-115-48,u048,2025-06-16,regular,empirical,120,0.018615474112856356,0,0.0003465358764464251,0.018790922836881
s44-115-48,u048,2025-06-16,regular,hazard,30,0.002082088566401019,0,4.335092798337851e-06,0.0020842591261886682
s44-115-48,u048,2025-06-16,regular,hazard,60,0.005506631195116962,0,3.0322987119035263e-05,0.00552184857873362
s44-115-48,u048,2025-06-16,regular,hazard,120,0.020354416275279452,0,0.00041430226190736105,0.020564421988873493
s44-115-48,u048,2025-06-16,regular,hazard_cal,30,0.00413438880989192,0,1.7093170831359526e-05,0.004142959025198889
s44-115-48,u048,2025-06-16,regular,hazard_cal,60,0.0106268742053649,0,0.00011293045537664987,0.010683742681304008
s44-115-48,u048,2025-06-16,regular,hazard_cal,120,0.0366498787745263,0,0.0013432136141874735,0.03733835981796081
s44-115-16,u016,2025-06-16,regular,empirical,30,0.0011634671320535084,0,1.353655767368816e-06,0.0011641444853737134
s44-115-16,u016,2025-06-16,regular,empirical,60,0.004072134962187279,0,1.6582283150267994e-05,0.004080448681161805
s44-115-16,u016,2025-06-16,regular,empirical,120,0.018615474112856356,0,0.0003465358764464251,0.018790922836881
s44-115-16,u016,2025-06-16,regular,hazard,30,0.0016534360814628446,0,2.7338508754832064e-06,0.0016548045155207725
s44-115-16,u016,2025-06-16,regular,hazard,60,0.004374686418261775,0,1.9137881258124038e-05,0.004384283358186826
s44-115-16,u016,2025-06-16,regular,hazard,120,0.016198433991457706,0,0.00026238926377561243,0.016331062826533
s44-115-16,u016,2025-06-16,regular,hazard_cal,30,0.003350540173434724,0,1.122611945379999e-05,0.0033561658026074912
s44-115-16,u016,2025-06-16,regular,hazard_cal,60,0.00861804378708153,0,7.427067871605457e-05,0.008655393871036523
s44-115-16,u016,2025-06-16,regular,hazard_cal,120,0.02980503319098604,0,0.0008883400035157795,0.030258230971517332
s44-115-3,u003,2025-06-16,variable,empirical,30,0.0011634671320535084,0,1.353655767368816e-06,0.0011641444853737134
s44-115-3,u003,2025-06-16,variable,empirical,60,0.004072134962187279,0,1.6582283150267994e-05,0.004080448681161805
s44-115-3,u003,2025-06-16,variable,empirical,120,0.018615474112856356,0,0.0003465358764464251,0.018790922836881
s44-115-3,u003,2025-06-16,variable,hazard,30,0.0011669135561211963,0,1.3616872474594163e-06,0.00116759492986601
s44-115-3,u003,2025-06-16,variable,hazard,60,0.0030888316519902537,0,9.54088097433684e-06,0.0030936119386826178
s44-115-3,u003,2025-06-16,variable,hazard,120,0.0114597839338475,0,0.0001313266478104693,0.011525953267670965
s44-115-3,u003,2025-06-16,variable,hazard_cal,30,0.002438101492001521,0,5.944338885300042e-06,0.002441078501262396
s44-115-3,u003,2025-06-16,variable,hazard_cal,60,0.006276165794180222,0,3.939025707603785e-05,0.0062959437191688755
s44-115-3,u003,2025-06-16,variable,hazard_cal,120,0.021776635976932135,0,0.000474221874471815,0.022017246452375173
s44-115-14,u014,2025-06-16,variable,empirical,30,0.0011634671320535084,0,1.353655767368816e-06,0.0011641444853737134
s44-115-14,u014,2025-06-16,variable,empirical,60,0.004072134962187279,0,1.6582283150267994e-05,0.004080448681161805
s44-115-14,u014,2025-06-16,variable,empirical,120,0.018615474112856356,0,0.0003465358764464251,0.018790922836881
s44-115-14,u014,2025-06-16,variable,hazard,30,0.00263760377279576,0,6.956953662266428e-06,0.0026410883783146914
s44-115-14,u014,2025-06-16,variable,hazard,60,0.006972242630374659,0,4.861216729681374e-05,0.006996662286731704
s44-115-14,u014,2025-06-16,variable,hazard,120,0.02571401335750867,0,0.0006612104829501343,0.02605039765490257
s44-115-14,u014,2025-06-16,variable,hazard_cal,30,0.0051291979256982145,0,2.6308671360986867e-05,0.0051423974159225255
s44-115-14,u014,2025-06-16,variable,hazard_cal,60,0.013172352615539284,0,0.00017351087342810462,0.013259877507755606
s44-115-14,u014,2025-06-16,variable,hazard_cal,120,0.0452681240174454,0,0.0020492030520588168,0.04632473605480072
s44-115-4,u004,2025-06-16,regular,empirical,30,0.0011634671320535084,0,1.353655767368816e-06,0.0011641444853737134
s44-115-4,u004,2025-06-16,regular,empirical,60,0.004072134962187279,0,1.6582283150267994e-05,0.004080448681161805
s44-115-4,u004,2025-06-16,regular,empirical,120,0.018615474112856356,0,0.0003465358764464251,0.018790922836881
s44-115-4,u004,2025-06-16,regular,hazard,30,0.0013626463733100724,0,1.8568051386950932e-06,0.001363575620131888
s44-115-4,u004,2025-06-16,regular,hazard,60,0.003606283393997489,0,1.300527991782205e-05,0.0036128017099380863
s44-115-4,u004,2025-06-16,regular,hazard,120,0.013368956530698806,0,0.00017872899871971426,0.013459125575851619
s44-115-4,u004,2025-06-16,regular,hazard_cal,30,0.002808601274106204,0,7.888241116910991e-06,0.0028125527952304647
s44-115-4,u004,2025-06-16,regular,hazard_cal,60,0.007227550007241401,0,5.223747910717518e-05,0.007253795282616058
s44-115-4,u004,2025-06-16,regular,hazard_cal,120,0.025044502969852056,0,0.0006272271290069285,0.025363453097655347
s44-115-49,u049,2025-06-16,variable,empirical,30,0.0011634671320535084,0,1.353655767368816e-06,0.0011641444853737134
s44-115-49,u049,2025-06-16,variable,empirical,60,0.004072134962187279,0,1.6582283150267994e-05,0.004080448681161805
s44-115-49,u049,2025-06-16,variable,empirical,120,0.018615474112856356,0,0.0003465358764464251,0.018790922836881
s44-115-49,u049,2025-06-16,variable,hazard,30,0.0005448005093884323,0,2.9680759502989527e-07,0.0005449489671082902
s44-115-49,u049,2025-06-16,variable,hazard,60,0.0014429248648004656,0,2.082032165459442e-06,0.0014439668833734892
s44-115-49,u049,2025-06-16,variable,hazard,120,0.005366881683299685,0,2.8803419002537658e-05,0.005381335129285324
s44-115-49,u049,2025-06-16,variable,hazard_cal,30,0.0012166545063381218,0,1.4802481877928589e-06,0.0012173952312972117
s44-115-49,u049,2025-06-16,variable,hazard_cal,60,0.003135282673801698,0,9.829997444641126e-06,0.0031402079700155387
s44-115-49,u049,2025-06-16,variable,hazard_cal,120,0.010926271787395248,0,0.00011938341517202934,0.010986401894726293
s44-115-58,u058,2025-06-16,new,empirical,30,0.0011634671320535084,0,1.353655767368816e-06,0.0011641444853737134
s44-115-58,u058,2025-06-16,new,empirical,60,0.004072134962187279,0,1.6582283150267994e-05,0.004080448681161805
s44-115-58,u058,2025-06-16,new,empirical,120,0.018615474112856356,0,0.0003465358764464251,0.018790922836881
s44-115-58,u058,2025-06-16,new,hazard,30,0.0012170580710121337,0,1.4812303482157758e-06,0.001217799287649737
s44-115-58,u058,2025-06-16,new,hazard,60,0.0032214148032834178,0,1.0377513334813541e-05,0.0032266147303686176
s44-115-58,u058,2025-06-16,new,hazard,120,0.011949247600932966,0,0.00014278451822840224,0.01202121372863551
s44-115-58,u058,2025-06-16,new,hazard_cal,30,0.002533510248963977,0,6.418674181605514e-06,0.002536725016967819
s44-115-58,u058,2025-06-16,new,hazard_cal,60,0.006521219625099994,0,4.252630539878931e-05,0.006542575673418433
s44-115-58,u058,2025-06-16,new,hazard_cal,120,0.02261919167275317,0,0.0005116278319287463,0.022878929772411686
s44-115-51,u051,2025-06-16,regular,empirical,30,0.0011634671320535084,0,1.353655767368816e-06,0.0011641444853737134
s44-115-51,u051,2025-06-16,regular,empirical,60,0.004072134962187279,0,1.6582283150267994e-05,0.004080448681161805
s44-115-51,u051,2025-06-16,regular,empirical,120,0.018615474112856356,0,0.0003465358764464251,0.018790922836881
s44-115-51,u051,2025-06-16,regular,hazard,30,0.0009156311672334772,0,8.383804344093398e-07,0.0009160506135089497
s44-115-51,u051,2025-06-16,regular,hazard,60,0.002424249798112954,0,5.876987083650699e-06,0.0024271930494012208
s44-115-51,u051,2025-06-16,regular,hazard,120,0.009003307915226855,0,8.105955341638653e-05,0.009044082614558453
s44-115-51,u051,2025-06-16,regular,hazard_cal,30,0.00195413795052779,0,3.8186551296929514e-06,0.0019560497691368463
s44-115-51,u051,2025-06-16,regular,hazard_cal,60,0.005032488766400056,0,2.5325943183942758e-05,0.005045194383166024
s44-115-51,u051,2025-06-16,regular,hazard_cal,120,0.01749166010220371,0,0.0003059581731310251,0.017646446829153214
s44-115-8,u008,2025-06-16,regular,empirical,30,0.0011634671320535084,0,1.353655767368816e-06,0.0011641444853737134
s44-115-8,u008,2025-06-16,regular,empirical,60,0.004072134962187279,0,1.6582283150267994e-05,0.004080448681161805
s44-115-8,u008,2025-06-16,regular,empirical,120,0.018615474112856356,0,0.0003465358764464251,0.018790922836881
s44-115-8,u008,2025-06-16,regular,hazard,30,0.0034572498981843003,0,1.1952576858495355e-05,0.003463239996777016
s44-115-8,u008,2025-06-16,regular,hazard,60,0.00913194732878464,0,8.339246201569692e-05,0.0091738991563571
s44-115-8,u008,2025-06-16,regular,hazard,120,0.03356789504638802,0,0.0011268035778453213,0.03414423116795505
s44-115-8,u008,2025-06-16,regular,hazard_cal,30,0.006563684524928504,0,4.3081954542785915e-05,0.006585320227449625
s44-115-8,u008,2025-06-16,regular,hazard_cal,60,0.01683499805034494,0,0.00028341715935511797,0.016978317428090816
s44-115-8,u008,2025-06-16,regular,hazard_cal,120,0.05756123597252505,0,0.0033132958866847117,0.05928433362487155
s44-115-11,u011,2025-06-16,variable,empirical,30,0.0011634671320535084,0,1.353655767368816e-06,0.0011641444853737134
s44-115-11,u011,2025-06-16,variable,empirical,60,0.004072134962187279,0,1.6582283150267994e-05,0.004080448681161805
s44-115-11,u011,2025-06-16,variable,empirical,120,0.018615474112856356,0,0.0003465358764464251,0.018790922836881
s44-115-11,u011,2025-06-16,variable,hazard,30,0.0006531990030043122,0,4.2666893752582747e-07,0.0006534124304185188
s44-115-11,u011,2025-06-16,variable,hazard,60,0.0017298484278034376,0,2.992375583174025e-06,0.0017313463432887708
s44-115-11,u011,2025-06-16,variable,hazard,120,0.006431247883179947,0,4.136094933490655e-05,0.006452017455247666
s44-115-11,u011,2025-06-16,variable,hazard_cal,30,0.0014358133953601415,0,2.061560106295618e-06,0.0014368451631488908
s44-115-11,u011,2025-06-16,variable,hazard_cal,60,0.0036993351821486,0,1.3685080789882414e-05,0.003706194644736504
s44-115-11,u011,2025-06-16,variable,hazard_cal,120,0.012881840637121056,0,0.0001659418182001834,0.012965531047459997
s44-115-34,u034,2025-06-16,variable,empirical,30,0.0011634671320535084,0,1.353655767368816e-06,0.0011641444853737134
s44-115-34,u034,2025-06-16,variable,empirical,60,0.004072134962187279,0,1.6582283150267994e-05,0.004080448681161805
s44-115-34,u034,2025-06-16,variable,empirical,120,0.018615474112856356,0,0.0003465358764464251,0.018790922836881
s44-115-34,u034,2025-06-16,variable,hazard,30,0.0008506597985541431,0,7.236220928761753e-07,0.0008510218149169854
s44-115-34,u034,2025-06-16,variable,hazard,60,0.0022523656101655076,0,5.073150841856239e-06,0.002254906000895763
s44-115-34,u034,2025-06-16,variable,hazard,120,0.00836716031112339,0,7.000937167203846e-05,0.008402361490425742
s44-115-34,u034,2025-06-16,variable,hazard_cal,30,0.0018272004317728685,0,3.338661417870957e-06,0.0018288717987404101
s44-115-34,u034,2025-06-16,variable,hazard_cal,60,0.004706112414842312,0,2.2147494061132934e-05,0.004717221027829836
s44-115-34,u034,2025-06-16,variable,hazard_cal,120,0.01636469176482347,0,0.00026780313655768107,0.016500072339303694
s44-115-23,u023,2025-06-16,variable,empirical,30,0.0011634671320535084,0,1.353655767368816e-06,0.0011641444853737134
s44-115-23,u023,2025-06-16,variable,empirical,60,0.004072134962187279,0,1.6582283150267994e-05,0.004080448681161805
s44-115-23,u023,2025-06-16,variable,empirical,120,0.018615474112856356,0,0.0003465358764464251,0.018790922836881
s44-115-23,u023,2025-06-16,variable,hazard,30,0.0010356157414201927,0,1.0724999638772956e-06,0.001036152361922549
s44-115-23,u023,2025-06-16,variable,hazard,60,0.002741618992102679,0,7.5164746978581096e-06,0.002745384112710268
s44-115-23,u023,2025-06-16,variable,hazard,120,0.010177016813568307,0,0.00010357167122365202,0.01022915670318681
s44-115-23,u023,2025-06-16,variable,hazard_cal,30,0.0021865172819206524,0,4.780857824137678e-06,0.00218891120103297
s44-115-23,u023,2025-06-16,variable,hazard_cal,60,0.0056297835403681384,0,3.169446271140001e-05,0.00564569050164981
s44-115-23,u023,2025-06-16,variable,hazard_cal,120,0.01955144328263614,0,0.00038225893443413777,0.019745101099131978
s44-115-7,u007,2025-06-16,variable,empirical,30,0.0011634671320535084,0,1.353655767368816e-06,0.0011641444853737134
s44-115-7,u007,2025-06-16,variable,empirical,60,0.004072134962187279,0,1.6582283150267994e-05,0.004080448681161805
s44-115-7,u007,2025-06-16,variable,empirical,120,0.018615474112856356,0,0.0003465358764464251,0.018790922836881
s44-115-7,u007,2025-06-16,variable,hazard,30,0.0009674528336137689,0,9.359649852673107e-07,0.0009679211181595721
s44-115-7,u007,2025-06-16,variable,hazard,60,0.0025613310952660173,0,6.560416979576616e-06,0.002564616915671004
s44-115-7,u007,2025-06-16,variable,hazard,120,0.00951040846960427,0,9.044786925872064e-05,0.009555921197183431
s44-115-7,u007,2025-06-16,variable,hazard_cal,30,0.0020548136250795324,0,4.2222590338124886e-06,0.002056927651045776
s44-115-7,u007,2025-06-16,variable,hazard_cal,60,0.005291289886093287,0,2.7997748658673107e-05,0.005305338338625758
s44-115-7,u007,2025-06-16,variable,hazard_cal,120,0.018384563027950218,0,0.0003379921577286741,0.018555659372448876
s44-115-27,u027,2025-06-16,regular,empirical,30,0.0011634671320535084,0,1.353655767368816e-06,0.0011641444853737134
s44-115-27,u027,2025-06-16,regular,empirical,60,0.004072134962187279,0,1.6582283150267994e-05,0.004080448681161805
s44-115-27,u027,2025-06-16,regular,empirical,120,0.018615474112856356,0,0.0003465358764464251,0.018790922836881
s44-115-27,u027,2025-06-16,regular,hazard,30,0.004526415110776116,0,2.0488433755062363e-05,0.00453669034603113
s44-115-27,u027,2025-06-16,regular,hazard,60,0.011944173519598977,0,0.00014266328106628942,0.012016078295771483
s44-115-27,u027,2025-06-16,regular,hazard,120,0.04371666229046767,0,0.0019111465618187977,0.04470103148487365
s44-115-27,u027,2025-06-16,regular,hazard_cal,30,0.008389517564507898,0,7.038400496518653e-05,0.008424907643120216
s44-115-27,u027,2025-06-16,regular,hazard_cal,60,0.02148345097232951,0,0.0004615386656804858,0.021717579639385677
s44-115-27,u027,2025-06-16,regular,hazard_cal,120,0.07298183029985306,0,0.005326347553916549,0.07578211306883713
s44-116-26,u026,2025-06-17,regular,empirical,30,0.0011634671320535084,0,1.353655767368816e-06,0.0011641444853737134
s44-116-26,u026,2025-06-17,regular,empirical,60,0.004072134962187279,0,1.6582283150267994e-05,0.004080448681161805
s44-116-26,u026,2025-06-17,regular,empirical,120,0.018615474112856356,0,0.0003465358764464251,0.018790922836881
s44-116-26,u026,2025-06-17,regular,hazard,30,0.0043927941286538985,0,1.9296640256736164e-05,0.004402470797590032
s44-116-26,u026,2025-06-17,regular,hazard,60,0.011593015839246323,0,0.00013439801624901614,0.011660738764810427
s44-116-26,u026,2025-06-17,regular,hazard,120,0.04245420830753188,0,0.0018023598030193092,0.04338173484897882
s44-116-26,u026,2025-06-17,regular,hazard_cal,30,0.008163697820705473,0,6.66459621077913e-05,0.008197203278647439
s44-116-26,u026,2025-06-17,regular,hazard_cal,60,0.020909341481363253,0,0.00043720056118425803,0.021131037553504033
s44-116-26,u026,2025-06-17,regular,hazard_cal,120,0.0710882114687107,0,0.005053533809820131,0.07374149781841034
s44-116-51,u051,2025-06-17,regular,empirical,30,0.0011634671320535084,0,1.353655767368816e-06,0.0011641444853737134
s44-116-51,u051,2025-06-17,regular,empirical,60,0.004072134962187279,0,1.6582283150267994e-05,0.004080448681161805
s44-116-51,u051,2025-06-17,regular,empirical,120,0.018615474112856356,0,0.0003465358764464251,0.018790922836881
s44-116-51,u051,2025-06-17,regular,hazard,30,0.0005027454876035398,0,2.52753025305721e-07,0.0005028719064889844
s44-116-51,u051,2025-06-17,regular,hazard,60,0.0013315924918445576,0,1.7731385643367982e-06,0.0013324798489462357
s44-116-51,u051,2025-06-17,regular,hazard,120,0.004953632652441198,0,2.4538476455331617e-05,0.0049659425600015
s44-116-51,u051,2025-06-17,regular,hazard_cal,30,0.0011306307003341454,0,1.27832578053808e-06,0.001131270345404771
s44-116-51,u051,2025-06-17,regular,hazard_cal,60,0.0029138224193043794,0,8.490361091240826e-06,0.0029180758643818343
s44-116-51,u051,2025-06-17,regular,hazard_cal,120,0.01015762766839845,0,0.00010317739984981373,0.010209568397399237
s44-116-17,u017,2025-06-17,variable,empirical,30,0.0011634671320535084,0,1.353655767368816e-06,0.0011641444853737134
s44-116-17,u017,2025-06-17,variable,empirical,60,0.004072134962187279,0,1.6582283150267994e-05,0.004080448681161805
s44-116-17,u017,2025-06-17,variable,empirical,120,0.018615474112856356,0,0.0003465358764464251,0.018790922836881
s44-116-17,u017,2025-06-17,variable,hazard,30,0.0006316415043763346,0,3.9897099005079913e-07,0.0006318410739133867
s44-116-17,u017,2025-06-17,variable,hazard,60,0.0016727917691308214,0,2.7982323028718233e-06,0.0016741924475290615
s44-116-17,u017,2025-06-17,variable,hazard,120,0.006219666275524949,0,3.868424857890239e-05,0.006239088976842142
s44-116-17,u017,2025-06-17,variable,hazard_cal,30,0.0013925009464821336,0,1.939058885953638e-06,0.0013934713769132574
s44-116-17,u017,2025-06-17,variable,hazard_cal,60,0.00358787854493281,0,1.2872872453189176e-05,0.003594330418140678
s44-116-17,u017,2025-06-17,variable,hazard_cal,120,0.012495664719630817,0,0.0001561416367854263,0.012574392059160949
s44-116-43,u043,2025-06-17,regular,empirical,30,0.0011634671320535084,0,1.353655767368816e-06,0.0011641444853737134
s44-116-43,u043,2025-06-17,regular,empirical,60,0.004072134962187279,0,1.6582283150267994e-05,0.004080448681161805
s44-116-43,u043,2025-06-17,regular,empirical,120,0.018615474112856356,0,0.0003465358764464251,0.018790922836881
s44-116-43,u043,2025-06-17,regular,hazard,30,0.0007867044538656387,0,6.189038977320328e-07,0.0007870140682084765
s44-116-43,u043,2025-06-17,regular,hazard,60,0.0020831491040045336,0,4.339510189514891e-06,0.002085321877097242
s44-116-43,u043,2025-06-17,regular,hazard,120,0.007740557703598827,0,5.991623356274315e-05,0.007770671318483791
s44-116-43,u043,2025-06-17,regular,hazard_cal,30,0.0017014108937513095,0,2.89479902937563e-06,0.0017028599371113529
s44-116-43,u043,2025-06-17,regular,hazard_cal,60,0.004382615699078163,0,1.9207320365806374e-05,0.004392247511250499
s44-116-43,u043,2025-06-17,regular,hazard_cal,120,0.01524665261471092,0,0.00023246041595367133,0.015364077913452498
s44-116-46,u046,2025-06-17,regular,empirical,30,0.0011634671320535084,0,1.353655767368816e-06,0.0011641444853737134
s44-116-46,u046,2025-06-17,regular,empirical,60,0.004072134962187279,0,1.6582283150267994e-05,0.004080448681161805
s44-116-46,u046,2025-06-17,regular,empirical,120,0.018615474112856356,0,0.0003465358764464251,0.018790922836881
s44-116-46,u046,2025-06-17,regular,hazard,30,0.0014073165510811725,0,1.9805398749470065e-06,0.001408307751082568
s44-116-46,u046,2025-06-17,regular,hazard,60,0.003724349966155227,0,1.387078267040044e-05,0.003731302625616828
s44-116-46,u046,2025-06-17,regular,hazard,120,0.013804145750405561,0,0.00019055443989843992,0.013900308963272805
s44-116-46,u046,2025-06-17,regular,hazard_cal,30,0.0028924715713182225,0,8.366391790884108e-06,0.0028966628512701862
s44-116-46,u046,2025-06-17,regular,hazard_cal,60,0.00744282929595641,0,5.539570792874699e-05,0.007470665355287631
s44-116-46,u046,2025-06-17,regular,hazard_cal,120,0.025782750768258533,0,0.0006647502371781359,0.026120951718670942
s44-116-10,u010,2025-06-17,variable,empirical,30,0.0011634671320535084,1,0.9976744193916603,6.756350824822913
s44-116-10,u010,2025-06-17,variable,empirical,60,0.004072134962187279,1,0.9918723123587757,5.503587856327545
s44-116-10,u010,2025-06-17,variable,empirical,120,0.018615474112856356,1,0.9631155876507337,3.9837621025831202
s44-116-10,u010,2025-06-17,variable,hazard,30,0.0010585087272193539,1,0.9978841029862869,6.850894222530236
s44-116-10,u010,2025-06-17,variable,hazard,60,0.0028021648161909996,1,0.9944035224952751,5.877363011886783
s44-116-10,u010,2025-06-17,variable,hazard,120,0.010400800126400989,1,0.9793065763904674,4.5658725405633085
s44-116-10,u010,2025-06-17,variable,hazard_cal,30,0.002230576911261828,1,0.9955438216508334,6.105495022366658
s44-116-10,u010,2025-06-17,variable,hazard_cal,60,0.005743004358140347,1,0.988546973382777,5.159772798238983
s44-116-10,u010,2025-06-17,variable,hazard_cal,120,0.019941500186397065,1,0.9605146630568899,3.9149522822535294
s44-116-24,u024,2025-06-17,variable,empirical,30,0.0011634671320535084,0,1.353655767368816e-06,0.0011641444853737134
s44-116-24,u024,2025-06-17,variable,empirical,60,0.004072134962187279,0,1.6582283150267994e-05,0.004080448681161805
s44-116-24,u024,2025-06-17,variable,empirical,120,0.018615474112856356,0,0.0003465358764464251,0.018790922836881
s44-116-24,u024,2025-06-17,variable,hazard,30,0.0018494364781372896,0,3.4204152866648612e-06,0.0018511487973233668
s44-116-24,u024,2025-06-17,variable,hazard,60,0.004892377485623767,0,2.393535746183833e-05,0.004904384341744204
s44-116-24,u024,2025-06-17,variable,hazard,120,0.018100953686980392,0,0.0003276445243782091,0.018266780074275703
s44-116-24,u024,2025-06-17,variable,hazard_cal,30,0.0037109565442561276,0,1.377119847335738e-05,0.003717859225818506
s44-116-24,u024,2025-06-17,variable,hazard_cal,60,0.009542056027024626,0,9.105083322287698e-05,0.009587873136198318
s44-116-24,u024,2025-06-17,variable,hazard_cal,120,0.03295827529011952,0,0.001086247910099303,0.03351363584557006
s44-116-8,u008,2025-06-17,regular,empirical,30,0.0011634671320535084,0,1.353655767368816e-06,0.0011641444853737134
s44-116-8,u008,2025-06-17,regular,empirical,60,0.004072134962187279,0,1.6582283150267994e-05,0.004080448681161805
s44-116-8,u008,2025-06-17,regular,empirical,120,0.018615474112856356,0,0.0003465358764464251,0.018790922836881
s44-116-8,u008,2025-06-17,regular,hazard,30,0.0033407027463110417,0,1.1160294839210136e-05,0.0033462953526946825
s44-116-8,u008,2025-06-17,regular,hazard,60,0.00882505515985288,0,7.788159857444593e-05,0.008864226589445487
s44-116-8,u008,2025-06-17,regular,hazard,120,0.03245504763100748,0,0.0010533301167309644,0.03299339276065242
s44-116-8,u008,2025-06-17,regular,hazard_cal,30,0.006361777280291303,0,4.047221016403061e-05,0.006382099622030863
s44-116-8,u008,2025-06-17,regular,hazard_cal,60,0.016320033420190505,0,0.00026634349083613497,0.016454672046618185
s44-116-8,u008,2025-06-17,regular,hazard_cal,120,0.055840468798743714,0,0.00311815795566347,0.057460132198083644
s44-116-13,u013,2025-06-17,regular,empirical,30,0.0011634671320535084,0,1.353655767368816e-06,0.0011641444853737134
s44-116-13,u013,2025-06-17,regular,empirical,60,0.004072134962187279,0,1.6582283150267994e-05,0.004080448681161805
s44-116-13,u013,2025-06-17,regular,empirical,120,0.018615474112856356,0,0.0003465358764464251,0.018790922836881
s44-116-13,u013,2025-06-17,regular,hazard,30,0.003104368860551543,0,9.637106022362084e-06,0.00310919740921627
s44-116-13,u013,2025-06-17,regular,hazard,60,0.008202536189195087,0,6.728159993505505e-05,0.008236362088262873
s44-116-13,u013,2025-06-17,regular,hazard,120,0.03019444473057975,0,0.0009117044925880353,0.03065968606432989
s44-116-13,u013,2025-06-17,regular,hazard_cal,30,0.0059503595136669585,0,3.540677834188688e-05,0.005968133445434032
s44-116-13,u013,2025-06-17,regular,hazard_cal,60,0.015270143326428065,0,0.00023317727720965556,0.015387932609618323
s44-116-13,u013,2025-06-17,regular,hazard_cal,120,0.05232451022881601,0,0.0027378543706854715,0.05374314569663229
s44-116-33,u033,2025-06-17,variable,empirical,30,0.0011634671320535084,0,1.353655767368816e-06,0.0011641444853737134
s44-116-33,u033,2025-06-17,variable,empirical,60,0.004072134962187279,0,1.6582283150267994e-05,0.004080448681161805
s44-116-33,u033,2025-06-17,variable,empirical,120,0.018615474112856356,0,0.0003465358764464251,0.018790922836881
s44-116-33,u033,2025-06-17,variable,hazard,30,0.0006042062556486094,0,3.650651993649128e-07,0.0006043888618065185
s44-116-33,u033,2025-06-17,variable,hazard,60,0.0016001750512800728,0,2.5605601947391835e-06,0.0016014566988001742
s44-116-33,u033,2025-06-17,variable,hazard,120,0.00595033011920576,0,3.540642852752724e-05,0.005968103875018667
s44-116-33,u033,2025-06-17,variable,hazard_cal,30,0.001337190564174917,0,1.7880786049184331e-06,0.0013380854012781515
s44-116-33,u033,2025-06-17,variable,hazard_cal,60,0.0034455350672143448,0,1.187171189940376e-05,0.003451484593295719
s44-116-33,u033,2025-06-17,variable,hazard_cal,120,0.012002297101945225,0,0.00014405513572336275,0.01207490623894091
s44-116-54,u054,2025-06-17,new,empirical,30,0.0011634671320535084,0,1.353655767368816e-06,0.0011641444853737134
s44-116-54,u054,2025-06-17,new,empirical,60,0.004072134962187279,0,1.6582283150267994e-05,0.004080448681161805
s44-116-54,u054,2025-06-17,new,empirical,120,0.018615474112856356,0,0.0003465358764464251,0.018790922836881
s44-116-54,u054,2025-06-17,new,hazard,30,0.0009697632601515238,0,9.40440780739712e-07,0.0009702337847648118
s44-116-54,u054,2025-06-17,new,hazard,60,0.002567442445510215,0,6.591760711007474e-06,0.0025707439780729858
s44-116-54,u054,2025-06-17,new,hazard,120,0.009533011024520865,0,9.087829919363636e-05,0.009578741035982528
s44-116-54,u054,2025-06-17,new,hazard_cal,30,0.002059290910019662,0,4.240679052089608e-06,0.002061414164979574
s44-116-54,u054,2025-06-17,new,hazard_cal,60,0.005302798316808133,0,2.8119669988743165e-05,0.005316908054636684
s44-116-54,u054,2025-06-17,new,hazard_cal,120,0.018424253861781037,0,0.00033945313036335344,0.018596094388842282
s44-116-6,u006,2025-06-17,variable,empirical,30,0.0011634671320535084,0,1.353655767368816e-06,0.0011641444853737134
s44-116-6,u006,2025-06-17,variable,empirical,60,0.004072134962187279,0,1.6582283150267994e-05,0.004080448681161805
s44-116-6,u006,2025-06-17,variable,empirical,120,0.018615474112856356,0,0.0003465358764464251,0.018790922836881
s44-116-6,u006,2025-06-17,variable,hazard,30,0.0009008820203301182,0,8.115884145540755e-07,0.0009012880584173198
s44-116-6,u006,2025-06-17,variable,hazard,60,0.0023852321967234857,0,5.689332632286345e-06,0.0023880813946070183
s44-116-6,u006,2025-06-17,variable,hazard,120,0.008858932279599108,0,7.848068113452305e-05,0.008898405922644504
s44-116-6,u006,2025-06-17,variable,hazard_cal,30,0.0019253935547924872,0,3.7071403408364504e-06,0.0019272495076386347
s44-116-6,u006,2025-06-17,variable,hazard_cal,60,0.004958588790403673,0,2.458760279231696e-05,0.004970923383476612
s44-116-6,u006,2025-06-17,variable,hazard_cal,120,0.017236575532823983,0,0.0002970995360987464,0.01738685466949623
s44-116-0,u000,2025-06-17,regular,empirical,30,0.0011634671320535084,0,1.353655767368816e-06,0.0011641444853737134
s44-116-0,u000,2025-06-17,regular,empirical,60,0.004072134962187279,0,1.6582283150267994e-05,0.004080448681161805
s44-116-0,u000,2025-06-17,regular,empirical,120,0.018615474112856356,0,0.0003465358764464251,0.018790922836881
s44-116-0,u000,2025-06-17,regular,hazard,30,0.004304631053923869,0,1.8529848510405714e-05,0.004313922652368335
s44-116-0,u000,2025-06-17,regular,hazard,60,0.011361274331389892,0,0.00012907855443309885,0.011426306644434437
s44-116-0,u000,2025-06-17,regular,hazard,120,0.04162032026968021,0,0.0017322510593507535,0.042511254130448525
s44-116-0,u000,2025-06-17,regular,hazard_cal,30,0.008014357879793654,0,6.422993222541063e-05,0.008046645471155647
s44-116-0,u000,2025-06-17,regular,hazard_cal,60,0.020529543293136165,0,0.0004214621478247521,0.0207432036584724
s44-116-0,u000,2025-06-17,regular,hazard_cal,120,0.0698338159354478,0,0.004876761848106002,0.07239201625591686
s44-116-25,u025,2025-06-17,variable,empirical,30,0.0011634671320535084,0,1.353655767368816e-06,0.0011641444853737134
s44-116-25,u025,2025-06-17,variable,empirical,60,0.004072134962187279,0,1.6582283150267994e-05,0.004080448681161805
s44-116-25,u025,2025-06-17,variable,empirical,120,0.018615474112856356,0,0.0003465358764464251,0.018790922836881
s44-116-25,u025,2025-06-17,variable,hazard,30,0.0007121010256528892,0,5.070878707358969e-07,0.0007123546900185093
s44-116-25,u025,2025-06-17,variable,hazard,60,0.0018857339376645577,0,3.555992483659878e-06,0.0018875141722910042
s44-116-25,u025,2025-06-17,variable,hazard,120,0.0070091247848000915,0,4.912783024889893e-05,0.007033804087744588
s44-116-25,u025,2025-06-17,variable,hazard_cal,30,0.0015535303449939475,0,2.4134565328170134e-06,0.0015547383245110146
s44-116-25,u025,2025-06-17,variable,hazard_cal,60,0.004002215193513736,0,1.6017726455192194e-05,0.004010245489885339
s44-116-25,u025,2025-06-17,variable,hazard_cal,120,0.013930655273838966,0,0.00019406315635853738,0.014028597515616182
s44-116-3,u003,2025-06-17,variable,empirical,30,0.0011634671320535084,0,1.353655767368816e-06,0.0011641444853737134
s44-116-3,u003,2025-06-17,variable,empirical,60,0.004072134962187279,0,1.6582283150267994e-05,0.004080448681161805
s44-116-3,u003,2025-06-17,variable,empirical,120,0.018615474112856356,0,0.0003465358764464251,0.018790922836881
s44-116-3,u003,2025-06-17,variable,hazard,30,0.0009275432892845714,0,8.603365534968421e-07,0.0009279737237463009
s44-116-3,u003,2025-06-17,variable,hazard,60,0.002455761514101207,0,6.030764614140652e-06,0.002458781842225254
s44-116-3,u003,2025-06-17,variable,hazard,120,0.009119897122717768,0,8.317252352895583e-05,0.009161737968233089
s44-116-3,u003,2025-06-17,variable,hazard_cal,30,0.0019773235077692464,0,3.909808254376877e-06,0.0019792809927093977
s44-116-3,u003,2025-06-17,variable,hazard_cal,60,0.005092094602717645,0,2.592942744302617e-05,0.005105103496909775
s44-116-3,u003,2025-06-17,variable,hazard_cal,120,0.017697366452794516,0,0.0003131967793644968,0.017855837303985222
s44-116-53,u053,2025-06-17,regular,empirical,30,0.0011634671320535084,0,1.353655767368816e-06,0.0011641444853737134
s44-116-53,u053,2025-06-17,regular,empirical,60,0.004072134962187279,0,1.6582283150267994e-05,0.004080448681161805
s44-116-53,u053,2025-06-17,regular,empirical,120,0.018615474112856356,0,0.0003465358764464251,0.018790922836881
s44-116-53,u053,2025-06-17,regular,hazard,30,0.005009881128647531,0,2.5098908923178658e-05,0.005022472655415162
s44-116-53,u053,2025-06-17,regular,hazard,60,0.01321399939761303,0,0.00017460978008011752,0.013302081089112483
s44-116-53,u053,2025-06-17,regular,hazard,120,0.04827043584003643,0,0.0023300349761870734,0.04947435580719755
s44-116-53,u053,2025-06-17,regular,hazard_cal,30,0.009201599509937375,0,8.466943354127974e-05,0.009244195730304048
s44-116-53,u053,2025-06-17,regular,hazard_cal,60,0.023546140887461098,0,0.0005544207506921673,0.023827781074623838
s44-116-53,u053,2025-06-17,regular,hazard_cal,120,0.07976008178070915,0,0.006361670645665412,0.08312086226327813
s44-116-55,u055,2025-06-17,new,empirical,30,0.0011634671320535084,0,1.353655767368816e-06,0.0011641444853737134
s44-116-55,u055,2025-06-17,new,empirical,60,0.004072134962187279,0,1.6582283150267994e-05,0.004080448681161805
s44-116-55,u055,2025-06-17,new,empirical,120,0.018615474112856356,0,0.0003465358764464251,0.018790922836881
s44-116-55,u055,2025-06-17,new,hazard,30,0.0024928303387294903,0,6.214203097690186e-06,0.002495942613603046
s44-116-55,u055,2025-06-17,new,hazard,60,0.006590433743770552,0,4.343381693102953e-05,0.006612246542258054
s44-116-55,u055,2025-06-17,new,hazard,120,0.024320103486069722,0,0.0005914674335731406,0.02462072124783746
s44-116-55,u055,2025-06-17,new,hazard_cal,30,0.00487192990139651,0,2.373570096412141e-05,0.004883836439499389
s44-116-55,u055,2025-06-17,new,hazard_cal,60,0.012514493697347473,0,0.00015661255250094962,0.012593459476441572
s44-116-55,u055,2025-06-17,new,hazard_cal,120,0.04304669785357995,0,0.0018530181960974047,0.044000684804996
s44-116-18,u018,2025-06-17,regular,empirical,30,0.0011634671320535084,0,1.353655767368816e-06,0.0011641444853737134
s44-116-18,u018,2025-06-17,regular,empirical,60,0.004072134962187279,0,1.6582283150267994e-05,0.004080448681161805
s44-116-18,u018,2025-06-17,regular,empirical,120,0.018615474112856356,0,0.0003465358764464251,0.018790922836881
s44-116-18,u018,2025-06-17,regular,hazard,30,0.001417948551641568,0,2.0105780951024204e-06,0.0014189547919996389
s44-116-18,u018,2025-06-17,regular,hazard,60,0.003752449684412351,0,1.4080878634046354e-05,0.003759507786042623
s44-116-18,u018,2025-06-17,regular,hazard,120,0.013907697056525725,0,0.00019342403741609432,0.014005315228039598
s44-116-18,u018,2025-06-17,regular,hazard_cal,30,0.0029123985840022737,0,8.48206551209845e-06,0.002916647869171886
s44-116-18,u018,2025-06-17,regular,hazard_cal,60,0.007493973512777807,0,5.615963901021535e-05,0.007522194411798356
s44-116-18,u018,2025-06-17,regular,hazard_cal,120,0.025958072046295855,0,0.0006738215043606863,0.026300929085710835
s44-116-41,u041,2025-06-17,regular,empirical,30,0.0011634671320535084,0,1.353655767368816e-06,0.0011641444853737134
s44-116-41,u041,2025-06-17,regular,empirical,60,0.004072134962187279,0,1.6582283150267994e-05,0.004080448681161805
s44-116-41,u041,2025-06-17,regular,empirical,120,0.018615474112856356,0,0.0003465358764464251,0.018790922836881
s44-116-41,u041,2025-06-17,regular,hazard,30,0.003924861080030317,0,1.540453449753675e-05,0.003932583560343527
s44-116-41,u041,2025-06-17,regular,hazard,60,0.010362593460745528,0,0.00010738334323268599,0.010416658962574415
s44-116-41,u041,2025-06-17,regular,hazard,120,0.03801988522712352,0,0.0014455116726836451,0.03876149924433833
s44-116-41,u041,2025-06-17,regular,hazard_cal,30,0.007367777185366409,0,5.428414065320576e-05,0.007395053314571727
s44-116-41,u041,2025-06-17,regular,hazard_cal,60,0.018884015146620747,0,0.00035660602805780183,0.019064595158463354
s44-116-41,u041,2025-06-17,regular,hazard_cal,120,0.06438344326060319,0,0.004145227766091311,0.06654954804199198
s44-116-42,u042,2025-06-17,regular,empirical,30,0.0011634671320535084,0,1.353655767368816e-06,0.0011641444853737134
s44-116-42,u042,2025-06-17,regular,empirical,60,0.004072134962187279,0,1.6582283150267994e-05,0.004080448681161805
s44-116-42,u042,2025-06-17,regular,empirical,120,0.018615474112856356,0,0.0003465358764464251,0.018790922836881
s44-116-42,u042,2025-06-17,regular,hazard,30,0.005765196592136368,0,3.323749174598079e-05,0.005781879489030069
s44-116-42,u042,2025-06-17,regular,hazard,60,0.015195553830027353,0,0.00023090485620125896,0.015312189327230519
s44-116-42,u042,2025-06-17,regular,hazard,120,0.05534098759549888,0,0.003062624908045161,0.056931250038832835
s44-116-42,u042,2025-06-17,regular,hazard_cal,30,0.010456136369404678,0,0.00010933078777558725,0.010511185836023227
s44-116-42,u042,2025-06-17,regular,hazard_cal,60,0.02672684435241346,0,0.0007143242090381352,0.027090500688715193
s44-116-42,u042,2025-06-17,regular,hazard_cal,120,0.09013520716117496,0,0.008124355569987925,0.09445926980823315
s44-116-50,u050,2025-06-17,variable,empirical,30,0.0011634671320535084,0,1.353655767368816e-06,0.0011641444853737134
s44-116-50,u050,2025-06-17,variable,empirical,60,0.004072134962187279,0,1.6582283150267994e-05,0.004080448681161805
s44-116-50,u050,2025-06-17,variable,empirical,120,0.018615474112856356,0,0.0003465358764464251,0.018790922836881
s44-116-50,u050,2025-06-17,variable,hazard,30,0.001736577587490018,0,3.0157017173726513e-06,0.0017380871862921528
s44-116-50,u050,2025-06-17,variable,hazard,60,0.004594309065814817,0,2.1107675792228214e-05,0.004604895340567466
s44-116-50,u050,2025-06-17,variable,hazard,120,0.017005919253348045,0,0.00028920128965139374,0.017152180474003936
s44-116-50,u050,2025-06-17,variable,hazard_cal,30,0.0035038658521829857,0,1.2277075910094001e-05,0.0035100187670012973
s44-116-50,u050,2025-06-17,variable,hazard_cal,60,0.009011202051529166,0,8.120176241348344e-05,0.00905204850163689
s44-116-50,u050,2025-06-17,variable,hazard_cal,120,0.031147704196656578,0,0.0009701794767224178,0.031643108221443
s44-116-58,u058,2025-06-17,new,empirical,30,0.0011634671320535084,0,1.353655767368816e-06,0.0011641444853737134
s44-116-58,u058,2025-06-17,new,empirical,60,0.004072134962187279,0,1.6582283150267994e-05,0.004080448681161805
s44-116-58,u058,2025-06-17,new,empirical,120,0.018615474112856356,0,0.0003465358764464251,0.018790922836881
s44-116-58,u058,2025-06-17,new,hazard,30,0.0009674091153566433,0,9.358803964751232e-07,0.000967877357567094
s44-116-58,u058,2025-06-17,new,hazard,60,0.002561215455075594,0,6.5598246073180815e-06,0.0025645009785338897
s44-116-58,u058,2025-06-17,new,hazard,120,0.009509980775453286,0,9.043973434949108e-05,0.00955548939652414
s44-116-58,u058,2025-06-17,new,hazard_cal,30,0.002054728896099811,0,4.221910836467549e-06,0.002056842747608913
s44-116-58,u058,2025-06-17,new,hazard_cal,60,0.005291072097517113,0,2.7995443941124146e-05,0.005305119391561038
s44-116-58,u058,2025-06-17,new,hazard_cal,120,0.01838381189584648,0,0.0003379645398218666,0.01855489417277081
s44-116-29,u029,2025-06-17,regular,empirical,30,0.0011634671320535084,0,1.353655767368816e-06,0.0011641444853737134
s44-116-29,u029,2025-06-17,regular,empirical,60,0.004072134962187279,0,1.6582283150267994e-05,0.004080448681161805
s44-116-29,u029,2025-06-17,regular,empirical,120,0.018615474112856356,0,0.0003465358764464251,0.018790922836881
s44-116-29,u029,2025-06-17,regular,hazard,30,0.0017921199004181654,0,3.211693737474815e-06,0.0017937276684494366
s44-116-29,u029,2025-06-17,regular,hazard,60,0.0047410081035702545,0,2.247715783811882e-05,0.004752282330738409
s44-116-29,u029,2025-06-17,regular,hazard,120,0.017544983023267235,0,0.0003078264292867355,0.017700720534451646
s44-116-29,u029,2025-06-17,regular,hazard_cal,30,0.0036059286269610746,0,1.3002721262737381e-05,0.0036124456589440423
s44-116-29,u029,2025-06-17,regular,hazard_cal,60,0.009272852863169478,0,8.59858002219904e-05,0.009316113403379874
s44-116-29,u029,2025-06-17,regular,hazard_cal,120,0.032040446745449924,0,0.0010265902276480126,0.03256497640647263
s44-116-5,u005,2025-06-17,regular,empirical,30,0.0011634671320535084,0,1.353655767368816e-06,0.0011641444853737134
s44-116-5,u005,2025-06-17,regular,empirical,60,0.004072134962187279,0,1.6582283150267994e-05,0.004080448681161805
s44-116-5,u005,2025-06-17,regular,empirical,120,0.018615474112856356,0,0.0003465358764464251,0.018790922836881
s44-116-5,u005,2025-06-17,regular,hazard,30,0.0034736366409643393,0,1.2066151513450018e-05,0.003479683724362512
s44-116-5,u005,2025-06-17,regular,hazard,60,0.009175091597371732,0,8.418230582016135e-05,0.009217441995173594
s44-116-5,u005,2025-06-17,regular,hazard,120,0.03372425973365323,0,0.0011373256945829044,0.03430604009111237
s44-116-5,u005,2025-06-17,regular,hazard_cal,30,0.006592023042349182,0,4.3454767790862566e-05,0.006613846385770669
s44-116-5,u005,2025-06-17,regular,hazard_cal,60,0.01690726076640947,0,0.00028585546662336897,0.01705182021929008
s44-116-5,u005,2025-06-17,regular,hazard_cal,120,0.05780250437106982,0,0.0033411295115675452,0.05954037072341149
s44-116-59,u059,2025-06-17,new,empirical,30,0.0011634671320535084,0,1.353655767368816e-06,0.0011641444853737134
s44-116-59,u059,2025-06-17,new,empirical,60,0.004072134962187279,0,1.6582283150267994e-05,0.004080448681161805
s44-116-59,u059,2025-06-17,new,empirical,120,0.018615474112856356,0,0.0003465358764464251,0.018790922836881
s44-116-59,u059,2025-06-17,new,hazard,30,0.0007987267020215238,0,6.379643445221802e-07,0.0007990458541486519
s44-116-59,u059,2025-06-17,new,hazard,60,0.0021149597509071416,0,4.473054747957199e-06,0.0021171994367352384
s44-116-59,u059,2025-06-17,new,hazard,120,0.007858376236831055,0,6.175407707959102e-05,0.007889415997052847
s44-116-59,u059,2025-06-17,new,hazard_cal,30,0.001725123270701956,0,2.976050299117414e-06,0.0017266130094200022
s44-116-59,u059,2025-06-17,new,hazard_cal,60,0.004443603010574226,0,1.974560771558433e-05,0.004453505159466029
s44-116-59,u059,2025-06-17,new,hazard_cal,120,0.015457508528996189,0,0.00023893456992398992,0.015578221376238164
s44-116-11,u011,2025-06-17,variable,empirical,30,0.0011634671320535084,0,1.353655767368816e-06,0.0011641444853737134
s44-116-11,u011,2025-06-17,variable,empirical,60,0.004072134962187279,0,1.6582283150267994e-05,0.004080448681161805
s44-116-11,u011,2025-06-17,variable,empirical,120,0.018615474112856356,0,0.0003465358764464251,0.018790922836881
s44-116-11,u011,2025-06-17,variable,hazard,30,0.000627309655114705,0,3.935174034001302e-07,0.0006275064961408941
s44-116-11,u011,2025-06-17,variable,hazard,60,0.0016613263024105596,0,2.760005083081142e-06,0.001662707835282055
s44-116-11,u011,2025-06-17,variable,hazard,120,0.006177144733542361,0,3.815711705913013e-05,0.006196302225216269
s44-116-11,u011,2025-06-17,variable,hazard_cal,30,0.0013837820434045023,0,1.91485274364874e-06,0.0013847403539402887
s44-116-11,u011,2025-06-17,variable,hazard_cal,60,0.003565441020218385,0,1.2712369668655919e-05,0.0035718123539708073
s44-116-11,u011,2025-06-17,variable,hazard_cal,120,0.012417908463313143,0,0.00015420445060322418,0.012495654991960146
s44-116-19,u019,2025-06-17,variable,empirical,30,0.0011634671320535084,0,1.353655767368816e-06,0.0011641444853737134
s44-116-19,u019,2025-06-17,variable,empirical,60,0.004072134962187279,0,1.6582283150267994e-05,0.004080448681161805
s44-116-19,u019,2025-06-17,variable,empirical,120,0.018615474112856356,0,0.0003465358764464251,0.018790922836881
s44-116-19,u019,2025-06-17,variable,hazard,30,0.0006954815975784845,0,4.83694652570321e-07,0.0006957235570968689
s44-116-19,u019,2025-06-17,variable,hazard,60,0.0018417519784451608,0,3.392050350106664e-06,0.0018434500889394415
s44-116-19,u019,2025-06-17,variable,hazard,120,0.006846109046831472,0,4.686920908110773e-05,0.006869651160816548
s44-116-19,u019,2025-06-17,variable,hazard_cal,30,0.0015204058421001143,0,2.311633924692158e-06,0.0015215628319405748
s44-116-19,u019,2025-06-17,variable,hazard_cal,60,0.003916993800371027,0,1.534284043214506e-05,0.003924685312226423
s44-116-19,u019,2025-06-17,variable,hazard_cal,120,0.013635639790396947,0,0.00018593067249345651,0.013729458959117471
s44-116-4,u004,2025-06-17,regular,empirical,30,0.0011634671320535084,0,1.353655767368816e-06,0.0011641444853737134
s44-116-4,u004,2025-06-17,regular,empirical,60,0.004072134962187279,0,1.6582283150267994e-05,0.004080448681161805
s44-116-4,u004,2025-06-17,regular,empirical,120,0.018615474112856356,0,0.0003465358764464251,0.018790922836881
s44-116-4,u004,2025-06-17,regular,hazard,30,0.000737466769240136,0,5.43857235733484e-07,0.0007377388316242044
s44-116-4,u004,2025-06-17,regular,hazard,60,0.0019528596910283191,0,3.813660972843222e-06,0.0019547690076713625
s44-116-4,u004,2025-06-17,regular,hazard,120,0.0072578787676625955,0,5.2676804206087515e-05,0.007284345308149076
s44-116-4,u004,2025-06-17,regular,hazard_cal,30,0.0016039570123212998,0,2.5726780973746702e-06,0.0016052447285151395
s44-116-4,u004,2025-06-17,regular,hazard_cal,60,0.004131941356159241,0,1.7072939370739068e-05,0.00414050141375239
s44-116-4,u004,2025-06-17,regular,hazard_cal,120,0.014379600597303477,0,0.0002067729133379705,0.014483988971153161
s44-117-6,u006,2025-06-18,variable,empirical,30,0.0011634671320535084,0,1.353655767368816e-06,0.0011641444853737134
s44-117-6,u006,2025-06-18,variable,empirical,60,0.004072134962187279,0,1.6582283150267994e-05,0.004080448681161805
s44-117-6,u006,2025-06-18,variable,empirical,120,0.018615474112856356,0,0.0003465358764464251,0.018790922836881
s44-117-6,u006,2025-06-18,variable,hazard,30,0.0007177964176119378,0,5.152316971365314e-07,0.0007180541568040656
s44-117-6,u006,2025-06-18,variable,hazard,60,0.0019008060152447825,0,3.6130635075907484e-06,0.0019026148395113883
s44-117-6,u006,2025-06-18,variable,hazard,120,0.007064983211992115,0,4.991398778573042e-05,0.007090058379439642
s44-117-6,u006,2025-06-18,variable,hazard_cal,30,0.001564866239474827,0,2.4488063474480864e-06,0.0015660919215010533
s44-117-6,u006,2025-06-18,variable,hazard_cal,60,0.004031378586511369,0,1.6252013307782407e-05,0.004039526498750401
s44-117-6,u006,2025-06-18,variable,hazard_cal,120,0.01403159564351597,0,0.00019688567630313637,0.014130969156130787
s44-117-23,u023,2025-06-18,variable,empirical,30,0.0011634671320535084,0,1.353655767368816e-06,0.0011641444853737134
s44-117-23,u023,2025-06-18,variable,empirical,60,0.004072134962187279,0,1.6582283150267994e-05,0.004080448681161805
s44-117-23,u023,2025-06-18,variable,empirical,120,0.018615474112856356,0,0.0003465358764464251,0.018790922836881
s44-117-23,u023,2025-06-18,variable,hazard,30,0.0017009617309102776,0,2.8932708100212877e-06,0.0017024100088585358
s44-117-23,u023,2025-06-18,variable,hazard,60,0.004500232065274057,0,2.0252088641320804e-05,0.0045103885922015965
s44-117-23,u023,2025-06-18,variable,hazard,120,0.016660093674963128,0,0.00027755872125854645,0.016800433940379143
s44-117-23,u023,2025-06-18,variable,hazard_cal,30,0.003438266651570432,0,1.182167756730135e-05,0.003444191074081723
s44-117-23,u023,2025-06-18,variable,hazard_cal,60,0.008843005353020295,0,7.819874367354558e-05,0.008882336768482959
s44-117-23,u023,2025-06-18,variable,hazard_cal,120,0.03057347811691391,0,0.0009347375641654138,0.03105059687446607
s44-117-36,u036,2025-06-18,variable,empirical,30,0.0011634671320535084,0,1.353655767368816e-06,0.0011641444853737134
s44-117-36,u036,2025-06-18,variable,empirical,60,0.004072134962187279,0,1.6582283150267994e-05,0.004080448681161805
s44-117-36,u036,2025-06-18,variable,empirical,120,0.018615474112856356,0,0.0003465358764464251,0.018790922836881
s44-117-36,u036,2025-06-18,variable,hazard,30,0.0006036963188641442,0,3.644492454101185e-07,0.0006038786168589604
s44-117-36,u036,2025-06-18,variable,hazard,60,0.0015988252951216753,0,2.556242324320912e-06,0.001600104780247818
s44-117-36,u036,2025-06-18,variable,hazard,120,0.005945323291140614,0,3.534686903617906e-05,0.005963067089023258
s44-117-36,u036,2025-06-18,variable,hazard_cal,30,0.001336160457263258,0,1.7853247675539585e-06,0.001337053915604853
s44-117-36,u036,2025-06-18,variable,hazard_cal,60,0.0034428839144199364,0,1.1853449648171544e-05,0.0034488242778174904
s44-117-36,u036,2025-06-18,variable,hazard_cal,120,0.011993106251600882,0,0.00014383459756218817,0.012065603780474965
s44-117-51,u051,2025-06-18,regular,empirical,30,0.0011634671320535084,0,1.353655767368816e-06,0.0011641444853737134
s44-117-51,u051,2025-06-18,regular,empirical,60,0.004072134962187279,0,1.6582283150267994e-05,0.004080448681161805
s44-117-51,u051,2025-06-18,regular,empirical,120,0.018615474112856356,0,0.0003465358764464251,0.018790922836881
s44-117-51,u051,2025-06-18,regular,hazard,30,0.000702341177062249,0,4.932831289971853e-07,0.000702587934171965
s44-117-51,u051,2025-06-18,regular,hazard,60,0.0018599054598092968,0,3.4592483194284317e-06,0.0018616372315900143
s44-117-51,u051,2025-06-18,regular,hazard,120,0.00691339619313458,0,4.77950469232477e-05,0.006937404432896499
s44-117-51,u051,2025-06-18,regular,hazard_cal,30,0.0015340861384243176,0,2.353420280105635e-06,0.0015352640534005285
s44-117-51,u051,2025-06-18,regular,hazard_cal,60,0.003952190521012255,0,1.5619809914379124e-05,0.003960021064645776
s44-117-51,u051,2025-06-18,regular,hazard_cal,120,0.013757490680134321,0,0.0001892685498139827,0.013853001963833277
s44-117-11,u011,2025-06-18,variable,empirical,30,0.0011634671320535084,0,1.353655767368816e-06,0.0011641444853737134
s44-117-11,u011,2025-06-18,variable,empirical,60,0.004072134962187279,0,1.6582283150267994e-05,0.004080448681161805
s44-117-11,u011,2025-06-18,variable,empirical,120,0.018615474112856356,0,0.0003465358764464251,0.018790922836881
s44-117-11,u011,2025-06-18,variable,hazard,30,0.0007314748366924473,0,5.350554367142424e-07,0.0007317424949422802
s44-117-11,u011,2025-06-18,variable,hazard,60,0.0019370034338259678,0,3.7519823026535907e-06,0.001938881851036301
s44-117-11,u011,2025-06-18,variable,hazard,120,0.007199123425291054,0,5.18273780925744e-05,0.007225162160311347
s44-117-11,u011,2025-06-18,variable,hazard_cal,30,0.0015920591000431195,0,2.5346521780301074e-06,0.0015933277728456534
s44-117-11,u011,2025-06-18,variable,hazard_cal,60,0.004101334175197424,0,1.6820942016642336e-05,0.004109767713276104
s44-117-11,u011,2025-06-18,variable,hazard_cal,120,0.01427369251084809,0,0.00020373829789424087,0.014376541522982808
s44-117-32,u032,2025-06-18,regular,empirical,30,0.0011634671320535084,0,1.353655767368816e-06,0.0011641444853737134
s44-117-32,u032,2025-06-18,regular,empirical,60,0.004072134962187279,0,1.6582283150267994e-05,0.004080448681161805
s44-117-32,u032,2025-06-18,regular,empirical,120,0.018615474112856356,0,0.0003465358764464251,0.018790922836881
s44-117-32,u032,2025-06-18,regular,hazard,30,0.003868232120322168,0,1.4963219736692137e-05,0.003875733080074515
s44-117-32,u032,2025-06-18,regular,hazard,60,0.010213615877870619,0,0.00010431794930069081,0.010266132749987642
s44-117-32,u032,2025-06-18,regular,hazard,120,0.037481841508081204,0,0.001404888442836919,0.038202347032527936
s44-117-32,u032,2025-06-18,regular,hazard_cal,30,0.007270885240495906,0,5.2865772180461204e-05,0.00729744695636006
s44-117-32,u032,2025-06-18,regular,hazard_cal,60,0.01863726598690929,0,0.0003473476834668059,0.0188131283184517
s44-117-32,u032,2025-06-18,regular,hazard_cal,120,0.06356397298451655,0,0.00404037866157635,0.06567407014619055
s44-117-49,u049,2025-06-18,variable,empirical,30,0.0011634671320535084,0,1.353655767368816e-06,0.0011641444853737134
s44-117-49,u049,2025-06-18,variable,empirical,60,0.004072134962187279,0,1.6582283150267994e-05,0.004080448681161805
s44-117-49,u049,2025-06-18,variable,empirical,120,0.018615474112856356,0,0.0003465358764464251,0.018790922836881
s44-117-49,u049,2025-06-18,variable,hazard,30,0.0004163444468845423,0,1.7334269845159547e-07,0.00041643114229803917
s44-117-49,u049,2025-06-18,variable,hazard,60,0.0011028355165383363,0,1.2162461765383791e-06,0.0011034440871032392
s44-117-49,u049,2025-06-18,variable,hazard,120,0.004104077737786094,0,1.684345407779142e-05,0.004112522578265778
s44-117-49,u049,2025-06-18,variable,hazard_cal,30,0.0009518398356985758,0,9.059990728226918e-07,0.0009522931228956883
s44-117-49,u049,2025-06-18,variable,hazard_cal,60,0.0024534347117635136,0,6.019341884886115e-06,0.002456449314469332
s44-117-49,u049,2025-06-18,variable,hazard_cal,120,0.008558193673504855,0,7.324267895321852e-05,0.008595025305029223
s44-117-50,u050,2025-06-18,variable,empirical,30,0.0011634671320535084,0,1.353655767368816e-06,0.0011641444853737134
s44-117-50,u050,2025-06-18,variable,empirical,60,0.004072134962187279,0,1.6582283150267994e-05,0.004080448681161805
s44-117-50,u050,2025-06-18,variable,empirical,120,0.018615474112856356,0,0.0003465358764464251,0.018790922836881
s44-117-50,u050,2025-06-18,variable,hazard,30,0.0009468396773487653,0,8.965053746019139e-07,0.0009472882131861022
s44-117-50,u050,2025-06-18,variable,hazard,60,0.0025068057095810614,0,6.284074865588209e-06,0.002509953007891012
s44-117-50,u050,2025-06-18,variable,hazard,120,0.009308729991922893,0,8.665245406252477e-05,0.009352326984970613
s44-117-50,u050,2025-06-18,variable,hazard_cal,30,0.002014826166921946,0,4.0595244829133805e-06,0.0020168586597020402
s44-117-50,u050,2025-06-18,variable,hazard_cal,60,0.005188501941139623,0,2.6920552393209635e-05,0.00520200895838335
s44-117-50,u050,2025-06-18,variable,hazard_cal,120,0.01803000637867791,0,0.00032508113001516613,0.018194527488292967
s44-117-8,u008,2025-06-18,regular,empirical,30,0.0011634671320535084,0,1.353655767368816e-06,0.0011641444853737134
s44-117-8,u008,2025-06-18,regular,empirical,60,0.004072134962187279,0,1.6582283150267994e-05,0.004080448681161805
s44-117-8,u008,2025-06-18,regular,empirical,120,0.018615474112856356,0,0.0003465358764464251,0.018790922836881
s44-117-8,u008,2025-06-18,regular,hazard,30,0.0032007771503099747,0,1.0244974365946443e-05,0.0032059105944268118
s44-117-8,u008,2025-06-18,regular,hazard,60,0.00845651498108757,0,7.151264562535852e-05,0.008492474173712048
s44-117-8,u008,2025-06-18,regular,hazard,120,0.031117261829686327,0,0.0009682839837772537,0.0316116876541941
s44-117-8,u008,2025-06-18,regular,hazard_cal,30,0.006118521226673446,0,3.7436302001253526e-05,0.006137316081369847
s44-117-8,u008,2025-06-18,regular,hazard_cal,60,0.015699364583040887,0,0.00024647004831123857,0.015823904795052267
s44-117-8,u008,2025-06-18,regular,hazard_cal,120,0.05376317541370035,0,0.0028904790305643137,0.05526239814638577
s44-117-26,u026,2025-06-18,regular,empirical,30,0.0011634671320535084,0,1.353655767368816e-06,0.0011641444853737134
s44-117-26,u026,2025-06-18,regular,empirical,60,0.004072134962187279,0,1.6582283150267994e-05,0.004080448681161805
s44-117-26,u026,2025-06-18,regular,empirical,120,0.018615474112856356,0,0.0003465358764464251,0.018790922836881
s44-117-26,u026,2025-06-18,regular,hazard,30,0.003459706130648943,0,1.196956651044988e-05,0.003465704753548766
s44-117-26,u026,2025-06-18,regular,hazard,60,0.00913841436905638,0,8.351061718057611e-05,0.00918042581887127
s44-117-26,u026,2025-06-18,regular,hazard,120,0.033591334402584105,0,0.0011283777469462304,0.03416848495704555
s44-117-26,u026,2025-06-18,regular,hazard_cal,30,0.006567933002091575,0,4.3137743919963646e-05,0.006589596783662966
s44-117-26,u026,2025-06-18,regular,hazard_cal,60,0.016845831822225876,0,0.000283782049782718,0.016989336770266424
s44-117-26,u026,2025-06-18,regular,hazard_cal,120,0.05759741054056311,0,0.0033174617009781703,0.05932271835998528
s44-117-34,u034,2025-06-18,variable,empirical,30,0.0011634671320535084,0,1.353655767368816e-06,0.0011641444853737134
s44-117-34,u034,2025-06-18,variable,empirical,60,0.004072134962187279,0,1.6582283150267994e-05,0.004080448681161805
s44-117-34,u034,2025-06-18,variable,empirical,120,0.018615474112856356,0,0.0003465358764464251,0.018790922836881
s44-117-34,u034,2025-06-18,variable,hazard,30,0.0005393572161546123,0,2.9090620661805316e-07,0.0005395027215798743
s44-117-34,u034,2025-06-18,variable,hazard,60,0.0014285153094644176,0,2.040655989374221e-06,0.001429536610204139
s44-117-34,u034,2025-06-18,variable,hazard,120,0.005313403538054429,0,2.8232257158209322e-05,0.005327569869874432
s44-117-34,u034,2025-06-18,variable,hazard_cal,30,0.0012055539657116476,0,1.4533603642430804e-06,0.0012062812304571267
s44-117-34,u034,2025-06-18,variable,hazard_cal,60,0.003106707253761498,0,9.651629960574309e-06,0.0031115430870179094
s44-117-34,u034,2025-06-18,variable,hazard_cal,120,0.010827118922813184,0,0.00011722650416873931,0.01088615871553976
s44-117-40,u040,2025-06-18,variable,empirical,30,0.0011634671320535084,0,1.353655767368816e-06,0.0011641444853737134
s44-117-40,u040,2025-06-18,variable,empirical,60,0.004072134962187279,0,1.6582283150267994e-05,0.004080448681161805
s44-117-40,u040,2025-06-18,variable,empirical,120,0.018615474112856356,0,0.0003465358764464251,0.018790922836881
s44-117-40,u040,2025-06-18,variable,hazard,30,0.00032203418504361814,0,1.0370601633670729e-07,0.0003220860491867701
s44-117-40,u040,2025-06-18,variable,hazard,60,0.0008530960692123557,0,7.277729033055724e-07,0.0008534601627499133
s44-117-40,u040,2025-06-18,variable,hazard,120,0.0031759169283658295,0,1.0086448335880646e-05,0.0031809708559400116
s44-117-40,u040,2025-06-18,variable,hazard_cal,30,0.000752885473099818,0,5.668365356047368e-07,0.0007531690337023258
s44-117-40,u040,2025-06-18,variable,hazard_cal,60,0.0019409554701732556,0,3.767308137195484e-06,0.00194284156518797
s44-117-40,u040,2025-06-18,variable,hazard_cal,120,0.006775371095063765,0,4.590565347582556e-05,0.0067984281274516235
s44-117-41,u041,2025-06-18,regular,empirical,30,0.0011634671320535084,0,1.353655767368816e-06,0.0011641444853737134
s44-117-41,u041,2025-06-18,regular,empirical,60,0.004072134962187279,0,1.6582283150267994e-05,0.004080448681161805
s44-117-41,u041,2025-06-18,regular,empirical,120,0.018615474112856356,0,0.0003465358764464251,0.018790922836881
s44-117-41,u041,2025-06-18,regular,hazard,30,0.0031210832684009926,0,9.741160768292622e-06,0.0031259640068917083
s44-117-41,u041,2025-06-18,regular,hazard,60,0.008246572024285914,0,6.800595015173508e-05,0.008280763101899988
s44-117-41,u041,2025-06-18,regular,hazard,120,0.03035449810701385,0,0.0009213955553287074,0.030824736248201624
s44-117-41,u041,2025-06-18,regular,hazard_cal,30,0.00597954737172568,0,3.5754986770711485e-05,0.005997496452464727
s44-117-41,u041,2025-06-18,regular,hazard_cal,60,0.015344652479688858,0,0.00023545835972242144,0.015463600034292454
s44-117-41,u041,2025-06-18,regular,hazard_cal,120,0.052574374707696214,0,0.0027640648759052473,0.054006840840223294
s44-117-21,u021,2025-06-18,variable,empirical,30,0.0011634671320535084,0,1.353655767368816e-06,0.0011641444853737134
s44-117-21,u021,2025-06-18,variable,empirical,60,0.004072134962187279,0,1.6582283150267994e-05,0.004080448681161805
s44-117-21,u021,2025-06-18,variable,empirical,120,0.018615474112856356,0,0.0003465358764464251,0.018790922836881
s44-117-21,u021,2025-06-18,variable,hazard,30,0.0015549379715137368,0,2.4178320952552547e-06,0.0015561481422176407
s44-117-21,u021,2025-06-18,variable,hazard,60,0.004114454606974682,0,1.6928736712855188e-05,0.004122942264719532
s44-117-21,u021,2025-06-18,variable,hazard,120,0.015240935181129012,0,0.00023228610519537602,0.015358271975346706
s44-117-21,u021,2025-06-18,variable,hazard_cal,30,0.003168001186893865,0,1.0036231520160938e-05,0.003173029926163876
s44-117-21,u021,2025-06-18,variable,hazard_cal,60,0.008149838027542433,0,6.641985987517673e-05,0.008183229504652674
s44-117-21,u021,2025-06-18,variable,hazard_cal,120,0.028204139645889192,0,0.0007954734931648185,0.0286095167908512
s44-117-56,u056,2025-06-18,new,empirical,30,0.0011634671320535084,0,1.353655767368816e-06,0.0011641444853737134
s44-117-56,u056,2025-06-18,new,empirical,60,0.004072134962187279,0,1.6582283150267994e-05,0.004080448681161805
s44-117-56,u056,2025-06-18,new,empirical,120,0.018615474112856356,0,0.0003465358764464251,0.018790922836881
s44-117-56,u056,2025-06-18,new,hazard,30,0.0028850050747531997,0,8.323254281351715e-06,0.002889174723463365
s44-117-56,u056,2025-06-18,new,hazard,60,0.007624472803949178,0,5.813258553816065e-05,0.00765368769019297
s44-117-56,u056,2025-06-18,new,hazard,120,0.02809139181970355,0,0.0007891262943681074,0.028493503448146773
s44-117-56,u056,2025-06-18,new,hazard_cal,30,0.005565941355585302,0,3.097970317381475e-05,0.005581488925251424
s44-117-56,u056,2025-06-18,new,hazard_cal,60,0.014288463359285797,0,0.00020416018516965275,0.014391526371206113
s44-117-56,u056,2025-06-18,new,hazard_cal,120,0.04902758456199352,0,0.0024037040479834254,0.05027022270599814
s44-117-15,u015,2025-06-18,regular,empirical,30,0.0011634671320535084,0,1.353655767368816e-06,0.0011641444853737134
s44-117-15,u015,2025-06-18,regular,empirical,60,0.004072134962187279,0,1.6582283150267994e-05,0.004080448681161805
s44-117-15,u015,2025-06-18,regular,empirical,120,0.018615474112856356,0,0.0003465358764464251,0.018790922836881
s44-117-15,u015,2025-06-18,regular,hazard,30,0.0030355366225703895,0,9.214482586966047e-06,0.0030401532087753398
s44-117-15,u015,2025-06-18,regular,hazard,60,0.008021176124946905,0,6.433926642741825e-05,0.008053518825260664
s44-117-15,u015,2025-06-18,regular,hazard,120,0.029535041560889264,0,0.0008723186800034561,0.029979983733733836
s44-117-15,u015,2025-06-18,regular,hazard_cal,30,0.005830009081315146,0,3.3989005888217075e-05,0.005847069926496987
s44-117-15,u015,2025-06-18,regular,hazard_cal,60,0.01496287880885927,0,0.0002238877422486098,0.01507595203169829
s44-117-15,u015,2025-06-18,regular,hazard_cal,120,0.05129355406348801,0,0.0026310286884639674,0.052655858112331255
s44-117-16,u016,2025-06-18,regular,empirical,30,0.0011634671320535084,0,1.353655767368816e-06,0.0011641444853737134
s44-117-16,u016,2025-06-18,regular,empirical,60,0.004072134962187279,0,1.6582283150267994e-05,0.004080448681161805
s44-117-16,u016,2025-06-18,regular,empirical,120,0.018615474112856356,0,0.0003465358764464251,0.018790922836881
s44-117-16,u016,2025-06-18,regular,hazard,30,0.0018357351399986843,0,3.369923504225989e-06,0.0018374221666897345
s44-117-16,u016,2025-06-18,regular,hazard,60,0.004856194601630559,0,2.3582626008905784e-05,0.004868024228152787
s44-117-16,u016,2025-06-18,regular,hazard,120,0.017968079661269454,0,0.000322851886713725,0.01813146571937227
s44-117-16,u016,2025-06-18,regular,hazard_cal,30,0.003685876708360847,0,1.3585687109236991e-05,0.00369268628991723
s44-117-16,u016,2025-06-18,regular,hazard_cal,60,0.009477776972899865,0,8.982825634803093e-05,0.009522976924496551
s44-117-16,u016,2025-06-18,regular,hazard_cal,120,0.03273918341721127,0,0.0010718541308258015,0.03328710264389338
s44-117-48,u048,2025-06-18,regular,empirical,30,0.0011634671320535084,0,1.353655767368816e-06,0.0011641444853737134
s44-117-48,u048,2025-06-18,regular,empirical,60,0.004072134962187279,0,1.6582283150267994e-05,0.004080448681161805
s44-117-48,u048,2025-06-18,regular,empirical,120,0.018615474112856356,0,0.0003465358764464251,0.018790922836881
s44-117-48,u048,2025-06-18,regular,hazard,30,0.0027888966628697442,0,7.777944596165996e-06,0.0027927928809536643
s44-117-48,u048,2025-06-18,regular,hazard,60,0.007371135439106946,0,5.433363766165835e-05,0.0073984365005535565
s44-117-48,u048,2025-06-18,regular,hazard,120,0.027168544352433766,0,0.0007381298022301607,0.027544433128976847
s44-117-48,u048,2025-06-18,regular,hazard_cal,30,0.0053966965860502425,0,2.9124334041886343e-05,0.00541131135777892
s44-117-48,u048,2025-06-18,regular,hazard_cal,60,0.013856055483040364,0,0.00019199027354909292,0.013952946680849919
s44-117-48,u048,2025-06-18,regular,hazard_cal,120,0.0475724774606221,0,0.0022631406117413974,0.04874126669858602
s44-117-7,u007,2025-06-18,variable,empirical,30,0.0011634671320535084,0,1.353655767368816e-06,0.0011641444853737134
s44-117-7,u007,2025-06-18,variable,empirical,60,0.004072134962187279,0,1.6582283150267994e-05,0.004080448681161805
s44-117-7,u007,2025-06-18,variable,empirical,120,0.018615474112856356,0,0.0003465358764464251,0.018790922836881
s44-117-7,u007,2025-06-18,variable,hazard,30,0.001082040731693934,0,1.170812145044744e-06,0.0010826265603982635
s44-117-7,u007,2025-06-18,variable,hazard,60,0.0028643979917865048,0,8.204775855350561e-06,0.002868508230496919
s44-117-7,u007,2025-06-18,variable,hazard,120,0.010630776676442966,0,0.00011301341274440374,0.010687687076671913
s44-117-7,u007,2025-06-18,variable,hazard_cal,30,0.0022757787770164573,0,5.179169041918522e-06,0.002278372297136593
s44-117-7,u007,2025-06-18,variable,hazard_cal,60,0.005859151266831009,0,3.432965356760741e-05,0.005876383437178296
s44-117-7,u007,2025-06-18,variable,hazard_cal,120,0.020341509552897707,0,0.00041377701089062867,0.020551247186093188
s44-117-14,u014,2025-06-18,variable,empirical,30,0.0011634671320535084,0,1.353655767368816e-06,0.0011641444853737134
s44-117-14,u014,2025-06-18,variable,empirical,60,0.004072134962187279,0,1.6582283150267994e-05,0.004080448681161805
s44-117-14,u014,2025-06-18,variable,empirical,120,0.018615474112856356,0,0.0003465358764464251,0.018790922836881
s44-117-14,u014,2025-06-18,variable,hazard,30,0.0013748725626721026,0,1.8902745635885546e-06,0.0013758185671437094
s44-117-14,u014,2025-06-18,variable,hazard,60,0.003638599086983163,0,1.3239403315794708e-05,0.0036452348902163935
s44-117-14,u014,2025-06-18,variable,hazard,120,0.013488086732493354,0,0.00018192848370326324,0.0135798772948617
s44-117-14,u014,2025-06-18,variable,hazard_cal,30,0.0028315804133836053,0,8.017847637457668e-06,0.0028355969210370727
s44-117-14,u014,2025-06-18,variable,hazard_cal,60,0.007286536304175528,0,5.3093611312067964e-05,0.0073132127748730515
s44-117-14,u014,2025-06-18,variable,hazard_cal,120,0.025246826296111524,0,0.0006374022380260284,0.025570995208969372
s44-117-18,u018,2025-06-18,regular,empirical,30,0.0011634671320535084,0,1.353655767368816e-06,0.0011641444853737134
s44-117-18,u018,2025-06-18,regular,empirical,60,0.004072134962187279,0,1.6582283150267994e-05,0.004080448681161805
s44-117-18,u018,2025-06-18,regular,empirical,120,0.018615474112856356,0,0.0003465358764464251,0.018790922836881
s44-117-18,u018,2025-06-18,regular,hazard,30,0.0028897802382624738,0,8.350829825452319e-06,0.0028939637146706922
s44-117-18,u018,2025-06-18,regular,hazard,60,0.00763705873594045,0,5.8324666136204336e-05,0.007666370400979752
s44-117-18,u018,2025-06-18,regular,hazard,120,0.028137220592743817,0,0.0007917031826847267,0.028540657936932248
s44-117-18,u018,2025-06-18,regular,hazard_cal,30,0.005574336908490296,0,3.1073231969357153e-05,0.005589931504497502
s44-117-18,u018,2025-06-18,regular,hazard_cal,60,0.01430991001240145,0,0.00020477352456302726,0.014413284142759929
s44-117-18,u018,2025-06-18,regular,hazard_cal,120,0.04909970928772189,0,0.0024107814521388037,0.050346068713493494
s44-117-20,u020,2025-06-18,variable,empirical,30,0.0011634671320535084,0,1.353655767368816e-06,0.0011641444853737134
s44-117-20,u020,2025-06-18,variable,empirical,60,0.004072134962187279,0,1.6582283150267994e-05,0.004080448681161805
s44-117-20,u020,2025-06-18,variable,empirical,120,0.018615474112856356,0,0.0003465358764464251,0.018790922836881
s44-117-20,u020,2025-06-18,variable,hazard,30,0.0003658606524465924,0,1.3385401700864626e-07,0.00036592759578354993
s44-117-20,u020,2025-06-18,variable,hazard,60,0.0009691567209295648,0,9.392647497229464e-07,0.0009696266569567337
s44-117-20,u020,2025-06-18,variable,hazard,120,0.0036073467713025886,0,1.301295072842721e-05,0.0036138689365321623
s44-117-20,u020,2025-06-18,variable,hazard_cal,30,0.0008458965018174336,0,7.155408917869714e-07,0.0008462544741492592
s44-117-20,u020,2025-06-18,variable,hazard_cal,60,0.002180561508780432,0,4.754848493574794e-06,0.0021829423947691117
s44-117-20,u020,2025-06-18,variable,hazard_cal,120,0.007609234329587822,0,5.7900447082577826e-05,0.007638332255735598
s44-117-33,u033,2025-06-18,variable,empirical,30,0.0011634671320535084,0,1.353655767368816e-06,0.0011641444853737134
s44-117-33,u033,2025-06-18,variable,empirical,60,0.004072134962187279,0,1.6582283150267994e-05,0.004080448681161805
s44-117-33,u033,2025-06-18,variable,empirical,120,0.018615474112856356,0,0.0003465358764464251,0.018790922836881
s44-117-33,u033,2025-06-18,variable,hazard,30,0.00047731274742746077,0,2.2782745885675097e-07,0.0004774266974181872
s44-117-33,u033,2025-06-18,variable,hazard,60,0.001264260113369775,0,1.5983536342577565e-06,0.0012650599644044832
s44-117-33,u033,2025-06-18,variable,hazard,120,0.004703636430493208,0,2.2124195670262884e-05,0.00471473333921821
s44-117-33,u033,2025-06-18,variable,hazard_cal,30,0.0010783042695944323,0,1.162740097825582e-06,0.001078886057910832
s44-117-33,u033,2025-06-18,variable,hazard_cal,60,0.002779096500946987,0,7.723377361575787e-06,0.00278296535924398
s44-117-33,u033,2025-06-18,variable,hazard_cal,120,0.009689788634383412,0,9.389200377902594e-05,0.009737040121980624
s44-117-46,u046,2025-06-18,regular,empirical,30,0.0011634671320535084,0,1.353655767368816e-06,0.0011641444853737134
s44-117-46,u046,2025-06-18,regular,empirical,60,0.004072134962187279,0,1.6582283150267994e-05,0.004080448681161805
s44-117-46,u046,2025-06-18,regular,empirical,120,0.018615474112856356,0,0.0003465358764464251,0.018790922836881
s44-117-46,u046,2025-06-18,regular,hazard,30,0.0009180390665393112,0,8.427957276923699e-07,0.0009184607224873317
s44-117-46,u046,2025-06-18,regular,hazard,60,0.0024306195874831404,0,5.907911579056712e-06,0.0024335783386440603
s44-117-46,u046,2025-06-18,regular,hazard,120,0.009026876208771961,0,8.148449408849326e-05,0.009067865311305327
s44-117-46,u046,2025-06-18,regular,hazard_cal,30,0.0019588267789983904,0,3.837002350121209e-06,0.0019607477892008597
s44-117-46,u046,2025-06-18,regular,hazard_cal,60,0.0050445430850935,0,2.544741493736465e-05,0.005057309745304698
s44-117-46,u046,2025-06-18,regular,hazard_cal,120,0.017533263655511888,0,0.0003074153344136941,0.01768879194977831
s44-117-44,u044,2025-06-18,variable,empirical,30,0.0011634671320535084,0,1.353655767368816e-06,0.0011641444853737134
s44-117-44,u044,2025-06-18,variable,empirical,60,0.004072134962187279,0,1.6582283150267994e-05,0.004080448681161805
s44-117-44,u044,2025-06-18,variable,empirical,120,0.018615474112856356,0,0.0003465358764464251,0.018790922836881
s44-117-44,u044,2025-06-18,variable,hazard,30,0.00120887971262007,0,1.4613901595843834e-06,0.001209610997115933
s44-117-44,u044,2025-06-18,variable,hazard,60,0.00319979189423103,0,1.0238668166386603e-05,0.003204922175124873
s44-117-44,u044,2025-06-18,variable,hazard,120,0.011869434864510198,0,0.0001408834840028502,0.011940439018584374
s44-117-44,u044,2025-06-18,variable,hazard_cal,30,0.002517973598135992,0,6.340191040909914e-06,0.002521149025204121
s44-117-44,u044,2025-06-18,variable,hazard_cal,60,0.006481317125950459,0,4.2007471687138715e-05,0.006502412059832681
s44-117-44,u044,2025-06-18,variable,hazard_cal,120,0.022482036345128575,0,0.0005054419582236822,0.022738610150940367
s44-117-24,u024,2025-06-18,variable,empirical,30,0.0011634671320535084,0,1.353655767368816e-06,0.0011641444853737134
s44-117-24,u024,2025-06-18,variable,empirical,60,0.004072134962187279,0,1.6582283150267994e-05,0.004080448681161805
s44-117-24,u024,2025-06-18,variable,empirical,120,0.018615474112856356,0,0.0003465358764464251,0.018790922836881
s44-117-24,u024,2025-06-18,variable,hazard,30,0.002567015753838664,0,6.5895698804558846e-06,0.0025703161881667387
s44-117-24,u024,2025-06-18,variable,hazard,60,0.00678609469873126,0,4.605108126014851e-05,0.006809224941430955
s44-117-24,u024,2025-06-18,variable,hazard,120,0.0250346281722027,0,0.0006267326077204451,0.02535332468905462
s44-117-24,u024,2025-06-18,variable,hazard_cal,30,0.005003923420082712,0,2.5039249594052266e-05,0.005016484967079982
s44-117-24,u024,2025-06-18,variable,hazard_cal,60,0.012852051054434321,0,0.00016517521630578634,0.01293535316762543
s44-117-24,u024,2025-06-18,variable,hazard_cal,120,0.04418705732915562,0,0.0019524960354100854,0.045193051738251236
s44-117-27,u027,2025-06-18,regular,empirical,30,0.0011634671320535084,0,1.353655767368816e-06,0.0011641444853737134
s44-117-27,u027,2025-06-18,regular,empirical,60,0.004072134962187279,0,1.6582283150267994e-05,0.004080448681161805
s44-117-27,u027,2025-06-18,regular,empirical,120,0.018615474112856356,0,0.0003465358764464251,0.018790922836881
s44-117-27,u027,2025-06-18,regular,hazard,30,0.0028693873006540027,0,8.233383481154464e-06,0.002873511884302727
s44-117-27,u027,2025-06-18,regular,hazard,60,0.007583308147004253,0,5.750656245242108e-05,0.007612207623357006
s44-117-27,u027,2025-06-18,regular,hazard,120,0.027941487795079878,0,0.0007807267402025978,0.028339278591821948
s44-117-27,u027,2025-06-18,regular,hazard_cal,30,0.005538473868101912,0,3.0674692787647756e-05,0.005553868081105173
s44-117-27,u027,2025-06-18,regular,hazard_cal,60,0.014218294743114424,0,0.00020215990540207524,0.014320343153622812
s44-117-27,u027,2025-06-18,regular,hazard_cal,120,0.04879157835985337,0,0.0023806181188457116,0.05002207994401587
s44-117-3,u003,2025-06-18,variable,empirical,30,0.0011634671320535084,0,1.353655767368816e-06,0.0011641444853737134
s44-117-3,u003,2025-06-18,variable,empirical,60,0.004072134962187279,0,1.6582283150267994e-05,0.004080448681161805
s44-117-3,u003,2025-06-18,variable,empirical,120,0.018615474112856356,0,0.0003465358764464251,0.018790922836881
s44-117-3,u003,2025-06-18,variable,hazard,30,0.0007318909578092336,0,5.356643741229175e-07,0.0007321589207507084
s44-117-3,u003,2025-06-18,variable,hazard,60,0.0019381046073700947,0,3.756249469109189e-06,0.001939985162305614
s44-117-3,u003,2025-06-18,variable,hazard,120,0.007203203915010503,0,5.188614664122264e-05,0.00722927224744092
s44-117-3,u003,2025-06-18,variable,hazard_cal,30,0.0015928856491792542,0,2.537284691361214e-06,0.0015941556403378996
s44-117-3,u003,2025-06-18,variable,hazard_cal,60,0.004103460479800924,0,1.683838790928803e-05,0.004111902776758328
s44-117-3,u003,2025-06-18,variable,hazard_cal,120,0.014281050320280153,0,0.00020394839825037386,0.01438400590415732
s44-117-9,u009,2025-06-18,variable,empirical,30,0.0011634671320535084,0,1.353655767368816e-06,0.0011641444853737134
s44-117-9,u009,2025-06-18,variable,empirical,60,0.004072134962187279,0,1.6582283150267994e-05,0.004080448681161805
s44-117-9,u009,2025-06-18,variable,empirical,120,0.018615474112856356,0,0.0003465358764464251,0.018790922836881
s44-117-9,u009,2025-06-18,variable,hazard,30,0.0005343107983906137,0,2.85488029276815e-07,0.0005344535932720822
s44-117-9,u009,2025-06-18,variable,hazard,60,0.001415156237900006,0,2.0026671776672982e-06,0.0014161585171882946
s44-117-9,u009,2025-06-18,variable,hazard,120,0.005263821936919655,0,2.7707821383596587e-05,0.0052777246567000955
s44-117-9,u009,2025-06-18,variable,hazard_cal,30,0.0011952540025796932,0,1.4286321306827772e-06,0.001195968888348528
s44-117-9,u009,2025-06-18,variable,hazard_cal,60,0.0030801922101623136,0,9.487584051544598e-06,0.0030849457659414066
s44-117-9,u009,2025-06-18,variable,hazard_cal,120,0.010735108215896516,0,0.00011524254840700888,0.010793145219492387
s44-117-38,u038,2025-06-18,regular,empirical,30,0.0011634671320535084,0,1.353655767368816e-06,0.0011641444853737134
s44-117-38,u038,2025-06-18,regular,empirical,60,0.004072134962187279,0,1.6582283150267994e-05,0.004080448681161805
s44-117-38,u038,2025-06-18,regular,empirical,120,0.018615474112856356,0,0.0003465358764464251,0.018790922836881
s44-117-38,u038,2025-06-18,regular,hazard,30,0.0011754003777234567,0,1.3815660479524447e-06,0.0011760917025228149
s44-117-38,u038,2025-06-18,regular,hazard,60,0.0031112718544665796,0,9.68001255239591e-06,0.0031161219232770983
s44-117-38,u038,2025-06-18,regular,hazard,120,0.011542641540439602,0,0.0001332325737310819,0.011609774925024786
s44-117-38,u038,2025-06-18,regular,hazard_cal,30,0.002454274252782218,0,6.023462107869715e-06,0.0024572909206671775
s44-117-38,u038,2025-06-18,regular,hazard_cal,60,0.006317707826900443,0,3.9913432186079116e-05,0.006337748997088554
s44-117-38,u038,2025-06-18,regular,hazard_cal,120,0.021919508392792886,0,0.00048046484818171773,0.022163310077106653
s44-118-35,u035,2025-06-19,regular,empirical,30,0.0011634671320535084,0,1.353655767368816e-06,0.0011641444853737134
s44-118-35,u035,2025-06-19,regular,empirical,60,0.004072134962187279,0,1.6582283150267994e-05,0.004080448681161805
s44-118-35,u035,2025-06-19,regular,empirical,120,0.018615474112856356,0,0.0003465358764464251,0.018790922836881
s44-118-35,u035,2025-06-19,regular,hazard,30,0.0010000150765109295,0,1.0000301532491602e-06,0.0010005154251861794
s44-118-35,u035,2025-06-19,regular,hazard,60,0.0026474596433869735,0,7.0090425633626805e-06,0.0026509703623621692
s44-118-35,u035,2025-06-19,regular,hazard,120,0.009828911895955583,0,9.660750905845718e-05,0.00987753451780074
s44-118-35,u035,2025-06-19,regular,hazard_cal,30,0.002117828797128074,0,4.485198813944945e-06,0.0021200745678672376
s44-118-35,u035,2025-06-19,regular,hazard_cal,60,0.005453255978169591,0,2.9738000763442385e-05,0.0054681792569175516
s44-118-35,u035,2025-06-19,regular,hazard_cal,120,0.018943042156831957,0,0.00035883884615551273,0.019124760100038683
s44-118-53,u053,2025-06-19,regular,empirical,30,0.0011634671320535084,0,1.353655767368816e-06,0.0011641444853737134
s44-118-53,u053,2025-06-19,regular,empirical,60,0.004072134962187279,0,1.6582283150267994e-05,0.004080448681161805
s44-118-53,u053,2025-06-19,regular,empirical,120,0.018615474112856356,0,0.0003465358764464251,0.018790922836881
s44-118-53,u053,2025-06-19,regular,hazard,30,0.0026232202077843825,0,6.8812842585283384e-06,0.0026266668788178698
s44-118-53,u053,2025-06-19,regular,hazard,60,0.006934313657464775,0,4.80847059001025e-05,0.006958467736485767
s44-118-53,u053,2025-06-19,regular,hazard,120,0.02557561534438546,0,0.000654112100243965,0.02590835703625106
s44-118-53,u053,2025-06-19,regular,hazard_cal,30,0.0051036957551907625,0,2.6047710361552207e-05,0.005116764093884124
s44-118-53,u053,2025-06-19,regular,hazard_cal,60,0.013107154467994597,0,0.00017179749824787073,0.013193811266053812
s44-118-53,u053,2025-06-19,regular,hazard_cal,120,0.045048149057800524,0,0.002029335733533814,0.04609435763400114
s44-118-58,u058,2025-06-19,new,empirical,30,0.0011634671320535084,0,1.353655767368816e-06,0.0011641444853737134
s44-118-58,u058,2025-06-19,new,empirical,60,0.004072134962187279,0,1.6582283150267994e-05,0.004080448681161805
s44-118-58,u058,2025-06-19,new,empirical,120,0.018615474112856356,0,0.0003465358764464251,0.018790922836881
s44-118-58,u058,2025-06-19,new,hazard,30,0.001079365476649774,0,1.165029832183394e-06,0.0010799484110698093
s44-118-58,u058,2025-06-19,new,hazard,60,0.0028573230996424837,0,8.16429529575053e-06,0.0028614130400023176
s44-118-58,u058,2025-06-19,new,hazard,120,0.010604634326995765,0,0.00011245826920929693,0.010661264176652282
s44-118-58,u058,2025-06-19,new,hazard_cal,30,0.002270644375422015,0,5.155825879635633e-06,0.0022732261973685743
s44-118-58,u058,2025-06-19,new,hazard_cal,60,0.005845958806484308,0,3.4175234367111436e-05,0.005863113312697535
s44-118-58,u058,2025-06-19,new,hazard_cal,120,0.020296081321679926,0,0.0004119309170162448,0.020504876763741155
s44-118-9,u009,2025-06-19,variable,empirical,30,0.0011634671320535084,0,1.353655767368816e-06,0.0011641444853737134
s44-118-9,u009,2025-06-19,variable,empirical,60,0.004072134962187279,0,1.6582283150267994e-05,0.004080448681161805
s44-118-9,u009,2025-06-19,variable,empirical,120,0.018615474112856356,0,0.0003465358764464251,0.018790922836881
s44-118-9,u009,2025-06-19,variable,hazard,30,0.0006253169027525818,0,3.9102122886808185e-07,0.0006255124949093206
s44-118-9,u009,2025-06-19,variable,hazard,60,0.001656051887579224,0,2.742507854354711e-06,0.001657424657301003
s44-118-9,u009,2025-06-19,variable,hazard,120,0.006157583208364237,0,3.791583096792921e-05,0.006176619308325034
s44-118-9,u009,2025-06-19,variable,hazard_cal,30,0.0013797693705485115,0,1.9037635159038356e-06,0.0013807221287984062
s44-118-9,u009,2025-06-19,variable,hazard_cal,60,0.0035551145542693785,0,1.2638839493977961e-05,0.0035614489915727614
s44-118-9,u009,2025-06-19,variable,hazard_cal,120,0.012382120912940886,0,0.00015331691830268804,0.012459418103636507
s44-118-13,u013,2025-06-19,regular,empirical,30,0.0011634671320535084,0,1.353655767368816e-06,0.0011641444853737134
s44-118-13,u013,2025-06-19,regular,empirical,60,0.004072134962187279,0,1.6582283150267994e-05,0.004080448681161805
s44-118-13,u013,2025-06-19,regular,empirical,120,0.018615474112856356,0,0.0003465358764464251,0.018790922836881
s44-118-13,u013,2025-06-19,regular,hazard,30,0.002364856293617712,0,5.592545289463302e-06,0.0023676569826183817
s44-118-13,u013,2025-06-19,regular,hazard,60,0.006252844109291389,0,3.909805945510002e-05,0.0062724750144621255
s44-118-13,u013,2025-06-19,regular,hazard,120,0.023086264233231568,0,0.0005329755962465871,0.023356925856249704
s44-118-13,u013,2025-06-19,regular,hazard_cal,30,0.004643395960085339,0,2.1561126042136847e-05,0.004654210012042203
s44-118-13,u013,2025-06-19,regular,hazard_cal,60,0.011929859974792012,0,0.00014232155901814446,0.01200159182572876
s44-118-13,u013,2025-06-19,regular,hazard_cal,120,0.041069091911060784,0,0.0016866703103991583,0.041936252482505855
s44-118-45,u045,2025-06-19,variable,empirical,30,0.0011634671320535084,0,1.353655767368816e-06,0.0011641444853737134
s44-118-45,u045,2025-06-19,variable,empirical,60,0.004072134962187279,0,1.6582283150267994e-05,0.004080448681161805
s44-118-45,u045,2025-06-19,variable,empirical,120,0.018615474112856356,0,0.0003465358764464251,0.018790922836881
s44-118-45,u045,2025-06-19,variable,hazard,30,0.0012405001717616937,0,1.5388406761407916e-06,0.0012412702290030676
s44-118-45,u045,2025-06-19,variable,hazard,60,0.003283391976312,0,1.0780662870110022e-05,0.0032887941359265806
s44-118-45,u045,2025-06-19,variable,hazard,120,0.012177983356284616,0,0.00014830327862594512,0.012252742559800339
s44-118-45,u045,2025-06-19,variable,hazard_cal,30,0.0025779928913902683,0,6.646047348058756e-06,0.00258132163728388
s44-118-45,u045,2025-06-19,variable,hazard_cal,60,0.006635457548491486,0,4.4029296877832635e-05,0.0066575700690055676
s44-118-45,u045,2025-06-19,variable,hazard_cal,120,0.023011772707133837,0,0.0005295416831247898,0.023280676865724943
s44-118-12,u012,2025-06-19,variable,empirical,30,0.0011634671320535084,0,1.353655767368816e-06,0.0011641444853737134
s44-118-12,u012,2025-06-19,variable,empirical,60,0.004072134962187279,0,1.6582283150267994e-05,0.004080448681161805
s44-118-12,u012,2025-06-19,variable,empirical,120,0.018615474112856356,0,0.0003465358764464251,0.018790922836881
s44-118-12,u012,2025-06-19,variable,hazard,30,0.0003967004753754333,0,1.5737126716309477e-07,0.0003967791818249604
s44-118-12,u012,2025-06-19,variable,hazard,60,0.0010508206603544457,0,1.1042240602277532e-06,0.0010513731594701291
s44-118-12,u012,2025-06-19,variable,hazard,120,0.0039108223216278715,0,1.5294531231342813e-05,0.003918489583972492
s44-118-12,u012,2025-06-19,variable,hazard_cal,30,0.0009107572513282758,0,8.294787708470361e-07,0.0009111722427037686
s44-118-12,u012,2025-06-19,variable,hazard_cal,60,0.0023476262959457594,0,5.511349225416007e-06,0.002350386291029289
s44-118-12,u012,2025-06-19,variable,hazard_cal,120,0.008190314043640012,0,6.70812441334468e-05,0.008224038936920468
s44-118-19,u019,2025-06-19,variable,empirical,30,0.0011634671320535084,0,1.353655767368816e-06,0.0011641444853737134
s44-118-19,u019,2025-06-19,variable,empirical,60,0.004072134962187279,0,1.6582283150267994e-05,0.004080448681161805
s44-118-19,u019,2025-06-19,variable,empirical,120,0.018615474112856356,0,0.0003465358764464251,0.018790922836881
s44-118-19,u019,2025-06-19,variable,hazard,30,0.0007769304751362727,0,6.036209631954744e-07,0.0007772324420328572
s44-118-19,u019,2025-06-19,variable,hazard,60,0.0020572868133699185,0,4.2324290324657535e-06,0.002059405934812044
s44-118-19,u019,2025-06-19,variable,hazard,120,0.007644761883053519,0,5.8442384248587986e-05,0.007674132860348679
s44-118-19,u019,2025-06-19,variable,hazard_cal,30,0.0016821094598584718,0,2.8294922349453597e-06,0.0016835257944853666
s44-118-19,u019,2025-06-19,variable,hazard_cal,60,0.004332971280931575,0,1.877464012137781e-05,0.0043423858060794305
s44-118-19,u019,2025-06-19,variable,hazard_cal,120,0.015074986806784207,0,0.00022725522722471793,0.0151897694458396
s44-118-33,u033,2025-06-19,variable,empirical,30,0.0011634671320535084,0,1.353655767368816e-06,0.0011641444853737134
s44-118-33,u033,2025-06-19,variable,empirical,60,0.004072134962187279,0,1.6582283150267994e-05,0.004080448681161805
s44-118-33,u033,2025-06-19,variable,empirical,120,0.018615474112856356,0,0.0003465358764464251,0.018790922836881
s44-118-33,u033,2025-06-19,variable,hazard,30,0.0009794144707027108,0,9.592527054218713e-07,0.0009798944104543038
s44-118-33,u033,2025-06-19,variable,hazard,60,0.002592970750403545,0,6.723497312448322e-06,0.0025963383216619077
s44-118-33,u033,2025-06-19,variable,hazard,120,0.009627421727476548,0,9.268724911868753e-05,0.009674064962854948
s44-118-33,u033,2025-06-19,variable,hazard_cal,30,0.0020779834669629738,0,4.31801528897146e-06,0.0020801454701979962
s44-118-33,u033,2025-06-19,variable,hazard_cal,60,0.005350844757561868,0,2.8631539619527323e-05,0.005365211800835338
s44-118-33,u033,2025-06-19,variable,hazard_cal,120,0.018589944972141947,0,0.0003455860540672657,0.018764909782877207
s44-118-5,u005,2025-06-19,regular,empirical,30,0.0011634671320535084,0,1.353655767368816e-06,0.0011641444853737134
s44-118-5,u005,2025-06-19,regular,empirical,60,0.004072134962187279,0,1.6582283150267994e-05,0.004080448681161805
s44-118-5,u005,2025-06-19,regular,empirical,120,0.018615474112856356,0,0.0003465358764464251,0.018790922836881
s44-118-5,u005,2025-06-19,regular,hazard,30,0.0026559875533198607,0,7.05426988339002e-06,0.0026595209460797318
s44-118-5,u005,2025-06-19,regular,hazard,60,0.007020718559977213,0,4.9290489098408506e-05,0.007045479766896564
s44-118-5,u005,2025-06-19,regular,hazard,120,0.02589087235481613,0,0.0006703372712933822,0.02623194091221859
s44-118-5,u005,2025-06-19,regular,hazard_cal,30,0.005161774294749399,0,2.664391386993566e-05,0.005175142273184845
s44-118-5,u005,2025-06-19,regular,hazard_cal,60,0.013255632195059874,0,0.00017571178489070787,0.013344272279194467
s44-118-5,u005,2025-06-19,regular,hazard_cal,120,0.04554904620731848,0,0.002074715610396434,0.046619021324413756
s44-118-57,u057,2025-06-19,new,empirical,30,0.0011634671320535084,0,1.353655767368816e-06,0.0011641444853737134
s44-118-57,u057,2025-06-19,new,empirical,60,0.004072134962187279,0,1.6582283150267994e-05,0.004080448681161805
s44-118-57,u057,2025-06-19,new,empirical,120,0.018615474112856356,0,0.0003465358764464251,0.018790922836881
s44-118-57,u057,2025-06-19,new,hazard,30,0.0022938111311128218,0,5.261569505217083e-06,0.0022964459458147497
s44-118-57,u057,2025-06-19,new,hazard,60,0.006065395590590494,0,3.678902367035461e-05,0.006083864822427884
s44-118-57,u057,2025-06-19,new,hazard,120,0.022400614444776035,0,0.0005017875275035087,0.022655319088710768
s44-118-57,u057,2025-06-19,new,hazard_cal,30,0.00451604827972063,0,2.0394692064767664e-05,0.004526276431253988
s44-118-57,u057,2025-06-19,new,hazard_cal,60,0.011603977823789413,0,0.00013465230133499648,0.011671829383863578
s44-118-57,u057,2025-06-19,new,hazard_cal,120,0.03996534154166831,0,0.0015972285245421985,0.04078589261117471
s44-118-59,u059,2025-06-19,new,empirical,30,0.0011634671320535084,0,1.353655767368816e-06,0.0011641444853737134
s44-118-59,u059,2025-06-19,new,empirical,60,0.004072134962187279,0,1.6582283150267994e-05,0.004080448681161805
s44-118-59,u059,2025-06-19,new,empirical,120,0.018615474112856356,0,0.0003465358764464251,0.018790922836881
s44-118-59,u059,2025-06-19,new,hazard,30,0.000737568494583507,0,5.440072842021809e-07,0.0007378406320471823
s44-118-59,u059,2025-06-19,new,hazard,60,0.0019531288819902848,0,3.8147124296646195e-06,0.001955038725390493
s44-118-59,u059,2025-06-19,new,hazard,120,0.007258876229756295,0,5.2691284118920964e-05,0.007285350063133748
s44-118-59,u059,2025-06-19,new,hazard_cal,30,0.001604158930233801,0,2.573325873448853e-06,0.0016054469708360478
s44-118-59,u059,2025-06-19,new,hazard_cal,60,0.0041324607810876435,0,1.7077232107227497e-05,0.0041410229939550635
s44-118-59,u059,2025-06-19,new,hazard_cal,120,0.014381397852336386,0,0.00020682460418718562,0.01448581244870357
s44-118-31,u031,2025-06-19,regular,empirical,30,0.0011634671320535084,0,1.353655767368816e-06,0.0011641444853737134
s44-118-31,u031,2025-06-19,regular,empirical,60,0.004072134962187279,0,1.6582283150267994e-05,0.004080448681161805
s44-118-31,u031,2025-06-19,regular,empirical,120,0.018615474112856356,0,0.0003465358764464251,0.018790922836881
s44-118-31,u031,2025-06-19,regular,hazard,30,0.0036186113214576876,0,1.3094347895781753e-05,0.003625174332847379
s44-118-31,u031,2025-06-19,regular,hazard,60,0.009556734762613206,0,9.133117932293969e-05,0.009602693396310837
s44-118-31,u031,2025-06-19,regular,hazard,120,0.03510651674110987,0,0.0012324675176938278,0.03573756377807725
s44-118-31,u031,2025-06-19,regular,hazard_cal,30,0.0068422137542341055,0,4.681588905863037e-05,0.006865729024485088
s44-118-31,u031,2025-06-19,regular,hazard_cal,60,0.0175450856578242,0,0.0003078300307403884,0.017700825001893464
s44-118-31,u031,2025-06-19,regular,hazard_cal,120,0.05992992839451117,0,0.003591596317371236,0.061800862235214506
s44-118-41,u041,2025-06-19,regular,empirical,30,0.0011634671320535084,0,1.353655767368816e-06,0.0011641444853737134
s44-118-41,u041,2025-06-19,regular,empirical,60,0.004072134962187279,0,1.6582283150267994e-05,0.004080448681161805
s44-118-41,u041,2025-06-19,regular,empirical,120,0.018615474112856356,0,0.0003465358764464251,0.018790922836881
s44-118-41,u041,2025-06-19,regular,hazard,30,0.002475585720278173,0,6.1285246584452e-06,0.0024786550492451103
s44-118-41,u041,2025-06-19,regular,hazard,60,0.0065449479143737666,0,4.2836343201865515e-05,0.006566460001006248
s44-118-41,u041,2025-06-19,regular,hazard,120,0.024153934351283324,0,0.0005834125446461045,0.02445042463030864
s44-118-41,u041,2025-06-19,regular,hazard_cal,30,0.004841197378595341,0,2.34371920585184e-05,0.004852953933841689
s44-118-41,u041,2025-06-19,regular,hazard_cal,60,0.012435887723276973,0,0.00015465130346595092,0.01251386048979075
s44-118-41,u041,2025-06-19,regular,hazard_cal,120,0.04278099071233743,0,0.0018302131663291013,0.04372306388094237
s44-118-43,u043,2025-06-19,regular,empirical,30,0.0011634671320535084,0,1.353655767368816e-06,0.0011641444853737134
s44-118-43,u043,2025-06-19,regular,empirical,60,0.004072134962187279,0,1.6582283150267994e-05,0.004080448681161805
s44-118-43,u043,2025-06-19,regular,empirical,120,0.018615474112856356,0,0.0003465358764464251,0.018790922836881
s44-118-43,u043,2025-06-19,regular,hazard,30,0.0010502819606242886,0,1.1030921968127996e-06,0.001050833893213099
s44-118-43,u043,2025-06-19,regular,hazard,60,0.0027804075152265684,0,7.73066595072838e-06,0.002784280027976611
s44-118-43,u043,2025-06-19,regular,hazard,120,0.010320387796562747,0,0.00010651040427144127,0.010374012267992878
s44-118-43,u043,2025-06-19,regular,hazard_cal,30,0.002214753532692737,0,4.905133210574958e-06,0.0022172097265441533
s44-118-43,u043,2025-06-19,regular,hazard_cal,60,0.005702343750667027,0,3.25167242507713e-05,0.005718664185518145
s44-118-43,u043,2025-06-19,regular,hazard_cal,120,0.019801434576771193,0,0.00039209681129814974,0.020000110062924355
s44-118-1,u001,2025-06-19,regular,empirical,30,0.0011634671320535084,0,1.353655767368816e-06,0.0011641444853737134
s44-118-1,u001,2025-06-19,regular,empirical,60,0.004072134962187279,0,1.6582283150267994e-05,0.004080448681161805
s44-118-1,u001,2025-06-19,regular,empirical,120,0.018615474112856356,0,0.0003465358764464251,0.018790922836881
s44-118-1,u001,2025-06-19,regular,hazard,30,0.0005002897555630437,0,2.5028983952133e-07,0.0005004149422376194
s44-118-1,u001,2025-06-19,regular,hazard,60,0.001325091157244107,0,1.755866575006527e-06,0.0013259698668642858
s44-118-1,u001,2025-06-19,regular,hazard,120,0.004929496310345893,0,2.4299933873713775e-05,0.004941686354300466
s44-118-1,u001,2025-06-19,regular,hazard_cal,30,0.001125588468038452,0,1.2669493993811494e-06,0.001126222418494339
s44-118-1,u001,2025-06-19,regular,hazard_cal,60,0.0029008406223824945,0,8.414876316464458e-06,0.0029050562150227943
s44-118-1,u001,2025-06-19,regular,hazard_cal,120,0.010112555717574856,0,0.0001022637831410559,0.010164034961015004
s44-118-22,u022,2025-06-19,regular,empirical,30,0.0011634671320535084,0,1.353655767368816e-06,0.0011641444853737134
s44-118-22,u022,2025-06-19,regular,empirical,60,0.004072134962187279,0,1.6582283150267994e-05,0.004080448681161805
s44-118-22,u022,2025-06-19,regular,empirical,120,0.018615474112856356,0,0.0003465358764464251,0.018790922836881
s44-118-22,u022,2025-06-19,regular,hazard,30,0.0004782382267767282,0,2.2871180155054932e-07,0.00047835261915016124
s44-118-22,u022,2025-06-19,regular,hazard,60,0.001266710346514488,0,1.6045551019668542e-06,0.0012675133022119567
s44-118-22,u022,2025-06-19,regular,hazard,120,0.0047127347284188215,0,2.2209868620444822e-05,0.004723874676255102
s44-118-22,u022,2025-06-19,regular,hazard_cal,30,0.0010802125983784272,0,1.1668592576954732e-06,0.001080796448499983
s44-118-22,u022,2025-06-19,regular,hazard_cal,60,0.002784010131719028,0,7.7507124135142e-06,0.0027878926956649936
s44-118-22,u022,2025-06-19,regular,hazard_cal,120,0.009706854426786093,0,9.422302286281678e-05,0.009754273044810241
s44-118-27,u027,2025-06-19,regular,empirical,30,0.0011634671320535084,0,1.353655767368816e-06,0.0011641444853737134
s44-118-27,u027,2025-06-19,regular,empirical,60,0.004072134962187279,0,1.6582283150267994e-05,0.004080448681161805
s44-118-27,u027,2025-06-19,regular,empirical,120,0.018615474112856356,0,0.0003465358764464251,0.018790922836881
s44-118-27,u027,2025-06-19,regular,hazard,30,0.0022841596089646643,0,5.217385119225608e-06,0.002286772280788798
s44-118-27,u027,2025-06-19,regular,hazard,60,0.0060399287031676074,0,3.6480738739347936e-05,0.006058242853884473
s44-118-27,u027,2025-06-19,regular,hazard,120,0.022307431062755567,0,0.0004976214806195919,0.022560005054530947
s44-118-27,u027,2025-06-19,regular,hazard_cal,30,0.004498720957622382,0,2.023849025455084e-05,0.004508870654625451
s44-118-27,u027,2025-06-19,regular,hazard_cal,60,0.011559631622636068,0,0.00013362508325104777,0.011626963555439239
s44-118-27,u027,2025-06-19,regular,hazard_cal,120,0.039815064688523805,0,0.0015852393761513351,0.0406293721236858
s44-118-25,u025,2025-06-19,variable,empirical,30,0.0011634671320535084,0,1.353655767368816e-06,0.0011641444853737134
s44-118-25,u025,2025-06-19,variable,empirical,60,0.004072134962187279,0,1.6582283150267994e-05,0.004080448681161805
s44-118-25,u025,2025-06-19,variable,empirical,120,0.018615474112856356,0,0.0003465358764464251,0.018790922836881
s44-118-25,u025,2025-06-19,variable,hazard,30,0.0009518573810388675,0,9.060324738381719e-07,0.0009523106849523993
s44-118-25,u025,2025-06-19,variable,hazard,60,0.0025200786012192777,0,6.350796156323311e-06,0.0025232593442361282
s44-118-25,u025,2025-06-19,variable,hazard,120,0.00935782686965847,0,8.756892372250204e-05,0.009401886414672518
s44-118-25,u025,2025-06-19,variable,hazard_cal,30,0.002024567016749912,0,4.098871605311638e-06,0.0020266192229063218
s44-118-25,u025,2025-06-19,variable,hazard_cal,60,0.005213541507547825,0,2.718101505092405e-05,0.005227179436998967
s44-118-25,u025,2025-06-19,variable,hazard_cal,120,0.018116387217473995,0,0.00032820348581345517,0.018282498239850127
s44-118-34,u034,2025-06-19,variable,empirical,30,0.0011634671320535084,0,1.353655767368816e-06,0.0011641444853737134
s44-118-34,u034,2025-06-19,variable,empirical,60,0.004072134962187279,0,1.6582283150267994e-05,0.004080448681161805
s44-118-34,u034,2025-06-19,variable,empirical,120,0.018615474112856356,0,0.0003465358764464251,0.018790922836881
s44-118-34,u034,2025-06-19,variable,hazard,30,0.0005148393045002475,0,2.650595094582986e-07,0.0005149718797602326
s44-118-34,u034,2025-06-19,variable,hazard,60,0.0013636093761789647,0,1.8594305308031854e-06,0.0013645399374886495
s44-118-34,u034,2025-06-19,variable,hazard,120,0.005072488984116719,0,2.573014449398546e-05,0.005085397727839787
s44-118-34,u034,2025-06-19,variable,hazard_cal,30,0.0011554310779672283,0,1.3350209759325112e-06,0.0011560991030760855
s44-118-34,u034,2025-06-19,variable,hazard_cal,60,0.0029776721168784936,0,8.866531235635649e-06,0.002982114202738035
s44-118-34,u034,2025-06-19,variable,hazard_cal,120,0.010379285889007828,0,0.00010772957556575701,0.010433526321195848
s44-118-42,u042,2025-06-19,regular,empirical,30,0.0011634671320535084,0,1.353655767368816e-06,0.0011641444853737134
s44-118-42,u042,2025-06-19,regular,empirical,60,0.004072134962187279,0,1.6582283150267994e-05,0.004080448681161805
s44-118-42,u042,2025-06-19,regular,empirical,120,0.018615474112856356,0,0.0003465358764464251,0.018790922836881
s44-118-42,u042,2025-06-19,regular,hazard,30,0.007705695595132456,0,5.937774460484373e-05,0.007735537869941109
s44-118-42,u042,2025-06-19,regular,hazard,60,0.020273652577357915,0,0.00041102098882741123,0.02048198363535479
s44-118-42,u042,2025-06-19,regular,hazard,120,0.07326402506841734,0,0.005367617369225684,0.07608657067079184
s44-118-42,u042,2025-06-19,regular,hazard_cal,30,0.013613691647325066,0,0.00018533260026844825,0.01370720764938781
s44-118-42,u042,2025-06-19,regular,hazard_cal,60,0.03470115805913332,0,0.0012041703706449534,0.0353175448166052
s44-118-42,u042,2025-06-19,regular,hazard_cal,120,0.11573965611178127,0,0.01339566799687339,0.12300375304218664
s44-118-16,u016,2025-06-19,regular,empirical,30,0.0011634671320535084,0,1.353655767368816e-06,0.0011641444853737134
s44-118-16,u016,2025-06-19,regular,empirical,60,0.004072134962187279,0,1.6582283150267994e-05,0.004080448681161805
s44-118-16,u016,2025-06-19,regular,empirical,120,0.018615474112856356,0,0.0003465358764464251,0.018790922836881
s44-118-16,u016,2025-06-19,regular,hazard,30,0.0012020188565562417,0,1.4448493315167748e-06,0.001202741860656447
s44-118-16,u016,2025-06-19,regular,hazard,60,0.0031816521000551656,0,1.0122910085785445e-05,0.0031867243166411436
s44-118-16,u016,2025-06-19,regular,hazard,120,0.01180247462982753,0,0.0001392984073877225,0.011872676752764273
s44-118-16,u016,2025-06-19,regular,hazard_cal,30,0.0025049326687833773,0,6.274687675138213e-06,0.00250807526170702
s44-118-16,u016,2025-06-19,regular,hazard_cal,60,0.006447823499659,0,4.1574427882754834e-05,0.006468700502807306
s44-118-16,u016,2025-06-19,regular,hazard_cal,120,0.02236689817872828,0,0.0005002781341375983,0.02262083084624469
s44-118-49,u049,2025-06-19,variable,empirical,30,0.0011634671320535084,0,1.353655767368816e-06,0.0011641444853737134
s44-118-49,u049,2025-06-19,variable,empirical,60,0.004072134962187279,0,1.6582283150267994e-05,0.004080448681161805
s44-118-49,u049,2025-06-19,variable,empirical,120,0.018615474112856356,0,0.0003465358764464251,0.018790922836881
s44-118-49,u049,2025-06-19,variable,hazard,30,0.0005788316123324089,0,3.3504603543533607e-07,0.0005789992000232825
s44-118-49,u049,2025-06-19,variable,hazard,60,0.0015330091349718966,0,2.3501170079072825e-06,0.0015341853957752554
s44-118-49,u049,2025-06-19,variable,hazard,120,0.005701157573964499,0,3.250319768317277e-05,0.005717471206748125
s44-118-49,u049,2025-06-19,variable,hazard_cal,30,0.0012858380726606944,0,1.6533795491037691e-06,0.0012866654717788237
s44-118-49,u049,2025-06-19,variable,hazard_cal,60,0.003313364966708865,0,1.0978387402613638e-05,0.003318866315756246
s44-118-49,u049,2025-06-19,variable,hazard_cal,120,0.011544015263492913,0,0.00013326428840375735,0.011611164690598516
s44-118-10,u010,2025-06-19,variable,empirical,30,0.0011634671320535084,0,1.353655767368816e-06,0.0011641444853737134
s44-118-10,u010,2025-06-19,variable,empirical,60,0.004072134962187279,0,1.6582283150267994e-05,0.004080448681161805
s44-118-10,u010,2025-06-19,variable,empirical,120,0.018615474112856356,0,0.0003465358764464251,0.018790922836881
s44-118-10,u010,2025-06-19,variable,hazard,30,0.0014079139085269032,0,1.982221573823501e-06,0.001408905950562998
s44-118-10,u010,2025-06-19,variable,hazard,60,0.0037259287595552415,0,1.388254512128086e-05,0.003732887322232584
s44-118-10,u010,2025-06-19,variable,hazard,120,0.013809964057221125,0,0.00019071510726173933,0.013906208728470388
s44-118-10,u010,2025-06-19,variable,hazard_cal,30,0.002893591520950367,0,8.372871890115858e-06,0.0028977860503527093
s44-118-10,u010,2025-06-19,variable,hazard_cal,60,0.007445703780819324,0,5.543850479170717e-05,0.007473561399072388
s44-118-10,u010,2025-06-19,variable,hazard_cal,120,0.025792605105890876,0,0.000665258478148428,0.026131066903430214
s44-118-29,u029,2025-06-19,regular,empirical,30,0.0011634671320535084,0,1.353655767368816e-06,0.0011641444853737134
s44-118-29,u029,2025-06-19,regular,empirical,60,0.004072134962187279,0,1.6582283150267994e-05,0.004080448681161805
s44-118-29,u029,2025-06-19,regular,empirical,120,0.018615474112856356,0,0.0003465358764464251,0.018790922836881
s44-118-29,u029,2025-06-19,regular,hazard,30,0.0013582677127735865,0,1.84489117956319e-06,0.0013591909945005738
s44-118-29,u029,2025-06-19,regular,hazard,60,0.0035947097444462006,0,1.292193814681647e-05,0.0036011862389231284
s44-118-29,u029,2025-06-19,regular,hazard,120,0.013326287967023842,0,0.00017758995098004444,0.013415879783672141
s44-118-29,u029,2025-06-19,regular,hazard_cal,30,0.002800367136992943,0,7.842056101950051e-06,0.0028042955006649674
s44-118-29,u029,2025-06-19,regular,hazard_cal,60,0.007206412809158791,0,5.193238557600789e-05,0.007232504428836759
s44-118-29,u029,2025-06-19,regular,hazard_cal,120,0.024971994139662,0,0.0006236004913113133,0.02528908443749387
s44-119-1,u001,2025-06-20,regular,empirical,30,0.0011634671320535084,0,1.353655767368816e-06,0.0011641444853737134
s44-119-1,u001,2025-06-20,regular,empirical,60,0.004072134962187279,0,1.6582283150267994e-05,0.004080448681161805
s44-119-1,u001,2025-06-20,regular,empirical,120,0.018615474112856356,0,0.0003465358764464251,0.018790922836881
s44-119-1,u001,2025-06-20,regular,hazard,30,0.0005855038093468545,0,3.428147107596778e-07,0.0005856752836380683
s44-119-1,u001,2025-06-20,regular,hazard,60,0.0015506705459582548,0,2.404579142102472e-06,0.0015518740798799522
s44-119-1,u001,2025-06-20,regular,hazard,120,0.005766682968990744,0,3.32546324648479e-05,0.005783374485946639
s44-119-1,u001,2025-06-20,regular,hazard_cal,30,0.0012993598732521372,0,1.68833608021781e-06,0.001300204773257659
s44-119-1,u001,2025-06-20,regular,hazard_cal,60,0.003348168288271003,0,1.1210230886583577e-05,0.0033537859464625214
s44-119-1,u001,2025-06-20,regular,hazard_cal,120,0.01166470744046555,0,0.00013606539967165235,0.011733273866725288
s44-119-58,u058,2025-06-20,new,empirical,30,0.0011634671320535084,0,1.353655767368816e-06,0.0011641444853737134
s44-119-58,u058,2025-06-20,new,empirical,60,0.004072134962187279,0,1.6582283150267994e-05,0.004080448681161805
s44-119-58,u058,2025-06-20,new,empirical,120,0.018615474112856356,0,0.0003465358764464251,0.018790922836881
s44-119-58,u058,2025-06-20,new,hazard,30,0.0008610762215873757,0,7.414522593831914e-07,0.0008614471606702365
s44-119-58,u058,2025-06-20,new,hazard,60,0.002279924042612569,0,5.198053640082839e-06,0.002282527026589051
s44-119-58,u058,2025-06-20,new,hazard,120,0.008469177356060786,0,7.172696508841277e-05,0.008505244623033547
s44-119-58,u058,2025-06-20,new,hazard_cal,30,0.0018476073622483158,0,3.413652965034179e-06,0.0018493162940118523
s44-119-58,u058,2025-06-20,new,hazard_cal,60,0.004758586770523765,0,2.2644148052603796e-05,0.004769944891277154
s44-119-58,u058,2025-06-20,new,hazard_cal,120,0.016545953547161263,0,0.0002737685787848184,0.01668436674608175
s44-119-26,u026,2025-06-20,regular,empirical,30,0.0011634671320535084,0,1.353655767368816e-06,0.0011641444853737134
s44-119-26,u026,2025-06-20,regular,empirical,60,0.004072134962187279,0,1.6582283150267994e-05,0.004080448681161805
s44-119-26,u026,2025-06-20,regular,empirical,120,0.018615474112856356,0,0.0003465358764464251,0.018790922836881
s44-119-26,u026,2025-06-20,regular,hazard,30,0.005641506607933833,0,3.18265968073611e-05,0.00565748001070427
s44-119-26,u026,2025-06-20,regular,hazard,60,0.014871246456106268,0,0.00022115397115825324,0.01498293209465223
s44-119-26,u026,2025-06-20,regular,hazard,120,0.05418675963413311,0,0.002936204919647317,0.05571014975228231
s44-119-26,u026,2025-06-20,regular,hazard_cal,30,0.010251792015675387,0,0.00010509923953266563,0.01030470357159564
s44-119-26,u026,2025-06-20,regular,hazard_cal,60,0.0262092393484753,0,0.0006869242272256659,0.026558823210848837
s44-119-26,u026,2025-06-20,regular,hazard_cal,120,0.08845317941802378,0,0.007823964949157105,0.09261231966373501
s44-119-35,u035,2025-06-20,regular,empirical,30,0.0011634671320535084,0,1.353655767368816e-06,0.0011641444853737134
s44-119-35,u035,2025-06-20,regular,empirical,60,0.004072134962187279,0,1.6582283150267994e-05,0.004080448681161805
s44-119-35,u035,2025-06-20,regular,empirical,120,0.018615474112856356,0,0.0003465358764464251,0.018790922836881
s44-119-35,u035,2025-06-20,regular,hazard,30,0.0005418003040914554,0,2.9354756951359356e-07,0.0005419471309124849
s44-119-35,u035,2025-06-20,regular,hazard,60,0.0014349827010444738,0,2.0591753522968936e-06,0.0014360132747422278
s44-119-35,u035,2025-06-20,regular,hazard,120,0.005337406244256271,0,2.848790541622583e-05,0.005351701084566188
s44-119-35,u035,2025-06-20,regular,hazard_cal,30,0.0012105373783481976,0,1.4654007443781273e-06,0.0012112706705652153
s44-119-35,u035,2025-06-20,regular,hazard_cal,60,0.0031195358069896484,0,9.731503651090557e-06,0.0031244117018080055
s44-119-35,u035,2025-06-20,regular,hazard_cal,120,0.010871633255186253,0,0.00011819240963527164,0.01093116129786092
s44-119-39,u039,2025-06-20,variable,empirical,30,0.0011634671320535084,0,1.353655767368816e-06,0.0011641444853737134
s44-119-39,u039,2025-06-20,variable,empirical,60,0.004072134962187279,0,1.6582283150267994e-05,0.004080448681161805
s44-119-39,u039,2025-06-20,variable,empirical,120,0.018615474112856356,0,0.0003465358764464251,0.018790922836881
s44-119-39,u039,2025-06-20,variable,hazard,30,0.001099297497040408,0,1.2084549869993057e-06,0.0010999021677165007
s44-119-39,u039,2025-06-20,variable,hazard,60,0.0029100338256172753,0,8.468296866236715e-06,0.002914276206363687
s44-119-39,u039,2025-06-20,variable,hazard,120,0.010799391446828732,0,0.00011662685562183757,0.010858128137763014
s44-119-39,u039,2025-06-20,variable,hazard_cal,30,0.0023088714815576727,0,5.3308875183503226e-06,0.002311541035212641
s44-119-39,u039,2025-06-20,variable,hazard_cal,60,0.005944177628841363,0,3.533324768321813e-05,0.005961914575317625
s44-119-39,u039,2025-06-20,variable,hazard_cal,120,0.020634257613413975,0,0.0004257725872567326,0.020850118489254083
s44-119-55,u055,2025-06-20,new,empirical,30,0.0011634671320535084,0,1.353655767368816e-06,0.0011641444853737134
s44-119-55,u055,2025-06-20,new,empirical,60,0.004072134962187279,0,1.6582283150267994e-05,0.004080448681161805
s44-119-55,u055,2025-06-20,new,empirical,120,0.018615474112856356,0,0.0003465358764464251,0.018790922836881
s44-119-55,u055,2025-06-20,new,hazard,30,0.0007100610166279608,0,5.041866473347333e-07,0.0007103132293496432
s44-119-55,u055,2025-06-20,new,hazard,60,0.0018803352934197992,0,3.5356608156801223e-06,0.0018821053430335113
s44-119-55,u055,2025-06-20,new,hazard,120,0.006989116311924781,0,4.884774682161306e-05,0.007013654586077443
s44-119-55,u055,2025-06-20,new,hazard_cal,30,0.001549468052427505,0,2.4008512454934854e-06,0.0015506697195071632
s44-119-55,u055,2025-06-20,new,hazard_cal,60,0.003991764157532218,0,1.59341810893589e-05,0.003999752513585791
s44-119-55,u055,2025-06-20,new,hazard_cal,120,0.013894480135745901,0,0.00019305657824263744,0.013991911987627127
s44-119-45,u045,2025-06-20,variable,empirical,30,0.0011634671320535084,0,1.353655767368816e-06,0.0011641444853737134
s44-119-45,u045,2025-06-20,variable,empirical,60,0.004072134962187279,0,1.6582283150267994e-05,0.004080448681161805
s44-119-45,u045,2025-06-20,variable,empirical,120,0.018615474112856356,0,0.0003465358764464251,0.018790922836881
s44-119-45,u045,2025-06-20,variable,hazard,30,0.0009860462357476063,0,9.72287179032024e-07,0.0009865326991470155
s44-119-45,u045,2025-06-20,variable,hazard,60,0.0026105120899460044,0,6.814773371754255e-06,0.002613925418282558
s44-119-45,u045,2025-06-20,variable,hazard,120,0.009692290141106619,0,9.394048817939255e-05,0.009739566108135148
s44-119-45,u045,2025-06-20,variable,hazard_cal,30,0.0020908185077065378,0,4.3715220321681935e-06,0.002093007320194569
s44-119-45,u045,2025-06-20,variable,hazard_cal,60,0.005383834406814558,0,2.8985672920000268e-05,0.005398379472246668
s44-119-45,u045,2025-06-20,variable,hazard_cal,120,0.018703698932320267,0,0.0003498283537508783,0.018880825197276723
s44-119-13,u013,2025-06-20,regular,empirical,30,0.0011634671320535084,0,1.353655767368816e-06,0.0011641444853737134
s44-119-13,u013,2025-06-20,regular,empirical,60,0.004072134962187279,0,1.6582283150267994e-05,0.004080448681161805
s44-119-13,u013,2025-06-20,regular,empirical,120,0.018615474112856356,0,0.0003465358764464251,0.018790922836881
s44-119-13,u013,2025-06-20,regular,hazard,30,0.0027402633039942392,0,7.509042975217424e-06,0.002744024698527557
s44-119-13,u013,2025-06-20,regular,hazard,60,0.007242922893025305,0,5.245993203431006e-05,0.007269280205478592
s44-119-13,u013,2025-06-20,regular,hazard,120,0.02670122226526317,0,0.0007129552704589856,0.027064175345467026
s44-119-13,u013,2025-06-20,regular,hazard_cal,30,0.005310854770509743,0,2.8205178393446095e-05,0.005325007490640311
s44-119-13,u013,2025-06-20,regular,hazard_cal,60,0.01363668659327888,0,0.00018595922124331192,0.013730520233712979
s44-119-13,u013,2025-06-20,regular,hazard_cal,120,0.0468335978467167,0,0.0021933858872679873,0.04796578180502107
s44-119-15,u015,2025-06-20,regular,empirical,30,0.0011634671320535084,0,1.353655767368816e-06,0.0011641444853737134
s44-119-15,u015,2025-06-20,regular,empirical,60,0.004072134962187279,0,1.6582283150267994e-05,0.004080448681161805
s44-119-15,u015,2025-06-20,regular,empirical,120,0.018615474112856356,0,0.0003465358764464251,0.018790922836881
s44-119-15,u015,2025-06-20,regular,hazard,30,0.002320829541063163,0,5.386249758671452e-06,0.0023235268400647645
s44-119-15,u015,2025-06-20,regular,hazard,60,0.006136685005411313,0,3.765890285564005e-05,0.006155591846745081
s44-119-15,u015,2025-06-20,regular,hazard,120,0.022661423699640304,0,0.0005135401240946193,0.022922140094287887
s44-119-15,u015,2025-06-20,regular,hazard_cal,30,0.004564519603330486,0,2.0834839209188294e-05,0.0045749688321995085
s44-119-15,u015,2025-06-20,regular,hazard_cal,60,0.01172802435940401,0,0.00013754655537477384,0.011797340128120525
s44-119-15,u015,2025-06-20,regular,hazard_cal,120,0.04038560129071356,0,0.0016309967916124846,0.04122374322161852
s44-119-24,u024,2025-06-20,variable,empirical,30,0.0011634671320535084,0,1.353655767368816e-06,0.0011641444853737134
s44-119-24,u024,2025-06-20,variable,empirical,60,0.004072134962187279,0,1.6582283150267994e-05,0.004080448681161805
s44-119-24,u024,2025-06-20,variable,empirical,120,0.018615474112856356,0,0.0003465358764464251,0.018790922836881
s44-119-24,u024,2025-06-20,variable,hazard,30,0.0011155814792392915,0,1.2445220368217257e-06,0.0011162042034338353
s44-119-24,u024,2025-06-20,variable,hazard,60,0.0029530957757266663,0,8.72077466061468e-06,0.0029574647665425837
s44-119-24,u024,2025-06-20,variable,hazard,120,0.010958474581927669,0,0.00012008816516275479,0.011018960962734246
s44-119-24,u024,2025-06-20,variable,hazard_cal,30,0.0023400566336746476,0,5.4758650488047234e-06,0.002342798844987496
s44-119-24,u024,2025-06-20,variable,hazard_cal,60,0.006024298305177145,0,3.629217006976022e-05,0.006042517599373596
s44-119-24,u024,2025-06-20,variable,hazard_cal,120,0.02091005161502013,0,0.00043723025854280597,0.02113176285295228
s44-119-33,u033,2025-06-20,variable,empirical,30,0.0011634671320535084,0,1.353655767368816e-06,0.0011641444853737134
s44-119-33,u033,2025-06-20,variable,empirical,60,0.004072134962187279,0,1.6582283150267994e-05,0.004080448681161805
s44-119-33,u033,2025-06-20,variable,empirical,120,0.018615474112856356,0,0.0003465358764464251,0.018790922836881
s44-119-33,u033,2025-06-20,variable,hazard,30,0.00053257401035256,0,2.836350765030087e-07,0.0005327158782631557
s44-119-33,u033,2025-06-20,variable,hazard,60,0.0014105585167391022,0,1.989675329145216e-06,0.001411554290912322
s44-119-33,u033,2025-06-20,variable,hazard,120,0.005246757228508536,0,2.7528461414906576e-05,0.005260569794520051
s44-119-33,u033,2025-06-20,variable,hazard_cal,30,0.0011917071724387718,0,1.4201659848420126e-06,0.0011924178200765551
s44-119-33,u033,2025-06-20,variable,hazard_cal,60,0.0030710615461824187,0,9.431419020440348e-06,0.0030757869328080904
s44-119-33,u033,2025-06-20,variable,hazard_cal,120,0.01070342202899821,0,0.00011456324313084417,0.010761115699676724
s44-119-53,u053,2025-06-20,regular,empirical,30,0.0011634671320535084,0,1.353655767368816e-06,0.0011641444853737134
s44-119-53,u053,2025-06-20,regular,empirical,60,0.004072134962187279,0,1.6582283150267994e-05,0.004080448681161805
s44-119-53,u053,2025-06-20,regular,empirical,120,0.018615474112856356,0,0.0003465358764464251,0.018790922836881
s44-119-53,u053,2025-06-20,regular,hazard,30,0.003032179600826468,0,9.194113131668157e-06,0.003036785971310719
s44-119-53,u053,2025-06-20,regular,hazard,60,0.008012330407522694,0,6.419743855931279e-05,0.008044601620808478
s44-119-53,u053,2025-06-20,regular,hazard,120,0.029502870184357488,0,0.00087041934911505,0.02994683380594349
s44-119-53,u053,2025-06-20,regular,hazard_cal,30,0.0058241331921162764,0,3.3920527439510525e-05,0.005841159597389951
s44-119-53,u053,2025-06-20,regular,hazard_cal,60,0.014947875509854325,0,0.0002234389822581027,0.01506072094606283
s44-119-53,u053,2025-06-20,regular,hazard_cal,120,0.05124319111942932,0,0.00262586463610236,0.05260277361233616
s44-119-0,u000,2025-06-20,regular,empirical,30,0.0011634671320535084,0,1.353655767368816e-06,0.0011641444853737134
s44-119-0,u000,2025-06-20,regular,empirical,60,0.004072134962187279,0,1.6582283150267994e-05,0.004080448681161805
s44-119-0,u000,2025-06-20,regular,empirical,120,0.018615474112856356,0,0.0003465358764464251,0.018790922836881
s44-119-0,u000,2025-06-20,regular,hazard,30,0.0026016250995585244,0,6.768453158652902e-06,0.0026050152072739368
s44-119-0,u000,2025-06-20,regular,hazard,60,0.0068773661861265545,0,4.729816565807691e-05,0.0069011242602646
s44-119-0,u000,2025-06-20,regular,hazard,120,0.02536779089422614,0,0.0006435248148531826,0.02569510058016645
s44-119-0,u000,2025-06-20,regular,hazard_cal,30,0.00506538379854915,0,2.5658113026604217e-05,0.005078256343046927
s44-119-0,u000,2025-06-20,regular,hazard_cal,60,0.013009201656456137,0,0.00016923932773834112,0.013094562445665855
s44-119-0,u000,2025-06-20,regular,hazard_cal,120,0.044717586011381205,0,0.001999662498685276,0.04574826076432642
s44-119-10,u010,2025-06-20,variable,empirical,30,0.0011634671320535084,0,1.353655767368816e-06,0.0011641444853737134
s44-119-10,u010,2025-06-20,variable,empirical,60,0.004072134962187279,0,1.6582283150267994e-05,0.004080448681161805
s44-119-10,u010,2025-06-20,variable,empirical,120,0.018615474112856356,0,0.0003465358764464251,0.018790922836881
s44-119-10,u010,2025-06-20,variable,hazard,30,0.0013587290045514733,0,1.8461445078094376e-06,0.001359652913795064
s44-119-10,u010,2025-06-20,variable,hazard,60,0.0035959290325714433,0,1.2930705607290195e-05,0.0036024099265963886
s44-119-10,u010,2025-06-20,variable,hazard,120,0.013330783187015527,0,0.00017770978037921585,0.013420435727726247
s44-119-10,u010,2025-06-20,variable,hazard_cal,30,0.002801234713919243,0,7.846915922466222e-06,0.0028051655143263355
s44-119-10,u010,2025-06-20,variable,hazard_cal,60,0.007208639911301273,0,5.196448937080563e-05,0.00723474769941104
s44-119-10,u010,2025-06-20,variable,hazard_cal,120,0.02497963417030713,0,0.0006239821232823755,0.02529692017198752
s44-119-57,u057,2025-06-20,new,empirical,30,0.0011634671320535084,0,1.353655767368816e-06,0.0011641444853737134
s44-119-57,u057,2025-06-20,new,empirical,60,0.004072134962187279,0,1.6582283150267994e-05,0.004080448681161805
s44-119-57,u057,2025-06-20,new,empirical,120,0.018615474112856356,0,0.0003465358764464251,0.018790922836881
s44-119-57,u057,2025-06-20,new,hazard,30,0.0026547387840006875,0,7.047638011277449e-06,0.002658268851996045
s44-119-57,u057,2025-06-20,new,hazard,60,0.007017425750331152,0,4.9244264161410734e-05,0.007042163681407178
s44-119-57,u057,2025-06-20,new,hazard,120,0.025878859743296068,0,0.0006697153816131898,0.026219609093215336
s44-119-57,u057,2025-06-20,new,hazard_cal,30,0.005159562098727366,0,2.6621081050623944e-05,0.005172918601531229
s44-119-57,u057,2025-06-20,new,hazard_cal,60,0.013249976997069646,0,0.00017556189042287475,0.013338541127368968
s44-119-57,u057,2025-06-20,new,hazard_cal,120,0.04552997193247721,0,0.0020729783441721626,0.046599036971972596
s44-119-59,u059,2025-06-20,new,empirical,30,0.0011634671320535084,0,1.353655767368816e-06,0.0011641444853737134
s44-119-59,u059,2025-06-20,new,empirical,60,0.004072134962187279,0,1.6582283150267994e-05,0.004080448681161805
s44-119-59,u059,2025-06-20,new,empirical,120,0.018615474112856356,0,0.0003465358764464251,0.018790922836881
s44-119-59,u059,2025-06-20,new,hazard,30,0.0010315719336578821,0,1.064140654310662e-06,0.0010321043701809142
s44-119-59,u059,2025-06-20,new,hazard,60,0.0027309239347812486,0,7.457945537561097e-06,0.00273465971051304
s44-119-59,u059,2025-06-20,new,hazard,120,0.01013748250504265,0,0.0001027685515400458,0.010189216714216538
s44-119-59,u059,2025-06-20,new,hazard_cal,30,0.002178725720071606,0,4.746845763301538e-06,0.002181102595954547
s44-119-59,u059,2025-06-20,new,hazard_cal,60,0.005609760509828421,0,3.1469412977630425e-05,0.005625554310304603
s44-119-59,u059,2025-06-20,new,hazard_cal,120,0.019482449121929313,0,0.0003795658237885643,0.019674733579297686
s44-119-25,u025,2025-06-20,variable,empirical,30,0.0011634671320535084,0,1.353655767368816e-06,0.0011641444853737134
s44-119-25,u025,2025-06-20,variable,empirical,60,0.004072134962187279,0,1.6582283150267994e-05,0.004080448681161805
s44-119-25,u025,2025-06-20,variable,empirical,120,0.018615474112856356,0,0.0003465358764464251,0.018790922836881
s44-119-25,u025,2025-06-20,variable,hazard,30,0.0007574967683695588,0,5.73801354090325e-07,0.0007577838140131897
s44-119-25,u025,2025-06-20,variable,hazard,60,0.0020058631494769275,0,4.023486974429498e-06,0.002007877587205844
s44-119-25,u025,2025-06-20,variable,hazard,120,0.0074542622544483406,0,5.556602575809326e-05,0.0074821841117645805
s44-119-25,u025,2025-06-20,variable,hazard_cal,30,0.0016436684346882169,0,2.701645923190413e-06,0.0016450207396803127
s44-119-25,u025,2025-06-20,variable,hazard_cal,60,0.004234093685022033,0,1.7927549333543463e-05,0.004243082842618998
s44-119-25,u025,2025-06-20,variable,hazard_cal,120,0.014733006320478803,0,0.00021706147523926835,0.014842614966939097
s44-119-32,u032,2025-06-20,regular,empirical,30,0.0011634671320535084,0,1.353655767368816e-06,0.0011641444853737134
s44-119-32,u032,2025-06-20,regular,empirical,60,0.004072134962187279,0,1.6582283150267994e-05,0.004080448681161805
s44-119-32,u032,2025-06-20,regular,empirical,120,0.018615474112856356,0,0.0003465358764464251,0.018790922836881
s44-119-32,u032,2025-06-20,regular,hazard,30,0.0062456615229322665,0,3.90082878590366e-05,0.006265247260038285
s44-119-32,u032,2025-06-20,regular,hazard,60,0.016454594426935754,0,0.00027075367775494514,0.01659147488462535
s44-119-32,u032,2025-06-20,regular,hazard,120,0.05981103267562449,0,0.00357735962972462,0.06167439485323844
s44-119-32,u032,2025-06-20,regular,hazard_cal,30,0.011246117188491556,0,0.00012647515181728522,0.011309832917836424
s44-119-32,u032,2025-06-20,regular,hazard_cal,60,0.028726107095357722,0,0.0008251892288539613,0.02914677744363896
s44-119-32,u032,2025-06-20,regular,hazard_cal,120,0.0966090064778351,0,0.009333300132634385,0.10159982534623654
s44-119-38,u038,2025-06-20,regular,empirical,30,0.0011634671320535084,0,1.353655767368816e-06,0.0011641444853737134
s44-119-38,u038,2025-06-20,regular,empirical,60,0.004072134962187279,0,1.6582283150267994e-05,0.004080448681161805
s44-119-38,u038,2025-06-20,regular,empirical,120,0.018615474112856356,0,0.0003465358764464251,0.018790922836881
s44-119-38,u038,2025-06-20,regular,hazard,30,0.0008994512209878902,0,8.090124989366065e-07,0.0008998559699568617
s44-119-38,u038,2025-06-20,regular,hazard,60,0.0023814470831053924,0,5.671290209631182e-06,0.0023842872382256164
s44-119-38,u038,2025-06-20,regular,hazard,120,0.008844925418822425,0,7.823270566453105e-05,0.00888427396679995
s44-119-38,u038,2025-06-20,regular,hazard_cal,30,0.0019226028944600015,0,3.6964018897859757e-06,0.0019244534677303276
s44-119-38,u038,2025-06-20,regular,hazard_cal,60,0.004951413984496389,0,2.4516500445866405e-05,0.004963712849362758
s44-119-38,u038,2025-06-20,regular,hazard_cal,120,0.017211807060503514,0,0.0002962463022879986,0.01736165210335405
s44-119-17,u017,2025-06-20,variable,empirical,30,0.0011634671320535084,0,1.353655767368816e-06,0.0011641444853737134
s44-119-17,u017,2025-06-20,variable,empirical,60,0.004072134962187279,0,1.6582283150267994e-05,0.004080448681161805
s44-119-17,u017,2025-06-20,variable,empirical,120,0.018615474112856356,0,0.0003465358764464251,0.018790922836881
s44-119-17,u017,2025-06-20,variable,hazard,30,0.0006670281211290652,0,4.4492651437697086e-07,0.0006672506833619356
s44-119-17,u017,2025-06-20,variable,hazard,60,0.0017664490267130795,0,3.1203421639755856e-06,0.0017680110375411055
s44-119-17,u017,2025-06-20,variable,hazard,120,0.006566953342154291,0,4.3124876198031416e-05,0.006588610647331364
s44-119-17,u017,2025-06-20,variable,hazard_cal,30,0.0014635320220184322,0,2.1419259794733606e-06,0.0014646040310822284
s44-119-17,u017,2025-06-20,variable,hazard_cal,60,0.003770659518725905,0,1.4217873206158274e-05,0.003777786376271871
s44-119-17,u017,2025-06-20,variable,hazard_cal,120,0.013128902783104746,0,0.00017236808828821552,0.013215848668440179
s44-119-51,u051,2025-06-20,regular,empirical,30,0.0011634671320535084,0,1.353655767368816e-06,0.0011641444853737134
s44-119-51,u051,2025-06-20,regular,empirical,60,0.004072134962187279,0,1.6582283150267994e-05,0.004080448681161805
s44-119-51,u051,2025-06-20,regular,empirical,120,0.018615474112856356,0,0.0003465358764464251,0.018790922836881
s44-119-51,u051,2025-06-20,regular,hazard,30,0.0006407237450549719,0,4.105269174772686e-07,0.0006409290962339799
s44-119-51,u051,2025-06-20,regular,hazard,60,0.0016968301937542174,0,2.879232706435975e-06,0.001698271440705745
s44-119-51,u051,2025-06-20,regular,hazard,120,0.00630881181059062,0,3.98011064614477e-05,0.006328796461092894
s44-119-51,u051,2025-06-20,regular,hazard_cal,30,0.0014107641841779595,0,1.9902555833593035e-06,0.0014117602488881355
s44-119-51,u051,2025-06-20,regular,hazard_cal,60,0.0036348766715840197,0,1.321232841762572e-05,0.0036414988879563096
s44-119-51,u051,2025-06-20,regular,hazard_cal,120,0.012658518882254888,0,0.00016023810029240353,0.01273932054283392
s44-119-52,u052,2025-06-20,regular,empirical,30,0.0011634671320535084,0,1.353655767368816e-06,0.0011641444853737134
s44-119-52,u052,2025-06-20,regular,empirical,60,0.004072134962187279,0,1.6582283150267994e-05,0.004080448681161805
s44-119-52,u052,2025-06-20,regular,empirical,120,0.018615474112856356,0,0.0003465358764464251,0.018790922836881
s44-119-52,u052,2025-06-20,regular,hazard,30,0.000524033395684742,0,2.746109997928814e-07,0.0005241707491719441
s44-119-52,u052,2025-06-20,regular,hazard,60,0.0013879491145410983,0,1.9264027445554187e-06,0.0013889132080918253
s44-119-52,u052,2025-06-20,regular,hazard,120,0.0051628376176129365,0,2.6654892265839223e-05,0.005176211113730297
s44-119-52,u052,2025-06-20,regular,hazard_cal,30,0.001174250898757223,0,1.3788651732321461e-06,0.0011749408715308264
s44-119-52,u052,2025-06-20,regular,hazard_cal,60,0.003026122738731818,0,9.157418829869758e-06,0.003030710706319997
s44-119-52,u052,2025-06-20,regular,hazard_cal,120,0.0105474589062593,0,0.00011124888937922862,0.010603477602396764
s44-119-7,u007,2025-06-20,variable,empirical,30,0.0011634671320535084,0,1.353655767368816e-06,0.0011641444853737134
s44-119-7,u007,2025-06-20,variable,empirical,60,0.004072134962187279,0,1.6582283150267994e-05,0.004080448681161805
s44-119-7,u007,2025-06-20,variable,empirical,120,0.018615474112856356,0,0.0003465358764464251,0.018790922836881
s44-119-7,u007,2025-06-20,variable,hazard,30,0.0006794677148127537,0,4.616763754728656e-07,0.000679698657618536
s44-119-7,u007,2025-06-20,variable,hazard,60,0.0017993712619255309,0,3.2377369382434774e-06,0.001800992074982766
s44-119-7,u007,2025-06-20,variable,hazard,120,0.006689007360059174,0,4.47428194629258e-05,0.0067114790346466955
s44-119-7,u007,2025-06-20,variable,hazard_cal,30,0.001488422419999913,0,2.2154013003583975e-06,0.001489531221029544
s44-119-7,u007,2025-06-20,variable,hazard_cal,60,0.0038347034160718385,0,1.4704950289233027e-05,0.0038420747418160864
s44-119-7,u007,2025-06-20,variable,hazard_cal,120,0.013350704126477986,0,0.00017824130067275632,0.013440626020712465
s44-119-2,u002,2025-06-20,regular,empirical,30,0.0011634671320535084,0,1.353655767368816e-06,0.0011641444853737134
s44-119-2,u002,2025-06-20,regular,empirical,60,0.004072134962187279,0,1.6582283150267994e-05,0.004080448681161805
s44-119-2,u002,2025-06-20,regular,empirical,120,0.018615474112856356,0,0.0003465358764464251,0.018790922836881
s44-119-2,u002,2025-06-20,regular,hazard,30,0.00042411410075116063,0,1.7987277045596562e-07,0.0004242040625733393
s44-119-2,u002,2025-06-20,regular,hazard,60,0.001123408095167422,0,1.2620457482876953e-06,0.0011240395910375837
s44-119-2,u002,2025-06-20,regular,hazard,120,0.004180504351194436,0,1.7476616630355612e-05,0.004189267089814533
s44-119-2,u002,2025-06-20,regular,hazard_cal,30,0.000968041773886319,0,9.371048759889711e-07,0.0009685106289295805
s44-119-2,u002,2025-06-20,regular,hazard_cal,60,0.002495160786017192,0,6.2258273480779315e-06,0.002498278887547599
s44-119-2,u002,2025-06-20,regular,hazard_cal,120,0.008703238985623196,0,7.574636884087148e-05,0.0087413333607318
s44-119-31,u031,2025-06-20,regular,empirical,30,0.0011634671320535084,0,1.353655767368816e-06,0.0011641444853737134
s44-119-31,u031,2025-06-20,regular,empirical,60,0.004072134962187279,0,1.6582283150267994e-05,0.004080448681161805
s44-119-31,u031,2025-06-20,regular,empirical,120,0.018615474112856356,0,0.0003465358764464251,0.018790922836881
s44-119-31,u031,2025-06-20,regular,hazard,30,0.005032202820809406,0,2.5323065229762145e-05,0.005044906991320228
s44-119-31,u031,2025-06-20,regular,hazard,60,0.013272599847912181,0,0.00017616190672279844,0.01336146801832611
s44-119-31,u031,2025-06-20,regular,hazard,120,0.04848015464593414,0,0.0023503253944936893,0.0496947355490203
s44-119-31,u031,2025-06-20,regular,hazard_cal,30,0.009238913797714576,0,8.535752816160077e-05,0.00928185726712109
s44-119-31,u031,2025-06-20,regular,hazard_cal,60,0.023640848043764873,0,0.0005588896962283814,0.02392477669667389
s44-119-31,u031,2025-06-20,regular,hazard_cal,120,0.08007035488196845,0,0.006411261730924369,0.08345808456102868
s44-119-49,u049,2025-06-20,variable,empirical,30,0.0011634671320535084,0,1.353655767368816e-06,0.0011641444853737134
s44-119-49,u049,2025-06-20,variable,empirical,60,0.004072134962187279,0,1.6582283150267994e-05,0.004080448681161805
s44-119-49,u049,2025-06-20,variable,empirical,120,0.018615474112856356,0,0.0003465358764464251,0.018790922836881
s44-119-49,u049,2025-06-20,variable,hazard,30,0.0004589361294849992,0,2.1062237094667193e-07,0.0004590414729023056
s44-119-49,u049,2025-06-20,variable,hazard,60,0.0012156066183938163,0,1.4776994506828493e-06,0.0012163460674326654
s44-119-49,u049,2025-06-20,variable,hazard,120,0.004522960269062293,0,2.0457169595516048e-05,0.004533219801185764
s44-119-49,u049,2025-06-20,variable,hazard_cal,30,0.0010403438802303322,0,1.0823153891327038e-06,0.0010408854135447246
s44-119-49,u049,2025-06-20,variable,hazard_cal,60,0.002681351350386496,0,7.189645064219486e-06,0.0026849526118573044
s44-119-49,u049,2025-06-20,variable,hazard_cal,120,0.009350256136260837,0,8.742728981368344e-05,0.009394244195640852
s44-119-14,u014,2025-06-20,variable,empirical,30,0.0011634671320535084,0,1.353655767368816e-06,0.0011641444853737134
s44-119-14,u014,2025-06-20,variable,empirical,60,0.004072134962187279,0,1.6582283150267994e-05,0.004080448681161805
s44-119-14,u014,2025-06-20,variable,empirical,120,0.018615474112856356,0,0.0003465358764464251,0.018790922836881
s44-119-14,u014,2025-06-20,variable,hazard,30,0.001257360434014143,0,1.5809552610242343e-06,0.001258151574880337
s44-119-14,u014,2025-06-20,variable,hazard,60,0.003327966151032258,0,1.107535870241646e-05,0.003333516147270854
s44-119-14,u014,2025-06-20,variable,hazard,120,0.012342463888975419,0,0.00015233641485066222,0.012419264691443284
s44-119-14,u014,2025-06-20,variable,hazard_cal,30,0.0026099400828175634,0,6.81178723589775e-06,0.0026133519141787443
s44-119-14,u014,2025-06-20,variable,hazard_cal,60,0.006717497076916934,0,4.512476697838755e-05,0.006740161014048464
s44-119-14,u014,2025-06-20,variable,hazard_cal,120,0.02329362593533313,0,0.0005425930092152241,0.023569210426660044
s44-120-36,u036,2025-06-23,variable,empirical,30,0.0011634671320535084,0,1.353655767368816e-06,0.0011641444853737134
s44-120-36,u036,2025-06-23,variable,empirical,60,0.004072134962187279,0,1.6582283150267994e-05,0.004080448681161805
s44-120-36,u036,2025-06-23,variable,empirical,120,0.018615474112856356,0,0.0003465358764464251,0.018790922836881
s44-120-36,u036,2025-06-23,variable,hazard,30,0.0005450190478200057,0,2.970457624866256e-07,0.0005451676246885172
s44-120-36,u036,2025-06-23,variable,hazard,60,0.0014435033794867325,0,2.0837020065896174e-06,0.0014445462341870319
s44-120-36,u036,2025-06-23,variable,hazard,120,0.005369028673949172,0,2.8826468901688407e-05,0.005383493707083684
s44-120-36,u036,2025-06-23,variable,hazard_cal,30,0.0012170999694690599,0,1.4813323356815864e-06,0.0012178412371625352
s44-120-36,u036,2025-06-23,variable,hazard_cal,60,0.00313642938972325,0,9.837189316719757e-06,0.0031413582931849398
s44-120-36,u036,2025-06-23,variable,hazard_cal,120,0.010930250572436129,0,0.00011947037757624033,0.010990424641393418
s44-120-33,u033,2025-06-23,variable,empirical,30,0.0011634671320535084,0,1.353655767368816e-06,0.0011641444853737134
s44-120-33,u033,2025-06-23,variable,empirical,60,0.004072134962187279,0,1.6582283150267994e-05,0.004080448681161805
s44-120-33,u033,2025-06-23,variable,empirical,120,0.018615474112856356,0,0.0003465358764464251,0.018790922836881
s44-120-33,u033,2025-06-23,variable,hazard,30,0.0005232213941165353,0,2.7376062726125083e-07,0.0005233583221947157
s44-120-33,u033,2025-06-23,variable,hazard,60,0.0013857995000121637,0,1.9204402542339628e-06,0.0013867606081773747
s44-120-33,u033,2025-06-23,variable,hazard,120,0.005154858562267939,0,2.657256679698708e-05,0.005168190682197362
s44-120-33,u033,2025-06-23,variable,hazard_cal,30,0.0011725899462907696,0,1.37496718214219e-06,0.0011732779677791497
s44-120-33,u033,2025-06-23,variable,hazard_cal,60,0.003021846770058678,0,9.131557901714065e-06,0.003026421767962646
s44-120-33,u033,2025-06-23,variable,hazard_cal,120,0.010532617853421522,0,0.00011093603884621379,0.010588478458001113
s44-120-2,u002,2025-06-23,regular,empirical,30,0.0011634671320535084,0,1.353655767368816e-06,0.0011641444853737134
s44-120-2,u002,2025-06-23,regular,empirical,60,0.004072134962187279,0,1.6582283150267994e-05,0.004080448681161805
s44-120-2,u002,2025-06-23,regular,empirical,120,0.018615474112856356,0,0.0003465358764464251,0.018790922836881
s44-120-2,u002,2025-06-23,regular,hazard,30,0.0010796073304170095,0,1.165551987890142e-06,0.0010801905261970327
s44-120-2,u002,2025-06-23,regular,hazard,60,0.002857962699663652,0,8.16795079266875e-06,0.002862054473009966
s44-120-2,u002,2025-06-23,regular,hazard,120,0.010606997728757506,0,0.00011250840081786688,0.010663652912911326
s44-120-2,u002,2025-06-23,regular,hazard_cal,30,0.0022711085920640306,0,5.157934236947064e-06,0.0022736914705886037
s44-120-2,u002,2025-06-23,regular,hazard_cal,60,0.005847151581285459,0,3.4189181614529047e-05,0.005864313102133847
s44-120-2,u002,2025-06-23,regular,hazard_cal,120,0.020300188710032474,0,0.0004120976616629299,0.020509069251782017
s44-120-25,u025,2025-06-23,variable,empirical,30,0.0011634671320535084,0,1.353655767368816e-06,0.0011641444853737134
s44-120-25,u025,2025-06-23,variable,empirical,60,0.004072134962187279,0,1.6582283150267994e-05,0.004080448681161805
s44-120-25,u025,2025-06-23,variable,empirical,120,0.018615474112856356,0,0.0003465358764464251,0.018790922836881
s44-120-25,u025,2025-06-23,variable,hazard,30,0.0010877398367725721,0,1.1831779525020218e-06,0.0010883318550957031
s44-120-25,u025,2025-06-23,variable,hazard,60,0.00287946954184215,0,8.291344842396641e-06,0.002883623189714612
s44-120-25,u025,2025-06-23,variable,hazard,120,0.01068646548635932,0,0.00011420054459114893,0.01074397584728002
s44-120-25,u025,2025-06-23,variable,hazard_cal,30,0.00228671287554838,0,5.229055775198742e-06,0.002289331396067321
s44-120-25,u025,2025-06-23,variable,hazard_cal,60,0.005887245216342429,0,3.465965623734682e-05,0.005904643362837274
s44-120-25,u025,2025-06-23,variable,hazard_cal,120,0.02043824547465789,0,0.0004177218780823737,0.020649996596310876
s44-120-27,u027,2025-06-23,regular,empirical,30,0.0011634671320535084,0,1.353655767368816e-06,0.0011641444853737134
s44-120-27,u027,2025-06-23,regular,empirical,60,0.004072134962187279,0,1.6582283150267994e-05,0.004080448681161805
s44-120-27,u027,2025-06-23,regular,empirical,120,0.018615474112856356,0,0.0003465358764464251,0.018790922836881
s44-120-27,u027,2025-06-23,regular,hazard,30,0.0031486410338358306,0,9.913940359954768e-06,0.0031536084337958925
s44-120-27,u027,2025-06-23,regular,hazard,60,0.008319172818356813,0,6.920863638168683e-05,0.00835397026156716
s44-120-27,u027,2025-06-23,regular,hazard,120,0.030618326757845482,0,0.0009374819334501966,0.031096861008331745
s44-120-27,u027,2025-06-23,regular,hazard_cal,30,0.00602763980597254,0,3.633244163054468e-05,0.006045879358022585
s44-120-27,u027,2025-06-23,regular,hazard_cal,60,0.015467411813013587,0,0.00023924082819335227,0.015588280194329755
s44-120-27,u027,2025-06-23,regular,hazard_cal,120,0.05298593083238379,0,0.0028075088661741587,0.054441329340823866
s44-120-10,u010,2025-06-23,variable,empirical,30,0.0011634671320535084,0,1.353655767368816e-06,0.0011641444853737134
s44-120-10,u010,2025-06-23,variable,empirical,60,0.004072134962187279,0,1.6582283150267994e-05,0.004080448681161805
s44-120-10,u010,2025-06-23,variable,empirical,120,0.018615474112856356,0,0.0003465358764464251,0.018790922836881
s44-120-10,u010,2025-06-23,variable,hazard,30,0.0011035191544463974,0,1.2177545242300918e-06,0.0011041284800180524
s44-120-10,u010,2025-06-23,variable,hazard,60,0.0029211978537997396,0,8.533396901044204e-06,0.002925472879744529
s44-120-10,u010,2025-06-23,variable,hazard,120,0.01084063657461709,0,0.00011751940134292577,0.010899824419914423
s44-120-10,u010,2025-06-23,variable,hazard_cal,30,0.0023169601952482966,0,5.368304546365025e-06,0.0023196485007888493
s44-120-10,u010,2025-06-23,variable,hazard_cal,60,0.005964959518807933,0,3.5580742061017365e-05,0.005982820953748952
s44-120-10,u010,2025-06-23,variable,hazard_cal,120,0.020705799643590095,0,0.0004287301388804957,0.020923170506755136
s44-120-51,u051,2025-06-23,regular,empirical,30,0.0011634671320535084,0,1.353655767368816e-06,0.0011641444853737134
s44-120-51,u051,2025-06-23,regular,empirical,60,0.004072134962187279,0,1.6582283150267994e-05,0.004080448681161805
s44-120-51,u051,2025-06-23,regular,empirical,120,0.018615474112856356,0,0.0003465358764464251,0.018790922836881
s44-120-51,u051,2025-06-23,regular,hazard,30,0.0013447531635574217,0,1.8083610708976937e-06,0.0013456581555110504
s44-120-51,u051,2025-06-23,regular,hazard,60,0.003558987574710404,0,1.2666392556943043e-05,0.0035653358377240314
s44-120-51,u051,2025-06-23,regular,hazard,120,0.013194581502774416,0,0.00017409698103335676,0.013282403363873792
s44-120-51,u051,2025-06-23,regular,hazard_cal,30,0.0027749379433172905,0,7.700280589261994e-06,0.002778795221068746
s44-120-51,u051,2025-06-23,regular,hazard_cal,60,0.007141133613054795,0,5.099578927950103e-05,0.007166753550821936
s44-120-51,u051,2025-06-23,regular,hazard_cal,120,0.02474803398560088,0,0.0006124651861524563,0.025059414689277883
s44-120-19,u019,2025-06-23,variable,empirical,30,0.0011634671320535084,0,1.353655767368816e-06,0.0011641444853737134
s44-120-19,u019,2025-06-23,variable,empirical,60,0.004072134962187279,0,1.6582283150267994e-05,0.004080448681161805
s44-120-19,u019,2025-06-23,variable,empirical,120,0.018615474112856356,0,0.0003465358764464251,0.018790922836881
s44-120-19,u019,2025-06-23,variable,hazard,30,0.000499046461435837,0,2.4904737067163033e-07,0.0004991710265654215
s44-120-19,u019,2025-06-23,variable,hazard,60,0.0013217996340892935,0,1.7471542726785902e-06,0.001322673981785537
s44-120-19,u019,2025-06-23,variable,hazard,120,0.004917276277374483,0,2.417960598802985e-05,0.004929405859710154
s44-120-19,u019,2025-06-23,variable,hazard_cal,30,0.0011230348480052443,0,1.2612072698341622e-06,0.0011236659241647515
s44-120-19,u019,2025-06-23,variable,hazard_cal,60,0.002894265995027623,0,8.376775649973235e-06,0.0028984624819748893
s44-120-19,u019,2025-06-23,variable,hazard_cal,120,0.010089728418180455,0,0.00010180261955263826,0.01014097472691887
s44-120-26,u026,2025-06-23,regular,empirical,30,0.0011634671320535084,0,1.353655767368816e-06,0.0011641444853737134
s44-120-26,u026,2025-06-23,regular,empirical,60,0.004072134962187279,0,1.6582283150267994e-05,0.004080448681161805
s44-120-26,u026,2025-06-23,regular,empirical,120,0.018615474112856356,0,0.0003465358764464251,0.018790922836881
s44-120-26,u026,2025-06-23,regular,hazard,30,0.005482723704498427,0,3.0060259219868952e-05,0.005497808998373827
s44-120-26,u026,2025-06-23,regular,hazard,60,0.014454818174375661,0,0.00020894176845426092,0.01456030683894164
s44-120-26,u026,2025-06-23,regular,hazard,120,0.05270297090677234,0,0.0027776031424000917,0.054142582289216826
s44-120-26,u026,2025-06-23,regular,hazard_cal,30,0.009988860410255485,0,9.977733229556936e-05,0.01003908380595292
s44-120-26,u026,2025-06-23,regular,hazard_cal,60,0.025542956954468843,0,0.0006524426499778483,0.02587484202660966
s44-120-26,u026,2025-06-23,regular,hazard_cal,120,0.08628437816622292,0,0.007444993915531766,0.09023589179004683
s44-120-42,u042,2025-06-23,regular,empirical,30,0.0011634671320535084,0,1.353655767368816e-06,0.0011641444853737134
s44-120-42,u042,2025-06-23,regular,empirical,60,0.004072134962187279,0,1.6582283150267994e-05,0.004080448681161805
s44-120-42,u042,2025-06-23,regular,empirical,120,0.018615474112856356,0,0.0003465358764464251,0.018790922836881
s44-120-42,u042,2025-06-23,regular,hazard,30,0.006016718208728178,0,3.620089800324121e-05,0.006034891590475051
s44-120-42,u042,2025-06-23,regular,hazard,60,0.01585479741902407,0,0.0002513746011982923,0.015981829217767713
s44-120-42,u042,2025-06-23,regular,hazard,120,0.05768370862388805,0,0.003327410240605617,0.0594142949704419
s44-120-42,u042,2025-06-23,regular,hazard_cal,30,0.010870421940198938,0,0.00011816607315795843,0.010929936669909346
s44-120-42,u042,2025-06-23,regular,hazard_cal,60,0.027775656388333014,0,0.0007714870878027446,0.028168694968505124
s44-120-42,u042,2025-06-23,regular,hazard_cal,120,0.09353592459874904,0,0.008748969190542867,0.0982038795766564
s44-120-9,u009,2025-06-23,variable,empirical,30,0.0011634671320535084,0,1.353655767368816e-06,0.0011641444853737134
s44-120-9,u009,2025-06-23,variable,empirical,60,0.004072134962187279,0,1.6582283150267994e-05,0.004080448681161805
s44-120-9,u009,2025-06-23,variable,empirical,120,0.018615474112856356,0,0.0003465358764464251,0.018790922836881
s44-120-9,u009,2025-06-23,variable,hazard,30,0.000706834423042535,0,4.996149015978732e-07,0.0007070843482707766
s44-120-9,u009,2025-06-23,variable,hazard,60,0.0018717964507877216,0,3.5036219531815117e-06,0.0018735504508601356
s44-120-9,u009,2025-06-23,variable,hazard,120,0.006957468948290635,0,4.8406374166428395e-05,0.006981784986396036
s44-120-9,u009,2025-06-23,variable,hazard_cal,30,0.0015430408054523115,0,2.380974927290918e-06,0.0015442325189821257
s44-120-9,u009,2025-06-23,variable,hazard_cal,60,0.003975228664628183,0,1.580244293608157e-05,0.003983150888166098
s44-120-9,u009,2025-06-23,variable,hazard_cal,120,0.013837242147781481,0,0.00019146927025634025,0.013933869186222076
s44-120-11,u011,2025-06-23,variable,empirical,30,0.0011634671320535084,0,1.353655767368816e-06,0.0011641444853737134
s44-120-11,u011,2025-06-23,variable,empirical,60,0.004072134962187279,0,1.6582283150267994e-05,0.004080448681161805
s44-120-11,u011,2025-06-23,variable,empirical,120,0.018615474112856356,0,0.0003465358764464251,0.018790922836881
s44-120-11,u011,2025-06-23,variable,hazard,30,0.0006563826849781407,0,4.3083822913911303e-07,0.0006565981984040579
s44-120-11,u011,2025-06-23,variable,hazard,60,0.0017382745484804119,0,3.02159840589478e-06,0.0017397871007582538
s44-120-11,u011,2025-06-23,variable,hazard,120,0.006462491088852884,0,4.1763791073502934e-05,0.006483463388752349
s44-120-11,u011,2025-06-23,variable,hazard_cal,30,0.0014421991896393926,0,2.0799385025965207e-06,0.001443240159868684
s44-120-11,u011,2025-06-23,variable,hazard_cal,60,0.0037157671324841157,0,1.3806925382849227e-05,0.0037226877440819585
s44-120-11,u011,2025-06-23,variable,hazard_cal,120,0.012938764039706951,0,0.00016741161487521375,0.013023198960251024
s44-120-20,u020,2025-06-23,variable,empirical,30,0.0011634671320535084,0,1.353655767368816e-06,0.0011641444853737134
s44-120-20,u020,2025-06-23,variable,empirical,60,0.004072134962187279,0,1.6582283150267994e-05,0.004080448681161805
s44-120-20,u020,2025-06-23,variable,empirical,120,0.018615474112856356,0,0.0003465358764464251,0.018790922836881
s44-120-20,u020,2025-06-23,variable,hazard,30,0.00048166532891158464,0,2.32001489075505e-07,0.00048178136691860826
s44-120-20,u020,2025-06-23,variable,hazard,60,0.0012757836611521078,0,1.6276239500626764e-06,0.001276598165955453
s44-120-20,u020,2025-06-23,variable,hazard,120,0.004746425505834928,0,2.252855508244035e-05,0.004757725554113291
s44-120-20,u020,2025-06-23,variable,hazard_cal,30,0.0010872764369662669,0,1.1821700503820604e-06,0.0010878679507896904
s44-120-20,u020,2025-06-23,variable,hazard_cal,60,0.002802198203281314,0,7.852314770473025e-06,0.00280613171069668
s44-120-20,u020,2025-06-23,variable,hazard_cal,120,0.009770022350044316,0,9.545333672036547e-05,0.009818062174600194
s44-120-34,u034,2025-06-23,variable,empirical,30,0.0011634671320535084,0,1.353655767368816e-06,0.0011641444853737134
s44-120-34,u034,2025-06-23,variable,empirical,60,0.004072134962187279,0,1.6582283150267994e-05,0.004080448681161805
s44-120-34,u034,2025-06-23,variable,empirical,120,0.018615474112856356,0,0.0003465358764464251,0.018790922836881
s44-120-34,u034,2025-06-23,variable,hazard,30,0.00040102566601418754,0,1.608215848021227e-07,0.00040110609831091765
s44-120-34,u034,2025-06-23,variable,hazard,60,0.0010622734038484571,0,1.1284247845237874e-06,0.0010628380161245377
s44-120-34,u034,2025-06-23,variable,hazard,120,0.003953376366217953,0,1.562918469297067e-05,0.003961211615842532
s44-120-34,u034,2025-06-23,variable,hazard_cal,30,0.0009198177557413478,0,8.460647037770498e-07,0.0009202410476807702
s44-120-34,u034,2025-06-23,variable,hazard_cal,60,0.002370962331335491,0,5.6214623766118265e-06,0.0023737775131975353
s44-120-34,u034,2025-06-23,variable,hazard_cal,120,0.008271459190727803,0,6.841703714387545e-05,0.008305857523563363
s44-120-37,u037,2025-06-23,variable,empirical,30,0.0011634671320535084,0,1.353655767368816e-06,0.0011641444853737134
s44-120-37,u037,2025-06-23,variable,empirical,60,0.004072134962187279,0,1.6582283150267994e-05,0.004080448681161805
s44-120-37,u037,2025-06-23,variable,empirical,120,0.018615474112856356,0,0.0003465358764464251,0.018790922836881
s44-120-37,u037,2025-06-23,variable,hazard,30,0.004025241800517554,0,1.62025715526338e-05,0.004033364891892854
s44-120-37,u037,2025-06-23,variable,hazard,60,0.010626633168413613,0,0.00011292533249602834,0.010683499055400248
s44-120-37,u037,2025-06-23,variable,hazard,120,0.03897287740970734,0,0.0015188851735920767,0.03975264711116259
s44-120-37,u037,2025-06-23,variable,hazard_cal,30,0.0075392160995443325,0,5.6839779395628456e-05,0.007567779644294534
s44-120-37,u037,2025-06-23,variable,hazard_cal,60,0.019320505253349496,0,0.00037328192324470545,0.019509585595509756
s44-120-37,u037,2025-06-23,variable,hazard_cal,120,0.06583166239154192,0,0.0043338077732339554,0.06809862400780652
s44-120-4,u004,2025-06-23,regular,empirical,30,0.0011634671320535084,0,1.353655767368816e-06,0.0011641444853737134
s44-120-4,u004,2025-06-23,regular,empirical,60,0.004072134962187279,0,1.6582283150267994e-05,0.004080448681161805
s44-120-4,u004,2025-06-23,regular,empirical,120,0.018615474112856356,0,0.0003465358764464251,0.018790922836881
s44-120-4,u004,2025-06-23,regular,hazard,30,0.0009346086002529619,0,8.734932356668008e-07,0.0009350456191864491
s44-120-4,u004,2025-06-23,regular,hazard,60,0.002474451395716115,0,6.122909709761431e-06,0.002477517910242919
s44-120-4,u004,2025-06-23,regular,hazard,120,0.009189041896601857,0,8.443849097750425e-05,0.009231521574036842
s44-120-4,u004,2025-06-23,regular,hazard_cal,30,0.001991062894521778,0,3.96433144994144e-06,0.0019930476952597486
s44-120-4,u004,2025-06-23,regular,hazard_cal,60,0.005127414909753214,0,2.629038365675956e-05,0.005140605208991216
s44-120-4,u004,2025-06-23,regular,hazard_cal,120,0.017819244589242,0,0.0003175254777312303,0.017979918919832843
s44-120-50,u050,2025-06-23,variable,empirical,30,0.0011634671320535084,0,1.353655767368816e-06,0.0011641444853737134
s44-120-50,u050,2025-06-23,variable,empirical,60,0.004072134962187279,0,1.6582283150267994e-05,0.004080448681161805
s44-120-50,u050,2025-06-23,variable,empirical,120,0.018615474112856356,0,0.0003465358764464251,0.018790922836881
s44-120-50,u050,2025-06-23,variable,hazard,30,0.0010265836939087336,0,1.0538740805993004e-06,0.0010271109918569064
s44-120-50,u050,2025-06-23,variable,hazard,60,0.0027177309344039724,0,7.386061431816289e-06,0.0027214306698972886
s44-120-50,u050,2025-06-23,variable,hazard,120,0.010088712753642315,0,0.0001017821250255051,0.010139948710676534
s44-120-50,u050,2025-06-23,variable,hazard_cal,30,0.00216911072131154,0,4.70504132130867e-06,0.002171466649434694
s44-120-50,u050,2025-06-23,variable,hazard_cal,60,0.005585051167859678,0,3.119279654761076e-05,0.005600705881594641
s44-120-50,u050,2025-06-23,variable,hazard_cal,120,0.019397301828640745,0,0.00037625531823138957,0.019587898217332155
s44-120-30,u030,2025-06-23,variable,empirical,30,0.0011634671320535084,0,1.353655767368816e-06,0.0011641444853737134
s44-120-30,u030,2025-06-23,variable,empirical,60,0.004072134962187279,0,1.6582283150267994e-05,0.004080448681161805
s44-120-30,u030,2025-06-23,variable,empirical,120,0.018615474112856356,0,0.0003465358764464251,0.018790922836881
s44-120-30,u030,2025-06-23,variable,hazard,30,0.0018847431495828681,0,3.5522567398995496e-06,0.0018865215128093993
s44-120-30,u030,2025-06-23,variable,hazard,60,0.004985612105615211,0,2.485632806765694e-05,0.004998081732730302
s44-120-30,u030,2025-06-23,variable,hazard,120,0.01844327007544877,0,0.00034015421107594406,0.018615467725996242
s44-120-30,u030,2025-06-23,variable,hazard_cal,30,0.003775508160294816,0,1.4254461868452746e-05,0.0037826533814594113
s44-120-30,u030,2025-06-23,variable,hazard_cal,60,0.009707487287192063,0,9.423530943099551e-05,0.009754912108718759
s44-120-30,u030,2025-06-23,variable,hazard_cal,120,0.03352195796841684,0,0.0011237216660363052,0.034096699648653465
s44-120-32,u032,2025-06-23,regular,empirical,30,0.0011634671320535084,0,1.353655767368816e-06,0.0011641444853737134
s44-120-32,u032,2025-06-23,regular,empirical,60,0.004072134962187279,0,1.6582283150267994e-05,0.004080448681161805
s44-120-32,u032,2025-06-23,regular,empirical,120,0.018615474112856356,0,0.0003465358764464251,0.018790922836881
s44-120-32,u032,2025-06-23,regular,hazard,30,0.005057644724622112,0,2.5579770160497883e-05,0.005070477898411395
s44-120-32,u032,2025-06-23,regular,hazard,60,0.01333938872532714,0,0.0001779392915653848,0.013429157572588852
s44-120-32,u032,2025-06-23,regular,hazard,120,0.04871913185725896,0,0.0023735538089249848,0.04994592024838079
s44-120-32,u032,2025-06-23,regular,hazard_cal,30,0.009281425405673782,0,8.614485756108674e-05,0.009324766219261066
s44-120-32,u032,2025-06-23,regular,hazard_cal,60,0.023748738862805374,0,0.0005640025975737222,0.024035286011206712
s44-120-32,u032,2025-06-23,regular,hazard_cal,120,0.08042371834245454,0,0.006467974472026459,0.08384227844666842
s44-120-21,u021,2025-06-23,variable,empirical,30,0.0011634671320535084,0,1.353655767368816e-06,0.0011641444853737134
s44-120-21,u021,2025-06-23,variable,empirical,60,0.004072134962187279,0,1.6582283150267994e-05,0.004080448681161805
s44-120-21,u021,2025-06-23,variable,empirical,120,0.018615474112856356,0,0.0003465358764464251,0.018790922836881
s44-120-21,u021,2025-06-23,variable,hazard,30,0.00203662031454821,0,4.147822305630449e-06,0.002038697045855542
s44-120-21,u021,2025-06-23,variable,hazard,60,0.00538660567862892,0,2.9015520737037325e-05,0.005401165748773227
s44-120-21,u021,2025-06-23,variable,hazard,120,0.0199144230668451,0,0.0003965842460852922,0.020115387728807232
s44-120-21,u021,2025-06-23,variable,hazard_cal,30,0.00405198328565104,0,1.6418568547195395e-05,0.00406021481345796
s44-120-21,u021,2025-06-23,variable,hazard_cal,60,0.01041581772535849,0,0.00010848925888789209,0.010470441990130907
s44-120-21,u021,2025-06-23,variable,hazard_cal,120,0.03593253865438717,0,0.0012911473341490282,0.03659400617114685
s44-120-24,u024,2025-06-23,variable,empirical,30,0.0011634671320535084,0,1.353655767368816e-06,0.0011641444853737134
s44-120-24,u024,2025-06-23,variable,empirical,60,0.004072134962187279,0,1.6582283150267994e-05,0.004080448681161805
s44-120-24,u024,2025-06-23,variable,empirical,120,0.018615474112856356,0,0.0003465358764464251,0.018790922836881
s44-120-24,u024,2025-06-23,variable,hazard,30,0.0010867160629303152,0,1.1809518014307647e-06,0.0010873069669664265
s44-120-24,u024,2025-06-23,variable,hazard,60,0.0028767621357617124,0,8.275760385752289e-06,0.0028809079689141814
s44-120-24,u024,2025-06-23,variable,hazard,120,0.010676461912853874,0,0.00011398683897661941,0.010733864267299987
s44-120-24,u024,2025-06-23,variable,hazard_cal,30,0.002284749073456216,0,5.220078328659037e-06,0.0022873630949683667
s44-120-24,u024,2025-06-23,variable,hazard_cal,60,0.005882199485262585,0,3.4600270784423415e-05,0.0058995677632631615
s44-120-24,u024,2025-06-23,variable,hazard_cal,120,0.020420872063785067,0,0.0004170120158454774,0.020632260852007027
s44-120-57,u057,2025-06-23,new,empirical,30,0.0011634671320535084,0,1.353655767368816e-06,0.0011641444853737134
s44-120-57,u057,2025-06-23,new,empirical,60,0.004072134962187279,0,1.6582283150267994e-05,0.004080448681161805
s44-120-57,u057,2025-06-23,new,empirical,120,0.018615474112856356,0,0.0003465358764464251,0.018790922836881
s44-120-57,u057,2025-06-23,new,hazard,30,0.003127598397099529,0,9.781871733539544e-06,0.00313249955486968
s44-120-57,u057,2025-06-23,new,hazard,60,0.008263736433672175,0,6.828933984520093e-05,0.008298070385582763
s44-120-57,u057,2025-06-23,new,hazard,120,0.03041687827372208,0,0.0009251864839184263,0.030889071279120595
s44-120-57,u057,2025-06-23,new,hazard_cal,30,0.0059909207057092795,0,3.589113090209617e-05,0.006008938268394619
s44-120-57,u057,2025-06-23,new,hazard_cal,60,0.015373684659011122,0,0.00023635017999471393,0.015493085079394823
s44-120-57,u057,2025-06-23,new,hazard_cal,120,0.052671719195438116,0,0.002774310003003084,0.054109592429772015
s44-120-59,u059,2025-06-23,new,empirical,30,0.0011634671320535084,0,1.353655767368816e-06,0.0011641444853737134
s44-120-59,u059,2025-06-23,new,empirical,60,0.004072134962187279,0,1.6582283150267994e-05,0.004080448681161805
s44-120-59,u059,2025-06-23,new,empirical,120,0.018615474112856356,0,0.0003465358764464251,0.018790922836881
s44-120-59,u059,2025-06-23,new,hazard,30,0.0006891652361752376,0,4.7494872275247106e-07,0.0006894028196990886
s44-120-59,u059,2025-06-23,new,hazard,60,0.0018250358879878803,0,3.330755992443711e-06,0.0018267032950113817
s44-120-59,u059,2025-06-23,new,hazard,120,0.006784146372851074,0,4.6024642008268385e-05,0.006807263305615312
s44-120-59,u059,2025-06-23,new,hazard_cal,30,0.0015077984191128602,0,2.27345607267924e-06,0.001508936291080735
s44-120-59,u059,2025-06-23,new,hazard_cal,60,0.0038845566216000327,0,1.508978014641666e-05,0.0038921211078112145
s44-120-59,u059,2025-06-23,new,hazard_cal,120,0.0135233318209107,0,0.00018288050353845592,0.013615604910066907
s44-120-44,u044,2025-06-23,variable,empirical,30,0.0011634671320535084,0,1.353655767368816e-06,0.0011641444853737134
s44-120-44,u044,2025-06-23,variable,empirical,60,0.004072134962187279,0,1.6582283150267994e-05,0.004080448681161805
s44-120-44,u044,2025-06-23,variable,empirical,120,0.018615474112856356,0,0.0003465358764464251,0.018790922836881
s44-120-44,u044,2025-06-23,variable,hazard,30,0.002316610176819056,0,5.366682711341619e-06,0.002319297669559013
s44-120-44,u044,2025-06-23,variable,hazard,60,0.006125552239352183,0,3.7522390237032546e-05,0.006144390403307377
s44-120-44,u044,2025-06-23,variable,hazard,120,0.0226206987239721,0,0.0005116960107607129,0.02288047170199325
s44-120-44,u044,2025-06-23,variable,hazard_cal,30,0.004556953367317873,0,2.0765823991909703e-05,0.004567367930477052
s44-120-44,u044,2025-06-23,variable,hazard_cal,60,0.011708661746206217,0,0.00013709275988707282,0.01177774792678571
s44-120-44,u044,2025-06-23,variable,hazard_cal,120,0.04032001193070267,0,0.0016257033620920057,0.04115539585345213
s44-120-14,u014,2025-06-23,variable,empirical,30,0.0011634671320535084,0,1.353655767368816e-06,0.0011641444853737134
s44-120-14,u014,2025-06-23,variable,empirical,60,0.004072134962187279,0,1.6582283150267994e-05,0.004080448681161805
s44-120-14,u014,2025-06-23,variable,empirical,120,0.018615474112856356,0,0.0003465358764464251,0.018790922836881
s44-120-14,u014,2025-06-23,variable,hazard,30,0.0021755334581514685,0,4.732945827536487e-06,0.0021779033689025297
s44-120-14,u014,2025-06-23,variable,hazard,60,0.005753271958661599,0,3.310013823032187e-05,0.00576988578098067
s44-120-14,u014,2025-06-23,variable,hazard,120,0.021258049748539065,0,0.0004519046791113618,0.021487256230525886
s44-120-14,u014,2025-06-23,variable,hazard_cal,30,0.004303245073344675,0,1.8517918161265214e-05,0.004312530680829853
s44-120-14,u014,2025-06-23,variable,hazard_cal,60,0.011059251899195766,0,0.00012230705256986515,0.011120860073463901
s44-120-14,u014,2025-06-23,variable,hazard_cal,120,0.03811812274138182,0,0.00145299128132705,0.038863624568036784
s44-121-35,u035,2025-06-24,regular,empirical,30,0.0011634671320535084,0,1.353655767368816e-06,0.0011641444853737134
s44-121-35,u035,2025-06-24,regular,empirical,60,0.004072134962187279,0,1.6582283150267994e-05,0.004080448681161805
s44-121-35,u035,2025-06-24,regular,empirical,120,0.018615474112856356,0,0.0003465358764464251,0.018790922836881
s44-121-35,u035,2025-06-24,regular,hazard,30,0.0006161691054641372,0,3.79664366528475e-07,0.0006163590156626064
s44-121-35,u035,2025-06-24,regular,hazard,60,0.0016318392571263995,0,2.6628993610988395e-06,0.0016331721570565965
s44-121-35,u035,2025-06-24,regular,hazard,120,0.006067780369865217,0,3.6817958616921665e-05,0.006086264157479794
s44-121-35,u035,2025-06-24,regular,hazard_cal,30,0.0013613345970794333,0,1.853231885205423e-06,0.0013622620548378165
s44-121-35,u035,2025-06-24,regular,hazard_cal,60,0.0035076724053121344,0,1.2303765702988215e-05,0.003513838711975615
s44-121-35,u035,2025-06-24,regular,hazard_cal,120,0.012217691457591107,0,0.0001492719845528947,0.012292940995089851
s44-121-55,u055,2025-06-24,new,empirical,30,0.0011634671320535084,0,1.353655767368816e-06,0.0011641444853737134
s44-121-55,u055,2025-06-24,new,empirical,60,0.004072134962187279,0,1.6582283150267994e-05,0.004080448681161805
s44-121-55,u055,2025-06-24,new,empirical,120,0.018615474112856356,0,0.0003465358764464251,0.018790922836881
s44-121-55,u055,2025-06-24,new,hazard,30,0.0006691313163865731,0,4.477367185692282e-07,0.0006693552846608882
s44-121-55,u055,2025-06-24,new,hazard,60,0.0017720153301585828,0,3.1400383303170312e-06,0.0017735872065242205
s44-121-55,u055,2025-06-24,new,hazard,120,0.006587590404994237,0,4.3396347343972137e-05,0.00660938434442566
s44-121-55,u055,2025-06-24,new,hazard_cal,30,0.0014677431515027761,0,2.1542699587833013e-06,0.001468821341615411
s44-121-55,u055,2025-06-24,new,hazard_cal,60,0.003781495105038779,0,1.4299705229432247e-05,0.003788663033684135
s44-121-55,u055,2025-06-24,new,hazard_cal,120,0.01316643213683788,0,0.0001733549352139573,0.01325387801943848
s44-121-36,u036,2025-06-24,variable,empirical,30,0.0011634671320535084,0,1.353655767368816e-06,0.0011641444853737134
s44-121-36,u036,2025-06-24,variable,empirical,60,0.004072134962187279,0,1.6582283150267994e-05,0.004080448681161805
s44-121-36,u036,2025-06-24,variable,empirical,120,0.018615474112856356,0,0.0003465358764464251,0.018790922836881
s44-121-36,u036,2025-06-24,variable,hazard,30,0.0007613881836950886,0,5.79711966270506e-07,0.0007616781868909053
s44-121-36,u036,2025-06-24,variable,hazard,60,0.0020161603986189602,0,4.064902752959364e-06,0.0020181955859649575
s44-121-36,u036,2025-06-24,variable,hazard,120,0.007492410956311368,0,5.613622193825463e-05,0.007520620058399252
s44-121-36,u036,2025-06-24,variable,hazard_cal,30,0.001651372761298897,0,2.7270319967599443e-06,0.0016527377802743653
s44-121-36,u036,2025-06-24,variable,hazard_cal,60,0.004253911208404126,0,1.8095760568986255e-05,0.004262984830085245
s44-121-36,u036,2025-06-24,variable,hazard_cal,120,0.014801555259624566,0,0.00021908603810371965,0.014912191360248878
s44-121-21,u021,2025-06-24,variable,empirical,30,0.0011634671320535084,0,1.353655767368816e-06,0.0011641444853737134
s44-121-21,u021,2025-06-24,variable,empirical,60,0.004072134962187279,0,1.6582283150267994e-05,0.004080448681161805
s44-121-21,u021,2025-06-24,variable,empirical,120,0.018615474112856356,0,0.0003465358764464251,0.018790922836881
s44-121-21,u021,2025-06-24,variable,hazard,30,0.001967892629363255,0,3.872601400702225e-06,0.001969831474106696
s44-121-21,u021,2025-06-24,variable,hazard,60,0.0052051614716575045,0,2.709370594602772e-05,0.005218755517953368
s44-121-21,u021,2025-06-24,variable,hazard,120,0.019248970856153402,0,0.00037052287902104305,0.019436644549312595
s44-121-21,u021,2025-06-24,variable,hazard_cal,30,0.003927109078180502,0,1.542218571192771e-05,0.003934840418886678
s44-121-21,u021,2025-06-24,variable,hazard_cal,60,0.010095932256122375,0,0.00010192784812021223,0.010147241817543189
s44-121-21,u021,2025-06-24,variable,hazard_cal,120,0.03484450093273306,0,0.001214139245251235,0.03546605169482364
s44-121-39,u039,2025-06-24,variable,empirical,30,0.0011634671320535084,0,1.353655767368816e-06,0.0011641444853737134
s44-121-39,u039,2025-06-24,variable,empirical,60,0.004072134962187279,0,1.6582283150267994e-05,0.004080448681161805
s44-121-39,u039,2025-06-24,variable,empirical,120,0.018615474112856356,0,0.0003465358764464251,0.018790922836881
s44-121-39,u039,2025-06-24,variable,hazard,30,0.0008511751489114205,0,7.244991341243789e-07,0.0008515376041683497
s44-121-39,u039,2025-06-24,variable,hazard,60,0.00225372907039334,0,5.079294722736028e-06,0.002256272540000892
s44-121-39,u039,2025-06-24,variable,hazard,120,0.0083722078325833,0,7.009386399196916e-05,0.00840745161461703
s44-121-39,u039,2025-06-24,variable,hazard_cal,30,0.001828210575694933,0,3.3423539090827983e-06,0.0018298837922886525
s44-121-39,u039,2025-06-24,variable,hazard_cal,60,0.004708709942047196,0,2.2171949318334105e-05,0.00471983084049604
s44-121-39,u039,2025-06-24,variable,hazard_cal,120,0.016373665008943106,0,0.00026809690582508785,0.01650919491245058
s44-121-49,u049,2025-06-24,variable,empirical,30,0.0011634671320535084,0,1.353655767368816e-06,0.0011641444853737134
s44-121-49,u049,2025-06-24,variable,empirical,60,0.004072134962187279,0,1.6582283150267994e-05,0.004080448681161805
s44-121-49,u049,2025-06-24,variable,empirical,120,0.018615474112856356,0,0.0003465358764464251,0.018790922836881
s44-121-49,u049,2025-06-24,variable,hazard,30,0.0006344998207042929,0,4.025900224737798e-07,0.0006347012009038358
s44-121-49,u049,2025-06-24,variable,hazard,60,0.001680357062861182,0,2.823599858707458e-06,0.0016817704463383864
s44-121-49,u049,2025-06-24,variable,hazard,120,0.006247722573944792,0,3.9034037360979334e-05,0.006267321266731932
s44-121-49,u049,2025-06-24,variable,hazard_cal,30,0.001398251129547945,0,1.955106221282104e-06,0.001399229594858427
s44-121-49,u049,2025-06-24,variable,hazard_cal,60,0.0036026760750447195,0,1.2979274901699625e-05,0.0036091813414404314
s44-121-49,u049,2025-06-24,variable,hazard_cal,120,0.012546942245720949,0,0.00015742575971745704,0.012626319788116016
s44-121-51,u051,2025-06-24,regular,empirical,30,0.0011634671320535084,0,1.353655767368816e-06,0.0011641444853737134
s44-121-51,u051,2025-06-24,regular,empirical,60,0.004072134962187279,0,1.6582283150267994e-05,0.004080448681161805
s44-121-51,u051,2025-06-24,regular,empirical,120,0.018615474112856356,0,0.0003465358764464251,0.018790922836881
s44-121-51,u051,2025-06-24,regular,hazard,30,0.0006052586950842098,0,3.6633808797504046e-07,0.0006054419380715356
s44-121-51,u051,2025-06-24,regular,hazard,60,0.0016029607584363559,0,2.5694831930868573e-06,0.0016042468746124891
s44-121-51,u051,2025-06-24,regular,hazard,120,0.0059606634435838135,0,3.5529508687676446e-05,0.005978499108174414
s44-121-51,u051,2025-06-24,regular,hazard_cal,30,0.0013393163221820936,0,1.7937682108633696e-06,0.0013402140079004702
s44-121-51,u051,2025-06-24,regular,hazard_cal,60,0.003451006046543248,0,1.1909442733278059e-05,0.0034569745033197316
s44-121-51,u051,2025-06-24,regular,hazard_cal,120,0.01202126333522835,0,0.0001445107721749054,0.012094103060222749
s44-121-3,u003,2025-06-24,variable,empirical,30,0.0011634671320535084,0,1.353655767368816e-06,0.0011641444853737134
s44-121-3,u003,2025-06-24,variable,empirical,60,0.004072134962187279,0,1.6582283150267994e-05,0.004080448681161805
s44-121-3,u003,2025-06-24,variable,empirical,120,0.018615474112856356,0,0.0003465358764464251,0.018790922836881
s44-121-3,u003,2025-06-24,variable,hazard,30,0.0016378053903276513,0,2.68240649658631e-06,0.0016391480597970705
s44-121-3,u003,2025-06-24,variable,hazard,60,0.004333393340864133,0,1.8778297846645614e-05,0.004342809702833907
s44-121-3,u003,2025-06-24,variable,hazard,120,0.016046551074361926,0,0.00025749180138210585,0.016176691051342798
s44-121-3,u003,2025-06-24,variable,hazard_cal,30,0.0033216390771436677,0,1.1033286158807836e-05,0.0033271679669356694
s44-121-3,u003,2025-06-24,variable,hazard_cal,60,0.008543923583054114,0,7.299863019306824e-05,0.00858063213776108
s44-121-3,u003,2025-06-24,variable,hazard_cal,120,0.02955174042055786,0,0.0008733053618840332,0.029997190953009775
s44-121-34,u034,2025-06-24,variable,empirical,30,0.0011634671320535084,0,1.353655767368816e-06,0.0011641444853737134
s44-121-34,u034,2025-06-24,variable,empirical,60,0.004072134962187279,0,1.6582283150267994e-05,0.004080448681161805
s44-121-34,u034,2025-06-24,variable,empirical,120,0.018615474112856356,1,0.9631155876507337,3.9837621025831202
s44-121-34,u034,2025-06-24,variable,hazard,30,0.0008219286286201832,0,6.755666705454551e-07,0.0008222665971588243
s44-121-34,u034,2025-06-24,variable,hazard,60,0.002176349613789319,0,4.7364976414409185e-06,0.002178721304320029
s44-121-34,u034,2025-06-24,variable,hazard,120,0.008085716111447705,1,0.9838939465821395,4.817656217030919
s44-121-34,u034,2025-06-24,variable,hazard_cal,30,0.001770797867092222,0,3.1357250860983626e-06,0.0017723675830087163
s44-121-34,u034,2025-06-24,variable,hazard_cal,60,0.004561069117630656,0,2.0803351495804092e-05,0.004571502530477728
s44-121-34,u034,2025-06-24,variable,hazard_cal,120,0.015863531561334687,1,0.968524588510928,4.143732416608665
s44-121-9,u009,2025-06-24,variable,empirical,30,0.0011634671320535084,0,1.353655767368816e-06,0.0011641444853737134
s44-121-9,u009,2025-06-24,variable,empirical,60,0.004072134962187279,0,1.6582283150267994e-05,0.004080448681161805
s44-121-9,u009,2025-06-24,variable,empirical,120,0.018615474112856356,0,0.0003465358764464251,0.018790922836881
s44-121-9,u009,2025-06-24,variable,hazard,30,0.0005618006802466935,0,3.1562000432564756e-07,0.0005619585493789492
s44-121-9,u009,2025-06-24,variable,hazard,60,0.001487926996844191,0,2.2139267479377733e-06,0.0014890350594987808
s44-121-9,u009,2025-06-24,variable,hazard,120,0.0055338827466250295,0,3.0623858253394184e-05,0.005549251400863276
s44-121-9,u009,2025-06-24,variable,hazard_cal,30,0.0012512609583889,0,1.5656539859883087e-06,0.0012520444390092288
s44-121-9,u009,2025-06-24,variable,hazard_cal,60,0.003224364290741466,0,1.0396525079408717e-05,0.003229573754434399
s44-121-9,u009,2025-06-24,variable,hazard_cal,120,0.011235322283742133,0,0.00012623246681955254,0.011298915291104617
s44-121-20,u020,2025-06-24,variable,empirical,30,0.0011634671320535084,0,1.353655767368816e-06,0.0011641444853737134
s44-121-20,u020,2025-06-24,variable,empirical,60,0.004072134962187279,0,1.6582283150267994e-05,0.004080448681161805
s44-121-20,u020,2025-06-24,variable,empirical,120,0.018615474112856356,0,0.0003465358764464251,0.018790922836881
s44-121-20,u020,2025-06-24,variable,hazard,30,0.0002621878031298097,0,6.874244411003586e-08,0.0002622221803608565
s44-121-20,u020,2025-06-24,variable,hazard,60,0.0006945964530880033,0,4.824642326424348e-07,0.0006948377969685314
s44-121-20,u020,2025-06-24,variable,hazard,120,0.0025864812835503237,0,6.68988543015613e-06,0.00258983200523173
s44-121-20,u020,2025-06-24,variable,hazard_cal,30,0.0006240380547368751,0,3.894234937597832e-07,0.0006242328475267132
s44-121-20,u020,2025-06-24,variable,hazard_cal,60,0.0016089663577651958,0,2.5887727404202002e-06,0.001610262134229084
s44-121-20,u020,2025-06-24,variable,hazard_cal,120,0.005619080446715441,0,3.1574065066659796e-05,0.005634926868675342
s44-121-48,u048,2025-06-24,regular,empirical,30,0.0011634671320535084,0,1.353655767368816e-06,0.0011641444853737134
s44-121-48,u048,2025-06-24,regular,empirical,60,0.004072134962187279,0,1.6582283150267994e-05,0.004080448681161805
s44-121-48,u048,2025-06-24,regular,empirical,120,0.018615474112856356,0,0.0003465358764464251,0.018790922836881
s44-121-48,u048,2025-06-24,regular,hazard,30,0.0019972243485451013,0,3.9889050984214045e-06,0.0019992214606579816
s44-121-48,u048,2025-06-24,regular,hazard,60,0.005282601374494322,0,2.7905877281809302e-05,0.005296603647188009
s44-121-48,u048,2025-06-24,regular,hazard,120,0.019533029513065348,0,0.0003815392419582819,0.019726320310958417
s44-121-48,u048,2025-06-24,regular,hazard_cal,30,0.003980450010178771,0,1.5843982283532177e-05,0.003988393086338804
s44-121-48,u048,2025-06-24,regular,hazard_cal,60,0.010232582297724946,0,0.00010470574047971393,0.010285295068119564
s44-121-48,u048,2025-06-24,regular,hazard_cal,120,0.035309412829784614,0,0.0012467546343841584,0.03594786411433303
s44-121-8,u008,2025-06-24,regular,empirical,30,0.0011634671320535084,0,1.353655767368816e-06,0.0011641444853737134
s44-121-8,u008,2025-06-24,regular,empirical,60,0.004072134962187279,0,1.6582283150267994e-05,0.004080448681161805
s44-121-8,u008,2025-06-24,regular,empirical,120,0.018615474112856356,0,0.0003465358764464251,0.018790922836881
s44-121-8,u008,2025-06-24,regular,hazard,30,0.004860755883655532,0,2.3626947760491873e-05,0.004872607779247283
s44-121-8,u008,2025-06-24,regular,hazard,60,0.012822443031753838,0,0.00016441504530257257,0.01290536011673892
s44-121-8,u008,2025-06-24,regular,hazard,120,0.04686816288149209,0,0.002196624691886073,0.0480020458418513
s44-121-8,u008,2025-06-24,regular,hazard_cal,30,0.00895191569199938,0,8.013679455666472e-05,0.008992224832281178
s44-121-8,u008,2025-06-24,regular,hazard_cal,60,0.022912258998677104,0,0.0005249716124224599,0.023178824419701944
s44-121-8,u008,2025-06-24,regular,hazard_cal,120,0.07768126486325078,0,0.0060343789107545195,0.08086441545144321
s44-121-1,u001,2025-06-24,regular,empirical,30,0.0011634671320535084,0,1.353655767368816e-06,0.0011641444853737134
s44-121-1,u001,2025-06-24,regular,empirical,60,0.004072134962187279,0,1.6582283150267994e-05,0.004080448681161805
s44-121-1,u001,2025-06-24,regular,empirical,120,0.018615474112856356,0,0.0003465358764464251,0.018790922836881
s44-121-1,u001,2025-06-24,regular,hazard,30,0.0004500155537220385,0,2.0251399859175292e-07,0.0004501168411097408
s44-121-1,u001,2025-06-24,regular,hazard,60,0.0011919881167106183,0,1.4208356703793266e-06,0.0011926990995907282
s44-121-1,u001,2025-06-24,regular,hazard,120,0.004435242549007512,0,1.9671376468526653e-05,0.004445107416769037
s44-121-1,u001,2025-06-24,regular,hazard_cal,30,0.0010218690305092704,0,1.0442163155139562e-06,0.001022391494623952
s44-121-1,u001,2025-06-24,regular,hazard_cal,60,0.002633777636844581,0,6.936784640342625e-06,0.0026372521312026526
s44-121-1,u001,2025-06-24,regular,hazard_cal,120,0.009184968180229625,0,8.43636404718307e-05,0.00922741008539776
s44-121-17,u017,2025-06-24,variable,empirical,30,0.0011634671320535084,0,1.353655767368816e-06,0.0011641444853737134
s44-121-17,u017,2025-06-24,variable,empirical,60,0.004072134962187279,0,1.6582283150267994e-05,0.004080448681161805
s44-121-17,u017,2025-06-24,variable,empirical,120,0.018615474112856356,0,0.0003465358764464251,0.018790922836881
s44-121-17,u017,2025-06-24,variable,hazard,30,0.0006270514754648238,0,3.9319355288261247e-07,0.0006272481544641339
s44-121-17,u017,2025-06-24,variable,hazard,60,0.001660642953888014,0,2.757735020297909e-06,0.0016620233498397113
s44-121-17,u017,2025-06-24,variable,hazard,120,0.006174610377498668,0,3.812581331391425e-05,0.0061937521200352225
s44-121-17,u017,2025-06-24,variable,hazard_cal,30,0.0013832622273758366,0,1.9134143896847607e-06,0.0013842198177382652
s44-121-17,u017,2025-06-24,variable,hazard_cal,60,0.003564103296909704,0,1.2702832311042623e-05,0.003570469844923251
s44-121-17,u017,2025-06-24,variable,hazard_cal,120,0.012413272488137839,0,0.00015408933386475978,0.012490960734810475
s44-121-10,u010,2025-06-24,variable,empirical,30,0.0011634671320535084,0,1.353655767368816e-06,0.0011641444853737134
s44-121-10,u010,2025-06-24,variable,empirical,60,0.004072134962187279,0,1.6582283150267994e-05,0.004080448681161805
s44-121-10,u010,2025-06-24,variable,empirical,120,0.018615474112856356,0,0.0003465358764464251,0.018790922836881
s44-121-10,u010,2025-06-24,variable,hazard,30,0.0027042095505377395,0,7.312749293219523e-06,0.0027078725303179055
s44-121-10,u010,2025-06-24,variable,hazard,60,0.007147866590121343,0,5.109199679017292e-05,0.007173534977794203
s44-121-10,u010,2025-06-24,variable,hazard,120,0.026354632308913217,0,0.0006945666441380124,0.02670814051948046
s44-121-10,u010,2025-06-24,variable,hazard_cal,30,0.00524712841177577,0,2.7532356569664515e-05,0.005260942935637391
s44-121-10,u010,2025-06-24,variable,hazard_cal,60,0.013473812283046893,0,0.00018154361743878534,0.013565407782651482
s44-121-10,u010,2025-06-24,variable,hazard_cal,120,0.04628470925895223,0,0.002142274311185738,0.04739008945350364
s44-121-6,u006,2025-06-24,variable,empirical,30,0.0011634671320535084,0,1.353655767368816e-06,0.0011641444853737134
s44-121-6,u006,2025-06-24,variable,empirical,60,0.004072134962187279,0,1.6582283150267994e-05,0.004080448681161805
s44-121-6,u006,2025-06-24,variable,empirical,120,0.018615474112856356,0,0.0003465358764464251,0.018790922836881
s44-121-6,u006,2025-06-24,variable,hazard,30,0.0007410858969160161,0,5.49208306607816e-07,0.000741360636814949
s44-121-6,u006,2025-06-24,variable,hazard,60,0.001962436786055455,0,3.851158139263663e-06,0.001964364888056906
s44-121-6,u006,2025-06-24,variable,hazard,120,0.007293365296078713,0,5.3193177342045336e-05,0.007320091915372049
s44-121-6,u006,2025-06-24,variable,hazard_cal,30,0.0016111392321332962,0,2.5957696253190676e-06,0.001612438512681395
s44-121-6,u006,2025-06-24,variable,hazard_cal,60,0.004150417186416067,0,1.7225962821297857e-05,0.004159054073901382
s44-121-6,u006,2025-06-24,variable,hazard_cal,120,0.014443526960447595,0,0.00020861547105717652,0.014548850084389869
s44-121-24,u024,2025-06-24,variable,empirical,30,0.0011634671320535084,0,1.353655767368816e-06,0.0011641444853737134
s44-121-24,u024,2025-06-24,variable,empirical,60,0.004072134962187279,0,1.6582283150267994e-05,0.004080448681161805
s44-121-24,u024,2025-06-24,variable,empirical,120,0.018615474112856356,0,0.0003465358764464251,0.018790922836881
s44-121-24,u024,2025-06-24,variable,hazard,30,0.0018315551148376796,0,3.3545941386880658e-06,0.0018332344627658287
s44-121-24,u024,2025-06-24,variable,hazard,60,0.004845155688817493,0,2.3475533648880515e-05,0.004856931508158438
s44-121-24,u024,2025-06-24,variable,hazard,120,0.017927538633777385,0,0.0003213966414655807,0.0180901837713501
s44-121-24,u024,2025-06-24,variable,hazard_cal,30,0.0036782219948154893,0,1.3529317043144437e-05,0.0036850032871765756
s44-121-24,u024,2025-06-24,variable,hazard_cal,60,0.00945815754826218,0,8.945674420774886e-05,0.009503169968244903
s44-121-24,u024,2025-06-24,variable,hazard_cal,120,0.0326723037548835,0,0.0010674794326513747,0.03321796167473023
s44-122-2,u002,2025-06-25,regular,empirical,30,0.0011634671320535084,0,1.353655767368816e-06,0.0011641444853737134
s44-122-2,u002,2025-06-25,regular,empirical,60,0.004072134962187279,0,1.6582283150267994e-05,0.004080448681161805
s44-122-2,u002,2025-06-25,regular,empirical,120,0.018615474112856356,0,0.0003465358764464251,0.018790922836881
s44-122-2,u002,2025-06-25,regular,hazard,30,0.0005638062145121303,0,3.178774475224983e-07,0.0005639652130015912
s44-122-2,u002,2025-06-25,regular,hazard,60,0.0014932358685491032,0,2.2297533591215947e-06,0.001494351856322332
s44-122-2,u002,2025-06-25,regular,hazard,120,0.005553582229830267,0,3.0842275583486526e-05,0.005569060701532848
s44-122-2,u002,2025-06-25,regular,hazard_cal,30,0.0012553374249270055,0,1.5758720504223652e-06,0.001256126020990738
s44-122-2,u002,2025-06-25,regular,hazard_cal,60,0.0032348573011775628,0,1.0464301758981785e-05,0.0032401007630111413
s44-122-2,u002,2025-06-25,regular,hazard_cal,120,0.011271720585642186,0,0.00012705168496078984,0.011335727864087916
s44-122-24,u024,2025-06-25,variable,empirical,30,0.0011634671320535084,0,1.353655767368816e-06,0.0011641444853737134
s44-122-24,u024,2025-06-25,variable,empirical,60,0.004072134962187279,0,1.6582283150267994e-05,0.004080448681161805
s44-122-24,u024,2025-06-25,variable,empirical,120,0.018615474112856356,0,0.0003465358764464251,0.018790922836881
s44-122-24,u024,2025-06-25,variable,hazard,30,0.001778356672278103,0,3.1625524538360484e-06,0.0017799398257244373
s44-122-24,u024,2025-06-25,variable,hazard,60,0.0047046579070642025,0,2.2133806022501723e-05,0.004715759643676417
s44-122-24,u024,2025-06-25,variable,hazard,120,0.017411432389550452,0,0.00030315797785588657,0.017564794150965894
s44-122-24,u024,2025-06-25,variable,hazard_cal,30,0.003580664371628739,0,1.2821157342251432e-05,0.0035870902942672215
s44-122-24,u024,2025-06-25,variable,hazard_cal,60,0.009208089140284259,0,8.47889056154209e-05,0.009250745651657354
s44-122-24,u024,2025-06-25,variable,hazard_cal,120,0.0318195363012892,0,0.001012482890429061,0.032336779640551754
s44-122-58,u058,2025-06-25,new,empirical,30,0.0011634671320535084,0,1.353655767368816e-06,0.0011641444853737134
s44-122-58,u058,2025-06-25,new,empirical,60,0.004072134962187279,0,1.6582283150267994e-05,0.004080448681161805
s44-122-58,u058,2025-06-25,new,empirical,120,0.018615474112856356,0,0.0003465358764464251,0.018790922836881
s44-122-58,u058,2025-06-25,new,hazard,30,0.0013611795612656907,0,1.8528097980074584e-06,0.0013621068076927988
s44-122-58,u058,2025-06-25,new,hazard,60,0.0036024063355857283,0,1.2977331406668196e-05,0.003608910626720507
s44-122-58,u058,2025-06-25,new,hazard,120,0.013354663151904478,0,0.00017834702790083524,0.013444638625176947
s44-122-58,u058,2025-06-25,new,hazard_cal,30,0.0028058431736441847,0,7.87275591508567e-06,0.0028097869303711424
s44-122-58,u058,2025-06-25,new,hazard_cal,60,0.0072204699412155016,0,5.213518617199659e-05,0.0072466636979513785
s44-122-58,u058,2025-06-25,new,hazard_cal,120,0.025020216060474,0,0.000626011211712801,0.025338542620249926
s44-122-54,u054,2025-06-25,new,empirical,30,0.0011634671320535084,0,1.353655767368816e-06,0.0011641444853737134
s44-122-54,u054,2025-06-25,new,empirical,60,0.004072134962187279,0,1.6582283150267994e-05,0.004080448681161805
s44-122-54,u054,2025-06-25,new,empirical,120,0.018615474112856356,0,0.0003465358764464251,0.018790922836881
s44-122-54,u054,2025-06-25,new,hazard,30,0.0013595268829533769,0,1.848313345472925e-06,0.0013604518780916692
s44-122-54,u054,2025-06-25,new,hazard,60,0.0035980379852341704,0,1.2945877343187968e-05,0.00360452649251181
s44-122-54,u054,2025-06-25,new,hazard,120,0.013338558344903162,0,0.00017791713872038578,0.013428315965996817
s44-122-54,u054,2025-06-25,new,hazard_cal,30,0.0028027352662556293,0,7.855324972713014e-06,0.002806670283001965
s44-122-54,u054,2025-06-25,new,hazard_cal,60,0.007212491876754323,0,5.20200390722471e-05,0.007238627641441772
s44-122-54,u054,2025-06-25,new,hazard_cal,120,0.024992848150657165,0,0.0006246424586818073,0.02531047278109733
s44-122-46,u046,2025-06-25,regular,empirical,30,0.0011634671320535084,0,1.353655767368816e-06,0.0011641444853737134
s44-122-46,u046,2025-06-25,regular,empirical,60,0.004072134962187279,0,1.6582283150267994e-05,0.004080448681161805
s44-122-46,u046,2025-06-25,regular,empirical,120,0.018615474112856356,0,0.0003465358764464251,0.018790922836881
s44-122-46,u046,2025-06-25,regular,hazard,30,0.0009225126765617375,0,8.51029638417101e-07,0.0009229384532573525
s44-122-46,u046,2025-06-25,regular,hazard,60,0.0024424538745261293,0,5.965580929187701e-06,0.0024454415307906003
s44-122-46,u046,2025-06-25,regular,hazard,120,0.009070661981978922,0,8.227690879131779e-05,0.009112050909797508
s44-122-46,u046,2025-06-25,regular,hazard_cal,30,0.001967535227524131,0,3.8711948715484335e-06,0.0019694733676164436
s44-122-46,u046,2025-06-25,regular,hazard_cal,60,0.005066931017532639,0,2.5673789936434342e-05,0.005079811440398384
s44-122-46,u046,2025-06-25,regular,hazard_cal,120,0.017610528307425266,0,0.0003101307072666266,0.017767438571996426
s44-122-0,u000,2025-06-25,regular,empirical,30,0.0011634671320535084,0,1.353655767368816e-06,0.0011641444853737134
s44-122-0,u000,2025-06-25,regular,empirical,60,0.004072134962187279,0,1.6582283150267994e-05,0.004080448681161805
s44-122-0,u000,2025-06-25,regular,empirical,120,0.018615474112856356,0,0.0003465358764464251,0.018790922836881
s44-122-0,u000,2025-06-25,regular,hazard,30,0.0028307273947932865,0,8.013017583633186e-06,0.002834741480563116
s44-122-0,u000,2025-06-25,regular,hazard,60,0.007481404890952947,0,5.597141914237468e-05,0.007509530970057346
s44-122-0,u000,2025-06-25,regular,hazard,120,0.027570318090476276,0,0.0007601224396100434,0.027957512623548064
s44-122-0,u000,2025-06-25,regular,hazard_cal,30,0.005470423207577846,0,2.9925530070006286e-05,0.005485440765919532
s44-122-0,u000,2025-06-25,regular,hazard_cal,60,0.014044437436592894,0,0.00019724622291037198,0.014143993789222663
s44-122-0,u000,2025-06-25,regular,hazard_cal,120,0.048206623670079995,0,0.002323878565668717,0.04940730941797577
s44-122-13,u013,2025-06-25,regular,empirical,30,0.0011634671320535084,0,1.353655767368816e-06,0.0011641444853737134
s44-122-13,u013,2025-06-25,regular,empirical,60,0.004072134962187279,0,1.6582283150267994e-05,0.004080448681161805
s44-122-13,u013,2025-06-25,regular,empirical,120,0.018615474112856356,0,0.0003465358764464251,0.018790922836881
s44-122-13,u013,2025-06-25,regular,hazard,30,0.003592490189875286,0,1.2905985764350167e-05,0.0035989586793943634
s44-122-13,u013,2025-06-25,regular,hazard,60,0.009487978964415333,0,9.002174482918787e-05,0.009533276586449528
s44-122-13,u013,2025-06-25,regular,hazard,120,0.03485761312419289,0,0.0012150531927159042,0.03547963736111434
s44-122-13,u013,2025-06-25,regular,hazard_cal,30,0.0067972034652297175,0,4.620197494773088e-05,0.0068204096706857035
s44-122-13,u013,2025-06-25,regular,hazard_cal,60,0.017430359263982176,0,0.00030381742407148925,0.01758405659441897
s44-122-13,u013,2025-06-25,regular,hazard_cal,120,0.05954754730174172,0,0.0035459103896531676,0.06139418686377111
s44-122-28,u028,2025-06-25,variable,empirical,30,0.0011634671320535084,0,1.353655767368816e-06,0.0011641444853737134
s44-122-28,u028,2025-06-25,variable,empirical,60,0.004072134962187279,0,1.6582283150267994e-05,0.004080448681161805
s44-122-28,u028,2025-06-25,variable,empirical,120,0.018615474112856356,0,0.0003465358764464251,0.018790922836881
s44-122-28,u028,2025-06-25,variable,hazard,30,0.001663299677059915,0,2.7665658157076178e-06,0.0016646844957597996
s44-122-28,u028,2025-06-25,variable,hazard,60,0.004400743396211437,0,1.9366542439298574e-05,0.0044104551705894035
s44-122-28,u028,2025-06-25,variable,hazard,120,0.01629426603705142,0,0.00026550310568620734,0.016428477505168126
s44-122-28,u028,2025-06-25,variable,hazard_cal,30,0.0033687654053682348,0,1.1348580356405808e-05,0.0033744524713993254
s44-122-28,u028,2025-06-25,variable,hazard_cal,60,0.008664782560211637,0,7.507845681574773e-05,0.008702540053820281
s44-122-28,u028,2025-06-25,variable,hazard_cal,120,0.029964727722065265,0,0.0008978849074575067,0.030422844972704106
s44-122-29,u029,2025-06-25,regular,empirical,30,0.0011634671320535084,0,1.353655767368816e-06,0.0011641444853737134
s44-122-29,u029,2025-06-25,regular,empirical,60,0.004072134962187279,0,1.6582283150267994e-05,0.004080448681161805
s44-122-29,u029,2025-06-25,regular,empirical,120,0.018615474112856356,0,0.0003465358764464251,0.018790922836881
s44-122-29,u029,2025-06-25,regular,hazard,30,0.0025178805282236594,0,6.339722354407854e-06,0.002521055720356989
s44-122-29,u029,2025-06-25,regular,hazard,60,0.006656505595504347,0,4.430906674298068e-05,0.006678758936844405
s44-122-29,u029,2025-06-25,regular,hazard,120,0.024561436178442086,0,0.0006032641471476839,0.024868100070301772
s44-122-29,u029,2025-06-25,regular,hazard_cal,30,0.004916539140627618,0,2.417235712132336e-05,0.004928665080620875
s44-122-29,u029,2025-06-25,regular,hazard_cal,60,0.012628585195034403,0,0.0001594811640282421,0.012709003541021066
s44-122-29,u029,2025-06-25,regular,hazard_cal,120,0.04343225040859455,0,0.0018863603755548616,0.044403661882130276
s44-122-41,u041,2025-06-25,regular,empirical,30,0.0011634671320535084,0,1.353655767368816e-06,0.0011641444853737134
s44-122-41,u041,2025-06-25,regular,empirical,60,0.004072134962187279,0,1.6582283150267994e-05,0.004080448681161805
s44-122-41,u041,2025-06-25,regular,empirical,120,0.018615474112856356,0,0.0003465358764464251,0.018790922836881
s44-122-41,u041,2025-06-25,regular,hazard,30,0.0031210832684009926,0,9.741160768292622e-06,0.0031259640068917083
s44-122-41,u041,2025-06-25,regular,hazard,60,0.008246572024285914,0,6.800595015173508e-05,0.008280763101899988
s44-122-41,u041,2025-06-25,regular,hazard,120,0.03035449810701385,0,0.0009213955553287074,0.030824736248201624
s44-122-41,u041,2025-06-25,regular,hazard_cal,30,0.00597954737172568,0,3.5754986770711485e-05,0.005997496452464727
s44-122-41,u041,2025-06-25,regular,hazard_cal,60,0.015344652479688858,0,0.00023545835972242144,0.015463600034292454
s44-122-41,u041,2025-06-25,regular,hazard_cal,120,0.052574374707696214,0,0.0027640648759052473,0.054006840840223294
s44-122-22,u022,2025-06-25,regular,empirical,30,0.0011634671320535084,0,1.353655767368816e-06,0.0011641444853737134
s44-122-22,u022,2025-06-25,regular,empirical,60,0.004072134962187279,0,1.6582283150267994e-05,0.004080448681161805
s44-122-22,u022,2025-06-25,regular,empirical,120,0.018615474112856356,0,0.0003465358764464251,0.018790922836881
s44-122-22,u022,2025-06-25,regular,hazard,30,0.0008805896593716556,0,7.754381481922884e-07,0.0008809776062104553
s44-122-22,u022,2025-06-25,regular,hazard,60,0.002331548752630863,0,5.436119585894533e-06,0.002334271044684746
s44-122-22,u022,2025-06-25,regular,hazard,120,0.008660260791286789,0,7.500011697309928e-05,0.008697978772698843
s44-122-22,u022,2025-06-25,regular,hazard_cal,30,0.0018857780921771594,0,3.556159012935327e-06,0.0018875584102255572
s44-122-22,u022,2025-06-25,regular,hazard_cal,60,0.004856733873903951,0,2.358786392192608e-05,0.004868566132163628
s44-122-22,u022,2025-06-25,regular,hazard_cal,120,0.01688491106750456,0,0.000285100221757538,0.017029086407954665
s44-122-37,u037,2025-06-25,variable,empirical,30,0.0011634671320535084,0,1.353655767368816e-06,0.0011641444853737134
s44-122-37,u037,2025-06-25,variable,empirical,60,0.004072134962187279,0,1.6582283150267994e-05,0.004080448681161805
s44-122-37,u037,2025-06-25,variable,empirical,120,0.018615474112856356,0,0.0003465358764464251,0.018790922836881
s44-122-37,u037,2025-06-25,variable,hazard,30,0.005402076341667228,0,2.918242880120078e-05,0.005416720318465031
s44-122-37,u037,2025-06-25,variable,hazard,60,0.014243263108960513,0,0.0002028705439910755,0.01434567196823139
s44-122-37,u037,2025-06-25,variable,hazard,120,0.05194844075435279,0,0.0026986404968085014,0.053346390816132495
s44-122-37,u037,2025-06-25,variable,hazard_cal,30,0.009855045711163246,0,9.712192596911709e-05,0.009903928098067455
s44-122-37,u037,2025-06-25,variable,hazard_cal,60,0.02520374438560591,0,0.0006352287310549613,0.025526798421891556
s44-122-37,u037,2025-06-25,variable,hazard_cal,120,0.08517864502299832,0,0.007255401567953957,0.08902647323080919
s44-122-39,u039,2025-06-25,variable,empirical,30,0.0011634671320535084,0,1.353655767368816e-06,0.0011641444853737134
s44-122-39,u039,2025-06-25,variable,empirical,60,0.004072134962187279,0,1.6582283150267994e-05,0.004080448681161805
s44-122-39,u039,2025-06-25,variable,empirical,120,0.018615474112856356,0,0.0003465358764464251,0.018790922836881
s44-122-39,u039,2025-06-25,variable,hazard,30,0.0008134795095470215,0,6.617489124528627e-07,0.0008138105635525241
s44-122-39,u039,2025-06-25,variable,hazard,60,0.002153994437504969,0,4.639692036802348e-06,0.002156317620204626
s44-122-39,u039,2025-06-25,variable,hazard,120,0.008002935044937765,0,6.404696933349302e-05,0.008035130416296268
s44-122-39,u039,2025-06-25,variable,hazard_cal,30,0.0017541784985395381,0,3.0771422047384284e-06,0.0017557188712979993
s44-122-39,u039,2025-06-25,variable,hazard_cal,60,0.004518328453858578,0,2.0415292016948044e-05,0.004528566952106084
s44-122-39,u039,2025-06-25,variable,hazard_cal,120,0.015715813348659013,0,0.00024698678920988883,0.015840616054261538
s44-122-40,u040,2025-06-25,variable,empirical,30,0.0011634671320535084,0,1.353655767368816e-06,0.0011641444853737134
s44-122-40,u040,2025-06-25,variable,empirical,60,0.004072134962187279,0,1.6582283150267994e-05,0.004080448681161805
s44-122-40,u040,2025-06-25,variable,empirical,120,0.018615474112856356,0,0.0003465358764464251,0.018790922836881
s44-122-40,u040,2025-06-25,variable,hazard,30,0.00038865379827568436,0,1.5105177491411634e-07,0.000388729343737796
s44-122-40,u040,2025-06-25,variable,hazard,60,0.001029513486995981,0,1.059898019906624e-06,0.0010300438000134472
s44-122-40,u040,2025-06-25,variable,hazard,120,0.003831648977845936,0,1.4681533889427807e-05,0.0038390085503379927
s44-122-40,u040,2025-06-25,variable,hazard_cal,30,0.0008938778196386776,0,7.990175564419963e-07,0.0008942775666513105
s44-122-40,u040,2025-06-25,variable,hazard_cal,60,0.0023041510111331265,0,5.309111882105809e-06,0.0023068096517990314
s44-122-40,u040,2025-06-25,variable,hazard_cal,120,0.008039125676505998,0,6.462754164265803e-05,0.008071613681244323
s44-122-56,u056,2025-06-25,new,empirical,30,0.0011634671320535084,0,1.353655767368816e-06,0.0011641444853737134
s44-122-56,u056,2025-06-25,new,empirical,60,0.004072134962187279,0,1.6582283150267994e-05,0.004080448681161805
s44-122-56,u056,2025-06-25,new,empirical,120,0.018615474112856356,0,0.0003465358764464251,0.018790922836881
s44-122-56,u056,2025-06-25,new,hazard,30,0.0034846615216301835,0,1.2142865920329986e-05,0.003490747096148253
s44-122-56,u056,2025-06-25,new,hazard,60,0.00920411800599974,0,8.471578826836862e-05,0.009246737619009146
s44-122-56,u056,2025-06-25,new,hazard,120,0.03382944637251972,0,0.0011444314418711879,0.03441490380370583
s44-122-56,u056,2025-06-25,new,hazard_cal,30,0.006611082153091807,0,4.3706407234929004e-05,0.006633032152361154
s44-122-56,u056,2025-06-25,new,hazard_cal,60,0.01695585912510711,0,0.000287501158670478,0.017101255596042544
s44-122-56,u056,2025-06-25,new,hazard_cal,120,0.05796473541598468,0,0.003359910551845109,0.05971256924234331
s44-122-27,u027,2025-06-25,regular,empirical,30,0.0011634671320535084,0,1.353655767368816e-06,0.0011641444853737134
s44-122-27,u027,2025-06-25,regular,empirical,60,0.004072134962187279,0,1.6582283150267994e-05,0.004080448681161805
s44-122-27,u027,2025-06-25,regular,empirical,120,0.018615474112856356,0,0.0003465358764464251,0.018790922836881
s44-122-27,u027,2025-06-25,regular,hazard,30,0.002384086490215598,0,5.683868392828527e-06,0.002386932949448653
s44-122-27,u027,2025-06-25,regular,hazard,60,0.006303577606814104,0,3.973509064512822e-05,0.0063235290399329186
s44-122-27,u027,2025-06-25,regular,hazard,120,0.023271769382104734,0,0.0005415752501738674,0.0235468328633908
s44-122-27,u027,2025-06-25,regular,hazard_cal,30,0.00467780644116178,0,2.188187310097464e-05,0.004688781617588388
s44-122-27,u027,2025-06-25,regular,hazard_cal,60,0.012017903675937691,0,0.00014443000876411668,0.012090702527950479
s44-122-27,u027,2025-06-25,regular,hazard_cal,120,0.04136711955061334,0,0.0017112385799147364,0.04224709235519597
s44-122-48,u048,2025-06-25,regular,empirical,30,0.0011634671320535084,0,1.353655767368816e-06,0.0011641444853737134
s44-122-48,u048,2025-06-25,regular,empirical,60,0.004072134962187279,0,1.6582283150267994e-05,0.004080448681161805
s44-122-48,u048,2025-06-25,regular,empirical,120,0.018615474112856356,0,0.0003465358764464251,0.018790922836881
s44-122-48,u048,2025-06-25,regular,hazard,30,0.0027888966628697442,0,7.777944596165996e-06,0.0027927928809536643
s44-122-48,u048,2025-06-25,regular,hazard,60,0.007371135439106946,0,5.433363766165835e-05,0.0073984365005535565
s44-122-48,u048,2025-06-25,regular,hazard,120,0.027168544352433766,0,0.0007381298022301607,0.027544433128976847
s44-122-48,u048,2025-06-25,regular,hazard_cal,30,0.0053966965860502425,0,2.9124334041886343e-05,0.00541131135777892
s44-122-48,u048,2025-06-25,regular,hazard_cal,60,0.013856055483040364,0,0.00019199027354909292,0.013952946680849919
s44-122-48,u048,2025-06-25,regular,hazard_cal,120,0.0475724774606221,0,0.0022631406117413974,0.04874126669858602
s44-122-50,u050,2025-06-25,variable,empirical,30,0.0011634671320535084,0,1.353655767368816e-06,0.0011641444853737134
s44-122-50,u050,2025-06-25,variable,empirical,60,0.004072134962187279,0,1.6582283150267994e-05,0.004080448681161805
s44-122-50,u050,2025-06-25,variable,empirical,120,0.018615474112856356,0,0.0003465358764464251,0.018790922836881
s44-122-50,u050,2025-06-25,variable,hazard,30,0.001139828834982537,0,1.2992097730576475e-06,0.0011404789339170248
s44-122-50,u050,2025-06-25,variable,hazard,60,0.003017213945693542,0,9.103579994087592e-06,0.0030217749122756856
s44-122-50,u050,2025-06-25,variable,hazard,120,0.011195306403908645,0,0.00012533488547739792,0.011258445530175427
s44-122-50,u050,2025-06-25,variable,hazard_cal,30,0.0023864179752236536,0,5.694990752470562e-06,0.002389270008933063
s44-122-50,u050,2025-06-25,variable,hazard_cal,60,0.006143401403941762,0,3.774138080995361e-05,0.006162349739026134
s44-122-50,u050,2025-06-25,variable,hazard_cal,120,0.021319918061331933,0,0.00045453890614190754,0.02155047030679154
s44-122-8,u008,2025-06-25,regular,empirical,30,0.0011634671320535084,0,1.353655767368816e-06,0.0011641444853737134
s44-122-8,u008,2025-06-25,regular,empirical,60,0.004072134962187279,0,1.6582283150267994e-05,0.004080448681161805
s44-122-8,u008,2025-06-25,regular,empirical,120,0.018615474112856356,0,0.0003465358764464251,0.018790922836881
s44-122-8,u008,2025-06-25,regular,hazard,30,0.003189148718137025,0,1.017066954639503e-05,0.003194244890762922
s44-122-8,u008,2025-06-25,regular,hazard,60,0.008425883357494057,0,7.099551035409532e-05,0.008461581781278753
s44-122-8,u008,2025-06-25,regular,hazard,120,0.031006001900080626,0,0.0009613721538278034,0.031496861021885085
s44-122-8,u008,2025-06-25,regular,hazard_cal,30,0.006098262739850369,0,3.718880844424732e-05,0.006116933087228058
s44-122-8,u008,2025-06-25,regular,hazard_cal,60,0.015647662937096518,0,0.00024484935539298403,0.015771379899421598
s44-122-8,u008,2025-06-25,regular,hazard_cal,120,0.05358997356544004,0,0.0028718852667445624,0.055079372085659876
s44-122-35,u035,2025-06-25,regular,empirical,30,0.0011634671320535084,0,1.353655767368816e-06,0.0011641444853737134
s44-122-35,u035,2025-06-25,regular,empirical,60,0.004072134962187279,0,1.6582283150267994e-05,0.004080448681161805
s44-122-35,u035,2025-06-25,regular,empirical,120,0.018615474112856356,0,0.0003465358764464251,0.018790922836881
s44-122-35,u035,2025-06-25,regular,hazard,30,0.000852437515469262,0,7.266497177794084e-07,0.0008528010469347401
s44-122-35,u035,2025-06-25,regular,hazard,60,0.0022570689026654156,0,5.0943600313792635e-06,0.002259619921954837
s44-122-35,u035,2025-06-25,regular,hazard,120,0.008384571782006578,0,7.030104396762096e-05,0.008419920029278783
s44-122-35,u035,2025-06-25,regular,hazard_cal,30,0.0018306847268624304,0,3.3514065691673714e-06,0.0018323624780820543
s44-122-35,u035,2025-06-25,regular,hazard_cal,60,0.004715072060456071,0,2.2231904535293463e-05,0.004726223078433353
s44-122-35,u035,2025-06-25,regular,hazard_cal,120,0.016395642883616612,0,0.0002688171055670881,0.01653153888538939
s44-122-44,u044,2025-06-25,variable,empirical,30,0.0011634671320535084,0,1.353655767368816e-06,0.0011641444853737134
s44-122-44,u044,2025-06-25,variable,empirical,60,0.004072134962187279,0,1.6582283150267994e-05,0.004080448681161805
s44-122-44,u044,2025-06-25,variable,empirical,120,0.018615474112856356,1,0.9631155876507337,3.9837621025831202
s44-122-44,u044,2025-06-25,variable,hazard,30,0.0010017704272887729,0,1.0035439889903305e-06,0.001002272534642142
s44-122-44,u044,2025-06-25,variable,hazard,60,0.002652102474611562,0,7.03364753584077e-06,0.002655625528758509
s44-122-44,u044,2025-06-25,variable,hazard,120,0.009846078695066263,1,0.9804047878755369,4.620682005085517
s44-122-44,u044,2025-06-25,variable,hazard_cal,30,0.002121220597256057,0,4.499576822223344e-06,0.0021234735722689994
s44-122-44,u044,2025-06-25,variable,hazard_cal,60,0.005461973314904389,0,2.983315249272764e-05,0.0054769444305926345
s44-122-44,u044,2025-06-25,variable,hazard_cal,120,0.018973093446486233,1,0.9624137913819566,3.9647334378771335
s44-122-47,u047,2025-06-25,regular,empirical,30,0.0011634671320535084,0,1.353655767368816e-06,0.0011641444853737134
s44-122-47,u047,2025-06-25,regular,empirical,60,0.004072134962187279,0,1.6582283150267994e-05,0.004080448681161805
s44-122-47,u047,2025-06-25,regular,empirical,120,0.018615474112856356,0,0.0003465358764464251,0.018790922836881
s44-122-47,u047,2025-06-25,regular,hazard,30,0.003915201713803995,0,1.532880445977374e-05,0.003922886180082036
s44-122-47,u047,2025-06-25,regular,hazard,60,0.010337183031309594,0,0.000106857353022795,0.010390982787595466
s44-122-47,u047,2025-06-25,regular,hazard,120,0.03792813103687975,0,0.0014385431239507212,0.03866612324505254
s44-122-47,u047,2025-06-25,regular,hazard_cal,30,0.007351259118279163,0,5.404101062408254e-05,0.007378412781176522
s44-122-47,u047,2025-06-25,regular,hazard_cal,60,0.018841952520899707,0,0.0003550191747998388,0.019021723851974644
s44-122-47,u047,2025-06-25,regular,hazard_cal,120,0.06424379073956721,0,0.0041272646485893015,0.06640029662203706
s44-122-6,u006,2025-06-25,variable,empirical,30,0.0011634671320535084,0,1.353655767368816e-06,0.0011641444853737134
s44-122-6,u006,2025-06-25,variable,empirical,60,0.004072134962187279,0,1.6582283150267994e-05,0.004080448681161805
s44-122-6,u006,2025-06-25,variable,empirical,120,0.018615474112856356,0,0.0003465358764464251,0.018790922836881
s44-122-6,u006,2025-06-25,variable,hazard,30,0.0004874810779971206,0,2.3763780140523477e-07,0.0004875999355265905
s44-122-6,u006,2025-06-25,variable,hazard,60,0.001291180829561367,0,1.6671479346267797e-06,0.0012920151217540622
s44-122-6,u006,2025-06-25,variable,hazard,120,0.004803595692159601,0,2.307453157373428e-05,0.0048151700384753676
s44-122-6,u006,2025-06-25,variable,hazard_cal,30,0.0010992536312440793,0,1.2083585458032943e-06,0.0010998582536465079
s44-122-6,u006,2025-06-25,variable,hazard_cal,60,0.002833036735641503,0,8.026097145494264e-06,0.002837057379764748
s44-122-6,u006,2025-06-25,variable,hazard_cal,120,0.009877118521604777,0,9.755747028982815e-05,0.009926220850637355
s44-122-34,u034,2025-06-25,variable,empirical,30,0.0011634671320535084,0,1.353655767368816e-06,0.0011641444853737134
s44-122-34,u034,2025-06-25,variable,empirical,60,0.004072134962187279,0,1.6582283150267994e-05,0.004080448681161805
s44-122-34,u034,2025-06-25,variable,empirical,120,0.018615474112856356,1,0.9631155876507337,3.9837621025831202
s44-122-34,u034,2025-06-25,variable,hazard,30,0.0005360888282420762,0,2.873912317659622e-07,0.0005362325752343594
s44-122-34,u034,2025-06-25,variable,hazard,60,0.0014198631213134805,0,2.016011283266059e-06,0.0014208720821257022
s44-122-34,u034,2025-06-25,variable,hazard,120,0.00528129155781798,1,0.9894653089248827,5.243584597953801
s44-122-34,u034,2025-06-25,variable,hazard_cal,30,0.0011988840093206665,0,1.437322867804796e-06,0.0011996032456660065
s44-122-34,u034,2025-06-25,variable,hazard_cal,60,0.003089536938002846,0,9.545238491284e-06,0.0030943194102051267
s44-122-34,u034,2025-06-25,variable,hazard_cal,120,0.010767536433783143,1,0.9785808669732866,4.531219557360921
s44-122-31,u031,2025-06-25,regular,empirical,30,0.0011634671320535084,0,1.353655767368816e-06,0.0011641444853737134
s44-122-31,u031,2025-06-25,regular,empirical,60,0.004072134962187279,0,1.6582283150267994e-05,0.004080448681161805
s44-122-31,u031,2025-06-25,regular,empirical,120,0.018615474112856356,0,0.0003465358764464251,0.018790922836881
s44-122-31,u031,2025-06-25,regular,hazard,30,0.006601655162342235,0,4.358185088247988e-05,0.006623542469266543
s44-122-31,u031,2025-06-25,regular,hazard,60,0.017386736309729978,0,0.0003022985995040828,0.017539660773387644
s44-122-31,u031,2025-06-25,regular,hazard,120,0.0631092751922776,0,0.003982780615294625,0.06518862594834758
s44-122-31,u031,2025-06-25,regular,hazard_cal,30,0.011827770813248484,0,0.0001398961624107327,0.011898275387193898
s44-122-31,u031,2025-06-25,regular,hazard_cal,60,0.030196352671787552,0,0.0009118197146789712,0.030661653410334694
s44-122-31,u031,2025-06-25,regular,hazard_cal,120,0.1013464752162444,0,0.01027110803875684,0.10685771948192578
s44-123-52,u052,2025-06-26,regular,empirical,30,0.0011634671320535084,0,1.353655767368816e-06,0.0011641444853737134
s44-123-52,u052,2025-06-26,regular,empirical,60,0.004072134962187279,0,1.6582283150267994e-05,0.004080448681161805
s44-123-52,u052,2025-06-26,regular,empirical,120,0.018615474112856356,0,0.0003465358764464251,0.018790922836881
s44-123-52,u052,2025-06-26,regular,hazard,30,0.000977870079811649,0,9.56229892990841e-07,0.0009783485066764512
s44-123-52,u052,2025-06-26,regular,hazard,60,0.0025888857307406754,0,6.702329326832681e-06,0.0025922426905126248
s44-123-52,u052,2025-06-26,regular,hazard,120,0.009612314697186486,0,9.239659383774733e-05,0.009658811193311847
s44-123-52,u052,2025-06-26,regular,hazard_cal,30,0.0020749933719722558,0,4.305597493728792e-06,0.002077149153390123
s44-123-52,u052,2025-06-26,regular,hazard_cal,60,0.005343159268895392,0,2.854935097278274e-05,0.005357484996932802
s44-123-52,u052,2025-06-26,regular,hazard_cal,120,0.01856344258530429,0,0.00034460140061788884,0.01873790575039574
s44-123-18,u018,2025-06-26,regular,empirical,30,0.0011634671320535084,0,1.353655767368816e-06,0.0011641444853737134
s44-123-18,u018,2025-06-26,regular,empirical,60,0.004072134962187279,0,1.6582283150267994e-05,0.004080448681161805
s44-123-18,u018,2025-06-26,regular,empirical,120,0.018615474112856356,0,0.0003465358764464251,0.018790922836881
s44-123-18,u018,2025-06-26,regular,hazard,30,0.0019204998998419986,0,3.688319865293127e-06,0.0019223464243201152
s44-123-18,u018,2025-06-26,regular,hazard,60,0.005080029020931409,0,2.580669485350533e-05,0.0050929762351203224
s44-123-18,u018,2025-06-26,regular,hazard,120,0.01878982731166945,0,0.0003530576104023592,0.018968599052350574
s44-123-18,u018,2025-06-26,regular,hazard_cal,30,0.003840772758962663,0,1.4751535385989665e-05,0.0038481674669903878
s44-123-18,u018,2025-06-26,regular,hazard_cal,60,0.009874726613670948,0,9.75102256947413e-05,0.009923805084787045
s44-123-18,u018,2025-06-26,regular,hazard_cal,120,0.03409153598081227,0,0.0011622328255310177,0.034686207003529805
s44-123-23,u023,2025-06-26,variable,empirical,30,0.0011634671320535084,0,1.353655767368816e-06,0.0011641444853737134
s44-123-23,u023,2025-06-26,variable,empirical,60,0.004072134962187279,0,1.6582283150267994e-05,0.004080448681161805
s44-123-23,u023,2025-06-26,variable,empirical,120,0.018615474112856356,0,0.0003465358764464251,0.018790922836881
s44-123-23,u023,2025-06-26,variable,hazard,30,0.0007675610753634654,0,5.891500044131194e-07,0.0007678558011887034
s44-123-23,u023,2025-06-26,variable,hazard,60,0.0020324946123679855,0,4.131034349304888e-06,0.0020345629325843008
s44-123-23,u023,2025-06-26,variable,hazard,120,0.007552922609430857,0,5.704663994405182e-05,0.007581590370881941
s44-123-23,u023,2025-06-26,variable,hazard_cal,30,0.0016635869207739518,0,2.7675214429701583e-06,0.0016649722180836076
s44-123-23,u023,2025-06-26,variable,hazard_cal,60,0.004285328638772179,0,1.8364041542281018e-05,0.004294536976127278
s44-123-23,u023,2025-06-26,variable,hazard_cal,120,0.014910220578129851,0,0.00022231467768848688,0.015022495342461091
s44-123-12,u012,2025-06-26,variable,empirical,30,0.0011634671320535084,0,1.353655767368816e-06,0.0011641444853737134
s44-123-12,u012,2025-06-26,variable,empirical,60,0.004072134962187279,0,1.6582283150267994e-05,0.004080448681161805
s44-123-12,u012,2025-06-26,variable,empirical,120,0.018615474112856356,0,0.0003465358764464251,0.018790922836881
s44-123-12,u012,2025-06-26,variable,hazard,30,0.0003986343633870515,0,1.589093556729998e-07,0.00039871383918677967
s44-123-12,u012,2025-06-26,variable,hazard,60,0.0010559414456184912,0,1.1150123365748692e-06,0.001056499344560434
s44-123-12,u012,2025-06-26,variable,hazard,120,0.003929849399498253,0,1.544371630273678e-05,0.003937591547957871
s44-123-12,u012,2025-06-26,variable,hazard_cal,30,0.0009148094646658222,0,8.368763566421683e-07,0.0009152281582134993
s44-123-12,u012,2025-06-26,variable,hazard_cal,60,0.00235806313328335,0,5.56046174055009e-06,0.002360847742537864
s44-123-12,u012,2025-06-26,variable,hazard_cal,120,0.00822660615244264,0,6.767704878740708e-05,0.008260631413611955
s44-123-37,u037,2025-06-26,variable,empirical,30,0.0011634671320535084,0,1.353655767368816e-06,0.0011641444853737134
s44-123-37,u037,2025-06-26,variable,empirical,60,0.004072134962187279,0,1.6582283150267994e-05,0.004080448681161805
s44-123-37,u037,2025-06-26,variable,empirical,120,0.018615474112856356,0,0.0003465358764464251,0.018790922836881
s44-123-37,u037,2025-06-26,variable,hazard,30,0.002450346735813236,0,6.0041991257105795e-06,0.002453353748529639
s44-123-37,u037,2025-06-26,variable,hazard,60,0.006478372857523951,0,4.196931488110304e-05,0.006499448588571763
s44-123-37,u037,2025-06-26,variable,hazard,120,0.02391067996371221,0,0.0005717206163270685,0.024201180325794894
s44-123-37,u037,2025-06-26,variable,hazard_cal,30,0.004796182948851313,0,2.3003370878852077e-05,0.004807721543214187
s44-123-37,u037,2025-06-26,variable,hazard_cal,60,0.01232074456818999,0,0.00015180074671458313,0.012397274192527561
s44-123-37,u037,2025-06-26,variable,hazard_cal,120,0.04239167332240745,0,0.0017970539670737118,0.04331642941528362
s44-123-53,u053,2025-06-26,regular,empirical,30,0.0011634671320535084,0,1.353655767368816e-06,0.0011641444853737134
s44-123-53,u053,2025-06-26,regular,empirical,60,0.004072134962187279,0,1.6582283150267994e-05,0.004080448681161805
s44-123-53,u053,2025-06-26,regular,empirical,120,0.018615474112856356,0,0.0003465358764464251,0.018790922836881
s44-123-53,u053,2025-06-26,regular,hazard,30,0.003176292100078637,0,1.0088831505021959e-05,0.0031813472230340454
s44-123-53,u053,2025-06-26,regular,hazard,60,0.008392015675107944,0,7.042592709125745e-05,0.008427426892150936
s44-123-53,u053,2025-06-26,regular,hazard,120,0.03088297576244947,0,0.0009537581919440415,0.03136990633623656
s44-123-53,u053,2025-06-26,regular,hazard_cal,30,0.006075856777350563,0,3.6916035578876776e-05,0.0060943899030178675
s44-123-53,u053,2025-06-26,regular,hazard_cal,60,0.015590478567726662,0,0.00024306302197074438,0.01571328819154013
s44-123-53,u053,2025-06-26,regular,hazard_cal,120,0.05339837514388601,0,0.0028513864680071834,0.05487694499327759
s44-123-5,u005,2025-06-26,regular,empirical,30,0.0011634671320535084,0,1.353655767368816e-06,0.0011641444853737134
s44-123-5,u005,2025-06-26,regular,empirical,60,0.004072134962187279,0,1.6582283150267994e-05,0.004080448681161805
s44-123-5,u005,2025-06-26,regular,empirical,120,0.018615474112856356,0,0.0003465358764464251,0.018790922836881
s44-123-5,u005,2025-06-26,regular,hazard,30,0.004696485273822271,0,2.205697392722945e-05,0.004707548412956595
s44-123-5,u005,2025-06-26,regular,hazard,60,0.012390993881505108,0,0.00015353672937149703,0.012468402356160346
s44-123-5,u005,2025-06-26,regular,hazard,120,0.04532105847349188,0,0.0020539983411576703,0.046380181908123264
s44-123-5,u005,2025-06-26,regular,hazard_cal,30,0.00867605475180544,0,7.527392605632575e-05,0.008713910834846145
s44-123-5,u005,2025-06-26,regular,hazard_cal,60,0.022211594488789066,0,0.0004933549297344048,0.022461986638299347
s44-123-5,u005,2025-06-26,regular,hazard_cal,120,0.07537910392958114,0,0.005682009309226594,0.07837146756396746
s44-123-9,u009,2025-06-26,variable,empirical,30,0.0011634671320535084,0,1.353655767368816e-06,0.0011641444853737134
s44-123-9,u009,2025-06-26,variable,empirical,60,0.004072134962187279,0,1.6582283150267994e-05,0.004080448681161805
s44-123-9,u009,2025-06-26,variable,empirical,120,0.018615474112856356,0,0.0003465358764464251,0.018790922836881
s44-123-9,u009,2025-06-26,variable,hazard,30,0.000626077477018816,0,3.919730072302461e-07,0.0006262735453626849
s44-123-9,u009,2025-06-26,variable,hazard,60,0.001658064977039908,0,2.7491794680863507e-06,0.0016594410881053553
s44-123-9,u009,2025-06-26,variable,hazard,120,0.006165049306236514,0,3.800783294832733e-05,0.0061841316923713025
s44-123-9,u009,2025-06-26,variable,hazard_cal,30,0.001381301020586423,0,1.9079925094730933e-06,0.0013822558962562753
s44-123-9,u009,2025-06-26,variable,hazard_cal,60,0.003559056207896538,0,1.2666881090966887e-05,0.0035654047160496344
s44-123-9,u009,2025-06-26,variable,hazard_cal,120,0.012395781286709928,0,0.00015365539370794804,0.012473249838087506
s44-123-16,u016,2025-06-26,regular,empirical,30,0.0011634671320535084,0,1.353655767368816e-06,0.0011641444853737134
s44-123-16,u016,2025-06-26,regular,empirical,60,0.004072134962187279,0,1.6582283150267994e-05,0.004080448681161805
s44-123-16,u016,2025-06-26,regular,empirical,120,0.018615474112856356,0,0.0003465358764464251,0.018790922836881
s44-123-16,u016,2025-06-26,regular,hazard,30,0.0025822567237966387,0,6.66804978759295e-06,0.002585596499367969
s44-123-16,u016,2025-06-26,regular,hazard,60,0.006826288785072632,0,4.6598218577208386e-05,0.006849694471156831
s44-123-16,u016,2025-06-26,regular,hazard,120,0.025181357718909725,0,0.0006341007765676943,0.02550383320273845
s44-123-16,u016,2025-06-26,regular,hazard_cal,30,0.005030997948377913,0,2.5310940356582773e-05,0.005043696025794128
s44-123-16,u016,2025-06-26,regular,hazard_cal,60,0.012921281144760877,0,0.00016695950642195296,0.013005487049903548
s44-123-16,u016,2025-06-26,regular,hazard_cal,120,0.04442080176315055,0,0.0019732076292811192,0.04543763204195504
s44-123-40,u040,2025-06-26,variable,empirical,30,0.0011634671320535084,0,1.353655767368816e-06,0.0011641444853737134
s44-123-40,u040,2025-06-26,variable,empirical,60,0.004072134962187279,0,1.6582283150267994e-05,0.004080448681161805
s44-123-40,u040,2025-06-26,variable,empirical,120,0.018615474112856356,0,0.0003465358764464251,0.018790922836881
s44-123-40,u040,2025-06-26,variable,hazard,30,0.0002562528695460031,0,6.56655331505609e-08,0.0002562857079226504
s44-123-40,u040,2025-06-26,variable,hazard,60,0.0006788771718282405,0,4.6087421442951035e-07,0.0006791077132809131
s44-123-40,u040,2025-06-26,variable,hazard,120,0.0025280080680848416,0,6.390824792302053e-06,0.002531208876064559
s44-123-40,u040,2025-06-26,variable,hazard_cal,30,0.0006111285394778676,0,3.7347809176435156e-07,0.0006113153546396786
s44-123-40,u040,2025-06-26,variable,hazard_cal,60,0.0015756994648727929,0,2.482828803600406e-06,0.0015769421848816538
s44-123-40,u040,2025-06-26,variable,hazard_cal,120,0.0055031555994426995,0,3.0284721551677538e-05,0.005518353744368734
s44-123-55,u055,2025-06-26,new,empirical,30,0.0011634671320535084,0,1.353655767368816e-06,0.0011641444853737134
s44-123-55,u055,2025-06-26,new,empirical,60,0.004072134962187279,0,1.6582283150267994e-05,0.004080448681161805
s44-123-55,u055,2025-06-26,new,empirical,120,0.018615474112856356,0,0.0003465358764464251,0.018790922836881
s44-123-55,u055,2025-06-26,new,hazard,30,0.001079365476649774,0,1.165029832183394e-06,0.0010799484110698093
s44-123-55,u055,2025-06-26,new,hazard,60,0.0028573230996424837,0,8.16429529575053e-06,0.0028614130400023176
s44-123-55,u055,2025-06-26,new,hazard,120,0.010604634326995765,0,0.00011245826920929693,0.010661264176652282
s44-123-55,u055,2025-06-26,new,hazard_cal,30,0.002270644375422015,0,5.155825879635633e-06,0.0022732261973685743
s44-123-55,u055,2025-06-26,new,hazard_cal,60,0.005845958806484308,0,3.4175234367111436e-05,0.005863113312697535
s44-123-55,u055,2025-06-26,new,hazard_cal,120,0.020296081321679926,0,0.0004119309170162448,0.020504876763741155
s44-123-4,u004,2025-06-26,regular,empirical,30,0.0011634671320535084,0,1.353655767368816e-06,0.0011641444853737134
s44-123-4,u004,2025-06-26,regular,empirical,60,0.004072134962187279,0,1.6582283150267994e-05,0.004080448681161805
s44-123-4,u004,2025-06-26,regular,empirical,120,0.018615474112856356,0,0.0003465358764464251,0.018790922836881
s44-123-4,u004,2025-06-26,regular,hazard,30,0.0005663492832284067,0,3.2075151061333003e-07,0.0005665097195619081
s44-123-4,u004,2025-06-26,regular,hazard,60,0.0014999676251670202,0,2.2499028765491904e-06,0.0015010937027994892
s44-123-4,u004,2025-06-26,regular,hazard,120,0.005578561110940572,0,3.1120344068498505e-05,0.005594179395093089
s44-123-4,u004,2025-06-26,regular,hazard_cal,30,0.0012605046613496373,0,1.588872001284164e-06,0.0012612997655755665
s44-123-4,u004,2025-06-26,regular,hazard_cal,60,0.0032481578946970124,0,1.0550529708882529e-05,0.0032534446107145044
s44-123-4,u004,2025-06-26,regular,hazard_cal,120,0.011317856339542298,0,0.00012809387212251778,0.011382390664455623
s44-123-44,u044,2025-06-26,variable,empirical,30,0.0011634671320535084,0,1.353655767368816e-06,0.0011641444853737134
s44-123-44,u044,2025-06-26,variable,empirical,60,0.004072134962187279,0,1.6582283150267994e-05,0.004080448681161805
s44-123-44,u044,2025-06-26,variable,empirical,120,0.018615474112856356,0,0.0003465358764464251,0.018790922836881
s44-123-44,u044,2025-06-26,variable,hazard,30,0.0014095122898561963,0,1.986724895255658e-06,0.0014105065867294259
s44-123-44,u044,2025-06-26,variable,hazard,60,0.0037301532130484816,0,1.391404299281591e-05,0.0037371275835939785
s44-123-44,u044,2025-06-26,variable,hazard,120,0.013825532241973026,0,0.0001911453417738357,0.013921995044562584
s44-123-44,u044,2025-06-26,variable,hazard_cal,30,0.0028965880229305796,0,8.390222174584885e-06,0.002900791252663396
s44-123-44,u044,2025-06-26,variable,hazard_cal,60,0.007453394634125754,0,5.555309157201458e-05,0.007481309975782345
s44-123-44,u044,2025-06-26,variable,hazard_cal,120,0.025818970576218625,0,0.0006666192416156431,0.026158130778374544
s44-123-45,u045,2025-06-26,variable,empirical,30,0.0011634671320535084,0,1.353655767368816e-06,0.0011641444853737134
s44-123-45,u045,2025-06-26,variable,empirical,60,0.004072134962187279,0,1.6582283150267994e-05,0.004080448681161805
s44-123-45,u045,2025-06-26,variable,empirical,120,0.018615474112856356,0,0.0003465358764464251,0.018790922836881
s44-123-45,u045,2025-06-26,variable,hazard,30,0.0008497732094411292,0,7.221145074838772e-07,0.000850134471369843
s44-123-45,u045,2025-06-26,variable,hazard,60,0.002250019962103278,0,5.0625898298632366e-06,0.0022525550604132775
s44-123-45,u045,2025-06-26,variable,hazard,120,0.008358476686819438,0,6.986413252410406e-05,0.008393604634121844
s44-123-45,u045,2025-06-26,variable,hazard_cal,30,0.0018254624925500007,0,3.3323133117068612e-06,0.0018271306796569804
s44-123-45,u045,2025-06-26,variable,hazard_cal,60,0.004701643392913901,0,2.2105450594130942e-05,0.004712730884816914
s44-123-45,u045,2025-06-26,variable,hazard_cal,120,0.016349253227599725,0,0.00026729808110018,0.01648437707507431
s44-123-7,u007,2025-06-26,variable,empirical,30,0.0011634671320535084,0,1.353655767368816e-06,0.0011641444853737134
s44-123-7,u007,2025-06-26,variable,empirical,60,0.004072134962187279,0,1.6582283150267994e-05,0.004080448681161805
s44-123-7,u007,2025-06-26,variable,empirical,120,0.018615474112856356,0,0.0003465358764464251,0.018790922836881
s44-123-7,u007,2025-06-26,variable,hazard,30,0.0010416963239150423,0,1.0851312312581126e-06,0.0010422392666176992
s44-123-7,u007,2025-06-26,variable,hazard,60,0.002757700757356485,0,7.6049134671245304e-06,0.002761510219272572
s44-123-7,u007,2025-06-26,variable,hazard,120,0.010236460657523372,0,0.00010478512679302383,0.010289213531515783
s44-123-7,u007,2025-06-26,variable,hazard_cal,30,0.0021982282261677755,0,4.832207334320725e-06,0.0022006478764476298
s44-123-7,u007,2025-06-26,variable,hazard_cal,60,0.005659878220989567,0,3.203422147643203e-05,0.005675956026040235
s44-123-7,u007,2025-06-26,variable,hazard_cal,120,0.019655134472090108,0,0.00038632431111594487,0.019850865621160913
s44-123-20,u020,2025-06-26,variable,empirical,30,0.0011634671320535084,0,1.353655767368816e-06,0.0011641444853737134
s44-123-20,u020,2025-06-26,variable,empirical,60,0.004072134962187279,0,1.6582283150267994e-05,0.004080448681161805
s44-123-20,u020,2025-06-26,variable,empirical,120,0.018615474112856356,0,0.0003465358764464251,0.018790922836881
s44-123-20,u020,2025-06-26,variable,hazard,30,0.000291483142731197,0,8.496242249645538e-08,0.0002915256321992883
s44-123-20,u020,2025-06-26,variable,hazard,60,0.0007721856331420751,0,5.962706520310274e-07,0.0007724839220342405
s44-123-20,u020,2025-06-26,variable,hazard,120,0.0028750593150748127,0,8.26596606519845e-06,0.002879200236942588
s44-123-20,u020,2025-06-26,variable,hazard_cal,30,0.000687398682397089,0,4.7251694856125403e-07,0.0006876350491963944
s44-123-20,u020,2025-06-26,variable,hazard_cal,60,0.0017722311809652558,0,3.140803358785505e-06,0.0017738034405241935
s44-123-20,u020,2025-06-26,variable,hazard_cal,120,0.00618785209063899,0,3.828951349562532e-05,0.006207076192347683
s44-123-36,u036,2025-06-26,variable,empirical,30,0.0011634671320535084,0,1.353655767368816e-06,0.0011641444853737134
s44-123-36,u036,2025-06-26,variable,empirical,60,0.004072134962187279,0,1.6582283150267994e-05,0.004080448681161805
s44-123-36,u036,2025-06-26,variable,empirical,120,0.018615474112856356,0,0.0003465358764464251,0.018790922836881
s44-123-36,u036,2025-06-26,variable,hazard,30,0.0004774899989390402,0,2.2799669908680462e-07,0.00047760403359029875
s44-123-36,u036,2025-06-26,variable,hazard,60,0.0012647293921606018,0,1.5995404353949252e-06,0.0012655298373471804
s44-123-36,u036,2025-06-26,variable,hazard,120,0.004705378979459218,0,2.2140591340336674e-05,0.004716484124768332
s44-123-36,u036,2025-06-26,variable,hazard_cal,30,0.0010786697854311411,0,1.163528506002064e-06,0.0010792519683772322
s44-123-36,u036,2025-06-26,variable,hazard_cal,60,0.0027800376450084485,0,7.72860930766412e-06,0.0027839091265700255
s44-123-36,u036,2025-06-26,variable,hazard_cal,120,0.009693057389998039,0,9.395536156579559e-05,0.009740340866506712
s44-123-54,u054,2025-06-26,new,empirical,30,0.0011634671320535084,0,1.353655767368816e-06,0.0011641444853737134
s44-123-54,u054,2025-06-26,new,empirical,60,0.004072134962187279,0,1.6582283150267994e-05,0.004080448681161805
s44-123-54,u054,2025-06-26,new,empirical,120,0.018615474112856356,0,0.0003465358764464251,0.018790922836881
s44-123-54,u054,2025-06-26,new,hazard,30,0.0005051922045120616,0,2.5521916349975665e-07,0.0005053198570883462
s44-123-54,u054,2025-06-26,new,hazard,60,0.0013380699302085741,0,1.7904311381283783e-06,0.0013389659451539307
s44-123-54,u054,2025-06-26,new,hazard,120,0.00497767980014463,0,2.4777296192767883e-05,0.004990109713482255
s44-123-54,u054,2025-06-26,new,hazard_cal,30,0.0011356522771180932,0,1.2897060945235104e-06,0.0011362976188007896
s44-123-54,u054,2025-06-26,new,hazard_cal,60,0.002926750921725896,0,8.565870957823381e-06,0.002931042232314972
s44-123-54,u054,2025-06-26,new,hazard_cal,120,0.010202512961824728,0,0.00010409127073620158,0.010254915325752416
s44-123-56,u056,2025-06-26,new,empirical,30,0.0011634671320535084,0,1.353655767368816e-06,0.0011641444853737134
s44-123-56,u056,2025-06-26,new,empirical,60,0.004072134962187279,0,1.6582283150267994e-05,0.004080448681161805
s44-123-56,u056,2025-06-26,new,empirical,120,0.018615474112856356,0,0.0003465358764464251,0.018790922836881
s44-123-56,u056,2025-06-26,new,hazard,30,0.0033468314745749295,0,1.1201280919205397e-05,0.003352444642752437
s44-123-56,u056,2025-06-26,new,hazard,60,0.008841194994556267,0,7.816672893176679e-05,0.0088805102598466
s44-123-56,u056,2025-06-26,new,hazard,120,0.03251359985962998,0,0.001057134175832131,0.03305391087945648
s44-123-56,u056,2025-06-26,new,hazard_cal,30,0.006372410480523172,0,4.060761533228156e-05,0.006392800958677911
s44-123-56,u056,2025-06-26,new,hazard_cal,60,0.01634715799090891,0,0.0002672295743797371,0.016482247015735463
s44-123-56,u056,2025-06-26,new,hazard_cal,120,0.055931168394615205,0,0.003128295597986803,0.057556200658581115
s44-123-49,u049,2025-06-26,variable,empirical,30,0.0011634671320535084,0,1.353655767368816e-06,0.0011641444853737134
s44-123-49,u049,2025-06-26,variable,empirical,60,0.004072134962187279,0,1.6582283150267994e-05,0.004080448681161805
s44-123-49,u049,2025-06-26,variable,empirical,120,0.018615474112856356,0,0.0003465358764464251,0.018790922836881
s44-123-49,u049,2025-06-26,variable,hazard,30,0.0007028055699701552,0,4.939356691810747e-07,0.000703052653579353
s44-123-49,u049,2025-06-26,variable,hazard,60,0.0018611344404949604,0,3.4638214055964893e-06,0.0018628685030808508
s44-123-49,u049,2025-06-26,variable,hazard,120,0.006917951360294272,0,4.785805102339737e-05,0.006941991321481302
s44-123-49,u049,2025-06-26,variable,hazard_cal,30,0.0015350118677331936,0,2.3562614340817474e-06,0.001536191205469688
s44-123-49,u049,2025-06-26,variable,hazard_cal,60,0.003954572210414953,0,1.5638641367386204e-05,0.003962412207146679
s44-123-49,u049,2025-06-26,variable,hazard_cal,120,0.013765735645744459,0,0.00018949547786851963,0.013861361976706664
s44-123-8,u008,2025-06-26,regular,empirical,30,0.0011634671320535084,0,1.353655767368816e-06,0.0011641444853737134
s44-123-8,u008,2025-06-26,regular,empirical,60,0.004072134962187279,0,1.6582283150267994e-05,0.004080448681161805
s44-123-8,u008,2025-06-26,regular,empirical,120,0.018615474112856356,0,0.0003465358764464251,0.018790922836881
s44-123-8,u008,2025-06-26,regular,hazard,30,0.003699525657654301,0,1.368649009164249e-05,0.003706385827509572
s44-123-8,u008,2025-06-26,regular,hazard,60,0.009769695528800915,0,9.544695072547259e-05,0.009817732128856432
s44-123-8,u008,2025-06-26,regular,hazard,120,0.03587712369370033,0,0.0012871680045330736,0.03653652744654171
s44-123-8,u008,2025-06-26,regular,hazard_cal,30,0.006981453675733107,0,4.874069542640731e-05,0.007005938047665759
s44-123-8,u008,2025-06-26,regular,hazard_cal,60,0.01789993548793345,0,0.0003204076904721793,0.018062077130531054
s44-123-8,u008,2025-06-26,regular,hazard_cal,120,0.06111185592060109,0,0.003734658934060306,0.06305892925566574
s44-123-1,u001,2025-06-26,regular,empirical,30,0.0011634671320535084,0,1.353655767368816e-06,0.0011641444853737134
s44-123-1,u001,2025-06-26,regular,empirical,60,0.004072134962187279,0,1.6582283150267994e-05,0.004080448681161805
s44-123-1,u001,2025-06-26,regular,empirical,120,0.018615474112856356,0,0.0003465358764464251,0.018790922836881
s44-123-1,u001,2025-06-26,regular,hazard,30,0.0005002897555630437,0,2.5028983952133e-07,0.0005004149422376194
s44-123-1,u001,2025-06-26,regular,hazard,60,0.001325091157244107,0,1.755866575006527e-06,0.0013259698668642858
s44-123-1,u001,2025-06-26,regular,hazard,120,0.004929496310345893,0,2.4299933873713775e-05,0.004941686354300466
s44-123-1,u001,2025-06-26,regular,hazard_cal,30,0.001125588468038452,0,1.2669493993811494e-06,0.001126222418494339
s44-123-1,u001,2025-06-26,regular,hazard_cal,60,0.0029008406223824945,0,8.414876316464458e-06,0.0029050562150227943
s44-123-1,u001,2025-06-26,regular,hazard_cal,120,0.010112555717574856,0,0.0001022637831410559,0.010164034961015004
s44-123-13,u013,2025-06-26,regular,empirical,30,0.0011634671320535084,0,1.353655767368816e-06,0.0011641444853737134
s44-123-13,u013,2025-06-26,regular,empirical,60,0.004072134962187279,0,1.6582283150267994e-05,0.004080448681161805
s44-123-13,u013,2025-06-26,regular,empirical,120,0.018615474112856356,0,0.0003465358764464251,0.018790922836881
s44-123-13,u013,2025-06-26,regular,hazard,30,0.002842799148267461,0,8.081506997390201e-06,0.0028468475761648025
s44-123-13,u013,2025-06-26,regular,hazard,60,0.007513225490396458,0,5.64485572695431e-05,0.007541591940705852
s44-123-13,u013,2025-06-26,regular,hazard,120,0.02768623310054752,0,0.0007665275032978531,0.02807672116005657
s44-123-13,u013,2025-06-26,regular,hazard_cal,30,0.005491681327393416,0,3.0158563801641514e-05,0.00550681604475645
s44-123-13,u013,2025-06-26,regular,hazard_cal,60,0.014098750386855596,0,0.00019877476247086084,0.014199081917266288
s44-123-13,u013,2025-06-26,regular,hazard_cal,120,0.0483893939381681,0,0.00234153344570322,0.049599355111208145
s44-123-14,u014,2025-06-26,variable,empirical,30,0.0011634671320535084,0,1.353655767368816e-06,0.0011641444853737134
s44-123-14,u014,2025-06-26,variable,empirical,60,0.004072134962187279,0,1.6582283150267994e-05,0.004080448681161805
s44-123-14,u014,2025-06-26,variable,empirical,120,0.018615474112856356,0,0.0003465358764464251,0.018790922836881
s44-123-14,u014,2025-06-26,variable,hazard,30,0.0028088952354965446,0,7.88989244399519e-06,0.002812847584609961
s44-123-14,u014,2025-06-26,variable,hazard,60,0.007423854487465742,0,5.511361545106523e-05,0.007451548444260809
s44-123-14,u014,2025-06-26,variable,hazard,120,0.027360646566623403,0,0.000748604980543681,0.02774191973624672
s44-123-14,u014,2025-06-26,variable,hazard_cal,30,0.005431956403196048,0,2.9506150366222544e-05,0.005446763122356653
s44-123-14,u014,2025-06-26,variable,hazard_cal,60,0.013946152366285935,0,0.00019449516582366278,0.014044313666115629
s44-123-14,u014,2025-06-26,variable,hazard_cal,120,0.04787581054447099,0,0.0022920932352900793,0.04905980159002875
s44-123-15,u015,2025-06-26,regular,empirical,30,0.0011634671320535084,0,1.353655767368816e-06,0.0011641444853737134
s44-123-15,u015,2025-06-26,regular,empirical,60,0.004072134962187279,0,1.6582283150267994e-05,0.004080448681161805
s44-123-15,u015,2025-06-26,regular,empirical,120,0.018615474112856356,0,0.0003465358764464251,0.018790922836881
s44-123-15,u015,2025-06-26,regular,hazard,30,0.0024076994795206863,0,5.797016783684183e-06,0.002410602648821525
s44-123-15,u015,2025-06-26,regular,hazard,60,0.006365871398179235,0,4.052431865815645e-05,0.006386219961032425
s44-123-15,u015,2025-06-26,regular,hazard,120,0.023499504704592944,0,0.0005522267213611859,0.02378002145057348
s44-123-15,u015,2025-06-26,regular,hazard_cal,30,0.004720025434864605,0,2.2278640105768807e-05,0.004731199931388322
s44-123-15,u015,2025-06-26,regular,hazard_cal,60,0.012125919170257848,0,0.0001470379157236268,0.012200037909418733
s44-123-15,u015,2025-06-26,regular,hazard_cal,120,0.04173265114986102,0,0.0017416141719959965,0.042628470163066305
s44-123-28,u028,2025-06-26,variable,empirical,30,0.0011634671320535084,0,1.353655767368816e-06,0.0011641444853737134
s44-123-28,u028,2025-06-26,variable,empirical,60,0.004072134962187279,0,1.6582283150267994e-05,0.004080448681161805
s44-123-28,u028,2025-06-26,variable,empirical,120,0.018615474112856356,0,0.0003465358764464251,0.018790922836881
s44-123-28,u028,2025-06-26,variable,hazard,30,0.0019181608158864716,0,3.6793409156022543e-06,0.001920002842256386
s44-123-28,u028,2025-06-26,variable,hazard,60,0.005073852781873778,0,2.5743982052128275e-05,0.005086768479655043
s44-123-28,u028,2025-06-26,variable,hazard,120,0.0187671605057097,0,0.00035220631344707,0.018945498451905067
s44-123-28,u028,2025-06-26,variable,hazard_cal,30,0.0038365067101798767,0,1.471878373725522e-05,0.0038438849792801076
s44-123-28,u028,2025-06-26,variable,hazard_cal,60,0.009863795530677733,0,9.729446227101801e-05,0.009912765044756409
s44-123-28,u028,2025-06-26,variable,hazard_cal,120,0.03405431541825754,0,0.0011596963986061732,0.03464767349147736
s44-123-33,u033,2025-06-26,variable,empirical,30,0.0011634671320535084,0,1.353655767368816e-06,0.0011641444853737134
s44-123-33,u033,2025-06-26,variable,empirical,60,0.004072134962187279,0,1.6582283150267994e-05,0.004080448681161805
s44-123-33,u033,2025-06-26,variable,empirical,120,0.018615474112856356,0,0.0003465358764464251,0.018790922836881
s44-123-33,u033,2025-06-26,variable,hazard,30,0.0006676274525407866,0,4.4572641538610025e-07,0.000667850414991238
s44-123-33,u033,2025-06-26,variable,hazard,60,0.0017680352157013468,0,3.125948523960108e-06,0.0017696000346720333
s44-123-33,u033,2025-06-26,variable,hazard,120,0.00657283417171961,0,4.3202149048925014e-05,0.00659453036883807
s44-123-33,u033,2025-06-26,variable,hazard_cal,30,0.0014647321539117408,0,2.1454402827029277e-06,0.0014658059227036263
s44-123-33,u033,2025-06-26,variable,hazard_cal,60,0.0037737475660647446,0,1.4241170692379584e-05,0.003780886116461637
s44-123-33,u033,2025-06-26,variable,hazard_cal,120,0.013139598436362254,0,0.0001726490470688534,0.013226686670736055
s44-123-59,u059,2025-06-26,new,empirical,30,0.0011634671320535084,0,1.353655767368816e-06,0.0011641444853737134
s44-123-59,u059,2025-06-26,new,empirical,60,0.004072134962187279,0,1.6582283150267994e-05,0.004080448681161805
s44-123-59,u059,2025-06-26,new,empirical,120,0.018615474112856356,0,0.0003465358764464251,0.018790922836881
s44-123-59,u059,2025-06-26,new,hazard,30,0.001071524545674274,0,1.148164851982459e-06,0.0010720990385257258
s44-123-59,u059,2025-06-26,new,hazard,60,0.0028365870271647164,0,8.046225962679163e-06,0.0028406177643083715
s44-123-59,u059,2025-06-26,new,hazard,120,0.010528009439681685,0,0.00011083898276202666,0.010583820999765249
s44-123-59,u059,2025-06-26,new,hazard_cal,30,0.002255589420319337,0,5.087683633056523e-06,0.002258137093860488
s44-123-59,u059,2025-06-26,new,hazard_cal,60,0.0058072755388262065,0,3.3724449183849205e-05,0.005824203331469743
s44-123-59,u059,2025-06-26,new,hazard_cal,120,0.02016286585150051,0,0.0004065411593456054,0.020368910772936864
s44-123-24,u024,2025-06-26,variable,empirical,30,0.0011634671320535084,0,1.353655767368816e-06,0.0011641444853737134
s44-123-24,u024,2025-06-26,variable,empirical,60,0.004072134962187279,0,1.6582283150267994e-05,0.004080448681161805
s44-123-24,u024,2025-06-26,variable,empirical,120,0.018615474112856356,0,0.0003465358764464251,0.018790922836881
s44-123-24,u024,2025-06-26,variable,hazard,30,0.0016873108046253638,0,2.8470177514054926e-06,0.0016887359167981207
s44-123-24,u024,2025-06-26,variable,hazard,60,0.004464172369450736,0,1.99288349441674e-05,0.004474166541819794
s44-123-24,u024,2025-06-26,variable,hazard,120,0.016527512275377076,0,0.00027315866201273994,0.01666561538809833
s44-123-24,u024,2025-06-26,variable,hazard_cal,30,0.003413091333442475,0,1.1649192450420132e-05,0.0034189292169391023
s44-123-24,u024,2025-06-26,variable,hazard_cal,60,0.008778450537122562,0,7.70611938327074e-05,0.008817208121774832
s44-123-24,u024,2025-06-26,variable,hazard_cal,120,0.030353015191412314,0,0.0009213055312101067,0.030823206911485577
s44-123-25,u025,2025-06-26,variable,empirical,30,0.0011634671320535084,0,1.353655767368816e-06,0.0011641444853737134
s44-123-25,u025,2025-06-26,variable,empirical,60,0.004072134962187279,0,1.6582283150267994e-05,0.004080448681161805
s44-123-25,u025,2025-06-26,variable,empirical,120,0.018615474112856356,0,0.0003465358764464251,0.018790922836881
s44-123-25,u025,2025-06-26,variable,hazard,30,0.0007868407973632419,0,6.191184403952222e-07,0.0007871505190618759
s44-123-25,u025,2025-06-26,variable,hazard,60,0.0020835098703644306,0,4.341013379906007e-06,0.0020856833966214237
s44-123-25,u025,2025-06-26,variable,hazard,120,0.007741893954833823,0,5.993692200789249e-05,0.0077720179946430545
s44-123-25,u025,2025-06-26,variable,hazard_cal,30,0.0017016799920581693,0,2.895714795371091e-06,0.0017031294940816472
s44-123-25,u025,2025-06-26,variable,hazard_cal,60,0.00438330782374996,0,1.921338747774761e-05,0.0043929426828327595
s44-123-25,u025,2025-06-26,variable,hazard_cal,120,0.01524904574964836,0,0.0002325333962748687,0.015366508103562217
s44-124-9,u009,2025-06-27,variable,empirical,30,0.0011634671320535084,0,1.353655767368816e-06,0.0011641444853737134
s44-124-9,u009,2025-06-27,variable,empirical,60,0.004072134962187279,0,1.6582283150267994e-05,0.004080448681161805
s44-124-9,u009,2025-06-27,variable,empirical,120,0.018615474112856356,0,0.0003465358764464251,0.018790922836881
s44-124-9,u009,2025-06-27,variable,hazard,30,0.00041332187554621314,0,1.708349728050393e-07,0.0004134073165765247
s44-124-9,u009,2025-06-27,variable,hazard,60,0.0010948322373328656,0,1.1986576279032882e-06,0.0010954320039493314
s44-124-9,u009,2025-06-27,variable,hazard,120,0.004074344452233092,0,1.6600282715442572e-05,0.004082667207798407
s44-124-9,u009,2025-06-27,variable,hazard_cal,30,0.000945529792026667,0,8.940265876099921e-07,0.000945977087296702
s44-124-9,u009,2025-06-27,variable,hazard_cal,60,0.0024371836579926143,0,5.93986418278626e-06,0.0024401584244350422
s44-124-9,u009,2025-06-27,variable,hazard_cal,120,0.008501698309269834,0,7.227887414184155e-05,0.008538043892406734
s44-124-20,u020,2025-06-27,variable,empirical,30,0.0011634671320535084,0,1.353655767368816e-06,0.0011641444853737134
s44-124-20,u020,2025-06-27,variable,empirical,60,0.004072134962187279,0,1.6582283150267994e-05,0.004080448681161805
s44-124-20,u020,2025-06-27,variable,empirical,120,0.018615474112856356,0,0.0003465358764464251,0.018790922836881
s44-124-20,u020,2025-06-27,variable,hazard,30,0.0002816342400998595,0,7.931784519662531e-08,0.000281673906470238
s44-124-20,u020,2025-06-27,variable,hazard,60,0.0007461011261125083,0,5.566668903863531e-07,0.0007463795980784818
s44-124-20,u020,2025-06-27,variable,hazard,120,0.002778050676568,0,7.717565561579923e-06,0.0027819166208682407
s44-124-20,u020,2025-06-27,variable,hazard_cal,30,0.000666162170320117,0,4.4377203716560864e-07,0.0006663841549293406
s44-124-20,u020,2025-06-27,variable,hazard_cal,60,0.0017175119180484755,0,2.949847188638553e-06,0.001718988532620422
s44-124-20,u020,2025-06-27,variable,hazard_cal,120,0.005997253434834038,0,3.596704876162866e-05,0.006015309185350349
s44-124-36,u036,2025-06-27,variable,empirical,30,0.0011634671320535084,0,1.353655767368816e-06,0.0011641444853737134
s44-124-36,u036,2025-06-27,variable,empirical,60,0.004072134962187279,0,1.6582283150267994e-05,0.004080448681161805
s44-124-36,u036,2025-06-27,variable,empirical,120,0.018615474112856356,0,0.0003465358764464251,0.018790922836881
s44-124-36,u036,2025-06-27,variable,hazard,30,0.0006727640511243749,0,4.526114684852805e-07,0.000672990458410101
s44-124-36,u036,2025-06-27,variable,hazard,60,0.0017816296520696273,0,3.1742042171337414e-06,0.0017832186417861345
s44-124-36,u036,2025-06-27,variable,hazard,120,0.006623234660248611,0,4.386723736471854e-05,0.0066452656102468
s44-124-36,u036,2025-06-27,variable,hazard_cal,30,0.0014750140710473314,0,2.175666509787622e-06,0.0014761029751999097
s44-124-36,u036,2025-06-27,variable,hazard_cal,60,0.003800203596429186,0,1.4441547374313318e-05,0.003807442716021688
s44-124-36,u036,2025-06-27,variable,hazard_cal,120,0.01323122684393263,0,0.00017506536379560344,0.013319539379654103
s44-124-10,u010,2025-06-27,variable,empirical,30,0.0011634671320535084,0,1.353655767368816e-06,0.0011641444853737134
s44-124-10,u010,2025-06-27,variable,empirical,60,0.004072134962187279,0,1.6582283150267994e-05,0.004080448681161805
s44-124-10,u010,2025-06-27,variable,empirical,120,0.018615474112856356,0,0.0003465358764464251,0.018790922836881
s44-124-10,u010,2025-06-27,variable,hazard,30,0.0011314548490731768,0,1.2801900754912053e-06,0.0011320954273467715
s44-124-10,u010,2025-06-27,variable,hazard,60,0.0029950706346530964,0,8.970448106561301e-06,0.0029995648345805025
s44-124-10,u010,2025-06-27,variable,hazard,120,0.01111352143524802,0,0.00012351035869171719,0.01117573800752629
s44-124-10,u010,2025-06-27,variable,hazard_cal,30,0.00237041672605387,0,5.618875455155947e-06,0.002373230611381506
s44-124-10,u010,2025-06-27,variable,hazard_cal,60,0.006102295014101422,0,3.7238004439127077e-05,0.006120990110452195
s44-124-10,u010,2025-06-27,variable,hazard_cal,120,0.021178475111816475,0,0.00044852780806182985,0.021405956555928366
s44-124-30,u030,2025-06-27,variable,empirical,30,0.0011634671320535084,0,1.353655767368816e-06,0.0011641444853737134
s44-124-30,u030,2025-06-27,variable,empirical,60,0.004072134962187279,0,1.6582283150267994e-05,0.004080448681161805
s44-124-30,u030,2025-06-27,variable,empirical,120,0.018615474112856356,0,0.0003465358764464251,0.018790922836881
s44-124-30,u030,2025-06-27,variable,hazard,30,0.001607353387252708,0,2.5835849115127536e-06,0.0016086465656239936
s44-124-30,u030,2025-06-27,variable,hazard,60,0.00425294195719339,0,1.8087515291255945e-05,0.004262011438625399
s44-124-30,u030,2025-06-27,variable,hazard,120,0.015750581901409544,0,0.00024808083023300986,0.015875940371479443
s44-124-30,u030,2025-06-27,variable,hazard_cal,30,0.003265262679670644,0,1.0661940367249916e-05,0.0032706052830266097
s44-124-30,u030,2025-06-27,variable,hazard_cal,60,0.008399328920537408,0,7.054872631537609e-05,0.008434802057048052
s44-124-30,u030,2025-06-27,variable,hazard_cal,120,0.02905746231885864,0,0.0008443361164118898,0.029487990937148396
s44-124-28,u028,2025-06-27,variable,empirical,30,0.0011634671320535084,0,1.353655767368816e-06,0.0011641444853737134
s44-124-28,u028,2025-06-27,variable,empirical,60,0.004072134962187279,0,1.6582283150267994e-05,0.004080448681161805
s44-124-28,u028,2025-06-27,variable,empirical,120,0.018615474112856356,1,0.9631155876507337,3.9837621025831202
s44-124-28,u028,2025-06-27,variable,hazard,30,0.001853425061299263,0,3.435184457852177e-06,0.0018551447787683482
s44-124-28,u028,2025-06-27,variable,hazard,60,0.004902910476595523,0,2.403853114151014e-05,0.0049149691734533705
s44-124-28,u028,2025-06-27,variable,hazard,120,0.01813963110083472,1,0.9640497840148049,4.009656170729344
s44-124-28,u028,2025-06-27,variable,hazard_cal,30,0.0037182543909771715,0,1.3825415716021017e-05,0.0037251842822341947
s44-124-28,u028,2025-06-27,variable,hazard_cal,60,0.009560759709631883,0,9.140812622532033e-05,0.009606757188087936
s44-124-28,u028,2025-06-27,variable,hazard_cal,120,0.03302201843043573,1,0.9350464168403486,3.4105807148466836
s44-124-33,u033,2025-06-27,variable,empirical,30,0.0011634671320535084,0,1.353655767368816e-06,0.0011641444853737134
s44-124-33,u033,2025-06-27,variable,empirical,60,0.004072134962187279,0,1.6582283150267994e-05,0.004080448681161805
s44-124-33,u033,2025-06-27,variable,empirical,120,0.018615474112856356,0,0.0003465358764464251,0.018790922836881
s44-124-33,u033,2025-06-27,variable,hazard,30,0.0007794302607727621,0,6.075115314082959e-07,0.0007797341744684152
s44-124-33,u033,2025-06-27,variable,hazard,60,0.002063901378524302,0,4.259688900274515e-06,0.002066034158044111
s44-124-33,u033,2025-06-27,variable,hazard,120,0.00766926344150054,0,5.881760173513671e-05,0.007698823475147095
s44-124-33,u033,2025-06-27,variable,hazard_cal,30,0.0016870480028824408,0,2.846130964029632e-06,0.001688472670912161
s44-124-33,u033,2025-06-27,variable,hazard_cal,60,0.004345673663441185,0,1.888487958912633e-05,0.004355143548547801
s44-124-33,u033,2025-06-27,variable,hazard_cal,120,0.015118912736427959,0,0.00022858152233172355,0.015234368688009522
s44-124-40,u040,2025-06-27,variable,empirical,30,0.0011634671320535084,0,1.353655767368816e-06,0.0011641444853737134
s44-124-40,u040,2025-06-27,variable,empirical,60,0.004072134962187279,0,1.6582283150267994e-05,0.004080448681161805
s44-124-40,u040,2025-06-27,variable,empirical,120,0.018615474112856356,0,0.0003465358764464251,0.018790922836881
s44-124-40,u040,2025-06-27,variable,hazard,30,0.00029700661871023826,0,8.821293155768885e-08,0.0002970507339112378
s44-124-40,u040,2025-06-27,variable,hazard,60,0.0007868141758772262,0,6.190765473613587e-07,0.000787123876612849
s44-124-40,u040,2025-06-27,variable,hazard,120,0.0029294596665226935,0,8.58173393778325e-06,0.002933758931894192
s44-124-40,u040,2025-06-27,variable,hazard_cal,30,0.000699281049394096,0,4.889939860417081e-07,0.0006995256604283383
s44-124-40,u040,2025-06-27,variable,hazard_cal,60,0.00180284710360612,0,3.250257678980976e-06,0.0018044741883296832
s44-124-40,u040,2025-06-27,variable,hazard_cal,120,0.006294481076951297,0,3.962049202809796e-05,0.006314374847543587
s44-124-4,u004,2025-06-27,regular,empirical,30,0.0011634671320535084,0,1.353655767368816e-06,0.0011641444853737134
s44-124-4,u004,2025-06-27,regular,empirical,60,0.004072134962187279,0,1.6582283150267994e-05,0.004080448681161805
s44-124-4,u004,2025-06-27,regular,empirical,120,0.018615474112856356,0,0.0003465358764464251,0.018790922836881
s44-124-4,u004,2025-06-27,regular,hazard,30,0.0006563954982342635,0,4.30855050102207e-07,0.0006566110200761864
s44-124-4,u004,2025-06-27,regular,hazard,60,0.001738308460700222,0,3.021716304541975e-06,0.001739821072030037
s44-124-4,u004,2025-06-27,regular,hazard,120,0.006462616830310242,0,4.1765416295409193e-05,0.0064835899481063605
s44-124-4,u004,2025-06-27,regular,hazard_cal,30,0.0014422248848244834,0,2.0800126184069945e-06,0.0014432658921652024
s44-124-4,u004,2025-06-27,regular,hazard_cal,60,0.0037158332510596193,0,1.38074167496803e-05,0.0037227541092571927
s44-124-4,u004,2025-06-27,regular,hazard_cal,120,0.01293899308175972,0,0.0001674175419698259,0.013023431004698723
s44-124-35,u035,2025-06-27,regular,empirical,30,0.0011634671320535084,0,1.353655767368816e-06,0.0011641444853737134
s44-124-35,u035,2025-06-27,regular,empirical,60,0.004072134962187279,0,1.6582283150267994e-05,0.004080448681161805
s44-124-35,u035,2025-06-27,regular,empirical,120,0.018615474112856356,0,0.0003465358764464251,0.018790922836881
s44-124-35,u035,2025-06-27,regular,hazard,30,0.000787169133573351,0,6.196352448506201e-07,0.0007874791138777368
s44-124-35,u035,2025-06-27,regular,hazard,60,0.002084378651130314,0,4.344634361287828e-06,0.0020865539916588394
s44-124-35,u035,2025-06-27,regular,hazard,120,0.007745111846823027,0,5.9986757519798406e-05,0.007775260998844705
s44-124-35,u035,2025-06-27,regular,hazard_cal,30,0.0017023280055293855,0,2.8979206384096556e-06,0.0017037786123547598
s44-124-35,u035,2025-06-27,regular,hazard_cal,60,0.004384974522267271,0,1.922800156093308e-05,0.00439461672056783
s44-124-35,u035,2025-06-27,regular,hazard_cal,120,0.01525480861503914,0,0.00023270918588147235,0.01537236022508433
s44-124-42,u042,2025-06-27,regular,empirical,30,0.0011634671320535084,0,1.353655767368816e-06,0.0011641444853737134
s44-124-42,u042,2025-06-27,regular,empirical,60,0.004072134962187279,0,1.6582283150267994e-05,0.004080448681161805
s44-124-42,u042,2025-06-27,regular,empirical,120,0.018615474112856356,0,0.0003465358764464251,0.018790922836881
s44-124-42,u042,2025-06-27,regular,hazard,30,0.006153536929677017,0,3.786601674489885e-05,0.006172547968259474
s44-124-42,u042,2025-06-27,regular,hazard,60,0.016213272610745788,0,0.00026287020875035956,0.01634614587956615
s44-124-42,u042,2025-06-27,regular,hazard,120,0.05895560129912614,0,0.0034757629245415235,0.06076495804342404
s44-124-42,u042,2025-06-27,regular,hazard_cal,30,0.011095098033412243,0,0.00012310120037102823,0.011157107729310233
s44-124-42,u042,2025-06-27,regular,hazard_cal,60,0.028344128114517142,0,0.0008033895985721611,0.02875357847918419
s44-124-42,u042,2025-06-27,regular,hazard_cal,120,0.09537495147069075,0,0.009096381368036616,0.10023473215007168
s44-124-53,u053,2025-06-27,regular,empirical,30,0.0011634671320535084,0,1.353655767368816e-06,0.0011641444853737134
s44-124-53,u053,2025-06-27,regular,empirical,60,0.004072134962187279,0,1.6582283150267994e-05,0.004080448681161805
s44-124-53,u053,2025-06-27,regular,empirical,120,0.018615474112856356,0,0.0003465358764464251,0.018790922836881
s44-124-53,u053,2025-06-27,regular,hazard,30,0.0025102404250217925,0,6.301306991413589e-06,0.0025133963610626067
s44-124-53,u053,2025-06-27,regular,hazard,60,0.00663635454630751,0,4.404120166429636e-05,0.006658473058978213
s44-124-53,u053,2025-06-27,regular,hazard,120,0.02448783807048227,0,0.0005996542133661608,0.02479265161635233
s44-124-53,u053,2025-06-27,regular,hazard_cal,30,0.004902937933867868,0,2.403880038336052e-05,0.004914996766009929
s44-124-53,u053,2025-06-27,regular,hazard_cal,60,0.012593800033698477,0,0.00015860379928878376,0.012673774094343797
s44-124-53,u053,2025-06-27,regular,hazard_cal,120,0.04331471302509715,0,0.0018761643644465207,0.04428079534916377
s44-124-56,u056,2025-06-27,new,empirical,30,0.0011634671320535084,0,1.353655767368816e-06,0.0011641444853737134
s44-124-56,u056,2025-06-27,new,empirical,60,0.004072134962187279,0,1.6582283150267994e-05,0.004080448681161805
s44-124-56,u056,2025-06-27,new,empirical,120,0.018615474112856356,0,0.0003465358764464251,0.018790922836881
s44-124-56,u056,2025-06-27,new,hazard,30,0.0038776643103888286,0,1.503628050406327e-05,0.003885201942555292
s44-124-56,u056,2025-06-27,new,hazard,60,0.010238430858616976,0,0.00010482546644668034,0.010291204111059493
s44-124-56,u056,2025-06-27,new,hazard,120,0.03757147982942943,0,0.0014116160965732228,0.03829548033581019
s44-124-56,u056,2025-06-27,new,hazard_cal,30,0.007287032616626887,0,5.31008443557841e-05,0.007313712730392521
s44-124-56,u056,2025-06-27,new,hazard_cal,60,0.018678390518702792,0,0.00034888227236916635,0.018855034732935348
s44-124-56,u056,2025-06-27,new,hazard_cal,120,0.06370058980216942,0,0.0040577651411442504,0.06581997096611471
s44-124-8,u008,2025-06-27,regular,empirical,30,0.0011634671320535084,0,1.353655767368816e-06,0.0011641444853737134
s44-124-8,u008,2025-06-27,regular,empirical,60,0.004072134962187279,0,1.6582283150267994e-05,0.004080448681161805
s44-124-8,u008,2025-06-27,regular,empirical,120,0.018615474112856356,0,0.0003465358764464251,0.018790922836881
s44-124-8,u008,2025-06-27,regular,hazard,30,0.002938224322659444,0,8.63316217026755e-06,0.002942549377810379
s44-124-8,u008,2025-06-27,regular,hazard,60,0.0077647368347990575,0,6.0291138113685286e-05,0.0077950393665666435
s44-124-8,u008,2025-06-27,regular,hazard,120,0.028602030592870697,0,0.0008180761540355113,0.029019039450349567
s44-124-8,u008,2025-06-27,regular,hazard_cal,30,0.005659439453431503,0,3.2029254927057065e-05,0.005675514761073
s44-124-8,u008,2025-06-27,regular,hazard_cal,60,0.014527288678830685,0,0.0002110421163580822,0.0146338429592779
s44-124-8,u008,2025-06-27,regular,hazard_cal,120,0.04983050494319019,0,0.002483079222893302,0.051114894452491816
s44-124-22,u022,2025-06-27,regular,empirical,30,0.0011634671320535084,0,1.353655767368816e-06,0.0011641444853737134
s44-124-22,u022,2025-06-27,regular,empirical,60,0.004072134962187279,0,1.6582283150267994e-05,0.004080448681161805
s44-124-22,u022,2025-06-27,regular,empirical,120,0.018615474112856356,0,0.0003465358764464251,0.018790922836881
s44-124-22,u022,2025-06-27,regular,hazard,30,0.0008092234054944969,0,6.548425200001109e-07,0.0008095510034997358
s44-124-22,u022,2025-06-27,regular,hazard,60,0.002142733254235085,0,4.591305798804878e-06,0.0021450321917280985
s44-124-22,u022,2025-06-27,regular,hazard,120,0.007961232806699692,0,6.338122780247145e-05,0.007993092628905041
s44-124-22,u022,2025-06-27,regular,hazard_cal,30,0.001745801020642701,0,3.0478212036770968e-06,0.0017473267071998807
s44-124-22,u022,2025-06-27,regular,hazard_cal,60,0.004496783300193541,0,2.0221060048899513e-05,0.0045069242427183106
s44-124-22,u022,2025-06-27,regular,hazard_cal,120,0.01564134334785805,0,0.00024465162172558326,0.015764959872044633
s44-124-46,u046,2025-06-27,regular,empirical,30,0.0011634671320535084,0,1.353655767368816e-06,0.0011641444853737134
s44-124-46,u046,2025-06-27,regular,empirical,60,0.004072134962187279,0,1.6582283150267994e-05,0.004080448681161805
s44-124-46,u046,2025-06-27,regular,empirical,120,0.018615474112856356,0,0.0003465358764464251,0.018790922836881
s44-124-46,u046,2025-06-27,regular,hazard,30,0.0014915360221351426,0,2.2246797053267244e-06,0.0014926494692898901
s44-124-46,u046,2025-06-27,regular,hazard,60,0.003946921598968034,0,1.5578190108400382e-05,0.003954731250182773
s44-124-46,u046,2025-06-27,regular,hazard,120,0.014624107572275169,0,0.00021386452228547593,0.014732093929279556
s44-124-46,u046,2025-06-27,regular,hazard_cal,30,0.0030499620806274663,0,9.302268693265423e-06,0.003054622693848994
s44-124-46,u046,2025-06-27,regular,hazard_cal,60,0.007846991841455209,0,6.15752809598646e-05,0.007877941496045962
s44-124-46,u046,2025-06-27,regular,hazard_cal,120,0.027167527495114863,0,0.000738074550197822,0.027543387874136904
s44-124-25,u025,2025-06-27,variable,empirical,30,0.0011634671320535084,0,1.353655767368816e-06,0.0011641444853737134
s44-124-25,u025,2025-06-27,variable,empirical,60,0.004072134962187279,0,1.6582283150267994e-05,0.004080448681161805
s44-124-25,u025,2025-06-27,variable,empirical,120,0.018615474112856356,0,0.0003465358764464251,0.018790922836881
s44-124-25,u025,2025-06-27,variable,hazard,30,0.0009141389609202966,0,8.356500398724395e-07,0.000914557040748358
s44-124-25,u025,2025-06-27,variable,hazard,60,0.002420302343043801,0,5.857863431743312e-06,0.002423236009288487
s44-124-25,u025,2025-06-27,variable,hazard,120,0.008988702054864794,0,8.079676463113058e-05,0.00902934416704886
s44-124-25,u025,2025-06-27,variable,hazard_cal,30,0.001951231677642773,0,3.8073050598366303e-06,0.0019531378101136634
s44-124-25,u025,2025-06-27,variable,hazard_cal,60,0.005025017097480933,0,2.5250796829975697e-05,0.005037684951168692
s44-124-25,u025,2025-06-27,variable,hazard_cal,120,0.017465872128522464,0,0.0003050566892098978,0.017620200094941914
s44-124-13,u013,2025-06-27,regular,empirical,30,0.0011634671320535084,0,1.353655767368816e-06,0.0011641444853737134
s44-124-13,u013,2025-06-27,regular,empirical,60,0.004072134962187279,0,1.6582283150267994e-05,0.004080448681161805
s44-124-13,u013,2025-06-27,regular,empirical,120,0.018615474112856356,0,0.0003465358764464251,0.018790922836881
s44-124-13,u013,2025-06-27,regular,hazard,30,0.002723685312352786,0,7.418461680726294e-06,0.00272740129216663
s44-124-13,u013,2025-06-27,regular,hazard,60,0.007199215541456971,0,5.182870441235559e-05,0.007225254944445975
s44-124-13,u013,2025-06-27,regular,hazard,120,0.026541871110597692,0,0.0007044709220515804,0.02690046599431059
s44-124-13,u013,2025-06-27,regular,hazard_cal,30,0.0052815619939846625,0,2.7894897096303243e-05,0.005295558747432489
s44-124-13,u013,2025-06-27,regular,hazard_cal,60,0.013561821249605921,0,0.0001839229956062627,0.013654622740724936
s44-124-13,u013,2025-06-27,regular,hazard_cal,120,0.04658133180371071,0,0.002169820472607391,0.04770115574830716
s44-124-18,u018,2025-06-27,regular,empirical,30,0.0011634671320535084,0,1.353655767368816e-06,0.0011641444853737134
s44-124-18,u018,2025-06-27,regular,empirical,60,0.004072134962187279,0,1.6582283150267994e-05,0.004080448681161805
s44-124-18,u018,2025-06-27,regular,empirical,120,0.018615474112856356,0,0.0003465358764464251,0.018790922836881
s44-124-18,u018,2025-06-27,regular,hazard,30,0.003192531304551327,0,1.0192256130540198e-05,0.0031976383050192118
s44-124-18,u018,2025-06-27,regular,hazard,60,0.00843479383711676,0,7.114574707466289e-05,0.00847056801791911
s44-124-18,u018,2025-06-27,regular,hazard,120,0.031038367553252066,0,0.0009633802603707706,0.0315302628734696
s44-124-18,u018,2025-06-27,regular,hazard_cal,30,0.0061041564057702224,0,3.726072542610564e-05,0.006122862932375911
s44-124-18,u018,2025-06-27,regular,hazard_cal,60,0.015662704341590894,0,0.00024532030729209025,0.01578666052491448
s44-124-18,u018,2025-06-27,regular,hazard_cal,120,0.05364036525407778,0,0.002877288784590875,0.05513261859492421
s44-125-5,u005,2025-06-30,regular,empirical,30,0.0011634671320535084,0,1.353655767368816e-06,0.0011641444853737134
s44-125-5,u005,2025-06-30,regular,empirical,60,0.004072134962187279,0,1.6582283150267994e-05,0.004080448681161805
s44-125-5,u005,2025-06-30,regular,empirical,120,0.018615474112856356,0,0.0003465358764464251,0.018790922836881
s44-125-5,u005,2025-06-30,regular,hazard,30,0.0036608045674668688,0,1.3401490081186288e-05,0.003667521710951378
s44-125-5,u005,2025-06-30,regular,hazard,60,0.009667788376735209,0,9.346613209733641e-05,0.009714824847387133
s44-125-5,u005,2025-06-30,regular,hazard,120,0.03550843175124563,0,0.0012608487254328687,0.036154188770206507
s44-125-5,u005,2025-06-30,regular,hazard_cal,30,0.0069148561751184445,0,4.781523592257368e-05,0.0069388745796606
s44-125-5,u005,2025-06-30,regular,hazard_cal,60,0.01773022414010139,0,0.0003143608480582341,0.017889287521602657
s44-125-5,u005,2025-06-30,regular,hazard_cal,120,0.060546731575186974,0,0.0036659067044377434,0.06245720226535021
s44-125-20,u020,2025-06-30,variable,empirical,30,0.0011634671320535084,0,1.353655767368816e-06,0.0011641444853737134
s44-125-20,u020,2025-06-30,variable,empirical,60,0.004072134962187279,0,1.6582283150267994e-05,0.004080448681161805
s44-125-20,u020,2025-06-30,variable,empirical,120,0.018615474112856356,0,0.0003465358764464251,0.018790922836881
s44-125-20,u020,2025-06-30,variable,hazard,30,0.0004010529142550734,0,1.6084344003248725e-07,0.00040113335748380284
s44-125-20,u020,2025-06-30,variable,hazard,60,0.0010623455546227012,0,1.1285780774266146e-06,0.001062910243626742
s44-125-20,u020,2025-06-30,variable,hazard,120,0.003953644446347271,0,1.563130440813262e-05,0.003961480760036221
s44-125-20,u020,2025-06-30,variable,hazard_cal,30,0.0009198748087736464,0,8.461696638163525e-07,0.0009202981532414064
s44-125-20,u020,2025-06-30,variable,hazard_cal,60,0.00237110927468831,0,5.622159192512924e-06,0.002373924805786356
s44-125-20,u020,2025-06-30,variable,hazard_cal,120,0.00827197013225256,0,6.842548986887842e-05,0.00830637272670147
s44-125-23,u023,2025-06-30,variable,empirical,30,0.0011634671320535084,0,1.353655767368816e-06,0.0011641444853737134
s44-125-23,u023,2025-06-30,variable,empirical,60,0.004072134962187279,0,1.6582283150267994e-05,0.004080448681161805
s44-125-23,u023,2025-06-30,variable,empirical,120,0.018615474112856356,0,0.0003465358764464251,0.018790922836881
s44-125-23,u023,2025-06-30,variable,hazard,30,0.0015301710815529557,0,2.341423538820942e-06,0.0015313429889541417
s44-125-23,u023,2025-06-30,variable,hazard,60,0.004049013043003202,0,1.6394506622410052e-05,0.004057232490918147
s44-125-23,u023,2025-06-30,variable,hazard,120,0.015000028450708802,0,0.00022500085352207351,0.015113666694016915
s44-125-23,u023,2025-06-30,variable,hazard_cal,30,0.0031219431005389264,0,9.746528723002605e-06,0.003126826531411302
s44-125-23,u023,2025-06-30,variable,hazard_cal,60,0.008031676926914755,0,6.450783425833484e-05,0.008064104593116527
s44-125-23,u023,2025-06-30,variable,hazard_cal,120,0.0277997905300037,0,0.0007728283535120834,0.02819351891102701
s44-125-45,u045,2025-06-30,variable,empirical,30,0.0011634671320535084,0,1.353655767368816e-06,0.0011641444853737134
s44-125-45,u045,2025-06-30,variable,empirical,60,0.004072134962187279,0,1.6582283150267994e-05,0.004080448681161805
s44-125-45,u045,2025-06-30,variable,empirical,120,0.018615474112856356,0,0.0003465358764464251,0.018790922836881
s44-125-45,u045,2025-06-30,variable,hazard,30,0.001166184167458506,0,1.359985512430889e-06,0.0011668646893420677
s44-125-45,u045,2025-06-30,variable,hazard,60,0.0030869030419548027,0,9.528970390429814e-06,0.003091677354909102
s44-125-45,u045,2025-06-30,variable,hazard,120,0.011452662518846135,0,0.0001311634787705831,0.011518749322667499
s44-125-45,u045,2025-06-30,variable,hazard_cal,30,0.0024367110610115095,0,5.937560794855837e-06,0.0024396846729464986
s44-125-45,u045,2025-06-30,variable,hazard_cal,60,0.0062725942194578055,0,3.9345438241975475e-05,0.006292349593536445
s44-125-45,u045,2025-06-30,variable,hazard_cal,120,0.021764351751782596,0,0.00047368700717532216,0.02200468884184242
s44-125-26,u026,2025-06-30,regular,empirical,30,0.0011634671320535084,0,1.353655767368816e-06,0.0011641444853737134
s44-125-26,u026,2025-06-30,regular,empirical,60,0.004072134962187279,0,1.6582283150267994e-05,0.004080448681161805
s44-125-26,u026,2025-06-30,regular,empirical,120,0.018615474112856356,0,0.0003465358764464251,0.018790922836881
s44-125-26,u026,2025-06-30,regular,hazard,30,0.004551432173422798,0,2.0715534829268174e-05,0.00456182147696347
s44-125-26,u026,2025-06-30,regular,hazard,60,0.01200990898506682,0,0.0001442379138295887,0.01208261062167554
s44-125-26,u026,2025-06-30,regular,hazard,120,0.043952837201070905,0,0.0019318518980238424,0.04494803367590831
s44-125-26,u026,2025-06-30,regular,hazard_cal,30,0.008431727945264478,0,7.109403614295393e-05,0.008467476050700605
s44-125-26,u026,2025-06-30,regular,hazard_cal,60,0.021590738471791604,0,0.00046615998775730206,0.02182722866030498
s44-125-26,u026,2025-06-30,regular,hazard_cal,120,0.0733353631789112,0,0.005378075492582806,0.07616355144880253
s44-125-50,u050,2025-06-30,variable,empirical,30,0.0011634671320535084,0,1.353655767368816e-06,0.0011641444853737134
s44-125-50,u050,2025-06-30,variable,empirical,60,0.004072134962187279,0,1.6582283150267994e-05,0.004080448681161805
s44-125-50,u050,2025-06-30,variable,empirical,120,0.018615474112856356,0,0.0003465358764464251,0.018790922836881
s44-125-50,u050,2025-06-30,variable,hazard,30,0.0008527562009364997,0,7.271931382356519e-07,0.0008531200043440629
s44-125-50,u050,2025-06-30,variable,hazard,60,0.002257912044809518,0,5.098166802095899e-06,0.0022604649717908945
s44-125-50,u050,2025-06-30,variable,hazard,120,0.008387693046491895,0,7.03533946421685e-05,0.008423067690467629
s44-125-50,u050,2025-06-30,variable,hazard_cal,30,0.0018313092773193373,0,3.353693669195874e-06,0.001832988174186653
s44-125-50,u050,2025-06-30,variable,hazard_cal,60,0.004716678046851386,0,2.2247051797649803e-05,0.004727836674345375
s44-125-50,u050,2025-06-30,variable,hazard_cal,120,0.016401190685895517,0,0.00026899905591510584,0.016537179179562954
s44-125-54,u054,2025-06-30,new,empirical,30,0.0011634671320535084,0,1.353655767368816e-06,0.0011641444853737134
s44-125-54,u054,2025-06-30,new,empirical,60,0.004072134962187279,0,1.6582283150267994e-05,0.004080448681161805
s44-125-54,u054,2025-06-30,new,empirical,120,0.018615474112856356,0,0.0003465358764464251,0.018790922836881
s44-125-54,u054,2025-06-30,new,hazard,30,0.0014775747746292867,0,2.1832272146207874e-06,0.0014786674647234476
s44-125-54,u054,2025-06-30,new,hazard,60,0.003910027815228645,0,1.528831751586169e-05,0.003917691958518695
s44-125-54,u054,2025-06-30,new,hazard,120,0.014488228343920384,0,0.00020990876054557798,0.01459420760420254
s44-125-54,u054,2025-06-30,new,hazard_cal,30,0.003023910323111001,0,9.144033642217278e-06,0.003028491577798718
s44-125-54,u054,2025-06-30,new,hazard_cal,60,0.007780143846440768,0,6.0530638271310145e-05,0.007810567066328691
s44-125-54,u054,2025-06-30,new,hazard_cal,120,0.026938595150180378,0,0.0007256879086653217,0.02730809000033719
s44-125-21,u021,2025-06-30,variable,empirical,30,0.0011634671320535084,0,1.353655767368816e-06,0.0011641444853737134
s44-125-21,u021,2025-06-30,variable,empirical,60,0.004072134962187279,0,1.6582283150267994e-05,0.004080448681161805
s44-125-21,u021,2025-06-30,variable,empirical,120,0.018615474112856356,0,0.0003465358764464251,0.018790922836881
s44-125-21,u021,2025-06-30,variable,hazard,30,0.0020465363583536123,0,4.188311066063265e-06,0.0020486333754562826
s44-125-21,u021,2025-06-30,variable,hazard,60,0.005412782572008168,0,2.9298215171835356e-05,0.005427484756746725
s44-125-21,u021,2025-06-30,variable,hazard,120,0.020010396975273514,0,0.00040041598710803544,0.02021331653223933
s44-125-21,u021,2025-06-30,variable,hazard_cal,30,0.004069968780971545,0,1.6564645878083e-05,0.0040782736452621
s44-125-21,u021,2025-06-30,variable,hazard_cal,60,0.010461884673811372,0,0.00010945103092812929,0.010516994897464674
s44-125-21,u021,2025-06-30,variable,hazard_cal,120,0.0360891474855638,0,0.0013024265662347758,0.036756465292595714
s44-125-22,u022,2025-06-30,regular,empirical,30,0.0011634671320535084,0,1.353655767368816e-06,0.0011641444853737134
s44-125-22,u022,2025-06-30,regular,empirical,60,0.004072134962187279,0,1.6582283150267994e-05,0.004080448681161805
s44-125-22,u022,2025-06-30,regular,empirical,120,0.018615474112856356,0,0.0003465358764464251,0.018790922836881
s44-125-22,u022,2025-06-30,regular,hazard,30,0.0006571759004136979,0,4.318801640845546e-07,0.0006573919351494734
s44-125-22,u022,2025-06-30,regular,hazard,60,0.0017403739115354755,0,3.028901351953291e-06,0.0017418901216485088
s44-125-22,u022,2025-06-30,regular,hazard,120,0.0064702751895372446,0,4.1864461028341226e-05,0.006491298152017828
s44-125-22,u022,2025-06-30,regular,hazard_cal,30,0.0014437897887600304,0,2.0845289541277333e-06,0.0014448330575318718
s44-125-22,u022,2025-06-30,regular,hazard_cal,60,0.003719860039494649,0,1.3837358713429132e-05,0.0037267959245416244
s44-125-22,u022,2025-06-30,regular,hazard_cal,120,0.012952942242246412,0,0.0001677787127309715,0.013037563119081441
s44-125-44,u044,2025-06-30,variable,empirical,30,0.0011634671320535084,0,1.353655767368816e-06,0.0011641444853737134
s44-125-44,u044,2025-06-30,variable,empirical,60,0.004072134962187279,0,1.6582283150267994e-05,0.004080448681161805
s44-125-44,u044,2025-06-30,variable,empirical,120,0.018615474112856356,0,0.0003465358764464251,0.018790922836881
s44-125-44,u044,2025-06-30,variable,hazard,30,0.0013218653843780626,0,1.747328094416963e-06,0.001322739819100209
s44-125-44,u044,2025-06-30,variable,hazard,60,0.0034984876829066147,0,1.2239416067449293e-05,0.0035046217016450752
s44-125-44,u044,2025-06-30,variable,hazard,120,0.012971487406852389,0,0.0001682594855461301,0.013056351826955706
s44-125-44,u044,2025-06-30,variable,hazard_cal,30,0.0027318201022588084,0,7.462841071105326e-06,0.002735558332461445
s44-125-44,u044,2025-06-30,variable,hazard_cal,60,0.0070304392635520685,0,4.942707623849455e-05,0.007055269247238143
s44-125-44,u044,2025-06-30,variable,hazard_cal,120,0.0243681698663184,0,0.0005938077026337482,0.024669986959309383
s44-125-59,u059,2025-06-30,new,empirical,30,0.0011634671320535084,0,1.353655767368816e-06,0.0011641444853737134
s44-125-59,u059,2025-06-30,new,empirical,60,0.004072134962187279,0,1.6582283150267994e-05,0.004080448681161805
s44-125-59,u059,2025-06-30,new,empirical,120,0.018615474112856356,0,0.0003465358764464251,0.018790922836881
s44-125-59,u059,2025-06-30,new,hazard,30,0.0006925241254370773,0,4.795896643123887e-07,0.0006927640310359045
s44-125-59,u059,2025-06-30,new,hazard,60,0.0018339251277355029,0,3.3632813741396804e-06,0.001835608827256718
s44-125-59,u059,2025-06-30,new,hazard,120,0.006817097120827675,0,4.647281315479698e-05,0.006840439673524016
s44-125-59,u059,2025-06-30,new,hazard_cal,30,0.0015145040017038314,0,2.293722371176919e-06,0.001515652022156876
s44-125-59,u059,2025-06-30,new,hazard_cal,60,0.0039018092601414978,0,1.5224115502525942e-05,0.003909441176549257
s44-125-59,u059,2025-06-30,new,hazard_cal,120,0.01358306728315739,0,0.0001844997168187807,0.0136761611024919
s44-125-1,u001,2025-06-30,regular,empirical,30,0.0011634671320535084,0,1.353655767368816e-06,0.0011641444853737134
s44-125-1,u001,2025-06-30,regular,empirical,60,0.004072134962187279,0,1.6582283150267994e-05,0.004080448681161805
s44-125-1,u001,2025-06-30,regular,empirical,120,0.018615474112856356,0,0.0003465358764464251,0.018790922836881
s44-125-1,u001,2025-06-30,regular,hazard,30,0.0006866388318943484,0,4.7147288546523524e-07,0.0006868746763032137
s44-125-1,u001,2025-06-30,regular,hazard,60,0.0018183497681835137,0,3.306395879453038e-06,0.001820004972921679
s44-125-1,u001,2025-06-30,regular,hazard,120,0.006759361585429446,0,4.568896904257928e-05,0.006782309537413282
s44-125-1,u001,2025-06-30,regular,hazard_cal,30,0.0015027528923144962,0,2.258266255359584e-06,0.0015038831579240344
s44-125-1,u001,2025-06-30,regular,hazard_cal,60,0.003871574967920788,0,1.498909273223085e-05,0.0038790889144283973
s44-125-1,u001,2025-06-30,regular,hazard_cal,120,0.013478382301694736,0,0.00018166678947063788,0.013570040228591523
s44-125-39,u039,2025-06-30,variable,empirical,30,0.0011634671320535084,0,1.353655767368816e-06,0.0011641444853737134
s44-125-39,u039,2025-06-30,variable,empirical,60,0.004072134962187279,0,1.6582283150267994e-05,0.004080448681161805
s44-125-39,u039,2025-06-30,variable,empirical,120,0.018615474112856356,0,0.0003465358764464251,0.018790922836881
s44-125-39,u039,2025-06-30,variable,hazard,30,0.0010695526219183238,0,1.143942811052361e-06,0.001070125001486959
s44-125-39,u039,2025-06-30,variable,hazard,60,0.002831372043572089,0,8.016667649121587e-06,0.00283538795955609
s44-125-39,u039,2025-06-30,variable,hazard,120,0.010508738024561537,0,0.00011043357486886551,0.010564344725917248
s44-125-39,u039,2025-06-30,variable,hazard_cal,30,0.002251801705453471,0,5.070610920683161e-06,0.0022543408233566273
s44-125-39,u039,2025-06-30,variable,hazard_cal,60,0.005797542954475654,0,3.361150430899029e-05,0.005814413945093082
s44-125-39,u039,2025-06-30,variable,hazard_cal,120,0.02012934700501523,0,0.0004051906108483156,0.020334702768347153
s44-125-52,u052,2025-06-30,regular,empirical,30,0.0011634671320535084,0,1.353655767368816e-06,0.0011641444853737134
s44-125-52,u052,2025-06-30,regular,empirical,60,0.004072134962187279,0,1.6582283150267994e-05,0.004080448681161805
s44-125-52,u052,2025-06-30,regular,empirical,120,0.018615474112856356,0,0.0003465358764464251,0.018790922836881
s44-125-52,u052,2025-06-30,regular,hazard,30,0.0007525520909127392,0,5.663346495371358e-07,0.0007528354003831813
s44-125-52,u052,2025-06-30,regular,hazard,60,0.00199277870872816,0,3.971166981960273e-06,0.001994766934053648
s44-125-52,u052,2025-06-30,regular,hazard,120,0.007405785972629975,0,5.48456658724029e-05,0.007433344953815331
s44-125-52,u052,2025-06-30,regular,hazard_cal,30,0.0016338738073291559,0,2.6695436182762717e-06,0.0016352100348213734
s44-125-52,u052,2025-06-30,regular,hazard_cal,60,0.004208898978467546,0,1.771483061094515e-05,0.004217781325802738
s44-125-52,u052,2025-06-30,regular,hazard_cal,120,0.014645852194287157,0,0.00021450098649690593,0.014754161509890742
s44-125-10,u010,2025-06-30,variable,empirical,30,0.0011634671320535084,0,1.353655767368816e-06,0.0011641444853737134
s44-125-10,u010,2025-06-30,variable,empirical,60,0.004072134962187279,0,1.6582283150267994e-05,0.004080448681161805
s44-125-10,u010,2025-06-30,variable,empirical,120,0.018615474112856356,0,0.0003465358764464251,0.018790922836881
s44-125-10,u010,2025-06-30,variable,hazard,30,0.0010995037311306577,0,1.2089084547702375e-06,0.0011001086287901816
s44-125-10,u010,2025-06-30,variable,hazard,60,0.002910579206626962,0,8.471471318049236e-06,0.0029148231792320766
s44-125-10,u010,2025-06-30,variable,hazard,120,0.010801406371551359,0,0.00011667037960339029,0.010860165062080823
s44-125-10,u010,2025-06-30,variable,hazard_cal,30,0.002309266690645684,0,5.3327126485256686e-06,0.0023119371589777923
s44-125-10,u010,2025-06-30,variable,hazard_cal,60,0.005945193024832873,0,3.534532010252145e-05,0.005962936043616745
s44-125-10,u010,2025-06-30,variable,hazard_cal,120,0.020637753228934685,0,0.000425916858338404,0.02085368776027085
s44-125-19,u019,2025-06-30,variable,empirical,30,0.0011634671320535084,0,1.353655767368816e-06,0.0011641444853737134
s44-125-19,u019,2025-06-30,variable,empirical,60,0.004072134962187279,0,1.6582283150267994e-05,0.004080448681161805
s44-125-19,u019,2025-06-30,variable,empirical,120,0.018615474112856356,0,0.0003465358764464251,0.018790922836881
s44-125-19,u019,2025-06-30,variable,hazard,30,0.0006022681923830708,0,3.6272697555637164e-07,0.0006024496287233976
s44-125-19,u019,2025-06-30,variable,hazard,60,0.0015950451677837485,0,2.5441690872702864e-06,0.0015963186066358533
s44-125-19,u019,2025-06-30,variable,hazard,120,0.0059313010571331315,0,3.5180332230348604e-05,0.0059489610891849745
s44-125-19,u019,2025-06-30,variable,hazard_cal,30,0.0013332751383332564,0,1.777622594497564e-06,0.0013341647404413377
s44-125-19,u019,2025-06-30,variable,hazard_cal,60,0.00343545803694012,0,1.1802371923576463e-05,0.0034413727733397146
s44-125-19,u019,2025-06-30,variable,hazard_cal,120,0.011967362322986008,0,0.00014321776096962508,0.012039547693836092
s44-125-30,u030,2025-06-30,variable,empirical,30,0.0011634671320535084,0,1.353655767368816e-06,0.0011641444853737134
s44-125-30,u030,2025-06-30,variable,empirical,60,0.004072134962187279,0,1.6582283150267994e-05,0.004080448681161805
s44-125-30,u030,2025-06-30,variable,empirical,120,0.018615474112856356,0,0.0003465358764464251,0.018790922836881
s44-125-30,u030,2025-06-30,variable,hazard,30,0.0018870333855748322,0,3.5608949982740134e-06,0.001888816076091337
s44-125-30,u030,2025-06-30,variable,hazard,60,0.00499165973961746,0,2.491666695611785e-05,0.005004159687435749
s44-125-30,u030,2025-06-30,variable,hazard,120,0.01846547092944595,0,0.0003409736166462134,0.018638085985739794
s44-125-30,u030,2025-06-30,variable,hazard_cal,30,0.003779691678864494,0,1.4286069187277498e-05,0.003786852763614788
s44-125-30,u030,2025-06-30,variable,hazard_cal,60,0.009718208053610677,0,9.444356777326343e-05,0.009765738025619225
s44-125-30,u030,2025-06-30,variable,hazard_cal,120,0.033558478393327595,0,0.001126171472075435,0.03413448748587351
s44-125-49,u049,2025-06-30,variable,empirical,30,0.0011634671320535084,0,1.353655767368816e-06,0.0011641444853737134
s44-125-49,u049,2025-06-30,variable,empirical,60,0.004072134962187279,0,1.6582283150267994e-05,0.004080448681161805
s44-125-49,u049,2025-06-30,variable,empirical,120,0.018615474112856356,0,0.0003465358764464251,0.018790922836881
s44-125-49,u049,2025-06-30,variable,hazard,30,0.00037359400852443603,0,1.3957248320535637e-07,0.0003736638121520581
s44-125-49,u049,2025-06-30,variable,hazard,60,0.0009896351090203925,0,9.793776490058043e-07,0.0009901251211603826
s44-125-49,u049,2025-06-30,variable,hazard,120,0.00368345470554321,0,1.3567838567788415e-05,0.0036902553298243028
s44-125-49,u049,2025-06-30,variable,hazard_cal,30,0.0008622043182916483,0,7.433962864807661e-07,0.0008625762302263064
s44-125-49,u049,2025-06-30,variable,hazard_cal,60,0.0022225680898378952,0,4.93980891396567e-06,0.0022250416600933937
s44-125-49,u049,2025-06-30,variable,hazard_cal,120,0.007755365835719008,0,6.014569924583759e-05,0.0077855950793327645
s44-125-51,u051,2025-06-30,regular,empirical,30,0.0011634671320535084,0,1.353655767368816e-06,0.0011641444853737134
s44-125-51,u051,2025-06-30,regular,empirical,60,0.004072134962187279,0,1.6582283150267994e-05,0.004080448681161805
s44-125-51,u051,2025-06-30,regular,empirical,120,0.018615474112856356,0,0.0003465358764464251,0.018790922836881
s44-125-51,u051,2025-06-30,regular,hazard,30,0.0006279443305320376,0,3.943140822473289e-07,0.0006281415701478158
s44-125-51,u051,2025-06-30,regular,hazard,60,0.0016630061565336973,0,2.76558947666898e-06,0.0016643904862508093
s44-125-51,u051,2025-06-30,regular,hazard,120,0.006183374838477751,0,3.8234124393119754e-05,0.006202571073261155
s44-125-51,u051,2025-06-30,regular,hazard_cal,30,0.0013850598120187518,0,1.91839068286942e-06,0.0013860198939765424
s44-125-51,u051,2025-06-30,regular,hazard_cal,60,0.0035687292954134087,0,1.2735828783941884e-05,0.00357511240071359
s44-125-51,u051,2025-06-30,regular,hazard_cal,120,0.012429304141077457,0,0.00015448760143140522,0.012507194026142374
s44-125-6,u006,2025-06-30,variable,empirical,30,0.0011634671320535084,0,1.353655767368816e-06,0.0011641444853737134
s44-125-6,u006,2025-06-30,variable,empirical,60,0.004072134962187279,0,1.6582283150267994e-05,0.004080448681161805
s44-125-6,u006,2025-06-30,variable,empirical,120,0.018615474112856356,0,0.0003465358764464251,0.018790922836881
s44-125-6,u006,2025-06-30,variable,hazard,30,0.000639427214755961,0,4.0886716297056583e-07,0.0006396317355261912
s44-125-6,u006,2025-06-30,variable,hazard,60,0.0016933986263935052,0,2.8675989078714104e-06,0.0016948340465686947
s44-125-6,u006,2025-06-30,variable,hazard,120,0.006296086383079991,0,3.964070374320528e-05,0.0063159903235521135
s44-125-6,u006,2025-06-30,variable,hazard_cal,30,0.00140815842349451,0,1.9829101456585435e-06,0.0014091508103019725
s44-125-6,u006,2025-06-30,variable,hazard_cal,60,0.003628171169296812,0,1.3163626033716597e-05,0.003634768945722873
s44-125-6,u006,2025-06-30,variable,hazard_cal,120,0.012635284816656545,0,0.0001596504223980314,0.012715788874535177
s44-125-24,u024,2025-06-30,variable,empirical,30,0.0011634671320535084,0,1.353655767368816e-06,0.0011641444853737134
s44-125-24,u024,2025-06-30,variable,empirical,60,0.004072134962187279,0,1.6582283150267994e-05,0.004080448681161805
s44-125-24,u024,2025-06-30,variable,empirical,120,0.018615474112856356,0,0.0003465358764464251,0.018790922836881
s44-125-24,u024,2025-06-30,variable,hazard,30,0.0015824103500168274,0,2.5040225158403784e-06,0.0015836636836413153
s44-125-24,u024,2025-06-30,variable,hazard,60,0.004187041363499233,0,1.7531315379653517e-05,0.004195831566398308
s44-125-24,u024,2025-06-30,variable,hazard,120,0.015508088461402725,0,0.00024050080772669233,0.0156295967431087
s44-125-24,u024,2025-06-30,variable,hazard_cal,30,0.003219014387017327,0,1.0362053623824538e-05,0.003224206559274822
s44-125-24,u024,2025-06-30,variable,hazard_cal,60,0.008280700174621458,0,6.856999538197585e-05,0.008315175624805455
s44-125-24,u024,2025-06-30,variable,hazard_cal,120,0.02865179595151035,0,0.0008209254112469849,0.029070271422215473
s44-125-33,u033,2025-06-30,variable,empirical,30,0.0011634671320535084,0,1.353655767368816e-06,0.0011641444853737134
s44-125-33,u033,2025-06-30,variable,empirical,60,0.004072134962187279,0,1.6582283150267994e-05,0.004080448681161805
s44-125-33,u033,2025-06-30,variable,empirical,120,0.018615474112856356,0,0.0003465358764464251,0.018790922836881
s44-125-33,u033,2025-06-30,variable,hazard,30,0.0006253303574638158,0,3.910380559658237e-07,0.000625525958039368
s44-125-33,u033,2025-06-30,variable,hazard,60,0.0016560874995600328,0,2.7426258061990015e-06,0.001657460328355564
s44-125-33,u033,2025-06-30,variable,hazard,120,0.006157715285624921,0,3.79174575388188e-05,0.006176752203910118
s44-125-33,u033,2025-06-30,variable,hazard_cal,30,0.0013797964671647955,0,1.9038382908004507e-06,0.0013807492628537964
s44-125-33,u033,2025-06-30,variable,hazard_cal,60,0.003555184286658908,0,1.2639335312106408e-05,0.0035615189727558534
s44-125-33,u033,2025-06-30,variable,hazard_cal,120,0.012382362581981776,0,0.0001533229031116624,0.012459662802599107
s44-125-34,u034,2025-06-30,variable,empirical,30,0.0011634671320535084,0,1.353655767368816e-06,0.0011641444853737134
s44-125-34,u034,2025-06-30,variable,empirical,60,0.004072134962187279,0,1.6582283150267994e-05,0.004080448681161805
s44-125-34,u034,2025-06-30,variable,empirical,120,0.018615474112856356,0,0.0003465358764464251,0.018790922836881
s44-125-34,u034,2025-06-30,variable,hazard,30,0.0008506597985541431,0,7.236220928761753e-07,0.0008510218149169854
s44-125-34,u034,2025-06-30,variable,hazard,60,0.0022523656101655076,0,5.073150841856239e-06,0.002254906000895763
s44-125-34,u034,2025-06-30,variable,hazard,120,0.00836716031112339,0,7.000937167203846e-05,0.008402361490425742
s44-125-34,u034,2025-06-30,variable,hazard_cal,30,0.0018272004317728685,0,3.338661417870957e-06,0.0018288717987404101
s44-125-34,u034,2025-06-30,variable,hazard_cal,60,0.004706112414842312,0,2.2147494061132934e-05,0.004717221027829836
s44-125-34,u034,2025-06-30,variable,hazard_cal,120,0.01636469176482347,0,0.00026780313655768107,0.016500072339303694
s44-125-32,u032,2025-06-30,regular,empirical,30,0.0011634671320535084,0,1.353655767368816e-06,0.0011641444853737134
s44-125-32,u032,2025-06-30,regular,empirical,60,0.004072134962187279,0,1.6582283150267994e-05,0.004080448681161805
s44-125-32,u032,2025-06-30,regular,empirical,120,0.018615474112856356,0,0.0003465358764464251,0.018790922836881
s44-125-32,u032,2025-06-30,regular,hazard,30,0.007327938569306469,0,5.369868367552934e-05,0.0073549198031685305
s44-125-32,u032,2025-06-30,regular,hazard,60,0.01928653742845965,0,0.0003719705259793749,0.019474949165551644
s44-125-32,u032,2025-06-30,regular,hazard,120,0.06980204854810701,0,0.0048723259815122875,0.07235786446085976
s44-125-32,u032,2025-06-30,regular,hazard_cal,30,0.013005518689323314,0,0.00016914351637833803,0.013090830941514545
s44-125-32,u032,2025-06-30,regular,hazard_cal,60,0.03316870549492523,0,0.0011001630242090832,0.033731261515451576
s44-125-32,u032,2025-06-30,regular,hazard_cal,120,0.11086399220660548,0,0.01229082476798628,0.1175050655260912
s44-126-12,u012,2025-07-01,variable,empirical,30,0.0011634671320535084,0,1.353655767368816e-06,0.0011641444853737134
s44-126-12,u012,2025-07-01,variable,empirical,60,0.004072134962187279,0,1.6582283150267994e-05,0.004080448681161805
s44-126-12,u012,2025-07-01,variable,empirical,120,0.018615474112856356,0,0.0003465358764464251,0.018790922836881
s44-126-12,u012,2025-07-01,variable,hazard,30,0.0005254470638634823,0,2.760946169227544e-07,0.0005255851595487107
s44-126-12,u012,2025-07-01,variable,hazard,60,0.0013916915154171816,0,1.9368052740841715e-06,0.0013926608174715616
s44-126-12,u012,2025-07-01,variable,hazard,120,0.005176728737727787,0,2.6798520424016727e-05,0.0051901744211170055
s44-126-12,u012,2025-07-01,variable,hazard_cal,30,0.001177142024853861,0,1.3856633466770482e-06,0.001177835400715187
s44-126-12,u012,2025-07-01,variable,hazard_cal,60,0.003033565645932712,0,9.202520528183153e-06,0.003038176232903287
s44-126-12,u012,2025-07-01,variable,hazard_cal,120,0.010573291362393489,0,0.00011179449023406476,0.010629585770582532
s44-126-11,u011,2025-07-01,variable,empirical,30,0.0011634671320535084,0,1.353655767368816e-06,0.0011641444853737134
s44-126-11,u011,2025-07-01,variable,empirical,60,0.004072134962187279,0,1.6582283150267994e-05,0.004080448681161805
s44-126-11,u011,2025-07-01,variable,empirical,120,0.018615474112856356,0,0.0003465358764464251,0.018790922836881
s44-126-11,u011,2025-07-01,variable,hazard,30,0.0009270160066314759,0,8.593586765509686e-07,0.0009274459517009289
s44-126-11,u011,2025-07-01,variable,hazard,60,0.0024543666823861887,0,6.023915811607387e-06,0.002457383577681154
s44-126-11,u011,2025-07-01,variable,hazard,120,0.00911473666741125,0,8.307842451625114e-05,0.009156530030507948
s44-126-11,u011,2025-07-01,variable,hazard_cal,30,0.0019762977711260676,0,3.9057528801578625e-06,0.001978253224362816
s44-126-11,u011,2025-07-01,variable,hazard_cal,60,0.005089457672478592,0,2.5902579399951208e-05,0.005102453073960818
s44-126-11,u011,2025-07-01,variable,hazard_cal,120,0.017688266838194466,0,0.00031287478373917007,0.017846573791761845
s44-126-29,u029,2025-07-01,regular,empirical,30,0.0011634671320535084,0,1.353655767368816e-06,0.0011641444853737134
s44-126-29,u029,2025-07-01,regular,empirical,60,0.004072134962187279,0,1.6582283150267994e-05,0.004080448681161805
s44-126-29,u029,2025-07-01,regular,empirical,120,0.018615474112856356,0,0.0003465358764464251,0.018790922836881
s44-126-29,u029,2025-07-01,regular,hazard,30,0.0018118158578520616,0,3.282676702764202e-06,0.0018134591814365814
s44-126-29,u029,2025-07-01,regular,hazard,60,0.004793025673122675,0,2.297309510321307e-05,0.004804549056667875
s44-126-29,u029,2025-07-01,regular,hazard,120,0.017736069625231332,0,0.0003145681657510535,0.017895238536962087
s44-126-29,u029,2025-07-01,regular,hazard_cal,30,0.0036420531611695006,0,1.3264551228784752e-05,0.0036487015842997703
s44-126-29,u029,2025-07-01,regular,hazard_cal,60,0.009365451384167445,0,8.771167962920391e-05,0.009409582981664224
s44-126-29,u029,2025-07-01,regular,hazard_cal,120,0.032356232707878685,0,0.0010469257950463985,0.032891268433230765
s44-126-26,u026,2025-07-01,regular,empirical,30,0.0011634671320535084,0,1.353655767368816e-06,0.0011641444853737134
s44-126-26,u026,2025-07-01,regular,empirical,60,0.004072134962187279,0,1.6582283150267994e-05,0.004080448681161805
s44-126-26,u026,2025-07-01,regular,empirical,120,0.018615474112856356,0,0.0003465358764464251,0.018790922836881
s44-126-26,u026,2025-07-01,regular,hazard,30,0.00638924420821807,0,4.082244155224815e-05,0.006409742789269111
s44-126-26,u026,2025-07-01,regular,hazard,60,0.016830628980992968,0,0.00028327007189584037,0.016973873555866395
s44-126-26,u026,2025-07-01,regular,hazard,120,0.061142718400526874,0,0.0037384320134061276,0.06309180110240972
s44-126-26,u026,2025-07-01,regular,hazard_cal,30,0.011481078304060421,0,0.00013181515902396693,0.011547494727718384
s44-126-26,u026,2025-07-01,regular,hazard_cal,60,0.029320200696407617,0,0.0008596741688776217,0.029758628922865727
s44-126-26,u026,2025-07-01,regular,hazard_cal,120,0.09852568777522852,0,0.009707311151581815,0.10372373122641389
s44-126-39,u039,2025-07-01,variable,empirical,30,0.0011634671320535084,0,1.353655767368816e-06,0.0011641444853737134
s44-126-39,u039,2025-07-01,variable,empirical,60,0.004072134962187279,0,1.6582283150267994e-05,0.004080448681161805
s44-126-39,u039,2025-07-01,variable,empirical,120,0.018615474112856356,0,0.0003465358764464251,0.018790922836881
s44-126-39,u039,2025-07-01,variable,hazard,30,0.0008532466259155713,0,7.280298046363069e-07,0.0008536108480134783
s44-126-39,u039,2025-07-01,variable,hazard,60,0.0022592095550519886,0,5.104027813638204e-06,0.0022617654191728447
s44-126-39,u039,2025-07-01,variable,hazard,120,0.008392496340163702,0,7.043399481966113e-05,0.008427911625210628
s44-126-39,u039,2025-07-01,variable,hazard_cal,30,0.001832270357700616,0,3.3572146637083437e-06,0.001833951018295967
s44-126-39,u039,2025-07-01,variable,hazard_cal,60,0.004719149392191202,0,2.227037098581859e-05,0.004730319734548994
s44-126-39,u039,2025-07-01,variable,hazard_cal,120,0.01640972778016203,0,0.0002692791658190215,0.016545858664770253
s44-126-40,u040,2025-07-01,variable,empirical,30,0.0011634671320535084,0,1.353655767368816e-06,0.0011641444853737134
s44-126-40,u040,2025-07-01,variable,empirical,60,0.004072134962187279,0,1.6582283150267994e-05,0.004080448681161805
s44-126-40,u040,2025-07-01,variable,empirical,120,0.018615474112856356,0,0.0003465358764464251,0.018790922836881
s44-126-40,u040,2025-07-01,variable,hazard,30,0.00033696264242033536,0,1.1354382238689478e-07,0.00033701942708809485
s44-126-40,u040,2025-07-01,variable,hazard,60,0.0008926304659430118,0,7.967891487296383e-07,0.0008930290977556313
s44-126-40,u040,2025-07-01,variable,hazard,120,0.0033228945786729636,0,1.1041628380974172e-05,0.0033284276534797843
s44-126-40,u040,2025-07-01,variable,hazard_cal,30,0.0007846847254990852,0,6.157301184315747e-07,0.0007849927517044811
s44-126-40,u040,2025-07-01,variable,hazard_cal,60,0.002022878050045973,0,4.092035605357799e-06,0.0020249268312712955
s44-126-40,u040,2025-07-01,variable,hazard_cal,120,0.0070605360577021825,0,4.985116942211268e-05,0.007085579592554477
s44-126-33,u033,2025-07-01,variable,empirical,30,0.0011634671320535084,0,1.353655767368816e-06,0.0011641444853737134
s44-126-33,u033,2025-07-01,variable,empirical,60,0.004072134962187279,0,1.6582283150267994e-05,0.004080448681161805
s44-126-33,u033,2025-07-01,variable,empirical,120,0.018615474112856356,0,0.0003465358764464251,0.018790922836881
s44-126-33,u033,2025-07-01,variable,hazard,30,0.000604941164708106,0,3.659538127583998e-07,0.0006051242154414906
s44-126-33,u033,2025-07-01,variable,hazard,60,0.0016021202862839257,0,2.566789411722488e-06,0.001603405053407465
s44-126-33,u033,2025-07-01,variable,hazard,120,0.0059575457987790514,0,3.5492351944549924e-05,0.005975362773623935
s44-126-33,u033,2025-07-01,variable,hazard_cal,30,0.0013386749961959987,0,1.7920507454403573e-06,0.0013395718220302827
s44-126-33,u033,2025-07-01,variable,hazard_cal,60,0.0034493554933685555,0,1.1898053319631832e-05,0.003455318235722425
s44-126-33,u033,2025-07-01,variable,hazard_cal,120,0.012015541396286689,0,0.00014437323504587908,0.01208831151617438
s44-126-5,u005,2025-07-01,regular,empirical,30,0.0011634671320535084,0,1.353655767368816e-06,0.0011641444853737134
s44-126-5,u005,2025-07-01,regular,empirical,60,0.004072134962187279,0,1.6582283150267994e-05,0.004080448681161805
s44-126-5,u005,2025-07-01,regular,empirical,120,0.018615474112856356,0,0.0003465358764464251,0.018790922836881
s44-126-5,u005,2025-07-01,regular,hazard,30,0.002395285897651367,0,5.737394531487514e-06,0.002398159184062406
s44-126-5,u005,2025-07-01,regular,hazard,60,0.006333123277068919,0,4.010845044255217e-05,0.0063532625770975956
s44-126-5,u005,2025-07-01,regular,hazard,120,0.023379788683286384,0,0.0005466145188751261,0.023657431975124064
s44-126-5,u005,2025-07-01,regular,hazard_cal,30,0.004697835150628271,0,2.2069655102478552e-05,0.00470890466027353
s44-126-5,u005,2025-07-01,regular,hazard_cal,60,0.012069147278083836,0,0.00014566431602007848,0.012142570807048881
s44-126-5,u005,2025-07-01,regular,hazard_cal,120,0.041540545103885385,0,0.001725616887527936,0.0424280179689994
s44-126-30,u030,2025-07-01,variable,empirical,30,0.0011634671320535084,0,1.353655767368816e-06,0.0011641444853737134
s44-126-30,u030,2025-07-01,variable,empirical,60,0.004072134962187279,0,1.6582283150267994e-05,0.004080448681161805
s44-126-30,u030,2025-07-01,variable,empirical,120,0.018615474112856356,1,0.9631155876507337,3.9837621025831202
s44-126-30,u030,2025-07-01,variable,hazard,30,0.0038630537103363505,0,1.4923183968943445e-05,0.003870534574522528
s44-126-30,u030,2025-07-01,variable,hazard,60,0.010199991906244321,0,0.00010403983488744966,0.01025236828718866
s44-126-30,u030,2025-07-01,variable,hazard,120,0.037432625176569534,1,0.9265359510744705,3.285212623896827
s44-126-30,u030,2025-07-01,variable,hazard_cal,30,0.007262018568635398,0,5.273691369120531e-05,0.007288515383656007
s44-126-30,u030,2025-07-01,variable,hazard_cal,60,0.01861468363123364,0,0.00034650644669091766,0.018790117361266186
s44-126-30,u030,2025-07-01,variable,hazard_cal,120,0.06348894705602226,1,0.8770529522862379,2.756889450343944
s44-126-37,u037,2025-07-01,variable,empirical,30,0.0011634671320535084,0,1.353655767368816e-06,0.0011641444853737134
s44-126-37,u037,2025-07-01,variable,empirical,60,0.004072134962187279,0,1.6582283150267994e-05,0.004080448681161805
s44-126-37,u037,2025-07-01,variable,empirical,120,0.018615474112856356,0,0.0003465358764464251,0.018790922836881
s44-126-37,u037,2025-07-01,variable,hazard,30,0.0018181469181554055,0,3.305658215997999e-06,0.001819801753389994
s44-126-37,u037,2025-07-01,variable,hazard,60,0.004809745774738028,0,2.3133654417610312e-05,0.004821349825254062
s44-126-37,u037,2025-07-01,variable,hazard,120,0.017797484446368084,0,0.00031675045261871386,0.01795776423831377
s44-126-37,u037,2025-07-01,variable,hazard_cal,30,0.003653657563175483,0,1.334921358894941e-05,0.003660348472469346
s44-126-37,u037,2025-07-01,variable,hazard_cal,60,0.009395195857299088,0,8.826970519700995e-05,0.009439609109595171
s44-126-37,u037,2025-07-01,variable,hazard_cal,120,0.03245765202105044,0,0.0010534991747196,0.03299608451522338
s44-126-47,u047,2025-07-01,regular,empirical,30,0.0011634671320535084,0,1.353655767368816e-06,0.0011641444853737134
s44-126-47,u047,2025-07-01,regular,empirical,60,0.004072134962187279,0,1.6582283150267994e-05,0.004080448681161805
s44-126-47,u047,2025-07-01,regular,empirical,120,0.018615474112856356,0,0.0003465358764464251,0.018790922836881
s44-126-47,u047,2025-07-01,regular,hazard,30,0.004101152016168785,0,1.6819447859725294e-05,0.004109584804092439
s44-126-47,u047,2025-07-01,regular,hazard,60,0.01082627335363262,0,0.0001172081947275757,0.0108853038914384
s44-126-47,u047,2025-07-01,regular,hazard,120,0.039692918936105714,0,0.0015755278136682597,0.040502169561486855
s44-126-47,u047,2025-07-01,regular,hazard_cal,30,0.007668602508109856,0,5.880746442738878e-05,0.007698157433930966
s44-126-47,u047,2025-07-01,regular,hazard_cal,60,0.019649840457699574,0,0.000386116230013047,0.019845465480575197
s44-126-47,u047,2025-07-01,regular,hazard_cal,120,0.06692317757166932,0,0.004478711696289184,0.06926774237299527
s44-126-19,u019,2025-07-01,variable,empirical,30,0.0011634671320535084,0,1.353655767368816e-06,0.0011641444853737134
s44-126-19,u019,2025-07-01,variable,empirical,60,0.004072134962187279,0,1.6582283150267994e-05,0.004080448681161805
s44-126-19,u019,2025-07-01,variable,empirical,120,0.018615474112856356,0,0.0003465358764464251,0.018790922836881
s44-126-19,u019,2025-07-01,variable,hazard,30,0.0006988712556187382,0,4.884210319301117e-07,0.0006991155799755154
s44-126-19,u019,2025-07-01,variable,hazard,60,0.0018507225417819795,0,3.425173926659951e-06,0.0018524372446981445
s44-126-19,u019,2025-07-01,variable,hazard,120,0.00687935953506591,0,4.732558761270225e-05,0.0069031314151435305
s44-126-19,u019,2025-07-01,variable,hazard_cal,30,0.0015271674286694292,0,2.3322403551887963e-06,0.0015283347374490254
s44-126-19,u019,2025-07-01,variable,hazard_cal,60,0.003934390143107369,0,1.5479425798180425e-05,0.003942150216798875
s44-126-19,u019,2025-07-01,variable,hazard_cal,120,0.01369586734761663,0,0.0001875767824035114,0.013790520974814814
s44-126-22,u022,2025-07-01,regular,empirical,30,0.0011634671320535084,0,1.353655767368816e-06,0.0011641444853737134
s44-126-22,u022,2025-07-01,regular,empirical,60,0.004072134962187279,0,1.6582283150267994e-05,0.004080448681161805
s44-126-22,u022,2025-07-01,regular,empirical,120,0.018615474112856356,0,0.0003465358764464251,0.018790922836881
s44-126-22,u022,2025-07-01,regular,hazard,30,0.0016210334909184665,0,2.62774957867931e-06,0.0016223487873263391
s44-126-22,u022,2025-07-01,regular,hazard,60,0.004289084092290341,0,1.8396242350738054e-05,0.0042983085993726295
s44-126-22,u022,2025-07-01,regular,hazard,120,0.015883552721441596,0,0.0002522872470548147,0.01601104820135318
s44-126-22,u022,2025-07-01,regular,hazard_cal,30,0.0032906005757836754,0,1.0828052149347856e-05,0.0032960265081789482
s44-126-22,u022,2025-07-01,regular,hazard_cal,60,0.008464317549789158,0,7.164467158366873e-05,0.00850034331865555
s44-126-22,u022,2025-07-01,regular,hazard_cal,120,0.029279642266242023,0,0.0008572974512391063,0.029716846264072307
s44-126-4,u004,2025-07-01,regular,empirical,30,0.0011634671320535084,0,1.353655767368816e-06,0.0011641444853737134
s44-126-4,u004,2025-07-01,regular,empirical,60,0.004072134962187279,0,1.6582283150267994e-05,0.004080448681161805
s44-126-4,u004,2025-07-01,regular,empirical,120,0.018615474112856356,1,0.9631155876507337,3.9837621025831202
s44-126-4,u004,2025-07-01,regular,hazard,30,0.0007428645872867845,0,5.518477950447646e-07,0.000743140647909881
s44-126-4,u004,2025-07-01,regular,hazard,60,0.0019671436112610463,0,3.86965398732515e-06,0.001969080979392538
s44-126-4,u004,2025-07-01,regular,hazard,120,0.007310805367667816,1,0.9854318371397883,4.918401837873525
s44-126-4,u004,2025-07-01,regular,hazard_cal,30,0.0016146679421901178,0,2.6071525635364694e-06,0.00161597292340195
s44-126-4,u004,2025-07-01,regular,hazard_cal,60,0.004159494496043914,0,1.7301394462619614e-05,0.004168169256711352
s44-126-4,u004,2025-07-01,regular,hazard_cal,120,0.014474933239088661,1,0.9712596572140988,4.235336867686484
s44-126-56,u056,2025-07-01,new,empirical,30,0.0011634671320535084,0,1.353655767368816e-06,0.0011641444853737134
s44-126-56,u056,2025-07-01,new,empirical,60,0.004072134962187279,0,1.6582283150267994e-05,0.004080448681161805
s44-126-56,u056,2025-07-01,new,empirical,120,0.018615474112856356,0,0.0003465358764464251,0.018790922836881
s44-126-56,u056,2025-07-01,new,hazard,30,0.0024928303387294903,0,6.214203097690186e-06,0.002495942613603046
s44-126-56,u056,2025-07-01,new,hazard,60,0.006590433743770552,0,4.343381693102953e-05,0.006612246542258054
s44-126-56,u056,2025-07-01,new,hazard,120,0.024320103486069722,0,0.0005914674335731406,0.02462072124783746
s44-126-56,u056,2025-07-01,new,hazard_cal,30,0.00487192990139651,0,2.373570096412141e-05,0.004883836439499389
s44-126-56,u056,2025-07-01,new,hazard_cal,60,0.012514493697347473,0,0.00015661255250094962,0.012593459476441572
s44-126-56,u056,2025-07-01,new,hazard_cal,120,0.04304669785357995,0,0.0018530181960974047,0.044000684804996
s44-126-14,u014,2025-07-01,variable,empirical,30,0.0011634671320535084,0,1.353655767368816e-06,0.0011641444853737134
s44-126-14,u014,2025-07-01,variable,empirical,60,0.004072134962187279,0,1.6582283150267994e-05,0.004080448681161805
s44-126-14,u014,2025-07-01,variable,empirical,120,0.018615474112856356,0,0.0003465358764464251,0.018790922836881
s44-126-14,u014,2025-07-01,variable,hazard,30,0.0030599182629498234,0,9.363099775933865e-06,0.0030646093849151556
s44-126-14,u014,2025-07-01,variable,hazard,60,0.00808541983790978,0,6.5374013955265e-05,0.008118284112402199
s44-126-14,u014,2025-07-01,variable,hazard,120,0.029768666031936286,0,0.0008861734773209573,0.03022074729173063
s44-126-14,u014,2025-07-01,variable,hazard_cal,30,0.005872667361503714,0,3.4488221938870994e-05,0.005889979283854864
s44-126-14,u014,2025-07-01,variable,hazard_cal,60,0.015071796366854517,0,0.00022715904572392904,0.015186530179175017
s44-126-14,u014,2025-07-01,variable,hazard_cal,120,0.051659103954419416,0,0.002668663021373512,0.05304124638110676
s44-126-18,u018,2025-07-01,regular,empirical,30,0.0011634671320535084,0,1.353655767368816e-06,0.0011641444853737134
s44-126-18,u018,2025-07-01,regular,empirical,60,0.004072134962187279,0,1.6582283150267994e-05,0.004080448681161805
s44-126-18,u018,2025-07-01,regular,empirical,120,0.018615474112856356,0,0.0003465358764464251,0.018790922836881
s44-126-18,u018,2025-07-01,regular,hazard,30,0.002069515337305927,0,4.282893731344466e-06,0.0020716597432697543
s44-126-18,u018,2025-07-01,regular,hazard,60,0.005473441834489612,0,2.995856551554101e-05,0.005488476001435228
s44-126-18,u018,2025-07-01,regular,hazard,120,0.02023276595215473,0,0.0004093648180746717,0.020440251806686655
s44-126-18,u018,2025-07-01,regular,hazard_cal,30,0.004111617652443833,0,1.6905399719887738e-05,0.004120093593501037
s44-126-18,u018,2025-07-01,regular,hazard_cal,60,0.010568555936370294,0,0.00011169437458018778,0.010624799751921477
s44-126-18,u018,2025-07-01,regular,hazard_cal,120,0.036451708677418315,0,0.0013287270655033736,0.03713267165452036
s44-126-1,u001,2025-07-01,regular,empirical,30,0.0011634671320535084,0,1.353655767368816e-06,0.0011641444853737134
s44-126-1,u001,2025-07-01,regular,empirical,60,0.004072134962187279,0,1.6582283150267994e-05,0.004080448681161805
s44-126-1,u001,2025-07-01,regular,empirical,120,0.018615474112856356,0,0.0003465358764464251,0.018790922836881
s44-126-1,u001,2025-07-01,regular,hazard,30,0.0005437606029310427,0,2.9567559329993104e-07,0.0005439084943418044
s44-126-1,u001,2025-07-01,regular,hazard,60,0.0014401720224000991,0,2.0740954541039915e-06,0.001441210066888608
s44-126-1,u001,2025-07-01,regular,hazard,120,0.005356665249283354,0,2.86938625928799e-05,0.005371063621772463
s44-126-1,u001,2025-07-01,regular,hazard_cal,30,0.0012145345729830392,0,1.4750942289710935e-06,0.0012152727178263427
s44-126-1,u001,2025-07-01,regular,hazard_cal,60,0.003129825506522632,0,9.79580770127965e-06,0.003134733654145891
s44-126-1,u001,2025-07-01,regular,hazard_cal,120,0.010907336761571962,0,0.00011896999523033913,0.010967257877412385
s44-126-25,u025,2025-07-01,variable,empirical,30,0.0011634671320535084,0,1.353655767368816e-06,0.0011641444853737134
s44-126-25,u025,2025-07-01,variable,empirical,60,0.004072134962187279,0,1.6582283150267994e-05,0.004080448681161805
s44-126-25,u025,2025-07-01,variable,empirical,120,0.018615474112856356,0,0.0003465358764464251,0.018790922836881
s44-126-25,u025,2025-07-01,variable,hazard,30,0.0010370522887149791,0,1.0754774495289765e-06,0.0010375903995045968
s44-126-25,u025,2025-07-01,variable,hazard,60,0.002745418351124851,0,7.537321922693095e-06,0.00274919392402091
s44-126-25,u025,2025-07-01,variable,hazard,120,0.01019106084184862,0,0.00010385772108226031,0.010243345227954502
s44-126-25,u025,2025-07-01,variable,hazard_cal,30,0.002189284557529536,0,4.792966873837296e-06,0.002191684544442452
s44-126-25,u025,2025-07-01,variable,hazard_cal,60,0.005636894916709156,0,3.1774584302021525e-05,0.005652842165740732
s44-126-25,u025,2025-07-01,variable,hazard_cal,120,0.019575946308875714,0,0.0003832176738879847,0.019770093060476928
s44-126-8,u008,2025-07-01,regular,empirical,30,0.0011634671320535084,0,1.353655767368816e-06,0.0011641444853737134
s44-126-8,u008,2025-07-01,regular,empirical,60,0.004072134962187279,0,1.6582283150267994e-05,0.004080448681161805
s44-126-8,u008,2025-07-01,regular,empirical,120,0.018615474112856356,0,0.0003465358764464251,0.018790922836881
s44-126-8,u008,2025-07-01,regular,hazard,30,0.003324531856325863,0,1.1052512063725488e-05,0.003330070391121497
s44-126-8,u008,2025-07-01,regular,hazard,60,0.008782468690012313,0,7.713175629104658e-05,0.00882126186842332
s44-126-8,u008,2025-07-01,regular,hazard,120,0.03230053809740452,0,0.0010433247613818807,0.03283371315347534
s44-126-8,u008,2025-07-01,regular,hazard_cal,30,0.0063337126595992554,0,4.011591605436787e-05,0.006353855716225945
s44-126-8,u008,2025-07-01,regular,hazard_cal,60,0.01624844003387549,0,0.00026401180353444767,0.016381893517474343
s44-126-8,u008,2025-07-01,regular,hazard_cal,120,0.05560104041165104,0,0.0030914756948580515,0.05720657543556544
s44-126-23,u023,2025-07-01,variable,empirical,30,0.0011634671320535084,0,1.353655767368816e-06,0.0011641444853737134
s44-126-23,u023,2025-07-01,variable,empirical,60,0.004072134962187279,0,1.6582283150267994e-05,0.004080448681161805
s44-126-23,u023,2025-07-01,variable,empirical,120,0.018615474112856356,0,0.0003465358764464251,0.018790922836881
s44-126-23,u023,2025-07-01,variable,hazard,30,0.0012060523713988136,0,1.4545623225567017e-06,0.0012067802378489868
s44-126-23,u023,2025-07-01,variable,hazard,60,0.0031923165594773817,0,1.0190885015913508e-05,0.003197422872192354
s44-126-23,u023,2025-07-01,variable,hazard,120,0.011841841278669496,0,0.0001402292048692008,0.01191251436819357
s44-126-23,u023,2025-07-01,variable,hazard_cal,30,0.002512600259983011,0,6.3131600664666946e-06,0.0025157621374828536
s44-126-23,u023,2025-07-01,variable,hazard_cal,60,0.006467516624532377,0,4.182877128860267e-05,0.0064885216259548744
s44-126-23,u023,2025-07-01,variable,hazard_cal,120,0.022434596850888777,0,0.0005033111358619086,0.0226900807684551
s44-126-9,u009,2025-07-01,variable,empirical,30,0.0011634671320535084,0,1.353655767368816e-06,0.0011641444853737134
s44-126-9,u009,2025-07-01,variable,empirical,60,0.004072134962187279,0,1.6582283150267994e-05,0.004080448681161805
s44-126-9,u009,2025-07-01,variable,empirical,120,0.018615474112856356,0,0.0003465358764464251,0.018790922836881
s44-126-9,u009,2025-07-01,variable,hazard,30,0.00046269111342822633,0,2.140830664454518e-07,0.000462798187991022
s44-126-9,u009,2025-07-01,variable,hazard,60,0.0012255483591298022,0,1.5019687805657507e-06,0.0012262999576630742
s44-126-9,u009,2025-07-01,variable,hazard,120,0.004559881404830768,0,2.0792518426121416e-05,0.004570309376327856
s44-126-9,u009,2025-07-01,variable,hazard_cal,30,0.0010481111624929262,0,1.0985370089422733e-06,0.0010486608150956469
s44-126-9,u009,2025-07-01,variable,hazard_cal,60,0.0027013520502688904,0,7.297302899491937e-06,0.0027050072859215115
s44-126-9,u009,2025-07-01,variable,hazard_cal,120,0.009419739112965453,0,8.873148495633117e-05,0.009464385447859413
s44-126-7,u007,2025-07-01,variable,empirical,30,0.0011634671320535084,0,1.353655767368816e-06,0.0011641444853737134
s44-126-7,u007,2025-07-01,variable,empirical,60,0.004072134962187279,0,1.6582283150267994e-05,0.004080448681161805
s44-126-7,u007,2025-07-01,variable,empirical,120,0.018615474112856356,0,0.0003465358764464251,0.018790922836881
s44-126-7,u007,2025-07-01,variable,hazard,30,0.0009291168594331989,0,8.632581384830106e-07,0.0009295487560447795
s44-126-7,u007,2025-07-01,variable,hazard,60,0.0024599241036654673,0,6.051226595794353e-06,0.0024629546879884725
s44-126-7,u007,2025-07-01,variable,hazard,120,0.009135297313165092,0,8.345365699992135e-05,0.009177280020271671
s44-126-7,u007,2025-07-01,variable,hazard_cal,30,0.0019803843092002227,0,3.921922012126443e-06,0.0019823478630286947
s44-126-7,u007,2025-07-01,variable,hazard_cal,60,0.00509996318267758,0,2.6009624464666837e-05,0.0051130123807704144
s44-126-7,u007,2025-07-01,variable,hazard_cal,120,0.01772451923577545,0,0.0003141585821393739,0.017883479659140115
s44-127-31,u031,2025-07-02,regular,empirical,30,0.0011634671320535084,0,1.353655767368816e-06,0.0011641444853737134
s44-127-31,u031,2025-07-02,regular,empirical,60,0.004072134962187279,0,1.6582283150267994e-05,0.004080448681161805
s44-127-31,u031,2025-07-02,regular,empirical,120,0.018615474112856356,0,0.0003465358764464251,0.018790922836881
s44-127-31,u031,2025-07-02,regular,hazard,30,0.008095384771012015,0,6.553525459073326e-05,0.008128330323393069
s44-127-31,u031,2025-07-02,regular,hazard,60,0.02129121951143531,0,0.0004533160282841237,0.021521147007318903
s44-127-31,u031,2025-07-02,regular,hazard,120,0.07682173421681115,0,0.005901578848078374,0.07993292576800243
s44-127-31,u031,2025-07-02,regular,hazard_cal,30,0.014238130706096253,0,0.00020272436600388098,0.014340465420498926
s44-127-31,u031,2025-07-02,regular,hazard_cal,60,0.03627287695900827,0,0.0013157216028833532,0.03694709182758904
s44-127-31,u031,2025-07-02,regular,hazard_cal,120,0.12071825022778848,0,0.014572895938058954,0.12864989821777262
s44-127-39,u039,2025-07-02,variable,empirical,30,0.0011634671320535084,0,1.353655767368816e-06,0.0011641444853737134
s44-127-39,u039,2025-07-02,variable,empirical,60,0.004072134962187279,0,1.6582283150267994e-05,0.004080448681161805
s44-127-39,u039,2025-07-02,variable,empirical,120,0.018615474112856356,0,0.0003465358764464251,0.018790922836881
s44-127-39,u039,2025-07-02,variable,hazard,30,0.0008214276275779753,0,6.747433473483808e-07,0.0008217651841164863
s44-127-39,u039,2025-07-02,variable,hazard,60,0.00217502404553771,0,4.730729598667227e-06,0.002177392845758624
s44-127-39,u039,2025-07-02,variable,hazard,120,0.00808080769970354,0,6.529945307958802e-05,0.008113634389960461
s44-127-39,u039,2025-07-02,variable,hazard_cal,30,0.0017698128217749076,0,3.132237424118861e-06,0.001771380790767824
s44-127-39,u039,2025-07-02,variable,hazard_cal,60,0.0045585358739140824,0,2.0780249313761626e-05,0.004568957682758169
s44-127-39,u039,2025-07-02,variable,hazard_cal,120,0.015854776778562507,0,0.00025137394669804493,0.01598180824478396
s44-127-42,u042,2025-07-02,regular,empirical,30,0.0011634671320535084,0,1.353655767368816e-06,0.0011641444853737134
s44-127-42,u042,2025-07-02,regular,empirical,60,0.004072134962187279,0,1.6582283150267994e-05,0.004080448681161805
s44-127-42,u042,2025-07-02,regular,empirical,120,0.018615474112856356,0,0.0003465358764464251,0.018790922836881
s44-127-42,u042,2025-07-02,regular,hazard,30,0.006742614036068795,0,4.546284403939192e-05,0.006765448157079124
s44-127-42,u042,2025-07-02,regular,hazard,60,0.017755655459681607,0,0.0003152633008029213,0.0179151782182564
s44-127-42,u042,2025-07-02,regular,hazard,120,0.0644120145851117,0,0.004148907622912642,0.06658008593762774
s44-127-42,u042,2025-07-02,regular,hazard_cal,30,0.012057263204489854,0,0.00014537759598234494,0.01213054162293794
s44-127-42,u042,2025-07-02,regular,hazard_cal,60,0.03077602349731834,0,0.0009471636223074905,0.03125955189891225
s44-127-42,u042,2025-07-02,regular,hazard_cal,120,0.10320889098181485,0,0.010652075177696143,0.10893232139221574
s44-127-10,u010,2025-07-02,variable,empirical,30,0.0011634671320535084,0,1.353655767368816e-06,0.0011641444853737134
s44-127-10,u010,2025-07-02,variable,empirical,60,0.004072134962187279,0,1.6582283150267994e-05,0.004080448681161805
s44-127-10,u010,2025-07-02,variable,empirical,120,0.018615474112856356,0,0.0003465358764464251,0.018790922836881
s44-127-10,u010,2025-07-02,variable,hazard,30,0.0014893183257513876,0,2.218069075418916e-06,0.0014904284626574959
s44-127-10,u010,2025-07-02,variable,hazard,60,0.003941061211591879,0,1.5531963473514045e-05,0.003948847657969479
s44-127-10,u010,2025-07-02,variable,hazard,120,0.014602524886739743,0,0.00021323373306785353,0.014710191171822245
s44-127-10,u010,2025-07-02,variable,hazard_cal,30,0.003045825300042715,0,9.277051758380294e-06,0.0030504732662500395
s44-127-10,u010,2025-07-02,variable,hazard_cal,60,0.007836377196908217,0,6.140880757222309e-05,0.007867242956930308
s44-127-10,u010,2025-07-02,variable,hazard_cal,120,0.027131178696207292,0,0.0007361008574455324,0.027506024688916785
s44-127-5,u005,2025-07-02,regular,empirical,30,0.0011634671320535084,0,1.353655767368816e-06,0.0011641444853737134
s44-127-5,u005,2025-07-02,regular,empirical,60,0.004072134962187279,0,1.6582283150267994e-05,0.004080448681161805
s44-127-5,u005,2025-07-02,regular,empirical,120,0.018615474112856356,0,0.0003465358764464251,0.018790922836881
s44-127-5,u005,2025-07-02,regular,hazard,30,0.004068675800437682,0,1.6554122769067215e-05,0.004076975381675284
s44-127-5,u005,2025-07-02,regular,hazard,60,0.010740865931272547,0,0.00011536620095357128,0.01079896543223766
s44-127-5,u005,2025-07-02,regular,hazard,120,0.039384934559176465,0,0.0015511730702306126,0.04018150650897461
s44-127-5,u005,2025-07-02,regular,hazard_cal,30,0.007613274918874091,0,5.79619549903573e-05,0.007642403834847214
s44-127-5,u005,2025-07-02,regular,hazard_cal,60,0.01950902095370366,0,0.00038060189857204847,0.019701833748797713
s44-127-5,u005,2025-07-02,regular,hazard_cal,120,0.0664565835774833,0,0.004416477500791023,0.06876780779156007
s44-127-24,u024,2025-07-02,variable,empirical,30,0.0011634671320535084,0,1.353655767368816e-06,0.0011641444853737134
s44-127-24,u024,2025-07-02,variable,empirical,60,0.004072134962187279,0,1.6582283150267994e-05,0.004080448681161805
s44-127-24,u024,2025-07-02,variable,empirical,120,0.018615474112856356,0,0.0003465358764464251,0.018790922836881
s44-127-24,u024,2025-07-02,variable,hazard,30,0.0017740422581388193,0,3.147225933662281e-06,0.0017756177346893618
s44-127-24,u024,2025-07-02,variable,hazard,60,0.0046932628743689975,0,2.2026716407930343e-05,0.004704310813381009
s44-127-24,u024,2025-07-02,variable,hazard,120,0.017369563962238543,0,0.00030170175223829594,0.017522184724494322
s44-127-24,u024,2025-07-02,variable,hazard_cal,30,0.003572741102095267,0,1.2764478982600904e-05,0.0035791385838292215
s44-127-24,u024,2025-07-02,variable,hazard_cal,60,0.009187777619410586,0,8.441525758374207e-05,0.009230245572419861
s44-127-24,u024,2025-07-02,variable,hazard_cal,120,0.031750245017406975,0,0.0010080780586653765,0.032265213639109176
s44-127-38,u038,2025-07-02,regular,empirical,30,0.0011634671320535084,0,1.353655767368816e-06,0.0011641444853737134
s44-127-38,u038,2025-07-02,regular,empirical,60,0.004072134962187279,0,1.6582283150267994e-05,0.004080448681161805
s44-127-38,u038,2025-07-02,regular,empirical,120,0.018615474112856356,0,0.0003465358764464251,0.018790922836881
s44-127-38,u038,2025-07-02,regular,hazard,30,0.0006737067713545875,0,4.538808137690224e-07,0.0006739338137405276
s44-127-38,u038,2025-07-02,regular,hazard,60,0.0017841246256731225,0,3.1831006799332593e-06,0.0017857180715658454
s44-127-38,u038,2025-07-02,regular,hazard,120,0.0066324843840797065,0,4.398984910506117e-05,0.0066545770489858744
s44-127-38,u038,2025-07-02,regular,hazard_cal,30,0.0014769003616433851,0,2.1812346782223616e-06,0.0014779920539954446
s44-127-38,u038,2025-07-02,regular,hazard_cal,60,0.003805057090762176,0,1.4478459463959515e-05,0.0038123147368489202
s44-127-38,u038,2025-07-02,regular,hazard_cal,120,0.013248035810285108,0,0.0001755104528305966,0.013336573876464601
s44-127-41,u041,2025-07-02,regular,empirical,30,0.0011634671320535084,0,1.353655767368816e-06,0.0011641444853737134
s44-127-41,u041,2025-07-02,regular,empirical,60,0.004072134962187279,0,1.6582283150267994e-05,0.004080448681161805
s44-127-41,u041,2025-07-02,regular,empirical,120,0.018615474112856356,0,0.0003465358764464251,0.018790922836881
s44-127-41,u041,2025-07-02,regular,hazard,30,0.0021441760986002922,0,4.59749114180877e-06,0.0021464781354080483
s44-127-41,u041,2025-07-02,regular,hazard,60,0.005670511339667117,0,3.215469885329336e-05,0.005686649726614563
s44-127-41,u041,2025-07-02,regular,hazard,120,0.02095491083251677,0,0.0004391082879987287,0.02117758116133673
s44-127-41,u041,2025-07-02,regular,hazard_cal,30,0.004246655652570208,0,1.8034084231506502e-05,0.004255698304452131
s44-127-41,u041,2025-07-02,regular,hazard_cal,60,0.010914361922779392,0,0.00011912329618141666,0.010974360534642815
s44-127-41,u041,2025-07-02,regular,hazard_cal,120,0.03762631164852326,0,0.001415739328271797,0.038352454313568415
s44-127-55,u055,2025-07-02,new,empirical,30,0.0011634671320535084,0,1.353655767368816e-06,0.0011641444853737134
s44-127-55,u055,2025-07-02,new,empirical,60,0.004072134962187279,0,1.6582283150267994e-05,0.004080448681161805
s44-127-55,u055,2025-07-02,new,empirical,120,0.018615474112856356,0,0.0003465358764464251,0.018790922836881
s44-127-55,u055,2025-07-02,new,hazard,30,0.0013595268829533769,0,1.848313345472925e-06,0.0013604518780916692
s44-127-55,u055,2025-07-02,new,hazard,60,0.0035980379852341704,0,1.2945877343187968e-05,0.00360452649251181
s44-127-55,u055,2025-07-02,new,hazard,120,0.013338558344903162,0,0.00017791713872038578,0.013428315965996817
s44-127-55,u055,2025-07-02,new,hazard_cal,30,0.0028027352662556293,0,7.855324972713014e-06,0.002806670283001965
s44-127-55,u055,2025-07-02,new,hazard_cal,60,0.007212491876754323,0,5.20200390722471e-05,0.007238627641441772
s44-127-55,u055,2025-07-02,new,hazard_cal,120,0.024992848150657165,0,0.0006246424586818073,0.02531047278109733
s44-127-9,u009,2025-07-02,variable,empirical,30,0.0011634671320535084,0,1.353655767368816e-06,0.0011641444853737134
s44-127-9,u009,2025-07-02,variable,empirical,60,0.004072134962187279,0,1.6582283150267994e-05,0.004080448681161805
s44-127-9,u009,2025-07-02,variable,empirical,120,0.018615474112856356,0,0.0003465358764464251,0.018790922836881
s44-127-9,u009,2025-07-02,variable,hazard,30,0.0005395324032201332,0,2.9109521412449236e-07,0.0005396780032001555
s44-127-9,u009,2025-07-02,variable,hazard,60,0.001428979069168168,0,2.0419811801207242e-06,0.0014300010334512988
s44-127-9,u009,2025-07-02,variable,hazard,120,0.005315124725084774,0,2.82505508432075e-05,0.005329300252615713
s44-127-9,u009,2025-07-02,variable,hazard_cal,30,0.0012059113781691666,0,1.4542222519978587e-06,0.0012066390743787534
s44-127-9,u009,2025-07-02,variable,hazard_cal,60,0.0031076273267606203,0,9.657347602029359e-06,0.0031124660277482797
s44-127-9,u009,2025-07-02,variable,hazard_cal,120,0.010830311575563134,0,0.00011729564882377682,0.01088938631908949
s44-127-37,u037,2025-07-02,variable,empirical,30,0.0011634671320535084,0,1.353655767368816e-06,0.0011641444853737134
s44-127-37,u037,2025-07-02,variable,empirical,60,0.004072134962187279,0,1.6582283150267994e-05,0.004080448681161805
s44-127-37,u037,2025-07-02,variable,empirical,120,0.018615474112856356,1,0.9631155876507337,3.9837621025831202
s44-127-37,u037,2025-07-02,variable,hazard,30,0.0025451426904533614,0,6.477751314768175e-06,0.0025483870722229356
s44-127-37,u037,2025-07-02,variable,hazard,60,0.0067284082052093686,0,4.527147697592876e-05,0.006751145993839909
s44-127-37,u037,2025-07-02,variable,hazard,120,0.024824010415851916,1,0.9509682106614225,3.69594393224817
s44-127-37,u037,2025-07-02,variable,hazard_cal,30,0.004965042137560438,0,2.4651643427750724e-05,0.004977408910622283
s44-127-37,u037,2025-07-02,variable,hazard_cal,60,0.012752625078430446,0,0.00016262944639101315,0.01283463779934429
s44-127-37,u037,2025-07-02,variable,hazard_cal,120,0.04385128184183085,1,0.91422037123551,3.126951328166327
s44-127-14,u014,2025-07-02,variable,empirical,30,0.0011634671320535084,0,1.353655767368816e-06,0.0011641444853737134
s44-127-14,u014,2025-07-02,variable,empirical,60,0.004072134962187279,0,1.6582283150267994e-05,0.004080448681161805
s44-127-14,u014,2025-07-02,variable,empirical,120,0.018615474112856356,1,0.9631155876507337,3.9837621025831202
s44-127-14,u014,2025-07-02,variable,hazard,30,0.002013998740293177,0,4.056190925902504e-06,0.0020160295629304092
s44-127-14,u014,2025-07-02,variable,hazard,60,0.005326886253725127,0,2.837571716012572e-05,0.005341124699201395
s44-127-14,u014,2025-07-02,variable,hazard,120,0.019695441241803224,1,0.9609970279221028,3.92736807906292
s44-127-14,u014,2025-07-02,variable,hazard_cal,30,0.004010923410150968,0,1.608750660209707e-05,0.004018988736947906
s44-127-14,u014,2025-07-02,variable,hazard_cal,60,0.010310643992309854,0,0.00010630937953615527,0.010364166903728348
s44-127-14,u014,2025-07-02,variable,hazard_cal,120,0.03557491511043709,1,0.9301157443642406,3.336114521223064
s44-127-16,u016,2025-07-02,regular,empirical,30,0.0011634671320535084,0,1.353655767368816e-06,0.0011641444853737134
s44-127-16,u016,2025-07-02,regular,empirical,60,0.004072134962187279,0,1.6582283150267994e-05,0.004080448681161805
s44-127-16,u016,2025-07-02,regular,empirical,120,0.018615474112856356,0,0.0003465358764464251,0.018790922836881
s44-127-16,u016,2025-07-02,regular,hazard,30,0.002223055061966406,0,4.94197380853446e-06,0.0022255297170806253
s44-127-16,u016,2025-07-02,regular,hazard,60,0.005878685234924408,0,3.455894009131824e-05,0.0058960327253382225
s44-127-16,u016,2025-07-02,regular,hazard,120,0.021717271443555175,0,0.0004716398789530571,0.02195656222182733
s44-127-16,u016,2025-07-02,regular,hazard_cal,30,0.004388866693443738,0,1.926215085281977e-05,0.004398526041625412
s44-127-16,u016,2025-07-02,regular,hazard_cal,60,0.011278447607939612,0,0.00012720338044503878,0.011342531599069457
s44-127-16,u016,2025-07-02,regular,hazard_cal,120,0.038861775937998,0,0.0015102376290551604,0.0396370467836189
s44-127-51,u051,2025-07-02,regular,empirical,30,0.0011634671320535084,0,1.353655767368816e-06,0.0011641444853737134
s44-127-51,u051,2025-07-02,regular,empirical,60,0.004072134962187279,0,1.6582283150267994e-05,0.004080448681161805
s44-127-51,u051,2025-07-02,regular,empirical,120,0.018615474112856356,0,0.0003465358764464251,0.018790922836881
s44-127-51,u051,2025-07-02,regular,hazard,30,0.0005791526957271698,0,3.354178449680477e-07,0.0005793204694305095
s44-127-51,u051,2025-07-02,regular,hazard,60,0.0015338590528032325,0,2.35272359386643e-06,0.001535036618901154
s44-127-51,u051,2025-07-02,regular,hazard,120,0.005704310925589096,0,3.253916313579512e-05,0.005720642644237918
s44-127-51,u051,2025-07-02,regular,hazard_cal,30,0.0012864890886014058,0,1.6550541750904756e-06,0.0012873173261108367
s44-127-51,u051,2025-07-02,regular,hazard_cal,60,0.0033150406143972466,0,1.0989494275103275e-05,0.0033205475353472883
s44-127-51,u051,2025-07-02,regular,hazard_cal,120,0.011549826401809793,0,0.00013339848991194254,0.011617043713527751
s44-127-3,u003,2025-07-02,variable,empirical,30,0.0011634671320535084,0,1.353655767368816e-06,0.0011641444853737134
s44-127-3,u003,2025-07-02,variable,empirical,60,0.004072134962187279,0,1.6582283150267994e-05,0.004080448681161805
s44-127-3,u003,2025-07-02,variable,empirical,120,0.018615474112856356,0,0.0003465358764464251,0.018790922836881
s44-127-3,u003,2025-07-02,variable,hazard,30,0.0005037463635115813,0,2.5376039875114223e-07,0.0005038732863373546
s44-127-3,u003,2025-07-02,variable,hazard,60,0.001334242214287129,0,1.7802022863858213e-06,0.0013351331079637955
s44-127-3,u003,2025-07-02,variable,hazard,120,0.004963469664816866,0,2.4636031113557256e-05,0.0049758285927765196
s44-127-3,u003,2025-07-02,variable,hazard_cal,30,0.0011326851296223905,0,1.2829756028676917e-06,0.0011333271022381667
s44-127-3,u003,2025-07-02,variable,hazard_cal,60,0.0029191117466521588,0,8.521213389442618e-06,0.0029233806630001784
s44-127-3,u003,2025-07-02,variable,hazard_cal,120,0.010175991399346329,0,0.00010355080095957046,0.010228120746547843
s44-127-36,u036,2025-07-02,variable,empirical,30,0.0011634671320535084,0,1.353655767368816e-06,0.0011641444853737134
s44-127-36,u036,2025-07-02,variable,empirical,60,0.004072134962187279,0,1.6582283150267994e-05,0.004080448681161805
s44-127-36,u036,2025-07-02,variable,empirical,120,0.018615474112856356,0,0.0003465358764464251,0.018790922836881
s44-127-36,u036,2025-07-02,variable,hazard,30,0.000877077876096255,0,7.692656007375177e-07,0.0008774627339466165
s44-127-36,u036,2025-07-02,variable,hazard,60,0.0023222581241597595,0,5.392882795226005e-06,0.0023249587473969974
s44-127-36,u036,2025-07-02,variable,hazard,120,0.008625874742794526,0,7.440571507838053e-05,0.00866329293213256
s44-127-36,u036,2025-07-02,variable,hazard_cal,30,0.0018789141489469197,0,3.5303183791129275e-06,0.0018806815223120048
s44-127-36,u036,2025-07-02,variable,hazard_cal,60,0.004839085336138971,0,2.3416746890435215e-05,0.004850831619081875
s44-127-36,u036,2025-07-02,variable,hazard_cal,120,0.016823967525100847,0,0.0002830458832856479,0.016967098087141207
s44-127-45,u045,2025-07-02,variable,empirical,30,0.0011634671320535084,0,1.353655767368816e-06,0.0011641444853737134
s44-127-45,u045,2025-07-02,variable,empirical,60,0.004072134962187279,0,1.6582283150267994e-05,0.004080448681161805
s44-127-45,u045,2025-07-02,variable,empirical,120,0.018615474112856356,0,0.0003465358764464251,0.018790922836881
s44-127-45,u045,2025-07-02,variable,hazard,30,0.0018830067284957286,0,3.5457143395601863e-06,0.0018847818143479262
s44-127-45,u045,2025-07-02,variable,hazard,60,0.004981026867012406,0,2.4810628649899425e-05,0.004993473529980931
s44-127-45,u045,2025-07-02,variable,hazard,120,0.018426437397213613,0,0.0003395335951534324,0.018598318911880702
s44-127-45,u045,2025-07-02,variable,hazard_cal,30,0.0037723359795994726,0,1.4230518742980713e-05,0.0037794691838504337
s44-127-45,u045,2025-07-02,variable,hazard_cal,60,0.009699358142233994,0,9.407754837132087e-05,0.0097467033103198
s44-127-45,u045,2025-07-02,variable,hazard_cal,120,0.033494265203494744,0,0.0011218658015220387,0.03406804678021664
s44-127-8,u008,2025-07-02,regular,empirical,30,0.0011634671320535084,0,1.353655767368816e-06,0.0011641444853737134
s44-127-8,u008,2025-07-02,regular,empirical,60,0.004072134962187279,0,1.6582283150267994e-05,0.004080448681161805
s44-127-8,u008,2025-07-02,regular,empirical,120,0.018615474112856356,0,0.0003465358764464251,0.018790922836881
s44-127-8,u008,2025-07-02,regular,hazard,30,0.003193020171941674,0,1.0195377818426437e-05,0.0031981287382528882
s44-127-8,u008,2025-07-02,regular,hazard,60,0.00843608161715037,0,7.116747305122241e-05,0.008471866753354611
s44-127-8,u008,2025-07-02,regular,hazard,120,0.031043045100248245,0,0.0009636706490960466,0.03153509026614412
s44-127-8,u008,2025-07-02,regular,hazard_cal,30,0.006105008139457246,0,3.727112438283923e-05,0.006123719897476898
s44-127-8,u008,2025-07-02,regular,hazard_cal,60,0.01566487806415262,0,0.00024538840476476996,0.015788868838031787
s44-127-8,u008,2025-07-02,regular,hazard_cal,120,0.05364764747970008,0,0.0028780700801061703,0.05514031361209674
s44-127-1,u001,2025-07-02,regular,empirical,30,0.0011634671320535084,0,1.353655767368816e-06,0.0011641444853737134
s44-127-1,u001,2025-07-02,regular,empirical,60,0.004072134962187279,0,1.6582283150267994e-05,0.004080448681161805
s44-127-1,u001,2025-07-02,regular,empirical,120,0.018615474112856356,0,0.0003465358764464251,0.018790922836881
s44-127-1,u001,2025-07-02,regular,hazard,30,0.0005215726650302788,0,2.720380449067874e-07,0.0005217087313671104
s44-127-1,u001,2025-07-02,regular,hazard,60,0.0013814348038958535,0,1.908362117414775e-06,0.0013823898646253122
s44-127-1,u001,2025-07-02,regular,hazard,120,0.005138657285397419,0,2.640579869676797e-05,0.005151905589898655
s44-127-1,u001,2025-07-02,regular,hazard_cal,30,0.0011692167689650868,0,1.367067852829157e-06,0.00116990083615871
s44-127-1,u001,2025-07-02,regular,hazard_cal,60,0.003013162798184865,0,9.079150048365247e-06,0.0030177115128523116
s44-127-1,u001,2025-07-02,regular,hazard_cal,120,0.010502476936725458,0,0.00011030202180645016,0.010558017163190835
s44-127-6,u006,2025-07-02,variable,empirical,30,0.0011634671320535084,0,1.353655767368816e-06,0.0011641444853737134
s44-127-6,u006,2025-07-02,variable,empirical,60,0.004072134962187279,0,1.6582283150267994e-05,0.004080448681161805
s44-127-6,u006,2025-07-02,variable,empirical,120,0.018615474112856356,0,0.0003465358764464251,0.018790922836881
s44-127-6,u006,2025-07-02,variable,hazard,30,0.0003342829759901411,0,1.1174510803682527e-07,0.00033433886099877786
s44-127-6,u006,2025-07-02,variable,hazard,60,0.0008855341003191075,0,7.841706428279712e-07,0.0008859264172643096
s44-127-6,u006,2025-07-02,variable,hazard,120,0.0032965136216684954,0,1.086700205784594e-05,0.003301959093371861
s44-127-6,u006,2025-07-02,variable,hazard_cal,30,0.0007789859619102835,0,6.068191288532897e-07,0.0007792895291346858
s44-127-6,u006,2025-07-02,variable,hazard_cal,60,0.002008196991386546,0,4.032855156213975e-06,0.0020102161226263735
s44-127-6,u006,2025-07-02,variable,hazard_cal,120,0.007009437434302712,0,4.913221314540419e-05,0.0070341189441643645
s44-127-19,u019,2025-07-02,variable,empirical,30,0.0011634671320535084,0,1.353655767368816e-06,0.0011641444853737134
s44-127-19,u019,2025-07-02,variable,empirical,60,0.004072134962187279,0,1.6582283150267994e-05,0.004080448681161805
s44-127-19,u019,2025-07-02,variable,empirical,120,0.018615474112856356,0,0.0003465358764464251,0.018790922836881
s44-127-19,u019,2025-07-02,variable,hazard,30,0.0005521047803513923,0,3.0481968848685916e-07,0.0005522572463163438
s44-127-19,u019,2025-07-02,variable,hazard,60,0.001462260595404774,0,2.1382060488735244e-06,0.0014633307417783474
s44-127-19,u019,2025-07-02,variable,hazard,120,0.00543863861256888,0,2.9578789958125152e-05,0.0054534818500131975
s44-127-19,u019,2025-07-02,variable,hazard_cal,30,0.0012315348994698105,0,1.5166782086121164e-06,0.0012322938617638105
s44-127-19,u019,2025-07-02,variable,hazard_cal,60,0.0031735874529718044,0,1.0071657321660065e-05,0.003178633961485196
s44-127-19,u019,2025-07-02,variable,hazard_cal,120,0.011059171818534441,0,0.00012230528131186637,0.011120779097269691
s44-127-33,u033,2025-07-02,variable,empirical,30,0.0011634671320535084,0,1.353655767368816e-06,0.0011641444853737134
s44-127-33,u033,2025-07-02,variable,empirical,60,0.004072134962187279,0,1.6582283150267994e-05,0.004080448681161805
s44-127-33,u033,2025-07-02,variable,empirical,120,0.018615474112856356,0,0.0003465358764464251,0.018790922836881
s44-127-33,u033,2025-07-02,variable,hazard,30,0.000576041075448841,0,3.318233206042573e-07,0.0005762070508513033
s44-127-33,u033,2025-07-02,variable,hazard,60,0.0015256224748573244,0,2.3275239357897873e-06,0.0015267874218221587
s44-127-33,u033,2025-07-02,variable,hazard,120,0.005673751358503565,0,3.219145447812105e-05,0.005689908228099437
s44-127-33,u033,2025-07-02,variable,hazard_cal,30,0.001280178755054262,0,1.6388576448922802e-06,0.0012809988838924401
s44-127-33,u033,2025-07-02,variable,hazard_cal,60,0.0032987983876738847,0,1.0882070802519821e-05,0.0033042514186775607
s44-127-33,u033,2025-07-02,variable,hazard_cal,120,0.011493497290930743,0,0.00013210047997663232,0.011560058032891077
s44-127-18,u018,2025-07-02,regular,empirical,30,0.0011634671320535084,0,1.353655767368816e-06,0.0011641444853737134
s44-127-18,u018,2025-07-02,regular,empirical,60,0.004072134962187279,0,1.6582283150267994e-05,0.004080448681161805
s44-127-18,u018,2025-07-02,regular,empirical,120,0.018615474112856356,0,0.0003465358764464251,0.018790922836881
s44-127-18,u018,2025-07-02,regular,hazard,30,0.0016352618906382288,0,2.6740814509737146e-06,0.0016366003907615652
s44-127-18,u018,2025-07-02,regular,hazard,60,0.004326673823401128,0,1.8720106374104536e-05,0.004336060963101197
s44-127-18,u018,2025-07-02,regular,hazard,120,0.016021833729250257,0,0.0002566991560477412,0.016151570925295632
s44-127-18,u018,2025-07-02,regular,hazard_cal,30,0.00331693383842524,0,1.1002050088490397e-05,0.0033224470581686943
s44-127-18,u018,2025-07-02,regular,hazard_cal,60,0.008531856096627322,0,7.27925684535568e-05,0.008568460733222996
s44-127-18,u018,2025-07-02,regular,hazard_cal,120,0.029510496932659502,0,0.000870869429212506,0.029954692436366642
s44-127-27,u027,2025-07-02,regular,empirical,30,0.0011634671320535084,0,1.353655767368816e-06,0.0011641444853737134
s44-127-27,u027,2025-07-02,regular,empirical,60,0.004072134962187279,0,1.6582283150267994e-05,0.004080448681161805
s44-127-27,u027,2025-07-02,regular,empirical,120,0.018615474112856356,0,0.0003465358764464251,0.018790922836881
s44-127-27,u027,2025-07-02,regular,hazard,30,0.001343969941621448,0,1.806255203981958e-06,0.0013448738792241899
s44-127-27,u027,2025-07-02,regular,hazard,60,0.0035569173052631964,0,1.26516607164808e-05,0.00356325817605542
s44-127-27,u027,2025-07-02,regular,hazard,120,0.013186948044142222,0,0.00017389559871890635,0.013274667868136887
s44-127-27,u027,2025-07-02,regular,hazard_cal,30,0.0027734635278047204,0,7.692099940063005e-06,0.0027773167038526274
s44-127-27,u027,2025-07-02,regular,hazard_cal,60,0.0071373485562881145,0,5.094174441394803e-05,0.007162941277315609
s44-127-27,u027,2025-07-02,regular,hazard_cal,120,0.02473504694205575,0,0.0006118225472257015,0.02504609817464698
s44-127-13,u013,2025-07-02,regular,empirical,30,0.0011634671320535084,0,1.353655767368816e-06,0.0011641444853737134
s44-127-13,u013,2025-07-02,regular,empirical,60,0.004072134962187279,0,1.6582283150267994e-05,0.004080448681161805
s44-127-13,u013,2025-07-02,regular,empirical,120,0.018615474112856356,0,0.0003465358764464251,0.018790922836881
s44-127-13,u013,2025-07-02,regular,hazard,30,0.0020186180479974114,0,4.07481882370088e-06,0.002020658203401287
s44-127-13,u013,2025-07-02,regular,hazard,60,0.00533908111730963,0,2.8505787177212244e-05,0.005353384946484793
s44-127-13,u013,2025-07-02,regular,hazard,120,0.01974016117486299,0,0.00038967396320956825,0.019937600803053936
s44-127-13,u013,2025-07-02,regular,hazard_cal,30,0.004019311139738191,0,1.6154862038023515e-05,0.004027410280018242
s44-127-13,u013,2025-07-02,regular,hazard_cal,60,0.01033212954833529,0,0.0001067529010035832,0.010385876533237432
s44-127-13,u013,2025-07-02,regular,hazard_cal,120,0.03564798127667279,0,0.001270778569102014,0.03629888637722161
s44-128-56,u056,2025-07-03,new,empirical,30,0.0011634671320535084,0,1.353655767368816e-06,0.0011641444853737134
s44-128-56,u056,2025-07-03,new,empirical,60,0.004072134962187279,0,1.6582283150267994e-05,0.004080448681161805
s44-128-56,u056,2025-07-03,new,empirical,120,0.018615474112856356,0,0.0003465358764464251,0.018790922836881
s44-128-56,u056,2025-07-03,new,hazard,30,0.0027910933027057716,0,7.790201824409012e-06,0.002794995666550456
s44-128-56,u056,2025-07-03,new,hazard,60,0.007376926186254296,0,5.4419039957444344e-05,0.007404270266067576
s44-128-56,u056,2025-07-03,new,hazard,120,0.02718964670074875,0,0.0007392768877115373,0.027566125043921082
s44-128-56,u056,2025-07-03,new,hazard_cal,30,0.005400570630371249,0,2.9166163133628505e-05,0.005415206430168641
s44-128-56,u056,2025-07-03,new,hazard_cal,60,0.013865954825084126,0,0.00019226470321127376,0.013962985166393625
s44-128-56,u056,2025-07-03,new,hazard_cal,120,0.0476058097563985,0,0.0022663131225624062,0.04877626451025114
s44-128-54,u054,2025-07-03,new,empirical,30,0.0011634671320535084,0,1.353655767368816e-06,0.0011641444853737134
s44-128-54,u054,2025-07-03,new,empirical,60,0.004072134962187279,0,1.6582283150267994e-05,0.004080448681161805
s44-128-54,u054,2025-07-03,new,empirical,120,0.018615474112856356,0,0.0003465358764464251,0.018790922836881
s44-128-54,u054,2025-07-03,new,hazard,30,0.0006141474849624684,0,3.7717713328572536e-07,0.0006143361507788236
s44-128-54,u054,2025-07-03,new,hazard,60,0.0016264883233491068,0,2.6454642659909885e-06,0.0016278124915062484
s44-128-54,u054,2025-07-03,new,hazard,120,0.006047933255194482,0,3.6577496659287324e-05,0.006066296079048441
s44-128-54,u054,2025-07-03,new,hazard_cal,30,0.0013572573692099965,0,1.8421475662748409e-06,0.0013581792772652196
s44-128-54,u054,2025-07-03,new,hazard_cal,60,0.003497179394012062,0,1.2230263713902574e-05,0.003503308820510859
s44-128-54,u054,2025-07-03,new,hazard_cal,120,0.012181320853335675,0,0.0001483845777319106,0.012256121207606262
s44-128-12,u012,2025-07-03,variable,empirical,30,0.0011634671320535084,0,1.353655767368816e-06,0.0011641444853737134
s44-128-12,u012,2025-07-03,variable,empirical,60,0.004072134962187279,0,1.6582283150267994e-05,0.004080448681161805
s44-128-12,u012,2025-07-03,variable,empirical,120,0.018615474112856356,0,0.0003465358764464251,0.018790922836881
s44-128-12,u012,2025-07-03,variable,hazard,30,0.0004816798217702756,0,2.3201545070064445e-07,0.00048179586676147583
s44-128-12,u012,2025-07-03,variable,hazard,60,0.0012758220311341884,0,1.6277218551273659e-06,0.0012766365849525994
s44-128-12,u012,2025-07-03,variable,hazard,120,0.0047465679781834025,0,2.2529907571516072e-05,0.004757868705931404
s44-128-12,u012,2025-07-03,variable,hazard_cal,30,0.001087306299838997,0,1.182234989669571e-06,0.0010878978461674068
s44-128-12,u012,2025-07-03,variable,hazard_cal,60,0.002802275094148543,0,7.852745703285225e-06,0.0028062088176357995
s44-128-12,u012,2025-07-03,variable,hazard_cal,120,0.009770289388396414,0,9.545855473301157e-05,0.009818331847700515
s44-128-22,u022,2025-07-03,regular,empirical,30,0.0011634671320535084,0,1.353655767368816e-06,0.0011641444853737134
s44-128-22,u022,2025-07-03,regular,empirical,60,0.004072134962187279,0,1.6582283150267994e-05,0.004080448681161805
s44-128-22,u022,2025-07-03,regular,empirical,120,0.018615474112856356,0,0.0003465358764464251,0.018790922836881
s44-128-22,u022,2025-07-03,regular,hazard,30,0.0010267795738125862,0,1.0542762931987562e-06,0.0010273070730737431
s44-128-22,u022,2025-07-03,regular,hazard,60,0.0027182490039577845,0,7.388877647517488e-06,0.0027219501513966048
s44-128-22,u022,2025-07-03,regular,hazard,120,0.010090627906720995,0,0.00010182077155189652,0.010141883383970953
s44-128-22,u022,2025-07-03,regular,hazard_cal,30,0.002169488364040073,0,4.706679761705273e-06,0.0021718451131644226
s44-128-22,u022,2025-07-03,regular,hazard_cal,60,0.00558602167024802,0,3.120363810048048e-05,0.005601681835207431
s44-128-22,u022,2025-07-03,regular,hazard_cal,120,0.019400646247613063,0,0.00037638507482502283,0.019591308798071697
s44-128-5,u005,2025-07-03,regular,empirical,30,0.0011634671320535084,0,1.353655767368816e-06,0.0011641444853737134
s44-128-5,u005,2025-07-03,regular,empirical,60,0.004072134962187279,0,1.6582283150267994e-05,0.004080448681161805
s44-128-5,u005,2025-07-03,regular,empirical,120,0.018615474112856356,0,0.0003465358764464251,0.018790922836881
s44-128-5,u005,2025-07-03,regular,hazard,30,0.002665675866615258,0,7.105827825855007e-06,0.002669235107122945
s44-128-5,u005,2025-07-03,regular,hazard,60,0.007046264869284058,0,4.964984860810668e-05,0.007071207028687465
s44-128-5,u005,2025-07-03,regular,hazard,120,0.025984064582727284,0,0.0006751716122393425,0.02632761467541708
s44-128-5,u005,2025-07-03,regular,hazard_cal,30,0.005178933972334709,0,2.682135708980257e-05,0.005192391133486742
s44-128-5,u005,2025-07-03,regular,hazard_cal,60,0.013299497979957775,0,0.00017687664651890093,0.013388728332237403
s44-128-5,u005,2025-07-03,regular,hazard_cal,120,0.045696989728643556,0,0.0020882148702597546,0.0467740371351538
s44-128-53,u053,2025-07-03,regular,empirical,30,0.0011634671320535084,0,1.353655767368816e-06,0.0011641444853737134
s44-128-53,u053,2025-07-03,regular,empirical,60,0.004072134962187279,0,1.6582283150267994e-05,0.004080448681161805
s44-128-53,u053,2025-07-03,regular,empirical,120,0.018615474112856356,0,0.0003465358764464251,0.018790922836881
s44-128-53,u053,2025-07-03,regular,hazard,30,0.003172440879951055,0,1.0064381136784624e-05,0.0031774837387915445
s44-128-53,u053,2025-07-03,regular,hazard,60,0.008381870400124836,0,7.025575140448887e-05,0.008417195809661689
s44-128-53,u053,2025-07-03,regular,hazard,120,0.03084612001897047,0,0.0009514831202247307,0.031331876829212305
s44-128-53,u053,2025-07-03,regular,hazard_cal,30,0.0060691434387528664,0,3.683450208015697e-05,0.006087635548602226
s44-128-53,u053,2025-07-03,regular,hazard_cal,60,0.015573344382683207,0,0.00024252905526165062,0.015695882797182165
s44-128-53,u053,2025-07-03,regular,hazard_cal,120,0.053340960405750315,0,0.0028452580570078228,0.054816293294088596
s44-128-36,u036,2025-07-03,variable,empirical,30,0.0011634671320535084,0,1.353655767368816e-06,0.0011641444853737134
s44-128-36,u036,2025-07-03,variable,empirical,60,0.004072134962187279,0,1.6582283150267994e-05,0.004080448681161805
s44-128-36,u036,2025-07-03,variable,empirical,120,0.018615474112856356,0,0.0003465358764464251,0.018790922836881
s44-128-36,u036,2025-07-03,variable,hazard,30,0.0005783603100476542,0,3.345006482384187e-07,0.0005785276248870586
s44-128-36,u036,2025-07-03,variable,hazard,60,0.0015317615821025532,0,2.346293544405317e-06,0.0015329359282401551
s44-128-36,u036,2025-07-03,variable,hazard,120,0.00569652890824035,0,3.2450441602418e-05,0.005712816011797688
s44-128-36,u036,2025-07-03,variable,hazard_cal,30,0.001284882421493272,0,1.6509228370624141e-06,0.0012857085906744683
s44-128-36,u036,2025-07-03,variable,hazard_cal,60,0.00331090521598032,0,1.096209334920569e-05,0.003316398390927271
s44-128-36,u036,2025-07-03,variable,hazard_cal,120,0.011535484810292873,0,0.0001330674098084976,0.011602534648874117
s44-128-45,u045,2025-07-03,variable,empirical,30,0.0011634671320535084,0,1.353655767368816e-06,0.0011641444853737134
s44-128-45,u045,2025-07-03,variable,empirical,60,0.004072134962187279,0,1.6582283150267994e-05,0.004080448681161805
s44-128-45,u045,2025-07-03,variable,empirical,120,0.018615474112856356,0,0.0003465358764464251,0.018790922836881
s44-128-45,u045,2025-07-03,variable,hazard,30,0.0012420082935993282,0,1.542584601369515e-06,0.0012427802251297859
s44-128-45,u045,2025-07-03,variable,hazard,60,0.003287379117400402,0,1.0806861461520245e-05,0.0032927944194887865
s44-128-45,u045,2025-07-03,variable,hazard,120,0.01219269698796177,0,0.00014866185984025205,0.012267637693751875
s44-128-45,u045,2025-07-03,variable,hazard_cal,30,0.002580852071542128,0,6.660797415183293e-06,0.0025841882115418273
s44-128-45,u045,2025-07-03,variable,hazard_cal,60,0.006642800034438845,0,4.4126792297540716e-05,0.0066649616284682025
s44-128-45,u045,2025-07-03,variable,hazard_cal,120,0.02303700102702888,0,0.0005307034163193297,0.02330649974150333
s44-128-52,u052,2025-07-03,regular,empirical,30,0.0011634671320535084,0,1.353655767368816e-06,0.0011641444853737134
s44-128-52,u052,2025-07-03,regular,empirical,60,0.004072134962187279,0,1.6582283150267994e-05,0.004080448681161805
s44-128-52,u052,2025-07-03,regular,empirical,120,0.018615474112856356,0,0.0003465358764464251,0.018790922836881
s44-128-52,u052,2025-07-03,regular,hazard,30,0.0005509947327972942,0,3.035951955703616e-07,0.0005511465861779166
s44-128-52,u052,2025-07-03,regular,hazard,60,0.0014593221150011049,0,2.129621035331298e-06,0.001460387962588275
s44-128-52,u052,2025-07-03,regular,hazard,120,0.0054277338773395245,0,2.9460295043219147e-05,0.005442517543665298
s44-128-52,u052,2025-07-03,regular,hazard_cal,30,0.001229274608071429,0,1.5111160620491652e-06,0.0012300307858660851
s44-128-52,u052,2025-07-03,regular,hazard_cal,60,0.00316776912545369,0,1.0034761232177636e-05,0.003172797127243457
s44-128-52,u052,2025-07-03,regular,hazard_cal,120,0.011038985803146328,0,0.0001218592075620662,0.011100367553120926
s44-128-32,u032,2025-07-03,regular,empirical,30,0.0011634671320535084,0,1.353655767368816e-06,0.0011641444853737134
s44-128-32,u032,2025-07-03,regular,empirical,60,0.004072134962187279,0,1.6582283150267994e-05,0.004080448681161805
s44-128-32,u032,2025-07-03,regular,empirical,120,0.018615474112856356,0,0.0003465358764464251,0.018790922836881
s44-128-32,u032,2025-07-03,regular,hazard,30,0.0054116129174801575,0,2.92855543686381e-05,0.005426308737369292
s44-128-32,u032,2025-07-03,regular,hazard,60,0.014268281217122314,0,0.00020358384889088542,0.01437105188673017
s44-128-32,u032,2025-07-03,regular,hazard,120,0.0520376957993719,0,0.0027079217841079676,0.053440541019151376
s44-128-32,u032,2025-07-03,regular,hazard_cal,30,0.009870878934119642,0,9.743425093204693e-05,0.009919919039072828
s44-128-32,u032,2025-07-03,regular,hazard_cal,60,0.025243884888343837,0,0.0006372537242559543,0.025567977621123485
s44-128-32,u032,2025-07-03,regular,hazard_cal,120,0.08530954653833911,0,0.007277718730577047,0.0891695731714167
s44-128-39,u039,2025-07-03,variable,empirical,30,0.0011634671320535084,0,1.353655767368816e-06,0.0011641444853737134
s44-128-39,u039,2025-07-03,variable,empirical,60,0.004072134962187279,0,1.6582283150267994e-05,0.004080448681161805
s44-128-39,u039,2025-07-03,variable,empirical,120,0.018615474112856356,0,0.0003465358764464251,0.018790922836881
s44-128-39,u039,2025-07-03,variable,hazard,30,0.0009450843143172794,0,8.931843611685621e-07,0.0009455311880756357
s44-128-39,u039,2025-07-03,variable,hazard,60,0.0025021623724661435,0,6.260816538185399e-06,0.0025052980124142033
s44-128-39,u039,2025-07-03,variable,hazard,120,0.009291553657302387,0,8.633296936652936e-05,0.009334989408428945
s44-128-39,u039,2025-07-03,variable,hazard_cal,30,0.002011417413466998,0,4.045800011198269e-06,0.002013443030168849
s44-128-39,u039,2025-07-03,variable,hazard_cal,60,0.005179739389747806,0,2.6829700145704976e-05,0.005193200744146024
s44-128-39,u039,2025-07-03,variable,hazard_cal,120,0.017999776131725764,0,0.00032399194079224455,0.018163742655931125
s44-128-44,u044,2025-07-03,variable,empirical,30,0.0011634671320535084,0,1.353655767368816e-06,0.0011641444853737134
s44-128-44,u044,2025-07-03,variable,empirical,60,0.004072134962187279,0,1.6582283150267994e-05,0.004080448681161805
s44-128-44,u044,2025-07-03,variable,empirical,120,0.018615474112856356,0,0.0003465358764464251,0.018790922836881
s44-128-44,u044,2025-07-03,variable,hazard,30,0.0011666418636027132,0,1.3610532379104116e-06,0.0011673229199724462
s44-128-44,u044,2025-07-03,variable,hazard,60,0.0030881132576389136,0,9.536443492005223e-06,0.0030928913187163614
s44-128-44,u044,2025-07-03,variable,hazard,120,0.011457131259276943,0,0.00013126585669230085,0.011523269845218015
s44-128-44,u044,2025-07-03,variable,hazard_cal,30,0.0024375835745142904,0,5.941813682741865e-06,0.002440559318088341
s44-128-44,u044,2025-07-03,variable,hazard_cal,60,0.006274835430000403,0,3.937355967358834e-05,0.006294604953564688
s44-128-44,u044,2025-07-03,variable,hazard_cal,120,0.021772060280440653,0,0.0004740226088551415,0.022012568905346287
s44-128-9,u009,2025-07-03,variable,empirical,30,0.0011634671320535084,0,1.353655767368816e-06,0.0011641444853737134
s44-128-9,u009,2025-07-03,variable,empirical,60,0.004072134962187279,0,1.6582283150267994e-05,0.004080448681161805
s44-128-9,u009,2025-07-03,variable,empirical,120,0.018615474112856356,0,0.0003465358764464251,0.018790922836881
s44-128-9,u009,2025-07-03,variable,hazard,30,0.000427774480855736,0,1.8299100647139445e-07,0.0004278660024603069
s44-128-9,u009,2025-07-03,variable,hazard,60,0.0011330999888010673,0,1.2839155846209788e-06,0.0011337424319407732
s44-128-9,u009,2025-07-03,variable,hazard,120,0.004216507820315241,0,1.7778938198779582e-05,0.0042254223570487755
s44-128-9,u009,2025-07-03,variable,hazard_cal,30,0.0009756656844100986,0,9.519235277354261e-07,0.0009761419559870563
s44-128-9,u009,2025-07-03,variable,hazard_cal,60,0.002514794806386833,0,6.324192918230189e-06,0.002517962214214129
s44-128-9,u009,2025-07-03,variable,hazard_cal,120,0.008771483577724504,0,7.693892415429066e-05,0.008810179486332278
s44-128-17,u017,2025-07-03,variable,empirical,30,0.0011634671320535084,0,1.353655767368816e-06,0.0011641444853737134
s44-128-17,u017,2025-07-03,variable,empirical,60,0.004072134962187279,0,1.6582283150267994e-05,0.004080448681161805
s44-128-17,u017,2025-07-03,variable,empirical,120,0.018615474112856356,0,0.0003465358764464251,0.018790922836881
s44-128-17,u017,2025-07-03,variable,hazard,30,0.0014891252687646572,0,2.2174940660734126e-06,0.001490235117737296
s44-128-17,u017,2025-07-03,variable,hazard,60,0.003940551046508367,0,1.5527942550138188e-05,0.003948335474470094
s44-128-17,u017,2025-07-03,variable,hazard,120,0.014600646027941089,0,0.0002131788644332319,0.014708284472185909
s44-128-17,u017,2025-07-03,variable,hazard_cal,30,0.0030454651552619394,0,9.274858011914628e-06,0.003050112021245139
s44-128-17,u017,2025-07-03,variable,hazard_cal,60,0.007835453090853206,0,6.139432513896106e-05,0.007866311552468972
s44-128-17,u017,2025-07-03,variable,hazard_cal,120,0.027128014135474277,0,0.0007359291509344922,0.027502771880812685
s44-128-59,u059,2025-07-03,new,empirical,30,0.0011634671320535084,0,1.353655767368816e-06,0.0011641444853737134
s44-128-59,u059,2025-07-03,new,empirical,60,0.004072134962187279,0,1.6582283150267994e-05,0.004080448681161805
s44-128-59,u059,2025-07-03,new,empirical,120,0.018615474112856356,0,0.0003465358764464251,0.018790922836881
s44-128-59,u059,2025-07-03,new,hazard,30,0.0006104260929029603,0,3.726200148967736e-07,0.0006106124787641304
s44-128-59,u059,2025-07-03,new,hazard,60,0.0016166382903771703,0,2.61351936191362e-06,0.0016179464601397838
s44-128-59,u059,2025-07-03,new,hazard,120,0.006011397707464172,0,3.613690239730551e-05,0.006029538897807096
s44-128-59,u059,2025-07-03,new,hazard_cal,30,0.0013497489393653472,0,1.8218221993178798e-06,0.0013506606709631894
s44-128-59,u059,2025-07-03,new,hazard_cal,60,0.003477855763967419,0,1.20954807149614e-05,0.0034839175631145624
s44-128-59,u059,2025-07-03,new,hazard_cal,120,0.012114339000031116,0,0.0001467572094076749,0.012188315664065015
s44-128-14,u014,2025-07-03,variable,empirical,30,0.0011634671320535084,0,1.353655767368816e-06,0.0011641444853737134
s44-128-14,u014,2025-07-03,variable,empirical,60,0.004072134962187279,0,1.6582283150267994e-05,0.004080448681161805
s44-128-14,u014,2025-07-03,variable,empirical,120,0.018615474112856356,0,0.0003465358764464251,0.018790922836881
s44-128-14,u014,2025-07-03,variable,hazard,30,0.0028157210257100385,0,7.928284894625592e-06,0.0028196926251867495
s44-128-14,u014,2025-07-03,variable,hazard,60,0.00744184778136503,0,5.5381098401007615e-05,0.0074696764811602225
s44-128-14,u014,2025-07-03,variable,hazard,120,0.027426204944838162,0,0.0007521967176762652,0.027809324563620542
s44-128-14,u014,2025-07-03,variable,hazard_cal,30,0.005443985877438218,0,2.963698223374676e-05,0.005458858370207718
s44-128-14,u014,2025-07-03,variable,hazard_cal,60,0.01397688913625128,0,0.00019535342992705907,0.014075485644303795
s44-128-14,u014,2025-07-03,variable,hazard_cal,120,0.047979275811359745,0,0.0023020109073825304,0.04916847532200073
s44-128-25,u025,2025-07-03,variable,empirical,30,0.0011634671320535084,0,1.353655767368816e-06,0.0011641444853737134
s44-128-25,u025,2025-07-03,variable,empirical,60,0.004072134962187279,0,1.6582283150267994e-05,0.004080448681161805
s44-128-25,u025,2025-07-03,variable,empirical,120,0.018615474112856356,0,0.0003465358764464251,0.018790922836881
s44-128-25,u025,2025-07-03,variable,hazard,30,0.0009553339838789254,0,9.126630207539789e-07,0.0009557906062303667
s44-128-25,u025,2025-07-03,variable,hazard,60,0.0025292748813890986,0,6.397231425625839e-06,0.0025324789008060516
s44-128-25,u025,2025-07-03,variable,hazard,120,0.009391843048902504,0,8.820671585521829e-05,0.0094362245078765
s44-128-25,u025,2025-07-03,variable,hazard_cal,30,0.002031313476678065,0,4.126234440533927e-06,0.002033379392053589
s44-128-25,u025,2025-07-03,variable,hazard_cal,60,0.005230883523992813,0,2.736214244157947e-05,0.005244612492565361
s44-128-25,u025,2025-07-03,variable,hazard_cal,120,0.01817620970909939,0,0.0003303745993891589,0.018343426351187152
s44-128-3,u003,2025-07-03,variable,empirical,30,0.0011634671320535084,0,1.353655767368816e-06,0.0011641444853737134
s44-128-3,u003,2025-07-03,variable,empirical,60,0.004072134962187279,0,1.6582283150267994e-05,0.004080448681161805
s44-128-3,u003,2025-07-03,variable,empirical,120,0.018615474112856356,0,0.0003465358764464251,0.018790922836881
s44-128-3,u003,2025-07-03,variable,hazard,30,0.0012442959589479274,0,1.5482724334541423e-06,0.0012450707379342493
s44-128-3,u003,2025-07-03,variable,hazard,60,0.003293427178066355,0,1.0846662577226113e-05,0.003298862446409639
s44-128-3,u003,2025-07-03,variable,hazard,120,0.012215015627531689,0,0.00014920660678084338,0.012290232071866617
s44-128-3,u003,2025-07-03,variable,hazard_cal,30,0.002585188566507246,0,6.683199924399789e-06,0.002588535936769557
s44-128-3,u003,2025-07-03,variable,hazard_cal,60,0.006653936251727721,0,4.4274867642056356e-05,0.006676172378953582
s44-128-3,u003,2025-07-03,variable,hazard_cal,120,0.023075263380840427,0,0.0005324677800951551,0.023345665096932353
s44-128-10,u010,2025-07-03,variable,empirical,30,0.0011634671320535084,0,1.353655767368816e-06,0.0011641444853737134
s44-128-10,u010,2025-07-03,variable,empirical,60,0.004072134962187279,0,1.6582283150267994e-05,0.004080448681161805
s44-128-10,u010,2025-07-03,variable,empirical,120,0.018615474112856356,0,0.0003465358764464251,0.018790922836881
s44-128-10,u010,2025-07-03,variable,hazard,30,0.0014147721329146323,0,2.001580188071818e-06,0.0014157738679380079
s44-128-10,u010,2025-07-03,variable,hazard,60,0.0037440546647793393,0,1.4017945332855932e-05,0.0037510811813702737
s44-128-10,u010,2025-07-03,variable,hazard,120,0.013876761197512022,0,0.00019256450133277528,0.013973943546434399
s44-128-10,u010,2025-07-03,variable,hazard_cal,30,0.0029064465786772242,0,8.447431714704542e-06,0.002910678496418935
s44-128-10,u010,2025-07-03,variable,hazard_cal,60,0.007478697419665559,0,5.593091509491228e-05,0.007506803094118386
s44-128-10,u010,2025-07-03,variable,hazard_cal,120,0.02590570855359975,0,0.0006711057356640512,0.026247171558709113
s44-128-7,u007,2025-07-03,variable,empirical,30,0.0011634671320535084,0,1.353655767368816e-06,0.0011641444853737134
s44-128-7,u007,2025-07-03,variable,empirical,60,0.004072134962187279,0,1.6582283150267994e-05,0.004080448681161805
s44-128-7,u007,2025-07-03,variable,empirical,120,0.018615474112856356,0,0.0003465358764464251,0.018790922836881
s44-128-7,u007,2025-07-03,variable,hazard,30,0.001037905681807172,0,1.0772482043276103e-06,0.0010384446788937033
s44-128-7,u007,2025-07-03,variable,hazard,60,0.002747675387745674,0,7.54972003642334e-06,0.002751457176771491
s44-128-7,u007,2025-07-03,variable,hazard,120,0.010199403720489664,0,0.0001040278362535384,0.010251774040295264
s44-128-7,u007,2025-07-03,variable,hazard_cal,30,0.0021909283207918184,0,4.8001669068476575e-06,0.002193331915622965
s44-128-7,u007,2025-07-03,variable,hazard_cal,60,0.005641119061824296,0,3.182222426967742e-05,0.005657090265922493
s44-128-7,u007,2025-07-03,variable,hazard_cal,120,0.019590500833130298,0,0.0003837877228928789,0.01978493830242379
s44-128-11,u011,2025-07-03,variable,empirical,30,0.0011634671320535084,0,1.353655767368816e-06,0.0011641444853737134
s44-128-11,u011,2025-07-03,variable,empirical,60,0.004072134962187279,0,1.6582283150267994e-05,0.004080448681161805
s44-128-11,u011,2025-07-03,variable,empirical,120,0.018615474112856356,0,0.0003465358764464251,0.018790922836881
s44-128-11,u011,2025-07-03,variable,hazard,30,0.001231559634988888,0,1.5167391345339631e-06,0.0012323186277834115
s44-128-11,u011,2025-07-03,variable,hazard,60,0.0032597549422118677,0,1.0626002283274697e-05,0.0032650795177097862
s44-128-11,u011,2025-07-03,variable,hazard,120,0.012090752589134834,0,0.0001461862981716707,0.012164440300486542
s44-128-11,u011,2025-07-03,variable,hazard_cal,30,0.002561036597674482,0,6.558908454628086e-06,0.002564321661880229
s44-128-11,u011,2025-07-03,variable,hazard_cal,60,0.006591912365686015,0,4.345330863688419e-05,0.006613734974689252
s44-128-11,u011,2025-07-03,variable,hazard_cal,120,0.022862143554527203,0,0.0005226776079078097,0.0231275351067113
s44-128-21,u021,2025-07-03,variable,empirical,30,0.0011634671320535084,0,1.353655767368816e-06,0.0011641444853737134
s44-128-21,u021,2025-07-03,variable,empirical,60,0.004072134962187279,0,1.6582283150267994e-05,0.004080448681161805
s44-128-21,u021,2025-07-03,variable,empirical,120,0.018615474112856356,0,0.0003465358764464251,0.018790922836881
s44-128-21,u021,2025-07-03,variable,hazard,30,0.002171581675619705,0,4.715766973887285e-06,0.0021739429782336546
s44-128-21,u021,2025-07-03,variable,hazard,60,0.005742842392918446,0,3.298023874990126e-05,0.005759395918910476
s44-128-21,u021,2025-07-03,variable,hazard,120,0.021219852167169373,0,0.0004502821259965227,0.0214482297680283
s44-128-21,u021,2025-07-03,variable,hazard_cal,30,0.004296117486999762,0,1.845662546210515e-05,0.00430537231579678
s44-128-21,u021,2025-07-03,variable,hazard_cal,60,0.011041003421984219,0,0.00012190375656426724,0.011102407695115446
s44-128-21,u021,2025-07-03,variable,hazard_cal,120,0.03805619153569417,0,0.0014482737142014407,0.03879924118219404
s44-128-16,u016,2025-07-03,regular,empirical,30,0.0011634671320535084,0,1.353655767368816e-06,0.0011641444853737134
s44-128-16,u016,2025-07-03,regular,empirical,60,0.004072134962187279,0,1.6582283150267994e-05,0.004080448681161805
s44-128-16,u016,2025-07-03,regular,empirical,120,0.018615474112856356,0,0.0003465358764464251,0.018790922836881
s44-128-16,u016,2025-07-03,regular,hazard,30,0.002563519334241149,0,6.571631377028183e-06,0.002566810776249801
s44-128-16,u016,2025-07-03,regular,hazard,60,0.006776873642711512,0,4.5926016369278e-05,0.006799940926007505
s44-128-16,u016,2025-07-03,regular,hazard,120,0.02500096390962836,0,0.0006250481964105398,0.025318796610038424
s44-128-16,u016,2025-07-03,regular,hazard_cal,30,0.004997710236128383,0,2.497710760430242e-05,0.00501024055596947
s44-128-16,u016,2025-07-03,regular,hazard_cal,60,0.012836163356618857,0,0.00016476708971780468,0.012919258751402242
s44-128-16,u016,2025-07-03,regular,hazard_cal,120,0.044133408628951765,0,0.001947757757210034,0.045136924443626165
s44-128-24,u024,2025-07-03,variable,empirical,30,0.0011634671320535084,0,1.353655767368816e-06,0.0011641444853737134
s44-128-24,u024,2025-07-03,variable,empirical,60,0.004072134962187279,0,1.6582283150267994e-05,0.004080448681161805
s44-128-24,u024,2025-07-03,variable,empirical,120,0.018615474112856356,0,0.0003465358764464251,0.018790922836881
s44-128-24,u024,2025-07-03,variable,hazard,30,0.0011573777664026785,0,1.3395232941632532e-06,0.001158048045276916
s44-128-24,u024,2025-07-03,variable,hazard,60,0.003063617426659504,0,9.385751736931802e-06,0.0030683199093893628
s44-128-24,u024,2025-07-03,variable,hazard,120,0.011366676782467056,0,0.0001292013410770756,0.011431771194525275
s44-128-24,u024,2025-07-03,variable,hazard_cal,30,0.0024199173648928873,0,5.856000052910135e-06,0.002422850097187896
s44-128-24,u024,2025-07-03,variable,hazard_cal,60,0.006229455867361011,0,3.880612040339853e-05,0.006248939886265599
s44-128-24,u024,2025-07-03,variable,hazard_cal,120,0.02161597019300665,0,0.000467250167384952,0.02185301750711693
s44-128-34,u034,2025-07-03,variable,empirical,30,0.0011634671320535084,0,1.353655767368816e-06,0.0011641444853737134
s44-128-34,u034,2025-07-03,variable,empirical,60,0.004072134962187279,0,1.6582283150267994e-05,0.004080448681161805
s44-128-34,u034,2025-07-03,variable,empirical,120,0.018615474112856356,1,0.9631155876507337,3.9837621025831202
s44-128-34,u034,2025-07-03,variable,hazard,30,0.0006220817857973682,0,3.8698574822084265e-07,0.0006222753589545318
s44-128-34,u034,2025-07-03,variable,hazard,60,0.0016474891419224758,0,2.7142204727524553e-06,0.0016488477445526168
s44-128-34,u034,2025-07-03,variable,hazard,120,0.006125825387143569,1,0.9877858749623867,5.0952417745456025
s44-128-34,u034,2025-07-03,variable,hazard_cal,30,0.0013732526388013921,0,1.8858228099749869e-06,0.0013741964143334894
s44-128-34,u034,2025-07-03,variable,hazard_cal,60,0.003538343829408097,0,1.2519877055110356e-05,0.0035446185737769767
s44-128-34,u034,2025-07-03,variable,hazard_cal,120,0.012323997847499046,1,0.9755038852279471,4.39620687290701
s44-128-40,u040,2025-07-03,variable,empirical,30,0.0011634671320535084,0,1.353655767368816e-06,0.0011641444853737134
s44-128-40,u040,2025-07-03,variable,empirical,60,0.004072134962187279,0,1.6582283150267994e-05,0.004080448681161805
s44-128-40,u040,2025-07-03,variable,empirical,120,0.018615474112856356,0,0.0003465358764464251,0.018790922836881
s44-128-40,u040,2025-07-03,variable,hazard,30,0.0003714359088908825,0,1.3796463441359597e-07,0.0003715049082945224
s44-128-40,u040,2025-07-03,variable,hazard,60,0.0009839203620507497,0,9.680992788580785e-07,0.0009844047294355316
s44-128-40,u040,2025-07-03,variable,hazard,120,0.0036622163283260845,0,1.3411828435458187e-05,0.0036689386599842817
s44-128-40,u040,2025-07-03,variable,hazard_cal,30,0.0008576563915626556,0,7.355744859882752e-07,0.0008580243892310632
s44-128-40,u040,2025-07-03,variable,hazard_cal,60,0.0022108534083862263,0,4.8878727933729945e-06,0.00221330095288973
s44-128-40,u040,2025-07-03,variable,hazard_cal,120,0.007714614798807751,0,5.9515281493983554e-05,0.007744526376396222
s44-128-51,u051,2025-07-03,regular,empirical,30,0.0011634671320535084,0,1.353655767368816e-06,0.0011641444853737134
s44-128-51,u051,2025-07-03,regular,empirical,60,0.004072134962187279,0,1.6582283150267994e-05,0.004080448681161805
s44-128-51,u051,2025-07-03,regular,empirical,120,0.018615474112856356,0,0.0003465358764464251,0.018790922836881
s44-128-51,u051,2025-07-03,regular,hazard,30,0.000807100126459348,0,6.514106141306956e-07,0.0008074260071237622
s44-128-51,u051,2025-07-03,regular,hazard,60,0.002137115258146416,0,4.567261626602222e-06,0.0021394021477717886
s44-128-51,u051,2025-07-03,regular,hazard,120,0.007940427791930715,0,6.30503935188657e-05,0.007972120871249102
s44-128-51,u051,2025-07-03,regular,hazard_cal,30,0.001741620227887708,0,3.0332410181876317e-06,0.00174313861161812
s44-128-51,u051,2025-07-03,regular,hazard_cal,60,0.004486031040411564,0,2.0124474495536062e-05,0.004496123472278431
s44-128-51,u051,2025-07-03,regular,hazard_cal,120,0.015604176896633626,0,0.00024349033662143463,0.015727203563057384
s44-129-36,u036,2025-07-04,variable,empirical,30,0.0011634671320535084,0,1.353655767368816e-06,0.0011641444853737134
s44-129-36,u036,2025-07-04,variable,empirical,60,0.004072134962187279,0,1.6582283150267994e-05,0.004080448681161805
s44-129-36,u036,2025-07-04,variable,empirical,120,0.018615474112856356,0,0.0003465358764464251,0.018790922836881
s44-129-36,u036,2025-07-04,variable,hazard,30,0.0005567879771188888,0,3.100128514641443e-07,0.0005569430411058014
s44-129-36,u036,2025-07-04,variable,hazard,60,0.0014746577291100404,0,2.1746154180239813e-06,0.0014757461069404983
s44-129-36,u036,2025-07-04,variable,hazard,120,0.005484643437994374,0,3.008131364193475e-05,0.0054997393171270096
s44-129-36,u036,2025-07-04,variable,hazard_cal,30,0.0012410665023403489,0,1.5402460632313071e-06,0.0012418372631482417
s44-129-36,u036,2025-07-04,variable,hazard_cal,60,0.0031981229670781097,0,1.0227990512552491e-05,0.0032032478920115464
s44-129-36,u036,2025-07-04,variable,hazard_cal,120,0.01114429134641337,0,0.00012419522961374394,0.01120685420797617
s44-129-15,u015,2025-07-04,regular,empirical,30,0.0011634671320535084,0,1.353655767368816e-06,0.0011641444853737134
s44-129-15,u015,2025-07-04,regular,empirical,60,0.004072134962187279,0,1.6582283150267994e-05,0.004080448681161805
s44-129-15,u015,2025-07-04,regular,empirical,120,0.018615474112856356,0,0.0003465358764464251,0.018790922836881
s44-129-15,u015,2025-07-04,regular,hazard,30,0.0033985666460022435,0,1.1550255247318939e-05,0.0034043548918396846
s44-129-15,u015,2025-07-04,regular,hazard,60,0.008977430795679142,0,8.059426369120824e-05,0.00901797073960891
s44-129-15,u015,2025-07-04,regular,hazard,120,0.03300772123907991,0,0.0010895096613968071,0.033564768296067235
s44-129-15,u015,2025-07-04,regular,hazard_cal,30,0.006462099736573301,0,4.175873300542073e-05,0.006483069490989057
s44-129-15,u015,2025-07-04,regular,hazard_cal,60,0.016575928908626913,0,0.0002747614191838534,0.016714846887378353
s44-129-15,u015,2025-07-04,regular,hazard_cal,120,0.05669586135996063,0,0.003214420695347877,0.05836652592999704
s44-129-20,u020,2025-07-04,variable,empirical,30,0.0011634671320535084,0,1.353655767368816e-06,0.0011641444853737134
s44-129-20,u020,2025-07-04,variable,empirical,60,0.004072134962187279,0,1.6582283150267994e-05,0.004080448681161805
s44-129-20,u020,2025-07-04,variable,empirical,120,0.018615474112856356,0,0.0003465358764464251,0.018790922836881
s44-129-20,u020,2025-07-04,variable,hazard,30,0.00033948540270711813,0,1.1525033865121417e-07,0.0003395430409217012
s44-129-20,u020,2025-07-04,variable,hazard,60,0.0008993112761955802,0,8.087607714925231e-07,0.0008997158991875282
s44-129-20,u020,2025-07-04,variable,hazard,120,0.0033477301706829055,0,1.1207297295700595e-05,0.0033533463571517293
s44-129-20,u020,2025-07-04,variable,hazard_cal,30,0.0007900461841173767,0,6.241729730384279e-07,0.000790358435076514
s44-129-20,u020,2025-07-04,variable,hazard_cal,60,0.002036690014862619,0,4.1481062166410945e-06,0.0020387668884151605
s44-129-20,u020,2025-07-04,variable,hazard_cal,120,0.0071086078192090785,0,5.053230512732045e-05,0.007133994351916344
s44-129-40,u040,2025-07-04,variable,empirical,30,0.0011634671320535084,0,1.353655767368816e-06,0.0011641444853737134
s44-129-40,u040,2025-07-04,variable,empirical,60,0.004072134962187279,0,1.6582283150267994e-05,0.004080448681161805
s44-129-40,u040,2025-07-04,variable,empirical,120,0.018615474112856356,0,0.0003465358764464251,0.018790922836881
s44-129-40,u040,2025-07-04,variable,hazard,30,0.0002977297369199938,0,8.864299624644873e-08,0.00029777406721730057
s44-129-40,u040,2025-07-04,variable,hazard,60,0.0007887292931628709,0,6.220938978932019e-07,0.0007890405037631889
s44-129-40,u040,2025-07-04,variable,hazard,120,0.0029365813880901648,0,8.623510248877559e-06,0.002940901603062851
s44-129-40,u040,2025-07-04,variable,hazard_cal,30,0.0007008352206837598,0,4.911700065508543e-07,0.0007010809204904611
s44-129-40,u040,2025-07-04,variable,hazard_cal,60,0.0018068515099051163,0,3.2647123788463986e-06,0.0018084858350464808
s44-129-40,u040,2025-07-04,variable,hazard_cal,120,0.006308426930601518,0,3.979625033873849e-05,0.006328409137627476
s44-129-1,u001,2025-07-04,regular,empirical,30,0.0011634671320535084,0,1.353655767368816e-06,0.0011641444853737134
s44-129-1,u001,2025-07-04,regular,empirical,60,0.004072134962187279,0,1.6582283150267994e-05,0.004080448681161805
s44-129-1,u001,2025-07-04,regular,empirical,120,0.018615474112856356,0,0.0003465358764464251,0.018790922836881
s44-129-1,u001,2025-07-04,regular,hazard,30,0.0005833724811985519,0,3.4032345181975477e-07,0.0005835427091318758
s44-129-1,u001,2025-07-04,regular,hazard,60,0.0015450289104265158,0,2.3871143340537465e-06,0.0015462236984067706
s44-129-1,u001,2025-07-04,regular,hazard,120,0.005745752389010761,0,3.301367051582287e-05,0.005762322727461517
s44-129-1,u001,2025-07-04,regular,hazard_cal,30,0.0012950420235696702,0,1.6771338428114264e-06,0.0012958813151812683
s44-129-1,u001,2025-07-04,regular,hazard_cal,60,0.003337054805855111,0,1.1135934777280691e-05,0.0033426351914038967
s44-129-1,u001,2025-07-04,regular,hazard_cal,120,0.011626168990963026,0,0.00013516780540643022,0.011694281332064616
s44-129-55,u055,2025-07-04,new,empirical,30,0.0011634671320535084,0,1.353655767368816e-06,0.0011641444853737134
s44-129-55,u055,2025-07-04,new,empirical,60,0.004072134962187279,0,1.6582283150267994e-05,0.004080448681161805
s44-129-55,u055,2025-07-04,new,empirical,120,0.018615474112856356,0,0.0003465358764464251,0.018790922836881
s44-129-55,u055,2025-07-04,new,hazard,30,0.0012524220396081809,0,1.5685609652963157e-06,0.001253206975539983
s44-129-55,u055,2025-07-04,new,hazard,60,0.0033149104573850785,0,1.0988631340480951e-05,0.0033204169454327482
s44-129-55,u055,2025-07-04,new,hazard,120,0.012294290177119804,0,0.0001511495709592245,0.012370490156466664
s44-129-55,u055,2025-07-04,new,hazard_cal,30,0.0026005866560230295,0,6.763050955485043e-06,0.0026039740555926843
s44-129-55,u055,2025-07-04,new,hazard_cal,60,0.006693478206687753,0,4.48026505034039e-05,0.006715979998315952
s44-129-55,u055,2025-07-04,new,hazard_cal,120,0.023211113917372184,0,0.0005387558092852287,0.023484734134658403
s44-129-0,u000,2025-07-04,regular,empirical,30,0.0011634671320535084,0,1.353655767368816e-06,0.0011641444853737134
s44-129-0,u000,2025-07-04,regular,empirical,60,0.004072134962187279,0,1.6582283150267994e-05,0.004080448681161805
s44-129-0,u000,2025-07-04,regular,empirical,120,0.018615474112856356,0,0.0003465358764464251,0.018790922836881
s44-129-0,u000,2025-07-04,regular,hazard,30,0.002611115505004924,0,6.817924180477119e-06,0.0026145304128696928
s44-129-0,u000,2025-07-04,regular,hazard,60,0.006902393181354438,0,4.764303163000824e-05,0.006926324884764567
s44-129-0,u000,2025-07-04,regular,hazard,120,0.025459129051077056,0,0.0006481672520393957,0.02578882048411178
s44-129-0,u000,2025-07-04,regular,hazard_cal,30,0.005082224271407143,0,2.5829003544879867e-05,0.005095182696907839
s44-129-0,u000,2025-07-04,regular,hazard_cal,60,0.013052258787209392,0,0.0001703614594482848,0.01313818804990555
s44-129-0,u000,2025-07-04,regular,hazard_cal,120,0.04486290284533545,0,0.0020126800517100076,0.045900391574744646
s44-129-39,u039,2025-07-04,variable,empirical,30,0.0011634671320535084,0,1.353655767368816e-06,0.0011641444853737134
s44-129-39,u039,2025-07-04,variable,empirical,60,0.004072134962187279,0,1.6582283150267994e-05,0.004080448681161805
s44-129-39,u039,2025-07-04,variable,empirical,120,0.018615474112856356,1,0.9631155876507337,3.9837621025831202
s44-129-39,u039,2025-07-04,variable,hazard,30,0.0013249389856915261,0,1.75546331580529e-06,0.0013258174934145876
s44-129-39,u039,2025-07-04,variable,hazard,60,0.003506612366660611,0,1.229633029001713e-05,0.003512774942533191
s44-129-39,u039,2025-07-04,variable,hazard,120,0.013001449689595157,1,0.9741661383148408,4.342694413153646
s44-129-39,u039,2025-07-04,variable,hazard_cal,30,0.0027376142219899258,0,7.4945316284415066e-06,0.002741368340922429
s44-129-39,u039,2025-07-04,variable,hazard_cal,60,0.007045314716420226,0,4.9636459453407405e-05,0.007070250133743
s44-129-39,u039,2025-07-04,variable,hazard_cal,120,0.024419224033922493,1,0.951757850434574,3.712384586647091
s44-129-9,u009,2025-07-04,variable,empirical,30,0.0011634671320535084,0,1.353655767368816e-06,0.0011641444853737134
s44-129-9,u009,2025-07-04,variable,empirical,60,0.004072134962187279,0,1.6582283150267994e-05,0.004080448681161805
s44-129-9,u009,2025-07-04,variable,empirical,120,0.018615474112856356,0,0.0003465358764464251,0.018790922836881
s44-129-9,u009,2025-07-04,variable,hazard,30,0.00105801291893437,0,1.119391336632026e-06,0.0010585730096930425
s44-129-9,u009,2025-07-04,variable,hazard,60,0.0028008535631562914,0,7.844780682245293e-06,0.0028047832929444226
s44-129-9,u009,2025-07-04,variable,hazard,120,0.010395954047376699,0,0.00010807586055516796,0.010450369439476895
s44-129-9,u009,2025-07-04,variable,hazard_cal,30,0.0022296235810105314,0,4.971221312998226e-06,0.002232112892507087
s44-129-9,u009,2025-07-04,variable,hazard_cal,60,0.005740554661374131,0,3.2953967820224266e-05,0.005757094976045904
s44-129-9,u009,2025-07-04,variable,hazard_cal,120,0.019933062045044414,0,0.0003973269624915902,0.02013440561446491
s44-129-45,u045,2025-07-04,variable,empirical,30,0.0011634671320535084,0,1.353655767368816e-06,0.0011641444853737134
s44-129-45,u045,2025-07-04,variable,empirical,60,0.004072134962187279,0,1.6582283150267994e-05,0.004080448681161805
s44-129-45,u045,2025-07-04,variable,empirical,120,0.018615474112856356,0,0.0003465358764464251,0.018790922836881
s44-129-45,u045,2025-07-04,variable,hazard,30,0.000984848687517914,0,9.69926937305758e-07,0.0009853339696323656
s44-129-45,u045,2025-07-04,variable,hazard,60,0.0026073445328909095,0,6.798245513196115e-06,0.0026107495756817864
s44-129-45,u045,2025-07-04,variable,hazard,120,0.009680576676224129,0,9.371356478425459e-05,0.009727738071765876
s44-129-45,u045,2025-07-04,variable,hazard_cal,30,0.0020885013517145667,0,4.3618378961135724e-06,0.0020906853119951056
s44-129-45,u045,2025-07-04,variable,hazard_cal,60,0.005377878722163998,0,2.8921579550304275e-05,0.00539239156753974
s44-129-45,u045,2025-07-04,variable,hazard_cal,120,0.018683163487225207,0,0.00034906059789038515,0.018859898561555608
s44-129-46,u046,2025-07-04,regular,empirical,30,0.0011634671320535084,0,1.353655767368816e-06,0.0011641444853737134
s44-129-46,u046,2025-07-04,regular,empirical,60,0.004072134962187279,0,1.6582283150267994e-05,0.004080448681161805
s44-129-46,u046,2025-07-04,regular,empirical,120,0.018615474112856356,0,0.0003465358764464251,0.018790922836881
s44-129-46,u046,2025-07-04,regular,hazard,30,0.0010255318114922307,0,1.0517154963825363e-06,0.0010260580290397416
s44-129-46,u046,2025-07-04,regular,hazard,60,0.0027149488782832742,0,7.370947411691609e-06,0.002718641036183207
s44-129-46,u046,2025-07-04,regular,hazard,120,0.010078428245869464,0,0.00010157471590713944,0.010129559441980253
s44-129-46,u046,2025-07-04,regular,hazard_cal,30,0.0021670826568988,0,4.696247241831562e-06,0.0021694341784282934
s44-129-46,u046,2025-07-04,regular,hazard_cal,60,0.005579839242992102,0,3.113460597763467e-05,0.005595464698107424
s44-129-46,u046,2025-07-04,regular,hazard_cal,120,0.019379341016617202,0,0.00037555885823834184,0.019569582290226227
s44-129-12,u012,2025-07-04,variable,empirical,30,0.0011634671320535084,0,1.353655767368816e-06,0.0011641444853737134
s44-129-12,u012,2025-07-04,variable,empirical,60,0.004072134962187279,0,1.6582283150267994e-05,0.004080448681161805
s44-129-12,u012,2025-07-04,variable,empirical,120,0.018615474112856356,0,0.0003465358764464251,0.018790922836881
s44-129-12,u012,2025-07-04,variable,hazard,30,0.00031490416566837265,0,9.916463355529388e-08,0.00031495375839672805
s44-129-12,u012,2025-07-04,variable,hazard,60,0.0008342135566460351,0,6.959122580920277e-07,0.0008345617064093821
s44-129-12,u012,2025-07-04,variable,hazard,120,0.00310571081956168,0,9.645439694742482e-06,0.003110543548041089
s44-129-12,u012,2025-07-04,variable,hazard_cal,30,0.0007376526128890504,0,5.441313773020432e-07,0.0007379248124450756
s44-129-12,u012,2025-07-04,variable,hazard_cal,60,0.0019017103063719842,0,3.6165020893614263e-06,0.001903520853204518
s44-129-12,u012,2025-07-04,variable,hazard_cal,120,0.006638739210976019,0,4.4072858311350495e-05,0.006660873657733497
s44-129-29,u029,2025-07-04,regular,empirical,30,0.0011634671320535084,0,1.353655767368816e-06,0.0011641444853737134
s44-129-29,u029,2025-07-04,regular,empirical,60,0.004072134962187279,0,1.6582283150267994e-05,0.004080448681161805
s44-129-29,u029,2025-07-04,regular,empirical,120,0.018615474112856356,0,0.0003465358764464251,0.018790922836881
s44-129-29,u029,2025-07-04,regular,hazard,30,0.001087577281438823,0,1.1828243431018606e-06,0.0010881691227647412
s44-129-29,u029,2025-07-04,regular,hazard,60,0.0028790396588651568,0,8.288869357318399e-06,0.0028831920654210134
s44-129-29,u029,2025-07-04,regular,hazard,120,0.010684877120674563,0,0.00011416659908391474,0.010742370325517437
s44-129-29,u029,2025-07-04,regular,hazard_cal,30,0.0022864010729580775,0,5.227629866423848e-06,0.0022890188788886835
s44-129-29,u029,2025-07-04,regular,hazard_cal,60,0.005886444081779629,0,3.4650223927918426e-05,0.005903837484192084
s44-129-29,u029,2025-07-04,regular,hazard_cal,120,0.020435487032491317,0,0.0004176091302551208,0.02064718060408787
s44-129-54,u054,2025-07-04,new,empirical,30,0.0011634671320535084,0,1.353655767368816e-06,0.0011641444853737134
s44-129-54,u054,2025-07-04,new,empirical,60,0.004072134962187279,0,1.6582283150267994e-05,0.004080448681161805
s44-129-54,u054,2025-07-04,new,empirical,120,0.018615474112856356,0,0.0003465358764464251,0.018790922836881
s44-129-54,u054,2025-07-04,new,hazard,30,0.0007074765221681822,0,5.005230294191865e-07,0.0007077269017816555
s44-129-54,u054,2025-07-04,new,hazard,60,0.001873495703077821,0,3.509986149451059e-06,0.0018752528912184937
s44-129-54,u054,2025-07-04,new,hazard,120,0.00696376692358025,0,4.849404976595034e-05,0.006988127106762446
s44-129-54,u054,2025-07-04,new,hazard_cal,30,0.001544320046661385,0,2.384924406520222e-06,0.0015455137379838937
s44-129-54,u054,2025-07-04,new,hazard_cal,60,0.003978519806218661,0,1.5828619848474172e-05,0.003986455170471747
s44-129-54,u054,2025-07-04,new,hazard_cal,120,0.013848634720491804,0,0.0001917846836216111,0.013945421679384128
s44-129-21,u021,2025-07-04,variable,empirical,30,0.0011634671320535084,0,1.353655767368816e-06,0.0011641444853737134
s44-129-21,u021,2025-07-04,variable,empirical,60,0.004072134962187279,0,1.6582283150267994e-05,0.004080448681161805
s44-129-21,u021,2025-07-04,variable,empirical,120,0.018615474112856356,0,0.0003465358764464251,0.018790922836881
s44-129-21,u021,2025-07-04,variable,hazard,30,0.0011841952507066766,0,1.4023183917962487e-06,0.0011848969639342583
s44-129-21,u021,2025-07-04,variable,hazard,60,0.0031345262096936777,0,9.825254559256613e-06,0.003139449127007201
s44-129-21,u021,2025-07-04,variable,hazard,120,0.011628499275151416,0,0.000135221995392197,0.011696639029994625
s44-129-21,u021,2025-07-04,variable,hazard_cal,30,0.002471023152716856,0,6.105955421262749e-06,0.002474081169085695
s44-129-21,u021,2025-07-04,variable,hazard_cal,60,0.006360728506837776,0,4.045886713769873e-05,0.006381044134353293
s44-129-21,u021,2025-07-04,variable,hazard_cal,120,0.022067448724266803,0,0.00048697229319814454,0.022314577301314895
s44-129-41,u041,2025-07-04,regular,empirical,30,0.0011634671320535084,0,1.353655767368816e-06,0.0011641444853737134
s44-129-41,u041,2025-07-04,regular,empirical,60,0.004072134962187279,0,1.6582283150267994e-05,0.004080448681161805
s44-129-41,u041,2025-07-04,regular,empirical,120,0.018615474112856356,0,0.0003465358764464251,0.018790922836881
s44-129-41,u041,2025-07-04,regular,hazard,30,0.003464773761980955,0,1.2004657221711658e-05,0.0034707899911936993
s44-129-41,u041,2025-07-04,regular,hazard,60,0.009151756895533714,0,8.375465427494887e-05,0.009193891490064969
s44-129-41,u041,2025-07-04,regular,hazard,120,0.03363969202394601,0,0.001131628879465937,0.03421852468971219
s44-129-41,u041,2025-07-04,regular,hazard_cal,30,0.006576697477960414,0,4.325294971661087e-05,0.006598419243519229
s44-129-41,u041,2025-07-04,regular,hazard_cal,60,0.01686818129873724,0,0.0002845355403270687,0.01701206945173948
s44-129-41,u041,2025-07-04,regular,hazard_cal,120,0.0576720332066919,0,0.003326063414193773,0.05940190492160834
s44-129-42,u042,2025-07-04,regular,empirical,30,0.0011634671320535084,0,1.353655767368816e-06,0.0011641444853737134
s44-129-42,u042,2025-07-04,regular,empirical,60,0.004072134962187279,0,1.6582283150267994e-05,0.004080448681161805
s44-129-42,u042,2025-07-04,regular,empirical,120,0.018615474112856356,0,0.0003465358764464251,0.018790922836881
s44-129-42,u042,2025-07-04,regular,hazard,30,0.0034901151854918044,0,1.2180904008000492e-05,0.0034962198456126316
s44-129-42,u042,2025-07-04,regular,hazard,60,0.009218476243122553,0,8.49803042450149e-05,0.009261229343714317
s44-129-42,u042,2025-07-04,regular,hazard,120,0.033881474639589904,0,0.0011479543237531739,0.03446875523582178
s44-129-42,u042,2025-07-04,regular,hazard_cal,30,0.006620508073226894,0,4.383112714766248e-05,0.006642520847760968
s44-129-42,u042,2025-07-04,regular,hazard_cal,60,0.01697989344262829,0,0.0002883167813230112,0.017125704764022448
s44-129-42,u042,2025-07-04,regular,hazard_cal,120,0.05804495858380021,0,0.0033692172169950815,0.05979773227912595
s44-129-43,u043,2025-07-04,regular,empirical,30,0.0011634671320535084,0,1.353655767368816e-06,0.0011641444853737134
s44-129-43,u043,2025-07-04,regular,empirical,60,0.004072134962187279,0,1.6582283150267994e-05,0.004080448681161805
s44-129-43,u043,2025-07-04,regular,empirical,120,0.018615474112856356,0,0.0003465358764464251,0.018790922836881
s44-129-43,u043,2025-07-04,regular,hazard,30,0.0006900839155691285,0,4.762158105272201e-07,0.0006903221330740759
s44-129-43,u043,2025-07-04,regular,hazard,60,0.0018274671619122884,0,3.3396362278677543e-06,0.0018291390171771105
s44-129-43,u043,2025-07-04,regular,hazard,120,0.006793158739600513,0,4.614700566141084e-05,0.006816337272372433
s44-129-43,u043,2025-07-04,regular,hazard_cal,30,0.001509632726896637,0,2.278990970117376e-06,0.0015107733704948334
s44-129-43,u043,2025-07-04,regular,hazard_cal,60,0.003889276089967808,0,1.5126468503995282e-05,0.003896858991938304
s44-129-43,u043,2025-07-04,regular,hazard_cal,120,0.0135396727739453,0,0.0001833227388255156,0.013632170013841665
s44-129-51,u051,2025-07-04,regular,empirical,30,0.0011634671320535084,0,1.353655767368816e-06,0.0011641444853737134
s44-129-51,u051,2025-07-04,regular,empirical,60,0.004072134962187279,0,1.6582283150267994e-05,0.004080448681161805
s44-129-51,u051,2025-07-04,regular,empirical,120,0.018615474112856356,0,0.0003465358764464251,0.018790922836881
s44-129-51,u051,2025-07-04,regular,hazard,30,0.0007770009995842209,0,6.037305533548783e-07,0.0007773030213184921
s44-129-51,u051,2025-07-04,regular,hazard,60,0.002057473425214007,0,4.233196895461858e-06,0.0020595929313791525
s44-129-51,u051,2025-07-04,regular,hazard,120,0.007645453134258573,0,5.845295362814424e-05,0.0076748294369567895
s44-129-51,u051,2025-07-04,regular,hazard_cal,30,0.001682248806152864,0,2.829961045802736e-06,0.0016836653755801637
s44-129-51,u051,2025-07-04,regular,hazard_cal,60,0.0043333296938087296,0,1.877774623524446e-05,0.004342745778772436
s44-129-51,u051,2025-07-04,regular,hazard_cal,120,0.0150762262506553,0,0.00022729259796094796,0.015191027861083764
s44-129-53,u053,2025-07-04,regular,empirical,30,0.0011634671320535084,0,1.353655767368816e-06,0.0011641444853737134
s44-129-53,u053,2025-07-04,regular,empirical,60,0.004072134962187279,0,1.6582283150267994e-05,0.004080448681161805
s44-129-53,u053,2025-07-04,regular,empirical,120,0.018615474112856356,0,0.0003465358764464251,0.018790922836881
s44-129-53,u053,2025-07-04,regular,hazard,30,0.0044176716993116205,0,1.951582324289882e-05,0.004427458444654338
s44-129-53,u053,2025-07-04,regular,hazard,60,0.01165840103178395,0,0.00013591831461790105,0.011726893047777433
s44-129-53,u053,2025-07-04,regular,hazard,120,0.04268937956880425,0,0.001822383127969442,0.043627362939905955
s44-129-53,u053,2025-07-04,regular,hazard_cal,30,0.008205788157420013,0,6.733495928445453e-05,0.008239640956857497
s44-129-53,u053,2025-07-04,regular,hazard_cal,60,0.0210163666169898,0,0.00044168766577972336,0.021240354279815972
s44-129-53,u053,2025-07-04,regular,hazard_cal,120,0.07144145113388123,0,0.005103880940114739,0.07412184270178958
s44-129-34,u034,2025-07-04,variable,empirical,30,0.0011634671320535084,0,1.353655767368816e-06,0.0011641444853737134
s44-129-34,u034,2025-07-04,variable,empirical,60,0.004072134962187279,0,1.6582283150267994e-05,0.004080448681161805
s44-129-34,u034,2025-07-04,variable,empirical,120,0.018615474112856356,0,0.0003465358764464251,0.018790922836881
s44-129-34,u034,2025-07-04,variable,hazard,30,0.0007227391312241149,0,5.223518518025884e-07,0.0007230004330596431
s44-129-34,u034,2025-07-04,variable,hazard,60,0.0019138861031569032,0,3.6629600158571163e-06,0.0019157199233537183
s44-129-34,u034,2025-07-04,variable,hazard,120,0.007113457057183914,0,5.0601271304399626e-05,0.007138878319946277
s44-129-34,u034,2025-07-04,variable,hazard_cal,30,0.0015746976240595956,0,2.4796726072189356e-06,0.0015759387634805258
s44-129-34,u034,2025-07-04,variable,hazard_cal,60,0.004056670916832039,0,1.6456578927470897e-05,0.004064921527196034
s44-129-34,u034,2025-07-04,variable,hazard_cal,120,0.014119130832629945,0,0.00019934985546892156,0.014219754024575669
s44-129-7,u007,2025-07-04,variable,empirical,30,0.0011634671320535084,0,1.353655767368816e-06,0.0011641444853737134
s44-129-7,u007,2025-07-04,variable,empirical,60,0.004072134962187279,0,1.6582283150267994e-05,0.004080448681161805
s44-129-7,u007,2025-07-04,variable,empirical,120,0.018615474112856356,0,0.0003465358764464251,0.018790922836881
s44-129-7,u007,2025-07-04,variable,hazard,30,0.0011999390822046152,0,1.4398538010020543e-06,0.0012006595855361918
s44-129-7,u007,2025-07-04,variable,hazard,60,0.00317615322477649,0,1.0087949307258098e-05,0.003181207905227524
s44-129-7,u007,2025-07-04,variable,hazard,120,0.011782175647994442,0,0.00013881966300019325,0.011852135542297904
s44-129-7,u007,2025-07-04,variable,hazard_cal,30,0.002500978190690728,0,6.254891910310668e-06,0.0025041108608958294
s44-129-7,u007,2025-07-04,variable,hazard_cal,60,0.006437666877271431,0,4.144355482271769e-05,0.0064584780195649245
s44-129-7,u007,2025-07-04,variable,hazard_cal,120,0.022331981498844633,0,0.000498717397664739,0.02258511595862513
s44-129-10,u010,2025-07-04,variable,empirical,30,0.0011634671320535084,0,1.353655767368816e-06,0.0011641444853737134
s44-129-10,u010,2025-07-04,variable,empirical,60,0.004072134962187279,0,1.6582283150267994e-05,0.004080448681161805
s44-129-10,u010,2025-07-04,variable,empirical,120,0.018615474112856356,0,0.0003465358764464251,0.018790922836881
s44-129-10,u010,2025-07-04,variable,hazard,30,0.0011191487347281814,0,1.2524938904436893e-06,0.0011197754493082576
s44-129-10,u010,2025-07-04,variable,hazard,60,0.0029625289810257804,0,8.77657796341765e-06,0.0029669259562658456
s44-129-10,u010,2025-07-04,variable,hazard,120,0.010993320724508648,0,0.00012085310055191135,0.011054193817527067
s44-129-10,u010,2025-07-04,variable,hazard_cal,30,0.0023468828279263887,0,5.507859008015763e-06,0.0023496410737953665
s44-129-10,u010,2025-07-04,variable,hazard_cal,60,0.006041835528703188,0,3.650377655590013e-05,0.006060161268335602
s44-129-10,u010,2025-07-04,variable,hazard_cal,120,0.020970410579507104,0,0.00043975811987310347,0.021193412781203073
s44-129-14,u014,2025-07-04,variable,empirical,30,0.0011634671320535084,0,1.353655767368816e-06,0.0011641444853737134
s44-129-14,u014,2025-07-04,variable,empirical,60,0.004072134962187279,0,1.6582283150267994e-05,0.004080448681161805
s44-129-14,u014,2025-07-04,variable,empirical,120,0.018615474112856356,0,0.0003465358764464251,0.018790922836881
s44-129-14,u014,2025-07-04,variable,hazard,30,0.0022224520409906967,0,4.939293074503713e-06,0.0022249253527519583
s44-129-14,u014,2025-07-04,variable,hazard,60,0.005877093884166462,0,3.4540232523306834e-05,0.005894431965490681
s44-129-14,u014,2025-07-04,variable,hazard,120,0.021711445556398146,0,0.0004713868681484408,0.021950607021311342
s44-129-14,u014,2025-07-04,variable,hazard_cal,30,0.004387781240220656,0,1.925262421203232e-05,0.00439743580408681
s44-129-14,u014,2025-07-04,variable,hazard_cal,60,0.011275668999641386,0,0.00012714071138947378,0.011339721298851822
s44-129-14,u014,2025-07-04,variable,hazard_cal,120,0.038852351965634524,0,0.001509505253261545,0.03962724181912288
s44-130-17,u017,2025-07-07,variable,empirical,30,0.0011634671320535084,0,1.353655767368816e-06,0.0011641444853737134
s44-130-17,u017,2025-07-07,variable,empirical,60,0.004072134962187279,0,1.6582283150267994e-05,0.004080448681161805
s44-130-17,u017,2025-07-07,variable,empirical,120,0.018615474112856356,0,0.0003465358764464251,0.018790922836881
s44-130-17,u017,2025-07-07,variable,hazard,30,0.0004515815034160653,0,2.0392585422751379e-07,0.0004516834970499605
s44-130-17,u017,2025-07-07,variable,hazard,60,0.0011961342210515813,0,1.430737074770673e-06,0.0011968501605524012
s44-130-17,u017,2025-07-07,variable,hazard,120,0.004450641395871147,0,1.9808208834641868e-05,0.004460574985141713
s44-130-17,u017,2025-07-07,variable,hazard_cal,30,0.0010251144737775109,0,1.050859684348143e-06,0.0010256402629798122
s44-130-17,u017,2025-07-07,variable,hazard_cal,60,0.002642134936673868,0,6.980877023592623e-06,0.0026456315355343246
s44-130-17,u017,2025-07-07,variable,hazard_cal,120,0.00921400599255695,0,8.48979064308754e-05,0.009256717511010626
s44-130-56,u056,2025-07-07,new,empirical,30,0.0011634671320535084,0,1.353655767368816e-06,0.0011641444853737134
s44-130-56,u056,2025-07-07,new,empirical,60,0.004072134962187279,0,1.6582283150267994e-05,0.004080448681161805
s44-130-56,u056,2025-07-07,new,empirical,120,0.018615474112856356,0,0.0003465358764464251,0.018790922836881
s44-130-56,u056,2025-07-07,new,hazard,30,0.00460651189679262,0,2.121995185529194e-05,0.0046171545690285275
s44-130-56,u056,2025-07-07,new,hazard,60,0.012154627074085655,0,0.00014773495931009602,0.01222909861819017
s44-130-56,u056,2025-07-07,new,hazard,120,0.04447261270436065,0,0.00197781328075206,0.04549185292279446
s44-130-56,u056,2025-07-07,new,hazard_cal,30,0.008524587054292265,0,7.266858444620728e-05,0.008561129165655193
s44-130-56,u056,2025-07-07,new,hazard_cal,60,0.021826733295575607,0,0.0004764062863561888,0.0220684603196121
s44-130-56,u056,2025-07-07,new,hazard_cal,120,0.07411263513681676,0,0.005492682686922927,0.07700268795110699
s44-130-25,u025,2025-07-07,variable,empirical,30,0.0011634671320535084,0,1.353655767368816e-06,0.0011641444853737134
s44-130-25,u025,2025-07-07,variable,empirical,60,0.004072134962187279,0,1.6582283150267994e-05,0.004080448681161805
s44-130-25,u025,2025-07-07,variable,empirical,120,0.018615474112856356,0,0.0003465358764464251,0.018790922836881
s44-130-25,u025,2025-07-07,variable,hazard,30,0.0013157984397579314,0,1.7313255340694067e-06,0.0013166648626336066
s44-130-25,u025,2025-07-07,variable,hazard,60,0.003482450331388276,0,1.2127460310586313e-05,0.0034885281761745197
s44-130-25,u025,2025-07-07,variable,hazard,120,0.012912342519896258,0,0.00016672858935112085,0.012996431455631629
s44-130-25,u025,2025-07-07,variable,hazard_cal,30,0.002720379651534044,0,7.400465448480486e-06,0.002724086608671744
s44-130-25,u025,2025-07-07,variable,hazard_cal,60,0.007001067335048794,0,4.901494382988722e-05,0.007025689796604351
s44-130-25,u025,2025-07-07,variable,hazard_cal,120,0.024267355985381323,0,0.0005889045665212227,0.024566660407696544
s44-130-26,u026,2025-07-07,regular,empirical,30,0.0011634671320535084,0,1.353655767368816e-06,0.0011641444853737134
s44-130-26,u026,2025-07-07,regular,empirical,60,0.004072134962187279,0,1.6582283150267994e-05,0.004080448681161805
s44-130-26,u026,2025-07-07,regular,empirical,120,0.018615474112856356,0,0.0003465358764464251,0.018790922836881
s44-130-26,u026,2025-07-07,regular,hazard,30,0.003127881364607843,0,9.783641831061022e-06,0.0031327834102036424
s44-130-26,u026,2025-07-07,regular,hazard,60,0.008264481920015276,0,6.830166140625939e-05,0.008298822084044017
s44-130-26,u026,2025-07-07,regular,hazard,120,0.030419587500619127,0,0.0009253513037078235,0.03089186550131922
s44-130-26,u026,2025-07-07,regular,hazard_cal,30,0.005991414627986025,0,3.589704924444491e-05,0.006009435167678286
s44-130-26,u026,2025-07-07,regular,hazard_cal,60,0.015374945458160982,0,0.00023638894784142503,0.015494365565135894
s44-130-26,u026,2025-07-07,regular,hazard_cal,120,0.05267594645731455,0,0.002774755335173869,0.05411405473855532
s44-130-1,u001,2025-07-07,regular,empirical,30,0.0011634671320535084,0,1.353655767368816e-06,0.0011641444853737134
s44-130-1,u001,2025-07-07,regular,empirical,60,0.004072134962187279,0,1.6582283150267994e-05,0.004080448681161805
s44-130-1,u001,2025-07-07,regular,empirical,120,0.018615474112856356,0,0.0003465358764464251,0.018790922836881
s44-130-1,u001,2025-07-07,regular,hazard,30,0.00039064029777236,0,1.5259984224367808e-07,0.00039071661756985457
s44-130-1,u001,2025-07-07,regular,hazard,60,0.0010347736616790337,0,1.0707565309046353e-06,0.0010353094095615723
s44-130-1,u001,2025-07-07,regular,hazard,120,0.003851195253138373,0,1.4831704877795537e-05,0.0038586302006725945
s44-130-1,u001,2025-07-07,regular,hazard_cal,30,0.000898047696210047,0,8.064896646681729e-07,0.0008984511826271662
s44-130-1,u001,2025-07-07,regular,hazard_cal,60,0.0023148912186914394,0,5.358721354374738e-06,0.0023175747215132565
s44-130-1,u001,2025-07-07,regular,hazard_cal,120,0.008076477210300692,0,6.522948412850644e-05,0.008109268631153157
s44-130-8,u008,2025-07-07,regular,empirical,30,0.0011634671320535084,0,1.353655767368816e-06,0.0011641444853737134
s44-130-8,u008,2025-07-07,regular,empirical,60,0.004072134962187279,0,1.6582283150267994e-05,0.004080448681161805
s44-130-8,u008,2025-07-07,regular,empirical,120,0.018615474112856356,0,0.0003465358764464251,0.018790922836881
s44-130-8,u008,2025-07-07,regular,hazard,30,0.004211057358016856,0,1.7733004072507906e-05,0.004219948830499503
s44-130-8,u008,2025-07-07,regular,hazard,60,0.011115269129139738,0,0.00012354920781320686,0.01117750534429748
s44-130-8,u008,2025-07-07,regular,hazard,120,0.040734453818308425,0,0.0016592957278759018,0.041587343385731994
s44-130-8,u008,2025-07-07,regular,hazard_cal,30,0.007855545872367142,0,6.170960095286444e-05,0.007886563218418303
s44-130-8,u008,2025-07-07,regular,hazard_cal,60,0.0201255458684384,0,0.00040503759650261793,0.020330823553072662
s44-130-8,u008,2025-07-07,regular,hazard_cal,120,0.06849802105258651,0,0.004691978888120585,0.07095696446887675
s44-130-29,u029,2025-07-07,regular,empirical,30,0.0011634671320535084,0,1.353655767368816e-06,0.0011641444853737134
s44-130-29,u029,2025-07-07,regular,empirical,60,0.004072134962187279,0,1.6582283150267994e-05,0.004080448681161805
s44-130-29,u029,2025-07-07,regular,empirical,120,0.018615474112856356,0,0.0003465358764464251,0.018790922836881
s44-130-29,u029,2025-07-07,regular,hazard,30,0.0018796601951226455,0,3.533122449128502e-06,0.0018814289731625257
s44-130-29,u029,2025-07-07,regular,hazard,60,0.004972189882389899,0,2.472267222654048e-05,0.0049845923471897105
s44-130-29,u029,2025-07-07,regular,hazard,120,0.018393995641857175,0,0.00033833907567266074,0.018565268694870126
s44-130-29,u029,2025-07-07,regular,hazard_cal,30,0.0037662216287476236,0,1.4184425356846403e-05,0.0037733316991074126
s44-130-29,u029,2025-07-07,regular,hazard_cal,60,0.009683689157316655,0,9.377383569553214e-05,0.009730880982942159
s44-130-29,u029,2025-07-07,regular,hazard_cal,120,0.03344088542271895,0,0.0011182928178554165,0.03401281864774435
s44-130-47,u047,2025-07-07,regular,empirical,30,0.0011634671320535084,0,1.353655767368816e-06,0.0011641444853737134
s44-130-47,u047,2025-07-07,regular,empirical,60,0.004072134962187279,0,1.6582283150267994e-05,0.004080448681161805
s44-130-47,u047,2025-07-07,regular,empirical,120,0.018615474112856356,0,0.0003465358764464251,0.018790922836881
s44-130-47,u047,2025-07-07,regular,hazard,30,0.005168851776298444,0,2.6717028685343582e-05,0.005182256501952511
s44-130-47,u047,2025-07-07,regular,hazard,60,0.013631287077785714,0,0.0001858119873970078,0.01372504608373101
s44-130-47,u047,2025-07-07,regular,hazard,120,0.049762994783249415,0,0.0024763556497977087,0.05104384632677823
s44-130-47,u047,2025-07-07,regular,hazard_cal,30,0.009467014216505087,0,8.962435817550943e-05,0.009512111244078341
s44-130-47,u047,2025-07-07,regular,hazard_cal,60,0.024219652286704307,0,0.0005865915568888612,0.024517771469842967
s44-130-47,u047,2025-07-07,regular,hazard_cal,120,0.08196479211913077,0,0.006718227147132321,0.08551953628569246
s44-130-10,u010,2025-07-07,variable,empirical,30,0.0011634671320535084,0,1.353655767368816e-06,0.0011641444853737134
s44-130-10,u010,2025-07-07,variable,empirical,60,0.004072134962187279,0,1.6582283150267994e-05,0.004080448681161805
s44-130-10,u010,2025-07-07,variable,empirical,120,0.018615474112856356,0,0.0003465358764464251,0.018790922836881
s44-130-10,u010,2025-07-07,variable,hazard,30,0.0011021790546161814,0,1.2147986684346194e-06,0.0011027869006282076
s44-130-10,u010,2025-07-07,variable,hazard,60,0.0029176540152513475,0,8.51270495271231e-06,0.002921918664929225
s44-130-10,u010,2025-07-07,variable,hazard,120,0.010827544135194156,0,0.00011723571199957736,0.0108865885822299
s44-130-10,u010,2025-07-07,variable,hazard_cal,30,0.002314392854946057,0,5.35641428702536e-06,0.0023170752015579874
s44-130-10,u010,2025-07-07,variable,hazard_cal,60,0.005958363423785751,0,3.550209468990785e-05,0.005976185299200688
s44-130-10,u010,2025-07-07,variable,hazard_cal,120,0.02068309291788739,0,0.00042779033264996356,0.02089998394805802
s44-130-13,u013,2025-07-07,regular,empirical,30,0.0011634671320535084,0,1.353655767368816e-06,0.0011641444853737134
s44-130-13,u013,2025-07-07,regular,empirical,60,0.004072134962187279,0,1.6582283150267994e-05,0.004080448681161805
s44-130-13,u013,2025-07-07,regular,empirical,120,0.018615474112856356,0,0.0003465358764464251,0.018790922836881
s44-130-13,u013,2025-07-07,regular,hazard,30,0.0022179032632199114,0,4.9190948850015315e-06,0.0022203664534147386
s44-130-13,u013,2025-07-07,regular,hazard,60,0.005865089765095144,0,3.439927795262381e-05,0.005882356952911581
s44-130-13,u013,2025-07-07,regular,hazard,120,0.021667497919121925,0,0.00046948046607515296,0.021905685050205015
s44-130-13,u013,2025-07-07,regular,hazard_cal,30,0.004379592472633864,0,1.9180830226351205e-05,0.004389210981453096
s44-130-13,u013,2025-07-07,regular,hazard_cal,60,0.01125470672944906,0,0.00012666842356590596,0.011318520194232237
s44-130-13,u013,2025-07-07,regular,hazard_cal,120,0.03878125362904972,0,0.0015039856330406817,0.03955327221912973
s44-130-21,u021,2025-07-07,variable,empirical,30,0.0011634671320535084,0,1.353655767368816e-06,0.0011641444853737134
s44-130-21,u021,2025-07-07,variable,empirical,60,0.004072134962187279,0,1.6582283150267994e-05,0.004080448681161805
s44-130-21,u021,2025-07-07,variable,empirical,120,0.018615474112856356,0,0.0003465358764464251,0.018790922836881
s44-130-21,u021,2025-07-07,variable,hazard,30,0.001400494190408108,0,1.961383977366862e-06,0.001401475798995249
s44-130-21,u021,2025-07-07,variable,hazard,60,0.0037063185977022073,0,1.3736797547673256e-05,0.0037132040147739966
s44-130-21,u021,2025-07-07,variable,hazard,120,0.0137376929796873,0,0.0001887242084041497,0.013832928298832632
s44-130-21,u021,2025-07-07,variable,hazard_cal,30,0.0028796777403653495,0,8.292543888355685e-06,0.0028838319894921474
s44-130-21,u021,2025-07-07,variable,hazard_cal,60,0.007409991993845622,0,5.490798134885621e-05,0.007437582365304875
s44-130-21,u021,2025-07-07,variable,hazard_cal,120,0.025670171979806367,0,0.0006589577294728359,0.026005400198369773
s44-130-30,u030,2025-07-07,variable,empirical,30,0.0011634671320535084,0,1.353655767368816e-06,0.0011641444853737134
s44-130-30,u030,2025-07-07,variable,empirical,60,0.004072134962187279,0,1.6582283150267994e-05,0.004080448681161805
s44-130-30,u030,2025-07-07,variable,empirical,120,0.018615474112856356,0,0.0003465358764464251,0.018790922836881
s44-130-30,u030,2025-07-07,variable,hazard,30,0.0018893264005633847,0,3.5695542478657954e-06,0.0018911134288952622
s44-130-30,u030,2025-07-07,variable,hazard,60,0.004997714686109878,0,2.4977152083758352e-05,0.005010245028302399
s44-130-30,u030,2025-07-07,variable,hazard,120,0.018487698213903503,0,0.00034179498524837076,0.01866073168538294
s44-130-30,u030,2025-07-07,variable,hazard_cal,30,0.0037838798197897816,0,1.431774649061235e-05,0.003791056803317519
s44-130-30,u030,2025-07-07,variable,hazard_cal,60,0.00972894058612872,0,9.465228492842265e-05,0.009776575941417107
s44-130-30,u030,2025-07-07,variable,hazard_cal,120,0.033595037801328,0,0.001128626564872657,0.03417231708932219
s44-130-6,u006,2025-07-07,variable,empirical,30,0.0011634671320535084,0,1.353655767368816e-06,0.0011641444853737134
s44-130-6,u006,2025-07-07,variable,empirical,60,0.004072134962187279,0,1.6582283150267994e-05,0.004080448681161805
s44-130-6,u006,2025-07-07,variable,empirical,120,0.018615474112856356,0,0.0003465358764464251,0.018790922836881
s44-130-6,u006,2025-07-07,variable,hazard,30,0.0006425438057809929,0,4.1286254234752233e-07,0.0006427503255222255
s44-130-6,u006,2025-07-07,variable,hazard,60,0.0017016473915649755,0,2.895603845219885e-06,0.0017030968380188167
s44-130-6,u006,2025-07-07,variable,hazard,120,0.006326675404320969,0,4.00268216716399e-05,0.006346773629967462
s44-130-6,u006,2025-07-07,variable,hazard_cal,30,0.0014144213532532035,0,2.0005877645386236e-06,0.0014154225913618787
s44-130-6,u006,2025-07-07,variable,hazard_cal,60,0.0036442877508555682,0,1.3280833211035936e-05,0.0036509443447444306
s44-130-6,u006,2025-07-07,variable,hazard_cal,120,0.012691126837030331,0,0.0001610647003935915,0.012772347103417386
s44-130-11,u011,2025-07-07,variable,empirical,30,0.0011634671320535084,0,1.353655767368816e-06,0.0011641444853737134
s44-130-11,u011,2025-07-07,variable,empirical,60,0.004072134962187279,0,1.6582283150267994e-05,0.004080448681161805
s44-130-11,u011,2025-07-07,variable,empirical,120,0.018615474112856356,0,0.0003465358764464251,0.018790922836881
s44-130-11,u011,2025-07-07,variable,hazard,30,0.0007930914136703437,0,6.289939904376243e-07,0.0007934060770477781
s44-130-11,u011,2025-07-07,variable,hazard,60,0.0021000489702466263,0,4.410205677433915e-06,0.002102257165171969
s44-130-11,u011,2025-07-07,variable,hazard,120,0.0078031519366106306,0,6.088918014583023e-05,0.007833755835221837
s44-130-11,u011,2025-07-07,variable,hazard_cal,30,0.00171401230998669,0,2.937838198785909e-06,0.001715482909743715
s44-130-11,u011,2025-07-07,variable,hazard_cal,60,0.0044150263688116365,0,1.9492457837302063e-05,0.004424801379627789
s44-130-11,u011,2025-07-07,variable,hazard_cal,120,0.015358712875864655,0,0.00023589006120325074,0.015477879646544544
s44-130-2,u002,2025-07-07,regular,empirical,30,0.0011634671320535084,0,1.353655767368816e-06,0.0011641444853737134
s44-130-2,u002,2025-07-07,regular,empirical,60,0.004072134962187279,0,1.6582283150267994e-05,0.004080448681161805
s44-130-2,u002,2025-07-07,regular,empirical,120,0.018615474112856356,0,0.0003465358764464251,0.018790922836881
s44-130-2,u002,2025-07-07,regular,hazard,30,0.0006090803494203101,0,3.7097887204996704e-07,0.0006092659142094052
s44-130-2,u002,2025-07-07,regular,hazard,60,0.0016130762684785083,0,2.6020150479285483e-06,0.0016143786767801884
s44-130-2,u002,2025-07-07,regular,hazard,120,0.0059981852541375336,0,3.5978226342952946e-05,0.006016246627166761
s44-130-2,u002,2025-07-07,regular,hazard_cal,30,0.0013470327256293047,0,1.8144971639163136e-06,0.0013479407897642709
s44-130-2,u002,2025-07-07,regular,hazard_cal,60,0.0034708652768756787,0,1.2046905770221282e-05,0.0034769027038727873
s44-130-2,u002,2025-07-07,regular,hazard_cal,120,0.012090106856624705,0,0.0001461706838046037,0.012163786665245466
s44-130-34,u034,2025-07-07,variable,empirical,30,0.0011634671320535084,0,1.353655767368816e-06,0.0011641444853737134
s44-130-34,u034,2025-07-07,variable,empirical,60,0.004072134962187279,0,1.6582283150267994e-05,0.004080448681161805
s44-130-34,u034,2025-07-07,variable,empirical,120,0.018615474112856356,0,0.0003465358764464251,0.018790922836881
s44-130-34,u034,2025-07-07,variable,hazard,30,0.0004845691101830196,0,2.3480722254356341e-07,0.000484686551734856
s44-130-34,u034,2025-07-07,variable,hazard,60,0.0012834714292133675,0,1.6472989096070044e-06,0.001284295784100962
s44-130-34,u034,2025-07-07,variable,hazard,120,0.004774970776115661,0,2.28003459127586e-05,0.004786407369862899
s44-130-34,u034,2025-07-07,variable,hazard_cal,30,0.0010932581778116957,0,1.1952134433521493e-06,0.0010938562204497752
s44-130-34,u034,2025-07-07,variable,hazard_cal,60,0.0028175998973707372,0,7.93886918166359e-06,0.002821576803939244
s44-130-34,u034,2025-07-07,variable,hazard_cal,120,0.009823510563132243,0,9.650135978397075e-05,0.0098720795836421
s44-130-33,u033,2025-07-07,variable,empirical,30,0.0011634671320535084,0,1.353655767368816e-06,0.0011641444853737134
s44-130-33,u033,2025-07-07,variable,empirical,60,0.004072134962187279,0,1.6582283150267994e-05,0.004080448681161805
s44-130-33,u033,2025-07-07,variable,empirical,120,0.018615474112856356,0,0.0003465358764464251,0.018790922836881
s44-130-33,u033,2025-07-07,variable,hazard,30,0.0004298690539308314,0,1.8478740352738805e-07,0.0004299614741192634
s44-130-33,u033,2025-07-07,variable,hazard,60,0.0011386459349777,0,1.2965145652412407e-06,0.0011392946847712877
s44-130-33,u033,2025-07-07,variable,hazard,120,0.004237109432271957,0,1.7953096341047986e-05,0.004246111417706283
s44-130-33,u033,2025-07-07,variable,hazard_cal,30,0.0009800257317709171,0,9.604504349331215e-07,0.000980506270974561
s44-130-33,u033,2025-07-07,variable,hazard_cal,60,0.002526023211457562,0,6.380793264822375e-06,0.0025292189909665148
s44-130-33,u033,2025-07-07,variable,hazard_cal,120,0.008810509968014135,0,7.762508589647644e-05,0.008849552000269916
s44-130-58,u058,2025-07-07,new,empirical,30,0.0011634671320535084,0,1.353655767368816e-06,0.0011641444853737134
s44-130-58,u058,2025-07-07,new,empirical,60,0.004072134962187279,0,1.6582283150267994e-05,0.004080448681161805
s44-130-58,u058,2025-07-07,new,empirical,120,0.018615474112856356,0,0.0003465358764464251,0.018790922836881
s44-130-58,u058,2025-07-07,new,hazard,30,0.0012170580710121337,0,1.4812303482157758e-06,0.001217799287649737
s44-130-58,u058,2025-07-07,new,hazard,60,0.0032214148032834178,0,1.0377513334813541e-05,0.0032266147303686176
s44-130-58,u058,2025-07-07,new,hazard,120,0.011949247600932966,0,0.00014278451822840224,0.01202121372863551
s44-130-58,u058,2025-07-07,new,hazard_cal,30,0.002533510248963977,0,6.418674181605514e-06,0.002536725016967819
s44-130-58,u058,2025-07-07,new,hazard_cal,60,0.006521219625099994,0,4.252630539878931e-05,0.006542575673418433
s44-130-58,u058,2025-07-07,new,hazard_cal,120,0.02261919167275317,0,0.0005116278319287463,0.022878929772411686
s44-130-18,u018,2025-07-07,regular,empirical,30,0.0011634671320535084,0,1.353655767368816e-06,0.0011641444853737134
s44-130-18,u018,2025-07-07,regular,empirical,60,0.004072134962187279,0,1.6582283150267994e-05,0.004080448681161805
s44-130-18,u018,2025-07-07,regular,empirical,120,0.018615474112856356,0,0.0003465358764464251,0.018790922836881
s44-130-18,u018,2025-07-07,regular,hazard,30,0.0025998567809095707,0,6.759255281241476e-06,0.002603242277694441
s44-130-18,u018,2025-07-07,regular,hazard,60,0.006872702932740116,0,4.723404560169459e-05,0.006896428724910316
s44-130-18,u018,2025-07-07,regular,hazard,120,0.025350771174906694,0,0.0006426615991624801,0.025677638022950554
s44-130-18,u018,2025-07-07,regular,hazard_cal,30,0.005062245353492201,0,2.5626328018953377e-05,0.005075101924599864
s44-130-18,u018,2025-07-07,regular,hazard_cal,60,0.013001177248632256,0,0.000169030609850353,0.013086432303806777
s44-130-18,u018,2025-07-07,regular,hazard_cal,120,0.04469050187726953,0,0.0019972409580422314,0.04571990920066512
s44-130-3,u003,2025-07-07,variable,empirical,30,0.0011634671320535084,0,1.353655767368816e-06,0.0011641444853737134
s44-130-3,u003,2025-07-07,variable,empirical,60,0.004072134962187279,0,1.6582283150267994e-05,0.004080448681161805
s44-130-3,u003,2025-07-07,variable,empirical,120,0.018615474112856356,0,0.0003465358764464251,0.018790922836881
s44-130-3,u003,2025-07-07,variable,hazard,30,0.0009634698185563284,0,9.282740912689644e-07,0.000963934253938909
s44-130-3,u003,2025-07-07,variable,hazard,60,0.002550795489895674,0,6.5065576312721125e-06,0.0025540543116160637
s44-130-3,u003,2025-07-07,variable,hazard,120,0.009471442009093223,0,8.970821373161586e-05,0.00951658136526368
s44-130-3,u003,2025-07-07,variable,hazard_cal,30,0.002047092880571255,0,4.190589261685519e-06,0.0020491910391080407
s44-130-3,u003,2025-07-07,variable,hazard_cal,60,0.005271444240970258,0,2.7788124385658497e-05,0.005285387324875164
s44-130-3,u003,2025-07-07,variable,hazard_cal,120,0.018316115407181255,0,0.00033548008360918255,0.018485932235027834
s44-130-32,u032,2025-07-07,regular,empirical,30,0.0011634671320535084,0,1.353655767368816e-06,0.0011641444853737134
s44-130-32,u032,2025-07-07,regular,empirical,60,0.004072134962187279,0,1.6582283150267994e-05,0.004080448681161805
s44-130-32,u032,2025-07-07,regular,empirical,120,0.018615474112856356,0,0.0003465358764464251,0.018790922836881
s44-130-32,u032,2025-07-07,regular,hazard,30,0.00505152110393714,0,2.55178654635223e-05,0.00506432316813189
s44-130-32,u032,2025-07-07,regular,hazard,60,0.013323313576132256,0,0.0001775106846479501,0.013412865224378552
s44-130-32,u032,2025-07-07,regular,hazard,120,0.04866161788672019,0,0.002367953055353166,0.04988546257084121
s44-130-32,u032,2025-07-07,regular,hazard_cal,30,0.00927119507878671,0,8.595505818891889e-05,0.009314440104126315
s44-130-32,u032,2025-07-07,regular,hazard_cal,60,0.023722775911379168,0,0.0005627700969415118,0.02400869182666683
s44-130-32,u032,2025-07-07,regular,hazard_cal,120,0.08033869444876263,0,0.006454305825731643,0.08374982286143702
s44-130-59,u059,2025-07-07,new,empirical,30,0.0011634671320535084,0,1.353655767368816e-06,0.0011641444853737134
s44-130-59,u059,2025-07-07,new,empirical,60,0.004072134962187279,0,1.6582283150267994e-05,0.004080448681161805
s44-130-59,u059,2025-07-07,new,empirical,120,0.018615474112856356,0,0.0003465358764464251,0.018790922836881
s44-130-59,u059,2025-07-07,new,hazard,30,0.0006891652361752376,0,4.7494872275247106e-07,0.0006894028196990886
s44-130-59,u059,2025-07-07,new,hazard,60,0.0018250358879878803,0,3.330755992443711e-06,0.0018267032950113817
s44-130-59,u059,2025-07-07,new,hazard,120,0.006784146372851074,0,4.6024642008268385e-05,0.006807263305615312
s44-130-59,u059,2025-07-07,new,hazard_cal,30,0.0015077984191128602,0,2.27345607267924e-06,0.001508936291080735
s44-130-59,u059,2025-07-07,new,hazard_cal,60,0.0038845566216000327,0,1.508978014641666e-05,0.0038921211078112145
s44-130-59,u059,2025-07-07,new,hazard_cal,120,0.0135233318209107,0,0.00018288050353845592,0.013615604910066907
s44-130-19,u019,2025-07-07,variable,empirical,30,0.0011634671320535084,0,1.353655767368816e-06,0.0011641444853737134
s44-130-19,u019,2025-07-07,variable,empirical,60,0.004072134962187279,0,1.6582283150267994e-05,0.004080448681161805
s44-130-19,u019,2025-07-07,variable,empirical,120,0.018615474112856356,0,0.0003465358764464251,0.018790922836881
s44-130-19,u019,2025-07-07,variable,hazard,30,0.0007250636541438205,0,5.257173025603897e-07,0.0007253266399237382
s44-130-19,u019,2025-07-07,variable,hazard,60,0.0019200375336184683,0,3.6865441305036907e-06,0.001921883168520966
s44-130-19,u019,2025-07-07,variable,hazard,120,0.007136253133525838,0,5.0926108785757346e-05,0.007161837980544001
s44-130-19,u019,2025-07-07,variable,hazard_cal,30,0.0015793192088717767,0,2.4942491635113745e-06,0.0015805676480826916
s44-130-19,u019,2025-07-07,variable,hazard_cal,60,0.004068560306456304,0,1.6553182967271812e-05,0.00407685941587335
s44-130-19,u019,2025-07-07,variable,hazard_cal,120,0.014160277138347555,0,0.0002005134486348084,0.014261490471301359
s44-130-31,u031,2025-07-07,regular,empirical,30,0.0011634671320535084,0,1.353655767368816e-06,0.0011641444853737134
s44-130-31,u031,2025-07-07,regular,empirical,60,0.004072134962187279,0,1.6582283150267994e-05,0.004080448681161805
s44-130-31,u031,2025-07-07,regular,empirical,120,0.018615474112856356,0,0.0003465358764464251,0.018790922836881
s44-130-31,u031,2025-07-07,regular,hazard,30,0.004932160253220408,0,2.43262047634472e-05,0.004944363497709417
s44-130-31,u031,2025-07-07,regular,hazard,60,0.013009942185502332,0,0.0001692585956701132,0.01309531273566374
s44-130-31,u031,2025-07-07,regular,hazard,120,0.04753986137175881,0,0.0022600384192460452,0.04870702206617921
s44-130-31,u031,2025-07-07,regular,hazard_cal,30,0.009071556458445817,0,8.229313657877003e-05,0.009112953574433908
s44-130-31,u031,2025-07-07,regular,hazard_cal,60,0.023216030556847622,0,0.0005389840748164825,0.02348976761929302
s44-130-31,u031,2025-07-07,regular,hazard_cal,120,0.07867794832886044,0,0.006190219553238833,0.08194562776767818
s44-130-38,u038,2025-07-07,regular,empirical,30,0.0011634671320535084,0,1.353655767368816e-06,0.0011641444853737134
s44-130-38,u038,2025-07-07,regular,empirical,60,0.004072134962187279,0,1.6582283150267994e-05,0.004080448681161805
s44-130-38,u038,2025-07-07,regular,empirical,120,0.018615474112856356,0,0.0003465358764464251,0.018790922836881
s44-130-38,u038,2025-07-07,regular,hazard,30,0.0010611998635888797,0,1.126145150481057e-06,0.001061763334836467
s44-130-38,u038,2025-07-07,regular,hazard,60,0.0028092819830455307,0,7.892065260264229e-06,0.002813235421627495
s44-130-38,u038,2025-07-07,regular,hazard,120,0.010427103140034255,0,0.00010872447989291222,0.010481846253890328
s44-130-38,u038,2025-07-07,regular,hazard_cal,30,0.002235750687048399,0,4.998581134637388e-06,0.0022382537090670997
s44-130-38,u038,2025-07-07,regular,hazard_cal,60,0.005756298925661207,0,3.313497732156837e-05,0.005772930268351884
s44-130-38,u038,2025-07-07,regular,hazard_cal,120,0.019987293189775768,0,0.0003994918890540568,0.020189741268697152
s44-130-45,u045,2025-07-07,variable,empirical,30,0.0011634671320535084,0,1.353655767368816e-06,0.0011641444853737134
s44-130-45,u045,2025-07-07,variable,empirical,60,0.004072134962187279,0,1.6582283150267994e-05,0.004080448681161805
s44-130-45,u045,2025-07-07,variable,empirical,120,0.018615474112856356,0,0.0003465358764464251,0.018790922836881
s44-130-45,u045,2025-07-07,variable,hazard,30,0.0011563072479592318,0,1.3370464516830524e-06,0.0011569762869779114
s44-130-45,u045,2025-07-07,variable,hazard,60,0.003060786768704804,0,9.368415643478395e-06,0.003065480556763093
s44-130-45,u045,2025-07-07,variable,hazard,120,0.01135622372070455,0,0.0001289638171946927,0.011421198006007325
s44-130-45,u045,2025-07-07,variable,hazard_cal,30,0.0024178751309593682,0,5.846120148911782e-06,0.0024208029113241716
s44-130-45,u045,2025-07-07,variable,hazard_cal,60,0.006224209847184303,0,3.874078822178605e-05,0.006243660995317272
s44-130-45,u045,2025-07-07,variable,hazard_cal,120,0.021597924411218106,0,0.00046647033887269095,0.02183457320015942
s44-130-46,u046,2025-07-07,regular,empirical,30,0.0011634671320535084,0,1.353655767368816e-06,0.0011641444853737134
s44-130-46,u046,2025-07-07,regular,empirical,60,0.004072134962187279,0,1.6582283150267994e-05,0.004080448681161805
s44-130-46,u046,2025-07-07,regular,empirical,120,0.018615474112856356,0,0.0003465358764464251,0.018790922836881
s44-130-46,u046,2025-07-07,regular,hazard,30,0.0012040667191243193,0,1.4497766641028024e-06,0.0012047921898582841
s44-130-46,u046,2025-07-07,regular,hazard,60,0.003187066580568887,0,1.0157393388979057e-05,0.0031921560938854804
s44-130-46,u046,2025-07-07,regular,hazard,120,0.011822461735028211,0,0.00013977060147620627,0.011892902777236166
s44-130-46,u046,2025-07-07,regular,hazard_cal,30,0.002508825878374865,0,6.2942072880034135e-06,0.002511978255633091
s44-130-46,u046,2025-07-07,regular,hazard_cal,60,0.006457822691797066,0,4.1703473918689106e-05,0.006478764637023163
s44-130-46,u046,2025-07-07,regular,hazard_cal,120,0.022401272672711747,0,0.0005018170173571821,0.022655992399442174
s44-130-48,u048,2025-07-07,regular,empirical,30,0.0011634671320535084,0,1.353655767368816e-06,0.0011641444853737134
s44-130-48,u048,2025-07-07,regular,empirical,60,0.004072134962187279,0,1.6582283150267994e-05,0.004080448681161805
s44-130-48,u048,2025-07-07,regular,empirical,120,0.018615474112856356,0,0.0003465358764464251,0.018790922836881
s44-130-48,u048,2025-07-07,regular,hazard,30,0.0017109646148156799,0,2.927399913151368e-06,0.0017124299864768313
s44-130-48,u048,2025-07-07,regular,hazard,60,0.004526654669911312,0,2.0490602500629888e-05,0.00453693099446988
s44-130-48,u048,2025-07-07,regular,hazard,120,0.01675723285826569,0,0.0002808048530661394,0.016899223769753897
s44-130-48,u048,2025-07-07,regular,hazard_cal,30,0.0034567027482950152,0,1.1948793890070311e-05,0.0034626909488420193
s44-130-48,u048,2025-07-07,regular,hazard_cal,60,0.008890277568626148,0,7.903703524721725e-05,0.008930031879547013
s44-130-48,u048,2025-07-07,regular,hazard_cal,120,0.03073489349396219,0,0.0009446336780851994,0.03121711678413875
s44-130-53,u053,2025-07-07,regular,empirical,30,0.0011634671320535084,0,1.353655767368816e-06,0.0011641444853737134
s44-130-53,u053,2025-07-07,regular,empirical,60,0.004072134962187279,0,1.6582283150267994e-05,0.004080448681161805
s44-130-53,u053,2025-07-07,regular,empirical,120,0.018615474112856356,0,0.0003465358764464251,0.018790922836881
s44-130-53,u053,2025-07-07,regular,hazard,30,0.004293222075964498,0,1.8431755793548914e-05,0.004302464416293389
s44-130-53,u053,2025-07-07,regular,hazard,60,0.011331282425748879,0,0.0001283979614120854,0.011395970536869773
s44-130-53,u053,2025-07-07,regular,hazard,120,0.041512355189589845,0,0.001723275633386667,0.04239860670950049
s44-130-53,u053,2025-07-07,regular,hazard_cal,30,0.007995011776265049,0,6.39202133026168e-05,0.00802714325856116
s44-130-53,u053,2025-07-07,regular,hazard_cal,60,0.020480335350624546,0,0.0004194441360740414,0.020692965587350426
s44-130-53,u053,2025-07-07,regular,hazard_cal,120,0.06967119393398336,0,0.004854075264186719,0.07221720041094952
s44-130-4,u004,2025-07-07,regular,empirical,30,0.0011634671320535084,0,1.353655767368816e-06,0.0011641444853737134
s44-130-4,u004,2025-07-07,regular,empirical,60,0.004072134962187279,0,1.6582283150267994e-05,0.004080448681161805
s44-130-4,u004,2025-07-07,regular,empirical,120,0.018615474112856356,0,0.0003465358764464251,0.018790922836881
s44-130-4,u004,2025-07-07,regular,hazard,30,0.0007678997164906054,0,5.896699745863522e-07,0.0007681947025006818
s44-130-4,u004,2025-07-07,regular,hazard,60,0.002033390692102399,0,4.134677706728674e-06,0.0020354608377083387
s44-130-4,u004,2025-07-07,regular,hazard,120,0.007556242134461377,0,5.709679519460943e-05,0.007584935164430847
s44-130-4,u004,2025-07-07,regular,hazard_cal,30,0.001664256731655156,0,2.7697504688595017e-06,0.0016656431453353098
s44-130-4,u004,2025-07-07,regular,hazard_cal,60,0.004287051516058793,0,1.8378810701341994e-05,0.004296267269781383
s44-130-4,u004,2025-07-07,regular,hazard_cal,120,0.01491617931967748,0,0.00022249240549677415,0.0150285442932209
s44-130-54,u054,2025-07-07,new,empirical,30,0.0011634671320535084,0,1.353655767368816e-06,0.0011641444853737134
s44-130-54,u054,2025-07-07,new,empirical,60,0.004072134962187279,0,1.6582283150267994e-05,0.004080448681161805
s44-130-54,u054,2025-07-07,new,empirical,120,0.018615474112856356,0,0.0003465358764464251,0.018790922836881
s44-130-54,u054,2025-07-07,new,hazard,30,0.001000005864680964,0,1.0000117293963225e-06,0.0010005062041350662
s44-130-54,u054,2025-07-07,new,hazard,60,0.002647435278432475,0,7.0089135534888365e-06,0.002650945932731507
s44-130-54,u054,2025-07-07,new,hazard,120,0.009828821806254107,0,9.660573809909623e-05,0.009877443533829928
s44-130-54,u054,2025-07-07,new,hazard_cal,30,0.002117810996060898,0,4.485123415036453e-06,0.0021200567290205973
s44-130-54,u054,2025-07-07,new,hazard_cal,60,0.005453210227135519,0,2.9737501781335416e-05,0.005468133255024433
s44-130-54,u054,2025-07-07,new,hazard_cal,120,0.018942884437283758,0,0.0003588328708042872,0.019124599335126658
s44-131-21,u021,2025-07-08,variable,empirical,30,0.0011634671320535084,0,1.353655767368816e-06,0.0011641444853737134
s44-131-21,u021,2025-07-08,variable,empirical,60,0.004072134962187279,0,1.6582283150267994e-05,0.004080448681161805
s44-131-21,u021,2025-07-08,variable,empirical,120,0.018615474112856356,0,0.0003465358764464251,0.018790922836881
s44-131-21,u021,2025-07-08,variable,hazard,30,0.0023888389506860896,0,5.706551532315018e-06,0.0023916967786198774
s44-131-21,u021,2025-07-08,variable,hazard,60,0.006316115365774699,0,3.9893313313775266e-05,0.006336146412578132
s44-131-21,u021,2025-07-08,variable,hazard,120,0.02331760876885014,0,0.0005437108786971569,0.02359376553206896
s44-131-21,u021,2025-07-08,variable,hazard_cal,30,0.004686306639009152,0,2.1961469914821257e-05,0.004697321801057678
s44-131-21,u021,2025-07-08,variable,hazard_cal,60,0.012039651716597932,0,0.00014495321345697954,0.012112715356026996
s44-131-21,u021,2025-07-08,variable,hazard_cal,120,0.041440725265398104,0,0.0017173337105222048,0.04232387726652778
s44-131-16,u016,2025-07-08,regular,empirical,30,0.0011634671320535084,0,1.353655767368816e-06,0.0011641444853737134
s44-131-16,u016,2025-07-08,regular,empirical,60,0.004072134962187279,0,1.6582283150267994e-05,0.004080448681161805
s44-131-16,u016,2025-07-08,regular,empirical,120,0.018615474112856356,0,0.0003465358764464251,0.018790922836881
s44-131-16,u016,2025-07-08,regular,hazard,30,0.002331608319306233,0,5.4363973546580375e-06,0.0023343307505690747
s44-131-16,u016,2025-07-08,regular,hazard,60,0.006165124347872086,0,3.800875822472522e-05,0.006184207199514971
s44-131-16,u016,2025-07-08,regular,hazard,120,0.022765451845683904,0,0.0005182657977381526,0.023028585992719907
s44-131-16,u016,2025-07-08,regular,hazard_cal,30,0.004583842695795148,0,2.101161385979453e-05,0.004594380718147558
s44-131-16,u016,2025-07-08,regular,hazard_cal,60,0.011777472551038781,0,0.00013870885969047194,0.011847376383286215
s44-131-16,u016,2025-07-08,regular,hazard_cal,120,0.04055308707229044,0,0.0016445528710927698,0.04139829291524895
s44-131-19,u019,2025-07-08,variable,empirical,30,0.0011634671320535084,0,1.353655767368816e-06,0.0011641444853737134
s44-131-19,u019,2025-07-08,variable,empirical,60,0.004072134962187279,0,1.6582283150267994e-05,0.004080448681161805
s44-131-19,u019,2025-07-08,variable,empirical,120,0.018615474112856356,0,0.0003465358764464251,0.018790922836881
s44-131-19,u019,2025-07-08,variable,hazard,30,0.0010239929678405035,0,1.0485615981868026e-06,0.0010245176068212603
s44-131-19,u019,2025-07-08,variable,hazard,60,0.002710878879937595,0,7.348864301691709e-06,0.0027145599662462484
s44-131-19,u019,2025-07-08,variable,hazard,120,0.01006338240625293,0,0.000101271665454481,0.010114360535616377
s44-131-19,u019,2025-07-08,variable,hazard_cal,30,0.0021641153840933347,0,4.683395395669442e-06,0.00216646046575357
s44-131-19,u019,2025-07-08,variable,hazard_cal,60,0.0055722136119288335,0,3.104956453696497e-05,0.005587796307897653
s44-131-19,u019,2025-07-08,variable,hazard_cal,120,0.019353061861418608,0,0.0003745410034118955,0.019542784156979413
s44-131-30,u030,2025-07-08,variable,empirical,30,0.0011634671320535084,0,1.353655767368816e-06,0.0011641444853737134
s44-131-30,u030,2025-07-08,variable,empirical,60,0.004072134962187279,0,1.6582283150267994e-05,0.004080448681161805
s44-131-30,u030,2025-07-08,variable,empirical,120,0.018615474112856356,0,0.0003465358764464251,0.018790922836881
s44-131-30,u030,2025-07-08,variable,hazard,30,0.0026543741248228336,0,7.045701994528984e-06,0.0026579032222333447
s44-131-30,u030,2025-07-08,variable,hazard,60,0.007016464199594785,0,4.923076986419529e-05,0.0070411953358432726
s44-131-30,u030,2025-07-08,variable,hazard,120,0.025875351854187212,0,0.0006695338335779896,0.02621600801872079
s44-131-30,u030,2025-07-08,variable,hazard_cal,30,0.005158916086976273,0,2.661441519246258e-05,0.005172269239566501
s44-131-30,u030,2025-07-08,variable,hazard_cal,60,0.013248325545960338,0,0.0001755181297717453,0.013336867502145909
s44-131-30,u030,2025-07-08,variable,hazard_cal,120,0.04552440173752936,0,0.0020724711535599666,0.04659320108553243
s44-131-57,u057,2025-07-08,new,empirical,30,0.0011634671320535084,0,1.353655767368816e-06,0.0011641444853737134
s44-131-57,u057,2025-07-08,new,empirical,60,0.004072134962187279,0,1.6582283150267994e-05,0.004080448681161805
s44-131-57,u057,2025-07-08,new,empirical,120,0.018615474112856356,0,0.0003465358764464251,0.018790922836881
s44-131-57,u057,2025-07-08,new,hazard,30,0.003022138696898491,0,9.133322303291309e-06,0.0030267145796773324
s44-131-57,u057,2025-07-08,new,hazard,60,0.007985872400534832,0,6.377415799762397e-05,0.00801793026695499
s44-131-57,u057,2025-07-08,new,hazard,120,0.02940663866987947,0,0.0008647503978608506,0.02984768179320033
s44-131-57,u057,2025-07-08,new,hazard_cal,30,0.005806554802860964,0,3.371607867862773e-05,0.005823478385806531
s44-131-57,u057,2025-07-08,new,hazard_cal,60,0.01490299050886712,0,0.00022209912610738345,0.01501515586652566
s44-131-57,u057,2025-07-08,new,hazard_cal,120,0.051092508864294506,0,0.0026104444620480127,0.052443965486525704
s44-131-25,u025,2025-07-08,variable,empirical,30,0.0011634671320535084,0,1.353655767368816e-06,0.0011641444853737134
s44-131-25,u025,2025-07-08,variable,empirical,60,0.004072134962187279,0,1.6582283150267994e-05,0.004080448681161805
s44-131-25,u025,2025-07-08,variable,empirical,120,0.018615474112856356,0,0.0003465358764464251,0.018790922836881
s44-131-25,u025,2025-07-08,variable,hazard,30,0.0015211654605209457,0,2.3139443582819008e-06,0.001522323607337714
s44-131-25,u025,2025-07-08,variable,hazard,60,0.004025216740479842,0,1.6202369807839165e-05,0.0040333397305750696
s44-131-25,u025,2025-07-08,variable,hazard,120,0.01491241630530149,0,0.00022238016006262173,0.01502472430642418
s44-131-25,u025,2025-07-08,variable,hazard_cal,30,0.0031051792991775296,0,9.642138480040654e-06,0.0031100103719077492
s44-131-25,u025,2025-07-08,variable,hazard_cal,60,0.007988667347540446,0,6.38188059896589e-05,0.008020747717700063
s44-131-25,u025,2025-07-08,variable,hazard_cal,120,0.027652577895315167,0,0.000764665064256473,0.02804210823578368
s44-131-44,u044,2025-07-08,variable,empirical,30,0.0011634671320535084,0,1.353655767368816e-06,0.0011641444853737134
s44-131-44,u044,2025-07-08,variable,empirical,60,0.004072134962187279,0,1.6582283150267994e-05,0.004080448681161805
s44-131-44,u044,2025-07-08,variable,empirical,120,0.018615474112856356,0,0.0003465358764464251,0.018790922836881
s44-131-44,u044,2025-07-08,variable,hazard,30,0.0018529466637541292,0,3.433411338717558e-06,0.0018546654930176368
s44-131-44,u044,2025-07-08,variable,hazard,60,0.004901647135606257,0,2.402614464199703e-05,0.004913699608703739
s44-131-44,u044,2025-07-08,variable,hazard,120,0.018134992146341844,0,0.0003288779401478804,0.018301446621198834
s44-131-44,u044,2025-07-08,variable,hazard_cal,30,0.0037173791486572183,0,1.3818907734871465e-05,0.0037243057737807806
s44-131-44,u044,2025-07-08,variable,hazard_cal,60,0.009558516560047692,0,9.136523882870596e-05,0.009604492387832859
s44-131-44,u044,2025-07-08,variable,hazard_cal,120,0.033014373834110766,0,0.0010899488796584176,0.033571647997240585
s44-131-13,u013,2025-07-08,regular,empirical,30,0.0011634671320535084,0,1.353655767368816e-06,0.0011641444853737134
s44-131-13,u013,2025-07-08,regular,empirical,60,0.004072134962187279,0,1.6582283150267994e-05,0.004080448681161805
s44-131-13,u013,2025-07-08,regular,empirical,120,0.018615474112856356,0,0.0003465358764464251,0.018790922836881
s44-131-13,u013,2025-07-08,regular,hazard,30,0.005468008416461445,0,2.98991160424932e-05,0.00548301269516014
s44-131-13,u013,2025-07-08,regular,hazard,60,0.014416219234655414,0,0.00020782737702164874,0.014521142542279443
s44-131-13,u013,2025-07-08,regular,hazard,120,0.052565341099009566,0,0.002763115084855224,0.053997305985583006
s44-131-13,u013,2025-07-08,regular,hazard_cal,30,0.009964457641058577,0,9.929041608045067e-05,0.010014435125272192
s44-131-13,u013,2025-07-08,regular,hazard_cal,60,0.025481103330100563,0,0.000649286626919262,0.02581136907845405
s44-131-13,u013,2025-07-08,regular,hazard_cal,120,0.08608283255265992,0,0.0074102540602892855,0.09001533806003931
s44-131-20,u020,2025-07-08,variable,empirical,30,0.0011634671320535084,0,1.353655767368816e-06,0.0011641444853737134
s44-131-20,u020,2025-07-08,variable,empirical,60,0.004072134962187279,0,1.6582283150267994e-05,0.004080448681161805
s44-131-20,u020,2025-07-08,variable,empirical,120,0.018615474112856356,0,0.0003465358764464251,0.018790922836881
s44-131-20,u020,2025-07-08,variable,hazard,30,0.00026250679016626144,0,6.890981488339361e-08,0.0002625412511046553
s44-131-20,u020,2025-07-08,variable,hazard,60,0.0006954413181196051,0,4.836386269479338e-07,0.0006956832496056829
s44-131-20,u020,2025-07-08,variable,hazard,120,0.002589623966632537,0,6.706152288557636e-06,0.0025929828428475086
s44-131-20,u020,2025-07-08,variable,hazard_cal,30,0.0006247311802433098,0,3.902890475681988e-07,0.00062492640608044
s44-131-20,u020,2025-07-08,variable,hazard_cal,60,0.0016107524709901844,0,2.5945235228009847e-06,0.001612051127481703
s44-131-20,u020,2025-07-08,variable,hazard_cal,120,0.00562530419554641,0,3.1644047292432046e-05,0.0056411858064582725
s44-131-33,u033,2025-07-08,variable,empirical,30,0.0011634671320535084,0,1.353655767368816e-06,0.0011641444853737134
s44-131-33,u033,2025-07-08,variable,empirical,60,0.004072134962187279,0,1.6582283150267994e-05,0.004080448681161805
s44-131-33,u033,2025-07-08,variable,empirical,120,0.018615474112856356,0,0.0003465358764464251,0.018790922836881
s44-131-33,u033,2025-07-08,variable,hazard,30,0.0004138335858393516,0,1.7125823676865598e-07,0.0004139192385892074
s44-131-33,u033,2025-07-08,variable,hazard,60,0.0010961871664417755,0,1.2016263038716489e-06,0.0010967884190241158
s44-131-33,u033,2025-07-08,variable,hazard,120,0.004079378252026311,0,1.664132692310524e-05,0.00408772161370373
s44-131-33,u033,2025-07-08,variable,hazard_cal,30,0.0009465983424306046,0,8.960484218923681e-07,0.000947046649575079
s44-131-33,u033,2025-07-08,variable,hazard_cal,60,0.00243993564373135,0,5.953285945550718e-06,0.0024429171374600513
s44-131-33,u033,2025-07-08,variable,hazard_cal,120,0.008511265526623735,0,7.24416408646936e-05,0.00854769319134767
s44-131-51,u051,2025-07-08,regular,empirical,30,0.0011634671320535084,0,1.353655767368816e-06,0.0011641444853737134
s44-131-51,u051,2025-07-08,regular,empirical,60,0.004072134962187279,0,1.6582283150267994e-05,0.004080448681161805
s44-131-51,u051,2025-07-08,regular,empirical,120,0.018615474112856356,0,0.0003465358764464251,0.018790922836881
s44-131-51,u051,2025-07-08,regular,hazard,30,0.0005003067176718723,0,2.5030681174760255e-07,0.0005004319128368088
s44-131-51,u051,2025-07-08,regular,hazard,60,0.001325136063036858,0,1.7559855855608238e-06,0.0013260148322412697
s44-131-51,u051,2025-07-08,regular,hazard,120,0.004929663025702635,0,2.4301577546979662e-05,0.0049418538955652205
s44-131-51,u051,2025-07-08,regular,hazard_cal,30,0.001125623302915657,0,1.267027820066753e-06,0.001126257292626072
s44-131-51,u051,2025-07-08,regular,hazard_cal,60,0.002900930309106098,0,8.4153966582904e-06,0.0029051461626742325
s44-131-51,u051,2025-07-08,regular,hazard_cal,120,0.010112867109620338,0,0.00010227008117684081,0.010164349534248818
s44-131-6,u006,2025-07-08,variable,empirical,30,0.0011634671320535084,0,1.353655767368816e-06,0.0011641444853737134
s44-131-6,u006,2025-07-08,variable,empirical,60,0.004072134962187279,0,1.6582283150267994e-05,0.004080448681161805
s44-131-6,u006,2025-07-08,variable,empirical,120,0.018615474112856356,0,0.0003465358764464251,0.018790922836881
s44-131-6,u006,2025-07-08,variable,hazard,30,0.0006170765768630515,0,3.8078350171302153e-07,0.0006172670469743682
s44-131-6,u006,2025-07-08,variable,hazard,60,0.0016342411946598245,0,2.6707442823231706e-06,0.0016355780234666483
s44-131-6,u006,2025-07-08,variable,hazard,120,0.0060766892751530355,0,3.6926152546759924e-05,0.006095227490228917
s44-131-6,u006,2025-07-08,variable,hazard_cal,30,0.001363164414083684,0,1.8582172198241137e-06,0.0013640943679096439
s44-131-6,u006,2025-07-08,variable,hazard_cal,60,0.00351238153397726,0,1.2336824040224452e-05,0.003518564428031557
s44-131-6,u006,2025-07-08,variable,hazard_cal,120,0.012234013771260432,0,0.0001496710929553899,0.012309465332877896
s44-131-9,u009,2025-07-08,variable,empirical,30,0.0011634671320535084,0,1.353655767368816e-06,0.0011641444853737134
s44-131-9,u009,2025-07-08,variable,empirical,60,0.004072134962187279,0,1.6582283150267994e-05,0.004080448681161805
s44-131-9,u009,2025-07-08,variable,empirical,120,0.018615474112856356,0,0.0003465358764464251,0.018790922836881
s44-131-9,u009,2025-07-08,variable,hazard,30,0.0008201994008574243,0,6.727270571668777e-07,0.0008205359484226654
s44-131-9,u009,2025-07-08,variable,hazard,60,0.002171774349784328,0,4.71660382638114e-06,0.0021741360717351895
s44-131-9,u009,2025-07-08,variable,hazard,120,0.008068774402392842,0,6.510512035670997e-05,0.00810150313530307
s44-131-9,u009,2025-07-08,variable,hazard_cal,30,0.0017673977148089381,0,3.1236946823118566e-06,0.0017689614048631965
s44-131-9,u009,2025-07-08,variable,hazard_cal,60,0.004552324918172923,0,2.072366216061811e-05,0.004562718303961166
s44-131-9,u009,2025-07-08,variable,hazard_cal,120,0.0158333117170526,0,0.0002506937599293552,0.015959997614684838
s44-131-12,u012,2025-07-08,variable,empirical,30,0.0011634671320535084,0,1.353655767368816e-06,0.0011641444853737134
s44-131-12,u012,2025-07-08,variable,empirical,60,0.004072134962187279,0,1.6582283150267994e-05,0.004080448681161805
s44-131-12,u012,2025-07-08,variable,empirical,120,0.018615474112856356,0,0.0003465358764464251,0.018790922836881
s44-131-12,u012,2025-07-08,variable,hazard,30,0.00043117323866093127,0,1.8591036173735638e-07,0.0004312662205703012
s44-131-12,u012,2025-07-08,variable,hazard,60,0.001142099104309957,0,1.3043903640656062e-06,0.0011427517964987595
s44-131-12,u012,2025-07-08,variable,hazard,120,0.004249936796561271,0,1.806196277476548e-05,0.004258993447185631
s44-131-12,u012,2025-07-08,variable,hazard_cal,30,0.0009827395733276179,0,9.657770689841485e-07,0.0009832227784645896
s44-131-12,u012,2025-07-08,variable,hazard_cal,60,0.002533012108599131,0,6.416150342309815e-06,0.002536225611478434
s44-131-12,u012,2025-07-08,variable,hazard_cal,120,0.008834800550339916,0,7.805370076428649e-05,0.008874058797621452
s44-131-29,u029,2025-07-08,regular,empirical,30,0.0011634671320535084,0,1.353655767368816e-06,0.0011641444853737134
s44-131-29,u029,2025-07-08,regular,empirical,60,0.004072134962187279,0,1.6582283150267994e-05,0.004080448681161805
s44-131-29,u029,2025-07-08,regular,empirical,120,0.018615474112856356,0,0.0003465358764464251,0.018790922836881
s44-131-29,u029,2025-07-08,regular,hazard,30,0.0012322909211687216,0,1.5185409143948566e-06,0.0012330508159643736
s44-131-29,u029,2025-07-08,regular,hazard,60,0.003261688334864399,0,1.0638610793790495e-05,0.0032670192352412452
s44-131-29,u029,2025-07-08,regular,hazard,120,0.012097887873019575,0,0.0001463588909881541,0.012171662937253283
s44-131-29,u029,2025-07-08,regular,hazard_cal,30,0.00256242393634154,0,6.566016429536073e-06,0.0025657125636624816
s44-131-29,u029,2025-07-08,regular,hazard_cal,60,0.0065954752164906205,0,4.3500293331342e-05,0.006617321473770586
s44-131-29,u029,2025-07-08,regular,hazard_cal,120,0.022874386840871175,0,0.0005232375733458203,0.023140064928339303
s44-131-4,u004,2025-07-08,regular,empirical,30,0.0011634671320535084,0,1.353655767368816e-06,0.0011641444853737134
s44-131-4,u004,2025-07-08,regular,empirical,60,0.004072134962187279,0,1.6582283150267994e-05,0.004080448681161805
s44-131-4,u004,2025-07-08,regular,empirical,120,0.018615474112856356,0,0.0003465358764464251,0.018790922836881
s44-131-4,u004,2025-07-08,regular,hazard,30,0.000897573219524217,0,8.056376844070682e-07,0.0008979762795684036
s44-131-4,u004,2025-07-08,regular,hazard,60,0.0023764789016588184,0,5.647651970029504e-06,0.0023793072094749333
s44-131-4,u004,2025-07-08,regular,hazard,120,0.008826540353433221,0,7.790781461078505e-05,0.008865725007762853
s44-131-4,u004,2025-07-08,regular,hazard_cal,30,0.0019189394081371436,0,3.682328452101731e-06,0.001920782931146686
s44-131-4,u004,2025-07-08,regular,hazard_cal,60,0.0049419950837295,0,2.442331540760655e-05,0.0049542471244514615
s44-131-4,u004,2025-07-08,regular,hazard_cal,120,0.01717929089319381,0,0.0002951280355929718,0.017328567019867888
s44-131-5,u005,2025-07-08,regular,empirical,30,0.0011634671320535084,0,1.353655767368816e-06,0.0011641444853737134
s44-131-5,u005,2025-07-08,regular,empirical,60,0.004072134962187279,0,1.6582283150267994e-05,0.004080448681161805
s44-131-5,u005,2025-07-08,regular,empirical,120,0.018615474112856356,0,0.0003465358764464251,0.018790922836881
s44-131-5,u005,2025-07-08,regular,hazard,30,0.0028863619232463167,0,8.331085151966176e-06,0.002890535498723195
s44-131-5,u005,2025-07-08,regular,hazard,60,0.007628049070409926,0,5.818713262058173e-05,0.007657291439788489
s44-131-5,u005,2025-07-08,regular,hazard,120,0.028104414151123636,0,0.0007898580947778784,0.028506902258027197
s44-131-5,u005,2025-07-08,regular,hazard_cal,30,0.005568327054447653,0,3.100626618529367e-05,0.005583887979973378
s44-131-5,u005,2025-07-08,regular,hazard_cal,60,0.014294557719957024,0,0.00020433438040918294,0.014397709092301052
s44-131-5,u005,2025-07-08,regular,hazard_cal,120,0.049048080233889624,0,0.002405714174630074,0.05029177526886042
s44-131-38,u038,2025-07-08,regular,empirical,30,0.0011634671320535084,0,1.353655767368816e-06,0.0011641444853737134
s44-131-38,u038,2025-07-08,regular,empirical,60,0.004072134962187279,0,1.6582283150267994e-05,0.004080448681161805
s44-131-38,u038,2025-07-08,regular,empirical,120,0.018615474112856356,0,0.0003465358764464251,0.018790922836881
s44-131-38,u038,2025-07-08,regular,hazard,30,0.0014912908378548195,0,2.2239483630697297e-06,0.0014924039187922571
s44-131-38,u038,2025-07-08,regular,hazard,60,0.00394627368690903,0,1.5573076011990588e-05,0.0039540807709439385
s44-131-38,u038,2025-07-08,regular,hazard,120,0.01462172145523255,0,0.00021379473831440788,0.01472967240245722
s44-131-38,u038,2025-07-08,regular,hazard_cal,30,0.0030495047529334185,0,9.29947923816351e-06,0.0030541639671608366
s44-131-38,u038,2025-07-08,regular,hazard_cal,60,0.007845818379370595,0,6.155686604206943e-05,0.007876758753685648
s44-131-38,u038,2025-07-08,regular,hazard_cal,120,0.02716350914350152,0,0.0007378562289890906,0.02753925731370857
s44-131-27,u027,2025-07-08,regular,empirical,30,0.0011634671320535084,0,1.353655767368816e-06,0.0011641444853737134
s44-131-27,u027,2025-07-08,regular,empirical,60,0.004072134962187279,0,1.6582283150267994e-05,0.004080448681161805
s44-131-27,u027,2025-07-08,regular,empirical,120,0.018615474112856356,0,0.0003465358764464251,0.018790922836881
s44-131-27,u027,2025-07-08,regular,hazard,30,0.0024853580301157363,0,6.177004537860773e-06,0.0024884516592984618
s44-131-27,u027,2025-07-08,regular,hazard,60,0.006570724344576506,0,4.3174418412410354e-05,0.006592406584654116
s44-131-27,u027,2025-07-08,regular,hazard,120,0.024248103833943935,0,0.0005879705395417266,0.024546929632441487
s44-131-27,u027,2025-07-08,regular,hazard_cal,30,0.004858615469049421,0,2.3606144276086325e-05,0.004870456912102919
s44-131-27,u027,2025-07-08,regular,hazard_cal,60,0.012480439290472711,0,0.000155761364883175,0.012558974089596813
s44-131-27,u027,2025-07-08,regular,hazard_cal,120,0.042931592941395036,0,0.0018431216724856402,0.043880409353813696
s44-131-42,u042,2025-07-08,regular,empirical,30,0.0011634671320535084,0,1.353655767368816e-06,0.0011641444853737134
s44-131-42,u042,2025-07-08,regular,empirical,60,0.004072134962187279,0,1.6582283150267994e-05,0.004080448681161805
s44-131-42,u042,2025-07-08,regular,empirical,120,0.018615474112856356,0,0.0003465358764464251,0.018790922836881
s44-131-42,u042,2025-07-08,regular,hazard,30,0.004768731417295724,0,2.2740799330303284e-05,0.004780138094996797
s44-131-42,u042,2025-07-08,regular,hazard,60,0.012580761277261154,0,0.0001582755543154337,0.012660569123228814
s44-131-42,u042,2025-07-08,regular,hazard,120,0.046001786419655355,0,0.002116164353799588,0.04709348009289449
s44-131-42,u042,2025-07-08,regular,hazard_cal,30,0.00879748587533824,0,7.739575772677584e-05,0.00883641222504002
s44-131-42,u042,2025-07-08,regular,hazard_cal,60,0.022520061878386288,0,0.0005071531870063474,0.022777510993982657
s44-131-42,u042,2025-07-08,regular,hazard_cal,120,0.07639319043792636,0,0.005835919545285283,0.07946882868134328
s44-131-49,u049,2025-07-08,variable,empirical,30,0.0011634671320535084,0,1.353655767368816e-06,0.0011641444853737134
s44-131-49,u049,2025-07-08,variable,empirical,60,0.004072134962187279,0,1.6582283150267994e-05,0.004080448681161805
s44-131-49,u049,2025-07-08,variable,empirical,120,0.018615474112856356,0,0.0003465358764464251,0.018790922836881
s44-131-49,u049,2025-07-08,variable,hazard,30,0.0006314222275960457,0,3.9869402950235257e-07,0.0006316216585653136
s44-131-49,u049,2025-07-08,variable,hazard,60,0.0016722113932039484,0,2.79629094356109e-06,0.00167361109929635
s44-131-49,u049,2025-07-08,variable,hazard,120,0.0062175138932880625,0,3.865747901323008e-05,0.006236923126067101
s44-131-49,u049,2025-07-08,variable,hazard_cal,30,0.0013920597248860966,0,1.937830277649955e-06,0.0013930295401565927
s44-131-49,u049,2025-07-08,variable,hazard_cal,60,0.003586743098396128,0,1.2864726053892256e-05,0.0035931908837399085
s44-131-49,u049,2025-07-08,variable,hazard_cal,120,0.012491729996502166,0,0.000156043318305512,0.0125704075548412
s44-131-53,u053,2025-07-08,regular,empirical,30,0.0011634671320535084,0,1.353655767368816e-06,0.0011641444853737134
s44-131-53,u053,2025-07-08,regular,empirical,60,0.004072134962187279,0,1.6582283150267994e-05,0.004080448681161805
s44-131-53,u053,2025-07-08,regular,empirical,120,0.018615474112856356,0,0.0003465358764464251,0.018790922836881
s44-131-53,u053,2025-07-08,regular,hazard,30,0.0034266489772181163,0,1.1741923213069964e-05,0.00343253338520399
s44-131-53,u053,2025-07-08,regular,hazard,60,0.0090513753664333,0,8.192739602407557e-05,0.009092587939917742
s44-131-53,u053,2025-07-08,regular,hazard,120,0.033275828173862876,0,0.0011072807406564463,0.03384206534902404
s44-131-53,u053,2025-07-08,regular,hazard_cal,30,0.006510731909241896,0,4.2389629994020625e-05,0.0065320191716505315
s44-131-53,u053,2025-07-08,regular,hazard_cal,60,0.016699960122809387,0,0.00027888866810342374,0.016840976641577403
s44-131-53,u053,2025-07-08,regular,hazard_cal,120,0.05711024432701706,0,0.003261580007091584,0.058805911270997796
s44-131-22,u022,2025-07-08,regular,empirical,30,0.0011634671320535084,0,1.353655767368816e-06,0.0011641444853737134
s44-131-22,u022,2025-07-08,regular,empirical,60,0.004072134962187279,0,1.6582283150267994e-05,0.004080448681161805
s44-131-22,u022,2025-07-08,regular,empirical,120,0.018615474112856356,0,0.0003465358764464251,0.018790922836881
s44-131-22,u022,2025-07-08,regular,hazard,30,0.0016034089860335055,0,2.570920376492994e-06,0.001604695821955227
s44-131-22,u022,2025-07-08,regular,hazard,60,0.004242520880109679,0,1.799898341816661e-05,0.00425154590677313
s44-131-22,u022,2025-07-08,regular,hazard,120,0.015712238888431096,0,0.0002468744508871264,0.015836984528137248
s44-131-22,u022,2025-07-08,regular,hazard_cal,30,0.0032579534164582924,0,1.061426046381226e-05,0.0032632721018514867
s44-131-22,u022,2025-07-08,regular,hazard_cal,60,0.008380581007637167,0,7.023413802556879e-05,0.008415895519145726
s44-131-22,u022,2025-07-08,regular,hazard_cal,120,0.028993360360915044,0,0.0008406149450178798,0.02942197277486535
s44-132-55,u055,2025-07-09,new,empirical,30,0.0011634671320535084,0,1.353655767368816e-06,0.0011641444853737134
s44-132-55,u055,2025-07-09,new,empirical,60,0.004072134962187279,0,1.6582283150267994e-05,0.004080448681161805
s44-132-55,u055,2025-07-09,new,empirical,120,0.018615474112856356,0,0.0003465358764464251,0.018790922836881
s44-132-55,u055,2025-07-09,new,hazard,30,0.0011321193806835828,0,1.281694292119379e-06,0.0011327607119176826
s44-132-55,u055,2025-07-09,new,hazard,60,0.0029968278665871706,0,8.980977261953412e-06,0.003001327346912076
s44-132-55,u055,2025-07-09,new,hazard,120,0.011120011867483126,0,0.00012365466393296555,0.011182301403502933
s44-132-55,u055,2025-07-09,new,hazard_cal,30,0.0023716869133098006,0,5.62489881476497e-06,0.0023745038174750616
s44-132-55,u055,2025-07-09,new,hazard_cal,60,0.006105558102481035,0,3.7277839742771815e-05,0.0061242732388061645
s44-132-55,u055,2025-07-09,new,hazard_cal,120,0.02118970366424955,0,0.00044900354137871075,0.02141742812306521
s44-132-33,u033,2025-07-09,variable,empirical,30,0.0011634671320535084,0,1.353655767368816e-06,0.0011641444853737134
s44-132-33,u033,2025-07-09,variable,empirical,60,0.004072134962187279,0,1.6582283150267994e-05,0.004080448681161805
s44-132-33,u033,2025-07-09,variable,empirical,120,0.018615474112856356,0,0.0003465358764464251,0.018790922836881
s44-132-33,u033,2025-07-09,variable,hazard,30,0.0007019727423158706,0,4.927657309544637e-07,0.0007022192405447903
s44-132-33,u033,2025-07-09,variable,hazard,60,0.0018589304243823435,0,3.4556223226943196e-06,0.0018606603797872922
s44-132-33,u033,2025-07-09,variable,hazard,120,0.006909782251566132,0,4.774509076405833e-05,0.006933765339408719
s44-132-33,u033,2025-07-09,variable,hazard_cal,30,0.001533351655607973,0,2.3511672997557115e-06,0.0015345284423636358
s44-132-33,u033,2025-07-09,variable,hazard_cal,60,0.003950300862252787,0,1.5604876902315113e-05,0.003958123909761242
s44-132-33,u033,2025-07-09,variable,hazard_cal,120,0.0137509489940707,0,0.000189088598237534,0.013846369047175764
s44-132-39,u039,2025-07-09,variable,empirical,30,0.0011634671320535084,0,1.353655767368816e-06,0.0011641444853737134
s44-132-39,u039,2025-07-09,variable,empirical,60,0.004072134962187279,0,1.6582283150267994e-05,0.004080448681161805
s44-132-39,u039,2025-07-09,variable,empirical,120,0.018615474112856356,0,0.0003465358764464251,0.018790922836881
s44-132-39,u039,2025-07-09,variable,hazard,30,0.0009876728282783853,0,9.754976157194248e-07,0.0009881608984818285
s44-132-39,u039,2025-07-09,variable,hazard,60,0.002614814472941984,0,6.837254727906867e-06,0.0026182390714016577
s44-132-39,u039,2025-07-09,variable,hazard,120,0.009708199952049745,0,9.424914630897867e-05,0.009755631759836958
s44-132-39,u039,2025-07-09,variable,hazard_cal,30,0.002093965431103406,0,4.3846912266560735e-06,0.0020961608419951304
s44-132-39,u039,2025-07-09,variable,hazard_cal,60,0.005391922767382207,0,2.9072831129414595e-05,0.0054065116479899145
s44-132-39,u039,2025-07-09,variable,hazard_cal,120,0.018731587384382187,0,0.0003508723659387459,0.018909245612531673
s44-132-41,u041,2025-07-09,regular,empirical,30,0.0011634671320535084,0,1.353655767368816e-06,0.0011641444853737134
s44-132-41,u041,2025-07-09,regular,empirical,60,0.004072134962187279,0,1.6582283150267994e-05,0.004080448681161805
s44-132-41,u041,2025-07-09,regular,empirical,120,0.018615474112856356,0,0.0003465358764464251,0.018790922836881
s44-132-41,u041,2025-07-09,regular,hazard,30,0.003783408429752888,0,1.4314179346325214e-05,0.003790583622934449
s44-132-41,u041,2025-07-09,regular,hazard,60,0.009990435183179991,0,9.980879514932062e-05,0.010040674469041444
s44-132-41,u041,2025-07-09,regular,hazard,120,0.03667534509003423,0,0.0013450809374730979,0.037364795328328045
s44-132-41,u041,2025-07-09,regular,hazard_cal,30,0.007125509366340044,0,5.0772883729799694e-05,0.007151017050591597
s44-132-41,u041,2025-07-09,regular,hazard_cal,60,0.01826696629752944,0,0.00033368205771507645,0.018435867361689822
s44-132-41,u041,2025-07-09,regular,hazard_cal,120,0.062333114821725544,0,0.003885417203378421,0.06436052612279765
s44-132-53,u053,2025-07-09,regular,empirical,30,0.0011634671320535084,0,1.353655767368816e-06,0.0011641444853737134
s44-132-53,u053,2025-07-09,regular,empirical,60,0.004072134962187279,0,1.6582283150267994e-05,0.004080448681161805
s44-132-53,u053,2025-07-09,regular,empirical,120,0.018615474112856356,0,0.0003465358764464251,0.018790922836881
s44-132-53,u053,2025-07-09,regular,hazard,30,0.002737949538924145,0,7.4963676776949375e-06,0.0027417045784015256
s44-132-53,u053,2025-07-09,regular,hazard,60,0.007236822805319565,0,5.237160431559334e-05,0.007263135631840984
s44-132-53,u053,2025-07-09,regular,hazard,120,0.026678983449382576,0,0.0007117681578924294,0.027041326696802457
s44-132-53,u053,2025-07-09,regular,hazard_cal,30,0.005306767383443822,0,2.816178006198319e-05,0.0053208982885970596
s44-132-53,u053,2025-07-09,regular,hazard_cal,60,0.01362624044016647,0,0.00018567442853322812,0.013719929716349407
s44-132-53,u053,2025-07-09,regular,hazard_cal,120,0.04679840170174154,0,0.002190090401837566,0.047928856987807585
s44-132-56,u056,2025-07-09,new,empirical,30,0.0011634671320535084,0,1.353655767368816e-06,0.0011641444853737134
s44-132-56,u056,2025-07-09,new,empirical,60,0.004072134962187279,0,1.6582283150267994e-05,0.004080448681161805
s44-132-56,u056,2025-07-09,new,empirical,120,0.018615474112856356,0,0.0003465358764464251,0.018790922836881
s44-132-56,u056,2025-07-09,new,hazard,30,0.002899042746781766,0,8.404448847667966e-06,0.002903253110524168
s44-132-56,u056,2025-07-09,new,hazard,60,0.00766147167621678,0,5.8698148245471955e-05,0.0076909715217544855
s44-132-56,u056,2025-07-09,new,hazard,120,0.028226109628880836,0,0.0007967132647815994,0.028632124657622514
s44-132-56,u056,2025-07-09,new,hazard_cal,30,0.00559061841139985,0,3.125501422188299e-05,0.005606304408779804
s44-132-56,u056,2025-07-09,new,hazard_cal,60,0.014351500618889568,0,0.00020596557001398765,0.014455479437590136
s44-132-56,u056,2025-07-09,new,hazard_cal,120,0.04923956540493368,0,0.002424534801266742,0.05049315711428206
s44-132-26,u026,2025-07-09,regular,empirical,30,0.0011634671320535084,0,1.353655767368816e-06,0.0011641444853737134
s44-132-26,u026,2025-07-09,regular,empirical,60,0.004072134962187279,0,1.6582283150267994e-05,0.004080448681161805
s44-132-26,u026,2025-07-09,regular,empirical,120,0.018615474112856356,0,0.0003465358764464251,0.018790922836881
s44-132-26,u026,2025-07-09,regular,hazard,30,0.003468109284008647,0,1.202778200582697e-05,0.0034741371158332275
s44-132-26,u026,2025-07-09,regular,hazard,60,0.00916053889651336,0,8.391547287453419e-05,0.009202754643387316
s44-132-26,u026,2025-07-09,regular,hazard,120,0.03367151974423932,0,0.0011337712418866984,0.034251460898055704
s44-132-26,u026,2025-07-09,regular,hazard_cal,30,0.006582465632696266,0,4.332885380562745e-05,0.006604225601662038
s44-132-26,u026,2025-07-09,regular,hazard_cal,60,0.01688288994595122,0,0.00028503197292710074,0.017027030575938098
s44-132-26,u026,2025-07-09,regular,hazard_cal,120,0.05772114134958528,0,0.003331730158698804,0.05945401992219254
s44-132-10,u010,2025-07-09,variable,empirical,30,0.0011634671320535084,0,1.353655767368816e-06,0.0011641444853737134
s44-132-10,u010,2025-07-09,variable,empirical,60,0.004072134962187279,0,1.6582283150267994e-05,0.004080448681161805
s44-132-10,u010,2025-07-09,variable,empirical,120,0.018615474112856356,0,0.0003465358764464251,0.018790922836881
s44-132-10,u010,2025-07-09,variable,hazard,30,0.0017883791029710272,0,3.198299815943456e-06,0.0017899801620307955
s44-132-10,u010,2025-07-09,variable,hazard,60,0.004731128338787305,0,2.2383575358076323e-05,0.004742355552054313
s44-132-10,u010,2025-07-09,variable,hazard,120,0.017508686241604843,0,0.0003065540939069627,0.017663776236178683
s44-132-10,u010,2025-07-09,variable,hazard_cal,30,0.0035990636075518,0,1.2953258851203778e-05,0.0036055558189127795
s44-132-10,u010,2025-07-09,variable,hazard_cal,60,0.009255254996329842,0,8.565974504708852e-05,0.009298350984533662
s44-132-10,u010,2025-07-09,variable,hazard_cal,120,0.03198042400856782,0,0.001022747519767781,0.03250296877839999
s44-132-23,u023,2025-07-09,variable,empirical,30,0.0011634671320535084,0,1.353655767368816e-06,0.0011641444853737134
s44-132-23,u023,2025-07-09,variable,empirical,60,0.004072134962187279,0,1.6582283150267994e-05,0.004080448681161805
s44-132-23,u023,2025-07-09,variable,empirical,120,0.018615474112856356,0,0.0003465358764464251,0.018790922836881
s44-132-23,u023,2025-07-09,variable,hazard,30,0.0009621607540395427,0,9.257533166139414e-07,0.0009626239278201059
s44-132-23,u023,2025-07-09,variable,hazard,60,0.0025473328228704517,0,6.4889045104731444e-06,0.0025505827954734705
s44-132-23,u023,2025-07-09,variable,hazard,120,0.009458634887501871,0,8.946577393506753e-05,0.009503651865459385
s44-132-23,u023,2025-07-09,variable,hazard_cal,30,0.002044554753391159,0,4.180204139614383e-06,0.002046647708722065
s44-132-23,u023,2025-07-09,variable,hazard_cal,60,0.005264920099877668,0,2.7719383658095873e-05,0.005278828631390474
s44-132-23,u023,2025-07-09,variable,hazard_cal,120,0.01829361281876707,0,0.0003346562699629588,0.018463010059300806
s44-132-25,u025,2025-07-09,variable,empirical,30,0.0011634671320535084,0,1.353655767368816e-06,0.0011641444853737134
s44-132-25,u025,2025-07-09,variable,empirical,60,0.004072134962187279,0,1.6582283150267994e-05,0.004080448681161805
s44-132-25,u025,2025-07-09,variable,empirical,120,0.018615474112856356,0,0.0003465358764464251,0.018790922836881
s44-132-25,u025,2025-07-09,variable,hazard,30,0.0009983840326531768,0,9.967706766568195e-07,0.0009988827499600676
s44-132-25,u025,2025-07-09,variable,hazard,60,0.002643145585336626,0,6.986218585284495e-06,0.0026466448620545424
s44-132-25,u025,2025-07-09,variable,hazard,120,0.009812960511285329,0,9.629419399604523e-05,0.009861424921815706
s44-132-25,u025,2025-07-09,variable,hazard_cal,30,0.0021146767198318983,0,4.471857629398997e-06,0.002116915805832189
s44-132-25,u025,2025-07-09,variable,hazard_cal,60,0.005445154711415601,0,2.9649709831251514e-05,0.00546003360282168
s44-132-25,u025,2025-07-09,variable,hazard_cal,120,0.018915113990110255,0,0.00035778153725886467,0.019096293078848466
s44-132-54,u054,2025-07-09,new,empirical,30,0.0011634671320535084,0,1.353655767368816e-06,0.0011641444853737134
s44-132-54,u054,2025-07-09,new,empirical,60,0.004072134962187279,0,1.6582283150267994e-05,0.004080448681161805
s44-132-54,u054,2025-07-09,new,empirical,120,0.018615474112856356,0,0.0003465358764464251,0.018790922836881
s44-132-54,u054,2025-07-09,new,hazard,30,0.0009302046487790205,0,8.652806886101009e-07,0.0009306375576066823
s44-132-54,u054,2025-07-09,new,hazard,60,0.0024628016426156973,0,6.065391930870577e-06,0.0024658393270822723
s44-132-54,u054,2025-07-09,new,hazard,120,0.009145943130628442,0,8.364827574868958e-05,0.009188024044782835
s44-132-54,u054,2025-07-09,new,hazard_cal,30,0.0019824999357459516,0,3.930305995232702e-06,0.001984467689888657
s44-132-54,u054,2025-07-09,new,hazard_cal,60,0.005105401921879693,0,2.6065128783932864e-05,0.005118479014468933
s44-132-54,u054,2025-07-09,new,hazard_cal,120,0.017743286810269154,0,0.00031482422683147136,0.01790258606477911
s44-132-58,u058,2025-07-09,new,empirical,30,0.0011634671320535084,0,1.353655767368816e-06,0.0011641444853737134
s44-132-58,u058,2025-07-09,new,empirical,60,0.004072134962187279,0,1.6582283150267994e-05,0.004080448681161805
s44-132-58,u058,2025-07-09,new,empirical,120,0.018615474112856356,0,0.0003465358764464251,0.018790922836881
s44-132-58,u058,2025-07-09,new,hazard,30,0.0013578762091860375,0,1.8438277994734433e-06,0.0013587989584999246
s44-132-58,u058,2025-07-09,new,hazard,60,0.003593674919903478,0,1.2914499429943269e-05,0.003600147681605659
s44-132-58,u058,2025-07-09,new,hazard,120,0.013322472806365782,0,0.00017748828167635575,0.013412013101874976
s44-132-58,u058,2025-07-09,new,hazard_cal,30,0.002799630794076191,0,7.837932583139684e-06,0.0028035570901996766
s44-132-58,u058,2025-07-09,new,hazard_cal,60,0.007204522586913731,0,5.1905145705350114e-05,0.007230600487806103
s44-132-58,u058,2025-07-09,new,hazard_cal,120,0.024965509731629254,0,0.000623276676160075,0.025282433975731086
s44-132-36,u036,2025-07-09,variable,empirical,30,0.0011634671320535084,0,1.353655767368816e-06,0.0011641444853737134
s44-132-36,u036,2025-07-09,variable,empirical,60,0.004072134962187279,0,1.6582283150267994e-05,0.004080448681161805
s44-132-36,u036,2025-07-09,variable,empirical,120,0.018615474112856356,0,0.0003465358764464251,0.018790922836881
s44-132-36,u036,2025-07-09,variable,hazard,30,0.0012819039528407794,0,1.6432777443088152e-06,0.0012827262945634627
s44-132-36,u036,2025-07-09,variable,hazard,60,0.0033928503758036133,0,1.151143367259072e-05,0.0033986191447157132
s44-132-36,u036,2025-07-09,variable,hazard,120,0.012581849074104978,0,0.0001583029261235563,0.01266167078035717
s44-132-36,u036,2025-07-09,variable,hazard_cal,30,0.00265637806021235,0,7.056344398777527e-06,0.0026599124929923986
s44-132-36,u036,2025-07-09,variable,hazard_cal,60,0.006836740316772838,0,4.6741018158987164e-05,0.006860217893771854
s44-132-36,u036,2025-07-09,variable,hazard_cal,120,0.023703180173603178,0,0.0005618407503422948,0.02398862012916812
s44-132-28,u028,2025-07-09,variable,empirical,30,0.0011634671320535084,0,1.353655767368816e-06,0.0011641444853737134
s44-132-28,u028,2025-07-09,variable,empirical,60,0.004072134962187279,0,1.6582283150267994e-05,0.004080448681161805
s44-132-28,u028,2025-07-09,variable,empirical,120,0.018615474112856356,0,0.0003465358764464251,0.018790922836881
s44-132-28,u028,2025-07-09,variable,hazard,30,0.0029285994063972254,0,8.57669448315018e-06,0.0029328961446393707
s44-132-28,u028,2025-07-09,variable,hazard,60,0.007739370545101654,0,5.9897856434387065e-05,0.0077694748997485285
s44-132-28,u028,2025-07-09,variable,hazard,120,0.0285096995836861,0,0.0008128029703520313,0.028923994345915954
s44-132-28,u028,2025-07-09,variable,hazard_cal,30,0.005642541352498975,0,3.1838272914660966e-05,0.005658520626448395
s44-132-28,u028,2025-07-09,variable,hazard_cal,60,0.014484128213536729,0,0.00020978997010617068,0.014590047205542174
s44-132-28,u028,2025-07-09,variable,hazard_cal,120,0.04968544118669416,0,0.002468643065916444,0.05096223465355022
s44-132-11,u011,2025-07-09,variable,empirical,30,0.0011634671320535084,0,1.353655767368816e-06,0.0011641444853737134
s44-132-11,u011,2025-07-09,variable,empirical,60,0.004072134962187279,0,1.6582283150267994e-05,0.004080448681161805
s44-132-11,u011,2025-07-09,variable,empirical,120,0.018615474112856356,0,0.0003465358764464251,0.018790922836881
s44-132-11,u011,2025-07-09,variable,hazard,30,0.0010639661209820295,0,1.1320239065975466e-06,0.0010645325347343323
s44-132-11,u011,2025-07-09,variable,hazard,60,0.002816597783134589,0,7.933223071958681e-06,0.002820571858672951
s44-132-11,u011,2025-07-09,variable,hazard,120,0.010454139645858507,0,0.00010928903573511062,0.010509168015889078
s44-132-11,u011,2025-07-09,variable,hazard_cal,30,0.0022410676773227944,0,5.022384334340985e-06,0.0022435826276417763
s44-132-11,u011,2025-07-09,variable,hazard_cal,60,0.005769961371771659,0,3.329245423173709e-05,0.0057866719093279525
s44-132-11,u011,2025-07-09,variable,hazard_cal,120,0.020034351574808262,0,0.0004013752430230223,0.02023776055923252
s44-132-2,u002,2025-07-09,regular,empirical,30,0.0011634671320535084,0,1.353655767368816e-06,0.0011641444853737134
s44-132-2,u002,2025-07-09,regular,empirical,60,0.004072134962187279,0,1.6582283150267994e-05,0.004080448681161805
s44-132-2,u002,2025-07-09,regular,empirical,120,0.018615474112856356,0,0.0003465358764464251,0.018790922836881
s44-132-2,u002,2025-07-09,regular,hazard,30,0.0005597089247127984,0,3.1327408040315706e-07,0.000559865620224979
s44-132-2,u002,2025-07-09,regular,hazard,60,0.0014823898668224755,0,2.197479717257957e-06,0.0014834896937303223
s44-132-2,u002,2025-07-09,regular,hazard,120,0.005513335929486773,0,3.0396873071369783e-05,0.0055285904607626155
s44-132-2,u002,2025-07-09,regular,hazard_cal,30,0.0012470078780643101,0,1.5550286479544534e-06,0.0012477860393710779
s44-132-2,u002,2025-07-09,regular,hazard_cal,60,0.0032134165880889354,0,1.0326046168605135e-05,0.003218590698528106
s44-132-2,u002,2025-07-09,regular,hazard_cal,120,0.011197345603064512,0,0.00012538054855446818,0.011260507819393696
s44-132-29,u029,2025-07-09,regular,empirical,30,0.0011634671320535084,0,1.353655767368816e-06,0.0011641444853737134
s44-132-29,u029,2025-07-09,regular,empirical,60,0.004072134962187279,0,1.6582283150267994e-05,0.004080448681161805
s44-132-29,u029,2025-07-09,regular,empirical,120,0.018615474112856356,0,0.0003465358764464251,0.018790922836881
s44-132-29,u029,2025-07-09,regular,hazard,30,0.001721148384619009,0,2.962351761876624e-06,0.0017226312622458375
s44-132-29,u029,2025-07-09,regular,hazard,60,0.004553554580144725,0,2.0734859314357005e-05,0.004563953590116405
s44-132-29,u029,2025-07-09,regular,hazard,120,0.016856118684970278,0,0.00028412873712180416,0.01699979994775587
s44-132-29,u029,2025-07-09,regular,hazard_cal,30,0.003475462373510929,0,1.2078838709690222e-05,0.003481515822625218
s44-132-29,u029,2025-07-09,regular,hazard_cal,60,0.00893837776995321,0,7.989459715839372e-05,0.008978564718512778
s44-132-29,u029,2025-07-09,regular,hazard_cal,120,0.03089911418276592,0,0.000954755257279606,0.03138655918030853
s44-132-31,u031,2025-07-09,regular,empirical,30,0.0011634671320535084,0,1.353655767368816e-06,0.0011641444853737134
s44-132-31,u031,2025-07-09,regular,empirical,60,0.004072134962187279,0,1.6582283150267994e-05,0.004080448681161805
s44-132-31,u031,2025-07-09,regular,empirical,120,0.018615474112856356,0,0.0003465358764464251,0.018790922836881
s44-132-31,u031,2025-07-09,regular,hazard,30,0.007998120838458078,0,6.396993694657735e-05,0.008030277382987987
s44-132-31,u031,2025-07-09,regular,hazard,60,0.02103731051783253,0,0.0004425684338237072,0.021261748023453316
s44-132-31,u031,2025-07-09,regular,hazard,120,0.07593504507316129,0,0.005766131070263037,0.07897291227134043
s44-132-31,u031,2025-07-09,regular,hazard_cal,30,0.014082546499096904,0,0.00019831811589922648,0.0141826464430176
s44-132-31,u031,2025-07-09,regular,hazard_cal,60,0.0358814330510151,0,0.0012874772377944787,0.03654099717446904
s44-132-31,u031,2025-07-09,regular,hazard_cal,120,0.11948038724288679,0,0.014275562935710183,0.12724307672596297
s44-132-50,u050,2025-07-09,variable,empirical,30,0.0011634671320535084,0,1.353655767368816e-06,0.0011641444853737134
s44-132-50,u050,2025-07-09,variable,empirical,60,0.004072134962187279,0,1.6582283150267994e-05,0.004080448681161805
s44-132-50,u050,2025-07-09,variable,empirical,120,0.018615474112856356,0,0.0003465358764464251,0.018790922836881
s44-132-50,u050,2025-07-09,variable,hazard,30,0.001138444679019579,0,1.2960562871879923e-06,0.0011390931994129576
s44-132-50,u050,2025-07-09,variable,hazard,60,0.003013553849119388,0,9.08150680154228e-06,0.0030181037457250263
s44-132-50,u050,2025-07-09,variable,hazard,120,0.01118178844433082,0,0.00012503239281377027,0.011244774612891025
s44-132-50,u050,2025-07-09,variable,hazard_cal,30,0.0023837738097902683,0,5.68237757624201e-06,0.0023866195218337823
s44-132-50,u050,2025-07-09,variable,hazard_cal,60,0.006136608758271489,0,3.765796705209434e-05,0.006155515128814407
s44-132-50,u050,2025-07-09,variable,hazard_cal,120,0.021296546372120306,0,0.00045354288737987057,0.02152658976545862
s44-132-15,u015,2025-07-09,regular,empirical,30,0.0011634671320535084,0,1.353655767368816e-06,0.0011641444853737134
s44-132-15,u015,2025-07-09,regular,empirical,60,0.004072134962187279,0,1.6582283150267994e-05,0.004080448681161805
s44-132-15,u015,2025-07-09,regular,empirical,120,0.018615474112856356,0,0.0003465358764464251,0.018790922836881
s44-132-15,u015,2025-07-09,regular,hazard,30,0.005334042711741871,0,2.845201165068657e-05,0.005348319508895705
s44-132-15,u015,2025-07-09,regular,hazard,60,0.014064771832098089,0,0.0001978178066889798,0.014164618050567658
s44-132-15,u015,2025-07-09,regular,hazard,120,0.051311451903409355,0,0.0026328650964358917,0.05267472380975131
s44-132-15,u015,2025-07-09,regular,hazard_cal,30,0.009742016630190808,0,9.490688802291428e-05,0.009789780538552324
s44-132-15,u015,2025-07-09,regular,hazard_cal,60,0.024917159537198197,0,0.000620864839402187,0.02523284701634251
s44-132-15,u015,2025-07-09,regular,hazard_cal,120,0.08424363656889644,0,0.007096990302352306,0.08800492847364265
s44-132-22,u022,2025-07-09,regular,empirical,30,0.0011634671320535084,0,1.353655767368816e-06,0.0011641444853737134
s44-132-22,u022,2025-07-09,regular,empirical,60,0.004072134962187279,0,1.6582283150267994e-05,0.004080448681161805
s44-132-22,u022,2025-07-09,regular,empirical,120,0.018615474112856356,0,0.0003465358764464251,0.018790922836881
s44-132-22,u022,2025-07-09,regular,hazard,30,0.0010587988429093809,0,1.1210549897462437e-06,0.0010593597663759533
s44-132-22,u022,2025-07-09,regular,hazard,60,0.0028029320780801337,0,7.856428234330616e-06,0.002806867648007753
s44-132-22,u022,2025-07-09,regular,hazard,120,0.010403635734614558,0,0.000108235636498549,0.010458131854236148
s44-132-22,u022,2025-07-09,regular,hazard_cal,30,0.0022311347216172894,0,4.97796214600626e-06,0.0022336274110644596
s44-132-22,u022,2025-07-09,regular,hazard_cal,60,0.005744437717045137,0,3.299856468501074e-05,0.005761000458937536
s44-132-22,u022,2025-07-09,regular,hazard_cal,120,0.019946437458469246,0,0.00039786036728462507,0.0201480531564621
s44-132-59,u059,2025-07-09,new,empirical,30,0.0011634671320535084,0,1.353655767368816e-06,0.0011641444853737134
s44-132-59,u059,2025-07-09,new,empirical,60,0.004072134962187279,0,1.6582283150267994e-05,0.004080448681161805
s44-132-59,u059,2025-07-09,new,empirical,120,0.018615474112856356,0,0.0003465358764464251,0.018790922836881
s44-132-59,u059,2025-07-09,new,hazard,30,0.0011130232160030396,0,1.2388206793617488e-06,0.0011136430863387904
s44-132-59,u059,2025-07-09,new,hazard,60,0.0029463306983111837,0,8.680864583810867e-06,0.0029506796750528937
s44-132-59,u059,2025-07-09,new,hazard,120,0.010933483848543313,0,0.00011954106906635749,0.010993693653911361
s44-132-59,u059,2025-07-09,new,hazard_cal,30,0.002335160029440231,0,5.4529723630953e-06,0.0023378907675904543
s44-132-59,u059,2025-07-09,new,hazard_cal,60,0.006011718274960054,0,3.614075661748869e-05,0.006029861404068068
s44-132-59,u059,2025-07-09,new,hazard_cal,120,0.02086675231209123,0,0.0004354213520541647,0.021087539801133884
s44-133-16,u016,2025-07-10,regular,empirical,30,0.0011634671320535084,0,1.353655767368816e-06,0.0011641444853737134
s44-133-16,u016,2025-07-10,regular,empirical,60,0.004072134962187279,0,1.6582283150267994e-05,0.004080448681161805
s44-133-16,u016,2025-07-10,regular,empirical,120,0.018615474112856356,0,0.0003465358764464251,0.018790922836881
s44-133-16,u016,2025-07-10,regular,hazard,30,0.0014735711935109919,0,2.171412062345409e-06,0.0014746579672990682
s44-133-16,u016,2025-07-10,regular,hazard,60,0.003899447835201353,0,1.5205693419456518e-05,0.0039070705044980305
s44-133-16,u016,2025-07-10,regular,hazard,120,0.014449259599697228,0,0.0002087811029794425,0.01455466675352949
s44-133-16,u016,2025-07-10,regular,hazard_cal,30,0.003016435595798117,0,9.098883703597942e-06,0.0030209942071296376
s44-133-16,u016,2025-07-10,regular,hazard_cal,60,0.00776096336309573,0,6.023255232331418e-05,0.007791236372792717
s44-133-16,u016,2025-07-10,regular,hazard_cal,120,0.026872900413285716,0,0.0007221527766223717,0.02724057882475491
s44-133-29,u029,2025-07-10,regular,empirical,30,0.0011634671320535084,0,1.353655767368816e-06,0.0011641444853737134
s44-133-29,u029,2025-07-10,regular,empirical,60,0.004072134962187279,0,1.6582283150267994e-05,0.004080448681161805
s44-133-29,u029,2025-07-10,regular,empirical,120,0.018615474112856356,0,0.0003465358764464251,0.018790922836881
s44-133-29,u029,2025-07-10,regular,hazard,30,0.0016691241549182667,0,2.785975444531618e-06,0.0016705186946298451
s44-133-29,u029,2025-07-10,regular,hazard,60,0.004416129882680919,0,1.9502203140707388e-05,0.0044259097877597745
s44-133-29,u029,2025-07-10,regular,hazard,120,0.0163508506698834,0,0.0002673503176288264,0.016486001069755386
s44-133-29,u029,2025-07-10,regular,hazard_cal,30,0.0033795229302030494,0,1.1421175235768206e-05,0.0033852464165613602
s44-133-29,u029,2025-07-10,regular,hazard_cal,60,0.00869236962558273,0,7.555728970775325e-05,0.008730368631623174
s44-133-29,u029,2025-07-10,regular,hazard_cal,120,0.03005897592240625,0,0.0009035420335037987,0.030520009253105048
s44-133-49,u049,2025-07-10,variable,empirical,30,0.0011634671320535084,0,1.353655767368816e-06,0.0011641444853737134
s44-133-49,u049,2025-07-10,variable,empirical,60,0.004072134962187279,0,1.6582283150267994e-05,0.004080448681161805
s44-133-49,u049,2025-07-10,variable,empirical,120,0.018615474112856356,0,0.0003465358764464251,0.018790922836881
s44-133-49,u049,2025-07-10,variable,hazard,30,0.000857473549240706,0,7.352608876474534e-07,0.0008578413899753623
s44-133-49,u049,2025-07-10,variable,hazard,60,0.002270392615721706,0,5.15468262952365e-06,0.00227297386474237
s44-133-49,u049,2025-07-10,variable,hazard,120,0.008433894468071856,0,7.113057589857306e-05,0.008469660998762486
s44-133-49,u049,2025-07-10,variable,hazard_cal,30,0.0018405517991733067,0,3.387630925440096e-06,0.0018422476958793335
s44-133-49,u049,2025-07-10,variable,hazard_cal,60,0.004740444317753001,0,2.2471812329716713e-05,0.004751715859435803
s44-133-49,u049,2025-07-10,variable,hazard_cal,120,0.016483287209870356,0,0.00027169875724307566,0.016620648119846326
s44-133-39,u039,2025-07-10,variable,empirical,30,0.0011634671320535084,0,1.353655767368816e-06,0.0011641444853737134
s44-133-39,u039,2025-07-10,variable,empirical,60,0.004072134962187279,0,1.6582283150267994e-05,0.004080448681161805
s44-133-39,u039,2025-07-10,variable,empirical,120,0.018615474112856356,0,0.0003465358764464251,0.018790922836881
s44-133-39,u039,2025-07-10,variable,hazard,30,0.0009508444480245126,0,9.041051643390401e-07,0.0009512967873656479
s44-133-39,u039,2025-07-10,variable,hazard,60,0.0025173991882866398,0,6.337298673186233e-06,0.0025205731655206795
s44-133-39,u039,2025-07-10,variable,hazard,120,0.009347915791328765,0,8.738352964177369e-05,0.009391881764133534
s44-133-39,u039,2025-07-10,variable,hazard_cal,30,0.0020226009791129984,0,4.09091472070886e-06,0.00202464919876007
s44-133-39,u039,2025-07-10,variable,hazard_cal,60,0.005208487698724729,0,2.712834410776682e-05,0.005222099154750876
s44-133-39,u039,2025-07-10,variable,hazard_cal,120,0.018098953207162927,0,0.00032757210719507317,0.01826474271841195
s44-133-42,u042,2025-07-10,regular,empirical,30,0.0011634671320535084,0,1.353655767368816e-06,0.0011641444853737134
s44-133-42,u042,2025-07-10,regular,empirical,60,0.004072134962187279,0,1.6582283150267994e-05,0.004080448681161805
s44-133-42,u042,2025-07-10,regular,empirical,120,0.018615474112856356,0,0.0003465358764464251,0.018790922836881
s44-133-42,u042,2025-07-10,regular,hazard,30,0.004431377047050766,0,1.963710253312837e-05,0.004441224701532786
s44-133-42,u042,2025-07-10,regular,hazard,60,0.011694421214553663,0,0.00013675948754340278,0.011763338785974006
s44-133-42,u042,2025-07-10,regular,hazard,120,0.04281891328077081,0,0.0018334593345461709,0.04376268210757894
s44-133-42,u042,2025-07-10,regular,hazard_cal,30,0.008228966928428894,0,6.771589670917646e-05,0.008263011774701142
s44-133-42,u042,2025-07-10,regular,hazard_cal,60,0.02107530099734578,0,0.00044416831212872406,0.021300555648183377
s44-133-42,u042,2025-07-10,regular,hazard_cal,120,0.07163592033402277,0,0.005131705082102457,0.07433129590987099
s44-133-44,u044,2025-07-10,variable,empirical,30,0.0011634671320535084,0,1.353655767368816e-06,0.0011641444853737134
s44-133-44,u044,2025-07-10,variable,empirical,60,0.004072134962187279,0,1.6582283150267994e-05,0.004080448681161805
s44-133-44,u044,2025-07-10,variable,empirical,120,0.018615474112856356,0,0.0003465358764464251,0.018790922836881
s44-133-44,u044,2025-07-10,variable,hazard,30,0.0009714744972275646,0,9.437626987635495e-07,0.0009719466844135894
s44-133-44,u044,2025-07-10,variable,hazard,60,0.00257196885217692,0,6.615023776568264e-06,0.0025752820462390997
s44-133-44,u044,2025-07-10,variable,hazard,120,0.009549751463133305,0,9.11977530076167e-05,0.009595642740198964
s44-133-44,u044,2025-07-10,variable,hazard_cal,30,0.0020626064426434443,0,4.254345337234244e-06,0.0020647365448577715
s44-133-44,u044,2025-07-10,variable,hazard_cal,60,0.005311320516321882,0,2.821012562710175e-05,0.005325475723277021
s44-133-44,u044,2025-07-10,variable,hazard_cal,120,0.01845364481430989,0,0.0003405370069327062,0.01862603746014816
s44-133-47,u047,2025-07-10,regular,empirical,30,0.0011634671320535084,0,1.353655767368816e-06,0.0011641444853737134
s44-133-47,u047,2025-07-10,regular,empirical,60,0.004072134962187279,0,1.6582283150267994e-05,0.004080448681161805
s44-133-47,u047,2025-07-10,regular,empirical,120,0.018615474112856356,0,0.0003465358764464251,0.018790922836881
s44-133-47,u047,2025-07-10,regular,hazard,30,0.002593195177688634,0,6.724661229587587e-06,0.0025965633324185567
s44-133-47,u047,2025-07-10,regular,hazard,60,0.006855135404903012,0,4.699288141955478e-05,0.0068787397815956615
s44-133-47,u047,2025-07-10,regular,hazard,120,0.025286651857548192,0,0.0006394147621648455,0.025611853116500393
s44-133-47,u047,2025-07-10,regular,hazard_cal,30,0.005050420489123741,0,2.550674711696089e-05,0.005063216965923442
s44-133-47,u047,2025-07-10,regular,hazard_cal,60,0.01297094291741474,0,0.00016824536016683163,0.01305580018201281
s44-133-47,u047,2025-07-10,regular,hazard_cal,120,0.04458844890955682,0,0.001988129776160159,0.045613087780707696
s44-133-54,u054,2025-07-10,new,empirical,30,0.0011634671320535084,0,1.353655767368816e-06,0.0011641444853737134
s44-133-54,u054,2025-07-10,new,empirical,60,0.004072134962187279,0,1.6582283150267994e-05,0.004080448681161805
s44-133-54,u054,2025-07-10,new,empirical,120,0.018615474112856356,0,0.0003465358764464251,0.018790922836881
s44-133-54,u054,2025-07-10,new,hazard,30,0.0006119119373518833,0,3.744362190737352e-07,0.0006120992318704853
s44-133-54,u054,2025-07-10,new,hazard,60,0.0016205711324273064,0,2.6262507952567222e-06,0.00162188567822688
s44-133-54,u054,2025-07-10,new,hazard,120,0.006025985460034078,0,3.631250076454212e-05,0.006044214981196843
s44-133-54,u054,2025-07-10,new,hazard_cal,30,0.0013527473190411143,0,1.8299253091729225e-06,0.0013536631076759497
s44-133-54,u054,2025-07-10,new,hazard_cal,60,0.0034855723985877107,0,1.2149214945796486e-05,0.0034916611587207545
s44-133-54,u054,2025-07-10,new,hazard_cal,120,0.012141087745405676,0,0.0001474060116416399,0.012215392793101115
s44-133-1,u001,2025-07-10,regular,empirical,30,0.0011634671320535084,0,1.353655767368816e-06,0.0011641444853737134
s44-133-1,u001,2025-07-10,regular,empirical,60,0.004072134962187279,0,1.6582283150267994e-05,0.004080448681161805
s44-133-1,u001,2025-07-10,regular,empirical,120,0.018615474112856356,0,0.0003465358764464251,0.018790922836881
s44-133-1,u001,2025-07-10,regular,hazard,30,0.00041554965843937364,0,1.726815186290801e-07,0.00041563602312539406
s44-133-1,u001,2025-07-10,regular,hazard,60,0.0011007310498525325,0,1.2116088441094583e-06,0.0011013372991937347
s44-133-1,u001,2025-07-10,regular,hazard,120,0.004096259424722581,0,1.6779341274628572e-05,0.0041046720768228625
s44-133-1,u001,2025-07-10,regular,hazard_cal,30,0.0009501809922833893,0,9.028439180966463e-07,0.0009506327004014177
s44-133-1,u001,2025-07-10,regular,hazard_cal,60,0.0024491624999436468,0,5.998396951130213e-06,0.0024521666044483546
s44-133-1,u001,2025-07-10,regular,hazard_cal,120,0.008543341951632866,0,7.298869170253007e-05,0.008580045494273306
s44-133-10,u010,2025-07-10,variable,empirical,30,0.0011634671320535084,0,1.353655767368816e-06,0.0011641444853737134
s44-133-10,u010,2025-07-10,variable,empirical,60,0.004072134962187279,0,1.6582283150267994e-05,0.004080448681161805
s44-133-10,u010,2025-07-10,variable,empirical,120,0.018615474112856356,0,0.0003465358764464251,0.018790922836881
s44-133-10,u010,2025-07-10,variable,hazard,30,0.0020724170855183077,0,4.294912576348197e-06,0.002074567513375777
s44-133-10,u010,2025-07-10,variable,hazard,60,0.005481101603693306,0,3.004247479000933e-05,0.005496177956338734
s44-133-10,u010,2025-07-10,variable,hazard,120,0.020260842720495553,0,0.00041050174774465766,0.020468908787308927
s44-133-10,u010,2025-07-10,variable,hazard_cal,30,0.004116874054156838,0,1.694865197778976e-05,0.004125371710685795
s44-133-10,u010,2025-07-10,variable,hazard_cal,60,0.010582018097256118,0,0.000111979107010656,0.010638405800678277
s44-133-10,u010,2025-07-10,variable,hazard_cal,120,0.03649745704112384,0,0.00133206437046868,0.03718015183812556
s44-133-33,u033,2025-07-10,variable,empirical,30,0.0011634671320535084,0,1.353655767368816e-06,0.0011641444853737134
s44-133-33,u033,2025-07-10,variable,empirical,60,0.004072134962187279,0,1.6582283150267994e-05,0.004080448681161805
s44-133-33,u033,2025-07-10,variable,empirical,120,0.018615474112856356,0,0.0003465358764464251,0.018790922836881
s44-133-33,u033,2025-07-10,variable,hazard,30,0.00046006706432466515,0,2.116617036763156e-07,0.00046017292764723383
s44-133-33,u033,2025-07-10,variable,hazard,60,0.00121860090239434,0,1.4849881593162998e-06,0.0012193440002284707
s44-133-33,u033,2025-07-10,variable,hazard,120,0.00453408040868597,0,2.0557885152429932e-05,0.004544390527671648
s44-133-33,u033,2025-07-10,variable,hazard_cal,30,0.001042683831864455,0,1.087189573231543e-06,0.0010432278048118093
s44-133-33,u033,2025-07-10,variable,hazard_cal,60,0.0026873767389854475,0,7.221993737240058e-06,0.002690994218327455
s44-133-33,u033,2025-07-10,variable,hazard_cal,120,0.00937118890856603,0,8.781918156003099e-05,0.00941537476534658
s44-133-52,u052,2025-07-10,regular,empirical,30,0.0011634671320535084,0,1.353655767368816e-06,0.0011641444853737134
s44-133-52,u052,2025-07-10,regular,empirical,60,0.004072134962187279,0,1.6582283150267994e-05,0.004080448681161805
s44-133-52,u052,2025-07-10,regular,empirical,120,0.018615474112856356,0,0.0003465358764464251,0.018790922836881
s44-133-52,u052,2025-07-10,regular,hazard,30,0.0008034491973160085,0,6.455306126677384e-07,0.000803772135610271
s44-133-52,u052,2025-07-10,regular,hazard,60,0.0021274551921686147,0,4.526065594685197e-06,0.0021297214397632564
s44-133-52,u052,2025-07-10,regular,hazard,120,0.007904653019646157,0,6.248353936100111e-05,0.007936060408487386
s44-133-52,u052,2025-07-10,regular,hazard_cal,30,0.0017344291867857908,0,3.00824460397442e-06,0.001735935050549053
s44-133-52,u052,2025-07-10,regular,hazard_cal,60,0.004467536768872682,0,1.9958884781229362e-05,0.004477546033560374
s44-133-52,u052,2025-07-10,regular,hazard_cal,120,0.015540246660258439,0,0.00024149926626167357,0.01566226204356498
s44-133-7,u007,2025-07-10,variable,empirical,30,0.0011634671320535084,0,1.353655767368816e-06,0.0011641444853737134
s44-133-7,u007,2025-07-10,variable,empirical,60,0.004072134962187279,0,1.6582283150267994e-05,0.004080448681161805
s44-133-7,u007,2025-07-10,variable,empirical,120,0.018615474112856356,0,0.0003465358764464251,0.018790922836881
s44-133-7,u007,2025-07-10,variable,hazard,30,0.0007135539449955042,0,5.09159232418647e-07,0.0007138086457807543
s44-133-7,u007,2025-07-10,variable,hazard,60,0.0018895789055665135,0,3.570508440361943e-06,0.0018913664118977963
s44-133-7,u007,2025-07-10,variable,hazard,120,0.007023374815096184,0,4.932779379332736e-05,0.007048154806266887
s44-133-7,u007,2025-07-10,variable,hazard_cal,30,0.001556422935703461,0,2.4224523547837798e-06,0.0015576354201365526
s44-133-7,u007,2025-07-10,variable,hazard_cal,60,0.0040096568988896575,0,1.6077348446813424e-05,0.0040177171261583655
s44-133-7,u007,2025-07-10,variable,hazard_cal,120,0.013956413294077485,0,0.00019478147203510275,0.014054719772439762
s44-133-17,u017,2025-07-10,variable,empirical,30,0.0011634671320535084,0,1.353655767368816e-06,0.0011641444853737134
s44-133-17,u017,2025-07-10,variable,empirical,60,0.004072134962187279,0,1.6582283150267994e-05,0.004080448681161805
s44-133-17,u017,2025-07-10,variable,empirical,120,0.018615474112856356,0,0.0003465358764464251,0.018790922836881
s44-133-17,u017,2025-07-10,variable,hazard,30,0.0006987898176318286,0,4.883072092259243e-07,0.0006990340850374545
s44-133-17,u017,2025-07-10,variable,hazard,60,0.0018505070208156837,0,3.4243762340881373e-06,0.0018522213241460837
s44-133-17,u017,2025-07-10,variable,hazard,120,0.006878560691030322,0,4.7314597180187545e-05,0.006902327037828476
s44-133-17,u017,2025-07-10,variable,hazard_cal,30,0.0015270050124899237,0,2.3317443081693522e-06,0.0015281720728666777
s44-133-17,u017,2025-07-10,variable,hazard_cal,60,0.003933972277998854,0,1.5476137884063493e-05,0.003941730701240131
s44-133-17,u017,2025-07-10,variable,hazard_cal,120,0.013694420698817433,0,0.00018753715827619935,0.013789054238855408
s44-133-32,u032,2025-07-10,regular,empirical,30,0.0011634671320535084,0,1.353655767368816e-06,0.0011641444853737134
s44-133-32,u032,2025-07-10,regular,empirical,60,0.004072134962187279,0,1.6582283150267994e-05,0.004080448681161805
s44-133-32,u032,2025-07-10,regular,empirical,120,0.018615474112856356,0,0.0003465358764464251,0.018790922836881
s44-133-32,u032,2025-07-10,regular,hazard,30,0.005405062480347778,0,2.921470041646327e-05,0.005419722680617872
s44-133-32,u032,2025-07-10,regular,hazard,60,0.014251096947584085,0,0.00020309376420944044,0.014353619030075796
s44-133-32,u032,2025-07-10,regular,hazard,120,0.0519763896374128,0,0.002701545079740153,0.053375871591483624
s44-133-32,u032,2025-07-10,regular,hazard_cal,30,0.009860003764488257,0,9.72196742357226e-05,0.009908935512100175
s44-133-32,u032,2025-07-10,regular,hazard_cal,60,0.025216314199718037,0,0.0006358625018189015,0.02553969331667918
s44-133-32,u032,2025-07-10,regular,hazard_cal,120,0.08521963782794761,0,0.00726238667152656,0.08907128386316913
s44-133-8,u008,2025-07-10,regular,empirical,30,0.0011634671320535084,0,1.353655767368816e-06,0.0011641444853737134
s44-133-8,u008,2025-07-10,regular,empirical,60,0.004072134962187279,0,1.6582283150267994e-05,0.004080448681161805
s44-133-8,u008,2025-07-10,regular,empirical,120,0.018615474112856356,0,0.0003465358764464251,0.018790922836881
s44-133-8,u008,2025-07-10,regular,hazard,30,0.0030629801038564164,0,9.381847116620263e-06,0.0030676806282772338
s44-133-8,u008,2025-07-10,regular,hazard,60,0.008093487343146077,0,6.550453737366575e-05,0.008126417411584817
s44-133-8,u008,2025-07-10,regular,hazard,120,0.029798000525079416,0,0.0008879208352926331,0.030250982283719054
s44-133-8,u008,2025-07-10,regular,hazard_cal,30,0.005878022201302624,0,3.4551144999006544e-05,0.0058953657711236515
s44-133-8,u008,2025-07-10,regular,hazard_cal,60,0.015085468070047958,0,0.00022757134689243647,0.015200411189010813
s44-133-8,u008,2025-07-10,regular,hazard_cal,120,0.05170498112330091,0,0.002673405072960903,0.053089623793481464
s44-133-21,u021,2025-07-10,variable,empirical,30,0.0011634671320535084,0,1.353655767368816e-06,0.0011641444853737134
s44-133-21,u021,2025-07-10,variable,empirical,60,0.004072134962187279,0,1.6582283150267994e-05,0.004080448681161805
s44-133-21,u021,2025-07-10,variable,empirical,120,0.018615474112856356,0,0.0003465358764464251,0.018790922836881
s44-133-21,u021,2025-07-10,variable,hazard,30,0.0012330461339328247,0,1.5204027684066855e-06,0.0012338069608044233
s44-133-21,u021,2025-07-10,variable,hazard,60,0.0032636849824618785,0,1.0651639664747193e-05,0.0032690224185983395
s44-133-21,u021,2025-07-10,variable,hazard,120,0.012105256557998767,0,0.00014653723633497215,0.012179121887254602
s44-133-21,u021,2025-07-10,variable,hazard_cal,30,0.002563856590153901,0,6.573360614875589e-06,0.0025671488990037876
s44-133-21,u021,2025-07-10,variable,hazard_cal,60,0.006599154432838428,0,4.354883922845107e-05,0.00662102512426672
s44-133-21,u021,2025-07-10,variable,hazard_cal,120,0.02288702987470448,0,0.0005238161364856153,0.023153004017702927
s44-133-41,u041,2025-07-10,regular,empirical,30,0.0011634671320535084,0,1.353655767368816e-06,0.0011641444853737134
s44-133-41,u041,2025-07-10,regular,empirical,60,0.004072134962187279,0,1.6582283150267994e-05,0.004080448681161805
s44-133-41,u041,2025-07-10,regular,empirical,120,0.018615474112856356,0,0.0003465358764464251,0.018790922836881
s44-133-41,u041,2025-07-10,regular,hazard,30,0.005261120657352736,0,2.7679390571223682e-05,0.005275009086523063
s44-133-41,u041,2025-07-10,regular,hazard,60,0.013873430312552504,0,0.00019247206863725065,0.013970565794848181
s44-133-41,u041,2025-07-10,regular,hazard,120,0.05062821370968795,0,0.0025632160234338353,0.051954790717158125
s44-133-41,u041,2025-07-10,regular,hazard_cal,30,0.009620717822694247,0,9.255821142390673e-05,0.009667295912257358
s44-133-41,u041,2025-07-10,regular,hazard_cal,60,0.024609543015894464,0,0.00060562960745116,0.024917419448831687
s44-133-41,u041,2025-07-10,regular,hazard_cal,120,0.08323916778108675,0,0.006928759052887911,0.08690865620859357
s44-133-11,u011,2025-07-10,variable,empirical,30,0.0011634671320535084,0,1.353655767368816e-06,0.0011641444853737134
s44-133-11,u011,2025-07-10,variable,empirical,60,0.004072134962187279,0,1.6582283150267994e-05,0.004080448681161805
s44-133-11,u011,2025-07-10,variable,empirical,120,0.018615474112856356,0,0.0003465358764464251,0.018790922836881
s44-133-11,u011,2025-07-10,variable,hazard,30,0.0008436469279878844,0,7.117401391033947e-07,0.0008440029983366258
s44-133-11,u011,2025-07-10,variable,hazard,60,0.0022338115589732865,0,4.989914081002665e-06,0.002236310237758994
s44-133-11,u011,2025-07-10,variable,hazard,120,0.008298471225542392,0,6.886462468115505e-05,0.008333095221761542
s44-133-11,u011,2025-07-10,variable,hazard_cal,30,0.0018134490559316152,0,3.2885974784592665e-06,0.0018150953452798224
s44-133-11,u011,2025-07-10,variable,hazard_cal,60,0.004670751080187108,0,2.1815915653069033e-05,0.004681693123014052
s44-133-11,u011,2025-07-10,variable,hazard_cal,120,0.016242528383157095,0,0.00026381972827766386,0.016375884243185368
s44-133-20,u020,2025-07-10,variable,empirical,30,0.0011634671320535084,0,1.353655767368816e-06,0.0011641444853737134
s44-133-20,u020,2025-07-10,variable,empirical,60,0.004072134962187279,0,1.6582283150267994e-05,0.004080448681161805
s44-133-20,u020,2025-07-10,variable,empirical,120,0.018615474112856356,0,0.0003465358764464251,0.018790922836881
s44-133-20,u020,2025-07-10,variable,hazard,30,0.0003509299306687641,0,1.2315181623918359e-07,0.00035099152098656247
s44-133-20,u020,2025-07-10,variable,hazard,60,0.0009296184477729508,0,8.641904584397904e-07,0.0009300508109781468
s44-133-20,u020,2025-07-10,variable,hazard,120,0.0034603892332885078,0,1.1974293645859027e-05,0.0034663902279624867
s44-133-20,u020,2025-07-10,variable,hazard_cal,30,0.0008143252049083172,0,6.631255393489728e-07,0.0008146569477879441
s44-133-20,u020,2025-07-10,variable,hazard_cal,60,0.0020992349780576403,0,4.4067874931006615e-06,0.0021014414602947844
s44-133-20,u020,2025-07-10,variable,hazard_cal,120,0.0073262688479568405,0,5.367421523254285e-05,0.007353237757294339
s44-134-26,u026,2025-07-11,regular,empirical,30,0.0011634671320535084,0,1.353655767368816e-06,0.0011641444853737134
s44-134-26,u026,2025-07-11,regular,empirical,60,0.004072134962187279,0,1.6582283150267994e-05,0.004080448681161805
s44-134-26,u026,2025-07-11,regular,empirical,120,0.018615474112856356,0,0.0003465358764464251,0.018790922836881
s44-134-26,u026,2025-07-11,regular,hazard,30,0.004683340102427769,0,2.1933674515008143e-05,0.004694341301361659
s44-134-26,u026,2025-07-11,regular,hazard,60,0.012356462998731055,0,0.00015268217783900964,0.012433438844382727
s44-134-26,u026,2025-07-11,regular,hazard,120,0.04519714743500414,0,0.002042782136261501,0.04625039691719526
s44-134-26,u026,2025-07-11,regular,hazard_cal,30,0.008653941978554958,0,7.489071176819569e-05,0.008691604779663051
s44-134-26,u026,2025-07-11,regular,hazard_cal,60,0.02215541502230367,0,0.0004908624148105192,0.022404532640771104
s44-134-26,u026,2025-07-11,regular,hazard_cal,120,0.0751943189444979,0,0.005654185601526877,0.07817163807305001
s44-134-37,u037,2025-07-11,variable,empirical,30,0.0011634671320535084,0,1.353655767368816e-06,0.0011641444853737134
s44-134-37,u037,2025-07-11,variable,empirical,60,0.004072134962187279,0,1.6582283150267994e-05,0.004080448681161805
s44-134-37,u037,2025-07-11,variable,empirical,120,0.018615474112856356,0,0.0003465358764464251,0.018790922836881
s44-134-37,u037,2025-07-11,variable,hazard,30,0.0028358522337113,0,8.042057891445371e-06,0.0028398808808917436
s44-134-37,u037,2025-07-11,variable,hazard,60,0.007494913823146709,0,5.6173733216395624e-05,0.007523141822483266
s44-134-37,u037,2025-07-11,variable,hazard,120,0.0276195293619923,0,0.0007628384021779548,0.02800812041316914
s44-134-37,u037,2025-07-11,variable,hazard_cal,30,0.005479448945038934,0,3.0024360741288284e-05,0.005494516190751503
s44-134-37,u037,2025-07-11,variable,hazard_cal,60,0.014067497788507133,0,0.00019789449402965307,0.014167382897689044
s44-134-37,u037,2025-07-11,variable,hazard_cal,120,0.048284228211526115,0,0.002331366693982734,0.04948884781411726
s44-134-46,u046,2025-07-11,regular,empirical,30,0.0011634671320535084,0,1.353655767368816e-06,0.0011641444853737134
s44-134-46,u046,2025-07-11,regular,empirical,60,0.004072134962187279,0,1.6582283150267994e-05,0.004080448681161805
s44-134-46,u046,2025-07-11,regular,empirical,120,0.018615474112856356,0,0.0003465358764464251,0.018790922836881
s44-134-46,u046,2025-07-11,regular,hazard,30,0.0012420681111942056,0,1.5427331928455415e-06,0.0012428401171127943
s44-134-46,u046,2025-07-11,regular,hazard,60,0.0032875372616809617,0,1.0807901246940756e-05,0.0032929530853768193
s44-134-46,u046,2025-07-11,regular,hazard,120,0.012193280579519183,0,0.00014867609129087968,0.012268228488867505
s44-134-46,u046,2025-07-11,regular,hazard_cal,30,0.002580965470682095,0,6.661382760853248e-06,0.002584301904111946
s44-134-46,u046,2025-07-11,regular,hazard_cal,60,0.0066430912470824,0,4.41306613170628e-05,0.0066652547885583
s44-134-46,u046,2025-07-11,regular,hazard_cal,120,0.023038001604678615,0,0.0005307495179371744,0.023307523913517182
s44-134-53,u053,2025-07-11,regular,empirical,30,0.0011634671320535084,0,1.353655767368816e-06,0.0011641444853737134
s44-134-53,u053,2025-07-11,regular,empirical,60,0.004072134962187279,0,1.6582283150267994e-05,0.004080448681161805
s44-134-53,u053,2025-07-11,regular,empirical,120,0.018615474112856356,0,0.0003465358764464251,0.018790922836881
s44-134-53,u053,2025-07-11,regular,hazard,30,0.0030432370019919386,0,9.261291450292882e-06,0.0030478770639805783
s44-134-53,u053,2025-07-11,regular,hazard,60,0.008041466336225378,0,6.466518083664601e-05,0.008073973313102308
s44-134-53,u053,2025-07-11,regular,hazard,120,0.029608832606511593,0,0.0008766829683204241,0.03005602342021624
s44-134-53,u053,2025-07-11,regular,hazard_cal,30,0.005843485052568154,0,3.414631755958744e-05,0.005860625015375454
s44-134-53,u053,2025-07-11,regular,hazard_cal,60,0.01499728731523542,0,0.0002249186268157212,0.015110883819155553
s44-134-53,u053,2025-07-11,regular,hazard_cal,120,0.05140904822456871,0,0.0026428902393560313,0.05277760408780419
s44-134-2,u002,2025-07-11,regular,empirical,30,0.0011634671320535084,0,1.353655767368816e-06,0.0011641444853737134
s44-134-2,u002,2025-07-11,regular,empirical,60,0.004072134962187279,0,1.6582283150267994e-05,0.004080448681161805
s44-134-2,u002,2025-07-11,regular,empirical,120,0.018615474112856356,0,0.0003465358764464251,0.018790922836881
s44-134-2,u002,2025-07-11,regular,hazard,30,0.0009128335202807092,0,8.332650357480719e-07,0.0009132504065163781
s44-134-2,u002,2025-07-11,regular,hazard,60,0.0024168489454767794,0,5.841158825252221e-06,0.0024197742391685643
s44-134-2,u002,2025-07-11,regular,hazard,120,0.008975924096636057,0,8.05672133885718e-05,0.009016450392903847
s44-134-2,u002,2025-07-11,regular,hazard_cal,30,0.0019486888131802216,0,3.7973880906137406e-06,0.0019505899774787607
s44-134-2,u002,2025-07-11,regular,hazard_cal,60,0.005018479675387266,0,2.518513825227508e-05,0.005031114534093657
s44-134-2,u002,2025-07-11,regular,hazard_cal,120,0.017443308204826424,0,0.0003042690011285649,0.01759723533069671
s44-134-25,u025,2025-07-11,variable,empirical,30,0.0011634671320535084,0,1.353655767368816e-06,0.0011641444853737134
s44-134-25,u025,2025-07-11,variable,empirical,60,0.004072134962187279,0,1.6582283150267994e-05,0.004080448681161805
s44-134-25,u025,2025-07-11,variable,empirical,120,0.018615474112856356,0,0.0003465358764464251,0.018790922836881
s44-134-25,u025,2025-07-11,variable,hazard,30,0.0007602638878271284,0,5.780011791340205e-07,0.0007605530349780754
s44-134-25,u025,2025-07-11,variable,hazard,60,0.0020131853563885027,0,4.0529152791771026e-06,0.0020152145378978105
s44-134-25,u025,2025-07-11,variable,hazard,120,0.007481389301750796,0,5.597118588435126e-05,0.007509515263347057
s44-134-25,u025,2025-07-11,variable,hazard_cal,30,0.0016491472071844537,0,2.7196865109642834e-06,0.001650508547346024
s44-134-25,u025,2025-07-11,variable,hazard_cal,60,0.004248186534449361,0,1.804708883147687e-05,0.004257235716367081
s44-134-25,u025,2025-07-11,variable,hazard_cal,120,0.01478175396565573,0,0.00021850025030117892,0.014892092774947394
s44-134-39,u039,2025-07-11,variable,empirical,30,0.0011634671320535084,0,1.353655767368816e-06,0.0011641444853737134
s44-134-39,u039,2025-07-11,variable,empirical,60,0.004072134962187279,0,1.6582283150267994e-05,0.004080448681161805
s44-134-39,u039,2025-07-11,variable,empirical,120,0.018615474112856356,0,0.0003465358764464251,0.018790922836881
s44-134-39,u039,2025-07-11,variable,hazard,30,0.0007502798445322423,0,5.629198451113257e-07,0.0007505614453165365
s44-134-39,u039,2025-07-11,variable,hazard,60,0.001986765925785283,0,3.947238843861453e-06,0.0019887421631884675
s44-134-39,u039,2025-07-11,variable,hazard,120,0.007383508680556372,0,5.45162004358513e-05,0.007410901701807332
s44-134-39,u039,2025-07-11,variable,hazard_cal,30,0.0016293709492266606,0,2.654849690183789e-06,0.0016306998177477625
s44-134-39,u039,2025-07-11,variable,hazard_cal,60,0.004197316136884122,0,1.7617462752947846e-05,0.004206149594802708
s44-134-39,u039,2025-07-11,variable,hazard_cal,120,0.014605782496942776,0,0.00021332888234799996,0.014713497061749872
s44-134-0,u000,2025-07-11,regular,empirical,30,0.0011634671320535084,0,1.353655767368816e-06,0.0011641444853737134
s44-134-0,u000,2025-07-11,regular,empirical,60,0.004072134962187279,0,1.6582283150267994e-05,0.004080448681161805
s44-134-0,u000,2025-07-11,regular,empirical,120,0.018615474112856356,0,0.0003465358764464251,0.018790922836881
s44-134-0,u000,2025-07-11,regular,hazard,30,0.004589366061270139,0,2.1062280844338192e-05,0.004599929533844937
s44-134-0,u000,2025-07-11,regular,hazard,60,0.012109579189992226,0,0.00014664190815869276,0.012183497496578606
s44-134-0,u000,2025-07-11,regular,hazard,120,0.04431084173486066,0,0.0019634506952518694,0.0453225670611143
s44-134-0,u000,2025-07-11,regular,hazard_cal,30,0.008495691817153261,0,7.217677945204488e-05,0.008531985915390783
s44-134-0,u000,2025-07-11,regular,hazard_cal,60,0.021753302259755358,0,0.0004732061592042776,0.02199339357812587
s44-134-0,u000,2025-07-11,regular,hazard_cal,120,0.07387083828811358,0,0.005456900749388627,0.07674157057271708
s44-134-30,u030,2025-07-11,variable,empirical,30,0.0011634671320535084,0,1.353655767368816e-06,0.0011641444853737134
s44-134-30,u030,2025-07-11,variable,empirical,60,0.004072134962187279,0,1.6582283150267994e-05,0.004080448681161805
s44-134-30,u030,2025-07-11,variable,empirical,120,0.018615474112856356,0,0.0003465358764464251,0.018790922836881
s44-134-30,u030,2025-07-11,variable,hazard,30,0.0015995627368646792,0,2.558600949166023e-06,0.0016008434031922147
s44-134-30,u030,2025-07-11,variable,hazard,60,0.004232359046461909,0,1.791286309816796e-05,0.004241340829723955
s44-134-30,u030,2025-07-11,variable,hazard,120,0.015674848545301878,0,0.0002457008769181524,0.01579899804242943
s44-134-30,u030,2025-07-11,variable,hazard_cal,30,0.0032508244959701393,0,1.056785990359951e-05,0.0032561199053339437
s44-134-30,u030,2025-07-11,variable,hazard_cal,60,0.00836229543250322,0,6.99279849004642e-05,0.008397455575159397
s44-134-30,u030,2025-07-11,variable,hazard_cal,120,0.028930835966112678,0,0.0008369932696981189,0.029357583532482825
s44-134-31,u031,2025-07-11,regular,empirical,30,0.0011634671320535084,0,1.353655767368816e-06,0.0011641444853737134
s44-134-31,u031,2025-07-11,regular,empirical,60,0.004072134962187279,0,1.6582283150267994e-05,0.004080448681161805
s44-134-31,u031,2025-07-11,regular,empirical,120,0.018615474112856356,0,0.0003465358764464251,0.018790922836881
s44-134-31,u031,2025-07-11,regular,hazard,30,0.005068915250788675,0,2.5693901819678012e-05,0.005081805780818372
s44-134-31,u031,2025-07-11,regular,hazard,60,0.013368974564596514,0,0.00017872948090882855,0.013459143854110744
s44-134-31,u031,2025-07-11,regular,hazard,120,0.04882497716587253,0,0.002383878395247974,0.050057192535138975
s44-134-31,u031,2025-07-11,regular,hazard_cal,30,0.009300251339462995,0,8.649467497718322e-05,0.009343768702047088
s44-134-31,u031,2025-07-11,regular,hazard_cal,60,0.023796514876276764,0,0.0005662741202568613,0.024084225443551988
s44-134-31,u031,2025-07-11,regular,hazard_cal,120,0.08058015972197174,0,0.006493162140818478,0.0840124162496018
s44-134-45,u045,2025-07-11,variable,empirical,30,0.0011634671320535084,0,1.353655767368816e-06,0.0011641444853737134
s44-134-45,u045,2025-07-11,variable,empirical,60,0.004072134962187279,0,1.6582283150267994e-05,0.004080448681161805
s44-134-45,u045,2025-07-11,variable,empirical,120,0.018615474112856356,0,0.0003465358764464251,0.018790922836881
s44-134-45,u045,2025-07-11,variable,hazard,30,0.0009836525926248951,0,9.675724229776778e-07,0.000984136696322325
s44-134-45,u045,2025-07-11,variable,hazard,60,0.002604180812933121,0,6.781757706449012e-06,0.002607577590282844
s44-134-45,u045,2025-07-11,variable,hazard,120,0.009668877286956312,0,9.348718799021966e-05,0.009715924388336093
s44-134-45,u045,2025-07-11,variable,hazard_cal,30,0.002086186759673536,0,4.352175196237168e-06,0.002088365878498352
s44-134-45,u045,2025-07-11,variable,hazard_cal,60,0.0053719296032496144,0,2.885762766226956e-05,0.005386410299884923
s44-134-45,u045,2025-07-11,variable,hazard_cal,120,0.01866265033993464,0,0.0003482945177106625,0.018838995085603674
s44-134-57,u057,2025-07-11,new,empirical,30,0.0011634671320535084,0,1.353655767368816e-06,0.0011641444853737134
s44-134-57,u057,2025-07-11,new,empirical,60,0.004072134962187279,0,1.6582283150267994e-05,0.004080448681161805
s44-134-57,u057,2025-07-11,new,empirical,120,0.018615474112856356,0,0.0003465358764464251,0.018790922836881
s44-134-57,u057,2025-07-11,new,hazard,30,0.0022003316225380765,0,4.8414592491410446e-06,0.002202755908971541
s44-134-57,u057,2025-07-11,new,hazard,60,0.005818717659912376,0,3.3857475205776155e-05,0.005835712354467588
s44-134-57,u057,2025-07-11,new,hazard,120,0.02149771224157415,0,0.00046215163162152716,0.021732154122754792
s44-134-57,u057,2025-07-11,new,hazard_cal,30,0.004347945616365423,0,1.8904631082871298e-05,0.0043574254203343175
s44-134-57,u057,2025-07-11,new,hazard_cal,60,0.01117369169757243,0,0.00012485138615239905,0.011236586339743719
s44-134-57,u057,2025-07-11,new,hazard_cal,120,0.03850643333384074,0,0.0014827454080935212,0.0392674049105188
s44-134-10,u010,2025-07-11,variable,empirical,30,0.0011634671320535084,0,1.353655767368816e-06,0.0011641444853737134
s44-134-10,u010,2025-07-11,variable,empirical,60,0.004072134962187279,0,1.6582283150267994e-05,0.004080448681161805
s44-134-10,u010,2025-07-11,variable,empirical,120,0.018615474112856356,0,0.0003465358764464251,0.018790922836881
s44-134-10,u010,2025-07-11,variable,hazard,30,0.0016415384027042013,0,2.6946483275526603e-06,0.0016428872031418844
s44-134-10,u010,2025-07-11,variable,hazard,60,0.004343255302225124,0,1.8863866620306653e-05,0.0043527146350031114
s44-134-10,u010,2025-07-11,variable,hazard,120,0.0160828267876445,0,0.00025865731748137547,0.0162135590373563
s44-134-10,u010,2025-07-11,variable,hazard_cal,30,0.0033285436270774627,0,1.107920267735799e-05,0.003334095551721755
s44-134-10,u010,2025-07-11,variable,hazard_cal,60,0.00856163144332367,0,7.330153297130855e-05,0.008598492755924505
s44-134-10,u010,2025-07-11,variable,hazard_cal,120,0.02961225869796391,0,0.0008768858651951394,0.030059554055712097
s44-134-11,u011,2025-07-11,variable,empirical,30,0.0011634671320535084,0,1.353655767368816e-06,0.0011641444853737134
s44-134-11,u011,2025-07-11,variable,empirical,60,0.004072134962187279,0,1.6582283150267994e-05,0.004080448681161805
s44-134-11,u011,2025-07-11,variable,empirical,120,0.018615474112856356,0,0.0003465358764464251,0.018790922836881
s44-134-11,u011,2025-07-11,variable,hazard,30,0.0005556347304351839,0,3.087299536657794e-07,0.0005557891526162174
s44-134-11,u011,2025-07-11,variable,hazard,60,0.0014716049198412184,0,2.165621040100879e-06,0.0014726887938479886
s44-134-11,u011,2025-07-11,variable,hazard,120,0.005473314856235034,0,2.9957175515483134e-05,0.005488348324355688
s44-134-11,u011,2025-07-11,variable,hazard_cal,30,0.0012387199803806093,0,1.534427189794137e-06,0.001239487828139913
s44-134-11,u011,2025-07-11,variable,hazard_cal,60,0.003192082770145488,0,1.0189392411459692e-05,0.0031971883341682583
s44-134-11,u011,2025-07-11,variable,hazard_cal,120,0.011123337008876799,0,0.00012372862621304825,0.011185663941954553
s44-134-14,u014,2025-07-11,variable,empirical,30,0.0011634671320535084,0,1.353655767368816e-06,0.0011641444853737134
s44-134-14,u014,2025-07-11,variable,empirical,60,0.004072134962187279,0,1.6582283150267994e-05,0.004080448681161805
s44-134-14,u014,2025-07-11,variable,empirical,120,0.018615474112856356,0,0.0003465358764464251,0.018790922836881
s44-134-14,u014,2025-07-11,variable,hazard,30,0.0018509051207894478,0,3.4258497661646003e-06,0.0018526201622519516
s44-134-14,u014,2025-07-11,variable,hazard,60,0.004896255864328625,0,2.3973321488972446e-05,0.004908281795823558
s44-134-14,u014,2025-07-11,variable,hazard,120,0.018115195339103995,0,0.00032816030217389515,0.018281284371290663
s44-134-14,u014,2025-07-11,variable,hazard_cal,30,0.003713643859354132,0,1.3791150714118652e-05,0.003720556554209241
s44-134-14,u014,2025-07-11,variable,hazard_cal,60,0.009548943386398334,0,9.118231979664049e-05,0.009594826872459498
s44-134-14,u014,2025-07-11,variable,hazard_cal,120,0.032981748163755875,0,0.001087795711937414,0.03353790900557767
s44-134-20,u020,2025-07-11,variable,empirical,30,0.0011634671320535084,0,1.353655767368816e-06,0.0011641444853737134
s44-134-20,u020,2025-07-11,variable,empirical,60,0.004072134962187279,0,1.6582283150267994e-05,0.004080448681161805
s44-134-20,u020,2025-07-11,variable,empirical,120,0.018615474112856356,0,0.0003465358764464251,0.018790922836881
s44-134-20,u020,2025-07-11,variable,hazard,30,0.00019124763881794848,0,3.6575659353440475e-08,0.0001912659289796292
s44-134-20,u020,2025-07-11,variable,hazard,60,0.0005066928079241473,0,2.567376016020568e-07,0.000506821220103799
s44-134-20,u020,2025-07-11,variable,hazard,120,0.00188732501461919,0,3.5619957108073256e-06,0.001889108256532546
s44-134-20,u020,2025-07-11,variable,hazard_cal,30,0.0004678569220015749,0,2.1889009946478774e-07,0.00046796640119970605
s44-134-20,u020,2025-07-11,variable,hazard_cal,60,0.0012064480522787635,0,1.455516902847222e-06,0.0012071763965955087
s44-134-20,u020,2025-07-11,variable,hazard_cal,120,0.004215706287826637,0,1.7772179505221046e-05,0.004224617430905381
s44-134-49,u049,2025-07-11,variable,empirical,30,0.0011634671320535084,0,1.353655767368816e-06,0.0011641444853737134
s44-134-49,u049,2025-07-11,variable,empirical,60,0.004072134962187279,0,1.6582283150267994e-05,0.004080448681161805
s44-134-49,u049,2025-07-11,variable,empirical,120,0.018615474112856356,0,0.0003465358764464251,0.018790922836881
s44-134-49,u049,2025-07-11,variable,hazard,30,0.0004617343021836584,0,2.1319856581302999e-07,0.00046184093429162956
s44-134-49,u049,2025-07-11,variable,hazard,60,0.0012230151007266432,0,1.4957659366054012e-06,0.0012237635940362652
s44-134-49,u049,2025-07-11,variable,hazard,120,0.004550473624413964,0,2.070681020648716e-05,0.004560858545699811
s44-134-49,u049,2025-07-11,variable,hazard_cal,30,0.0010461324991208887,0,1.094393205716916e-06,0.0010466800776501885
s44-134-49,u049,2025-07-11,variable,hazard_cal,60,0.002696257031283289,0,7.269801978744575e-06,0.002699898479265297
s44-134-49,u049,2025-07-11,variable,hazard_cal,120,0.009402039246090843,0,8.839834198503247e-05,0.009446517427020358
s44-134-54,u054,2025-07-11,new,empirical,30,0.0011634671320535084,0,1.353655767368816e-06,0.0011641444853737134
s44-134-54,u054,2025-07-11,new,empirical,60,0.004072134962187279,0,1.6582283150267994e-05,0.004080448681161805
s44-134-54,u054,2025-07-11,new,empirical,120,0.018615474112856356,0,0.0003465358764464251,0.018790922836881
s44-134-54,u054,2025-07-11,new,hazard,30,0.0010315719336578821,0,1.064140654310662e-06,0.0010321043701809142
s44-134-54,u054,2025-07-11,new,hazard,60,0.0027309239347812486,0,7.457945537561097e-06,0.00273465971051304
s44-134-54,u054,2025-07-11,new,hazard,120,0.01013748250504265,0,0.0001027685515400458,0.010189216714216538
s44-134-54,u054,2025-07-11,new,hazard_cal,30,0.002178725720071606,0,4.746845763301538e-06,0.002181102595954547
s44-134-54,u054,2025-07-11,new,hazard_cal,60,0.005609760509828421,0,3.1469412977630425e-05,0.005625554310304603
s44-134-54,u054,2025-07-11,new,hazard_cal,120,0.019482449121929313,0,0.0003795658237885643,0.019674733579297686
s44-134-55,u055,2025-07-11,new,empirical,30,0.0011634671320535084,0,1.353655767368816e-06,0.0011641444853737134
s44-134-55,u055,2025-07-11,new,empirical,60,0.004072134962187279,0,1.6582283150267994e-05,0.004080448681161805
s44-134-55,u055,2025-07-11,new,empirical,120,0.018615474112856356,0,0.0003465358764464251,0.018790922836881
s44-134-55,u055,2025-07-11,new,hazard,30,0.0008537817283816862,0,7.289432397184194e-07,0.0008541464075872821
s44-134-55,u055,2025-07-11,new,hazard,60,0.0022606252665250404,0,5.11042659565141e-06,0.0022631843372836395
s44-134-55,u055,2025-07-11,new,hazard,120,0.008397737184823062,0,7.052198982535997e-05,0.00843319683986413
s44-134-55,u055,2025-07-11,new,hazard_cal,30,0.0018333189365657976,0,3.361058323170747e-06,0.0018350015225196666
s44-134-55,u055,2025-07-11,new,hazard_cal,60,0.004721845728476448,0,2.229582708353128e-05,0.004733028859250787
s44-134-55,u055,2025-07-11,new,hazard_cal,120,0.01641904202312372,0,0.00026958494095710267,0.016555328346736706
s44-134-16,u016,2025-07-11,regular,empirical,30,0.0011634671320535084,0,1.353655767368816e-06,0.0011641444853737134
s44-134-16,u016,2025-07-11,regular,empirical,60,0.004072134962187279,0,1.6582283150267994e-05,0.004080448681161805
s44-134-16,u016,2025-07-11,regular,empirical,120,0.018615474112856356,0,0.0003465358764464251,0.018790922836881
s44-134-16,u016,2025-07-11,regular,hazard,30,0.0024650461297811566,0,6.076452421949058e-06,0.0024680893581530325
s44-134-16,u016,2025-07-11,regular,hazard,60,0.006517147102688581,0,4.2473206358082164e-05,0.006538476427269717
s44-134-16,u016,2025-07-11,regular,hazard,120,0.02405236078583095,0,0.0005785160593717785,0.024346342354306827
s44-134-16,u016,2025-07-11,regular,hazard_cal,30,0.0048224047650641255,0,2.3255587718113183e-05,0.0048340700772714984
s44-134-16,u016,2025-07-11,regular,hazard_cal,60,0.012387818898374814,0,0.00015345805705893218,0.012465187543408399
s44-134-16,u016,2025-07-11,regular,hazard_cal,120,0.04261847762886195,0,0.0018163346354018064,0.04355330201032911
s44-134-29,u029,2025-07-11,regular,empirical,30,0.0011634671320535084,0,1.353655767368816e-06,0.0011641444853737134
s44-134-29,u029,2025-07-11,regular,empirical,60,0.004072134962187279,0,1.6582283150267994e-05,0.004080448681161805
s44-134-29,u029,2025-07-11,regular,empirical,120,0.018615474112856356,0,0.0003465358764464251,0.018790922836881
s44-134-29,u029,2025-07-11,regular,hazard,30,0.0019132242440182967,0,3.660427007899383e-06,0.0019150567952829613
s44-134-29,u029,2025-07-11,regular,hazard,60,0.005060817912417748,0,2.561187794264833e-05,0.005073667221731458
s44-134-29,u029,2025-07-11,regular,hazard,120,0.01871932110328811,0,0.0003504129825680076,0.0188967452565943
s44-134-29,u029,2025-07-11,regular,hazard_cal,30,0.003827501807066147,0,1.4649770083094621e-05,0.0038348454366002715
s44-134-29,u029,2025-07-11,regular,hazard_cal,60,0.009840721604338243,0,9.683980169408944e-05,0.009889461526124783
s44-134-29,u029,2025-07-11,regular,hazard_cal,120,0.03397574448274343,0,0.0011543512131566708,0.034566335853736065
s44-134-41,u041,2025-07-11,regular,empirical,30,0.0011634671320535084,0,1.353655767368816e-06,0.0011641444853737134
s44-134-41,u041,2025-07-11,regular,empirical,60,0.004072134962187279,0,1.6582283150267994e-05,0.004080448681161805
s44-134-41,u041,2025-07-11,regular,empirical,120,0.018615474112856356,0,0.0003465358764464251,0.018790922836881
s44-134-41,u041,2025-07-11,regular,hazard,30,0.002371830604527947,0,5.6255804165754065e-06,0.0023746478503043323
s44-134-41,u041,2025-07-11,regular,hazard,60,0.006271244088307593,0,3.932850241513293e-05,0.006290990941027538
s44-134-41,u041,2025-07-11,regular,hazard,120,0.02315354642024081,0,0.0005360867118342461,0.02342580041660027
s44-134-41,u041,2025-07-11,regular,hazard_cal,30,0.004655878672397806,0,2.167720621208876e-05,0.004666751035565793
s44-134-41,u041,2025-07-11,regular,hazard_cal,60,0.011961799239322612,0,0.00014308464104185903,0.012033917244203215
s44-134-41,u041,2025-07-11,regular,hazard_cal,120,0.041177214721150324,0,0.001695563012191719,0.04204901233334387
s44-134-44,u044,2025-07-11,variable,empirical,30,0.0011634671320535084,1,0.9976744193916603,6.756350824822913
s44-134-44,u044,2025-07-11,variable,empirical,60,0.004072134962187279,1,0.9918723123587757,5.503587856327545
s44-134-44,u044,2025-07-11,variable,empirical,120,0.018615474112856356,1,0.9631155876507337,3.9837621025831202
s44-134-44,u044,2025-07-11,variable,hazard,30,0.0013471149424082451,1,0.9973075848338516,6.609790053042861
s44-134-44,u044,2025-07-11,variable,hazard,60,0.0035652303829037946,1,0.9928822501018756,5.636526603668463
s44-134-44,u044,2025-07-11,variable,hazard,120,0.013217599573869032,1,0.9737395057907571,4.326206036395696
s44-134-44,u044,2025-07-11,variable,hazard_cal,30,0.0027793835319785964,1,0.9944489579088607,5.885526126956835
s44-134-44,u044,2025-07-11,variable,hazard_cal,60,0.007152546079558397,1,0.9857460667563034,4.9402868906198805
s44-134-44,u044,2025-07-11,variable,hazard_cal,120,0.02478719087519654,1,0.9510400230810904,3.6974282562095873
s44-134-51,u051,2025-07-11,regular,empirical,30,0.0011634671320535084,0,1.353655767368816e-06,0.0011641444853737134
s44-134-51,u051,2025-07-11,regular,empirical,60,0.004072134962187279,0,1.6582283150267994e-05,0.004080448681161805
s44-134-51,u051,2025-07-11,regular,empirical,120,0.018615474112856356,0,0.0003465358764464251,0.018790922836881
s44-134-51,u051,2025-07-11,regular,hazard,30,0.0005309138213077658,0,2.8186948565561425e-07,0.0005310548059532666
s44-134-51,u051,2025-07-11,regular,hazard,60,0.001406163558806961,0,1.9772959541166577e-06,0.0014071531345630501
s44-134-51,u051,2025-07-11,regular,hazard,120,0.005230444862374561,0,2.7357553458340446e-05,0.005244171524390667
s44-134-51,u051,2025-07-11,regular,hazard_cal,30,0.0011883158233676472,0,1.4120944960659292e-06,0.0011890224304527352
s44-134-51,u051,2025-07-11,regular,hazard_cal,60,0.0030623310863818753,0,9.377871682620797e-06,0.0030670296169792986
s44-134-51,u051,2025-07-11,regular,hazard_cal,120,0.010673123917619431,0,0.00011391557416085997,0.010730490255184919
s44-135-1,u001,2025-07-14,regular,empirical,30,0.0011634671320535084,0,1.353655767368816e-06,0.0011641444853737134
s44-135-1,u001,2025-07-14,regular,empirical,60,0.004072134962187279,0,1.6582283150267994e-05,0.004080448681161805
s44-135-1,u001,2025-07-14,regular,empirical,120,0.018615474112856356,0,0.0003465358764464251,0.018790922836881
s44-135-1,u001,2025-07-14,regular,hazard,30,0.0005731281706586877,0,3.2847590000257386e-07,0.000573292471388606
s44-135-1,u001,2025-07-14,regular,hazard,60,0.0015179118613046771,0,2.3040564186894295e-06,0.0015190650566276602
s44-135-1,u001,2025-07-14,regular,hazard,120,0.005645142537866854,0,3.1867634272833825e-05,0.005661136575821072
s44-135-1,u001,2025-07-14,regular,hazard_cal,30,0.0012742687050526502,0,1.6237607326765581e-06,0.0012750812757813062
s44-135-1,u001,2025-07-14,regular,hazard_cal,60,0.0032835862908427993,0,1.0781938929410772e-05,0.0032889890905888953
s44-135-1,u001,2025-07-14,regular,hazard_cal,120,0.01144073842289306,0,0.00013089049566106158,0.011506687154690415
s44-135-47,u047,2025-07-14,regular,empirical,30,0.0011634671320535084,0,1.353655767368816e-06,0.0011641444853737134
s44-135-47,u047,2025-07-14,regular,empirical,60,0.004072134962187279,0,1.6582283150267994e-05,0.004080448681161805
s44-135-47,u047,2025-07-14,regular,empirical,120,0.018615474112856356,0,0.0003465358764464251,0.018790922836881
s44-135-47,u047,2025-07-14,regular,hazard,30,0.00626367409075157,0,3.92336131151525e-05,0.006283373199588656
s44-135-47,u047,2025-07-14,regular,hazard,60,0.016501773792031216,0,0.0002723085382833683,0.016639444705266078
s44-135-47,u047,2025-07-14,regular,hazard,120,0.05997819828154638,0,0.003597384269100493,0.06185221066954445
s44-135-47,u047,2025-07-14,regular,hazard_cal,30,0.01127562068421517,0,0.000127139621814301,0.011339672432425136
s44-135-47,u047,2025-07-14,regular,hazard_cal,60,0.028800719567549593,0,0.000829481447608634,0.029223599582809495
s44-135-47,u047,2025-07-14,regular,hazard_cal,120,0.0968499003737967,0,0.009379903202414348,0.1018665160938791
s44-135-7,u007,2025-07-14,variable,empirical,30,0.0011634671320535084,0,1.353655767368816e-06,0.0011641444853737134
s44-135-7,u007,2025-07-14,variable,empirical,60,0.004072134962187279,0,1.6582283150267994e-05,0.004080448681161805
s44-135-7,u007,2025-07-14,variable,empirical,120,0.018615474112856356,0,0.0003465358764464251,0.018790922836881
s44-135-7,u007,2025-07-14,variable,hazard,30,0.0008124704997696242,0,6.601083129959028e-07,0.0008128007328079723
s44-135-7,u007,2025-07-14,variable,hazard,60,0.0021513247166429217,0,4.628198036438747e-06,0.0021536421399443715
s44-135-7,u007,2025-07-14,variable,hazard,120,0.007993048706721462,0,6.388882762802163e-05,0.008025164369720336
s44-135-7,u007,2025-07-14,variable,hazard_cal,30,0.0017521927695379746,0,3.070179501621158e-06,0.001753729654830702
s44-135-7,u007,2025-07-14,variable,hazard_cal,60,0.0045132215951894095,0,2.0369169167284037e-05,0.004523436927399459
s44-135-7,u007,2025-07-14,variable,hazard_cal,120,0.01569816209183461,0,0.0002464322930615132,0.015822683125139146
s44-135-3,u003,2025-07-14,variable,empirical,30,0.0011634671320535084,0,1.353655767368816e-06,0.0011641444853737134
s44-135-3,u003,2025-07-14,variable,empirical,60,0.004072134962187279,0,1.6582283150267994e-05,0.004080448681161805
s44-135-3,u003,2025-07-14,variable,empirical,120,0.018615474112856356,0,0.0003465358764464251,0.018790922836881
s44-135-3,u003,2025-07-14,variable,hazard,30,0.0011740245047565656,0,1.3783335377688992e-06,0.0011747142113999638
s44-135-3,u003,2025-07-14,variable,hazard,60,0.003107633900755191,0,9.657388461122926e-06,0.0031124726222360828
s44-135-3,u003,2025-07-14,variable,hazard,120,0.01152920924497891,0,0.00013292266581450718,0.011596185867206742
s44-135-3,u003,2025-07-14,variable,hazard_cal,30,0.0024516530483064125,0,6.010602669270125e-06,0.0024546632706614196
s44-135-3,u003,2025-07-14,variable,hazard_cal,60,0.0063109749713714525,0,3.982840508927691e-05,0.006330973357860253
s44-135-3,u003,2025-07-14,variable,hazard_cal,120,0.021896353711258087,0,0.00047945030584852584,0.02213963676222047
s44-135-32,u032,2025-07-14,regular,empirical,30,0.0011634671320535084,0,1.353655767368816e-06,0.0011641444853737134
s44-135-32,u032,2025-07-14,regular,empirical,60,0.004072134962187279,0,1.6582283150267994e-05,0.004080448681161805
s44-135-32,u032,2025-07-14,regular,empirical,120,0.018615474112856356,0,0.0003465358764464251,0.018790922836881
s44-135-32,u032,2025-07-14,regular,hazard,30,0.007417098478833317,0,5.5013349844711506e-05,0.007444741928034771
s44-135-32,u032,2025-07-14,regular,hazard,60,0.01951958343799831,0,0.00038101413759297797,0.019712606454935507
s44-135-32,u032,2025-07-14,regular,hazard,120,0.07062033439936599,0,0.004987231630678275,0.07323794163168736
s44-135-32,u032,2025-07-14,regular,hazard_cal,30,0.013149323524267453,0,0.00017290470914585343,0.013236541292330354
s44-135-32,u032,2025-07-14,regular,hazard_cal,60,0.03353120912071417,0,0.001124341985097065,0.03410627171979364
s44-135-32,u032,2025-07-14,regular,hazard_cal,120,0.11201925312664263,0,0.012548313071050834,0.11880521767393487
s44-135-34,u034,2025-07-14,variable,empirical,30,0.0011634671320535084,0,1.353655767368816e-06,0.0011641444853737134
s44-135-34,u034,2025-07-14,variable,empirical,60,0.004072134962187279,0,1.6582283150267994e-05,0.004080448681161805
s44-135-34,u034,2025-07-14,variable,empirical,120,0.018615474112856356,0,0.0003465358764464251,0.018790922836881
s44-135-34,u034,2025-07-14,variable,hazard,30,0.0007109123625200775,0,5.053963871838781e-07,0.0007111651805417421
s44-135-34,u034,2025-07-14,variable,hazard,60,0.0018825882828014118,0,3.5441386425411684e-06,0.0018843625793189425
s44-135-34,u034,2025-07-14,variable,hazard,120,0.006997466388837692,0,4.8964535862913207e-05,0.007022063468756912
s44-135-34,u034,2025-07-14,variable,hazard_cal,30,0.0015511634714604483,0,2.406108115193229e-06,0.001552367771056188
s44-135-34,u034,2025-07-14,variable,hazard_cal,60,0.003996125961109875,0,1.5969022697056324e-05,0.0040041318078240405
s44-135-34,u034,2025-07-14,variable,hazard_cal,120,0.013909578178479931,0,0.00019347636510324507,0.01400722288287359
s44-135-13,u013,2025-07-14,regular,empirical,30,0.0011634671320535084,0,1.353655767368816e-06,0.0011641444853737134
s44-135-13,u013,2025-07-14,regular,empirical,60,0.004072134962187279,0,1.6582283150267994e-05,0.004080448681161805
s44-135-13,u013,2025-07-14,regular,empirical,120,0.018615474112856356,0,0.0003465358764464251,0.018790922836881
s44-135-13,u013,2025-07-14,regular,hazard,30,0.003913333630384042,0,1.5314180102694744e-05,0.003921010755749244
s44-135-13,u013,2025-07-14,regular,hazard,60,0.010332268701567449,0,0.00010675577652139028,0.010386017139238797
s44-135-13,u013,2025-07-14,regular,hazard,120,0.03791038511765843,0,0.0014371972997691777,0.03864767789171726
s44-135-13,u013,2025-07-14,regular,hazard_cal,30,0.007348064160177414,0,5.399404690208381e-05,0.007375194167352214
s44-135-13,u013,2025-07-14,regular,hazard_cal,60,0.01883381654058891,0,0.0003547126454845604,0.0190134316643916
s44-135-13,u013,2025-07-14,regular,hazard_cal,120,0.06421677648587454,0,0.004123794382236769,0.0663714281373859
s44-135-14,u014,2025-07-14,variable,empirical,30,0.0011634671320535084,0,1.353655767368816e-06,0.0011641444853737134
s44-135-14,u014,2025-07-14,variable,empirical,60,0.004072134962187279,0,1.6582283150267994e-05,0.004080448681161805
s44-135-14,u014,2025-07-14,variable,empirical,120,0.018615474112856356,0,0.0003465358764464251,0.018790922836881
s44-135-14,u014,2025-07-14,variable,hazard,30,0.0021941019607654155,0,4.814083414234641e-06,0.0021965125291398572
s44-135-14,u014,2025-07-14,variable,hazard,60,0.005802277025645175,0,3.366641868232982e-05,0.005819175633627513
s44-135-14,u014,2025-07-14,variable,hazard,120,0.02143751109343106,0,0.0004595668818809798,0.021670632246851774
s44-135-14,u014,2025-07-14,variable,hazard_cal,30,0.004336720449753528,0,1.8807144259310445e-05,0.004346151297727289
s44-135-14,u014,2025-07-14,variable,hazard_cal,60,0.01114495451052,0,0.0001242100110415601,0.011207524846091717
s44-135-14,u014,2025-07-14,variable,hazard_cal,120,0.03840893566155057,0,0.001475246338653131,0.03916600773766243
s44-135-45,u045,2025-07-14,variable,empirical,30,0.0011634671320535084,0,1.353655767368816e-06,0.0011641444853737134
s44-135-45,u045,2025-07-14,variable,empirical,60,0.004072134962187279,0,1.6582283150267994e-05,0.004080448681161805
s44-135-45,u045,2025-07-14,variable,empirical,120,0.018615474112856356,0,0.0003465358764464251,0.018790922836881
s44-135-45,u045,2025-07-14,variable,hazard,30,0.0014072487836295222,0,1.98034913902677e-06,0.0014082398881285587
s44-135-45,u045,2025-07-14,variable,hazard,60,0.0037241708592032907,0,1.3869448588538977e-05,0.0037311228491304404
s44-135-45,u045,2025-07-14,variable,hazard,120,0.013803485688098416,0,0.0001905362171415378,0.013899639662054987
s44-135-45,u045,2025-07-14,variable,hazard_cal,30,0.002892344515526224,0,8.365656796494626e-06,0.0028965354269149574
s44-135-45,u045,2025-07-14,variable,hazard_cal,60,0.00744250319169093,0,5.539085375832968e-05,0.0074703368057375055
s44-135-45,u045,2025-07-14,variable,hazard_cal,120,0.025781632809363964,0,0.0006646925903168724,0.026119804173547926
s44-135-39,u039,2025-07-14,variable,empirical,30,0.0011634671320535084,0,1.353655767368816e-06,0.0011641444853737134
s44-135-39,u039,2025-07-14,variable,empirical,60,0.004072134962187279,0,1.6582283150267994e-05,0.004080448681161805
s44-135-39,u039,2025-07-14,variable,empirical,120,0.018615474112856356,0,0.0003465358764464251,0.018790922836881
s44-135-39,u039,2025-07-14,variable,hazard,30,0.0012938017658220557,0,1.6739230092442696e-06,0.0012946394499360901
s44-135-39,u039,2025-07-14,variable,hazard,60,0.0034243028443902146,0,1.1725849970098914e-05,0.0034301791881307235
s44-135-39,u039,2025-07-14,variable,hazard,120,0.012697873278104788,0,0.00016123598578680762,0.012779180288358498
s44-135-39,u039,2025-07-14,variable,hazard_cal,30,0.0026788610983272676,0,7.1762967841311745e-06,0.002682455667722557
s44-135-39,u039,2025-07-14,variable,hazard_cal,60,0.006894468659517372,0,4.753369809706727e-05,0.006918345316426504
s44-135-39,u039,2025-07-14,variable,hazard_cal,120,0.023901405571533085,0,0.0005712771882949128,0.02419167878948225
s44-135-23,u023,2025-07-14,variable,empirical,30,0.0011634671320535084,0,1.353655767368816e-06,0.0011641444853737134
s44-135-23,u023,2025-07-14,variable,empirical,60,0.004072134962187279,0,1.6582283150267994e-05,0.004080448681161805
s44-135-23,u023,2025-07-14,variable,empirical,120,0.018615474112856356,0,0.0003465358764464251,0.018790922836881
s44-135-23,u023,2025-07-14,variable,hazard,30,0.0008644521146167206,0,7.472774584653198e-07,0.0008648259688141821
s44-135-23,u023,2025-07-14,variable,hazard,60,0.0022888554318949428,0,5.238859188114985e-06,0.0022914788653601026
s44-135-23,u023,2025-07-14,variable,hazard,120,0.008502238121887662,0,7.228805308127983e-05,0.008538588333848393
s44-135-23,u023,2025-07-14,variable,hazard_cal,30,0.0018542164358266167,0,3.4381185908895617e-06,0.0018559376230869499
s44-135-23,u023,2025-07-14,variable,hazard_cal,60,0.004775580929714973,0,2.2806173216257328e-05,0.004787020451094212
s44-135-23,u023,2025-07-14,variable,hazard_cal,120,0.01660465065247274,0,0.0002757144232906634,0.01674405317195069
s44-135-29,u029,2025-07-14,regular,empirical,30,0.0011634671320535084,0,1.353655767368816e-06,0.0011641444853737134
s44-135-29,u029,2025-07-14,regular,empirical,60,0.004072134962187279,0,1.6582283150267994e-05,0.004080448681161805
s44-135-29,u029,2025-07-14,regular,empirical,120,0.018615474112856356,0,0.0003465358764464251,0.018790922836881
s44-135-29,u029,2025-07-14,regular,hazard,30,0.002265204806389476,0,5.131152814889983e-06,0.0022677742637617266
s44-135-29,u029,2025-07-14,regular,hazard,60,0.005989912483585824,0,3.5879051561017296e-05,0.006007923970202441
s44-135-29,u029,2025-07-14,regular,hazard,120,0.022124400379817,0,0.0004894890921664466,0.02237281579013621
s44-135-29,u029,2025-07-14,regular,hazard_cal,30,0.004464672370420031,0,1.9933299375192016e-05,0.004474668785014844
s44-135-29,u029,2025-07-14,regular,hazard_cal,60,0.011472486365289747,0,0.00013161794340175913,0.011538803036297094
s44-135-29,u029,2025-07-14,regular,hazard_cal,120,0.039519699388170904,0,0.0015618066397313957,0.0403218064978215
s44-135-43,u043,2025-07-14,regular,empirical,30,0.0011634671320535084,0,1.353655767368816e-06,0.0011641444853737134
s44-135-43,u043,2025-07-14,regular,empirical,60,0.004072134962187279,0,1.6582283150267994e-05,0.004080448681161805
s44-135-43,u043,2025-07-14,regular,empirical,120,0.018615474112856356,0,0.0003465358764464251,0.018790922836881
s44-135-43,u043,2025-07-14,regular,hazard,30,0.000986153939990908,0,9.724995933595914e-07,0.0009866405097023153
s44-135-43,u043,2025-07-14,regular,hazard,60,0.0026107969711007817,0,6.816260824309016e-06,0.002614211045110307
s44-135-43,u043,2025-07-14,regular,hazard,120,0.00969334361154095,0,9.396091037140175e-05,0.009740629889608497
s44-135-43,u043,2025-07-14,regular,hazard_cal,30,0.0020910268942658794,0,4.372393472543209e-06,0.002093216143387064
s44-135-43,u043,2025-07-14,regular,hazard_cal,60,0.005384370012477491,0,2.8991440431266853e-05,0.005398917977275717
s44-135-43,u043,2025-07-14,regular,hazard_cal,120,0.018705545705881677,0,0.00034989744015482844,0.018882707172473402
s44-135-0,u000,2025-07-14,regular,empirical,30,0.0011634671320535084,0,1.353655767368816e-06,0.0011641444853737134
s44-135-0,u000,2025-07-14,regular,empirical,60,0.004072134962187279,0,1.6582283150267994e-05,0.004080448681161805
s44-135-0,u000,2025-07-14,regular,empirical,120,0.018615474112856356,0,0.0003465358764464251,0.018790922836881
s44-135-0,u000,2025-07-14,regular,hazard,30,0.004481771666981049,0,2.0086277274954093e-05,0.00449184491421562
s44-135-0,u000,2025-07-14,regular,hazard,60,0.011826859678096047,0,0.00013987460984537413,0.011897353346778801
s44-135-0,u000,2025-07-14,regular,hazard,120,0.043295057112999524,0,0.0018744619704178908,0.04426024971054646
s44-135-0,u000,2025-07-14,regular,hazard_cal,30,0.008314138992148723,0,6.912490718076779e-05,0.008348894219665202
s44-135-0,u000,2025-07-14,regular,hazard_cal,60,0.021291838871195345,0,0.0004533424025169451,0.02152177984107738
s44-135-0,u000,2025-07-14,regular,hazard_cal,120,0.07235016560661323,0,0.005234546463304359,0.07510095103199921
s44-135-10,u010,2025-07-14,variable,empirical,30,0.0011634671320535084,0,1.353655767368816e-06,0.0011641444853737134
s44-135-10,u010,2025-07-14,variable,empirical,60,0.004072134962187279,0,1.6582283150267994e-05,0.004080448681161805
s44-135-10,u010,2025-07-14,variable,empirical,120,0.018615474112856356,0,0.0003465358764464251,0.018790922836881
s44-135-10,u010,2025-07-14,variable,hazard,30,0.0013284114179008544,0,1.7646768952093583e-06,0.001329294538533454
s44-135-10,u010,2025-07-14,variable,hazard,60,0.003515791254623868,0,1.236078814608967e-05,0.0035219861729855555
s44-135-10,u010,2025-07-14,variable,hazard,120,0.01303529877615961,0,0.0001699190141837482,0.013121003892507704
s44-135-10,u010,2025-07-14,variable,hazard_cal,30,0.0027441587545972146,0,7.530407270432536e-06,0.0027479308606513956
s44-135-10,u010,2025-07-14,variable,hazard_cal,60,0.00706211654866129,0,4.987349014687565e-05,0.007087171323243365
s44-135-10,u010,2025-07-14,variable,hazard_cal,120,0.024476887190475805,0,0.0005991180065352785,0.02478142590439482
s44-135-35,u035,2025-07-14,regular,empirical,30,0.0011634671320535084,0,1.353655767368816e-06,0.0011641444853737134
s44-135-35,u035,2025-07-14,regular,empirical,60,0.004072134962187279,0,1.6582283150267994e-05,0.004080448681161805
s44-135-35,u035,2025-07-14,regular,empirical,120,0.018615474112856356,0,0.0003465358764464251,0.018790922836881
s44-135-35,u035,2025-07-14,regular,hazard,30,0.0009287401982455146,0,8.625583558371177e-07,0.000929171744640446
s44-135-35,u035,2025-07-14,regular,hazard,60,0.002458927717079895,0,6.046325517823745e-06,0.0024619558448221363
s44-135-35,u035,2025-07-14,regular,hazard,120,0.009131611033669995,0,8.33863200702436e-05,0.009173559761967837
s44-135-35,u035,2025-07-14,regular,hazard_cal,30,0.0019796516951520182,0,3.919020834118259e-06,0.0019816137955135952
s44-135-35,u035,2025-07-14,regular,hazard_cal,60,0.0050980798130682015,0,2.599041778041351e-05,0.0051111193586002935
s44-135-35,u035,2025-07-14,regular,hazard_cal,120,0.017718020185241157,0,0.00031392823928461306,0.017876863359373142
s44-135-37,u037,2025-07-14,variable,empirical,30,0.0011634671320535084,0,1.353655767368816e-06,0.0011641444853737134
s44-135-37,u037,2025-07-14,variable,empirical,60,0.004072134962187279,0,1.6582283150267994e-05,0.004080448681161805
s44-135-37,u037,2025-07-14,variable,empirical,120,0.018615474112856356,0,0.0003465358764464251,0.018790922836881
s44-135-37,u037,2025-07-14,variable,hazard,30,0.004025241800517554,0,1.62025715526338e-05,0.004033364891892854
s44-135-37,u037,2025-07-14,variable,hazard,60,0.010626633168413613,0,0.00011292533249602834,0.010683499055400248
s44-135-37,u037,2025-07-14,variable,hazard,120,0.03897287740970734,0,0.0015188851735920767,0.03975264711116259
s44-135-37,u037,2025-07-14,variable,hazard_cal,30,0.0075392160995443325,0,5.6839779395628456e-05,0.007567779644294534
s44-135-37,u037,2025-07-14,variable,hazard_cal,60,0.019320505253349496,0,0.00037328192324470545,0.019509585595509756
s44-135-37,u037,2025-07-14,variable,hazard_cal,120,0.06583166239154192,0,0.0043338077732339554,0.06809862400780652
s44-135-4,u004,2025-07-14,regular,empirical,30,0.0011634671320535084,0,1.353655767368816e-06,0.0011641444853737134
s44-135-4,u004,2025-07-14,regular,empirical,60,0.004072134962187279,0,1.6582283150267994e-05,0.004080448681161805
s44-135-4,u004,2025-07-14,regular,empirical,120,0.018615474112856356,0,0.0003465358764464251,0.018790922836881
s44-135-4,u004,2025-07-14,regular,hazard,30,0.0009346086002529619,0,8.734932356668008e-07,0.0009350456191864491
s44-135-4,u004,2025-07-14,regular,hazard,60,0.002474451395716115,0,6.122909709761431e-06,0.002477517910242919
s44-135-4,u004,2025-07-14,regular,hazard,120,0.009189041896601857,0,8.443849097750425e-05,0.009231521574036842
s44-135-4,u004,2025-07-14,regular,hazard_cal,30,0.001991062894521778,0,3.96433144994144e-06,0.0019930476952597486
s44-135-4,u004,2025-07-14,regular,hazard_cal,60,0.005127414909753214,0,2.629038365675956e-05,0.005140605208991216
s44-135-4,u004,2025-07-14,regular,hazard_cal,120,0.017819244589242,0,0.0003175254777312303,0.017979918919832843
s44-135-42,u042,2025-07-14,regular,empirical,30,0.0011634671320535084,0,1.353655767368816e-06,0.0011641444853737134
s44-135-42,u042,2025-07-14,regular,empirical,60,0.004072134962187279,0,1.6582283150267994e-05,0.004080448681161805
s44-135-42,u042,2025-07-14,regular,empirical,120,0.018615474112856356,0,0.0003465358764464251,0.018790922836881
s44-135-42,u042,2025-07-14,regular,hazard,30,0.006009438665410816,0,3.6113353073334524e-05,0.006027568009893177
s44-135-42,u042,2025-07-14,regular,hazard,60,0.01583572191688909,0,0.0002507700886290415,0.015962446592908193
s44-135-42,u042,2025-07-14,regular,hazard,120,0.05761598802140144,0,0.0033196020756822747,0.05934243144668142
s44-135-42,u042,2025-07-14,regular,hazard_cal,30,0.010858454636420767,0,0.00011790603709120765,0.010917837920009376
s44-135-42,u042,2025-07-14,regular,hazard_cal,60,0.027745370565644634,0,0.0007698055878249396,0.028137544389753032
s44-135-42,u042,2025-07-14,regular,hazard_cal,120,0.09343786582695679,0,0.00873063477029638,0.09809570819847109
s44-135-48,u048,2025-07-14,regular,empirical,30,0.0011634671320535084,0,1.353655767368816e-06,0.0011641444853737134
s44-135-48,u048,2025-07-14,regular,empirical,60,0.004072134962187279,0,1.6582283150267994e-05,0.004080448681161805
s44-135-48,u048,2025-07-14,regular,empirical,120,0.018615474112856356,0,0.0003465358764464251,0.018790922836881
s44-135-48,u048,2025-07-14,regular,hazard,30,0.0017213865987204535,0,2.9631718222543715e-06,0.0017228698870844596
s44-135-48,u048,2025-07-14,regular,hazard,60,0.004554183804494238,0,2.0740590125117617e-05,0.004564585692979674
s44-135-48,u048,2025-07-14,regular,hazard,120,0.01685843165687151,0,0.00028420671792940745,0.017002152578602662
s44-135-48,u048,2025-07-14,regular,hazard_cal,30,0.0034759010715622596,0,1.2081888259287664e-05,0.0034819560507694633
s44-135-48,u048,2025-07-14,regular,hazard_cal,60,0.00893950258492926,0,7.991470646595692e-05,0.00897969967883122
s44-135-48,u048,2025-07-14,regular,hazard_cal,120,0.030902954190889176,0,0.0009549925777241949,0.03139052163229612
s44-135-11,u011,2025-07-14,variable,empirical,30,0.0011634671320535084,0,1.353655767368816e-06,0.0011641444853737134
s44-135-11,u011,2025-07-14,variable,empirical,60,0.004072134962187279,0,1.6582283150267994e-05,0.004080448681161805
s44-135-11,u011,2025-07-14,variable,empirical,120,0.018615474112856356,0,0.0003465358764464251,0.018790922836881
s44-135-11,u011,2025-07-14,variable,hazard,30,0.0009570888811034628,0,9.160191263318783e-07,0.0009575471831138024
s44-135-11,u011,2025-07-14,variable,hazard,60,0.0025339168980129667,0,6.420734846035656e-06,0.002537132698966222
s44-135-11,u011,2025-07-14,variable,hazard,120,0.009409013068778282,0,8.852952692844052e-05,0.009453557464968902
s44-135-11,u011,2025-07-14,variable,hazard_cal,30,0.0020347180886712835,0,4.140077700366121e-06,0.002036790939777176
s44-135-11,u011,2025-07-14,variable,hazard_cal,60,0.005239635122583408,0,2.7453776217809646e-05,0.005253410149169774
s44-135-11,u011,2025-07-14,variable,hazard_cal,120,0.018206397856708745,0,0.00033147292291676875,0.018374173835628928
s44-135-41,u041,2025-07-14,regular,empirical,30,0.0011634671320535084,0,1.353655767368816e-06,0.0011641444853737134
s44-135-41,u041,2025-07-14,regular,empirical,60,0.004072134962187279,0,1.6582283150267994e-05,0.004080448681161805
s44-135-41,u041,2025-07-14,regular,empirical,120,0.018615474112856356,0,0.0003465358764464251,0.018790922836881
s44-135-41,u041,2025-07-14,regular,hazard,30,0.00595866894488406,0,3.550573559472572e-05,0.005976492651663622
s44-135-41,u041,2025-07-14,regular,hazard,60,0.015702676448018815,0,0.0002465740476311648,0.015827269489161435
s44-135-41,u041,2025-07-14,regular,hazard,120,0.05714354759318241,0,0.003265385031534303,0.0588412323190011
s44-135-41,u041,2025-07-14,regular,hazard_cal,30,0.010774953443099422,0,0.0001160996217009601,0.010833423642380607
s44-135-41,u041,2025-07-14,regular,hazard_cal,60,0.02753403505624763,0,0.0007581230864786734,0.027920201589106127
s44-135-41,u041,2025-07-14,regular,hazard_cal,120,0.09275337442125742,0,0.00860318846652997,0.09734095229103266
s44-135-40,u040,2025-07-14,variable,empirical,30,0.0011634671320535084,0,1.353655767368816e-06,0.0011641444853737134
s44-135-40,u040,2025-07-14,variable,empirical,60,0.004072134962187279,0,1.6582283150267994e-05,0.004080448681161805
s44-135-40,u040,2025-07-14,variable,empirical,120,0.018615474112856356,0,0.0003465358764464251,0.018790922836881
s44-135-40,u040,2025-07-14,variable,hazard,30,0.0005091882837504613,0,2.5927270830874033e-07,0.0005093179641276366
s44-135-40,u040,2025-07-14,variable,hazard,60,0.0013486490871684742,0,1.8188543603203588e-06,0.0013495593328420098
s44-135-40,u040,2025-07-14,variable,hazard,120,0.00501695333310026,0,2.5169820746505812e-05,0.005029580494430515
s44-135-40,u040,2025-07-14,variable,hazard_cal,30,0.0011438491486767122,0,1.3083908749284391e-06,0.0011445038434098028
s44-135-40,u040,2025-07-14,variable,hazard_cal,60,0.0029478542613886605,0,8.689844746387284e-06,0.0029522077414834568
s44-135-40,u040,2025-07-14,variable,hazard_cal,120,0.010275776252071878,0,0.00010559157758264436,0.01032893652984571
s44-135-12,u012,2025-07-14,variable,empirical,30,0.0011634671320535084,0,1.353655767368816e-06,0.0011641444853737134
s44-135-12,u012,2025-07-14,variable,empirical,60,0.004072134962187279,0,1.6582283150267994e-05,0.004080448681161805
s44-135-12,u012,2025-07-14,variable,empirical,120,0.018615474112856356,0,0.0003465358764464251,0.018790922836881
s44-135-12,u012,2025-07-14,variable,hazard,30,0.0005405233241746465,0,2.9216546397681005e-07,0.0005406694595687336
s44-135-12,u012,2025-07-14,variable,hazard,60,0.001431602257753961,0,2.049485024406239e-06,0.0014326279793332615
s44-135-12,u012,2025-07-14,variable,hazard,120,0.005324860320352842,0,2.835413743126817e-05,0.005339087918191538
s44-135-12,u012,2025-07-14,variable,hazard_cal,30,0.0012079328399979827,0,1.4591017459455922e-06,0.0012086629789026869
s44-135-12,u012,2025-07-14,variable,hazard_cal,60,0.0031128310864865227,0,9.689717372996865e-06,0.0031176860228554347
s44-135-12,u012,2025-07-14,variable,hazard_cal,120,0.010848368464389968,0,0.00011768709833917075,0.010907641077449674
s44-135-52,u052,2025-07-14,regular,empirical,30,0.0011634671320535084,0,1.353655767368816e-06,0.0011641444853737134
s44-135-52,u052,2025-07-14,regular,empirical,60,0.004072134962187279,0,1.6582283150267994e-05,0.004080448681161805
s44-135-52,u052,2025-07-14,regular,empirical,120,0.018615474112856356,0,0.0003465358764464251,0.018790922836881
s44-135-52,u052,2025-07-14,regular,hazard,30,0.0007489022177533666,0,5.60854531755911e-07,0.0007491827851063321
s44-135-52,u052,2025-07-14,regular,hazard,60,0.00198312045893434,0,3.932766754643947e-06,0.0019850894459012072
s44-135-52,u052,2025-07-14,regular,hazard,120,0.007370002067228931,0,5.431693047095872e-05,0.007397294713052262
s44-135-52,u052,2025-07-14,regular,hazard_cal,30,0.0016266403544022978,0,2.645958842570033e-06,0.0016279647702506146
s44-135-52,u052,2025-07-14,regular,hazard_cal,60,0.004190292098363524,0,1.7558547869607785e-05,0.004199095974781392
s44-135-52,u052,2025-07-14,regular,hazard_cal,120,0.014581482897720321,0,0.00021261964349651022,0.014688837591271514
s44-135-18,u018,2025-07-14,regular,empirical,30,0.0011634671320535084,0,1.353655767368816e-06,0.0011641444853737134
s44-135-18,u018,2025-07-14,regular,empirical,60,0.004072134962187279,0,1.6582283150267994e-05,0.004080448681161805
s44-135-18,u018,2025-07-14,regular,empirical,120,0.018615474112856356,0,0.0003465358764464251,0.018790922836881
s44-135-18,u018,2025-07-14,regular,hazard,30,0.006662113927916824,0,4.4383761988543333e-05,0.0066844048672564035
s44-135-18,u018,2025-07-14,regular,hazard,60,0.017544981534985737,0,0.0003078263770629905,0.017700719019591964
s44-135-18,u018,2025-07-14,regular,hazard,120,0.06366825806885701,0,0.004053647085522576,0.06578544015818825
s44-135-18,u018,2025-07-14,regular,hazard_cal,30,0.011926258182517357,0,0.0001422356342360622,0.011997946552418702
s44-135-18,u018,2025-07-14,regular,hazard_cal,60,0.030445149092524937,0,0.0009269071032660719,0.03091822940938655
s44-135-18,u018,2025-07-14,regular,hazard_cal,120,0.10214620430092969,0,0.010433847053087267,0.10774803496062538
s44-135-24,u024,2025-07-14,variable,empirical,30,0.0011634671320535084,0,1.353655767368816e-06,0.0011641444853737134
s44-135-24,u024,2025-07-14,variable,empirical,60,0.004072134962187279,0,1.6582283150267994e-05,0.004080448681161805
s44-135-24,u024,2025-07-14,variable,empirical,120,0.018615474112856356,0,0.0003465358764464251,0.018790922836881
s44-135-24,u024,2025-07-14,variable,hazard,30,0.0010840782421137618,0,1.175225635024464e-06,0.0010846662799557094
s44-135-24,u024,2025-07-14,variable,hazard,60,0.002869786301746613,0,8.235673417692501e-06,0.0028739120336586477
s44-135-24,u024,2025-07-14,variable,hazard,120,0.010650686575008783,0,0.00011343712451907232,0.010707811109672791
s44-135-24,u024,2025-07-14,variable,hazard_cal,30,0.0022796884543416773,0,5.196979448858746e-06,0.0022822908999952755
s44-135-24,u024,2025-07-14,variable,hazard_cal,60,0.005869196809849098,0,3.444747119274283e-05,0.005886488236498306
s44-135-24,u024,2025-07-14,variable,hazard_cal,120,0.020376100252562757,0,0.000415185461502488,0.020586556746207397
s44-135-25,u025,2025-07-14,variable,empirical,30,0.0011634671320535084,0,1.353655767368816e-06,0.0011641444853737134
s44-135-25,u025,2025-07-14,variable,empirical,60,0.004072134962187279,0,1.6582283150267994e-05,0.004080448681161805
s44-135-25,u025,2025-07-14,variable,empirical,120,0.018615474112856356,0,0.0003465358764464251,0.018790922836881
s44-135-25,u025,2025-07-14,variable,hazard,30,0.0010772169814253774,0,1.1603964250712018e-06,0.001077797596641078
s44-135-25,u025,2025-07-14,variable,hazard,60,0.0028516412338773778,0,8.131857726749693e-06,0.0028557149090239348
s44-135-25,u025,2025-07-14,variable,hazard,120,0.01058363892123837,0,0.00011201341281515168,0.01064004396103061
s44-135-25,u025,2025-07-14,variable,hazard_cal,30,0.0022665201276600433,0,5.137113489088099e-06,0.0022690925721377633
s44-135-25,u025,2025-07-14,variable,hazard_cal,60,0.005835361774309322,0,3.4051447037070444e-05,0.005852454023233754
s44-135-25,u025,2025-07-14,variable,hazard_cal,120,0.020259589233223352,0,0.00041045095589893957,0.02046762937894699
s44-136-16,u016,2025-07-15,regular,empirical,30,0.0011634671320535084,0,1.353655767368816e-06,0.0011641444853737134
s44-136-16,u016,2025-07-15,regular,empirical,60,0.004072134962187279,0,1.6582283150267994e-05,0.004080448681161805
s44-136-16,u016,2025-07-15,regular,empirical,120,0.018615474112856356,0,0.0003465358764464251,0.018790922836881
s44-136-16,u016,2025-07-15,regular,hazard,30,0.0015976237048036523,0,2.552401502150548e-06,0.0015989012664445483
s44-136-16,u016,2025-07-15,regular,hazard,60,0.004227236074385021,0,1.7869524828582084e-05,0.004236196096466876
s44-136-16,u016,2025-07-15,regular,hazard,120,0.015655998189041953,0,0.0002451102792952849,0.015779847687755325
s44-136-16,u016,2025-07-15,regular,hazard_cal,30,0.0032472299737968946,0,1.054450250272498e-05,0.003252513666392158
s44-136-16,u016,2025-07-15,regular,hazard_cal,60,0.00835307544937014,0,6.977386946287016e-05,0.008388157884855363
s44-136-16,u016,2025-07-15,regular,hazard_cal,120,0.028899308598345552,0,0.0008351700374624091,0.029325117404268897
s44-136-38,u038,2025-07-15,regular,empirical,30,0.0011634671320535084,0,1.353655767368816e-06,0.0011641444853737134
s44-136-38,u038,2025-07-15,regular,empirical,60,0.004072134962187279,0,1.6582283150267994e-05,0.004080448681161805
s44-136-38,u038,2025-07-15,regular,empirical,120,0.018615474112856356,0,0.0003465358764464251,0.018790922836881
s44-136-38,u038,2025-07-15,regular,hazard,30,0.0012403559502649486,0,1.5384828833576637e-06,0.0012411258283877471
s44-136-38,u038,2025-07-15,regular,hazard,60,0.0032830106859390584,0,1.0778159163990047e-05,0.0032884115895769547
s44-136-38,u038,2025-07-15,regular,hazard,120,0.012176576281981544,0,0.00014826900995091547,0.012251318139938022
s44-136-38,u038,2025-07-15,regular,hazard_cal,30,0.002577719452245608,0,6.644637574485398e-06,0.00258104749143064
s44-136-38,u038,2025-07-15,regular,hazard_cal,60,0.006634755344183452,0,4.401997847717087e-05,0.006656863174376423
s44-136-38,u038,2025-07-15,regular,hazard_cal,120,0.023009359950166064,0,0.000529430645316306,0.023278207282242645
s44-136-19,u019,2025-07-15,variable,empirical,30,0.0011634671320535084,0,1.353655767368816e-06,0.0011641444853737134
s44-136-19,u019,2025-07-15,variable,empirical,60,0.004072134962187279,0,1.6582283150267994e-05,0.004080448681161805
s44-136-19,u019,2025-07-15,variable,empirical,120,0.018615474112856356,0,0.0003465358764464251,0.018790922836881
s44-136-19,u019,2025-07-15,variable,hazard,30,0.0005798045064069335,0,3.361732656497878e-07,0.0005799726580396161
s44-136-19,u019,2025-07-15,variable,hazard,60,0.0015355844145892306,0,2.35801949432935e-06,0.0015367646327074972
s44-136-19,u019,2025-07-15,variable,hazard,120,0.005710712310145305,0,3.261223508924513e-05,0.005727080774497403
s44-136-19,u019,2025-07-15,variable,hazard_cal,30,0.0012878105767216708,0,1.6584560815162023e-06,0.0012886405173765181
s44-136-19,u019,2025-07-15,variable,hazard_cal,60,0.0033184419822119837,0,1.1012057189307e-05,0.003323960222161323
s44-136-19,u019,2025-07-15,variable,hazard_cal,120,0.011561622245862768,0,0.00013367110895602885,0.011628977460673026
s44-136-53,u053,2025-07-15,regular,empirical,30,0.0011634671320535084,0,1.353655767368816e-06,0.0011641444853737134
s44-136-53,u053,2025-07-15,regular,empirical,60,0.004072134962187279,0,1.6582283150267994e-05,0.004080448681161805
s44-136-53,u053,2025-07-15,regular,empirical,120,0.018615474112856356,0,0.0003465358764464251,0.018790922836881
s44-136-53,u053,2025-07-15,regular,hazard,30,0.002359992238812003,0,5.569563367252891e-06,0.002362781409640749
s44-136-53,u053,2025-07-15,regular,hazard,60,0.006240011373299215,0,3.893774193890355e-05,0.006259561615858501
s44-136-53,u053,2025-07-15,regular,hazard,120,0.02303933722112761,0,0.0005308110595888361,0.023308891026428594
s44-136-53,u053,2025-07-15,regular,hazard_cal,30,0.004634688256151098,0,2.1480335231704908e-05,0.0046454617244333155
s44-136-53,u053,2025-07-15,regular,hazard_cal,60,0.011907579331542184,0,0.0001417904455369706,0.011979042422462106
s44-136-53,u053,2025-07-15,regular,hazard_cal,120,0.04099366034027352,0,0.001680480188093714,0.04185759342219019
s44-136-9,u009,2025-07-15,variable,empirical,30,0.0011634671320535084,0,1.353655767368816e-06,0.0011641444853737134
s44-136-9,u009,2025-07-15,variable,empirical,60,0.004072134962187279,0,1.6582283150267994e-05,0.004080448681161805
s44-136-9,u009,2025-07-15,variable,empirical,120,0.018615474112856356,0,0.0003465358764464251,0.018790922836881
s44-136-9,u009,2025-07-15,variable,hazard,30,0.0006796459571445368,0,4.619186270629135e-07,0.0006798770211584819
s44-136-9,u009,2025-07-15,variable,hazard,60,0.0017998429869194865,0,3.239434777563259e-06,0.0018014646504268578
s44-136-9,u009,2025-07-15,variable,hazard,120,0.006690756116740193,0,4.4766217413696304e-05,0.00671323956909497
s44-136-9,u009,2025-07-15,variable,hazard_cal,30,0.0014887787727628776,0,2.21646223422934e-06,0.0014898881050502747
s44-136-9,u009,2025-07-15,variable,hazard_cal,60,0.003835620304278753,0,1.4711983118595434e-05,0.003842995159975622
s44-136-9,u009,2025-07-15,variable,hazard_cal,120,0.013353879270511237,0,0.00017832609157138974,0.013443844133932148
s44-136-21,u021,2025-07-15,variable,empirical,30,0.0011634671320535084,0,1.353655767368816e-06,0.0011641444853737134
s44-136-21,u021,2025-07-15,variable,empirical,60,0.004072134962187279,0,1.6582283150267994e-05,0.004080448681161805
s44-136-21,u021,2025-07-15,variable,empirical,120,0.018615474112856356,0,0.0003465358764464251,0.018790922836881
s44-136-21,u021,2025-07-15,variable,hazard,30,0.002371502524503022,0,5.624024223724206e-06,0.0023743189903332094
s44-136-21,u021,2025-07-15,variable,hazard,60,0.006270378536372467,0,3.931764698940053e-05,0.006290119927128602
s44-136-21,u021,2025-07-15,variable,hazard,120,0.02315038148967863,0,0.0005359401631176548,0.023422560475027575
s44-136-21,u021,2025-07-15,variable,hazard_cal,30,0.004655291544424345,0,2.1671739363588802e-05,0.00466616116138287
s44-136-21,u021,2025-07-15,variable,hazard_cal,60,0.011960296982573282,0,0.00014304870391135155,0.012032396801363933
s44-136-21,u021,2025-07-15,variable,hazard_cal,120,0.04117212940399162,0,0.0016951442396590313,0.042043708638280185
s44-136-29,u029,2025-07-15,regular,empirical,30,0.0011634671320535084,0,1.353655767368816e-06,0.0011641444853737134
s44-136-29,u029,2025-07-15,regular,empirical,60,0.004072134962187279,0,1.6582283150267994e-05,0.004080448681161805
s44-136-29,u029,2025-07-15,regular,empirical,120,0.018615474112856356,0,0.0003465358764464251,0.018790922836881
s44-136-29,u029,2025-07-15,regular,hazard,30,0.001021173841506573,0,1.0427960145772914e-06,0.0010216955947446105
s44-136-29,u029,2025-07-15,regular,hazard,60,0.0027034227059992144,0,7.3084943273121145e-06,0.0027070835525285085
s44-136-29,u029,2025-07-15,regular,hazard,120,0.010035818173055655,0,0.00010071764640263414,0.010086516480795933
s44-136-29,u029,2025-07-15,regular,hazard_cal,30,0.002158678386683155,0,4.659892377132988e-06,0.0021610116913794155
s44-136-29,u029,2025-07-15,regular,hazard_cal,60,0.005558240901618716,0,3.089404192042724e-05,0.0055737454010978005
s44-136-29,u029,2025-07-15,regular,hazard_cal,120,0.01930490819395314,0,0.00037267948037695913,0.01949368138271571
s44-136-32,u032,2025-07-15,regular,empirical,30,0.0011634671320535084,0,1.353655767368816e-06,0.0011641444853737134
s44-136-32,u032,2025-07-15,regular,empirical,60,0.004072134962187279,0,1.6582283150267994e-05,0.004080448681161805
s44-136-32,u032,2025-07-15,regular,empirical,120,0.018615474112856356,0,0.0003465358764464251,0.018790922836881
s44-136-32,u032,2025-07-15,regular,hazard,30,0.008568576654375826,0,7.342050588191441e-05,0.00860549796734136
s44-136-32,u032,2025-07-15,regular,hazard,60,0.022525837487884615,0,0.0005074133545305878,0.022783419684622986
s44-136-32,u032,2025-07-15,regular,hazard,120,0.08112327389462282,0,0.006580985567381991,0.08460330479107572
s44-136-32,u032,2025-07-15,regular,hazard_cal,30,0.01499256536787219,0,0.0002247770163099206,0.015106089988657097
s44-136-32,u032,2025-07-15,regular,hazard_cal,60,0.03816947252359082,0,0.0014569086327291545,0.03891701070007482
s44-136-32,u032,2025-07-15,regular,hazard_cal,120,0.1266963771791707,0,0.016051971990326687,0.1354719911445925
s44-136-45,u045,2025-07-15,variable,empirical,30,0.0011634671320535084,0,1.353655767368816e-06,0.0011641444853737134
s44-136-45,u045,2025-07-15,variable,empirical,60,0.004072134962187279,0,1.6582283150267994e-05,0.004080448681161805
s44-136-45,u045,2025-07-15,variable,empirical,120,0.018615474112856356,0,0.0003465358764464251,0.018790922836881
s44-136-45,u045,2025-07-15,variable,hazard,30,0.0023771533498280206,0,5.650858048598579e-06,0.0023799832645026273
s44-136-45,u045,2025-07-15,variable,hazard,60,0.0062852866631601945,0,3.950482843809941e-05,0.006305122235899683
s44-136-45,u045,2025-07-15,variable,hazard,120,0.0232048925648336,0,0.0005384670389454697,0.02347836496644322
s44-136-45,u045,2025-07-15,variable,hazard_cal,30,0.004665403174077709,0,2.1765986776694362e-05,0.0046763201353839795
s44-136-45,u045,2025-07-15,variable,hazard_cal,60,0.011986168916652717,0,0.00014366824529853177,0.012058582260041485
s44-136-45,u045,2025-07-15,variable,hazard_cal,120,0.0412597059751616,0,0.0017023633371567857,0.04213504992444321
s44-136-34,u034,2025-07-15,variable,empirical,30,0.0011634671320535084,0,1.353655767368816e-06,0.0011641444853737134
s44-136-34,u034,2025-07-15,variable,empirical,60,0.004072134962187279,0,1.6582283150267994e-05,0.004080448681161805
s44-136-34,u034,2025-07-15,variable,empirical,120,0.018615474112856356,0,0.0003465358764464251,0.018790922836881
s44-136-34,u034,2025-07-15,variable,hazard,30,0.0005623013960419643,0,3.1618285999074194e-07,0.0005624595467603183
s44-136-34,u034,2025-07-15,variable,hazard,60,0.0014892524489571457,0,2.217872856724856e-06,0.0014903624876075761
s44-136-34,u034,2025-07-15,variable,hazard,120,0.005538801095148815,0,3.0678317571621716e-05,0.005554197130638153
s44-136-34,u034,2025-07-15,variable,hazard_cal,30,0.001252278837045262,0,1.5682022857114338e-06,0.0012530635934123937
s44-136-34,u034,2025-07-15,variable,hazard_cal,60,0.0032269843637940943,0,1.0413428084171576e-05,0.003232202306339427
s44-136-34,u034,2025-07-15,variable,hazard_cal,120,0.011244410929760473,0,0.00012643677715731678,0.011308107253554817
s44-136-5,u005,2025-07-15,regular,empirical,30,0.0011634671320535084,0,1.353655767368816e-06,0.0011641444853737134
s44-136-5,u005,2025-07-15,regular,empirical,60,0.004072134962187279,0,1.6582283150267994e-05,0.004080448681161805
s44-136-5,u005,2025-07-15,regular,empirical,120,0.018615474112856356,0,0.0003465358764464251,0.018790922836881
s44-136-5,u005,2025-07-15,regular,hazard,30,0.004210538844056533,0,1.7728637357308922e-05,0.004219428123949025
s44-136-5,u005,2025-07-15,regular,hazard,60,0.011113905836890758,0,0.00012351890295127447,0.011176126729311635
s44-136-5,u005,2025-07-15,regular,hazard,120,0.04072954272008311,0,0.0016588956501870753,0.04158222375470452
s44-136-5,u005,2025-07-15,regular,hazard_cal,30,0.007854664963601432,0,6.169576169042789e-05,0.007885675335236602
s44-136-5,u005,2025-07-15,regular,hazard_cal,60,0.02012330463280665,0,0.00040494738934473756,0.020328536287536603
s44-136-5,u005,2025-07-15,regular,hazard_cal,120,0.0684906062909546,0,0.00469096315010255,0.0709490044942456
s44-136-24,u024,2025-07-15,variable,empirical,30,0.0011634671320535084,0,1.353655767368816e-06,0.0011641444853737134
s44-136-24,u024,2025-07-15,variable,empirical,60,0.004072134962187279,0,1.6582283150267994e-05,0.004080448681161805
s44-136-24,u024,2025-07-15,variable,empirical,120,0.018615474112856356,0,0.0003465358764464251,0.018790922836881
s44-136-24,u024,2025-07-15,variable,hazard,30,0.0012624829964617001,0,1.5938633163549132e-06,0.0012632805994973982
s44-136-24,u024,2025-07-15,variable,hazard,60,0.0033415086054906507,0,1.1165679760568073e-05,0.0033471039133609226
s44-136-24,u024,2025-07-15,variable,hazard,120,0.012392431639003942,0,0.00015357236192738594,0.01246985815348142
s44-136-24,u024,2025-07-15,variable,hazard_cal,30,0.0026196388915279423,0,6.862507922005746e-06,0.0026230761497180585
s44-136-24,u024,2025-07-15,variable,hazard_cal,60,0.006742402442800444,0,4.545999070068139e-05,0.0067652351274567896
s44-136-24,u024,2025-07-15,variable,hazard_cal,120,0.02337917748028151,0,0.0005465859396545021,0.023656806140427488
s44-136-26,u026,2025-07-15,regular,empirical,30,0.0011634671320535084,0,1.353655767368816e-06,0.0011641444853737134
s44-136-26,u026,2025-07-15,regular,empirical,60,0.004072134962187279,0,1.6582283150267994e-05,0.004080448681161805
s44-136-26,u026,2025-07-15,regular,empirical,120,0.018615474112856356,0,0.0003465358764464251,0.018790922836881
s44-136-26,u026,2025-07-15,regular,hazard,30,0.00634301507142776,0,4.023384019635971e-05,0.006363217466232477
s44-136-26,u026,2025-07-15,regular,hazard,60,0.016709568583623935,0,0.000279209682250832,0.016850748336248847
s44-136-26,u026,2025-07-15,regular,hazard,120,0.06071416513456818,0,0.003686209847987614,0.06263544261764953
s44-136-26,u026,2025-07-15,regular,hazard_cal,30,0.011405482506732345,0,0.00013008503121137753,0.011471023852687647
s44-136-26,u026,2025-07-15,regular,hazard_cal,60,0.029129085513992625,0,0.000848503622881495,0.02956176032533193
s44-136-26,u026,2025-07-15,regular,hazard_cal,120,0.09790945839495158,0,0.009586262043192753,0.10304038523755407
s44-136-4,u004,2025-07-15,regular,empirical,30,0.0011634671320535084,0,1.353655767368816e-06,0.0011641444853737134
s44-136-4,u004,2025-07-15,regular,empirical,60,0.004072134962187279,0,1.6582283150267994e-05,0.004080448681161805
s44-136-4,u004,2025-07-15,regular,empirical,120,0.018615474112856356,0,0.0003465358764464251,0.018790922836881
s44-136-4,u004,2025-07-15,regular,hazard,30,0.0007419622165881767,0,5.505079308444405e-07,0.0007422376067814369
s44-136-4,u004,2025-07-15,regular,hazard,60,0.0019647557320864317,0,3.86026508676649e-06,0.0019666883965204105
s44-136-4,u004,2025-07-15,regular,hazard,120,0.00730195765532593,0,5.3318585600172954e-05,0.007328747439705801
s44-136-4,u004,2025-07-15,regular,hazard_cal,30,0.0016128778390368526,0,2.601374923656187e-06,0.0016141799267593096
s44-136-4,u004,2025-07-15,regular,hazard_cal,60,0.004154889613396606,0,1.7263107699511e-05,0.004163545150767546
s44-136-4,u004,2025-07-15,regular,hazard_cal,120,0.014459001059781595,0,0.0002090627116467653,0.01456455108300033
s44-136-28,u028,2025-07-15,variable,empirical,30,0.0011634671320535084,0,1.353655767368816e-06,0.0011641444853737134
s44-136-28,u028,2025-07-15,variable,empirical,60,0.004072134962187279,0,1.6582283150267994e-05,0.004080448681161805
s44-136-28,u028,2025-07-15,variable,empirical,120,0.018615474112856356,0,0.0003465358764464251,0.018790922836881
s44-136-28,u028,2025-07-15,variable,hazard,30,0.003049245450188698,0,9.297897815496475e-06,0.0030539038712862317
s44-136-28,u028,2025-07-15,variable,hazard,60,0.008057298170409344,0,6.492005380688176e-05,0.00808993361788065
s44-136-28,u028,2025-07-15,variable,hazard,120,0.029666406310167592,0,0.0008800956633599515,0.030115355588102584
s44-136-28,u028,2025-07-15,variable,hazard_cal,30,0.00585399793471697,0,3.4269291819670554e-05,0.005871199746392452
s44-136-28,u028,2025-07-15,variable,hazard_cal,60,0.015024129529628172,0,0.00022572446812304522,0.015138135094498276
s44-136-28,u028,2025-07-15,variable,hazard_cal,120,0.05149913793467198,0,0.0026521612080143706,0.05287258073523234
s44-136-30,u030,2025-07-15,variable,empirical,30,0.0011634671320535084,0,1.353655767368816e-06,0.0011641444853737134
s44-136-30,u030,2025-07-15,variable,empirical,60,0.004072134962187279,0,1.6582283150267994e-05,0.004080448681161805
s44-136-30,u030,2025-07-15,variable,empirical,120,0.018615474112856356,0,0.0003465358764464251,0.018790922836881
s44-136-30,u030,2025-07-15,variable,hazard,30,0.003186819441044264,0,1.0155818149817676e-05,0.003191908164223153
s44-136-30,u030,2025-07-15,variable,hazard,60,0.008419747494661567,0,7.089214787385973e-05,0.00845539379820697
s44-136-30,u030,2025-07-15,variable,hazard,120,0.03098371400768607,0,0.000959990533710082,0.03147386022299512
s44-136-30,u030,2025-07-15,variable,hazard_cal,30,0.006094203983397439,0,3.713932219125722e-05,0.006112849435883559
s44-136-30,u030,2025-07-15,variable,hazard_cal,60,0.015637304369945815,0,0.00024452528795832645,0.015760856723666058
s44-136-30,u030,2025-07-15,variable,hazard_cal,120,0.05355526907235186,0,0.002868166845412008,0.05504270314108599
s44-136-50,u050,2025-07-15,variable,empirical,30,0.0011634671320535084,0,1.353655767368816e-06,0.0011641444853737134
s44-136-50,u050,2025-07-15,variable,empirical,60,0.004072134962187279,0,1.6582283150267994e-05,0.004080448681161805
s44-136-50,u050,2025-07-15,variable,empirical,120,0.018615474112856356,0,0.0003465358764464251,0.018790922836881
s44-136-50,u050,2025-07-15,variable,hazard,30,0.0014356671772497442,0,2.0611402438322484e-06,0.0014366987348054217
s44-136-50,u050,2025-07-15,variable,hazard,60,0.00379927768062982,0,1.4434510894531905e-05,0.0038065132685630425
s44-136-50,u050,2025-07-15,variable,hazard,120,0.014080244758527427,0,0.00019825329246003908,0.01418031182780771
s44-136-50,u050,2025-07-15,variable,hazard_cal,30,0.002945578297130713,0,8.676431504527472e-06,0.002949925050783663
s44-136-50,u050,2025-07-15,variable,hazard_cal,60,0.007579127822555987,0,5.7443178550642254e-05,0.00760799536485885
s44-136-50,u050,2025-07-15,variable,hazard_cal,120,0.02624992355609146,0,0.0006890584867006453,0.026600603292526358
s44-136-10,u010,2025-07-15,variable,empirical,30,0.0011634671320535084,0,1.353655767368816e-06,0.0011641444853737134
s44-136-10,u010,2025-07-15,variable,empirical,60,0.004072134962187279,0,1.6582283150267994e-05,0.004080448681161805
s44-136-10,u010,2025-07-15,variable,empirical,120,0.018615474112856356,0,0.0003465358764464251,0.018790922836881
s44-136-10,u010,2025-07-15,variable,hazard,30,0.0012711443299705527,0,1.6158079076162853e-06,0.0012719529192194209
s44-136-10,u010,2025-07-15,variable,hazard,60,0.003364406171858403,0,1.1319228889238913e-05,0.0033700785125818917
s44-136-10,u010,2025-07-15,variable,hazard,120,0.012476912322677669,0,0.00015567334110778587,0.012555402553763978
s44-136-10,u010,2025-07-15,variable,hazard_cal,30,0.002636029917740257,0,6.948653727221705e-06,0.0026395103623200306
s44-136-10,u010,2025-07-15,variable,hazard_cal,60,0.006784491644836743,0,4.6029326878859574e-05,0.006807610936036657
s44-136-10,u010,2025-07-15,variable,hazard_cal,120,0.023523743075551606,0,0.0005533664882845621,0.02380484342649547
s44-136-11,u011,2025-07-15,variable,empirical,30,0.0011634671320535084,0,1.353655767368816e-06,0.0011641444853737134
s44-136-11,u011,2025-07-15,variable,empirical,60,0.004072134962187279,0,1.6582283150267994e-05,0.004080448681161805
s44-136-11,u011,2025-07-15,variable,empirical,120,0.018615474112856356,0,0.0003465358764464251,0.018790922836881
s44-136-11,u011,2025-07-15,variable,hazard,30,0.0006280726520214719,0,3.9447525621728493e-07,0.0006282699722748763
s44-136-11,u011,2025-07-15,variable,hazard,60,0.0016633457966468423,0,2.7667192392227186e-06,0.0016647306921862932
s44-136-11,u011,2025-07-15,variable,hazard,120,0.006184634463915151,0,3.824970345224704e-05,0.006203838536698346
s44-136-11,u011,2025-07-15,variable,hazard_cal,30,0.0013853181431627837,0,1.9191063577759826e-06,0.0013862785834543876
s44-136-11,u011,2025-07-15,variable,hazard_cal,60,0.0035693940971112115,0,1.2740574220492361e-05,0.0035757795836283785
s44-136-11,u011,2025-07-15,variable,hazard_cal,120,0.012431608031015173,0,0.00015454487823680097,0.012509526914951993
s44-136-54,u054,2025-07-15,new,empirical,30,0.0011634671320535084,0,1.353655767368816e-06,0.0011641444853737134
s44-136-54,u054,2025-07-15,new,empirical,60,0.004072134962187279,0,1.6582283150267994e-05,0.004080448681161805
s44-136-54,u054,2025-07-15,new,empirical,120,0.018615474112856356,0,0.0003465358764464251,0.018790922836881
s44-136-54,u054,2025-07-15,new,hazard,30,0.0007987267020215238,0,6.379643445221802e-07,0.0007990458541486519
s44-136-54,u054,2025-07-15,new,hazard,60,0.0021149597509071416,0,4.473054747957199e-06,0.0021171994367352384
s44-136-54,u054,2025-07-15,new,hazard,120,0.007858376236831055,0,6.175407707959102e-05,0.007889415997052847
s44-136-54,u054,2025-07-15,new,hazard_cal,30,0.001725123270701956,0,2.976050299117414e-06,0.0017266130094200022
s44-136-54,u054,2025-07-15,new,hazard_cal,60,0.004443603010574226,0,1.974560771558433e-05,0.004453505159466029
s44-136-54,u054,2025-07-15,new,hazard_cal,120,0.015457508528996189,0,0.00023893456992398992,0.015578221376238164
s44-136-56,u056,2025-07-15,new,empirical,30,0.0011634671320535084,0,1.353655767368816e-06,0.0011641444853737134
s44-136-56,u056,2025-07-15,new,empirical,60,0.004072134962187279,0,1.6582283150267994e-05,0.004080448681161805
s44-136-56,u056,2025-07-15,new,empirical,120,0.018615474112856356,0,0.0003465358764464251,0.018790922836881
s44-136-56,u056,2025-07-15,new,hazard,30,0.0030002166725282553,0,9.001300082116517e-06,0.0030047263448240973
s44-136-56,u056,2025-07-15,new,hazard,60,0.00792810565885993,0,6.285485933804684e-05,0.00795970018917366
s44-136-56,u056,2025-07-15,new,hazard,120,0.029196505604143996,0,0.0008524359394928118,0.029631205634875143
s44-136-56,u056,2025-07-15,new,hazard_cal,30,0.005768158020257097,0,3.3271646946656274e-05,0.005784858093803351
s44-136-56,u056,2025-07-15,new,hazard_cal,60,0.014804942571086555,0,0.00021918632453317096,0.014915629568361382
s44-136-56,u056,2025-07-15,new,hazard_cal,120,0.050763288636165416,0,0.0025769114731586406,0.05209707905819552
s44-136-15,u015,2025-07-15,regular,empirical,30,0.0011634671320535084,0,1.353655767368816e-06,0.0011641444853737134
s44-136-15,u015,2025-07-15,regular,empirical,60,0.004072134962187279,0,1.6582283150267994e-05,0.004080448681161805
s44-136-15,u015,2025-07-15,regular,empirical,120,0.018615474112856356,0,0.0003465358764464251,0.018790922836881
s44-136-15,u015,2025-07-15,regular,hazard,30,0.0021634342713441335,0,4.680447846426322e-06,0.002165777876033916
s44-136-15,u015,2025-07-15,regular,hazard,60,0.005721339478006904,0,3.273372542260031e-05,0.005737769036742861
s44-136-15,u015,2025-07-15,regular,hazard,120,0.021141095322365744,0,0.00044694591142935476,0.02136776872006839
s44-136-15,u015,2025-07-15,regular,hazard_cal,30,0.004281418847643548,0,1.8330547348957403e-05,0.00429061036585932
s44-136-15,u015,2025-07-15,regular,hazard_cal,60,0.011003370352784203,0,0.00012107415912053035,0.011064355204244983
s44-136-15,u015,2025-07-15,regular,hazard_cal,120,0.037928463405986435,0,0.0014385683363392521,0.03866646871733461
s44-136-3,u003,2025-07-15,variable,empirical,30,0.0011634671320535084,0,1.353655767368816e-06,0.0011641444853737134
s44-136-3,u003,2025-07-15,variable,empirical,60,0.004072134962187279,0,1.6582283150267994e-05,0.004080448681161805
s44-136-3,u003,2025-07-15,variable,empirical,120,0.018615474112856356,0,0.0003465358764464251,0.018790922836881
s44-136-3,u003,2025-07-15,variable,hazard,30,0.0007620939410596383,0,5.807871749998115e-07,0.0007623844822696471
s44-136-3,u003,2025-07-15,variable,hazard,60,0.0020180279269608192,0,4.072436713993781e-06,0.002020066888901046
s44-136-3,u003,2025-07-15,variable,hazard,120,0.007499329546909905,0,5.623994365315592e-05,0.007527590901533495
s44-136-3,u003,2025-07-15,variable,hazard_cal,30,0.0016527696668876546,0,2.7316475717839287e-06,0.0016541369974695736
s44-136-3,u003,2025-07-15,variable,hazard_cal,60,0.004257504382560784,0,1.8126343567524283e-05,0.004266593361095457
s44-136-3,u003,2025-07-15,variable,hazard_cal,120,0.014813983665648012,0,0.0002194541120460861,0.01492480656938104
s44-136-31,u031,2025-07-15,regular,empirical,30,0.0011634671320535084,0,1.353655767368816e-06,0.0011641444853737134
s44-136-31,u031,2025-07-15,regular,empirical,60,0.004072134962187279,0,1.6582283150267994e-05,0.004080448681161805
s44-136-31,u031,2025-07-15,regular,empirical,120,0.018615474112856356,0,0.0003465358764464251,0.018790922836881
s44-136-31,u031,2025-07-15,regular,hazard,30,0.005699531085024523,0,3.248465458916081e-05,0.005715835393107135
s44-136-31,u031,2025-07-15,regular,hazard,60,0.015023392291827364,0,0.00022570231595413787,0.015137386611670417
s44-136-31,u031,2025-07-15,regular,hazard,120,0.054728399177375375,0,0.0029951976765181416,0.05628298450433181
s44-136-31,u031,2025-07-15,regular,hazard_cal,30,0.010347703683066145,0,0.00010707497151254066,0.01040161338571098
s44-136-31,u031,2025-07-15,regular,hazard_cal,60,0.026452207288061302,0,0.0006997192704105635,0.02680836168008639
s44-136-31,u031,2025-07-15,regular,hazard_cal,120,0.08924304326941979,0,0.007964320771987532,0.09347920465919433
s44-137-15,u015,2025-07-16,regular,empirical,30,0.0011634671320535084,0,1.353655767368816e-06,0.0011641444853737134
s44-137-15,u015,2025-07-16,regular,empirical,60,0.004072134962187279,0,1.6582283150267994e-05,0.004080448681161805
s44-137-15,u015,2025-07-16,regular,empirical,120,0.018615474112856356,0,0.0003465358764464251,0.018790922836881
s44-137-15,u015,2025-07-16,regular,hazard,30,0.003061428397658883,0,9.372343833992236e-06,0.0030661241558431964
s44-137-15,u015,2025-07-16,regular,hazard,60,0.00808939882885451,0,6.543837341227272e-05,0.008122295545447989
s44-137-15,u015,2025-07-16,regular,hazard,120,0.029783134249076415,0,0.0008870350856985085,0.03023565953431715
s44-137-15,u015,2025-07-16,regular,hazard_cal,30,0.005875308489848963,0,3.45192498508913e-05,0.005892636017823367
s44-137-15,u015,2025-07-16,regular,hazard_cal,60,0.015078539576870553,0,0.0002273623557712516,0.015193376600137089
s44-137-15,u015,2025-07-16,regular,hazard_cal,120,0.05168173188824121,0,0.0026710014109680483,0.05306510721414464
s44-137-0,u000,2025-07-16,regular,empirical,30,0.0011634671320535084,0,1.353655767368816e-06,0.0011641444853737134
s44-137-0,u000,2025-07-16,regular,empirical,60,0.004072134962187279,0,1.6582283150267994e-05,0.004080448681161805
s44-137-0,u000,2025-07-16,regular,empirical,120,0.018615474112856356,0,0.0003465358764464251,0.018790922836881
s44-137-0,u000,2025-07-16,regular,hazard,30,0.004144506863088648,0,1.717693713818891e-05,0.0041531191356429
s44-137-0,u000,2025-07-16,regular,hazard,60,0.010940281852701572,0,0.00011968976701655135,0.011000566829182398
s44-137-0,u000,2025-07-16,regular,hazard,120,0.04010391413087666,0,0.0016083239286167287,0.04093024426537724
s44-137-0,u000,2025-07-16,regular,hazard_cal,30,0.007742400951281869,0,5.994477249041039e-05,0.007772528946959275
s44-137-0,u000,2025-07-16,regular,hazard_cal,60,0.019837650444624155,0,0.00039353237516309697,0.020037058226479713
s44-137-0,u000,2025-07-16,regular,hazard_cal,120,0.06754518281347577,0,0.004562351721305862,0.06993458205734825
s44-137-27,u027,2025-07-16,regular,empirical,30,0.0011634671320535084,0,1.353655767368816e-06,0.0011641444853737134
s44-137-27,u027,2025-07-16,regular,empirical,60,0.004072134962187279,0,1.6582283150267994e-05,0.004080448681161805
s44-137-27,u027,2025-07-16,regular,empirical,120,0.018615474112856356,0,0.0003465358764464251,0.018790922836881
s44-137-27,u027,2025-07-16,regular,hazard,30,0.001985558255887754,0,3.9424415875240185e-06,0.001987532089889224
s44-137-27,u027,2025-07-16,regular,hazard,60,0.005251801739003303,0,2.7581421505798122e-05,0.0052656409247949405
s44-137-27,u027,2025-07-16,regular,hazard,120,0.019420060937361372,0,0.00037713876681082903,0.01961110779331917
s44-137-27,u027,2025-07-16,regular,hazard_cal,30,0.003959243184431194,0,1.567560659346486e-05,0.003967101737200497
s44-137-27,u027,2025-07-16,regular,hazard_cal,60,0.01017825569753461,0,0.00010359688904439576,0.010230408325711905
s44-137-27,u027,2025-07-16,regular,hazard_cal,120,0.035124603734581816,0,0.001233737787511399,0.03575630902126609
s44-137-29,u029,2025-07-16,regular,empirical,30,0.0011634671320535084,0,1.353655767368816e-06,0.0011641444853737134
s44-137-29,u029,2025-07-16,regular,empirical,60,0.004072134962187279,0,1.6582283150267994e-05,0.004080448681161805
s44-137-29,u029,2025-07-16,regular,empirical,120,0.018615474112856356,0,0.0003465358764464251,0.018790922836881
s44-137-29,u029,2025-07-16,regular,hazard,30,0.0020919361877868026,0,4.3761970137719805e-06,0.002094127342664456
s44-137-29,u029,2025-07-16,regular,hazard,60,0.005532625269406566,0,3.060994237167607e-05,0.0055479869269896825
s44-137-29,u029,2025-07-16,regular,hazard,120,0.020449684747593788,0,0.00041818960627597004,0.020661674614237974
s44-137-29,u029,2025-07-16,regular,hazard_cal,30,0.004152215074138099,0,1.724089002189966e-05,0.00416085945633664
s44-137-29,u029,2025-07-16,regular,hazard_cal,60,0.010672526678104921,0,0.00011390282569486126,0.010729886572672417
s44-137-29,u029,2025-07-16,regular,hazard_cal,120,0.03680498689788625,0,0.0013546070605535785,0.037499381868190865
s44-137-3,u003,2025-07-16,variable,empirical,30,0.0011634671320535084,0,1.353655767368816e-06,0.0011641444853737134
s44-137-3,u003,2025-07-16,variable,empirical,60,0.004072134962187279,0,1.6582283150267994e-05,0.004080448681161805
s44-137-3,u003,2025-07-16,variable,empirical,120,0.018615474112856356,0,0.0003465358764464251,0.018790922836881
s44-137-3,u003,2025-07-16,variable,hazard,30,0.000739042357757902,0,5.461836065603588e-07,0.0007393155841867455
s44-137-3,u003,2025-07-16,variable,hazard,60,0.0019570290906537613,0,3.829962861665088e-06,0.0019589465742070773
s44-137-3,u003,2025-07-16,variable,hazard,120,0.0072733279979845245,0,5.290130016626557e-05,0.007299907607969537
s44-137-3,u003,2025-07-16,variable,hazard_cal,30,0.0016070841742343855,0,2.582719543074617e-06,0.0016083769192249144
s44-137-3,u003,2025-07-16,variable,hazard_cal,60,0.004139985821594472,0,1.7139482603003255e-05,0.004148579288985504
s44-137-3,u003,2025-07-16,variable,hazard_cal,120,0.014407434848854095,0,0.0002075741789239754,0.014512229706226419
s44-137-35,u035,2025-07-16,regular,empirical,30,0.0011634671320535084,0,1.353655767368816e-06,0.0011641444853737134
s44-137-35,u035,2025-07-16,regular,empirical,60,0.004072134962187279,0,1.6582283150267994e-05,0.004080448681161805
s44-137-35,u035,2025-07-16,regular,empirical,120,0.018615474112856356,0,0.0003465358764464251,0.018790922836881
s44-137-35,u035,2025-07-16,regular,hazard,30,0.001037484952486123,0,1.0763750266351328e-06,0.0010380235125302913
s44-137-35,u035,2025-07-16,regular,hazard,60,0.0027465626518770048,0,7.543606400685645e-06,0.002750341375664378
s44-137-35,u035,2025-07-16,regular,hazard,120,0.010195290626396347,0,0.00010394395095668523,0.010247618571443391
s44-137-35,u035,2025-07-16,regular,hazard_cal,30,0.002190117947850845,0,4.7966166254983955e-06,0.002192519763644293
s44-137-35,u035,2025-07-16,regular,hazard_cal,60,0.005639036565843747,0,3.179873339092284e-05,0.005654995957881628
s44-137-35,u035,2025-07-16,regular,hazard_cal,120,0.019583325500193705,0,0.000383506637646537,0.019777619619071856
s44-137-47,u047,2025-07-16,regular,empirical,30,0.0011634671320535084,0,1.353655767368816e-06,0.0011641444853737134
s44-137-47,u047,2025-07-16,regular,empirical,60,0.004072134962187279,0,1.6582283150267994e-05,0.004080448681161805
s44-137-47,u047,2025-07-16,regular,empirical,120,0.018615474112856356,0,0.0003465358764464251,0.018790922836881
s44-137-47,u047,2025-07-16,regular,hazard,30,0.005750971942567906,0,3.307367828420328e-05,0.005767572458373228
s44-137-47,u047,2025-07-16,regular,hazard,60,0.015158261492042802,0,0.00022977289146114765,0.015274322284632606
s44-137-47,u047,2025-07-16,regular,hazard,120,0.05520832095327799,0,0.0030479587024801534,0.056790821243268966
s44-137-47,u047,2025-07-16,regular,hazard_cal,30,0.010432657147237845,0,0.00010884033515181289,0.010487458799269538
s44-137-47,u047,2025-07-16,regular,hazard_cal,60,0.02666738092226728,0,0.0007111492052533049,0.027029406212435766
s44-137-47,u047,2025-07-16,regular,hazard_cal,120,0.08994209780000917,0,0.008089580956666413,0.09424705270426828
s44-137-51,u051,2025-07-16,regular,empirical,30,0.0011634671320535084,0,1.353655767368816e-06,0.0011641444853737134
s44-137-51,u051,2025-07-16,regular,empirical,60,0.004072134962187279,0,1.6582283150267994e-05,0.004080448681161805
s44-137-51,u051,2025-07-16,regular,empirical,120,0.018615474112856356,0,0.0003465358764464251,0.018790922836881
s44-137-51,u051,2025-07-16,regular,hazard,30,0.0008486158262694943,0,7.201488205950565e-07,0.0008489761045194289
s44-137-51,u051,2025-07-16,regular,hazard,60,0.00224695786862128,0,5.048819663359085e-06,0.0022494860663321045
s44-137-51,u051,2025-07-16,regular,hazard,120,0.008347140676680631,0,6.967475747629638e-05,0.008382173138890298
s44-137-51,u051,2025-07-16,regular,hazard_cal,30,0.0018231934880844625,0,3.324034494993589e-06,0.0018248575282176441
s44-137-51,u051,2025-07-16,regular,hazard_cal,60,0.004695808743251373,0,2.205061975319604e-05,0.0047068686903082154
s44-137-51,u051,2025-07-16,regular,hazard_cal,120,0.016329096747396132,0,0.00026663940058582297,0.01646388578408075
s44-137-16,u016,2025-07-16,regular,empirical,30,0.0011634671320535084,0,1.353655767368816e-06,0.0011641444853737134
s44-137-16,u016,2025-07-16,regular,empirical,60,0.004072134962187279,0,1.6582283150267994e-05,0.004080448681161805
s44-137-16,u016,2025-07-16,regular,empirical,120,0.018615474112856356,0,0.0003465358764464251,0.018790922836881
s44-137-16,u016,2025-07-16,regular,hazard,30,0.0018446744626936518,0,3.402823873314113e-06,0.0018463779698968234
s44-137-16,u016,2025-07-16,regular,hazard,60,0.0048798019240122725,0,2.3812466817593876e-05,0.004891747033108923
s44-137-16,u016,2025-07-16,regular,hazard,120,0.01805477426026436,0,0.0003259748735891045,0.018219750452444977
s44-137-16,u016,2025-07-16,regular,hazard_cal,30,0.003702241721533883,0,1.3706593764666172e-05,0.003709111980564532
s44-137-16,u016,2025-07-16,regular,hazard_cal,60,0.009519720455156144,0,9.06250775443183e-05,0.009565322638051271
s44-137-16,u016,2025-07-16,regular,hazard_cal,120,0.032882150104909025,0,0.0010812357955217685,0.03343491929472357
s44-137-24,u024,2025-07-16,variable,empirical,30,0.0011634671320535084,0,1.353655767368816e-06,0.0011641444853737134
s44-137-24,u024,2025-07-16,variable,empirical,60,0.004072134962187279,0,1.6582283150267994e-05,0.004080448681161805
s44-137-24,u024,2025-07-16,variable,empirical,120,0.018615474112856356,0,0.0003465358764464251,0.018790922836881
s44-137-24,u024,2025-07-16,variable,hazard,30,0.0017740422581388193,0,3.147225933662281e-06,0.0017756177346893618
s44-137-24,u024,2025-07-16,variable,hazard,60,0.0046932628743689975,0,2.2026716407930343e-05,0.004704310813381009
s44-137-24,u024,2025-07-16,variable,hazard,120,0.017369563962238543,0,0.00030170175223829594,0.017522184724494322
s44-137-24,u024,2025-07-16,variable,hazard_cal,30,0.003572741102095267,0,1.2764478982600904e-05,0.0035791385838292215
s44-137-24,u024,2025-07-16,variable,hazard_cal,60,0.009187777619410586,0,8.441525758374207e-05,0.009230245572419861
s44-137-24,u024,2025-07-16,variable,hazard_cal,120,0.031750245017406975,0,0.0010080780586653765,0.032265213639109176
s44-137-48,u048,2025-07-16,regular,empirical,30,0.0011634671320535084,0,1.353655767368816e-06,0.0011641444853737134
s44-137-48,u048,2025-07-16,regular,empirical,60,0.004072134962187279,0,1.6582283150267994e-05,0.004080448681161805
s44-137-48,u048,2025-07-16,regular,empirical,120,0.018615474112856356,0,0.0003465358764464251,0.018790922836881
s44-137-48,u048,2025-07-16,regular,hazard,30,0.0028024676878103394,0,7.85382514122103e-06,0.002806401952533307
s44-137-48,u048,2025-07-16,regular,hazard,60,0.007406910782007947,0,5.486232733262558e-05,0.007434478156084088
s44-137-48,u048,2025-07-16,regular,hazard,120,0.027298909032246077,0,0.0007452304343508465,0.027678447520290136
s44-137-48,u048,2025-07-16,regular,hazard_cal,30,0.005420626363458192,0,2.9383190172217983e-05,0.005435371267092615
s44-137-48,u048,2025-07-16,regular,hazard_cal,60,0.013917202139526408,0,0.00019368851539243844,0.014014954415753591
s44-137-48,u048,2025-07-16,regular,hazard_cal,120,0.047778350925532065,0,0.0022827708171632905,0.048957446632171685
s44-137-54,u054,2025-07-16,new,empirical,30,0.0011634671320535084,0,1.353655767368816e-06,0.0011641444853737134
s44-137-54,u054,2025-07-16,new,empirical,60,0.004072134962187279,0,1.6582283150267994e-05,0.004080448681161805
s44-137-54,u054,2025-07-16,new,empirical,120,0.018615474112856356,0,0.0003465358764464251,0.018790922836881
s44-137-54,u054,2025-07-16,new,hazard,30,0.0007708111230934067,0,5.94149787484519e-07,0.0007711083507345452
s44-137-54,u054,2025-07-16,new,hazard,60,0.0020410945543238856,0,4.166066979690621e-06,0.0020431804266053985
s44-137-54,u054,2025-07-16,new,hazard,120,0.007584780695007898,0,5.752889819136449e-05,0.007613691424575
s44-137-54,u054,2025-07-16,new,hazard_cal,30,0.0016700142405844387,0,2.7889475637548194e-06,0.0016714102688408575
s44-137-54,u054,2025-07-16,new,hazard_cal,60,0.004301860808488378,0,1.850600641560828e-05,0.004311140434364538
s44-137-54,u054,2025-07-16,new,hazard_cal,120,0.014967397540593064,0,0.0002240229891381513,0.015080539414245775
s44-137-28,u028,2025-07-16,variable,empirical,30,0.0011634671320535084,0,1.353655767368816e-06,0.0011641444853737134
s44-137-28,u028,2025-07-16,variable,empirical,60,0.004072134962187279,0,1.6582283150267994e-05,0.004080448681161805
s44-137-28,u028,2025-07-16,variable,empirical,120,0.018615474112856356,1,0.9631155876507337,3.9837621025831202
s44-137-28,u028,2025-07-16,variable,hazard,30,0.00201184851822922,0,4.047534460301108e-06,0.002013875003903676
s44-137-28,u028,2025-07-16,variable,hazard,60,0.005321209682409012,0,2.8315272484163412e-05,0.005335417743780853
s44-137-28,u028,2025-07-16,variable,hazard,120,0.019674624045672218,1,0.9610378427399942,3.928425593086281
s44-137-28,u028,2025-07-16,variable,hazard_cal,30,0.004007018454928568,0,1.605619689813813e-05,0.00401506806386106
s44-137-28,u028,2025-07-16,variable,hazard_cal,60,0.010300641161025914,0,0.00010610320832822129,0.010354059913414626
s44-137-28,u028,2025-07-16,variable,hazard_cal,120,0.03554089687187956,1,0.9301813616066985,3.3370712210118723
s44-137-7,u007,2025-07-16,variable,empirical,30,0.0011634671320535084,0,1.353655767368816e-06,0.0011641444853737134
s44-137-7,u007,2025-07-16,variable,empirical,60,0.004072134962187279,0,1.6582283150267994e-05,0.004080448681161805
s44-137-7,u007,2025-07-16,variable,empirical,120,0.018615474112856356,1,0.9631155876507337,3.9837621025831202
s44-137-7,u007,2025-07-16,variable,hazard,30,0.0008988292802765141,0,8.078940750823963e-07,0.000899233469530296
s44-137-7,u007,2025-07-16,variable,hazard,60,0.0023798017645255687,0,5.66345643843901e-06,0.002382637993413311
s44-137-7,u007,2025-07-16,variable,hazard,120,0.008838836845845521,1,0.9824004513450965,4.728599989514061
s44-137-7,u007,2025-07-16,variable,hazard_cal,30,0.0019213897266210367,0,3.691738481564862e-06,0.0019232379636970954
s44-137-7,u007,2025-07-16,variable,hazard_cal,60,0.004948294911073292,0,2.4485622526953838e-05,0.004960578260179448
s44-137-7,u007,2025-07-16,variable,hazard_cal,120,0.01720103941112605,1,0.965893796934571,4.0627854661091805
s44-137-9,u009,2025-07-16,variable,empirical,30,0.0011634671320535084,0,1.353655767368816e-06,0.0011641444853737134
s44-137-9,u009,2025-07-16,variable,empirical,60,0.004072134962187279,0,1.6582283150267994e-05,0.004080448681161805
s44-137-9,u009,2025-07-16,variable,empirical,120,0.018615474112856356,0,0.0003465358764464251,0.018790922836881
s44-137-9,u009,2025-07-16,variable,hazard,30,0.0009505773537831219,0,9.035973055253225e-07,0.0009510294389532072
s44-137-9,u009,2025-07-16,variable,hazard,60,0.002516692669094489,0,6.3337419906739435e-06,0.0025198648634998113
s44-137-9,u009,2025-07-16,variable,hazard,120,0.009345302381732368,0,8.733467660601266e-05,0.00938924369756013
s44-137-9,u009,2025-07-16,variable,hazard_cal,30,0.002022082535657943,0,4.088817781012857e-06,0.002024129704710505
s44-137-9,u009,2025-07-16,variable,hazard_cal,60,0.00520715500814295,0,2.71144632788282e-05,0.00522075948742097
s44-137-9,u009,2025-07-16,variable,hazard_cal,120,0.01809435581351093,0,0.00032740571230593685,0.018260060593971575
s44-137-37,u037,2025-07-16,variable,empirical,30,0.0011634671320535084,0,1.353655767368816e-06,0.0011641444853737134
s44-137-37,u037,2025-07-16,variable,empirical,60,0.004072134962187279,0,1.6582283150267994e-05,0.004080448681161805
s44-137-37,u037,2025-07-16,variable,empirical,120,0.018615474112856356,0,0.0003465358764464251,0.018790922836881
s44-137-37,u037,2025-07-16,variable,hazard,30,0.004473579580246634,0,2.001291426079965e-05,0.0044836159809874335
s44-137-37,u037,2025-07-16,variable,hazard,60,0.011805331491300364,0,0.00013936585161948808,0.011875567739160276
s44-137-37,u037,2025-07-16,variable,hazard,120,0.04321767204573701,0,0.0018677671770528782,0.044179365903808956
s44-137-37,u037,2025-07-16,variable,hazard_cal,30,0.008300299534321098,0,6.889497235945105e-05,0.008334938831366854
s44-137-37,u037,2025-07-16,variable,hazard_cal,60,0.021256656235322247,0,0.0004518454343066641,0.021485832451536506
s44-137-37,u037,2025-07-16,variable,hazard_cal,120,0.07223414613916701,0,0.005217771868454536,0.07497589068209283
s44-137-43,u043,2025-07-16,regular,empirical,30,0.0011634671320535084,0,1.353655767368816e-06,0.0011641444853737134
s44-137-43,u043,2025-07-16,regular,empirical,60,0.004072134962187279,0,1.6582283150267994e-05,0.004080448681161805
s44-137-43,u043,2025-07-16,regular,empirical,120,0.018615474112856356,0,0.0003465358764464251,0.018790922836881
s44-137-43,u043,2025-07-16,regular,hazard,30,0.0007500369017211517,0,5.625553539434645e-07,0.0007503183201230463
s44-137-43,u043,2025-07-16,regular,hazard,60,0.001986123052805877,0,3.944684780886937e-06,0.001988098010635773
s44-137-43,u043,2025-07-16,regular,hazard,120,0.00738112681917269,0,5.4481033120710346e-05,0.0074085021259925185
s44-137-43,u043,2025-07-16,regular,hazard_cal,30,0.0016288894441810475,0,2.653280821364442e-06,0.0016302175269877085
s44-137-43,u043,2025-07-16,regular,hazard_cal,60,0.004196077541081422,0,1.7607066730767914e-05,0.004204905779082508
s44-137-43,u043,2025-07-16,regular,hazard_cal,120,0.014601497620309045,0,0.0002132037327558907,0.014709148682957411
s44-137-45,u045,2025-07-16,variable,empirical,30,0.0011634671320535084,0,1.353655767368816e-06,0.0011641444853737134
s44-137-45,u045,2025-07-16,variable,empirical,60,0.004072134962187279,0,1.6582283150267994e-05,0.004080448681161805
s44-137-45,u045,2025-07-16,variable,empirical,120,0.018615474112856356,0,0.0003465358764464251,0.018790922836881
s44-137-45,u045,2025-07-16,variable,hazard,30,0.0018830067284957286,0,3.5457143395601863e-06,0.0018847818143479262
s44-137-45,u045,2025-07-16,variable,hazard,60,0.004981026867012406,0,2.4810628649899425e-05,0.004993473529980931
s44-137-45,u045,2025-07-16,variable,hazard,120,0.018426437397213613,0,0.0003395335951534324,0.018598318911880702
s44-137-45,u045,2025-07-16,variable,hazard_cal,30,0.0037723359795994726,0,1.4230518742980713e-05,0.0037794691838504337
s44-137-45,u045,2025-07-16,variable,hazard_cal,60,0.009699358142233994,0,9.407754837132087e-05,0.0097467033103198
s44-137-45,u045,2025-07-16,variable,hazard_cal,120,0.033494265203494744,0,0.0011218658015220387,0.03406804678021664
s44-137-58,u058,2025-07-16,new,empirical,30,0.0011634671320535084,0,1.353655767368816e-06,0.0011641444853737134
s44-137-58,u058,2025-07-16,new,empirical,60,0.004072134962187279,0,1.6582283150267994e-05,0.004080448681161805
s44-137-58,u058,2025-07-16,new,empirical,120,0.018615474112856356,0,0.0003465358764464251,0.018790922836881
s44-137-58,u058,2025-07-16,new,hazard,30,0.0007680056372884048,0,5.898326589067687e-07,0.0007683007047031563
s44-137-58,u058,2025-07-16,new,hazard,60,0.0020336709694624977,0,4.1358176120345354e-06,0.0020357416861824683
s44-137-58,u058,2025-07-16,new,hazard,120,0.007557280419333012,0,5.711248733643415e-05,0.0075859813551157375
s44-137-58,u058,2025-07-16,new,hazard_cal,30,0.0016644662310065783,0,2.770447834161244e-06,0.0016658529939506843
s44-137-58,u058,2025-07-16,new,hazard_cal,60,0.004287590386663598,0,1.83834313238101e-05,0.004296808460645117
s44-137-58,u058,2025-07-16,new,hazard_cal,120,0.014918043051092567,0,0.0002225480084742512,0.015030436247122697
s44-137-2,u002,2025-07-16,regular,empirical,30,0.0011634671320535084,0,1.353655767368816e-06,0.0011641444853737134
s44-137-2,u002,2025-07-16,regular,empirical,60,0.004072134962187279,0,1.6582283150267994e-05,0.004080448681161805
s44-137-2,u002,2025-07-16,regular,empirical,120,0.018615474112856356,0,0.0003465358764464251,0.018790922836881
s44-137-2,u002,2025-07-16,regular,hazard,30,0.0005597089247127984,0,3.1327408040315706e-07,0.000559865620224979
s44-137-2,u002,2025-07-16,regular,hazard,60,0.0014823898668224755,0,2.197479717257957e-06,0.0014834896937303223
s44-137-2,u002,2025-07-16,regular,hazard,120,0.005513335929486773,0,3.0396873071369783e-05,0.0055285904607626155
s44-137-2,u002,2025-07-16,regular,hazard_cal,30,0.0012470078780643101,0,1.5550286479544534e-06,0.0012477860393710779
s44-137-2,u002,2025-07-16,regular,hazard_cal,60,0.0032134165880889354,0,1.0326046168605135e-05,0.003218590698528106
s44-137-2,u002,2025-07-16,regular,hazard_cal,120,0.011197345603064512,0,0.00012538054855446818,0.011260507819393696
s44-137-21,u021,2025-07-16,variable,empirical,30,0.0011634671320535084,0,1.353655767368816e-06,0.0011641444853737134
s44-137-21,u021,2025-07-16,variable,empirical,60,0.004072134962187279,1,0.9918723123587757,5.503587856327545
s44-137-21,u021,2025-07-16,variable,empirical,120,0.018615474112856356,1,0.9631155876507337,3.9837621025831202
s44-137-21,u021,2025-07-16,variable,hazard,30,0.002266591959899311,0,5.1374391126802e-06,0.0022691645675586877
s44-137-21,u021,2025-07-16,variable,hazard,60,0.005993572838606687,1,0.9880487772381583,5.117067577457507
s44-137-21,u021,2025-07-16,variable,hazard,120,0.022137796135579646,1,0.9562144897465812,3.810468898861375
s44-137-21,u021,2025-07-16,variable,hazard_cal,30,0.004467164983603222,0,1.9955562990730777e-05,0.004477172579942568
s44-137-21,u021,2025-07-16,variable,hazard_cal,60,0.011478866232504381,1,0.977174031904975,4.46724765320264
s44-137-21,u021,2025-07-16,variable,hazard_cal,120,0.03954132540416211,1,0.9224808656063936,3.230408941210621
s44-137-26,u026,2025-07-16,regular,empirical,30,0.0011634671320535084,0,1.353655767368816e-06,0.0011641444853737134
s44-137-26,u026,2025-07-16,regular,empirical,60,0.004072134962187279,0,1.6582283150267994e-05,0.004080448681161805
s44-137-26,u026,2025-07-16,regular,empirical,120,0.018615474112856356,0,0.0003465358764464251,0.018790922836881
s44-137-26,u026,2025-07-16,regular,hazard,30,0.0034513232847735997,0,1.191163241602043e-05,0.0034572928401830176
s44-137-26,u026,2025-07-16,regular,hazard,60,0.009116342964445412,0,8.310770904539336e-05,0.009158151104506691
s44-137-26,u026,2025-07-16,regular,hazard,120,0.033511336144977366,0,0.0011230096502216666,0.03408570947131908
s44-137-26,u026,2025-07-16,regular,hazard_cal,30,0.006553432296817929,0,4.294747486897632e-05,0.006575000315594261
s44-137-26,u026,2025-07-16,regular,hazard_cal,60,0.016808854159412356,0,0.0002825375781523941,0.016951726221850275
s44-137-26,u026,2025-07-16,regular,hazard_cal,120,0.057473935525458875,0,0.003303253264784604,0.05919170542745529
s44-137-39,u039,2025-07-16,variable,empirical,30,0.0011634671320535084,0,1.353655767368816e-06,0.0011641444853737134
s44-137-39,u039,2025-07-16,variable,empirical,60,0.004072134962187279,0,1.6582283150267994e-05,0.004080448681161805
s44-137-39,u039,2025-07-16,variable,empirical,120,0.018615474112856356,0,0.0003465358764464251,0.018790922836881
s44-137-39,u039,2025-07-16,variable,hazard,30,0.0011860914954229251,0,1.406813035514591e-06,0.0011867954586389255
s44-137-39,u039,2025-07-16,variable,hazard,60,0.0031395399842720773,0,9.856711312843115e-06,0.0031444786794581126
s44-137-39,u039,2025-07-16,variable,hazard,120,0.011647009899412364,0,0.00013565283959700961,0.011715367612907824
s44-137-39,u039,2025-07-16,variable,hazard_cal,30,0.002474632904470031,0,6.123808011885781e-06,0.0024776998692620975
s44-137-39,u039,2025-07-16,variable,hazard_cal,60,0.006370000231522788,0,4.057690294960037e-05,0.006390375255021397
s44-137-39,u039,2025-07-16,variable,hazard_cal,120,0.022099330177069554,0,0.000488380394275137,0.022347178703583402
s44-137-59,u059,2025-07-16,new,empirical,30,0.0011634671320535084,0,1.353655767368816e-06,0.0011641444853737134
s44-137-59,u059,2025-07-16,new,empirical,60,0.004072134962187279,0,1.6582283150267994e-05,0.004080448681161805
s44-137-59,u059,2025-07-16,new,empirical,120,0.018615474112856356,0,0.0003465358764464251,0.018790922836881
s44-137-59,u059,2025-07-16,new,hazard,30,0.0009256937635545581,0,8.569089438838022e-07,0.0009261224826219645
s44-137-59,u059,2025-07-16,new,hazard,60,0.002450868919405047,0,6.006758460105663e-06,0.0024538772149323143
s44-137-59,u059,2025-07-16,new,hazard,120,0.009101795905467003,0,8.28426887047759e-05,0.009143470317217241
s44-137-59,u059,2025-07-16,new,hazard_cal,30,0.001973725351053668,0,3.895591761391924e-06,0.001975675713677012
s44-137-59,u059,2025-07-16,new,hazard_cal,60,0.005082844558068067,0,2.5835308801482163e-05,0.0050958061523022615
s44-137-59,u059,2025-07-16,new,hazard_cal,120,0.01766544576807605,0,0.000312067974184836,0.017823342057616237
s44-137-49,u049,2025-07-16,variable,empirical,30,0.0011634671320535084,0,1.353655767368816e-06,0.0011641444853737134
s44-137-49,u049,2025-07-16,variable,empirical,60,0.004072134962187279,0,1.6582283150267994e-05,0.004080448681161805
s44-137-49,u049,2025-07-16,variable,empirical,120,0.018615474112856356,0,0.0003465358764464251,0.018790922836881
s44-137-49,u049,2025-07-16,variable,hazard,30,0.0008820700588180186,0,7.780475886632228e-07,0.0008824593115279573
s44-137-49,u049,2025-07-16,variable,hazard,60,0.002335465217980892,0,5.454397784398536e-06,0.0023381966705100653
s44-137-49,u049,2025-07-16,variable,hazard,120,0.008674755939407919,0,7.525139060829296e-05,0.008712600656117075
s44-137-49,u049,2025-07-16,variable,hazard_cal,30,0.001888670878534282,0,3.567077687423457e-06,0.0018904566662424017
s44-137-49,u049,2025-07-16,variable,hazard_cal,60,0.0048641717283267605,0,2.3660166602653345e-05,0.004876040314496929
s44-137-49,u049,2025-07-16,variable,hazard_cal,120,0.01691059440301912,0,0.00028596820306342154,0.01705521119363945
s44-137-12,u012,2025-07-16,variable,empirical,30,0.0011634671320535084,0,1.353655767368816e-06,0.0011641444853737134
s44-137-12,u012,2025-07-16,variable,empirical,60,0.004072134962187279,0,1.6582283150267994e-05,0.004080448681161805
s44-137-12,u012,2025-07-16,variable,empirical,120,0.018615474112856356,0,0.0003465358764464251,0.018790922836881
s44-137-12,u012,2025-07-16,variable,hazard,30,0.0004967069789839629,0,2.4671782297137496e-07,0.0004968303787594936
s44-137-12,u012,2025-07-16,variable,hazard,60,0.0013156060181995777,0,1.7308191951229475e-06,0.0013164721875722452
s44-137-12,u012,2025-07-16,variable,hazard,120,0.004894281667020217,0,2.3953993036130196e-05,0.004906297886747013
s44-137-12,u012,2025-07-16,variable,hazard_cal,30,0.0011182282384969433,0,1.2504343933719767e-06,0.0011188539221752255
s44-137-12,u012,2025-07-16,variable,hazard_cal,60,0.0028818906726513216,0,8.305293849114687e-06,0.002886051315176501
s44-137-12,u012,2025-07-16,variable,hazard_cal,120,0.010046759799361094,0,0.00010093738246605816,0.010097569089539933
s44-138-24,u024,2025-07-17,variable,empirical,30,0.0011634671320535084,0,1.353655767368816e-06,0.0011641444853737134
s44-138-24,u024,2025-07-17,variable,empirical,60,0.004072134962187279,0,1.6582283150267994e-05,0.004080448681161805
s44-138-24,u024,2025-07-17,variable,empirical,120,0.018615474112856356,0,0.0003465358764464251,0.018790922836881
s44-138-24,u024,2025-07-17,variable,hazard,30,0.0009708119920757152,0,9.424759239580186e-07,0.0009712835352489084
s44-138-24,u024,2025-07-17,variable,hazard,60,0.002570216456287966,0,6.606012632173469e-06,0.0025735251331638434
s44-138-24,u024,2025-07-17,variable,hazard,120,0.009543270439008156,0,9.107401067204692e-05,0.009589099248559194
s44-138-24,u024,2025-07-17,variable,hazard_cal,30,0.0020613228958961116,0,4.249052081145532e-06,0.002063450346013865
s44-138-24,u024,2025-07-17,variable,hazard_cal,60,0.005308021311299149,0,2.817509024120594e-05,0.005322158907051647
s44-138-24,u024,2025-07-17,variable,hazard_cal,120,0.018442266757434878,0,0.00034011720315238757,0.018614445556344172
s44-138-34,u034,2025-07-17,variable,empirical,30,0.0011634671320535084,0,1.353655767368816e-06,0.0011641444853737134
s44-138-34,u034,2025-07-17,variable,empirical,60,0.004072134962187279,0,1.6582283150267994e-05,0.004080448681161805
s44-138-34,u034,2025-07-17,variable,empirical,120,0.018615474112856356,0,0.0003465358764464251,0.018790922836881
s44-138-34,u034,2025-07-17,variable,hazard,30,0.0006296897268240897,0,3.9650915206779677e-07,0.0006298880646653615
s44-138-34,u034,2025-07-17,variable,hazard,60,0.0016676258481139739,0,2.7809759692978508e-06,0.0016690178839104657
s44-138-34,u034,2025-07-17,variable,hazard,120,0.006200507805293798,0,3.844629704350931e-05,0.00621981078737583
s44-138-34,u034,2025-07-17,variable,hazard_cal,30,0.0013885731699313508,0,1.9281354482532002e-06,0.0013895381310383215
s44-138-34,u034,2025-07-17,variable,hazard_cal,60,0.0035777707124640123,0,1.2800443270965246e-05,0.0035841862408636078
s44-138-34,u034,2025-07-17,variable,hazard_cal,120,0.012460637072895353,0,0.00015526747626241408,0.012538921809291614
s44-138-46,u046,2025-07-17,regular,empirical,30,0.0011634671320535084,0,1.353655767368816e-06,0.0011641444853737134
s44-138-46,u046,2025-07-17,regular,empirical,60,0.004072134962187279,0,1.6582283150267994e-05,0.004080448681161805
s44-138-46,u046,2025-07-17,regular,empirical,120,0.018615474112856356,0,0.0003465358764464251,0.018790922836881
s44-138-46,u046,2025-07-17,regular,hazard,30,0.00107565673537513,0,1.1570374123578825e-06,0.0010762356692746431
s44-138-46,u046,2025-07-17,regular,hazard,60,0.0028475150254325676,0,8.108341820064237e-06,0.0028515769090248205
s44-138-46,u046,2025-07-17,regular,hazard,120,0.01056839168917989,0,0.00011169090289592657,0.010624633750347789
s44-138-46,u046,2025-07-17,regular,hazard_cal,30,0.002263524626623159,0,5.123543735329511e-06,0.002266090270821212
s44-138-46,u046,2025-07-17,regular,hazard_cal,60,0.005827664947681832,0,3.396167874243949e-05,0.005844712049181097
s44-138-46,u046,2025-07-17,regular,hazard_cal,120,0.020233083655723072,0,0.0004093776742194881,0.020440576071071918
s44-138-56,u056,2025-07-17,new,empirical,30,0.0011634671320535084,0,1.353655767368816e-06,0.0011641444853737134
s44-138-56,u056,2025-07-17,new,empirical,60,0.004072134962187279,0,1.6582283150267994e-05,0.004080448681161805
s44-138-56,u056,2025-07-17,new,empirical,120,0.018615474112856356,0,0.0003465358764464251,0.018790922836881
s44-138-56,u056,2025-07-17,new,hazard,30,0.0027775772428466627,0,7.714935339979669e-06,0.0027814418683727938
s44-138-56,u056,2025-07-17,new,hazard,60,0.007341294988531644,0,5.3894612108639826e-05,0.007368374910449531
s44-138-56,u056,2025-07-17,new,hazard,120,0.02705979532405789,0,0.0007322325229799052,0.027432653282752725
s44-138-56,u056,2025-07-17,new,hazard_cal,30,0.00537672902988684,0,2.8909215060827877e-05,0.0053912356595943066
s44-138-56,u056,2025-07-17,new,hazard_cal,60,0.013805031330404116,0,0.00019057889003343923,0.013901206939463187
s44-138-56,u056,2025-07-17,new,hazard_cal,120,0.047400658204964086,0,0.002246822398263829,0.04856088157190809
s44-138-8,u008,2025-07-17,regular,empirical,30,0.0011634671320535084,0,1.353655767368816e-06,0.0011641444853737134
s44-138-8,u008,2025-07-17,regular,empirical,60,0.004072134962187279,0,1.6582283150267994e-05,0.004080448681161805
s44-138-8,u008,2025-07-17,regular,empirical,120,0.018615474112856356,0,0.0003465358764464251,0.018790922836881
s44-138-8,u008,2025-07-17,regular,hazard,30,0.0017439286398044374,0,3.041287100730155e-06,0.0017454510535996157
s44-138-8,u008,2025-07-17,regular,hazard,60,0.004613725624214804,0,2.128646413553628e-05,0.004624401706615693
s44-138-8,u008,2025-07-17,regular,hazard,120,0.0170772817639131,0,0.0002916335524440789,0.01722478020013001
s44-138-8,u008,2025-07-17,regular,hazard_cal,30,0.003517390419809918,0,1.2372035365370593e-05,0.0035235909816269703
s44-138-8,u008,2025-07-17,regular,hazard_cal,60,0.009045876695453203,0,8.182788518934336e-05,0.009087039059191043
s44-138-8,u008,2025-07-17,regular,hazard_cal,120,0.03126605034610641,0,0.0009775659042452608,0.03176526655103939
s44-138-47,u047,2025-07-17,regular,empirical,30,0.0011634671320535084,0,1.353655767368816e-06,0.0011641444853737134
s44-138-47,u047,2025-07-17,regular,empirical,60,0.004072134962187279,0,1.6582283150267994e-05,0.004080448681161805
s44-138-47,u047,2025-07-17,regular,empirical,120,0.018615474112856356,0,0.0003465358764464251,0.018790922836881
s44-138-47,u047,2025-07-17,regular,hazard,30,0.004557915614678776,0,2.0774594750532604e-05,0.004568334583294848
s44-138-47,u047,2025-07-17,regular,hazard,60,0.012026944539831552,0,0.000144647394964184,0.012099853407600515
s44-138-47,u047,2025-07-17,regular,hazard,120,0.04401403486314204,0,0.0019372352649338828,0.045012046857686276
s44-138-47,u047,2025-07-17,regular,hazard_cal,30,0.00844266373953384,0,7.127857101883952e-05,0.008478504897510529
s44-138-47,u047,2025-07-17,regular,hazard_cal,60,0.021618533029558074,0,0.00046736097035009335,0.021855636969240158
s44-138-47,u047,2025-07-17,regular,hazard_cal,120,0.07342693413620427,0,0.00539151465664248,0.07626237412787379
s44-138-48,u048,2025-07-17,regular,empirical,30,0.0011634671320535084,0,1.353655767368816e-06,0.0011641444853737134
s44-138-48,u048,2025-07-17,regular,empirical,60,0.004072134962187279,0,1.6582283150267994e-05,0.004080448681161805
s44-138-48,u048,2025-07-17,regular,empirical,120,0.018615474112856356,0,0.0003465358764464251,0.018790922836881
s44-138-48,u048,2025-07-17,regular,hazard,30,0.002220057932495245,0,4.928657223635062e-06,0.002222525914492306
s44-138-48,u048,2025-07-17,regular,hazard,60,0.005870775900001068,0,3.4466009668033354e-05,0.005888076650619494
s44-138-48,u048,2025-07-17,regular,hazard,120,0.021688315325360863,0,0.0004703830216522829,0.021926963733759883
s44-138-48,u048,2025-07-17,regular,hazard_cal,30,0.00438347152306362,0,1.9214822593509692e-05,0.004393107102863484
s44-138-48,u048,2025-07-17,regular,hazard_cal,60,0.011264636674524708,0,0.00012689203940904707,0.011328563220486485
s44-138-48,u048,2025-07-17,regular,hazard_cal,120,0.038814933830990106,0,0.0015065990883041402,0.039588311893649863
s44-138-7,u007,2025-07-17,variable,empirical,30,0.0011634671320535084,0,1.353655767368816e-06,0.0011641444853737134
s44-138-7,u007,2025-07-17,variable,empirical,60,0.004072134962187279,0,1.6582283150267994e-05,0.004080448681161805
s44-138-7,u007,2025-07-17,variable,empirical,120,0.018615474112856356,0,0.0003465358764464251,0.018790922836881
s44-138-7,u007,2025-07-17,variable,hazard,30,0.0007126871593058359,0,5.07922987039422e-07,0.0007129412415272858
s44-138-7,u007,2025-07-17,variable,hazard,60,0.001887285067744049,0,3.5618449269296594e-06,0.0018890682341229095
s44-138-7,u007,2025-07-17,variable,hazard,120,0.007014873526803633,0,4.920845059705044e-05,0.0070395934245731
s44-138-7,u007,2025-07-17,variable,hazard_cal,30,0.0015546973301827638,0,2.4170837884774138e-06,0.0015559071261506325
s44-138-7,u007,2025-07-17,variable,hazard_cal,60,0.004005217475558709,0,1.6041767026520875e-05,0.004013259840535249
s44-138-7,u007,2025-07-17,variable,hazard_cal,120,0.01394104715540001,0,0.0001943527957890867,0.014039136263601232
s44-138-29,u029,2025-07-17,regular,empirical,30,0.0011634671320535084,0,1.353655767368816e-06,0.0011641444853737134
s44-138-29,u029,2025-07-17,regular,empirical,60,0.004072134962187279,0,1.6582283150267994e-05,0.004080448681161805
s44-138-29,u029,2025-07-17,regular,empirical,120,0.018615474112856356,0,0.0003465358764464251,0.018790922836881
s44-138-29,u029,2025-07-17,regular,hazard,30,0.0013682047334439007,0,1.8719841926182954e-06,0.0013691415801697956
s44-138-29,u029,2025-07-17,regular,hazard,60,0.0036209750829812037,0,1.3111460551570735e-05,0.0036275466817834484
s44-138-29,u029,2025-07-17,regular,hazard,120,0.013423118181426386,0,0.0001801801017125396,0.01351402262957522
s44-138-29,u029,2025-07-17,regular,hazard_cal,30,0.0028190504761995694,0,7.94704558736102e-06,0.002823031482525374
s44-138-29,u029,2025-07-17,regular,hazard_cal,60,0.007254372880662441,0,5.262592589169068e-05,0.007280813796052797
s44-138-29,u029,2025-07-17,regular,hazard_cal,120,0.025136509712615274,0,0.000631844120532402,0.025457827748256206
s44-138-32,u032,2025-07-17,regular,empirical,30,0.0011634671320535084,0,1.353655767368816e-06,0.0011641444853737134
s44-138-32,u032,2025-07-17,regular,empirical,60,0.004072134962187279,0,1.6582283150267994e-05,0.004080448681161805
s44-138-32,u032,2025-07-17,regular,empirical,120,0.018615474112856356,0,0.0003465358764464251,0.018790922836881
s44-138-32,u032,2025-07-17,regular,hazard,30,0.005398519939673996,0,2.9144017539057725e-05,0.00541314460656145
s44-138-32,u032,2025-07-17,regular,hazard,60,0.014233933184292669,0,0.00020260485389490804,0.014336207279666417
s44-138-32,u032,2025-07-17,regular,hazard,120,0.051915153384056056,0,0.002695183150890067,0.05331128008232954
s44-138-32,u032,2025-07-17,regular,hazard_cal,30,0.009849140486654306,0,9.700556832585302e-05,0.009897964115850455
s44-138-32,u032,2025-07-17,regular,hazard_cal,60,0.02518877312905876,0,0.0006344742917471927,0.025511440195497847
s44-138-32,u032,2025-07-17,regular,hazard_cal,120,0.0851298187101368,0,0.007247086033620759,0.08897310214403821
s44-138-38,u038,2025-07-17,regular,empirical,30,0.0011634671320535084,0,1.353655767368816e-06,0.0011641444853737134
s44-138-38,u038,2025-07-17,regular,empirical,60,0.004072134962187279,0,1.6582283150267994e-05,0.004080448681161805
s44-138-38,u038,2025-07-17,regular,empirical,120,0.018615474112856356,0,0.0003465358764464251,0.018790922836881
s44-138-38,u038,2025-07-17,regular,hazard,30,0.001372148263965478,0,1.8827908583034753e-06,0.0013730905214378983
s44-138-38,u038,2025-07-17,regular,hazard,60,0.00363139841133997,0,1.3187054421882458e-05,0.0036380079446350203
s44-138-38,u038,2025-07-17,regular,hazard,120,0.013461542822860384,0,0.0001812131351717039,0.013552970825536652
s44-138-38,u038,2025-07-17,regular,hazard_cal,30,0.0028264616649386065,0,7.988885543367519e-06,0.002830463650461605
s44-138-38,u038,2025-07-17,regular,hazard_cal,60,0.00727339694072382,0,5.290230305733062e-05,0.007299977055828281
s44-138-38,u038,2025-07-17,regular,hazard_cal,120,0.025201761095733355,0,0.0006351287623264192,0.025524763855341304
s44-138-51,u051,2025-07-17,regular,empirical,30,0.0011634671320535084,0,1.353655767368816e-06,0.0011641444853737134
s44-138-51,u051,2025-07-17,regular,empirical,60,0.004072134962187279,0,1.6582283150267994e-05,0.004080448681161805
s44-138-51,u051,2025-07-17,regular,empirical,120,0.018615474112856356,0,0.0003465358764464251,0.018790922836881
s44-138-51,u051,2025-07-17,regular,hazard,30,0.0008100483351761723,0,6.561783053216883e-07,0.00081037660161526
s44-138-51,u051,2025-07-17,regular,hazard,60,0.0021449159344042457,0,4.600664365661238e-06,0.002147219561233803
s44-138-51,u051,2025-07-17,regular,hazard,120,0.00796931578654636,0,6.350999410569703e-05,0.008001240508850456
s44-138-51,u051,2025-07-17,regular,hazard_cal,30,0.0017474250685615145,0,3.0534943702372135e-06,0.0017489535966650565
s44-138-51,u051,2025-07-17,regular,hazard_cal,60,0.004500960042947311,0,2.0258641308208257e-05,0.00451111986102041
s44-138-51,u051,2025-07-17,regular,hazard_cal,120,0.015655780449762124,0,0.0002451034614911539,0.015779626485355202
s44-138-6,u006,2025-07-17,variable,empirical,30,0.0011634671320535084,0,1.353655767368816e-06,0.0011641444853737134
s44-138-6,u006,2025-07-17,variable,empirical,60,0.004072134962187279,0,1.6582283150267994e-05,0.004080448681161805
s44-138-6,u006,2025-07-17,variable,empirical,120,0.018615474112856356,0,0.0003465358764464251,0.018790922836881
s44-138-6,u006,2025-07-17,variable,hazard,30,0.0006843389456878679,0,4.683197925851826e-07,0.0006845732124688457
s44-138-6,u006,2025-07-17,variable,hazard,60,0.0018122631003824052,0,3.284297545007648e-06,0.0018139072358592278
s44-138-6,u006,2025-07-17,variable,hazard,120,0.006736798465026617,0,4.538445355838498e-05,0.006759593124839548
s44-138-6,u006,2025-07-17,variable,hazard_cal,30,0.0014981583306952206,0,2.2444783838314902e-06,0.0014992816920093982
s44-138-6,u006,2025-07-17,variable,hazard_cal,60,0.0038597535037842023,0,1.4897697109974426e-05,0.003867221575142621
s44-138-6,u006,2025-07-17,variable,hazard_cal,120,0.013437448570306154,0,0.00018056502407962292,0.013528548099634302
s44-138-16,u016,2025-07-17,regular,empirical,30,0.0011634671320535084,0,1.353655767368816e-06,0.0011641444853737134
s44-138-16,u016,2025-07-17,regular,empirical,60,0.004072134962187279,0,1.6582283150267994e-05,0.004080448681161805
s44-138-16,u016,2025-07-17,regular,empirical,120,0.018615474112856356,0,0.0003465358764464251,0.018790922836881
s44-138-16,u016,2025-07-17,regular,hazard,30,0.0017608987265019804,0,3.1007643249962965e-06,0.0017624509311155382
s44-138-16,u016,2025-07-17,regular,hazard,60,0.0046585482187812,0,2.1702071506709492e-05,0.004669433072768912
s44-138-16,u016,2025-07-17,regular,hazard,120,0.01724200389978736,0,0.0002972866984802826,0.0173923782592232
s44-138-16,u016,2025-07-17,regular,hazard_cal,30,0.0035485928638088193,0,1.2592511313074879e-05,0.0035549040544529944
s44-138-16,u016,2025-07-17,regular,hazard_cal,60,0.009125871191094204,0,8.328152499644313e-05,0.009167767039124862
s44-138-16,u016,2025-07-17,regular,hazard_cal,120,0.031539031408377105,0,0.0009947105021785975,0.03204709783348443
s44-138-20,u020,2025-07-17,variable,empirical,30,0.0011634671320535084,0,1.353655767368816e-06,0.0011641444853737134
s44-138-20,u020,2025-07-17,variable,empirical,60,0.004072134962187279,0,1.6582283150267994e-05,0.004080448681161805
s44-138-20,u020,2025-07-17,variable,empirical,120,0.018615474112856356,0,0.0003465358764464251,0.018790922836881
s44-138-20,u020,2025-07-17,variable,hazard,30,0.00035135685593779,0,1.234516402144889e-07,0.0003514185962202351
s44-138-20,u020,2025-07-17,variable,hazard,60,0.0009307490103352967,0,8.662937202401342e-07,0.0009311824261505137
s44-138-20,u020,2025-07-17,variable,hazard,120,0.0034645916040948466,0,1.2003394983164503e-05,0.0034706071999940874
s44-138-20,u020,2025-07-17,variable,hazard_cal,30,0.0008152295544412436,0,6.645992264344685e-07,0.0008155620347652663
s44-138-20,u020,2025-07-17,variable,hazard_cal,60,0.0021015646129681764,0,4.416573822480081e-06,0.002103775998669246
s44-138-20,u020,2025-07-17,variable,hazard_cal,120,0.007334375413837968,0,5.3793062711110866e-05,0.007361404185726578
s44-138-59,u059,2025-07-17,new,empirical,30,0.0011634671320535084,0,1.353655767368816e-06,0.0011641444853737134
s44-138-59,u059,2025-07-17,new,empirical,60,0.004072134962187279,0,1.6582283150267994e-05,0.004080448681161805
s44-138-59,u059,2025-07-17,new,empirical,120,0.018615474112856356,0,0.0003465358764464251,0.018790922836881
s44-138-59,u059,2025-07-17,new,hazard,30,0.0007357777002648946,0,5.413688242070971e-07,0.0007360485175260142
s44-138-59,u059,2025-07-17,new,hazard,60,0.001948389980306664,0,3.7962235153594025e-06,0.0019502905611807502
s44-138-59,u059,2025-07-17,new,hazard,120,0.00724131654943827,0,5.243666536916858e-05,0.007267662143694399
s44-138-59,u059,2025-07-17,new,hazard_cal,30,0.0016006039667391114,0,2.5619330583409785e-06,0.001601886301791333
s44-138-59,u059,2025-07-17,new,hazard_cal,60,0.004123315767214808,0,1.700173291616224e-05,0.0041318400740146186
s44-138-59,u059,2025-07-17,new,hazard_cal,120,0.014349754934931847,0,0.0002059154666926009,0.014453708337230396
s44-138-9,u009,2025-07-17,variable,empirical,30,0.0011634671320535084,0,1.353655767368816e-06,0.0011641444853737134
s44-138-9,u009,2025-07-17,variable,empirical,60,0.004072134962187279,0,1.6582283150267994e-05,0.004080448681161805
s44-138-9,u009,2025-07-17,variable,empirical,120,0.018615474112856356,0,0.0003465358764464251,0.018790922836881
s44-138-9,u009,2025-07-17,variable,hazard,30,0.00042621712826607094,0,1.8166104042737636e-07,0.00042630798460355327
s44-138-9,u009,2025-07-17,variable,hazard,60,0.0011289764645321387,0,1.2745878574674876e-06,0.001129614238527281
s44-138-9,u009,2025-07-17,variable,hazard,120,0.004201189873648592,0,1.7649996354447474e-05,0.004210039666964399
s44-138-9,u009,2025-07-17,variable,hazard_cal,30,0.0009724227007189556,0,9.456059088735476e-07,0.0009728958104066596
s44-138-9,u009,2025-07-17,variable,hazard_cal,60,0.002506443113106882,0,6.282257079240918e-06,0.0025095895002396804
s44-138-9,u009,2025-07-17,variable,hazard_cal,120,0.008742454936507604,0,7.643051831686618e-05,0.008780894396481791
s44-138-26,u026,2025-07-17,regular,empirical,30,0.0011634671320535084,0,1.353655767368816e-06,0.0011641444853737134
s44-138-26,u026,2025-07-17,regular,empirical,60,0.004072134962187279,0,1.6582283150267994e-05,0.004080448681161805
s44-138-26,u026,2025-07-17,regular,empirical,120,0.018615474112856356,0,0.0003465358764464251,0.018790922836881
s44-138-26,u026,2025-07-17,regular,hazard,30,0.004823122601817054,0,2.3262511632158506e-05,0.004834791392758562
s44-138-26,u026,2025-07-17,regular,hazard,60,0.012723612604404688,0,0.00016189031770696586,0.012805250992680794
s44-138-26,u026,2025-07-17,regular,hazard,120,0.04651395543759329,0,0.0021635480504504146,0.04763049006092943
s44-138-26,u026,2025-07-17,regular,hazard_cal,30,0.00888879464942538,0,7.901067031965326e-05,0.008928535659645402
s44-138-26,u026,2025-07-17,regular,hazard_cal,60,0.022751966824489323,0,0.0005176519943826627,0.023014786922496807
s44-138-26,u026,2025-07-17,regular,hazard_cal,120,0.07715499707558915,0,0.00595289357373417,0.08029398607319758
s44-138-10,u010,2025-07-17,variable,empirical,30,0.0011634671320535084,0,1.353655767368816e-06,0.0011641444853737134
s44-138-10,u010,2025-07-17,variable,empirical,60,0.004072134962187279,0,1.6582283150267994e-05,0.004080448681161805
s44-138-10,u010,2025-07-17,variable,empirical,120,0.018615474112856356,0,0.0003465358764464251,0.018790922836881
s44-138-10,u010,2025-07-17,variable,hazard,30,0.0009644941383406547,0,9.302489428934819e-07,0.0009649595621018268
s44-138-10,u010,2025-07-17,variable,hazard,60,0.0025535049596071557,0,6.5203875787383424e-06,0.0025567707139944875
s44-138-10,u010,2025-07-17,variable,hazard,120,0.009481463238055099,0,8.989814513459028e-05,0.00952669846847491
s44-138-10,u010,2025-07-17,variable,hazard_cal,30,0.0020490787079918693,0,4.198723551545629e-06,0.0020511809420205424
s44-138-10,u010,2025-07-17,variable,hazard_cal,60,0.005276548700174244,0,2.7841966185310503e-05,0.005290518847712494
s44-138-10,u010,2025-07-17,variable,hazard_cal,120,0.018333721047098628,0,0.0003361253274328272,0.01850386651923728
s44-139-13,u013,2025-07-18,regular,empirical,30,0.0011634671320535084,0,1.353655767368816e-06,0.0011641444853737134
s44-139-13,u013,2025-07-18,regular,empirical,60,0.004072134962187279,0,1.6582283150267994e-05,0.004080448681161805
s44-139-13,u013,2025-07-18,regular,empirical,120,0.018615474112856356,0,0.0003465358764464251,0.018790922836881
s44-139-13,u013,2025-07-18,regular,hazard,30,0.0018846714616744809,0,3.5519865184502243e-06,0.0018864496895351624
s44-139-13,u013,2025-07-18,regular,hazard,60,0.00498542280495573,0,2.485444054417266e-05,0.004997891483580363
s44-139-13,u013,2025-07-18,regular,hazard,120,0.018442575146388585,0,0.00034012857803018994,0.018614759739597697
s44-139-13,u013,2025-07-18,regular,hazard_cal,30,0.0037753772024097243,0,1.4253473020475076e-05,0.003782521927276587
s44-139-13,u013,2025-07-18,regular,hazard_cal,60,0.00970715169068015,0,9.422879394587448e-05,0.009754573222530344
s44-139-13,u013,2025-07-18,regular,hazard_cal,120,0.03352081473700186,0,0.001123645020632401,0.03409551676535027
s44-139-14,u014,2025-07-18,variable,empirical,30,0.0011634671320535084,0,1.353655767368816e-06,0.0011641444853737134
s44-139-14,u014,2025-07-18,variable,empirical,60,0.004072134962187279,0,1.6582283150267994e-05,0.004080448681161805
s44-139-14,u014,2025-07-18,variable,empirical,120,0.018615474112856356,0,0.0003465358764464251,0.018790922836881
s44-139-14,u014,2025-07-18,variable,hazard,30,0.0018621783241908885,0,3.4677081110863857e-06,0.0018639143337541267
s44-139-14,u014,2025-07-18,variable,hazard,60,0.004926025689255931,0,2.4265729091209368e-05,0.0049381985461254005
s44-139-14,u014,2025-07-18,variable,hazard,120,0.018224506364794002,0,0.0003321326322404171,0.018392618318305604
s44-139-14,u014,2025-07-18,variable,hazard_cal,30,0.0037342651893079726,0,1.3944736504077309e-05,0.0037412549641009808
s44-139-14,u014,2025-07-18,variable,hazard_cal,60,0.009601793009761606,0,9.219442900230683e-05,0.009648187442944966
s44-139-14,u014,2025-07-18,variable,hazard_cal,120,0.0331618503930895,0,0.00109970832149365,0.03372417126343706
s44-139-43,u043,2025-07-18,regular,empirical,30,0.0011634671320535084,0,1.353655767368816e-06,0.0011641444853737134
s44-139-43,u043,2025-07-18,regular,empirical,60,0.004072134962187279,0,1.6582283150267994e-05,0.004080448681161805
s44-139-43,u043,2025-07-18,regular,empirical,120,0.018615474112856356,0,0.0003465358764464251,0.018790922836881
s44-139-43,u043,2025-07-18,regular,hazard,30,0.0008388897332336498,0,7.037359845248241e-07,0.0008392417981354372
s44-139-43,u043,2025-07-18,regular,hazard,60,0.0022212252437960878,0,4.933841583676989e-06,0.0022236958237422835
s44-139-43,u043,2025-07-18,regular,hazard,120,0.008251873109690222,0,6.809340981842857e-05,0.008286108280875337
s44-139-43,u043,2025-07-18,regular,hazard_cal,30,0.0018041150567086328,0,3.2548311378427935e-06,0.0018057444322931515
s44-139-43,u043,2025-07-18,regular,hazard_cal,60,0.00464674843598456,0,2.1592271027324955e-05,0.004657578133106945
s44-139-43,u043,2025-07-18,regular,hazard_cal,120,0.016159599181447715,0,0.00026113264570504566,0.01629158937488909
s44-139-15,u015,2025-07-18,regular,empirical,30,0.0011634671320535084,0,1.353655767368816e-06,0.0011641444853737134
s44-139-15,u015,2025-07-18,regular,empirical,60,0.004072134962187279,0,1.6582283150267994e-05,0.004080448681161805
s44-139-15,u015,2025-07-18,regular,empirical,120,0.018615474112856356,0,0.0003465358764464251,0.018790922836881
s44-139-15,u015,2025-07-18,regular,hazard,30,0.0028102817483225406,0,7.897683504954796e-06,0.0028142380039421116
s44-139-15,u015,2025-07-18,regular,hazard,60,0.007427509457525905,0,5.516789674163676e-05,0.007455230758011815
s44-139-15,u015,2025-07-18,regular,hazard,120,0.02737396370580014,0,0.0007493338889664634,0.02775561158441024
s44-139-15,u015,2025-07-18,regular,hazard_cal,30,0.005434400145993612,0,2.953270494677539e-05,0.005449220214976459
s44-139-15,u015,2025-07-18,regular,hazard_cal,60,0.013952396479235185,0,0.0001946693675137744,0.014050646112091586
s44-139-15,u015,2025-07-18,regular,hazard_cal,120,0.04789683002776801,0,0.0022941063267088993,0.04908187824300174
s44-139-48,u048,2025-07-18,regular,empirical,30,0.0011634671320535084,0,1.353655767368816e-06,0.0011641444853737134
s44-139-48,u048,2025-07-18,regular,empirical,60,0.004072134962187279,0,1.6582283150267994e-05,0.004080448681161805
s44-139-48,u048,2025-07-18,regular,empirical,120,0.018615474112856356,0,0.0003465358764464251,0.018790922836881
s44-139-48,u048,2025-07-18,regular,hazard,30,0.002137350468100041,0,4.568267023487464e-06,0.0021396378615005413
s44-139-48,u048,2025-07-18,regular,hazard,60,0.005652496001365637,0,3.1950711045454514e-05,0.00566853181368202
s44-139-48,u048,2025-07-18,regular,hazard,120,0.02088891329831477,0,0.0004363466987845117,0.02111017332631285
s44-139-48,u048,2025-07-18,regular,hazard_cal,30,0.004234327913942737,0,1.792953288279465e-05,0.004243318067531566
s44-139-48,u048,2025-07-18,regular,hazard_cal,60,0.010882796405200623,0,0.0001184352575970476,0.010942447207135138
s44-139-48,u048,2025-07-18,regular,hazard_cal,120,0.03751913991087097,0,0.0014076858596515109,0.03824109863960348
s44-139-11,u011,2025-07-18,variable,empirical,30,0.0011634671320535084,0,1.353655767368816e-06,0.0011641444853737134
s44-139-11,u011,2025-07-18,variable,empirical,60,0.004072134962187279,0,1.6582283150267994e-05,0.004080448681161805
s44-139-11,u011,2025-07-18,variable,empirical,120,0.018615474112856356,0,0.0003465358764464251,0.018790922836881
s44-139-11,u011,2025-07-18,variable,hazard,30,0.0003160964102953967,0,9.991694060163578e-08,0.0003161463792959894
s44-139-11,u011,2025-07-18,variable,hazard,60,0.0008373710092417497,0,7.011902071185464e-07,0.0008377218001870921
s44-139-11,u011,2025-07-18,variable,hazard,120,0.003117450666656141,0,9.718498659034816e-06,0.003122320038637045
s44-139-11,u011,2025-07-18,variable,hazard_cal,30,0.0007402018516836639,0,5.478987812359248e-07,0.0007404759363346054
s44-139-11,u011,2025-07-18,variable,hazard_cal,60,0.0019082781084520661,0,3.6415253391973954e-06,0.001910101190789606
s44-139-11,u011,2025-07-18,variable,hazard_cal,120,0.006661606029953249,0,4.4376994898309485e-05,0.006683893563055837
s44-139-38,u038,2025-07-18,regular,empirical,30,0.0011634671320535084,0,1.353655767368816e-06,0.0011641444853737134
s44-139-38,u038,2025-07-18,regular,empirical,60,0.004072134962187279,0,1.6582283150267994e-05,0.004080448681161805
s44-139-38,u038,2025-07-18,regular,empirical,120,0.018615474112856356,0,0.0003465358764464251,0.018790922836881
s44-139-38,u038,2025-07-18,regular,hazard,30,0.0010933665854659935,0,1.1954504902135658e-06,0.0010939647467572288
s44-139-38,u038,2025-07-18,regular,hazard,60,0.0028943495856093016,0,8.377259523716736e-06,0.002898546315195712
s44-139-38,u038,2025-07-18,regular,hazard,120,0.010741444157998381,0,0.00011537862259939755,0.010799549937222156
s44-139-38,u038,2025-07-18,regular,hazard_cal,30,0.0022975031894922893,0,5.2785209057272424e-06,0.0023001464993965483
s44-139-38,u038,2025-07-18,regular,hazard_cal,60,0.005914969196694875,0,3.498686059784921e-05,0.0059325319165367315
s44-139-38,u038,2025-07-18,regular,hazard_cal,120,0.02053370003617727,0,0.0004216328371757065,0.020747447535184555
s44-139-47,u047,2025-07-18,regular,empirical,30,0.0011634671320535084,0,1.353655767368816e-06,0.0011641444853737134
s44-139-47,u047,2025-07-18,regular,empirical,60,0.004072134962187279,0,1.6582283150267994e-05,0.004080448681161805
s44-139-47,u047,2025-07-18,regular,empirical,120,0.018615474112856356,0,0.0003465358764464251,0.018790922836881
s44-139-47,u047,2025-07-18,regular,hazard,30,0.004377775416384622,0,1.916491759630155e-05,0.004387385933897423
s44-139-47,u047,2025-07-18,regular,hazard,60,0.011553541010783208,0,0.00013348430988784947,0.011620801733964618
s44-139-47,u047,2025-07-18,regular,hazard,120,0.04231220601770669,0,0.0017903227780848541,0.043233447672785245
s44-139-47,u047,2025-07-18,regular,hazard_cal,30,0.008138277101475855,0,6.623155418040625e-05,0.008171573652656344
s44-139-47,u047,2025-07-18,regular,hazard_cal,60,0.020844699129128785,0,0.00043450148178390233,0.021065016886439206
s44-139-47,u047,2025-07-18,regular,hazard_cal,120,0.07087480583176065,0,0.005023238101689773,0.0735117869570276
s44-139-49,u049,2025-07-18,variable,empirical,30,0.0011634671320535084,0,1.353655767368816e-06,0.0011641444853737134
s44-139-49,u049,2025-07-18,variable,empirical,60,0.004072134962187279,0,1.6582283150267994e-05,0.004080448681161805
s44-139-49,u049,2025-07-18,variable,empirical,120,0.018615474112856356,0,0.0003465358764464251,0.018790922836881
s44-139-49,u049,2025-07-18,variable,hazard,30,0.0006765939069307558,0,4.577793148958243e-07,0.0006768228998841877
s44-139-49,u049,2025-07-18,variable,hazard,60,0.0017917656003957338,0,3.2104239667614844e-06,0.0017933727324019278
s44-139-49,u049,2025-07-18,variable,hazard,120,0.006660811660151533,0,4.4366411972010625e-05,0.006683093866307065
s44-139-49,u049,2025-07-18,variable,hazard_cal,30,0.001482675795823618,0,2.198327515521199e-06,0.001483776047259974
s44-139-49,u049,2025-07-18,variable,hazard_cal,60,0.003819917392773986,0,1.4591768887617207e-05,0.003827231910394833
s44-139-49,u049,2025-07-18,variable,hazard_cal,120,0.01329949964785948,0,0.00017687669088341446,0.013388730022620355
s44-139-9,u009,2025-07-18,variable,empirical,30,0.0011634671320535084,0,1.353655767368816e-06,0.0011641444853737134
s44-139-9,u009,2025-07-18,variable,empirical,60,0.004072134962187279,0,1.6582283150267994e-05,0.004080448681161805
s44-139-9,u009,2025-07-18,variable,empirical,120,0.018615474112856356,0,0.0003465358764464251,0.018790922836881
s44-139-9,u009,2025-07-18,variable,hazard,30,0.0005998025977272947,0,3.5976315624041093e-07,0.0005999825512667464
s44-139-9,u009,2025-07-18,variable,hazard,60,0.0015885189282915935,0,2.5233923855406726e-06,0.001589781962230456
s44-139-9,u009,2025-07-18,variable,hazard,120,0.005907091844797208,0,3.489373406286968e-05,0.00592460772449803
s44-139-9,u009,2025-07-18,variable,hazard_cal,30,0.0013282923542115022,0,1.7643605782567348e-06,0.0013291753164752559
s44-139-9,u009,2025-07-18,variable,hazard_cal,60,0.0034226338737741724,0,1.1714422633906398e-05,0.0034285044842188275
s44-139-9,u009,2025-07-18,variable,hazard_cal,120,0.011922902436481753,0,0.00014215560250986251,0.011994550307588869
s44-139-5,u005,2025-07-18,regular,empirical,30,0.0011634671320535084,0,1.353655767368816e-06,0.0011641444853737134
s44-139-5,u005,2025-07-18,regular,empirical,60,0.004072134962187279,0,1.6582283150267994e-05,0.004080448681161805
s44-139-5,u005,2025-07-18,regular,empirical,120,0.018615474112856356,0,0.0003465358764464251,0.018790922836881
s44-139-5,u005,2025-07-18,regular,hazard,30,0.0030812386673892966,0,9.494031725414968e-06,0.0030859954569677404
s44-139-5,u005,2025-07-18,regular,hazard,60,0.008141595047862826,0,6.62855699233845e-05,0.008174918828561343
s44-139-5,u005,2025-07-18,regular,hazard,120,0.02997291123267265,0,0.0008983754077616743,0.030431281310392782
s44-139-5,u005,2025-07-18,regular,hazard_cal,30,0.005909944486510055,0,3.4927443833630594e-05,0.005927477321275567
s44-139-5,u005,2025-07-18,regular,hazard_cal,60,0.015166967733542092,0,0.00023003691023030693,0.015283162567940824
s44-139-5,u005,2025-07-18,regular,hazard_cal,120,0.05197842723501278,0,0.0027017568978255184,0.053378020904820786
s44-139-19,u019,2025-07-18,variable,empirical,30,0.0011634671320535084,0,1.353655767368816e-06,0.0011641444853737134
s44-139-19,u019,2025-07-18,variable,empirical,60,0.004072134962187279,0,1.6582283150267994e-05,0.004080448681161805
s44-139-19,u019,2025-07-18,variable,empirical,120,0.018615474112856356,0,0.0003465358764464251,0.018790922836881
s44-139-19,u019,2025-07-18,variable,hazard,30,0.0007452334807306338,0,5.553729408018959e-07,0.0007455113052390271
s44-139-19,u019,2025-07-18,variable,hazard,60,0.001973412225874549,0,3.894355813231142e-06,0.0019753619693017865
s44-139-19,u019,2025-07-18,variable,hazard,120,0.007334031903681537,0,5.378802396421863e-05,0.0073610581375825835
s44-139-19,u019,2025-07-18,variable,hazard_cal,30,0.0016193663919268353,0,2.6223475113021366e-06,0.0016206789829177025
s44-139-19,u019,2025-07-18,variable,hazard_cal,60,0.004171580774975259,0,1.740208616214318e-05,0.00418030609208738
s44-139-19,u019,2025-07-18,variable,hazard_cal,120,0.014516748914158217,0,0.00021073599903671377,0.014623147880469851
s44-139-23,u023,2025-07-18,variable,empirical,30,0.0011634671320535084,0,1.353655767368816e-06,0.0011641444853737134
s44-139-23,u023,2025-07-18,variable,empirical,60,0.004072134962187279,0,1.6582283150267994e-05,0.004080448681161805
s44-139-23,u023,2025-07-18,variable,empirical,120,0.018615474112856356,0,0.0003465358764464251,0.018790922836881
s44-139-23,u023,2025-07-18,variable,hazard,30,0.0008841880866456986,0,7.817885725661814e-07,0.0008845792115009356
s44-139-23,u023,2025-07-18,variable,hazard,60,0.00234106854005256,0,5.480601909223825e-06,0.0023438131253520826
s44-139-23,u023,2025-07-18,variable,hazard,120,0.008695493974509083,0,7.561161546072377e-05,0.00873352038164931
s44-139-23,u023,2025-07-18,variable,hazard_cal,30,0.0018928088842654622,0,3.582725472354264e-06,0.0018946025106870213
s44-139-23,u023,2025-07-18,variable,hazard_cal,60,0.004874811191399431,0,2.3763784151793136e-05,0.0048867318398611555
s44-139-23,u023,2025-07-18,variable,hazard_cal,120,0.016947332148349648,0,0.0002872120669464855,0.017092581580887573
s44-139-8,u008,2025-07-18,regular,empirical,30,0.0011634671320535084,0,1.353655767368816e-06,0.0011641444853737134
s44-139-8,u008,2025-07-18,regular,empirical,60,0.004072134962187279,0,1.6582283150267994e-05,0.004080448681161805
s44-139-8,u008,2025-07-18,regular,empirical,120,0.018615474112856356,0,0.0003465358764464251,0.018790922836881
s44-139-8,u008,2025-07-18,regular,hazard,30,0.0035532198643496438,0,1.2625371404408901e-05,0.0035595475435889518
s44-139-8,u008,2025-07-18,regular,hazard,60,0.009384605696815207,0,8.807082408469644e-05,0.009428918565967271
s44-139-8,u008,2025-07-18,regular,hazard,120,0.034483291143411865,0,0.0011890973680813073,0.03509187135281306
s44-139-8,u008,2025-07-18,regular,hazard_cal,30,0.006729479204143574,0,4.5285890359000826e-05,0.006752224248287592
s44-139-8,u008,2025-07-18,regular,hazard_cal,60,0.01725772019751548,0,0.00029782890641573374,0.017408370419510467
s44-139-8,u008,2025-07-18,regular,hazard_cal,120,0.05897191167806881,0,0.0034776863669659487,0.06078229040342138
s44-139-26,u026,2025-07-18,regular,empirical,30,0.0011634671320535084,0,1.353655767368816e-06,0.0011641444853737134
s44-139-26,u026,2025-07-18,regular,empirical,60,0.004072134962187279,0,1.6582283150267994e-05,0.004080448681161805
s44-139-26,u026,2025-07-18,regular,empirical,120,0.018615474112856356,0,0.0003465358764464251,0.018790922836881
s44-139-26,u026,2025-07-18,regular,hazard,30,0.004638155048176884,0,2.1512482250928715e-05,0.0046489446648394165
s44-139-26,u026,2025-07-18,regular,hazard,60,0.01223776051607428,0,0.00014976278244878665,0.012313258490338354
s44-139-26,u026,2025-07-18,regular,hazard,120,0.04477109326406847,0,0.0020044507920599173,0.045804274305958785
s44-139-26,u026,2025-07-18,regular,hazard_cal,30,0.008577888161444336,0,7.358016531024689e-05,0.008614889994441046
s44-139-26,u026,2025-07-18,regular,hazard_cal,60,0.0219621767566317,0,0.00048233720788953377,0.022206935622168675
s44-139-26,u026,2025-07-18,regular,hazard_cal,120,0.07455849782510404,0,0.005558969597936044,0.07748435569242057
s44-139-55,u055,2025-07-18,new,empirical,30,0.0011634671320535084,0,1.353655767368816e-06,0.0011641444853737134
s44-139-55,u055,2025-07-18,new,empirical,60,0.004072134962187279,0,1.6582283150267994e-05,0.004080448681161805
s44-139-55,u055,2025-07-18,new,empirical,120,0.018615474112856356,0,0.0003465358764464251,0.018790922836881
s44-139-55,u055,2025-07-18,new,hazard,30,0.0015057952280398412,0,2.2674192687875574e-06,0.0015069300770507877
s44-139-55,u055,2025-07-18,new,hazard,60,0.003984601775777308,0,1.5877051311527676e-05,0.003992561452563769
s44-139-55,u055,2025-07-18,new,hazard,120,0.014762867168353733,0,0.00021794224703045655,0.014872922792713697
s44-139-55,u055,2025-07-18,new,hazard_cal,30,0.0030765474842039398,0,9.46514442256159e-06,0.003081289785523147
s44-139-55,u055,2025-07-18,new,hazard_cal,60,0.00791520599039297,0,6.265048587035277e-05,0.007946697518020846
s44-139-55,u055,2025-07-18,new,hazard_cal,120,0.0274010943359021,0,0.0007508199708050061,0.02778350617851965
s44-139-6,u006,2025-07-18,variable,empirical,30,0.0011634671320535084,0,1.353655767368816e-06,0.0011641444853737134
s44-139-6,u006,2025-07-18,variable,empirical,60,0.004072134962187279,0,1.6582283150267994e-05,0.004080448681161805
s44-139-6,u006,2025-07-18,variable,empirical,120,0.018615474112856356,0,0.0003465358764464251,0.018790922836881
s44-139-6,u006,2025-07-18,variable,hazard,30,0.0004495998169129489,0,2.021399953681572e-07,0.0004497009172148868
s44-139-6,u006,2025-07-18,variable,hazard,60,0.0011908873844426182,0,1.4182127624245803e-06,0.0011915970543043709
s44-139-6,u006,2025-07-18,variable,hazard,120,0.0044311543392689945,0,1.963512877842244e-05,0.004441001002481081
s44-139-6,u006,2025-07-18,variable,hazard_cal,30,0.0010210072467314868,0,1.0424557978782112e-06,0.0010215288296873011
s44-139-6,u006,2025-07-18,variable,hazard_cal,60,0.0026315584603358033,0,6.925099930164944e-06,0.0026350270969172037
s44-139-6,u006,2025-07-18,variable,hazard_cal,120,0.009177257438374387,0,8.422205409019801e-05,0.009219627894368743
s44-139-32,u032,2025-07-18,regular,empirical,30,0.0011634671320535084,0,1.353655767368816e-06,0.0011641444853737134
s44-139-32,u032,2025-07-18,regular,empirical,60,0.004072134962187279,0,1.6582283150267994e-05,0.004080448681161805
s44-139-32,u032,2025-07-18,regular,empirical,120,0.018615474112856356,0,0.0003465358764464251,0.018790922836881
s44-139-32,u032,2025-07-18,regular,hazard,30,0.005172739934129145,0,2.6757238426134387e-05,0.005186164869152133
s44-139-32,u032,2025-07-18,regular,hazard,60,0.013641491694312058,0,0.00018609029564598485,0.013735391778175357
s44-139-32,u032,2025-07-18,regular,hazard,120,0.04979947067407042,0,0.0024799872794176,0.051082233161559694
s44-139-32,u032,2025-07-18,regular,hazard_cal,30,0.009473496285212102,0,8.97471318659275e-05,0.009518655286537843
s44-139-32,u032,2025-07-18,regular,hazard_cal,60,0.024236097104917698,0,0.000587388402879,0.024534624603671375
s44-139-32,u032,2025-07-18,regular,hazard_cal,120,0.08201857110514266,0,0.006727046006129342,0.08557811852830406
s44-139-57,u057,2025-07-18,new,empirical,30,0.0011634671320535084,0,1.353655767368816e-06,0.0011641444853737134
s44-139-57,u057,2025-07-18,new,empirical,60,0.004072134962187279,0,1.6582283150267994e-05,0.004080448681161805
s44-139-57,u057,2025-07-18,new,empirical,120,0.018615474112856356,0,0.0003465358764464251,0.018790922836881
s44-139-57,u057,2025-07-18,new,hazard,30,0.002194995165875291,0,4.818003778215895e-06,0.002197407698742899
s44-139-57,u057,2025-07-18,new,hazard,60,0.005804634285455634,0,3.369377918788704e-05,0.005821546653546934
s44-139-57,u057,2025-07-18,new,hazard,120,0.02144614292717517,0,0.00045993704645282563,0.021679453218340666
s44-139-57,u057,2025-07-18,new,hazard_cal,30,0.004338330082450548,0,1.8821107904295377e-05,0.004347767942662562
s44-139-57,u057,2025-07-18,new,hazard_cal,60,0.011149075314236923,0,0.00012430188036252713,0.01121169210227547
s44-139-57,u057,2025-07-18,new,hazard_cal,120,0.03842291694057076,0,0.0014763205462219996,0.0391805475781224
s44-139-46,u046,2025-07-18,regular,empirical,30,0.0011634671320535084,0,1.353655767368816e-06,0.0011641444853737134
s44-139-46,u046,2025-07-18,regular,empirical,60,0.004072134962187279,0,1.6582283150267994e-05,0.004080448681161805
s44-139-46,u046,2025-07-18,regular,empirical,120,0.018615474112856356,0,0.0003465358764464251,0.018790922836881
s44-139-46,u046,2025-07-18,regular,hazard,30,0.0012330463449262696,0,1.520403288736033e-06,0.001233807172058354
s44-139-46,u046,2025-07-18,regular,hazard,60,0.0032636855402905507,0,1.0651643305901623e-05,0.00326902297825355
s44-139-46,u046,2025-07-18,regular,hazard,120,0.012105258616674996,0,0.00014653728617658424,0.012179123971157007
s44-139-46,u046,2025-07-18,regular,hazard_cal,30,0.002563856990401847,0,6.573362667232417e-06,0.0025671493002805495
s44-139-46,u046,2025-07-18,regular,hazard_cal,60,0.006599155460719097,0,4.354885279473868e-05,0.006621026158975594
s44-139-46,u046,2025-07-18,regular,hazard_cal,120,0.022887033406832513,0,0.0005238162981654674,0.02315300763256441
s44-139-40,u040,2025-07-18,variable,empirical,30,0.0011634671320535084,0,1.353655767368816e-06,0.0011641444853737134
s44-139-40,u040,2025-07-18,variable,empirical,60,0.004072134962187279,0,1.6582283150267994e-05,0.004080448681161805
s44-139-40,u040,2025-07-18,variable,empirical,120,0.018615474112856356,0,0.0003465358764464251,0.018790922836881
s44-139-40,u040,2025-07-18,variable,hazard,30,0.00035627772281587866,0,1.2693381577486808e-07,0.0003563412048023589
s44-139-40,u040,2025-07-18,variable,hazard,60,0.0009437801440350668,0,8.907209602748515e-07,0.0009442257849286188
s44-139-40,u040,2025-07-18,variable,hazard,120,0.0035130280793634894,0,1.2341366286396328e-05,0.0035192132525467797
s44-139-40,u040,2025-07-18,variable,hazard_cal,30,0.0008256464548637155,0,6.816920684290213e-07,0.000825987488626396
s44-139-40,u040,2025-07-18,variable,hazard_cal,60,0.002128398632523898,0,4.530080738929599e-06,0.0021306668919717385
s44-139-40,u040,2025-07-18,variable,hazard_cal,120,0.007427747512965599,0,5.517143311636664e-05,0.0074554705948705925
s44-139-50,u050,2025-07-18,variable,empirical,30,0.0011634671320535084,0,1.353655767368816e-06,0.0011641444853737134
s44-139-50,u050,2025-07-18,variable,empirical,60,0.004072134962187279,0,1.6582283150267994e-05,0.004080448681161805
s44-139-50,u050,2025-07-18,variable,empirical,120,0.018615474112856356,0,0.0003465358764464251,0.018790922836881
s44-139-50,u050,2025-07-18,variable,hazard,30,0.0012640177269271913,0,1.5977408139861834e-06,0.0012648172711639282
s44-139-50,u050,2025-07-18,variable,hazard,60,0.003345565928206451,0,1.1192811379975891e-05,0.003351174847396387
s44-139-50,u050,2025-07-18,variable,hazard,120,0.012407401584469735,0,0.0001539436140783021,0.012485016055670655
s44-139-50,u050,2025-07-18,variable,hazard_cal,30,0.0026225439959761676,0,6.877737010830645e-06,0.002625988888721566
s44-139-50,u050,2025-07-18,variable,hazard_cal,60,0.006749862316248634,0,4.556064128831337e-05,0.0067727456680058
s44-139-50,u050,2025-07-18,variable,hazard_cal,120,0.023404801469376957,0,0.0005477847318209497,0.02368304388251107
