sid,user,day,cohort,model,lead_minutes,p,y,brier,logloss
s11-110-3,u003,2025-06-09,regular,empirical,30,0.0063657407407407,0,4.052265517832595e-05,0.006386088466525358
s11-110-3,u003,2025-06-09,regular,empirical,60,0.01388888888888884,0,0.00019290123456789987,0.01398624197473984
s11-110-3,u003,2025-06-09,regular,empirical,120,0.03414351851851849,0,0.001165779856824415,0.034740025702165826
s11-110-3,u003,2025-06-09,regular,hazard,30,0.009250673235338569,0,8.557495530700935e-05,0.009293726432730494
s11-110-3,u003,2025-06-09,regular,hazard,60,0.02248829959840193,0,0.0005057236188274843,0.022745017473947814
s11-110-3,u003,2025-06-09,regular,hazard,120,0.06985136942661696,0,0.004879213810773718,0.07241088778350087
s11-110-3,u003,2025-06-09,regular,hazard_cal,30,0.006605886343408307,0,4.363773438202838e-05,0.00662780177782994
s11-110-3,u003,2025-06-09,regular,hazard_cal,60,0.016327215711603116,0,0.00026657797289321965,0.01646197352461645
s11-110-3,u003,2025-06-09,regular,hazard_cal,120,0.05291521143496558,0,0.0028000196012071123,0.054366655944382745
s11-110-33,u033,2025-06-09,regular,empirical,30,0.0063657407407407,0,4.052265517832595e-05,0.006386088466525358
s11-110-33,u033,2025-06-09,regular,empirical,60,0.01388888888888884,0,0.00019290123456789987,0.01398624197473984
s11-110-33,u033,2025-06-09,regular,empirical,120,0.03414351851851849,0,0.001165779856824415,0.034740025702165826
s11-110-33,u033,2025-06-09,regular,hazard,30,0.0010004419653575347,0,1.0008841260484467e-06,0.0010009427414466958
s11-110-33,u033,2025-06-09,regular,hazard,60,0.002448017486956666,0,5.992789616445632e-06,0.0024510187809121493
s11-110-33,u033,2025-06-09,regular,hazard,120,0.007789613209980506,0,6.0678073961102804e-05,0.007820110726100539
s11-110-33,u033,2025-06-09,regular,hazard_cal,30,0.0006151521118445968,0,3.784121207068674e-07,0.0006153413955344386
s11-110-33,u033,2025-06-09,regular,hazard_cal,60,0.0015278743156714736,0,2.334399924488574e-06,0.0015290427058876367
s11-110-33,u033,2025-06-09,regular,hazard_cal,120,0.00504612900052126,0,2.5463417889901692e-05,0.005058903702783577
s11-110-56,u056,2025-06-09,new,empirical,30,0.0063657407407407,0,4.052265517832595e-05,0.006386088466525358
s11-110-56,u056,2025-06-09,new,empirical,60,0.01388888888888884,0,0.00019290123456789987,0.01398624197473984
s11-110-56,u056,2025-06-09,new,empirical,120,0.03414351851851849,0,0.001165779856824415,0.034740025702165826
s11-110-56,u056,2025-06-09,new,hazard,30,0.0054078071240913905,0,2.9244377891373595e-05,0.005422482243759696
s11-110-56,u056,2025-06-09,new,hazard,60,0.013186442211015281,0,0.00017388225818444557,0.013274155275608551
s11-110-56,u056,2025-06-09,new,hazard,120,0.04142022385060484,0,0.0017156349438342143,0.04230248975706717
s11-110-56,u056,2025-06-09,new,hazard_cal,30,0.0037232312751337426,0,1.3862451128134036e-05,0.00373017975325377
s11-110-56,u056,2025-06-09,new,hazard_cal,60,0.009224087851333662,0,8.508379668912126e-05,0.009266893179755042
s11-110-56,u056,2025-06-09,new,hazard_cal,120,0.03016673430875505,0,0.0009100318588550191,0.03063111329962016
s11-110-10,u010,2025-06-09,variable,empirical,30,0.0063657407407407,0,4.052265517832595e-05,0.006386088466525358
s11-110-10,u010,2025-06-09,variable,empirical,60,0.01388888888888884,0,0.00019290123456789987,0.01398624197473984
s11-110-10,u010,2025-06-09,variable,empirical,120,0.03414351851851849,0,0.001165779856824415,0.034740025702165826
s11-110-10,u010,2025-06-09,variable,hazard,30,0.0007041063642269085,0,4.95765772144836e-07,0.00070435436353174
s11-110-10,u010,2025-06-09,variable,hazard,60,0.001723307487696224,0,2.9697886971498714e-06,0.0017247940902057873
s11-110-10,u010,2025-06-09,variable,hazard,120,0.005488366962075442,0,3.0122171910401212e-05,0.005503483383045211
s11-110-10,u010,2025-06-09,variable,hazard_cal,30,0.00042293555097505653,0,1.7887448027857464e-07,0.0004230250134406565
s11-110-10,u010,2025-06-09,variable,hazard_cal,60,0.001050624236157649,0,1.1038112856018435e-06,0.0010511765286689357
s11-110-10,u010,2025-06-09,variable,hazard_cal,120,0.0034720237456754566,0,1.2054948890534227e-05,0.0034780652082419773
s11-110-35,u035,2025-06-09,variable,empirical,30,0.0063657407407407,0,4.052265517832595e-05,0.006386088466525358
s11-110-35,u035,2025-06-09,variable,empirical,60,0.01388888888888884,0,0.00019290123456789987,0.01398624197473984
s11-110-35,u035,2025-06-09,variable,empirical,120,0.03414351851851849,0,0.001165779856824415,0.034740025702165826
s11-110-35,u035,2025-06-09,variable,hazard,30,0.006312475281322838,0,3.984734417731184e-05,0.006332483197504458
s11-110-35,u035,2025-06-09,variable,hazard,60,0.015381360091563767,0,0.00023658623826635055,0.01550088038442503
s11-110-35,u035,2025-06-09,variable,hazard,120,0.0481871594078227,0,0.002322002331794916,0.04938685953492228
s11-110-35,u035,2025-06-09,variable,hazard_cal,30,0.004391874273891538,0,1.9288559637670328e-05,0.004401546884693457
s11-110-35,u035,2025-06-09,variable,hazard_cal,60,0.010874673353638231,0,0.00011825852054832937,0.010934234815137433
s11-110-35,u035,2025-06-09,variable,hazard_cal,120,0.03549002440882287,0,0.0012595418325388433,0.03613510393071315
s11-110-43,u043,2025-06-09,regular,empirical,30,0.0063657407407407,0,4.052265517832595e-05,0.006386088466525358
s11-110-43,u043,2025-06-09,regular,empirical,60,0.01388888888888884,0,0.00019290123456789987,0.01398624197473984
s11-110-43,u043,2025-06-09,regular,empirical,120,0.03414351851851849,0,0.001165779856824415,0.034740025702165826
s11-110-43,u043,2025-06-09,regular,hazard,30,0.014329661046371456,0,0.00020533918570389548,0.014433322116212885
s11-110-43,u043,2025-06-09,regular,hazard,60,0.034695145719954246,0,0.0012037531365288595,0.03531131636154644
s11-110-43,u043,2025-06-09,regular,hazard,120,0.10619375321226465,0,0.011277113221307368,0.11226625348535252
s11-110-43,u043,2025-06-09,regular,hazard_cal,30,0.010545941366101208,0,0.00011121687929724461,0.01060194388659805
s11-110-43,u043,2025-06-09,regular,hazard_cal,60,0.025981729220321714,0,0.0006750502532781192,0.026325217014844034
s11-110-43,u043,2025-06-09,regular,hazard_cal,120,0.08317390852669704,0,0.006917899059607366,0.08683747414073081
s11-110-51,u051,2025-06-09,variable,empirical,30,0.0063657407407407,0,4.052265517832595e-05,0.006386088466525358
s11-110-51,u051,2025-06-09,variable,empirical,60,0.01388888888888884,0,0.00019290123456789987,0.01398624197473984
s11-110-51,u051,2025-06-09,variable,empirical,120,0.03414351851851849,0,0.001165779856824415,0.034740025702165826
s11-110-51,u051,2025-06-09,variable,hazard,30,0.001191525178879771,0,1.4197322519044702e-06,0.0011922356093923556
s11-110-51,u051,2025-06-09,variable,hazard,60,0.002915144821275195,0,8.49806932900759e-06,0.0029194021317371335
s11-110-51,u051,2025-06-09,variable,hazard,120,0.009270800238941224,0,8.594773707035265e-05,0.009314041569466936
s11-110-51,u051,2025-06-09,variable,hazard_cal,30,0.0007412285330692381,0,5.494197382359746e-07,0.0007415033787623953
s11-110-51,u051,2025-06-09,variable,hazard_cal,60,0.0018408252527828406,0,3.388637611283009e-06,0.0018425216537599949
s11-110-51,u051,2025-06-09,variable,hazard_cal,120,0.006077287831811384,0,3.6933427390682714e-05,0.006095829706548949
s11-110-57,u057,2025-06-09,new,empirical,30,0.0063657407407407,0,4.052265517832595e-05,0.006386088466525358
s11-110-57,u057,2025-06-09,new,empirical,60,0.01388888888888884,0,0.00019290123456789987,0.01398624197473984
s11-110-57,u057,2025-06-09,new,empirical,120,0.03414351851851849,0,0.001165779856824415,0.034740025702165826
s11-110-57,u057,2025-06-09,new,hazard,30,0.003626673437761241,0,1.3152760224162937e-05,0.003633265761503337
s11-110-57,u057,2025-06-09,new,hazard,60,0.008855799881793303,0,7.842519154637027e-05,0.008895245532102709
s11-110-57,u057,2025-06-09,new,hazard,120,0.02796262094982027,0,0.0007819081703833276,0.028361019448161686
s11-110-57,u057,2025-06-09,new,hazard_cal,30,0.0024305475463662907,0,5.907561375147196e-06,0.002433506121998619
s11-110-57,u057,2025-06-09,new,hazard_cal,60,0.0060278970277460875,0,3.6335542577110116e-05,0.006046138139671986
s11-110-57,u057,2025-06-09,new,hazard_cal,120,0.019794392937099836,0,0.00039181799174830786,0.019992926197708993
s11-110-26,u026,2025-06-09,regular,empirical,30,0.0063657407407407,0,4.052265517832595e-05,0.006386088466525358
s11-110-26,u026,2025-06-09,regular,empirical,60,0.01388888888888884,0,0.00019290123456789987,0.01398624197473984
s11-110-26,u026,2025-06-09,regular,empirical,120,0.03414351851851849,0,0.001165779856824415,0.034740025702165826
s11-110-26,u026,2025-06-09,regular,hazard,30,0.0013116011316199883,0,1.7202975284668337e-06,0.001312462033239583
s11-110-26,u026,2025-06-09,regular,hazard,60,0.0032086134803148703,0,1.0295200466058305e-05,0.0032137721182202194
s11-110-26,u026,2025-06-09,regular,hazard,120,0.010200489610970642,0,0.00010404998830352,0.01025287112094031
s11-110-26,u026,2025-06-09,regular,hazard_cal,30,0.0008211661043812102,0,6.743137709846126e-07,0.0008215034459549894
s11-110-26,u026,2025-06-09,regular,hazard_cal,60,0.0020392154925148454,0,4.158399824912564e-06,0.0020412975233818874
s11-110-26,u026,2025-06-09,regular,hazard_cal,120,0.006730547484148586,0,4.530026943637886e-05,0.0067532997665448275
s11-110-32,u032,2025-06-09,regular,empirical,30,0.0063657407407407,0,4.052265517832595e-05,0.006386088466525358
s11-110-32,u032,2025-06-09,regular,empirical,60,0.01388888888888884,0,0.00019290123456789987,0.01398624197473984
s11-110-32,u032,2025-06-09,regular,empirical,120,0.03414351851851849,0,0.001165779856824415,0.034740025702165826
s11-110-32,u032,2025-06-09,regular,hazard,30,0.0035992112873568516,0,1.2954321891036964e-05,0.003605704032157671
s11-110-32,u032,2025-06-09,regular,hazard,60,0.008788932575011787,0,7.724533580810333e-05,0.008827783046541535
s11-110-32,u032,2025-06-09,regular,hazard,120,0.027753719153496892,0,0.0007702689268511803,0.02814613125932781
s11-110-32,u032,2025-06-09,regular,hazard_cal,30,0.0024109099219485897,0,5.812486651750155e-06,0.002413820844864285
s11-110-32,u032,2025-06-09,regular,hazard_cal,60,0.005979290433945961,0,3.575191409347767e-05,0.005997237969104718
s11-110-32,u032,2025-06-09,regular,hazard_cal,120,0.019635996800303257,0,0.00038557237034151975,0.019831344444822402
s11-110-53,u053,2025-06-09,regular,empirical,30,0.0063657407407407,0,4.052265517832595e-05,0.006386088466525358
s11-110-53,u053,2025-06-09,regular,empirical,60,0.01388888888888884,0,0.00019290123456789987,0.01398624197473984
s11-110-53,u053,2025-06-09,regular,empirical,120,0.03414351851851849,0,0.001165779856824415,0.034740025702165826
s11-110-53,u053,2025-06-09,regular,hazard,30,0.0009845635587178991,0,9.69365401155254e-07,0.000985048559787529
s11-110-53,u053,2025-06-09,regular,hazard,60,0.002409194328499842,0,5.804217312475804e-06,0.0024121011067570566
s11-110-53,u053,2025-06-09,regular,hazard,120,0.007666435967896623,0,5.8774240449859036e-05,0.007695974153372045
s11-110-53,u053,2025-06-09,regular,hazard_cal,30,0.0006047440226363276,0,3.6571533291436717e-07,0.0006049269540576251
s11-110-53,u053,2025-06-09,regular,hazard_cal,60,0.0015020361446028696,0,2.2561125796934526e-06,0.0015031653317543053
s11-110-53,u053,2025-06-09,regular,hazard_cal,120,0.004960956566638308,0,2.461109005607175e-05,0.004973302961879196
s11-110-9,u009,2025-06-09,regular,empirical,30,0.0063657407407407,0,4.052265517832595e-05,0.006386088466525358
s11-110-9,u009,2025-06-09,regular,empirical,60,0.01388888888888884,0,0.00019290123456789987,0.01398624197473984
s11-110-9,u009,2025-06-09,regular,empirical,120,0.03414351851851849,0,0.001165779856824415,0.034740025702165826
s11-110-9,u009,2025-06-09,regular,hazard,30,0.007476488304505535,0,5.589787736740805e-05,0.007504577335642671
s11-110-9,u009,2025-06-09,regular,hazard,60,0.01820086195098425,0,0.0003312713757587861,0.018368535287867777
s11-110-9,u009,2025-06-09,regular,hazard,120,0.05682683763326202,0,0.003229289475397124,0.05850538397344335
s11-110-9,u009,2025-06-09,regular,hazard_cal,30,0.005261907166363988,0,2.7687667027432696e-05,0.005275799755650931
s11-110-9,u009,2025-06-09,regular,hazard_cal,60,0.013019699225913395,0,0.00016951256793324985,0.013105198436701437
s11-110-9,u009,2025-06-09,regular,hazard_cal,120,0.04237427297516039,0,0.001795579010173408,0.043298258949680306
s11-110-12,u012,2025-06-09,variable,empirical,30,0.0063657407407407,0,4.052265517832595e-05,0.006386088466525358
s11-110-12,u012,2025-06-09,variable,empirical,60,0.01388888888888884,0,0.00019290123456789987,0.01398624197473984
s11-110-12,u012,2025-06-09,variable,empirical,120,0.03414351851851849,0,0.001165779856824415,0.034740025702165826
s11-110-12,u012,2025-06-09,variable,hazard,30,0.005983191322065151,0,3.579857839643573e-05,0.006001162329770347
s11-110-12,u012,2025-06-09,variable,hazard,60,0.014582812381076282,0,0.0002126584169416717,0.014690186748233483
s11-110-12,u012,2025-06-09,variable,hazard,120,0.04572941268988029,0,0.002091179184961384,0.04680801325352926
s11-110-12,u012,2025-06-09,variable,hazard_cal,30,0.004147680469919757,0,1.7203253280553775e-05,0.004156305955326919
s11-110-12,u012,2025-06-09,variable,hazard_cal,60,0.010272075573396044,0,0.00010551553658555967,0.010325197435996686
s11-110-12,u012,2025-06-09,variable,hazard_cal,120,0.03354920644457415,0,0.001125549253060656,0.034124893626266556
s11-110-5,u005,2025-06-09,regular,empirical,30,0.0063657407407407,0,4.052265517832595e-05,0.006386088466525358
s11-110-5,u005,2025-06-09,regular,empirical,60,0.01388888888888884,0,0.00019290123456789987,0.01398624197473984
s11-110-5,u005,2025-06-09,regular,empirical,120,0.03414351851851849,0,0.001165779856824415,0.034740025702165826
s11-110-5,u005,2025-06-09,regular,hazard,30,0.0008641360058099234,0,7.467310365371281e-07,0.000864509586560082
s11-110-5,u005,2025-06-09,regular,hazard,60,0.0021147137233739066,0,4.472014131825932e-06,0.002116952887791239
s11-110-5,u005,2025-06-09,regular,hazard,120,0.006731738920533914,0,4.531630889423111e-05,0.006754499277006849
s11-110-5,u005,2025-06-09,regular,hazard_cal,30,0.0005261832128325983,0,2.768687734668354e-07,0.0005263216957997374
s11-110-5,u005,2025-06-09,regular,hazard_cal,60,0.001306994095593761,0,1.708233565916953e-06,0.00130784895732406
s11-110-5,u005,2025-06-09,regular,hazard_cal,120,0.004317842372870362,0,1.8643762756954756e-05,0.00432719117505717
s11-110-23,u023,2025-06-09,variable,empirical,30,0.0063657407407407,0,4.052265517832595e-05,0.006386088466525358
s11-110-23,u023,2025-06-09,variable,empirical,60,0.01388888888888884,0,0.00019290123456789987,0.01398624197473984
s11-110-23,u023,2025-06-09,variable,empirical,120,0.03414351851851849,0,0.001165779856824415,0.034740025702165826
s11-110-23,u023,2025-06-09,variable,hazard,30,0.001891995082335951,0,3.5796453915834223e-06,0.0018937871657972235
s11-110-23,u023,2025-06-09,variable,hazard,60,0.004626323873347271,0,2.1402872581102896e-05,0.004637058430124176
s11-110-23,u023,2025-06-09,variable,hazard,120,0.014682439310055861,0,0.00021557402409347364,0.014791293129140341
s11-110-23,u023,2025-06-09,variable,hazard_cal,30,0.0012138714800498107,0,1.473483970078318e-06,0.0012146088187848887
s11-110-23,u023,2025-06-09,variable,hazard_cal,60,0.0030134614999463016,0,9.080950211658614e-06,0.003018011117415819
s11-110-23,u023,2025-06-09,variable,hazard_cal,120,0.009933742087759878,0,9.867923186613198e-05,0.009983410908944572
s11-110-18,u018,2025-06-09,regular,empirical,30,0.0063657407407407,0,4.052265517832595e-05,0.006386088466525358
s11-110-18,u018,2025-06-09,regular,empirical,60,0.01388888888888884,0,0.00019290123456789987,0.01398624197473984
s11-110-18,u018,2025-06-09,regular,empirical,120,0.03414351851851849,0,0.001165779856824415,0.034740025702165826
s11-110-18,u018,2025-06-09,regular,hazard,30,0.005467882660713852,0,2.9897740791335194e-05,0.005482886248006397
s11-110-18,u018,2025-06-09,regular,hazard,60,0.013332296144192957,0,0.00017775012047646237,0.013421969127483361
s11-110-18,u018,2025-06-09,regular,hazard,120,0.04187101219685996,0,0.0017531816623895954,0.04277286727403237
s11-110-18,u018,2025-06-09,regular,hazard_cal,30,0.00376740799235209,0,1.4193362980838405e-05,0.0037745225484207092
s11-110-18,u018,2025-06-09,regular,hazard_cal,60,0.009333196458999993,0,8.710855614229e-05,0.00937702364874378
s11-110-18,u018,2025-06-09,regular,hazard_cal,120,0.030519316557180654,0,0.0009314286831174012,0.03099472874462616
s11-110-21,u021,2025-06-09,variable,empirical,30,0.0063657407407407,0,4.052265517832595e-05,0.006386088466525358
s11-110-21,u021,2025-06-09,variable,empirical,60,0.01388888888888884,0,0.00019290123456789987,0.01398624197473984
s11-110-21,u021,2025-06-09,variable,empirical,120,0.03414351851851849,0,0.001165779856824415,0.034740025702165826
s11-110-21,u021,2025-06-09,variable,hazard,30,0.0037398221512110474,0,1.3986269722688826e-05,0.0037468327705102054
s11-110-21,u021,2025-06-09,variable,hazard,60,0.009131273773993698,0,8.33801607356251e-05,0.009173219394243268
s11-110-21,u021,2025-06-09,variable,hazard,120,0.02882287898741953,0,0.0008307583531234304,0.029246416396125817
s11-110-21,u021,2025-06-09,variable,hazard_cal,30,0.0025115638869358525,0,6.307953158160328e-06,0.002514723154424981
s11-110-21,u021,2025-06-09,variable,hazard_cal,60,0.00622841030592558,0,3.879309493895998e-05,0.0062478877712763
s11-110-21,u021,2025-06-09,variable,hazard_cal,120,0.020447604597189084,0,0.00041810453376298816,0.02065955103961027
s11-110-28,u028,2025-06-09,variable,empirical,30,0.0063657407407407,0,4.052265517832595e-05,0.006386088466525358
s11-110-28,u028,2025-06-09,variable,empirical,60,0.01388888888888884,0,0.00019290123456789987,0.01398624197473984
s11-110-28,u028,2025-06-09,variable,empirical,120,0.03414351851851849,0,0.001165779856824415,0.034740025702165826
s11-110-28,u028,2025-06-09,variable,hazard,30,0.010128329642493217,0,0.00010258306134700677,0.010179970157173012
s11-110-28,u028,2025-06-09,variable,hazard,60,0.02460473877593705,0,0.0006053931702321003,0.024912494007854155
s11-110-28,u028,2025-06-09,variable,hazard,120,0.07623065197679513,0,0.005811112300807259,0.07929286185305738
s11-110-28,u028,2025-06-09,variable,hazard_cal,30,0.007277679500239942,0,5.2964618908212694e-05,0.007304291001621913
s11-110-28,u028,2025-06-09,variable,hazard_cal,60,0.017977761480585053,0,0.00032319990785280767,0.018141324733974295
s11-110-28,u028,2025-06-09,variable,hazard_cal,120,0.05814192426671916,0,0.003380483357436906,0.05990067846006274
s11-110-14,u014,2025-06-09,variable,empirical,30,0.0063657407407407,0,4.052265517832595e-05,0.006386088466525358
s11-110-14,u014,2025-06-09,variable,empirical,60,0.01388888888888884,0,0.00019290123456789987,0.01398624197473984
s11-110-14,u014,2025-06-09,variable,empirical,120,0.03414351851851849,0,0.001165779856824415,0.034740025702165826
s11-110-14,u014,2025-06-09,variable,hazard,30,0.007861627411929417,0,6.180518556400002e-05,0.007892692928841046
s11-110-14,u014,2025-06-09,variable,hazard,60,0.01913260630257918,0,0.00036605662392949256,0.019318003174052495
s11-110-14,u014,2025-06-09,variable,hazard,120,0.0596689220010902,0,0.0035603802527721857,0.061523255092555504
s11-110-14,u014,2025-06-09,variable,hazard_cal,30,0.00555193202010873,0,3.08239491559086e-05,0.005567401277432313
s11-110-14,u014,2025-06-09,variable,hazard_cal,60,0.013734063228613036,0,0.00018862449276754072,0.013829247995561242
s11-110-14,u014,2025-06-09,variable,hazard_cal,120,0.0446585342540321,0,0.0019943846817185584,0.04568644665429226
s11-110-41,u041,2025-06-09,regular,empirical,30,0.0063657407407407,0,4.052265517832595e-05,0.006386088466525358
s11-110-41,u041,2025-06-09,regular,empirical,60,0.01388888888888884,0,0.00019290123456789987,0.01398624197473984
s11-110-41,u041,2025-06-09,regular,empirical,120,0.03414351851851849,0,0.001165779856824415,0.034740025702165826
s11-110-41,u041,2025-06-09,regular,hazard,30,0.006440165577520474,0,4.147573266587962e-05,0.006460992913002131
s11-110-41,u041,2025-06-09,regular,hazard,60,0.01569090978523069,0,0.00024620464988824817,0.015815315182088185
s11-110-41,u041,2025-06-09,regular,hazard,120,0.04913859929868569,0,0.0024146019410367942,0.050386967645409945
s11-110-41,u041,2025-06-09,regular,hazard_cal,30,0.004486807723770192,0,2.0131443550083853e-05,0.004496903655867836
s11-110-41,u041,2025-06-09,regular,hazard_cal,60,0.011108875906915783,0,0.00012340712391525395,0.011171040281830536
s11-110-41,u041,2025-06-09,regular,hazard_cal,120,0.036243522107618276,0,0.0013135928947654147,0.03691663257867191
s11-110-7,u007,2025-06-09,regular,empirical,30,0.0063657407407407,0,4.052265517832595e-05,0.006386088466525358
s11-110-7,u007,2025-06-09,regular,empirical,60,0.01388888888888884,0,0.00019290123456789987,0.01398624197473984
s11-110-7,u007,2025-06-09,regular,empirical,120,0.03414351851851849,0,0.001165779856824415,0.034740025702165826
s11-110-7,u007,2025-06-09,regular,hazard,30,0.0012285481980708335,0,1.5093306749830918e-06,0.0012293034820735655
s11-110-7,u007,2025-06-09,regular,hazard,60,0.0030056359686168044,0,9.033847575843076e-06,0.0030101619636755776
s11-110-7,u007,2025-06-09,regular,hazard,120,0.009557540433266953,0,9.134657913353266e-05,0.009603506841169023
s11-110-7,u007,2025-06-09,regular,hazard_cal,30,0.0007658205663452211,0,5.864811398373153e-07,0.0007661139567142888
s11-110-7,u007,2025-06-09,regular,hazard_cal,60,0.0019018608798463399,0,3.617074806289894e-06,0.001903671713582968
s11-110-7,u007,2025-06-09,regular,hazard_cal,120,0.006278301306397727,0,3.94170672939154e-05,0.006298092721173866
s11-110-44,u044,2025-06-09,regular,empirical,30,0.0063657407407407,0,4.052265517832595e-05,0.006386088466525358
s11-110-44,u044,2025-06-09,regular,empirical,60,0.01388888888888884,0,0.00019290123456789987,0.01398624197473984
s11-110-44,u044,2025-06-09,regular,empirical,120,0.03414351851851849,0,0.001165779856824415,0.034740025702165826
s11-110-44,u044,2025-06-09,regular,hazard,30,0.008712443842789797,0,7.590667771376583e-05,0.008750619076438256
s11-110-44,u044,2025-06-09,regular,hazard,60,0.021188912029645457,0,0.00044896999300005395,0.0214166193511439
s11-110-44,u044,2025-06-09,regular,hazard,120,0.06591842797636549,0,0.004345239146875284,0.06819150835313806
s11-110-44,u044,2025-06-09,regular,hazard_cal,30,0.006196085930448181,0,3.8391480857497896e-05,0.006215361333494148
s11-110-44,u044,2025-06-09,regular,hazard_cal,60,0.015319473619901047,0,0.0002346862719908441,0.015438029119627383
s11-110-44,u044,2025-06-09,regular,hazard_cal,120,0.049713081809913406,0,0.0024713905030391433,0.05099132083869281
s11-110-45,u045,2025-06-09,regular,empirical,30,0.0063657407407407,0,4.052265517832595e-05,0.006386088466525358
s11-110-45,u045,2025-06-09,regular,empirical,60,0.01388888888888884,0,0.00019290123456789987,0.01398624197473984
s11-110-45,u045,2025-06-09,regular,empirical,120,0.03414351851851849,0,0.001165779856824415,0.034740025702165826
s11-110-45,u045,2025-06-09,regular,hazard,30,0.0026110195726070096,0,6.817423208536891e-06,0.0026144342293300603
s11-110-45,u045,2025-06-09,regular,hazard,60,0.006380854730719365,0,4.07153070945437e-05,0.00640129940031419
s11-110-45,u045,2025-06-09,regular,hazard,120,0.020208003833580346,0,0.000408363418937998,0.020414978655261682
s11-110-45,u045,2025-06-09,regular,hazard_cal,30,0.0017116917074159188,0,2.929888501236423e-06,0.0017131583255041586
s11-110-45,u045,2025-06-09,regular,hazard_cal,60,0.004247584743071742,0,1.8041976149575832e-05,0.004256631357743143
s11-110-45,u045,2025-06-09,regular,hazard_cal,120,0.013979936862334341,0,0.00019543863467485454,0.014078576576716679
s11-110-59,u059,2025-06-09,new,empirical,30,0.0063657407407407,0,4.052265517832595e-05,0.006386088466525358
s11-110-59,u059,2025-06-09,new,empirical,60,0.01388888888888884,0,0.00019290123456789987,0.01398624197473984
s11-110-59,u059,2025-06-09,new,empirical,120,0.03414351851851849,0,0.001165779856824415,0.034740025702165826
s11-110-59,u059,2025-06-09,new,hazard,30,0.00158498669588103,0,2.5121828261198645e-06,0.0015862441161326444
s11-110-59,u059,2025-06-09,new,hazard,60,0.003876566433575035,0,1.5027767313920666e-05,0.0038840997925788825
s11-110-59,u059,2025-06-09,new,hazard,120,0.012314067315816746,0,0.00015163625385846623,0.01239051366802967
s11-110-59,u059,2025-06-09,new,hazard_cal,30,0.0010049431666000475,0,1.0099107680961308e-06,0.0010054484605402558
s11-110-59,u059,2025-06-09,new,hazard_cal,60,0.002495217931726912,0,6.226112526811528e-06,0.002498336176203363
s11-110-59,u059,2025-06-09,new,hazard_cal,120,0.00823081771557943,0,6.77463602670962e-05,0.008264877920026767
s11-110-11,u011,2025-06-09,regular,empirical,30,0.0063657407407407,0,4.052265517832595e-05,0.006386088466525358
s11-110-11,u011,2025-06-09,regular,empirical,60,0.01388888888888884,0,0.00019290123456789987,0.01398624197473984
s11-110-11,u011,2025-06-09,regular,empirical,120,0.03414351851851849,0,0.001165779856824415,0.034740025702165826
s11-110-11,u011,2025-06-09,regular,hazard,30,0.00264607617016821,0,7.001719098332062e-06,0.002649583217693414
s11-110-11,u011,2025-06-09,regular,hazard,60,0.006466347107417669,0,4.181364491360886e-05,0.006487344496423691
s11-110-11,u011,2025-06-09,regular,hazard,120,0.02047664767484081,0,0.0004192930999995635,0.020689200814701957
s11-110-11,u011,2025-06-09,regular,hazard_cal,30,0.0017362249480440406,0,3.0144770702105315e-06,0.0017377339334575055
s11-110-11,u011,2025-06-09,regular,hazard_cal,60,0.004308378029558635,0,1.8562121245583546e-05,0.004317685834162594
s11-110-11,u011,2025-06-09,regular,hazard_cal,120,0.014178923622373607,0,0.0002010418750891043,0.014280404966161533
s11-110-24,u024,2025-06-09,regular,empirical,30,0.0063657407407407,0,4.052265517832595e-05,0.006386088466525358
s11-110-24,u024,2025-06-09,regular,empirical,60,0.01388888888888884,0,0.00019290123456789987,0.01398624197473984
s11-110-24,u024,2025-06-09,regular,empirical,120,0.03414351851851849,0,0.001165779856824415,0.034740025702165826
s11-110-24,u024,2025-06-09,regular,hazard,30,0.0009234669763819037,0,8.527912564679355e-07,0.000923893634700273
s11-110-24,u024,2025-06-09,regular,hazard,60,0.0022598023282955904,0,5.106706562970171e-06,0.0022623595348242906
s11-110-24,u024,2025-06-09,regular,hazard,120,0.007192340800512231,0,5.1729766190712925e-05,0.0072183303758416
s11-110-24,u024,2025-06-09,regular,hazard_cal,30,0.0005648021538129377,0,3.190014729517334e-07,0.0005649617146324386
s11-110-24,u024,2025-06-09,regular,hazard_cal,60,0.0014028760365154547,0,1.9680611738293112e-06,0.00140386098838706
s11-110-24,u024,2025-06-09,regular,hazard_cal,120,0.004634034951945365,0,2.1474279935851282e-05,0.004644805378483111
s11-110-54,u054,2025-06-09,new,empirical,30,0.0063657407407407,0,4.052265517832595e-05,0.006386088466525358
s11-110-54,u054,2025-06-09,new,empirical,60,0.01388888888888884,0,0.00019290123456789987,0.01398624197473984
s11-110-54,u054,2025-06-09,new,empirical,120,0.03414351851851849,0,0.001165779856824415,0.034740025702165826
s11-110-54,u054,2025-06-09,new,hazard,30,0.008655602166950715,0,7.491944887252192e-05,0.00869327946205319
s11-110-54,u054,2025-06-09,new,hazard,60,0.021051620404959337,0,0.0004431707216745003,0.021276365528153166
s11-110-54,u054,2025-06-09,new,hazard,120,0.06550214889397332,0,0.00429053150972825,0.06774595160117339
s11-110-54,u054,2025-06-09,new,hazard_cal,30,0.006152908971947979,0,3.7858288817077936e-05,0.00617191612264349
s11-110-54,u054,2025-06-09,new,hazard_cal,60,0.015213257543883252,0,0.00023144320509652067,0.015330166371358873
s11-110-54,u054,2025-06-09,new,hazard_cal,120,0.049375092390949504,0,0.0024378997486148,0.05063571315827495
s11-110-30,u030,2025-06-09,variable,empirical,30,0.0063657407407407,0,4.052265517832595e-05,0.006386088466525358
s11-110-30,u030,2025-06-09,variable,empirical,60,0.01388888888888884,0,0.00019290123456789987,0.01398624197473984
s11-110-30,u030,2025-06-09,variable,empirical,120,0.03414351851851849,0,0.001165779856824415,0.034740025702165826
s11-110-30,u030,2025-06-09,variable,hazard,30,0.003978953561170617,0,1.5832071441952337e-05,0.003986890658114362
s11-110-30,u030,2025-06-09,variable,hazard,60,0.009713304640542986,0,9.43482870399939e-05,0.009760786504781517
s11-110-30,u030,2025-06-09,variable,hazard,120,0.030638575407067825,0,0.0009387223029745813,0.031117749437794825
s11-110-30,u030,2025-06-09,variable,hazard_cal,30,0.002683330201306844,0,7.2002609692454275e-06,0.0026869367850061968
s11-110-30,u030,2025-06-09,variable,hazard_cal,60,0.00665343952721742,0,4.426825754233916e-05,0.006675672327255352
s11-110-30,u030,2025-06-09,variable,hazard_cal,120,0.021831112031993394,0,0.00047659745255344675,0.022072936772166513
s11-110-46,u046,2025-06-09,regular,empirical,30,0.0063657407407407,0,4.052265517832595e-05,0.006386088466525358
s11-110-46,u046,2025-06-09,regular,empirical,60,0.01388888888888884,0,0.00019290123456789987,0.01398624197473984
s11-110-46,u046,2025-06-09,regular,empirical,120,0.03414351851851849,0,0.001165779856824415,0.034740025702165826
s11-110-46,u046,2025-06-09,regular,hazard,30,0.010365917393529211,0,0.00010745224340947144,0.010420017706235317
s11-110-46,u046,2025-06-09,regular,hazard,60,0.025177164476368974,0,0.0006338896110701358,0.02549953165028535
s11-110-46,u046,2025-06-09,regular,hazard,120,0.07795036618564555,0,0.006076259588476233,0.0811562241040253
s11-110-46,u046,2025-06-09,regular,hazard_cal,30,0.007460259599212593,0,5.565547328764364e-05,0.007488226516316218
s11-110-46,u046,2025-06-09,regular,hazard_cal,60,0.018426033038542067,0,0.0003395186935374438,0.018597906962533585
s11-110-46,u046,2025-06-09,regular,hazard_cal,120,0.05955760671696342,0,0.003547108517852486,0.061404883278026574
s11-111-10,u010,2025-06-10,variable,empirical,30,0.0063657407407407,0,4.052265517832595e-05,0.006386088466525358
s11-111-10,u010,2025-06-10,variable,empirical,60,0.01388888888888884,0,0.00019290123456789987,0.01398624197473984
s11-111-10,u010,2025-06-10,variable,empirical,120,0.03414351851851849,0,0.001165779856824415,0.034740025702165826
s11-111-10,u010,2025-06-10,variable,hazard,30,0.0006877674609556683,0,4.7302408034940677e-07,0.0006880040814953353
s11-111-10,u010,2025-06-10,variable,hazard,60,0.0016833396299064107,0,2.833632309613452e-06,0.0016847580380598137
s11-111-10,u010,2025-06-10,variable,hazard,120,0.005361335871499895,0,2.8743922327031538e-05,0.005375759408713862
s11-111-10,u010,2025-06-10,variable,hazard_cal,30,0.00041247652688791714,0,1.7013688523351864e-07,0.00041256161873026346
s11-111-10,u010,2025-06-10,variable,hazard_cal,60,0.0010246514701440779,0,1.0499106352684201e-06,0.0010251767843350082
s11-111-10,u010,2025-06-10,variable,hazard_cal,120,0.0033863031663963206,0,1.1467049134745747e-05,0.003392049667561236
s11-111-12,u012,2025-06-10,variable,empirical,30,0.0063657407407407,0,4.052265517832595e-05,0.006386088466525358
s11-111-12,u012,2025-06-10,variable,empirical,60,0.01388888888888884,0,0.00019290123456789987,0.01398624197473984
s11-111-12,u012,2025-06-10,variable,empirical,120,0.03414351851851849,0,0.001165779856824415,0.034740025702165826
s11-111-12,u012,2025-06-10,variable,hazard,30,0.004103740164829395,0,1.6840683340433986e-05,0.004112183614231545
s11-111-12,u012,2025-06-10,variable,hazard,60,0.010016939684693416,0,0.00010033908064678583,0.010067446792512334
s11-111-12,u012,2025-06-10,variable,hazard,120,0.03158477564865747,0,0.0009975980527760259,0.032094332902463586
s11-111-12,u012,2025-06-10,variable,hazard_cal,30,0.0027732461201391834,0,7.690894042867034e-06,0.0027770986915616512
s11-111-12,u012,2025-06-10,variable,hazard_cal,60,0.006875885469612264,0,4.727780099122506e-05,0.0068996332909119495
s11-111-12,u012,2025-06-10,variable,hazard_cal,120,0.022554592504151927,0,0.0005087096430283463,0.02281283779134261
s11-111-21,u021,2025-06-10,variable,empirical,30,0.0063657407407407,0,4.052265517832595e-05,0.006386088466525358
s11-111-21,u021,2025-06-10,variable,empirical,60,0.01388888888888884,0,0.00019290123456789987,0.01398624197473984
s11-111-21,u021,2025-06-10,variable,empirical,120,0.03414351851851849,0,0.001165779856824415,0.034740025702165826
s11-111-21,u021,2025-06-10,variable,hazard,30,0.005547847041320164,0,3.0778606793884896e-05,0.005563293500937981
s11-111-21,u021,2025-06-10,variable,hazard,60,0.013526415450857865,0,0.00018296391494920637,0.013618730817517338
s11-111-21,u021,2025-06-10,variable,hazard,120,0.042470725853364644,0,0.001803762554511656,0.043398984873406384
s11-111-21,u021,2025-06-10,variable,hazard_cal,30,0.0038262617742317317,0,1.464027916494696e-05,0.003833600640076707
s11-111-21,u021,2025-06-10,variable,hazard_cal,60,0.00947854254710434,0,8.984276881726724e-05,0.009523749824369501
s11-111-21,u021,2025-06-10,variable,hazard_cal,120,0.03098884609113217,0,0.0009603085820598777,0.03147915641575324
s11-111-57,u057,2025-06-10,new,empirical,30,0.0063657407407407,0,4.052265517832595e-05,0.006386088466525358
s11-111-57,u057,2025-06-10,new,empirical,60,0.01388888888888884,0,0.00019290123456789987,0.01398624197473984
s11-111-57,u057,2025-06-10,new,empirical,120,0.03414351851851849,0,0.001165779856824415,0.034740025702165826
s11-111-57,u057,2025-06-10,new,hazard,30,0.004247952007864209,0,1.804509626111756e-05,0.0042570001892464045
s11-111-57,u057,2025-06-10,new,hazard,60,0.010367765956745045,0,0.00010749057093384151,0.010421885633962156
s11-111-57,u057,2025-06-10,new,hazard,120,0.03267716838687751,0,0.0010677973337843468,0.03322299062639252
s11-111-57,u057,2025-06-10,new,hazard_cal,30,0.0028773913821890096,0,8.279381166295578e-06,0.0028815390309554108
s11-111-57,u057,2025-06-10,new,hazard_cal,60,0.007133492983775858,0,5.0886722149579387e-05,0.007159057995956884
s11-111-57,u057,2025-06-10,new,hazard_cal,120,0.02339191665882656,0,0.0005471817649734876,0.02366985036530764
s11-111-33,u033,2025-06-10,regular,empirical,30,0.0063657407407407,0,4.052265517832595e-05,0.006386088466525358
s11-111-33,u033,2025-06-10,regular,empirical,60,0.01388888888888884,0,0.00019290123456789987,0.01398624197473984
s11-111-33,u033,2025-06-10,regular,empirical,120,0.03414351851851849,0,0.001165779856824415,0.034740025702165826
s11-111-33,u033,2025-06-10,regular,hazard,30,0.0009420320759304657,0,8.874244320818626e-07,0.0009424760670042956
s11-111-33,u033,2025-06-10,regular,hazard,60,0.002305198824900878,0,5.3139416223243895e-06,0.0023078598860152393
s11-111-33,u033,2025-06-10,regular,hazard,120,0.007336424544704512,0,5.3823125100142806e-05,0.00736346845886224
s11-111-33,u033,2025-06-10,regular,hazard_cal,30,0.0005769209232606709,0,3.3283775169594493e-07,0.0005770874061712479
s11-111-33,u033,2025-06-10,regular,hazard_cal,60,0.0014329629055668258,0,2.0533826887305197e-06,0.0014339905787735707
s11-111-33,u033,2025-06-10,regular,hazard_cal,120,0.004733237302453452,0,2.2403535361336834e-05,0.004744474543173834
s11-111-52,u052,2025-06-10,regular,empirical,30,0.0063657407407407,0,4.052265517832595e-05,0.006386088466525358
s11-111-52,u052,2025-06-10,regular,empirical,60,0.01388888888888884,0,0.00019290123456789987,0.01398624197473984
s11-111-52,u052,2025-06-10,regular,empirical,120,0.03414351851851849,0,0.001165779856824415,0.034740025702165826
s11-111-52,u052,2025-06-10,regular,hazard,30,0.0019334794338222716,0,3.738342721013692e-06,0.0019353510180182489
s11-111-52,u052,2025-06-10,regular,hazard,60,0.004727606484313807,0,2.235026307052595e-05,0.004738816962289696
s11-111-52,u052,2025-06-10,regular,hazard,120,0.015002047327754453,0,0.00022506142402418453,0.015115716317542736
s11-111-52,u052,2025-06-10,regular,hazard_cal,30,0.0012422870333264058,0,1.5432770731709224e-06,0.0012430593115233752
s11-111-52,u052,2025-06-10,regular,hazard_cal,60,0.0030839321982741863,0,9.510637803552255e-06,0.00308869731656567
s11-111-52,u052,2025-06-10,regular,hazard_cal,120,0.010165131277690587,0,0.00010332989389268347,0.010217149036441366
s11-111-28,u028,2025-06-10,variable,empirical,30,0.0063657407407407,0,4.052265517832595e-05,0.006386088466525358
s11-111-28,u028,2025-06-10,variable,empirical,60,0.01388888888888884,0,0.00019290123456789987,0.01398624197473984
s11-111-28,u028,2025-06-10,variable,empirical,120,0.03414351851851849,1,0.9328787428197874,3.3771825054582822
s11-111-28,u028,2025-06-10,variable,hazard,30,0.010076842611864034,0,0.00010154275702427876,0.010127957665859033
s11-111-28,u028,2025-06-10,variable,hazard,60,0.024480661276219062,0,0.0005993027765209716,0.02478529469334946
s11-111-28,u028,2025-06-10,variable,hazard,120,0.07585757338280985,1,0.8540392246739087,2.5788977313320145
s11-111-28,u028,2025-06-10,variable,hazard_cal,30,0.007238152548774024,0,5.23908523193239e-05,0.007264475069458695
s11-111-28,u028,2025-06-10,variable,hazard_cal,60,0.017880697037748194,0,0.00031971932655573703,0.018042488228696113
s11-111-28,u028,2025-06-10,variable,hazard_cal,120,0.057835170085242305,1,0.8876745667283042,2.8501582093686495
s11-111-32,u032,2025-06-10,regular,empirical,30,0.0063657407407407,0,4.052265517832595e-05,0.006386088466525358
s11-111-32,u032,2025-06-10,regular,empirical,60,0.01388888888888884,0,0.00019290123456789987,0.01398624197473984
s11-111-32,u032,2025-06-10,regular,empirical,120,0.03414351851851849,0,0.001165779856824415,0.034740025702165826
s11-111-32,u032,2025-06-10,regular,hazard,30,0.0034838330337584322,0,1.2137092607106482e-05,0.003489915711526898
s11-111-32,u032,2025-06-10,regular,hazard,60,0.008507967406920725,0,7.238550939722536e-05,0.00854436676503251
s11-111-32,u032,2025-06-10,regular,hazard,120,0.026875579166133923,0,0.0007222967555151318,0.02724333155513955
s11-111-32,u032,2025-06-10,regular,hazard_cal,30,0.0023285174723495228,0,5.421993619037011e-06,0.0023312326849245545
s11-111-32,u032,2025-06-10,regular,hazard_cal,60,0.005775337543377335,0,3.335452373994375e-05,0.005792079295880692
s11-111-32,u032,2025-06-10,regular,hazard_cal,120,0.01897115276362893,0,0.00035990463718094557,0.019153413899710564
s11-111-35,u035,2025-06-10,variable,empirical,30,0.0063657407407407,0,4.052265517832595e-05,0.006386088466525358
s11-111-35,u035,2025-06-10,variable,empirical,60,0.01388888888888884,0,0.00019290123456789987,0.01398624197473984
s11-111-35,u035,2025-06-10,variable,empirical,120,0.03414351851851849,0,0.001165779856824415,0.034740025702165826
s11-111-35,u035,2025-06-10,variable,hazard,30,0.004098656244716836,0,1.6798983012356316e-05,0.00410707875809214
s11-111-35,u035,2025-06-10,variable,hazard,60,0.010004570491422005,0,0.00010009143071783193,0.010054952522160264
s11-111-35,u035,2025-06-10,variable,hazard,120,0.03154624385429128,0,0.0009951655013144102,0.032054545188623086
s11-111-35,u035,2025-06-10,variable,hazard_cal,30,0.0027695791785856683,0,7.670568826455264e-06,0.002773421559156872
s11-111-35,u035,2025-06-10,variable,hazard_cal,60,0.006866814342109118,0,4.7153139208995474e-05,0.006890499401256919
s11-111-35,u035,2025-06-10,variable,hazard_cal,120,0.022525097747561063,0,0.0005073800285371804,0.022782662897311352
s11-111-9,u009,2025-06-10,regular,empirical,30,0.0063657407407407,0,4.052265517832595e-05,0.006386088466525358
s11-111-9,u009,2025-06-10,regular,empirical,60,0.01388888888888884,0,0.00019290123456789987,0.01398624197473984
s11-111-9,u009,2025-06-10,regular,empirical,120,0.03414351851851849,0,0.001165779856824415,0.034740025702165826
s11-111-9,u009,2025-06-10,regular,hazard,30,0.01279220153466687,0,0.00016364042010353342,0.012874726282258627
s11-111-9,u009,2025-06-10,regular,hazard,60,0.031010458169521415,0,0.0009616485158836375,0.03150145989421705
s11-111-9,u009,2025-06-10,regular,hazard,120,0.09533818904561919,0,0.009089370290498224,0.10019409467472175
s11-111-9,u009,2025-06-10,regular,hazard_cal,30,0.009340755292486014,0,8.724970943410547e-05,0.009384653724058984
s11-111-9,u009,2025-06-10,regular,hazard_cal,60,0.02303522884329834,0,0.0005306217678631237,0.023304685770938364
s11-111-9,u009,2025-06-10,regular,hazard_cal,120,0.07401914169593837,0,0.005478833337403403,0.07690171592751675
s11-111-0,u000,2025-06-10,variable,empirical,30,0.0063657407407407,0,4.052265517832595e-05,0.006386088466525358
s11-111-0,u000,2025-06-10,variable,empirical,60,0.01388888888888884,0,0.00019290123456789987,0.01398624197473984
s11-111-0,u000,2025-06-10,variable,empirical,120,0.03414351851851849,0,0.001165779856824415,0.034740025702165826
s11-111-0,u000,2025-06-10,variable,hazard,30,0.000835553030463676,0,6.981488667170327e-07,0.0008359022994657695
s11-111-0,u000,2025-06-10,variable,hazard,60,0.002044811735271379,0,4.1812550327035486e-06,0.0020469052171254026
s11-111-0,u000,2025-06-10,variable,hazard,120,0.0065097688060206105,0,4.2377089907839004e-05,0.006531049757299118
s11-111-0,u000,2025-06-10,variable,hazard_cal,30,0.0005076407708333175,0,2.576991522122448e-07,0.0005077696640322314
s11-111-0,u000,2025-06-10,variable,hazard_cal,60,0.0012609553325894085,0,1.5900083507856659e-06,0.0012617510057073074
s11-111-0,u000,2025-06-10,variable,hazard_cal,120,0.00416599151924224,0,1.735548533839827e-05,0.0041746934384014125
s11-111-22,u022,2025-06-10,variable,empirical,30,0.0063657407407407,0,4.052265517832595e-05,0.006386088466525358
s11-111-22,u022,2025-06-10,variable,empirical,60,0.01388888888888884,0,0.00019290123456789987,0.01398624197473984
s11-111-22,u022,2025-06-10,variable,empirical,120,0.03414351851851849,0,0.001165779856824415,0.034740025702165826
s11-111-22,u022,2025-06-10,variable,hazard,30,0.007815129608046645,0,6.10762507905673e-05,0.007845827778159795
s11-111-22,u022,2025-06-10,variable,hazard,60,0.019020147225095707,0,0.00036176600046431594,0.019203357064057066
s11-111-22,u022,2025-06-10,variable,hazard,120,0.059326232410572555,0,0.0035196018520332693,0.061158886446602466
s11-111-22,u022,2025-06-10,variable,hazard_cal,30,0.005516863862772947,0,3.0435786880370042e-05,0.0055321379588551545
s11-111-22,u022,2025-06-10,variable,hazard_cal,60,0.013647704426729912,0,0.00018625983611938324,0.013741690453486161
s11-111-22,u022,2025-06-10,variable,hazard_cal,120,0.04438261516373465,0,0.001969816528772169,0.04539767110883159
s11-111-41,u041,2025-06-10,regular,empirical,30,0.0063657407407407,0,4.052265517832595e-05,0.006386088466525358
s11-111-41,u041,2025-06-10,regular,empirical,60,0.01388888888888884,0,0.00019290123456789987,0.01398624197473984
s11-111-41,u041,2025-06-10,regular,empirical,120,0.03414351851851849,0,0.001165779856824415,0.034740025702165826
s11-111-41,u041,2025-06-10,regular,hazard,30,0.004377423207468811,0,1.9161833937286534e-05,0.004387032176372917
s11-111-41,u041,2025-06-10,regular,hazard,60,0.010682664013232812,0,0.00011411931041961937,0.010740133318404938
s11-111-41,u041,2025-06-10,regular,hazard,120,0.03365689792922988,0,0.0011327867782185985,0.034236329703347376
s11-111-41,u041,2025-06-10,regular,hazard_cal,30,0.002971097603088113,0,8.827420967075931e-06,0.0029755200754753353
s11-111-41,u041,2025-06-10,regular,hazard_cal,60,0.007365241621954732,0,5.424678414977438e-05,0.00739249893429371
s11-111-41,u041,2025-06-10,regular,hazard_cal,120,0.024144717038911412,0,0.0005829673608890991,0.024440979217588556
s11-111-40,u040,2025-06-10,regular,empirical,30,0.0063657407407407,0,4.052265517832595e-05,0.006386088466525358
s11-111-40,u040,2025-06-10,regular,empirical,60,0.01388888888888884,0,0.00019290123456789987,0.01398624197473984
s11-111-40,u040,2025-06-10,regular,empirical,120,0.03414351851851849,0,0.001165779856824415,0.034740025702165826
s11-111-40,u040,2025-06-10,regular,hazard,30,0.006464896537731302,0,4.179488724357017e-05,0.006485884486867677
s11-111-40,u040,2025-06-10,regular,hazard,60,0.015750855869643643,0,0.0002480894606262876,0.015876218723965295
s11-111-40,u040,2025-06-10,regular,hazard,120,0.04932276832683302,0,0.002432735475422443,0.05058067291711744
s11-111-40,u040,2025-06-10,regular,hazard_cal,30,0.004505209487127293,0,2.0296912522901765e-05,0.00451538852736679
s11-111-40,u040,2025-06-10,regular,hazard_cal,60,0.011154269182369614,0,0.0001244177209927605,0.01121694454391585
s11-111-40,u040,2025-06-10,regular,hazard_cal,120,0.03638951300473281,0,0.0013241966567216182,0.03706812515901947
s11-111-48,u048,2025-06-10,variable,empirical,30,0.0063657407407407,1,0.9873090411736969,5.056824676565637
s11-111-48,u048,2025-06-10,variable,empirical,60,0.01388888888888884,1,0.9724151234567903,4.276666119016059
s11-111-48,u048,2025-06-10,variable,empirical,120,0.03414351851851849,1,0.9328787428197874,3.3771825054582822
s11-111-48,u048,2025-06-10,variable,hazard,30,0.0009761211157461869,1,0.9980487105809402,6.931923885247965
s11-111-48,u048,2025-06-10,variable,hazard,60,0.002388551916252535,1,0.9952286013477516,6.037067989447292
s11-111-48,u048,2025-06-10,variable,hazard,120,0.0076009374907204386,1,0.984855899269297,4.879483685255173
s11-111-48,u048,2025-06-10,variable,hazard_cal,30,0.0005992146678807098,1,0.9988019297224567,7.419890646954214
s11-111-48,u048,2025-06-10,variable,hazard_cal,60,0.0014883092952616694,1,0.997025596474035,6.510114504452211
s11-111-48,u048,2025-06-10,variable,hazard_cal,120,0.004915705365838852,1,0.9901927534275661,5.315320022793149
s11-111-55,u055,2025-06-10,new,empirical,30,0.0063657407407407,0,4.052265517832595e-05,0.006386088466525358
s11-111-55,u055,2025-06-10,new,empirical,60,0.01388888888888884,0,0.00019290123456789987,0.01398624197473984
s11-111-55,u055,2025-06-10,new,empirical,120,0.03414351851851849,0,0.001165779856824415,0.034740025702165826
s11-111-55,u055,2025-06-10,new,hazard,30,0.0023103787176370627,0,5.337849818910278e-06,0.0023130517605010757
s11-111-55,u055,2025-06-10,new,hazard,60,0.005647487935406703,0,3.1894119980564265e-05,0.005663495291412706
s11-111-55,u055,2025-06-10,new,hazard,120,0.01790125288529043,0,0.00032045485486311895,0.01806341853991302
s11-111-55,u055,2025-06-10,new,hazard_cal,30,0.0015022419831426381,0,2.2567309759163263e-06,0.0015033714799573426
s11-111-55,u055,2025-06-10,new,hazard_cal,60,0.0037284698396855553,0,1.390148734544483e-05,0.003735437908907769
s11-111-55,u055,2025-06-10,new,hazard_cal,120,0.01227952409274169,0,0.0001507867119442236,0.01235554038564247
s11-111-59,u059,2025-06-10,new,empirical,30,0.0063657407407407,0,4.052265517832595e-05,0.006386088466525358
s11-111-59,u059,2025-06-10,new,empirical,60,0.01388888888888884,0,0.00019290123456789987,0.01398624197473984
s11-111-59,u059,2025-06-10,new,empirical,120,0.03414351851851849,0,0.001165779856824415,0.034740025702165826
s11-111-59,u059,2025-06-10,new,hazard,30,0.0023103787176370627,0,5.337849818910278e-06,0.0023130517605010757
s11-111-59,u059,2025-06-10,new,hazard,60,0.005647487935406703,0,3.1894119980564265e-05,0.005663495291412706
s11-111-59,u059,2025-06-10,new,hazard,120,0.01790125288529043,0,0.00032045485486311895,0.01806341853991302
s11-111-59,u059,2025-06-10,new,hazard_cal,30,0.0015022419831426381,0,2.2567309759163263e-06,0.0015033714799573426
s11-111-59,u059,2025-06-10,new,hazard_cal,60,0.0037284698396855553,0,1.390148734544483e-05,0.003735437908907769
s11-111-59,u059,2025-06-10,new,hazard_cal,120,0.01227952409274169,0,0.0001507867119442236,0.01235554038564247
s11-111-14,u014,2025-06-10,variable,empirical,30,0.0063657407407407,0,4.052265517832595e-05,0.006386088466525358
s11-111-14,u014,2025-06-10,variable,empirical,60,0.01388888888888884,0,0.00019290123456789987,0.01398624197473984
s11-111-14,u014,2025-06-10,variable,empirical,120,0.03414351851851849,0,0.001165779856824415,0.034740025702165826
s11-111-14,u014,2025-06-10,variable,hazard,30,0.007680158187548858,0,5.898482978577375e-05,0.007709802481897361
s11-111-14,u014,2025-06-10,variable,hazard,60,0.018693659670541485,0,0.0003494529118780292,0.018870594637542305
s11-111-14,u014,2025-06-10,variable,hazard,120,0.058330814548170906,0,0.003402483925853107,0.06010124925718105
s11-111-14,u014,2025-06-10,variable,hazard_cal,30,0.0054151523751782005,0,2.9323875246398107e-05,0.005429867459793554
s11-111-14,u014,2025-06-10,variable,hazard_cal,60,0.013397201780292356,0,0.00017948501554186866,0.013487753961396946
s11-111-14,u014,2025-06-10,variable,hazard_cal,120,0.04358190421936625,0,0.001899382375386014,0.04456012285275276
s11-111-1,u001,2025-06-10,regular,empirical,30,0.0063657407407407,0,4.052265517832595e-05,0.006386088466525358
s11-111-1,u001,2025-06-10,regular,empirical,60,0.01388888888888884,0,0.00019290123456789987,0.01398624197473984
s11-111-1,u001,2025-06-10,regular,empirical,120,0.03414351851851849,0,0.001165779856824415,0.034740025702165826
s11-111-1,u001,2025-06-10,regular,hazard,30,0.0013133361221702167,0,1.7248517697971023e-06,0.0013141993039030543
s11-111-1,u001,2025-06-10,regular,hazard,60,0.0032128534317876767,0,1.032242717414985e-05,0.003218025726896719
s11-111-1,u001,2025-06-10,regular,hazard,120,0.010213916673891488,0,0.00010432409382119856,0.010266436649971922
s11-111-1,u001,2025-06-10,regular,hazard_cal,30,0.0008223248419851892,0,6.762181457459664e-07,0.0008226631365294484
s11-111-1,u001,2025-06-10,regular,hazard_cal,60,0.0020420910741700826,0,4.170135955205122e-06,0.0020441789851014455
s11-111-1,u001,2025-06-10,regular,hazard_cal,120,0.00674001376812694,0,4.542778559454071e-05,0.006762830240942824
s11-111-17,u017,2025-06-10,variable,empirical,30,0.0063657407407407,0,4.052265517832595e-05,0.006386088466525358
s11-111-17,u017,2025-06-10,variable,empirical,60,0.01388888888888884,0,0.00019290123456789987,0.01398624197473984
s11-111-17,u017,2025-06-10,variable,empirical,120,0.03414351851851849,0,0.001165779856824415,0.034740025702165826
s11-111-17,u017,2025-06-10,variable,hazard,30,0.0013279719709939908,0,1.7635095557456647e-06,0.0013288545071806022
s11-111-17,u017,2025-06-10,variable,hazard,60,0.003248619899721139,0,1.0553531252864183e-05,0.003253908121401601
s11-111-17,u017,2025-06-10,variable,hazard,120,0.010327176327360243,0,0.0001066505708963898,0.010380871613175151
s11-111-17,u017,2025-06-10,variable,hazard_cal,30,0.0008321036684695304,0,6.923965150804502e-07,0.0008324500588955638
s11-111-17,u017,2025-06-10,variable,hazard_cal,60,0.0020663584863001017,0,4.269837393904447e-06,0.0020684963505673906
s11-111-17,u017,2025-06-10,variable,hazard_cal,120,0.006819898213604625,0,4.651101164392755e-05,0.006843259996667744
s11-111-45,u045,2025-06-10,regular,empirical,30,0.0063657407407407,0,4.052265517832595e-05,0.006386088466525358
s11-111-45,u045,2025-06-10,regular,empirical,60,0.01388888888888884,0,0.00019290123456789987,0.01398624197473984
s11-111-45,u045,2025-06-10,regular,empirical,120,0.03414351851851849,0,0.001165779856824415,0.034740025702165826
s11-111-45,u045,2025-06-10,regular,hazard,30,0.004520332103159386,0,2.0433402322853356e-05,0.0045305796976688574
s11-111-45,u045,2025-06-10,regular,hazard,60,0.01103016987816352,0,0.00012166464754114585,0.011091453262706589
s11-111-45,u045,2025-06-10,regular,hazard,120,0.03473721083839776,0,0.0012066738168312987,0.03535489434089678
s11-111-45,u045,2025-06-10,regular,hazard_cal,30,0.00307474949111608,0,9.454084433118593e-06,0.0030794862453797727
s11-111-45,u045,2025-06-10,regular,hazard_cal,60,0.007621545933852114,0,5.808796242181769e-05,0.007650738337150025
s11-111-45,u045,2025-06-10,regular,hazard_cal,120,0.024976761980360584,0,0.000623838639023586,0.025293974402015116
s11-111-11,u011,2025-06-10,regular,empirical,30,0.0063657407407407,0,4.052265517832595e-05,0.006386088466525358
s11-111-11,u011,2025-06-10,regular,empirical,60,0.01388888888888884,0,0.00019290123456789987,0.01398624197473984
s11-111-11,u011,2025-06-10,regular,empirical,120,0.03414351851851849,0,0.001165779856824415,0.034740025702165826
s11-111-11,u011,2025-06-10,regular,hazard,30,0.0026085458455208377,0,6.804511428184022e-06,0.0026119540294611545
s11-111-11,u011,2025-06-10,regular,hazard,60,0.00637482188334515,0,4.06383540443762e-05,0.006395227829442668
s11-111-11,u011,2025-06-10,regular,hazard,120,0.020189044638517673,0,0.0004075975234160592,0.020395628618001857
s11-111-11,u011,2025-06-10,regular,hazard_cal,30,0.0017099613861671914,0,2.9239679421828226e-06,0.0017114250389026998
s11-111-11,u011,2025-06-10,regular,hazard_cal,60,0.004243296920943829,0,1.8005568759291378e-05,0.004252325254307872
s11-111-11,u011,2025-06-10,regular,hazard_cal,120,0.013965900922737529,0,0.00019504638858372096,0.014064341734828477
s11-111-27,u027,2025-06-10,variable,empirical,30,0.0063657407407407,0,4.052265517832595e-05,0.006386088466525358
s11-111-27,u027,2025-06-10,variable,empirical,60,0.01388888888888884,0,0.00019290123456789987,0.01398624197473984
s11-111-27,u027,2025-06-10,variable,empirical,120,0.03414351851851849,0,0.001165779856824415,0.034740025702165826
s11-111-27,u027,2025-06-10,variable,hazard,30,0.005485618366375733,0,3.0092008861518767e-05,0.005500719622612279
s11-111-27,u027,2025-06-10,variable,hazard,60,0.01337535297930692,0,0.0001789000673210545,0.013465608718040404
s11-111-27,u027,2025-06-10,variable,hazard,120,0.04200405671754004,0,0.0017643407807303205,0.042911735589699566
s11-111-27,u027,2025-06-10,variable,hazard_cal,30,0.0037804563929552115,0,1.429185053903593e-05,0.003787620379349815
s11-111-27,u027,2025-06-10,variable,hazard_cal,60,0.009365422171346727,0,8.771113244755283e-05,0.009409553492666159
s11-111-27,u027,2025-06-10,variable,hazard_cal,120,0.030623434399550176,0,0.000937794734423553,0.031102129990923152
s11-111-56,u056,2025-06-10,new,empirical,30,0.0063657407407407,0,4.052265517832595e-05,0.006386088466525358
s11-111-56,u056,2025-06-10,new,empirical,60,0.01388888888888884,0,0.00019290123456789987,0.01398624197473984
s11-111-56,u056,2025-06-10,new,empirical,120,0.03414351851851849,0,0.001165779856824415,0.034740025702165826
s11-111-56,u056,2025-06-10,new,hazard,30,0.005832892438524584,0,3.402263419939727e-05,0.00584997019648807
s11-111-56,u056,2025-06-10,new,hazard,60,0.014218183022955966,0,0.00020215672847427325,0.01432022982208954
s11-111-56,u056,2025-06-10,new,hazard,120,0.04460557926092579,0,0.0019896577012027327,0.045631017755411535
s11-111-56,u056,2025-06-10,new,hazard_cal,30,0.004036525091728693,0,1.6293534816155336e-05,0.0040446938488090094
s11-111-56,u056,2025-06-10,new,hazard_cal,60,0.00999769734959155,0,9.99539522940299e-05,0.01004800994670288
s11-111-56,u056,2025-06-10,new,hazard_cal,120,0.032664506251028236,0,0.0010669699686234628,0.03320990083613503
s11-111-16,u016,2025-06-10,variable,empirical,30,0.0063657407407407,0,4.052265517832595e-05,0.006386088466525358
s11-111-16,u016,2025-06-10,variable,empirical,60,0.01388888888888884,0,0.00019290123456789987,0.01398624197473984
s11-111-16,u016,2025-06-10,variable,empirical,120,0.03414351851851849,0,0.001165779856824415,0.034740025702165826
s11-111-16,u016,2025-06-10,variable,hazard,30,0.0058319763546824666,0,3.401194820157539e-05,0.00584904873830153
s11-111-16,u016,2025-06-10,variable,hazard,60,0.014215960310387299,0,0.00020209352754650694,0.014317975053311565
s11-111-16,u016,2025-06-10,variable,hazard,120,0.04459872552703281,0,0.0019890463186356083,0.045623844059228126
s11-111-16,u016,2025-06-10,variable,hazard_cal,30,0.004035848190719449,0,1.628807061853345e-05,0.004044014204629004
s11-111-16,u016,2025-06-10,variable,hazard_cal,60,0.009996026320320484,0,9.992054219653987e-05,0.010046322043698689
s11-111-16,u016,2025-06-10,variable,hazard_cal,120,0.032659116303928926,0,0.0010666178777535562,0.03320432889949264
s11-111-23,u023,2025-06-10,variable,empirical,30,0.0063657407407407,0,4.052265517832595e-05,0.006386088466525358
s11-111-23,u023,2025-06-10,variable,empirical,60,0.01388888888888884,0,0.00019290123456789987,0.01398624197473984
s11-111-23,u023,2025-06-10,variable,empirical,120,0.03414351851851849,0,0.001165779856824415,0.034740025702165826
s11-111-23,u023,2025-06-10,variable,hazard,30,0.0014583712735219967,0,2.1268467714341705e-06,0.001459435731950649
s11-111-23,u023,2025-06-10,variable,hazard,60,0.003567247579096433,0,1.2725255290569362e-05,0.0035736253787193328
s11-111-23,u023,2025-06-10,variable,hazard,120,0.011335725237736294,0,0.00012849866666545155,0.011400464278697417
s11-111-23,u023,2025-06-10,variable,hazard_cal,30,0.0009195397839265596,0,8.455534142237038e-07,0.0009199628199858778
s11-111-23,u023,2025-06-10,variable,hazard_cal,60,0.0022833252024128114,0,5.213573979973506e-06,0.0022859359643055276
s11-111-23,u023,2025-06-10,variable,hazard_cal,120,0.00753389783361702,0,5.6759616567379234e-05,0.007562420992583323
s11-111-42,u042,2025-06-10,regular,empirical,30,0.0063657407407407,0,4.052265517832595e-05,0.006386088466525358
s11-111-42,u042,2025-06-10,regular,empirical,60,0.01388888888888884,0,0.00019290123456789987,0.01398624197473984
s11-111-42,u042,2025-06-10,regular,empirical,120,0.03414351851851849,0,0.001165779856824415,0.034740025702165826
s11-111-42,u042,2025-06-10,regular,hazard,30,0.0013904281059112789,0,1.9332903177080265e-06,0.001391395648039308
s11-111-42,u042,2025-06-10,regular,hazard,60,0.003401238236473203,0,1.1568421541247345e-05,0.003407035596444777
s11-111-42,u042,2025-06-10,regular,hazard,120,0.010810354351003526,0,0.00011686376119426087,0.010869210788571287
s11-111-42,u042,2025-06-10,regular,hazard_cal,30,0.0008739135809334719,0,7.63724946939964e-07,0.0008742956660293973
s11-111-42,u042,2025-06-10,regular,hazard_cal,60,0.002170110777159562,0,4.709380785144077e-06,0.0021724688797323424
s11-111-42,u042,2025-06-10,regular,hazard_cal,120,0.0071613783120029195,0,5.1285339327625786e-05,0.007187144067575273
s11-111-50,u050,2025-06-10,variable,empirical,30,0.0063657407407407,0,4.052265517832595e-05,0.006386088466525358
s11-111-50,u050,2025-06-10,variable,empirical,60,0.01388888888888884,0,0.00019290123456789987,0.01398624197473984
s11-111-50,u050,2025-06-10,variable,empirical,120,0.03414351851851849,0,0.001165779856824415,0.034740025702165826
s11-111-50,u050,2025-06-10,variable,hazard,30,0.0007942652652452864,0,6.308573115751651e-07,0.0007945808610233158
s11-111-50,u050,2025-06-10,variable,hazard,60,0.0019438335634918147,0,3.778488922557287e-06,0.0019457252597790931
s11-111-50,u050,2025-06-10,variable,hazard,120,0.006189051823908276,0,3.8304362479022354e-05,0.006208283396340884
s11-111-50,u050,2025-06-10,variable,hazard_cal,30,0.0004809315141384163,0,2.312951212914697e-07,0.00048104719879147917
s11-111-50,u050,2025-06-10,variable,hazard_cal,60,0.0011946368534760943,0,1.4271572116832631e-06,0.0011953510009031511
s11-111-50,u050,2025-06-10,variable,hazard_cal,120,0.0039472201517178895,0,1.55805469261278e-05,0.003955030986011188
s11-111-6,u006,2025-06-10,regular,empirical,30,0.0063657407407407,0,4.052265517832595e-05,0.006386088466525358
s11-111-6,u006,2025-06-10,regular,empirical,60,0.01388888888888884,0,0.00019290123456789987,0.01398624197473984
s11-111-6,u006,2025-06-10,regular,empirical,120,0.03414351851851849,0,0.001165779856824415,0.034740025702165826
s11-111-6,u006,2025-06-10,regular,hazard,30,0.0033105242282344127,0,1.0959570665727055e-05,0.0033160161376498106
s11-111-6,u006,2025-06-10,regular,hazard,60,0.008085835050512191,0,6.538072846409149e-05,0.00811870270962581
s11-111-6,u006,2025-06-10,regular,hazard,120,0.02555510590671839,0,0.0006530634379035931,0.025887309511010172
s11-111-6,u006,2025-06-10,regular,hazard_cal,30,0.002205106468530893,0,4.8624945375567865e-06,0.002207541295827134
s11-111-6,u006,2025-06-10,regular,hazard_cal,60,0.005469796630417911,0,2.9918675178131138e-05,0.005484810742462034
s11-111-6,u006,2025-06-10,regular,hazard_cal,120,0.017974502662847724,0,0.00032308274597671994,0.018138006262963805
s11-112-36,u036,2025-06-11,variable,empirical,30,0.0063657407407407,0,4.052265517832595e-05,0.006386088466525358
s11-112-36,u036,2025-06-11,variable,empirical,60,0.01388888888888884,0,0.00019290123456789987,0.01398624197473984
s11-112-36,u036,2025-06-11,variable,empirical,120,0.03414351851851849,0,0.001165779856824415,0.034740025702165826
s11-112-36,u036,2025-06-11,variable,hazard,30,0.007116814819313921,0,5.0649053172406246e-05,0.007142260144215684
s11-112-36,u036,2025-06-11,variable,hazard,60,0.017330209138933683,0,0.00030033614879918056,0.017482135043767198
s11-112-36,u036,2025-06-11,variable,hazard,120,0.05416526096131946,0,0.002933875495007838,0.05568741965339643
s11-112-36,u036,2025-06-11,variable,hazard_cal,30,0.004991994336179806,0,2.492000745245126e-05,0.005004495962625681
s11-112-36,u036,2025-06-11,variable,hazard_cal,60,0.012354568515508979,0,0.00015263536320440574,0.012431520661015836
s11-112-36,u036,2025-06-11,variable,hazard_cal,120,0.040243662529978796,0,0.0016195523738268193,0.04107584187216266
s11-112-54,u054,2025-06-11,new,empirical,30,0.0063657407407407,0,4.052265517832595e-05,0.006386088466525358
s11-112-54,u054,2025-06-11,new,empirical,60,0.01388888888888884,0,0.00019290123456789987,0.01398624197473984
s11-112-54,u054,2025-06-11,new,empirical,120,0.03414351851851849,0,0.001165779856824415,0.034740025702165826
s11-112-54,u054,2025-06-11,new,hazard,30,0.007347636826407711,0,5.3987766932782774e-05,0.007374763670354937
s11-112-54,u054,2025-06-11,new,hazard,60,0.017889011617657102,0,0.0003200167366566708,0.018050954221655896
s11-112-54,u054,2025-06-11,new,hazard,120,0.055874163242409125,0,0.003121922118039383,0.057495820070521494
s11-112-54,u054,2025-06-11,new,hazard_cal,30,0.005165106064069391,0,2.66783206530864e-05,0.005178491335186141
s11-112-54,u054,2025-06-11,new,hazard_cal,60,0.012781191630312327,0,0.0001633588594907659,0.012863573774166867
s11-112-54,u054,2025-06-11,new,hazard_cal,120,0.04161068184533978,0,0.0017314488436340897,0.04250119718112271
s11-112-56,u056,2025-06-11,new,empirical,30,0.0063657407407407,0,4.052265517832595e-05,0.006386088466525358
s11-112-56,u056,2025-06-11,new,empirical,60,0.01388888888888884,0,0.00019290123456789987,0.01398624197473984
s11-112-56,u056,2025-06-11,new,empirical,120,0.03414351851851849,0,0.001165779856824415,0.034740025702165826
s11-112-56,u056,2025-06-11,new,hazard,30,0.004149634553930026,0,1.7219466931170048e-05,0.00415826817993505
s11-112-56,u056,2025-06-11,new,hazard,60,0.010128596355438058,0,0.00010258846413139311,0.010180239599150957
s11-112-56,u056,2025-06-11,new,hazard,120,0.03193254976346105,0,0.0010196877343959163,0.03245351413667368
s11-112-56,u056,2025-06-11,new,hazard_cal,30,0.0028063629189116757,0,7.87567283264246e-06,0.002810308138201514
s11-112-56,u056,2025-06-11,new,hazard_cal,60,0.0069578059658467195,0,4.8411063858372205e-05,0.006982124365226986
s11-112-56,u056,2025-06-11,new,hazard_cal,120,0.022820925802149228,0,0.0005207946544672004,0.023085353870149514
s11-112-6,u006,2025-06-11,regular,empirical,30,0.0063657407407407,0,4.052265517832595e-05,0.006386088466525358
s11-112-6,u006,2025-06-11,regular,empirical,60,0.01388888888888884,0,0.00019290123456789987,0.01398624197473984
s11-112-6,u006,2025-06-11,regular,empirical,120,0.03414351851851849,0,0.001165779856824415,0.034740025702165826
s11-112-6,u006,2025-06-11,regular,hazard,30,0.004288399175364166,0,1.8390367487264057e-05,0.00429762073236257
s11-112-6,u006,2025-06-11,regular,hazard,60,0.010466147950677573,0,0.00010954025292547237,0.010521303257076136
s11-112-6,u006,2025-06-11,regular,hazard,120,0.03298334063992947,0,0.001087900759769623,0.03353955579712665
s11-112-6,u006,2025-06-11,regular,hazard_cal,30,0.002906644791256019,0,8.448583942535745e-06,0.002910877286791028
s11-112-6,u006,2025-06-11,regular,hazard_cal,60,0.007205844582872545,0,5.19241961525136e-05,0.007231932078117571
s11-112-6,u006,2025-06-11,regular,hazard_cal,120,0.02362698790993978,0,0.0005582345576964405,0.023910581064440738
s11-112-26,u026,2025-06-11,regular,empirical,30,0.0063657407407407,0,4.052265517832595e-05,0.006386088466525358
s11-112-26,u026,2025-06-11,regular,empirical,60,0.01388888888888884,0,0.00019290123456789987,0.01398624197473984
s11-112-26,u026,2025-06-11,regular,empirical,120,0.03414351851851849,0,0.001165779856824415,0.034740025702165826
s11-112-26,u026,2025-06-11,regular,hazard,30,0.001251461456441172,0,1.5661557769578592e-06,0.0012522451882713396
s11-112-26,u026,2025-06-11,regular,hazard,60,0.0030616375759682235,0,9.37362464658058e-06,0.003066333976525477
s11-112-26,u026,2025-06-11,regular,hazard,120,0.009734961922290175,0,9.476948362843962e-05,0.009782656452819146
s11-112-26,u026,2025-06-11,regular,hazard_cal,30,0.0007810653676184609,0,6.100631084929615e-07,0.0007813705580988652
s11-112-26,u026,2025-06-11,regular,hazard_cal,60,0.0019396961307313054,0,3.7624210795739975e-06,0.0019415797774667493
s11-112-26,u026,2025-06-11,regular,hazard_cal,120,0.006402891398288868,0,4.099701825828157e-05,0.006423477829589293
s11-112-8,u008,2025-06-11,variable,empirical,30,0.0063657407407407,0,4.052265517832595e-05,0.006386088466525358
s11-112-8,u008,2025-06-11,variable,empirical,60,0.01388888888888884,0,0.00019290123456789987,0.01398624197473984
s11-112-8,u008,2025-06-11,variable,empirical,120,0.03414351851851849,0,0.001165779856824415,0.034740025702165826
s11-112-8,u008,2025-06-11,variable,hazard,30,0.007475804752890558,0,5.5887656703341055e-05,0.007503888635202287
s11-112-8,u008,2025-06-11,variable,hazard,60,0.01819920776695827,0,0.0003312111633449142,0.018366850439543565
s11-112-8,u008,2025-06-11,variable,hazard,120,0.05682178616120315,0,0.0032287153825494973,0.058500028161029394
s11-112-8,u008,2025-06-11,variable,hazard_cal,30,0.005261393332925635,0,2.768225980375432e-05,0.005275283204300033
s11-112-8,u008,2025-06-11,variable,hazard_cal,60,0.013018433294918363,0,0.00016947960545423899,0.013103915807066198
s11-112-8,u008,2025-06-11,variable,hazard_cal,120,0.042370221285927046,0,0.0017952356518184252,0.04329402798496442
s11-112-13,u013,2025-06-11,variable,empirical,30,0.0063657407407407,0,4.052265517832595e-05,0.006386088466525358
s11-112-13,u013,2025-06-11,variable,empirical,60,0.01388888888888884,0,0.00019290123456789987,0.01398624197473984
s11-112-13,u013,2025-06-11,variable,empirical,120,0.03414351851851849,0,0.001165779856824415,0.034740025702165826
s11-112-13,u013,2025-06-11,variable,hazard,30,0.005250513537736756,0,2.756789240995695e-05,0.00526434592327125
s11-112-13,u013,2025-06-11,variable,hazard,60,0.012804492207977636,0,0.00016395502070415998,0.012887176295153128
s11-112-13,u013,2025-06-11,variable,hazard,120,0.04023898035701845,0,0.0016191755401725166,0.04107096338232457
s11-112-13,u013,2025-06-11,variable,hazard_cal,30,0.003607725611573964,0,1.3015684088406734e-05,0.0036142491484317256
s11-112-13,u013,2025-06-11,variable,hazard_cal,60,0.008938772212091717,0,7.990164865966304e-05,0.008978962718201347
s11-112-13,u013,2025-06-11,variable,hazard_cal,120,0.029244275698786737,0,0.0008552276611466485,0.029680413605656934
s11-112-20,u020,2025-06-11,variable,empirical,30,0.0063657407407407,0,4.052265517832595e-05,0.006386088466525358
s11-112-20,u020,2025-06-11,variable,empirical,60,0.01388888888888884,0,0.00019290123456789987,0.01398624197473984
s11-112-20,u020,2025-06-11,variable,empirical,120,0.03414351851851849,0,0.001165779856824415,0.034740025702165826
s11-112-20,u020,2025-06-11,variable,hazard,30,0.0010659303494620076,0,1.1362075099041976e-06,0.0010664988572459998
s11-112-20,u020,2025-06-11,variable,hazard,60,0.002608128139447774,0,6.802332391779307e-06,0.0026115352310206257
s11-112-20,u020,2025-06-11,variable,hazard,120,0.008297486820885158,0,6.884828754276289e-05,0.008332102580185331
s11-112-20,u020,2025-06-11,variable,hazard_cal,30,0.0006581939578045315,0,4.3321928609039336e-07,0.00065841066254196
s11-112-20,u020,2025-06-11,variable,hazard_cal,60,0.0016347214075087546,0,2.672314080167404e-06,0.0016360590224995034
s11-112-20,u020,2025-06-11,variable,hazard_cal,120,0.005398277930540596,0,2.914140461536166e-05,0.00541290128387512
s11-112-28,u028,2025-06-11,variable,empirical,30,0.0063657407407407,0,4.052265517832595e-05,0.006386088466525358
s11-112-28,u028,2025-06-11,variable,empirical,60,0.01388888888888884,0,0.00019290123456789987,0.01398624197473984
s11-112-28,u028,2025-06-11,variable,empirical,120,0.03414351851851849,0,0.001165779856824415,0.034740025702165826
s11-112-28,u028,2025-06-11,variable,hazard,30,0.006609472123923932,0,4.368512175692753e-05,0.006631411409634686
s11-112-28,u028,2025-06-11,variable,hazard,60,0.016101249600956713,0,0.0002592502387123087,0.016232283159965232
s11-112-28,u028,2025-06-11,variable,hazard,120,0.05039872631227604,0,0.0025400316138997057,0.051713094398905216
s11-112-28,u028,2025-06-11,variable,hazard_cal,30,0.004612881870187824,0,2.1278679148307516e-05,0.004623554042054617
s11-112-28,u028,2025-06-11,variable,hazard_cal,60,0.01141984687533426,0,0.0001304129026560817,0.011485554049554552
s11-112-28,u028,2025-06-11,variable,hazard_cal,120,0.03724330540650378,0,0.0013870637976021137,0.03795455269561474
s11-112-3,u003,2025-06-11,regular,empirical,30,0.0063657407407407,0,4.052265517832595e-05,0.006386088466525358
s11-112-3,u003,2025-06-11,regular,empirical,60,0.01388888888888884,0,0.00019290123456789987,0.01398624197473984
s11-112-3,u003,2025-06-11,regular,empirical,120,0.03414351851851849,0,0.001165779856824415,0.034740025702165826
s11-112-3,u003,2025-06-11,regular,hazard,30,0.014498985376089957,0,0.00021022057693607043,0.014605122837472012
s11-112-3,u003,2025-06-11,regular,hazard,60,0.03510039620842087,0,0.001232037813988126,0.03573122057710913
s11-112-3,u003,2025-06-11,regular,hazard,120,0.10738167308528535,0,0.011530823714595096,0.1135961949400343
s11-112-3,u003,2025-06-11,regular,hazard_cal,30,0.010679257517366869,0,0.00011404654112223678,0.010736690045071615
s11-112-3,u003,2025-06-11,regular,hazard_cal,60,0.026307309009703128,0,0.0006920745073320073,0.026659537454379944
s11-112-3,u003,2025-06-11,regular,hazard_cal,120,0.08418119954945846,0,0.0070864743575857455,0.08793674997822143
s11-112-31,u031,2025-06-11,variable,empirical,30,0.0063657407407407,0,4.052265517832595e-05,0.006386088466525358
s11-112-31,u031,2025-06-11,variable,empirical,60,0.01388888888888884,0,0.00019290123456789987,0.01398624197473984
s11-112-31,u031,2025-06-11,variable,empirical,120,0.03414351851851849,0,0.001165779856824415,0.034740025702165826
s11-112-31,u031,2025-06-11,variable,hazard,30,0.001263900028466436,0,1.5974432819574574e-06,0.0012646994237488864
s11-112-31,u031,2025-06-11,variable,hazard,60,0.0030920374652178007,0,9.560695686310522e-06,0.003096827689979106
s11-112-31,u031,2025-06-11,variable,hazard,120,0.009831263290697168,0,9.66537378910097e-05,0.009879909256431072
s11-112-31,u031,2025-06-11,variable,hazard_cal,30,0.0007893489368937523,0,6.23071744175297e-07,0.0007896606368032955
s11-112-31,u031,2025-06-11,variable,hazard_cal,60,0.00196025428015556,0,3.842596842868193e-06,0.001962178093096483
s11-112-31,u031,2025-06-11,variable,hazard_cal,120,0.006470583577916633,0,4.1868451838804415e-05,0.006491608548797662
s11-112-42,u042,2025-06-11,regular,empirical,30,0.0063657407407407,0,4.052265517832595e-05,0.006386088466525358
s11-112-42,u042,2025-06-11,regular,empirical,60,0.01388888888888884,0,0.00019290123456789987,0.01398624197473984
s11-112-42,u042,2025-06-11,regular,empirical,120,0.03414351851851849,0,0.001165779856824415,0.034740025702165826
s11-112-42,u042,2025-06-11,regular,hazard,30,0.002083407533130077,0,4.340586949103154e-06,0.0020855808457265162
s11-112-42,u042,2025-06-11,regular,hazard,60,0.0050935952242637805,0,2.5944712308642792e-05,0.005106611800009681
s11-112-42,u042,2025-06-11,regular,hazard,120,0.016156312005310314,0,0.0002610264176129342,0.0162882482123965
s11-112-42,u042,2025-06-11,regular,hazard_cal,30,0.0013453201216749866,0,1.8098862297836007e-06,0.0013462258772351371
s11-112-42,u042,2025-06-11,regular,hazard_cal,60,0.003339427290115937,0,1.1151774625971071e-05,0.00334501562211624
s11-112-42,u042,2025-06-11,regular,hazard_cal,120,0.011003694896120408,0,0.00012108130136690633,0.011064683358436543
s11-112-43,u043,2025-06-11,regular,empirical,30,0.0063657407407407,0,4.052265517832595e-05,0.006386088466525358
s11-112-43,u043,2025-06-11,regular,empirical,60,0.01388888888888884,0,0.00019290123456789987,0.01398624197473984
s11-112-43,u043,2025-06-11,regular,empirical,120,0.03414351851851849,0,0.001165779856824415,0.034740025702165826
s11-112-43,u043,2025-06-11,regular,hazard,30,0.013071306545121342,0,0.00017085905479653202,0.01315748789824256
s11-112-43,u043,2025-06-11,regular,hazard,60,0.031680036398160305,0,0.0010036247061887618,0.032192705411180515
s11-112-43,u043,2025-06-11,regular,hazard,120,0.09731817626804351,0,0.009470827432137986,0.10238514232778921
s11-112-43,u043,2025-06-11,regular,hazard_cal,30,0.009558806615937443,0,9.137078392088943e-05,0.009604785243026298
s11-112-43,u043,2025-06-11,regular,hazard_cal,60,0.023568764229748074,0,0.0005554866473174524,0.02385095022302614
s11-112-43,u043,2025-06-11,regular,hazard_cal,120,0.07568202105115995,0,0.005727768310388218,0.07869913347913826
s11-112-48,u048,2025-06-11,variable,empirical,30,0.0063657407407407,0,4.052265517832595e-05,0.006386088466525358
s11-112-48,u048,2025-06-11,variable,empirical,60,0.01388888888888884,0,0.00019290123456789987,0.01398624197473984
s11-112-48,u048,2025-06-11,variable,empirical,120,0.03414351851851849,0,0.001165779856824415,0.034740025702165826
s11-112-48,u048,2025-06-11,variable,hazard,30,0.001397298625413379,0,1.9524434485821185e-06,0.0013982757574739278
s11-112-48,u048,2025-06-11,variable,hazard,60,0.0034180261735305972,0,1.1682902922940217e-05,0.0034238809700308523
s11-112-48,u048,2025-06-11,variable,hazard,120,0.01086349281640886,0,0.0001180154761721669,0.010922931420371084
s11-112-48,u048,2025-06-11,variable,hazard_cal,30,0.0008785206997383721,0,7.71798619868799e-07,0.0008789068252110174
s11-112-48,u048,2025-06-11,variable,hazard_cal,60,0.002181543018708876,0,4.759129942477435e-06,0.0021839260501012444
s11-112-48,u048,2025-06-11,variable,hazard_cal,120,0.007198999729865485,0,5.1825597110603325e-05,0.007225037567937607
s11-112-32,u032,2025-06-11,regular,empirical,30,0.0063657407407407,0,4.052265517832595e-05,0.006386088466525358
s11-112-32,u032,2025-06-11,regular,empirical,60,0.01388888888888884,0,0.00019290123456789987,0.01398624197473984
s11-112-32,u032,2025-06-11,regular,empirical,120,0.03414351851851849,0,0.001165779856824415,0.034740025702165826
s11-112-32,u032,2025-06-11,regular,hazard,30,0.0033109642677909834,0,1.0962484382588684e-05,0.0033164576389041194
s11-112-32,u032,2025-06-11,regular,hazard,60,0.008086907012293976,0,6.539806502548948e-05,0.008119783410354662
s11-112-32,u032,2025-06-11,regular,hazard,120,0.02555846082240809,0,0.0006532349196105693,0.025890752416284107
s11-112-32,u032,2025-06-11,regular,hazard_cal,30,0.0022054192691208785,0,4.86387415260967e-06,0.002207854787749215
s11-112-32,u032,2025-06-11,regular,hazard_cal,60,0.00547057113989069,0,2.992714859660492e-05,0.0054855895119471
s11-112-32,u032,2025-06-11,regular,hazard_cal,120,0.01797703003726636,0,0.000323173608960777,0.01814057990048927
s11-112-35,u035,2025-06-11,variable,empirical,30,0.0063657407407407,0,4.052265517832595e-05,0.006386088466525358
s11-112-35,u035,2025-06-11,variable,empirical,60,0.01388888888888884,0,0.00019290123456789987,0.01398624197473984
s11-112-35,u035,2025-06-11,variable,empirical,120,0.03414351851851849,0,0.001165779856824415,0.034740025702165826
s11-112-35,u035,2025-06-11,variable,hazard,30,0.0038953694923204996,0,1.5173903481701266e-05,0.0039029762044567183
s11-112-35,u035,2025-06-11,variable,hazard,60,0.009509891372825097,0,9.04380339229332e-05,0.009555399135519567
s11-112-35,u035,2025-06-11,variable,hazard,120,0.030004300894648117,0,0.0009002580721765818,0.03046364140654673
s11-112-35,u035,2025-06-11,variable,hazard_cal,30,0.002623210167243095,0,6.881231581527548e-06,0.002626656811868809
s11-112-35,u035,2025-06-11,variable,hazard_cal,60,0.006504688361015143,0,4.231097067392587e-05,0.006525936036141152
s11-112-35,u035,2025-06-11,variable,hazard_cal,120,0.02134708534076668,0,0.0004556980525459757,0.02157822979328026
s11-112-5,u005,2025-06-11,regular,empirical,30,0.0063657407407407,0,4.052265517832595e-05,0.006386088466525358
s11-112-5,u005,2025-06-11,regular,empirical,60,0.01388888888888884,0,0.00019290123456789987,0.01398624197473984
s11-112-5,u005,2025-06-11,regular,empirical,120,0.03414351851851849,0,0.001165779856824415,0.034740025702165826
s11-112-5,u005,2025-06-11,regular,hazard,30,0.0014230682406543016,0,2.0251232175589292e-06,0.0014240817639190422
s11-112-5,u005,2025-06-11,regular,hazard,60,0.0034809919347040807,0,1.211730484947486e-05,0.0034870646840187572
s11-112-5,u005,2025-06-11,regular,hazard,120,0.011062777690489911,0,0.00012238505022920128,0.01112442529977907
s11-112-5,u005,2025-06-11,regular,hazard_cal,30,0.0008958143416739617,0,8.024833347487533e-07,0.0008962158231278065
s11-112-5,u005,2025-06-11,regular,hazard_cal,60,0.002224455208653775,0,4.94820097530691e-06,0.0022269329842906594
s11-112-5,u005,2025-06-11,regular,hazard_cal,120,0.00734020609707664,0,5.3878625547561086e-05,0.007367277966603394
s11-112-0,u000,2025-06-11,variable,empirical,30,0.0063657407407407,0,4.052265517832595e-05,0.006386088466525358
s11-112-0,u000,2025-06-11,variable,empirical,60,0.01388888888888884,0,0.00019290123456789987,0.01398624197473984
s11-112-0,u000,2025-06-11,variable,empirical,120,0.03414351851851849,0,0.001165779856824415,0.034740025702165826
s11-112-0,u000,2025-06-11,variable,hazard,30,0.0006558592764983606,0,4.3015139056895307e-07,0.0006560744462795202
s11-112-0,u000,2025-06-11,variable,hazard,60,0.0016052835641522378,0,2.5769353213373118e-06,0.0016065734123791627
s11-112-0,u000,2025-06-11,variable,hazard,120,0.005113212543692347,0,2.6144942516972762e-05,0.005126329748091709
s11-112-0,u000,2025-06-11,variable,hazard_cal,30,0.00039209923594529794,0,1.5374181082888643e-07,0.0003921761269506389
s11-112-0,u000,2025-06-11,variable,hazard_cal,60,0.00097404752049568,0,9.487685721837822e-07,0.0009745222130555463
s11-112-0,u000,2025-06-11,variable,hazard_cal,120,0.0032192734339796525,0,1.0363721442727143e-05,0.003224466442839743
s11-112-19,u019,2025-06-11,variable,empirical,30,0.0063657407407407,0,4.052265517832595e-05,0.006386088466525358
s11-112-19,u019,2025-06-11,variable,empirical,60,0.01388888888888884,0,0.00019290123456789987,0.01398624197473984
s11-112-19,u019,2025-06-11,variable,empirical,120,0.03414351851851849,0,0.001165779856824415,0.034740025702165826
s11-112-19,u019,2025-06-11,variable,hazard,30,0.006080644089653697,0,3.697423254504044e-05,0.006099206491753582
s11-112-19,u019,2025-06-11,variable,hazard,60,0.014819189000463306,0,0.00021960836263145266,0.014930090189408636
s11-112-19,u019,2025-06-11,variable,hazard,120,0.0464574230405117,0,0.002158292155565068,0.04757120159880553
s11-112-19,u019,2025-06-11,variable,hazard_cal,30,0.004219856129285771,0,1.7807185751870686e-05,0.004228784849624883
s11-112-19,u019,2025-06-11,variable,hazard_cal,60,0.010450208734445798,0,0.00010920686259348725,0.010505195583925523
s11-112-19,u019,2025-06-11,variable,hazard_cal,120,0.03412324204859518,0,0.0011643956479070142,0.034719032669059444
s11-112-12,u012,2025-06-11,variable,empirical,30,0.0063657407407407,0,4.052265517832595e-05,0.006386088466525358
s11-112-12,u012,2025-06-11,variable,empirical,60,0.01388888888888884,0,0.00019290123456789987,0.01398624197473984
s11-112-12,u012,2025-06-11,variable,empirical,120,0.03414351851851849,0,0.001165779856824415,0.034740025702165826
s11-112-12,u012,2025-06-11,variable,hazard,30,0.0065987273094221255,0,4.3543202104113365e-05,0.006620595163565172
s11-112-12,u012,2025-06-11,variable,hazard,60,0.016075211214918173,0,0.000258412415604231,0.016205819012625213
s11-112-12,u012,2025-06-11,variable,hazard,120,0.05031880149610235,0,0.002531981784004152,0.0516289312295072
s11-112-12,u012,2025-06-11,variable,hazard_cal,30,0.004604874041068019,0,2.1204864934102106e-05,0.0046155091349397125
s11-112-12,u012,2025-06-11,variable,hazard_cal,60,0.01140009689626953,0,0.00012996220924433417,0.011465576122907786
s11-112-12,u012,2025-06-11,variable,hazard_cal,120,0.03717983224906085,0,0.0013823399260683054,0.037888626314064186
s11-112-52,u052,2025-06-11,regular,empirical,30,0.0063657407407407,0,4.052265517832595e-05,0.006386088466525358
s11-112-52,u052,2025-06-11,regular,empirical,60,0.01388888888888884,0,0.00019290123456789987,0.01398624197473984
s11-112-52,u052,2025-06-11,regular,empirical,120,0.03414351851851849,0,0.001165779856824415,0.034740025702165826
s11-112-52,u052,2025-06-11,regular,hazard,30,0.001787599888983249,0,3.1955133630929238e-06,0.0017891995523210556
s11-112-52,u052,2025-06-11,regular,hazard,60,0.004371417142397194,0,1.9109287832844046e-05,0.004380999722814732
s11-112-52,u052,2025-06-11,regular,hazard,120,0.013877708003544154,0,0.00019259077943163346,0.013974903676415525
s11-112-52,u052,2025-06-11,regular,hazard_cal,30,0.0011425511944901379,0,1.305423232030841e-06,0.0011432044037035332
s11-112-52,u052,2025-06-11,regular,hazard_cal,60,0.002836572470331533,0,8.046143379442737e-06,0.00284060316606611
s11-112-52,u052,2025-06-11,regular,hazard_cal,120,0.00935274659426144,0,8.747386885646898e-05,0.009396758163010749
s11-112-9,u009,2025-06-11,regular,empirical,30,0.0063657407407407,0,4.052265517832595e-05,0.006386088466525358
s11-112-9,u009,2025-06-11,regular,empirical,60,0.01388888888888884,0,0.00019290123456789987,0.01398624197473984
s11-112-9,u009,2025-06-11,regular,empirical,120,0.03414351851851849,0,0.001165779856824415,0.034740025702165826
s11-112-9,u009,2025-06-11,regular,hazard,30,0.011834358687234592,0,0.00014005204553812486,0.011904942135915832
s11-112-9,u009,2025-06-11,regular,hazard,60,0.028710303102160273,0,0.0008242815042179138,0.029130506168628185
s11-112-9,u009,2025-06-11,regular,hazard,120,0.08851161026060539,0,0.007834305150925305,0.09267642247674795
s11-112-9,u009,2025-06-11,regular,hazard_cal,30,0.008595056589114969,0,7.387499777008864e-05,0.00863220711509018
s11-112-9,u009,2025-06-11,regular,hazard_cal,60,0.02120918337010269,0,0.00044982945922664055,0.021437329731952504
s11-112-9,u009,2025-06-11,regular,hazard_cal,120,0.06831045967673799,0,0.004666318901247247,0.07075563103155463
s11-112-14,u014,2025-06-11,variable,empirical,30,0.0063657407407407,0,4.052265517832595e-05,0.006386088466525358
s11-112-14,u014,2025-06-11,variable,empirical,60,0.01388888888888884,0,0.00019290123456789987,0.01398624197473984
s11-112-14,u014,2025-06-11,variable,empirical,120,0.03414351851851849,1,0.9328787428197874,3.3771825054582822
s11-112-14,u014,2025-06-11,variable,hazard,30,0.0059802718870100025,0,3.5763651842562176e-05,0.005998225326349009
s11-112-14,u014,2025-06-11,variable,hazard,60,0.014575730578534674,0,0.00021245192189803074,0.014683000170625892
s11-112-14,u014,2025-06-11,variable,hazard,120,0.045707595170274895,1,0.9106739939156999,3.085490798604948
s11-112-14,u014,2025-06-11,variable,hazard_cal,30,0.004145519516344565,0,1.7185332060393673e-05,0.004154136003830867
s11-112-14,u014,2025-06-11,variable,hazard_cal,60,0.010266741906777455,0,0.00010540598938038037,0.010319808427446578
s11-112-14,u014,2025-06-11,variable,hazard_cal,120,0.033532014608329,1,0.9340603667870352,3.395254636553245
s11-112-29,u029,2025-06-11,regular,empirical,30,0.0063657407407407,0,4.052265517832595e-05,0.006386088466525358
s11-112-29,u029,2025-06-11,regular,empirical,60,0.01388888888888884,0,0.00019290123456789987,0.01398624197473984
s11-112-29,u029,2025-06-11,regular,empirical,120,0.03414351851851849,0,0.001165779856824415,0.034740025702165826
s11-112-29,u029,2025-06-11,regular,hazard,30,0.011469779707231953,0,0.0001315558465324299,0.011536064969510932
s11-112-29,u029,2025-06-11,regular,hazard,60,0.027833881562241536,0,0.0007747249628208893,0.028228585381529014
s11-112-29,u029,2025-06-11,regular,hazard,120,0.0859003399257472,0,0.007378868399358918,0.0898156761917551
s11-112-29,u029,2025-06-11,regular,hazard_cal,30,0.008312331549770402,0,6.909485579330841e-05,0.008347071625633895
s11-112-29,u029,2025-06-11,regular,hazard_cal,60,0.020516269780431196,0,0.0004209173257034343,0.020729652026899026
s11-112-29,u029,2025-06-11,regular,hazard_cal,120,0.06613716774281986,0,0.004374124957041891,0.06842571207671026
s11-112-33,u033,2025-06-11,regular,empirical,30,0.0063657407407407,0,4.052265517832595e-05,0.006386088466525358
s11-112-33,u033,2025-06-11,regular,empirical,60,0.01388888888888884,0,0.00019290123456789987,0.01398624197473984
s11-112-33,u033,2025-06-11,regular,empirical,120,0.03414351851851849,0,0.001165779856824415,0.034740025702165826
s11-112-33,u033,2025-06-11,regular,hazard,30,0.0010351641680355073,0,1.071564854784644e-06,0.001035700320498714
s11-112-33,u033,2025-06-11,regular,hazard,60,0.0025329108629807973,0,6.415637439806127e-06,0.0025361241087576178
s11-112-33,u033,2025-06-11,regular,hazard,120,0.008058920816462534,0,6.494620472601314e-05,0.008091569445612819
s11-112-33,u033,2025-06-11,regular,hazard_cal,30,0.0006379503541373843,0,4.0698065434401407e-07,0.0006381539310504699
s11-112-33,u033,2025-06-11,regular,hazard_cal,60,0.0015844696145470571,0,2.5105439594228997e-06,0.0015857262140646828
s11-112-33,u033,2025-06-11,regular,hazard_cal,120,0.005232668972597554,0,2.738082457678514e-05,0.0052464073313651036
s11-112-45,u045,2025-06-11,regular,empirical,30,0.0063657407407407,0,4.052265517832595e-05,0.006386088466525358
s11-112-45,u045,2025-06-11,regular,empirical,60,0.01388888888888884,0,0.00019290123456789987,0.01398624197473984
s11-112-45,u045,2025-06-11,regular,empirical,120,0.03414351851851849,0,0.001165779856824415,0.034740025702165826
s11-112-45,u045,2025-06-11,regular,hazard,30,0.0035503097475306777,0,1.2604699303411344e-05,0.00355662705387741
s11-112-45,u045,2025-06-11,regular,hazard,60,0.008669855503764867,0,7.516639445616197e-05,0.008707657350617445
s11-112-45,u045,2025-06-11,regular,hazard,120,0.02738162377379283,0,0.0007497533204895366,0.027763487271335156
s11-112-45,u045,2025-06-11,regular,hazard_cal,30,0.0023759667034479737,0,5.645217775893431e-06,0.002378793791268038
s11-112-45,u045,2025-06-11,regular,hazard_cal,60,0.005892795929726913,0,3.472504386940607e-05,0.005910226963745996
s11-112-45,u045,2025-06-11,regular,hazard_cal,120,0.019354085115909192,0,0.00037458061067385774,0.01954382760593606
s11-112-59,u059,2025-06-11,new,empirical,30,0.0063657407407407,0,4.052265517832595e-05,0.006386088466525358
s11-112-59,u059,2025-06-11,new,empirical,60,0.01388888888888884,0,0.00019290123456789987,0.01398624197473984
s11-112-59,u059,2025-06-11,new,empirical,120,0.03414351851851849,0,0.001165779856824415,0.034740025702165826
s11-112-59,u059,2025-06-11,new,hazard,30,0.0017809948155110833,0,3.1719425328773578e-06,0.0017825826723674846
s11-112-59,u059,2025-06-11,new,hazard,60,0.004355287799991947,0,1.8968531820758695e-05,0.004364799693973253
s11-112-59,u059,2025-06-11,new,hazard,120,0.013826771587123643,0,0.00019117961252248966,0.013923251765325382
s11-112-59,u059,2025-06-11,new,hazard_cal,30,0.0011380480166048867,0,1.2951532880983167e-06,0.0011386960849842172
s11-112-59,u059,2025-06-11,new,hazard_cal,60,0.0028254029681883397,0,7.98290193264748e-06,0.0028294019534273783
s11-112-59,u059,2025-06-11,new,hazard_cal,120,0.009316051322461494,0,8.678881224273655e-05,0.009359717135477787
s11-112-11,u011,2025-06-11,regular,empirical,30,0.0063657407407407,0,4.052265517832595e-05,0.006386088466525358
s11-112-11,u011,2025-06-11,regular,empirical,60,0.01388888888888884,0,0.00019290123456789987,0.01398624197473984
s11-112-11,u011,2025-06-11,regular,empirical,120,0.03414351851851849,0,0.001165779856824415,0.034740025702165826
s11-112-11,u011,2025-06-11,regular,hazard,30,0.0024790278125642606,0,6.145578895467143e-06,0.0024821056898264625
s11-112-11,u011,2025-06-11,regular,hazard,60,0.006058924336403315,0,3.6710564114260356e-05,0.006077354099194966
s11-112-11,u011,2025-06-11,regular,hazard,120,0.019195899205439293,0,0.0003684825463053849,0.01938253273780442
s11-112-11,u011,2025-06-11,regular,hazard_cal,30,0.0016195235135695318,0,2.6228564110046014e-06,0.0016208363594229862
s11-112-11,u011,2025-06-11,regular,hazard_cal,60,0.004019170501537439,0,1.615373152042871e-05,0.004027269074277613
s11-112-11,u011,2025-06-11,regular,hazard_cal,120,0.0132320214674575,0,0.00017508639211525611,0.01332034465832367
s11-112-38,u038,2025-06-11,regular,empirical,30,0.0063657407407407,0,4.052265517832595e-05,0.006386088466525358
s11-112-38,u038,2025-06-11,regular,empirical,60,0.01388888888888884,0,0.00019290123456789987,0.01398624197473984
s11-112-38,u038,2025-06-11,regular,empirical,120,0.03414351851851849,0,0.001165779856824415,0.034740025702165826
s11-112-38,u038,2025-06-11,regular,hazard,30,0.0007243580787811288,0,5.24694626295488e-07,0.0007246205528520731
s11-112-38,u038,2025-06-11,regular,hazard,60,0.0017728453409161515,0,3.1429806028081054e-06,0.0017744186910301511
s11-112-38,u038,2025-06-11,regular,hazard,120,0.0056457976816889355,0,3.187503146256416e-05,0.005661795439236873
s11-112-38,u038,2025-06-11,regular,hazard_cal,30,0.00043592173749640306,0,1.9002776122188295e-07,0.00043601677899845543
s11-112-38,u038,2025-06-11,regular,hazard_cal,60,0.0010828720565884131,0,1.1726118909400193e-06,0.0010834587861408191
s11-112-38,u038,2025-06-11,regular,hazard_cal,120,0.003578446615553288,0,1.2805280180364781e-05,0.003584864571092151
s11-112-39,u039,2025-06-11,variable,empirical,30,0.0063657407407407,0,4.052265517832595e-05,0.006386088466525358
s11-112-39,u039,2025-06-11,variable,empirical,60,0.01388888888888884,0,0.00019290123456789987,0.01398624197473984
s11-112-39,u039,2025-06-11,variable,empirical,120,0.03414351851851849,0,0.001165779856824415,0.034740025702165826
s11-112-39,u039,2025-06-11,variable,hazard,30,0.002807230623760537,0,7.880543774978974e-06,0.0028111782853766573
s11-112-39,u039,2025-06-11,variable,hazard,60,0.006859292642340753,0,4.7049895553269986e-05,0.006882925722929021
s11-112-39,u039,2025-06-11,variable,hazard,120,0.021710691604268972,0,0.00047135412993567523,0.02194983633679784
s11-112-39,u039,2025-06-11,variable,hazard_cal,30,0.0018492826707597887,0,3.419846396372457e-06,0.0018509947049737037
s11-112-39,u039,2025-06-11,variable,hazard_cal,60,0.00458850319561821,0,2.1054361576198522e-05,0.004599062690304668
s11-112-39,u039,2025-06-11,variable,hazard_cal,120,0.015095420952583982,0,0.0002278717337357115,0.015210516566180365
s11-113-27,u027,2025-06-12,variable,empirical,30,0.0063657407407407,0,4.052265517832595e-05,0.006386088466525358
s11-113-27,u027,2025-06-12,variable,empirical,60,0.01388888888888884,0,0.00019290123456789987,0.01398624197473984
s11-113-27,u027,2025-06-12,variable,empirical,120,0.03414351851851849,0,0.001165779856824415,0.034740025702165826
s11-113-27,u027,2025-06-12,variable,hazard,30,0.0037772151624068107,0,1.4267354383115908e-05,0.003784366854264415
s11-113-27,u027,2025-06-12,variable,hazard,60,0.009222300594475374,0,8.505082825486085e-05,0.009265089285227165
s11-113-27,u027,2025-06-12,variable,hazard,120,0.029107014081811045,0,0.0008472182687587464,0.029539026941342316
s11-113-27,u027,2025-06-12,variable,hazard_cal,30,0.002538374857620318,0,6.443346917798969e-06,0.002541601993356124
s11-113-27,u027,2025-06-12,variable,hazard_cal,60,0.006294760894688611,0,3.9624014721300966e-05,0.006314656437784743
s11-113-27,u027,2025-06-12,variable,hazard_cal,120,0.02066368086763337,0,0.00042698770699939743,0.020880162113345428
s11-113-29,u029,2025-06-12,regular,empirical,30,0.0063657407407407,0,4.052265517832595e-05,0.006386088466525358
s11-113-29,u029,2025-06-12,regular,empirical,60,0.01388888888888884,0,0.00019290123456789987,0.01398624197473984
s11-113-29,u029,2025-06-12,regular,empirical,120,0.03414351851851849,0,0.001165779856824415,0.034740025702165826
s11-113-29,u029,2025-06-12,regular,hazard,30,0.025632130873382564,0,0.0006570061331102116,0.02596635760445248
s11-113-29,u029,2025-06-12,regular,hazard,60,0.06150566640226318,0,0.0037829469995864858,0.06347846069597773
s11-113-29,u029,2025-06-12,regular,hazard,120,0.18226727173170576,0,0.03322135834451947,0.2012197338282195
s11-113-29,u029,2025-06-12,regular,hazard_cal,30,0.019650394044474884,0,0.000386137986103134,0.019846030163434912
s11-113-29,u029,2025-06-12,regular,hazard_cal,60,0.04805279700099496,0,0.0023090712996188304,0.049245704763339435
s11-113-29,u029,2025-06-12,regular,hazard_cal,120,0.14955937350136916,0,0.022368006202122044,0.1620006796963688
s11-113-26,u026,2025-06-12,regular,empirical,30,0.0063657407407407,0,4.052265517832595e-05,0.006386088466525358
s11-113-26,u026,2025-06-12,regular,empirical,60,0.01388888888888884,0,0.00019290123456789987,0.01398624197473984
s11-113-26,u026,2025-06-12,regular,empirical,120,0.03414351851851849,0,0.001165779856824415,0.034740025702165826
s11-113-26,u026,2025-06-12,regular,hazard,30,0.0014529161962966164,0,2.110965473461028e-06,0.0014539727025006627
s11-113-26,u026,2025-06-12,regular,hazard,60,0.003553919543668127,0,1.2630344122866268e-05,0.003560249718133624
s11-113-26,u026,2025-06-12,regular,hazard,120,0.011293553685454816,0,0.00012754435484625006,0.011357810109867703
s11-113-26,u026,2025-06-12,regular,hazard_cal,30,0.0009158711522392338,0,8.388199675040217e-07,0.0009162908184826896
s11-113-26,u026,2025-06-12,regular,hazard_cal,60,0.002274222367319223,0,5.172087376015051e-06,0.0022768123385326416
s11-113-26,u026,2025-06-12,regular,hazard_cal,120,0.007503949948959754,0,5.6309264836493094e-05,0.0075322462261515465
s11-113-54,u054,2025-06-12,new,empirical,30,0.0063657407407407,0,4.052265517832595e-05,0.006386088466525358
s11-113-54,u054,2025-06-12,new,empirical,60,0.01388888888888884,0,0.00019290123456789987,0.01398624197473984
s11-113-54,u054,2025-06-12,new,empirical,120,0.03414351851851849,0,0.001165779856824415,0.034740025702165826
s11-113-54,u054,2025-06-12,new,hazard,30,0.003943826891520952,0,1.5553770550283812e-05,0.003951624284593672
s11-113-54,u054,2025-06-12,new,hazard,60,0.009627822372132444,0,9.2694963629334e-05,0.009674469502263371
s11-113-54,u054,2025-06-12,new,hazard,120,0.03037206635556977,0,0.0009224624147071332,0.030842854630307483
s11-113-54,u054,2025-06-12,new,hazard_cal,30,0.0026580538288666355,0,7.065250157152581e-06,0.002661592726389658
s11-113-54,u054,2025-06-12,new,hazard_cal,60,0.006590901591953746,0,4.3439983794818426e-05,0.006612717494329841
s11-113-54,u054,2025-06-12,new,hazard_cal,120,0.021627640111440027,0,0.0004677548167899696,0.021864945326537856
s11-113-11,u011,2025-06-12,regular,empirical,30,0.0063657407407407,0,4.052265517832595e-05,0.006386088466525358
s11-113-11,u011,2025-06-12,regular,empirical,60,0.01388888888888884,0,0.00019290123456789987,0.01398624197473984
s11-113-11,u011,2025-06-12,regular,empirical,120,0.03414351851851849,0,0.001165779856824415,0.034740025702165826
s11-113-11,u011,2025-06-12,regular,hazard,30,0.0037471773482795623,0,1.4041338079459452e-05,0.003754215605218637
s11-113-11,u011,2025-06-12,regular,hazard,60,0.009149179156419107,0,8.370747923625385e-05,0.009191289945600924
s11-113-11,u011,2025-06-12,regular,hazard,120,0.02887877458066701,0,0.0008339836212809791,0.029303972531480194
s11-113-11,u011,2025-06-12,regular,hazard_cal,30,0.0025168361625997893,0,6.334464269370033e-06,0.002520008719055655
s11-113-11,u011,2025-06-12,regular,hazard_cal,60,0.006241458127149269,0,3.895579955295766e-05,0.006261017455215823
s11-113-11,u011,2025-06-12,regular,hazard_cal,120,0.02049009882600994,0,0.0004198441498996539,0.02070293325252078
s11-113-21,u021,2025-06-12,variable,empirical,30,0.0063657407407407,0,4.052265517832595e-05,0.006386088466525358
s11-113-21,u021,2025-06-12,variable,empirical,60,0.01388888888888884,0,0.00019290123456789987,0.01398624197473984
s11-113-21,u021,2025-06-12,variable,empirical,120,0.03414351851851849,0,0.001165779856824415,0.034740025702165826
s11-113-21,u021,2025-06-12,variable,hazard,30,0.004218428763692383,0,1.779514123434725e-05,0.004227351436256309
s11-113-21,u021,2025-06-12,variable,hazard,60,0.010295950866127668,0,0.00010600660423771507,0.010349320813866384
s11-113-21,u021,2025-06-12,variable,hazard,120,0.032453628244388355,0,0.0010532379862249616,0.03299192576361571
s11-113-21,u021,2025-06-12,variable,hazard_cal,30,0.002856050696198653,0,8.157025579256812e-06,0.0028601369912868405
s11-113-21,u021,2025-06-12,variable,hazard_cal,60,0.007080709507648053,0,5.0136447131697535e-05,0.0071058966970832
s11-113-21,u021,2025-06-12,variable,hazard_cal,120,0.023220394970616787,0,0.0005391867425914454,0.023494235775667557
s11-113-23,u023,2025-06-12,variable,empirical,30,0.0063657407407407,0,4.052265517832595e-05,0.006386088466525358
s11-113-23,u023,2025-06-12,variable,empirical,60,0.01388888888888884,0,0.00019290123456789987,0.01398624197473984
s11-113-23,u023,2025-06-12,variable,empirical,120,0.03414351851851849,0,0.001165779856824415,0.034740025702165826
s11-113-23,u023,2025-06-12,variable,hazard,30,0.0011815430109956004,0,1.3960438868325495e-06,0.001182241583255345
s11-113-23,u023,2025-06-12,variable,hazard,60,0.0028907456371045637,0,8.356410338439069e-06,0.0028949319118572268
s11-113-23,u023,2025-06-12,variable,hazard,120,0.00919347558632122,0,8.451999335628431e-05,0.009235996392974894
s11-113-23,u023,2025-06-12,variable,hazard_cal,30,0.0007346067033922044,0,5.396470086687621e-07,0.0007348766591121563
s11-113-23,u023,2025-06-12,variable,hazard_cal,60,0.0018243899373350247,0,3.3283986434492955e-06,0.0018260561635293547
s11-113-23,u023,2025-06-12,variable,hazard_cal,120,0.006023154744380976,0,3.627839307475906e-05,0.006041367108334036
s11-113-59,u059,2025-06-12,new,empirical,30,0.0063657407407407,0,4.052265517832595e-05,0.006386088466525358
s11-113-59,u059,2025-06-12,new,empirical,60,0.01388888888888884,0,0.00019290123456789987,0.01398624197473984
s11-113-59,u059,2025-06-12,new,empirical,120,0.03414351851851849,0,0.001165779856824415,0.034740025702165826
s11-113-59,u059,2025-06-12,new,hazard,30,0.0010173394770304212,0,1.0349796115245307e-06,0.001017857318079403
s11-113-59,u059,2025-06-12,new,hazard,60,0.002489331313735077,0,6.196770389542004e-06,0.002492434850487188
s11-113-59,u059,2025-06-12,new,hazard,120,0.007920680121031198,0,6.27371735796988e-05,0.007952215338447014
s11-113-59,u059,2025-06-12,new,hazard_cal,30,0.0006262403464526445,0,3.9217697152512817e-07,0.0006264365168425579
s11-113-59,u059,2025-06-12,new,hazard_cal,60,0.001555400470599988,0,2.419270623942664e-06,0.0015566113616885557
s11-113-59,u059,2025-06-12,new,hazard_cal,120,0.0051368594847770455,0,2.6387325366343893e-05,0.00515009850491224
s11-113-37,u037,2025-06-12,regular,empirical,30,0.0063657407407407,0,4.052265517832595e-05,0.006386088466525358
s11-113-37,u037,2025-06-12,regular,empirical,60,0.01388888888888884,0,0.00019290123456789987,0.01398624197473984
s11-113-37,u037,2025-06-12,regular,empirical,120,0.03414351851851849,0,0.001165779856824415,0.034740025702165826
s11-113-37,u037,2025-06-12,regular,hazard,30,0.001274672003973576,0,1.624788717714012e-06,0.001275485089350655
s11-113-37,u037,2025-06-12,regular,hazard,60,0.0031183637058765923,0,9.724192202128394e-06,0.003123235933532774
s11-113-37,u037,2025-06-12,regular,hazard,120,0.009914654367414344,0,9.830037122528832e-05,0.00996413185949002
s11-113-37,u037,2025-06-12,regular,hazard_cal,30,0.0007965270389739265,0,6.344553238165711e-07,0.0007968444351901391
s11-113-37,u037,2025-06-12,regular,hazard_cal,60,0.0019780686579651263,0,3.912755615623956e-06,0.001980027619506169
s11-113-37,u037,2025-06-12,regular,hazard_cal,120,0.006529238416183136,0,4.263095429536167e-05,0.006550647132621448
s11-113-46,u046,2025-06-12,regular,empirical,30,0.0063657407407407,0,4.052265517832595e-05,0.006386088466525358
s11-113-46,u046,2025-06-12,regular,empirical,60,0.01388888888888884,0,0.00019290123456789987,0.01398624197473984
s11-113-46,u046,2025-06-12,regular,empirical,120,0.03414351851851849,0,0.001165779856824415,0.034740025702165826
s11-113-46,u046,2025-06-12,regular,hazard,30,0.003835245049435665,0,1.4709104589220776e-05,0.0038426184603263898
s11-113-46,u046,2025-06-12,regular,hazard,60,0.009363553622209642,0,8.76761364359953e-05,0.009407667280114463
s11-113-46,u046,2025-06-12,regular,hazard,120,0.029547803416024476,0,0.0008730726867120278,0.02999313406846334
s11-113-46,u046,2025-06-12,regular,hazard_cal,30,0.002580018315534116,0,6.656494508491498e-06,0.0025833522985144208
s11-113-46,u046,2025-06-12,regular,hazard_cal,60,0.006397812492585531,0,4.093200469028348e-05,0.006418366207706885
s11-113-46,u046,2025-06-12,regular,hazard_cal,120,0.020999204223270174,0,0.0004409665780106079,0.021222823605450566
s11-113-57,u057,2025-06-12,new,empirical,30,0.0063657407407407,0,4.052265517832595e-05,0.006386088466525358
s11-113-57,u057,2025-06-12,new,empirical,60,0.01388888888888884,0,0.00019290123456789987,0.01398624197473984
s11-113-57,u057,2025-06-12,new,empirical,120,0.03414351851851849,0,0.001165779856824415,0.034740025702165826
s11-113-57,u057,2025-06-12,new,hazard,30,0.003170670298596523,0,1.0053150142402163e-05,0.0031757075240732946
s11-113-57,u057,2025-06-12,new,hazard,60,0.007745104871976105,0,5.9986649477907996e-05,0.007775253969555173
s11-113-57,u057,2025-06-12,new,hazard,120,0.0244882823828243,0,0.0005996759740609429,0.0247931070821687
s11-113-57,u057,2025-06-12,new,hazard_cal,30,0.002105836714860976,0,4.434548269656467e-06,0.0021080571067319254
s11-113-57,u057,2025-06-12,new,hazard_cal,60,0.005223979892092112,0,2.7289965912982715e-05,0.005237672582760065
s11-113-57,u057,2025-06-12,new,hazard_cal,120,0.017172101672507267,0,0.00029488107585092687,0.01732125216139381
s11-113-17,u017,2025-06-12,variable,empirical,30,0.0063657407407407,0,4.052265517832595e-05,0.006386088466525358
s11-113-17,u017,2025-06-12,variable,empirical,60,0.01388888888888884,0,0.00019290123456789987,0.01398624197473984
s11-113-17,u017,2025-06-12,variable,empirical,120,0.03414351851851849,0,0.001165779856824415,0.034740025702165826
s11-113-17,u017,2025-06-12,variable,hazard,30,0.0008566984222804219,0,7.339321867377642e-07,0.0008570655980947294
s11-113-17,u017,2025-06-12,variable,hazard,60,0.002096524813306133,0,4.3954162928083165e-06,0.002098725597990348
s11-113-17,u017,2025-06-12,variable,hazard,120,0.006673984587192816,0,4.454207027008726e-05,0.006696355212020066
s11-113-17,u017,2025-06-12,variable,hazard_cal,30,0.0005213542796915771,0,2.718102849527232e-07,0.0005214902320890165
s11-113-17,u017,2025-06-12,variable,hazard_cal,60,0.0012950045410208277,0,1.6770367612645646e-06,0.0012958437840287094
s11-113-17,u017,2025-06-12,variable,hazard_cal,120,0.004278298632115818,0,1.8303839185564078e-05,0.004287476738850647
s11-113-35,u035,2025-06-12,variable,empirical,30,0.0063657407407407,0,4.052265517832595e-05,0.006386088466525358
s11-113-35,u035,2025-06-12,variable,empirical,60,0.01388888888888884,0,0.00019290123456789987,0.01398624197473984
s11-113-35,u035,2025-06-12,variable,empirical,120,0.03414351851851849,0,0.001165779856824415,0.034740025702165826
s11-113-35,u035,2025-06-12,variable,hazard,30,0.00308728819264259,0,9.53134838443035e-06,0.0030920636982758034
s11-113-35,u035,2025-06-12,variable,hazard,60,0.007541922650166288,0,5.688059726109129e-05,0.007570506758913469
s11-113-35,u035,2025-06-12,variable,hazard,120,0.023851701572225825,0,0.0005689036678905199,0.024140759001109294
s11-113-35,u035,2025-06-12,variable,hazard_cal,30,0.0020467916726204516,0,4.189356151108426e-06,0.002048889213337307
s11-113-35,u035,2025-06-12,variable,hazard_cal,60,0.005077750686363625,0,2.578355203286626e-05,0.005090686270072289
s11-113-35,u035,2025-06-12,variable,hazard_cal,120,0.016694537051890945,0,0.0002787075673769596,0.016835461482679837
s11-113-44,u044,2025-06-12,regular,empirical,30,0.0063657407407407,0,4.052265517832595e-05,0.006386088466525358
s11-113-44,u044,2025-06-12,regular,empirical,60,0.01388888888888884,0,0.00019290123456789987,0.01398624197473984
s11-113-44,u044,2025-06-12,regular,empirical,120,0.03414351851851849,0,0.001165779856824415,0.034740025702165826
s11-113-44,u044,2025-06-12,regular,hazard,30,0.014220601810880695,0,0.0002022255158636233,0.014322683499820797
s11-113-44,u044,2025-06-12,regular,hazard,60,0.034434071893826634,0,0.0011857053071892213,0.035040895544058134
s11-113-44,u044,2025-06-12,regular,hazard,120,0.1054278331503955,0,0.011115028002787632,0.11140970086443391
s11-113-44,u044,2025-06-12,regular,hazard_cal,30,0.010460134192023185,0,0.00010941440731513253,0.010515225910284913
s11-113-44,u044,2025-06-12,regular,hazard_cal,60,0.025772136359279885,0,0.0006642030125213163,0.02611005645771786
s11-113-44,u044,2025-06-12,regular,hazard_cal,120,0.0825250119464217,0,0.006810377596757044,0.08612996040202528
s11-113-5,u005,2025-06-12,regular,empirical,30,0.0063657407407407,0,4.052265517832595e-05,0.006386088466525358
s11-113-5,u005,2025-06-12,regular,empirical,60,0.01388888888888884,0,0.00019290123456789987,0.01398624197473984
s11-113-5,u005,2025-06-12,regular,empirical,120,0.03414351851851849,0,0.001165779856824415,0.034740025702165826
s11-113-5,u005,2025-06-12,regular,hazard,30,0.0006354174571504556,0,4.037553448515511e-07,0.0006356194203813883
s11-113-5,u005,2025-06-12,regular,hazard,60,0.0015552752614524934,0,2.4188811388861216e-06,0.0015564859574951704
s11-113-5,u005,2025-06-12,regular,hazard,120,0.004954222440532896,0,2.4544319990279724e-05,0.004966535284406957
s11-113-5,u005,2025-06-12,regular,hazard_cal,30,0.0003790791379277847,0,1.437009928120724e-07,0.00037915100658737094
s11-113-5,u005,2025-06-12,regular,hazard_cal,60,0.0009417131761725317,0,8.868237061769577e-07,0.0009421568666002388
s11-113-5,u005,2025-06-12,regular,hazard_cal,120,0.003112535342629008,0,9.687876259114677e-06,0.00311738935556663
s11-113-16,u016,2025-06-12,variable,empirical,30,0.0063657407407407,0,4.052265517832595e-05,0.006386088466525358
s11-113-16,u016,2025-06-12,variable,empirical,60,0.01388888888888884,0,0.00019290123456789987,0.01398624197473984
s11-113-16,u016,2025-06-12,variable,empirical,120,0.03414351851851849,0,0.001165779856824415,0.034740025702165826
s11-113-16,u016,2025-06-12,variable,hazard,30,0.009846434786231706,0,9.695227799951382e-05,0.009895231505259056
s11-113-16,u016,2025-06-12,variable,hazard,60,0.02392528154112905,0,0.0005724190968222905,0.02421613970126661
s11-113-16,u016,2025-06-12,variable,hazard,120,0.0741862581360273,0,0.005503600896225278,0.07708220726335654
s11-113-16,u016,2025-06-12,variable,hazard_cal,30,0.0070614419136046935,0,4.986396189921311e-05,0.0070864918901804765
s11-113-16,u016,2025-06-12,variable,hazard_cal,60,0.01744668024033702,0,0.0003043866514085662,0.01760066723577151
s11-113-16,u016,2025-06-12,variable,hazard_cal,120,0.056462600032911814,0,0.003188025202476573,0.05811927535440356
s11-113-24,u024,2025-06-12,regular,empirical,30,0.0063657407407407,0,4.052265517832595e-05,0.006386088466525358
s11-113-24,u024,2025-06-12,regular,empirical,60,0.01388888888888884,0,0.00019290123456789987,0.01398624197473984
s11-113-24,u024,2025-06-12,regular,empirical,120,0.03414351851851849,0,0.001165779856824415,0.034740025702165826
s11-113-24,u024,2025-06-12,regular,hazard,30,0.0010419318117811383,0,1.0856219004015252e-06,0.0010424750000742264
s11-113-24,u024,2025-06-12,regular,hazard,60,0.0025494567384951594,0,6.499729661458376e-06,0.0025527121375022916
s11-113-24,u024,2025-06-12,regular,hazard,120,0.00811140294446866,0,6.579485772753485e-05,0.00814447935884475
s11-113-24,u024,2025-06-12,regular,hazard_cal,30,0.0006423999330703589,0,4.126776740088016e-07,0.0006426063603179977
s11-113-24,u024,2025-06-12,regular,hazard_cal,60,0.0015955151875312046,0,2.545668713642735e-06,0.0015967893773945689
s11-113-24,u024,2025-06-12,regular,hazard_cal,120,0.005269072399352481,0,2.7763123949618115e-05,0.005283002916810948
s11-113-33,u033,2025-06-12,regular,empirical,30,0.0063657407407407,0,4.052265517832595e-05,0.006386088466525358
s11-113-33,u033,2025-06-12,regular,empirical,60,0.01388888888888884,0,0.00019290123456789987,0.01398624197473984
s11-113-33,u033,2025-06-12,regular,empirical,120,0.03414351851851849,0,0.001165779856824415,0.034740025702165826
s11-113-33,u033,2025-06-12,regular,hazard,30,0.0014954358636103393,0,2.2363284221720015e-06,0.0014965551438351225
s11-113-33,u033,2025-06-12,regular,hazard,60,0.0036578020306136105,0,1.3379515695161053e-05,0.003664508146551969
s11-113-33,u033,2025-06-12,regular,hazard,120,0.011622214800938613,0,0.00013507587687915657,0.01169028063719532
s11-113-33,u033,2025-06-12,regular,hazard_cal,30,0.0009444905695947803,0,8.920624360534725e-07,0.0009449368818600874
s11-113-33,u033,2025-06-12,regular,hazard_cal,60,0.0023452331834674656,0,5.500118684836943e-06,0.0023479875500738785
s11-113-33,u033,2025-06-12,regular,hazard_cal,120,0.007737553594041713,0,5.986973562066783e-05,0.0077676437786272454
s11-113-3,u003,2025-06-12,regular,empirical,30,0.0063657407407407,0,4.052265517832595e-05,0.006386088466525358
s11-113-3,u003,2025-06-12,regular,empirical,60,0.01388888888888884,0,0.00019290123456789987,0.01398624197473984
s11-113-3,u003,2025-06-12,regular,empirical,120,0.03414351851851849,0,0.001165779856824415,0.034740025702165826
s11-113-3,u003,2025-06-12,regular,hazard,30,0.011200412356059397,0,0.00012544923694576802,0.011263609305556782
s11-113-3,u003,2025-06-12,regular,hazard,60,0.027186014159678917,0,0.0007390793658902625,0.027562390981803582
s11-113-3,u003,2025-06-12,regular,hazard,120,0.0839664278692962,0,0.007050361009129722,0.08770226418191929
s11-113-3,u003,2025-06-12,regular,hazard_cal,30,0.008103849164718735,0,6.567237128451254e-05,0.008136863835277496
s11-113-3,u003,2025-06-12,regular,hazard_cal,60,0.02000510698904756,0,0.00040020430564323954,0.020207918544411705
s11-113-3,u003,2025-06-12,regular,hazard_cal,120,0.06453143161081198,0,0.004164305665740904,0.06670773256126361
s11-113-30,u030,2025-06-12,variable,empirical,30,0.0063657407407407,0,4.052265517832595e-05,0.006386088466525358
s11-113-30,u030,2025-06-12,variable,empirical,60,0.01388888888888884,0,0.00019290123456789987,0.01398624197473984
s11-113-30,u030,2025-06-12,variable,empirical,120,0.03414351851851849,0,0.001165779856824415,0.034740025702165826
s11-113-30,u030,2025-06-12,variable,hazard,30,0.0017126505715684415,0,2.9331719802937092e-06,0.00171411883421197
s11-113-30,u030,2025-06-12,variable,hazard,60,0.004188383797932849,0,1.7542558838786393e-05,0.0041971796462026804
s11-113-30,u030,2025-06-12,variable,hazard,120,0.013299572732609177,0,0.00017687863486996153,0.013388804092464625
s11-113-30,u030,2025-06-12,variable,hazard_cal,30,0.001091519213090919,0,1.1914141925466191e-06,0.0010921153540261967
s11-113-30,u030,2025-06-12,variable,hazard_cal,60,0.0027099899779463588,0,7.344045680569706e-06,0.002713668648396425
s11-113-30,u030,2025-06-12,variable,hazard_cal,120,0.008936822552647827,0,7.986679733751483e-05,0.008976995475944766
s11-113-38,u038,2025-06-12,regular,empirical,30,0.0063657407407407,0,4.052265517832595e-05,0.006386088466525358
s11-113-38,u038,2025-06-12,regular,empirical,60,0.01388888888888884,0,0.00019290123456789987,0.01398624197473984
s11-113-38,u038,2025-06-12,regular,empirical,120,0.03414351851851849,0,0.001165779856824415,0.034740025702165826
s11-113-38,u038,2025-06-12,regular,hazard,30,0.0008565854915506543,0,7.337387043350761e-07,0.0008569525705408169
s11-113-38,u038,2025-06-12,regular,hazard,60,0.002096248635007014,0,4.39425833976877e-06,0.0020984488394984
s11-113-38,u038,2025-06-12,regular,hazard,120,0.006673107632575337,0,4.453036547593522e-05,0.006695472365686874
s11-113-38,u038,2025-06-12,regular,hazard_cal,30,0.0005212809796887319,0,2.717338597852441e-07,0.0005214168938536563
s11-113-38,u038,2025-06-12,regular,hazard_cal,60,0.001294822546805241,0,1.6765654277152105e-06,0.0012956615538407843
s11-113-38,u038,2025-06-12,regular,hazard_cal,120,0.0042776983726207085,0,1.8298703367121857e-05,0.004286873900413607
s11-114-35,u035,2025-06-13,variable,empirical,30,0.0063657407407407,0,4.052265517832595e-05,0.006386088466525358
s11-114-35,u035,2025-06-13,variable,empirical,60,0.01388888888888884,0,0.00019290123456789987,0.01398624197473984
s11-114-35,u035,2025-06-13,variable,empirical,120,0.03414351851851849,0,0.001165779856824415,0.034740025702165826
s11-114-35,u035,2025-06-13,variable,hazard,30,0.004708362299409741,0,2.216867554250298e-05,0.004719481553226862
s11-114-35,u035,2025-06-13,variable,hazard,60,0.0114872752603844,0,0.00013195749290783947,0.01155376367777305
s11-114-35,u035,2025-06-13,variable,hazard,120,0.03615685659190526,0,0.001307318278607603,0.036826711917956126
s11-114-35,u035,2025-06-13,variable,hazard_cal,30,0.0032114687693747257,0,1.0313531656669215e-05,0.00321663660239207
s11-114-35,u035,2025-06-13,variable,hazard_cal,60,0.007959550916354363,0,6.335445079003759e-05,0.007991397242620532
s11-114-35,u035,2025-06-13,variable,hazard_cal,120,0.02607319722629453,0,0.0006798116136012528,0.026419129319951475
s11-114-19,u019,2025-06-13,variable,empirical,30,0.0063657407407407,0,4.052265517832595e-05,0.006386088466525358
s11-114-19,u019,2025-06-13,variable,empirical,60,0.01388888888888884,0,0.00019290123456789987,0.01398624197473984
s11-114-19,u019,2025-06-13,variable,empirical,120,0.03414351851851849,0,0.001165779856824415,0.034740025702165826
s11-114-19,u019,2025-06-13,variable,hazard,30,0.004074143030726951,0,1.6598641434820985e-05,0.004082464962294788
s11-114-19,u019,2025-06-13,variable,hazard,60,0.009944928364971184,0,9.890160018440842e-05,0.00999470948650596
s11-114-19,u019,2025-06-13,variable,hazard,120,0.031360433941664656,0,0.0009834768170095126,0.03186270113953506
s11-114-19,u019,2025-06-13,variable,hazard_cal,30,0.0027519025934804597,0,7.57296788400448e-06,0.0027556960384815463
s11-114-19,u019,2025-06-13,variable,hazard_cal,60,0.006823085978161947,0,4.655450226539017e-05,0.006846469655890084
s11-114-19,u019,2025-06-13,variable,hazard_cal,120,0.022382905419161547,0,0.0005009944550031314,0.022637204444327517
s11-114-4,u004,2025-06-13,regular,empirical,30,0.0063657407407407,0,4.052265517832595e-05,0.006386088466525358
s11-114-4,u004,2025-06-13,regular,empirical,60,0.01388888888888884,0,0.00019290123456789987,0.01398624197473984
s11-114-4,u004,2025-06-13,regular,empirical,120,0.03414351851851849,0,0.001165779856824415,0.034740025702165826
s11-114-4,u004,2025-06-13,regular,hazard,30,0.007303787577872312,0,5.334531298268189e-05,0.0073305908242547275
s11-114-4,u004,2025-06-13,regular,hazard,60,0.01778287172371018,0,0.0003162305267419311,0.017942886844164233
s11-114-4,u004,2025-06-13,regular,hazard,120,0.05554975037530263,0,0.003085774766758435,0.05715226719739498
s11-114-4,u004,2025-06-13,regular,hazard_cal,30,0.005132190611801812,0,2.633938047586666e-05,0.005145405535769383
s11-114-4,u004,2025-06-13,regular,hazard_cal,60,0.012700082850980121,0,0.00016129210442175935,0.012781418281459124
s11-114-4,u004,2025-06-13,regular,hazard_cal,120,0.041350902214702945,0,0.001709897113969925,0.04223017534862637
s11-114-32,u032,2025-06-13,regular,empirical,30,0.0063657407407407,0,4.052265517832595e-05,0.006386088466525358
s11-114-32,u032,2025-06-13,regular,empirical,60,0.01388888888888884,0,0.00019290123456789987,0.01398624197473984
s11-114-32,u032,2025-06-13,regular,empirical,120,0.03414351851851849,0,0.001165779856824415,0.034740025702165826
s11-114-32,u032,2025-06-13,regular,hazard,30,0.0021766196660626402,0,4.73767317069064e-06,0.0021789919456400263
s11-114-32,u032,2025-06-13,regular,hazard,60,0.0053210910461838345,0,2.8314009921777775e-05,0.005335298472897371
s11-114-32,u032,2025-06-13,regular,hazard,120,0.016873279947303366,0,0.0002847075761800699,0.017017255594320067
s11-114-32,u032,2025-06-13,regular,hazard_cal,30,0.0014096317954734872,0,1.9870617988098072e-06,0.0014106262610362739
s11-114-32,u032,2025-06-13,regular,hazard_cal,60,0.0034988816170851145,0,1.2242172570376145e-05,0.0035050170189140357
s11-114-32,u032,2025-06-13,regular,hazard_cal,120,0.011526764244505272,0,0.0001328662939484052,0.011593712352083549
s11-114-6,u006,2025-06-13,regular,empirical,30,0.0063657407407407,0,4.052265517832595e-05,0.006386088466525358
s11-114-6,u006,2025-06-13,regular,empirical,60,0.01388888888888884,0,0.00019290123456789987,0.01398624197473984
s11-114-6,u006,2025-06-13,regular,empirical,120,0.03414351851851849,0,0.001165779856824415,0.034740025702165826
s11-114-6,u006,2025-06-13,regular,hazard,30,0.006986344861445781,0,4.880901452304987e-05,0.0070108636331714545
s11-114-6,u006,2025-06-13,regular,hazard,60,0.01701426050847965,0,0.00028948506065041023,0.017160666069884208
s11-114-6,u006,2025-06-13,regular,hazard,120,0.05319801258052603,0,0.002830028542517806,0.054665302253389635
s11-114-6,u006,2025-06-13,regular,hazard_cal,30,0.004894315981574526,0,2.3954328927495817e-05,0.004906332370073024
s11-114-6,u006,2025-06-13,regular,hazard_cal,60,0.012113792896920272,0,0.00014674397834947605,0.012187762864301378
s11-114-6,u006,2025-06-13,regular,hazard_cal,120,0.03947148785835164,0,0.0015579983537520009,0.040271612527331295
s11-114-1,u001,2025-06-13,regular,empirical,30,0.0063657407407407,0,4.052265517832595e-05,0.006386088466525358
s11-114-1,u001,2025-06-13,regular,empirical,60,0.01388888888888884,0,0.00019290123456789987,0.01398624197473984
s11-114-1,u001,2025-06-13,regular,empirical,120,0.03414351851851849,0,0.001165779856824415,0.034740025702165826
s11-114-1,u001,2025-06-13,regular,hazard,30,0.0021910710440610215,0,4.8007923201226545e-06,0.0021934749522854497
s11-114-1,u001,2025-06-13,regular,hazard,60,0.005356358424019492,0,2.8690575566564574e-05,0.0053707551441445345
s11-114-1,u001,2025-06-13,regular,hazard,120,0.01698439211108438,0,0.00028846957538306527,0.017130281149306845
s11-114-1,u001,2025-06-13,regular,hazard_cal,30,0.0014196193568632998,0,2.015319118380969e-06,0.0014206279711010327
s11-114-1,u001,2025-06-13,regular,hazard_cal,60,0.00352364326857435,0,1.241606188416933e-05,0.0035298659214226696
s11-114-1,u001,2025-06-13,regular,hazard_cal,120,0.0116079725096494,0,0.0001347450257847762,0.01167587097634555
s11-114-10,u010,2025-06-13,variable,empirical,30,0.0063657407407407,0,4.052265517832595e-05,0.006386088466525358
s11-114-10,u010,2025-06-13,variable,empirical,60,0.01388888888888884,0,0.00019290123456789987,0.01398624197473984
s11-114-10,u010,2025-06-13,variable,empirical,120,0.03414351851851849,0,0.001165779856824415,0.034740025702165826
s11-114-10,u010,2025-06-13,variable,hazard,30,0.00041011001698454397,0,1.6819022603106295e-07,0.0004101941350967993
s11-114-10,u010,2025-06-13,variable,hazard,60,0.0010039820810968658,0,1.0079800191635936e-06,0.0010044864086919503
s11-114-10,u010,2025-06-13,variable,hazard,120,0.0032002395871969513,0,1.0241533415462514e-05,0.003205371305314471
s11-114-10,u010,2025-06-13,variable,hazard_cal,30,0.0002376464807697376,0,5.647584982224126e-08,0.00023767472316920857
s11-114-10,u010,2025-06-13,variable,hazard_cal,60,0.0005904325128550658,0,3.486105522363475e-07,0.0005906068867719155
s11-114-10,u010,2025-06-13,variable,hazard_cal,120,0.0019523633026238274,0,3.811722465432219e-06,0.001954271648116887
s11-114-20,u020,2025-06-13,variable,empirical,30,0.0063657407407407,0,4.052265517832595e-05,0.006386088466525358
s11-114-20,u020,2025-06-13,variable,empirical,60,0.01388888888888884,0,0.00019290123456789987,0.01398624197473984
s11-114-20,u020,2025-06-13,variable,empirical,120,0.03414351851851849,0,0.001165779856824415,0.034740025702165826
s11-114-20,u020,2025-06-13,variable,hazard,30,0.0009894466272338809,0,9.790046281445025e-07,0.000989936452678698
s11-114-20,u020,2025-06-13,variable,hazard,60,0.0024211336746953194,0,5.861888270743661e-06,0.002424069358242827
s11-114-20,u020,2025-06-13,variable,hazard,120,0.007704318084529316,0,5.9356517147605466e-05,0.0077341496631954994
s11-114-20,u020,2025-06-13,variable,hazard_cal,30,0.000607943623967433,0,3.695954499226555e-07,0.0006081284966242935
s11-114-20,u020,2025-06-13,variable,hazard_cal,60,0.0015099792291870529,0,2.280037272576326e-06,0.0015111203967275299
s11-114-20,u020,2025-06-13,variable,hazard_cal,120,0.004987140591513617,0,2.487157127952279e-05,0.00499961787842929
s11-114-28,u028,2025-06-13,variable,empirical,30,0.0063657407407407,0,4.052265517832595e-05,0.006386088466525358
s11-114-28,u028,2025-06-13,variable,empirical,60,0.01388888888888884,0,0.00019290123456789987,0.01398624197473984
s11-114-28,u028,2025-06-13,variable,empirical,120,0.03414351851851849,0,0.001165779856824415,0.034740025702165826
s11-114-28,u028,2025-06-13,variable,hazard,30,0.0075600920806280225,0,5.7154992267574546e-05,0.00758881443074052
s11-114-28,u028,2025-06-13,variable,hazard,60,0.018403168186808094,0,0.0003386765993119455,0.018574613164816876
s11-114-28,u028,2025-06-13,variable,hazard,120,0.05744447771494121,0,0.0032998680199423772,0.059160451808803485
s11-114-28,u028,2025-06-13,variable,hazard_cal,30,0.005324777606430464,0,2.8353256557943345e-05,0.005339004761474696
s11-114-28,u028,2025-06-13,variable,hazard_cal,60,0.013174585035250486,0,0.00017356969085104604,0.013262139728764749
s11-114-28,u028,2025-06-13,variable,hazard_cal,120,0.04286989485317716,0,0.0018378278847224654,0.04381594572807599
s11-114-45,u045,2025-06-13,regular,empirical,30,0.0063657407407407,0,4.052265517832595e-05,0.006386088466525358
s11-114-45,u045,2025-06-13,regular,empirical,60,0.01388888888888884,0,0.00019290123456789987,0.01398624197473984
s11-114-45,u045,2025-06-13,regular,empirical,120,0.03414351851851849,0,0.001165779856824415,0.034740025702165826
s11-114-45,u045,2025-06-13,regular,hazard,30,0.003514126982831156,0,1.2349088451462004e-05,0.003520316030711026
s11-114-45,u045,2025-06-13,regular,hazard,60,0.008581743174426282,0,7.364631591181207e-05,0.008618778368959613
s11-114-45,u045,2025-06-13,regular,hazard,120,0.027106218805881932,0,0.0007347470979523473,0.02748036905107619
s11-114-45,u045,2025-06-13,regular,hazard_cal,30,0.002350132886249079,0,5.523124583029426e-06,0.0023528987828734253
s11-114-45,u045,2025-06-13,regular,hazard_cal,60,0.005828846634603813,0,3.397545308973219e-05,0.005845900663652252
s11-114-45,u045,2025-06-13,regular,hazard_cal,120,0.019145614897176033,0,0.00036655456979096886,0.019331265599680455
s11-114-50,u050,2025-06-13,variable,empirical,30,0.0063657407407407,0,4.052265517832595e-05,0.006386088466525358
s11-114-50,u050,2025-06-13,variable,empirical,60,0.01388888888888884,0,0.00019290123456789987,0.01398624197473984
s11-114-50,u050,2025-06-13,variable,empirical,120,0.03414351851851849,0,0.001165779856824415,0.034740025702165826
s11-114-50,u050,2025-06-13,variable,hazard,30,0.0013624012133927055,0,1.8561370662539162e-06,0.0013633301257225472
s11-114-50,u050,2025-06-13,variable,hazard,60,0.003332753354398421,0,1.1107244921253928e-05,0.003338319347020156
s11-114-50,u050,2025-06-13,variable,hazard,120,0.010593558444710438,0,0.00011222348052149583,0.010650069642419512
s11-114-50,u050,2025-06-13,variable,hazard_cal,30,0.0008551356609669547,0,7.312569986573905e-07,0.0008555014980413714
s11-114-50,u050,2025-06-13,variable,hazard_cal,60,0.0021235137988540043,0,4.509310853923365e-06,0.0021257716512343623
s11-114-50,u050,2025-06-13,variable,hazard_cal,120,0.0070080247978880905,0,4.911241156781441e-05,0.0070326963370791985
s11-114-55,u055,2025-06-13,new,empirical,30,0.0063657407407407,0,4.052265517832595e-05,0.006386088466525358
s11-114-55,u055,2025-06-13,new,empirical,60,0.01388888888888884,0,0.00019290123456789987,0.01398624197473984
s11-114-55,u055,2025-06-13,new,empirical,120,0.03414351851851849,0,0.001165779856824415,0.034740025702165826
s11-114-55,u055,2025-06-13,new,hazard,30,0.0025826459734048512,0,6.670060223944292e-06,0.0025859867567970055
s11-114-55,u055,2025-06-13,new,hazard,60,0.006311656673128496,0,3.983700995944748e-05,0.0063316593893788745
s11-114-55,u055,2025-06-13,new,hazard,120,0.01999052117782707,0,0.0003996209369611526,0.020193035096772127
s11-114-55,u055,2025-06-13,new,hazard_cal,30,0.0016918516379551551,0,2.8623619648515413e-06,0.0016932844352192291
s11-114-55,u055,2025-06-13,new,hazard_cal,60,0.004198419336758019,0,1.7626724927263645e-05,0.004207257445286409
s11-114-55,u055,2025-06-13,new,hazard_cal,120,0.013818987483838363,0,0.00019096441507848133,0.013915358555146612
s11-114-59,u059,2025-06-13,new,empirical,30,0.0063657407407407,0,4.052265517832595e-05,0.006386088466525358
s11-114-59,u059,2025-06-13,new,empirical,60,0.01388888888888884,0,0.00019290123456789987,0.01398624197473984
s11-114-59,u059,2025-06-13,new,empirical,120,0.03414351851851849,0,0.001165779856824415,0.034740025702165826
s11-114-59,u059,2025-06-13,new,hazard,30,0.0017628199264820843,0,3.107534093202301e-06,0.001764375521953961
s11-114-59,u059,2025-06-13,new,hazard,60,0.004310904529000514,0,1.8583897858157148e-05,0.004320223269038559
s11-114-59,u059,2025-06-13,new,hazard,120,0.013686599104779096,0,0.00018732299505493994,0.013781124076855649
s11-114-59,u059,2025-06-13,new,hazard_cal,30,0.0011256626283068227,0,1.2671163527666243e-06,0.0011262966623334719
s11-114-59,u059,2025-06-13,new,hazard_cal,60,0.0027946823232870566,0,7.81024928809314e-06,0.0027985947389371517
s11-114-59,u059,2025-06-13,new,hazard_cal,120,0.009215119089168056,0,8.491841982754949e-05,0.009257840959710033
s11-114-43,u043,2025-06-13,regular,empirical,30,0.0063657407407407,0,4.052265517832595e-05,0.006386088466525358
s11-114-43,u043,2025-06-13,regular,empirical,60,0.01388888888888884,0,0.00019290123456789987,0.01398624197473984
s11-114-43,u043,2025-06-13,regular,empirical,120,0.03414351851851849,0,0.001165779856824415,0.034740025702165826
s11-114-43,u043,2025-06-13,regular,hazard,30,0.01788438578132856,0,0.00031985125477538716,0.018046244137470677
s11-114-43,u043,2025-06-13,regular,hazard,60,0.043179790776543214,0,0.0018644943315060465,0.04413977432879504
s11-114-43,u043,2025-06-13,regular,hazard,120,0.1308186106028384,0,0.01711350888005706,0.14020344201504745
s11-114-43,u043,2025-06-13,regular,hazard_cal,30,0.013366837030939216,0,0.0001786723322116879,0.013456977358950229
s11-114-43,u043,2025-06-13,regular,hazard_cal,60,0.03285561142133109,0,0.001079491201869502,0.03340747866847163
s11-114-43,u043,2025-06-13,regular,hazard_cal,120,0.10426072314218449,0,0.010870298390131244,0.11010589400150488
s11-114-14,u014,2025-06-13,variable,empirical,30,0.0063657407407407,0,4.052265517832595e-05,0.006386088466525358
s11-114-14,u014,2025-06-13,variable,empirical,60,0.01388888888888884,0,0.00019290123456789987,0.01398624197473984
s11-114-14,u014,2025-06-13,variable,empirical,120,0.03414351851851849,0,0.001165779856824415,0.034740025702165826
s11-114-14,u014,2025-06-13,variable,hazard,30,0.015018313514167159,0,0.0002255497408098159,0.015132230383058689
s11-114-14,u014,2025-06-13,variable,hazard,60,0.036342639839330504,0,0.0013207874704912928,0.03701948307174476
s11-114-14,u014,2025-06-13,variable,hazard,120,0.11101570426848739,0,0.012324486594228249,0.11767570871817366
s11-114-14,u014,2025-06-13,variable,hazard_cal,30,0.011088839000767181,0,0.0001229623503849353,0.011150778492974982
s11-114-14,u014,2025-06-13,variable,hazard_cal,60,0.027307127524562214,0,0.0007456792136427032,0.02768689670073443
s11-114-14,u014,2025-06-13,variable,hazard_cal,120,0.08726916139288365,0,0.007615906530217175,0.09131425170195297
s11-114-18,u018,2025-06-13,regular,empirical,30,0.0063657407407407,0,4.052265517832595e-05,0.006386088466525358
s11-114-18,u018,2025-06-13,regular,empirical,60,0.01388888888888884,0,0.00019290123456789987,0.01398624197473984
s11-114-18,u018,2025-06-13,regular,empirical,120,0.03414351851851849,0,0.001165779856824415,0.034740025702165826
s11-114-18,u018,2025-06-13,regular,hazard,30,0.0018660404066112024,0,3.4821067991057015e-06,0.0018677836289638836
s11-114-18,u018,2025-06-13,regular,hazard,60,0.004562953041839957,0,2.0820540462036514e-05,0.00457339508855796
s11-114-18,u018,2025-06-13,regular,hazard,120,0.014482426163785478,0,0.00020974066758949815,0.014588320142254606
s11-114-18,u018,2025-06-13,regular,hazard_cal,30,0.0011961145490286818,0,1.4306900143980868e-06,0.0011968304649711365
s11-114-18,u018,2025-06-13,regular,hazard_cal,60,0.0029694225718639444,0,8.817470410295082e-06,0.00297384005415088
s11-114-18,u018,2025-06-13,regular,hazard_cal,120,0.009789119934250246,0,9.582686908713554e-05,0.009837348369522015
s11-114-21,u021,2025-06-13,variable,empirical,30,0.0063657407407407,0,4.052265517832595e-05,0.006386088466525358
s11-114-21,u021,2025-06-13,variable,empirical,60,0.01388888888888884,0,0.00019290123456789987,0.01398624197473984
s11-114-21,u021,2025-06-13,variable,empirical,120,0.03414351851851849,0,0.001165779856824415,0.034740025702165826
s11-114-21,u021,2025-06-13,variable,hazard,30,0.007099588589056127,0,5.040415813385597e-05,0.007124910589825374
s11-114-21,u021,2025-06-13,variable,hazard,60,0.017288497517450763,0,0.0002988921464109012,0.017439688703578198
s11-114-21,u021,2025-06-13,variable,hazard,120,0.0540376072125649,0,0.002920062993259446,0.05555246464495418
s11-114-21,u021,2025-06-13,variable,hazard_cal,30,0.004979090484716897,0,2.4791342054998346e-05,0.004991527456123424
s11-114-21,u021,2025-06-13,variable,hazard_cal,60,0.01232276293067569,0,0.00015185048624563493,0.012399317735040888
s11-114-21,u021,2025-06-13,variable,hazard_cal,120,0.04014168847021382,0,0.0016113551532396973,0.040969597569521995
s11-114-47,u047,2025-06-13,variable,empirical,30,0.0063657407407407,0,4.052265517832595e-05,0.006386088466525358
s11-114-47,u047,2025-06-13,variable,empirical,60,0.01388888888888884,0,0.00019290123456789987,0.01398624197473984
s11-114-47,u047,2025-06-13,variable,empirical,120,0.03414351851851849,0,0.001165779856824415,0.034740025702165826
s11-114-47,u047,2025-06-13,variable,hazard,30,0.0008786606446565814,0,7.720445284683193e-07,0.000879046893191648
s11-114-47,u047,2025-06-13,variable,hazard,60,0.00215023369476397,0,4.623504942098314e-06,0.002152548766460466
s11-114-47,u047,2025-06-13,variable,hazard,120,0.006844516399704292,0,4.6847404745821007e-05,0.006868047536378598
s11-114-47,u047,2025-06-13,variable,hazard_cal,30,0.0005356214820025906,0,2.868903719826515e-07,0.000535764978430716
s11-114-47,u047,2025-06-13,variable,hazard_cal,60,0.001330427703463144,0,1.7700378741422153e-06,0.0013313135081534494
s11-114-47,u047,2025-06-13,variable,hazard_cal,120,0.004395127194258275,0,1.9317143053708614e-05,0.004404814159835933
s11-114-17,u017,2025-06-13,variable,empirical,30,0.0063657407407407,0,4.052265517832595e-05,0.006386088466525358
s11-114-17,u017,2025-06-13,variable,empirical,60,0.01388888888888884,0,0.00019290123456789987,0.01398624197473984
s11-114-17,u017,2025-06-13,variable,empirical,120,0.03414351851851849,0,0.001165779856824415,0.034740025702165826
s11-114-17,u017,2025-06-13,variable,hazard,30,0.0006849102901682613,0,4.6910210557837193e-07,0.0006851449483737146
s11-114-17,u017,2025-06-13,variable,hazard,60,0.0016763503767189825,0,2.8101505855258745e-06,0.0016777570242542976
s11-114-17,u017,2025-06-13,variable,hazard,120,0.0053391204524427804,0,2.85062072056928e-05,0.00535342449275949
s11-114-17,u017,2025-06-13,variable,hazard_cal,30,0.00041064925689515697,0,1.6863281218854462e-07,0.0004107335963913425
s11-114-17,u017,2025-06-13,variable,hazard_cal,60,0.0010201137875244237,0,1.040632139497425e-06,0.0010206344577195201
s11-114-17,u017,2025-06-13,variable,hazard_cal,120,0.0033713264041799196,0,1.1365841723520706e-05,0.0033770221300787207
s11-114-26,u026,2025-06-13,regular,empirical,30,0.0063657407407407,0,4.052265517832595e-05,0.006386088466525358
s11-114-26,u026,2025-06-13,regular,empirical,60,0.01388888888888884,0,0.00019290123456789987,0.01398624197473984
s11-114-26,u026,2025-06-13,regular,empirical,120,0.03414351851851849,0,0.001165779856824415,0.034740025702165826
s11-114-26,u026,2025-06-13,regular,hazard,30,0.001355630233544014,0,1.837733330098598e-06,0.0013565499314832504
s11-114-26,u026,2025-06-13,regular,hazard,60,0.0033162077262443024,0,1.0997233683602406e-05,0.003321718529771761
s11-114-26,u026,2025-06-13,regular,hazard,120,0.01054117619037298,0,0.00011111639547648622,0.010597127933586158
s11-114-26,u026,2025-06-13,regular,hazard_cal,30,0.0008506029913603053,0,7.235254489110996e-07,0.0008509649593600259
s11-114-26,u026,2025-06-13,regular,hazard_cal,60,0.002112265869007146,0,4.461667101372514e-06,0.0021144998489519206
s11-114-26,u026,2025-06-13,regular,hazard_cal,120,0.006971004433944272,0,4.8594902818070705e-05,0.00699541539745872
s11-114-3,u003,2025-06-13,regular,empirical,30,0.0063657407407407,0,4.052265517832595e-05,0.006386088466525358
s11-114-3,u003,2025-06-13,regular,empirical,60,0.01388888888888884,0,0.00019290123456789987,0.01398624197473984
s11-114-3,u003,2025-06-13,regular,empirical,120,0.03414351851851849,0,0.001165779856824415,0.034740025702165826
s11-114-3,u003,2025-06-13,regular,hazard,30,0.011042564401296584,0,0.00012193822855678259,0.011103986102865107
s11-114-3,u003,2025-06-13,regular,hazard,60,0.026806237564309887,0,0.0007185743723542185,0.027172077427783162
s11-114-3,u003,2025-06-13,regular,hazard,120,0.08283134949302828,0,0.006861032458836197,0.08646390814317229
s11-114-3,u003,2025-06-13,regular,hazard_cal,30,0.007981843765607843,0,6.370982989857279e-05,0.008013869209118563
s11-114-3,u003,2025-06-13,regular,hazard_cal,60,0.019705889701910673,0,0.0003883220889438691,0.019902639793211656
s11-114-3,u003,2025-06-13,regular,hazard_cal,120,0.06359050354549323,0,0.004043752141169386,0.06570240196602938
s11-114-31,u031,2025-06-13,variable,empirical,30,0.0063657407407407,0,4.052265517832595e-05,0.006386088466525358
s11-114-31,u031,2025-06-13,variable,empirical,60,0.01388888888888884,0,0.00019290123456789987,0.01398624197473984
s11-114-31,u031,2025-06-13,variable,empirical,120,0.03414351851851849,0,0.001165779856824415,0.034740025702165826
s11-114-31,u031,2025-06-13,variable,hazard,30,0.0009602892968270105,0,9.221555336005143e-07,0.0009607506699852632
s11-114-31,u031,2025-06-13,variable,hazard,60,0.0023498411760352056,0,5.521753552590518e-06,0.002352606385529586
s11-114-31,u031,2025-06-13,variable,hazard,120,0.007478099326727272,0,5.592196954039888e-05,0.007506200494701601
s11-114-31,u031,2025-06-13,variable,hazard_cal,30,0.0005888542992298351,0,3.467493857214602e-07,0.000589027742014391
s11-114-31,u031,2025-06-13,variable,hazard_cal,60,0.001462588922767294,0,2.1391663570015933e-06,0.001463659549998149
s11-114-31,u031,2025-06-13,variable,hazard_cal,120,0.0048309126819015,0,2.3337717340156744e-05,0.0048426192580870876
s11-114-33,u033,2025-06-13,regular,empirical,30,0.0063657407407407,0,4.052265517832595e-05,0.006386088466525358
s11-114-33,u033,2025-06-13,regular,empirical,60,0.01388888888888884,0,0.00019290123456789987,0.01398624197473984
s11-114-33,u033,2025-06-13,regular,empirical,120,0.03414351851851849,0,0.001165779856824415,0.034740025702165826
s11-114-33,u033,2025-06-13,regular,hazard,30,0.0017682317577578655,0,3.1266435491434706e-06,0.0017697969248566807
s11-114-33,u033,2025-06-13,regular,hazard,60,0.004324120411827503,0,1.8698017335983258e-05,0.004333496459029049
s11-114-33,u033,2025-06-13,regular,hazard,120,0.013728339444698312,0,0.00018846730390885955,0.013823444522996262
s11-114-33,u033,2025-06-13,regular,hazard_cal,30,0.0011293496598877573,0,1.275430654288593e-06,0.0011299878557576753
s11-114-33,u033,2025-06-13,regular,hazard_cal,60,0.002803827679867532,0,7.861449658391349e-06,0.0028077657675654485
s11-114-33,u033,2025-06-13,regular,hazard_cal,120,0.009245166854467746,0,8.547311016694904e-05,0.009288168653966014
s11-114-46,u046,2025-06-13,regular,empirical,30,0.0063657407407407,0,4.052265517832595e-05,0.006386088466525358
s11-114-46,u046,2025-06-13,regular,empirical,60,0.01388888888888884,0,0.00019290123456789987,0.01398624197473984
s11-114-46,u046,2025-06-13,regular,empirical,120,0.03414351851851849,0,0.001165779856824415,0.034740025702165826
s11-114-46,u046,2025-06-13,regular,hazard,30,0.0065152015860410195,0,4.244785170675141e-05,0.006536518150147008
s11-114-46,u046,2025-06-13,regular,hazard,60,0.015872784444160737,0,0.00025194528601079106,0.016000106184890176
s11-114-46,u046,2025-06-13,regular,hazard,120,0.049697279849678644,0,0.002469819624457275,0.05097469235675609
s11-114-46,u046,2025-06-13,regular,hazard_cal,30,0.0045426553697751615,0,2.063571780854711e-05,0.004553004582510771
s11-114-46,u046,2025-06-13,regular,hazard_cal,60,0.011246636068247273,0,0.00012648682285160048,0.0113103576994842
s11-114-46,u046,2025-06-13,regular,hazard_cal,120,0.036686524780661256,0,0.0013459011004820724,0.03737640071540341
s11-114-39,u039,2025-06-13,variable,empirical,30,0.0063657407407407,0,4.052265517832595e-05,0.006386088466525358
s11-114-39,u039,2025-06-13,variable,empirical,60,0.01388888888888884,0,0.00019290123456789987,0.01398624197473984
s11-114-39,u039,2025-06-13,variable,empirical,120,0.03414351851851849,0,0.001165779856824415,0.034740025702165826
s11-114-39,u039,2025-06-13,variable,hazard,30,0.003301767002246825,0,1.0901665337125984e-05,0.0033072298629586217
s11-114-39,u039,2025-06-13,variable,hazard,60,0.00806450178640472,0,6.503618906292493e-05,0.008097195773385208
s11-114-39,u039,2025-06-13,variable,hazard,120,0.02548833744102541,0,0.0006496553455075778,0.025818792369885397
s11-114-39,u039,2025-06-13,variable,hazard_cal,30,0.002198882012557024,0,4.835082105146828e-06,0.0022013031033894254
s11-114-39,u039,2025-06-13,variable,hazard_cal,60,0.005454384492402209,0,2.9750310190957702e-05,0.0054693139596147
s11-114-39,u039,2025-06-13,variable,hazard_cal,120,0.017924208828864474,0,0.00032127726214074316,0.01808679318725482
s11-114-16,u016,2025-06-13,variable,empirical,30,0.0063657407407407,0,4.052265517832595e-05,0.006386088466525358
s11-114-16,u016,2025-06-13,variable,empirical,60,0.01388888888888884,1,0.9724151234567903,4.276666119016059
s11-114-16,u016,2025-06-13,variable,empirical,120,0.03414351851851849,1,0.9328787428197874,3.3771825054582822
s11-114-16,u016,2025-06-13,variable,hazard,30,0.009445770457214953,0,8.922257953039478e-05,0.00949066467764088
s11-114-16,u016,2025-06-13,variable,hazard,60,0.022959026046114106,1,0.9546090647847579,3.7740441280248413
s11-114-16,u016,2025-06-13,variable,hazard,120,0.0712730696393934,1,0.862533711177035,2.641236727827699
s11-114-16,u016,2025-06-13,variable,hazard_cal,30,0.006754849051657019,0,4.562798571067173e-05,0.0067777663045378205
s11-114-16,u016,2025-06-13,variable,hazard_cal,60,0.016693362876563533,1,0.9668919426110015,4.092744071097777
s11-114-16,u016,2025-06-13,variable,hazard_cal,120,0.05407659560704314,1,0.8947710869783614,2.9173538002821253
s11-114-25,u025,2025-06-13,variable,empirical,30,0.0063657407407407,0,4.052265517832595e-05,0.006386088466525358
s11-114-25,u025,2025-06-13,variable,empirical,60,0.01388888888888884,0,0.00019290123456789987,0.01398624197473984
s11-114-25,u025,2025-06-13,variable,empirical,120,0.03414351851851849,0,0.001165779856824415,0.034740025702165826
s11-114-25,u025,2025-06-13,variable,hazard,30,0.0099162742579324,0,9.833249515853278e-05,0.009965767972831526
s11-114-25,u025,2025-06-13,variable,hazard,60,0.02409364558368765,0,0.0005805037575123515,0.02438864551632364
s11-114-25,u025,2025-06-13,variable,hazard,120,0.0746931592792095,0,0.00557906804310936,0.07762987677837481
s11-114-25,u025,2025-06-13,variable,hazard_cal,30,0.007114974687373654,0,5.062286480196783e-05,0.007140406824245564
s11-114-25,u025,2025-06-13,variable,hazard_cal,60,0.017578174700926263,0,0.00030899222581628414,0.01773450552997711
s11-114-25,u025,2025-06-13,variable,hazard_cal,120,0.056878611159835946,0,0.0032351764074718143,0.05856027839759763
s11-114-53,u053,2025-06-13,regular,empirical,30,0.0063657407407407,0,4.052265517832595e-05,0.006386088466525358
s11-114-53,u053,2025-06-13,regular,empirical,60,0.01388888888888884,0,0.00019290123456789987,0.01398624197473984
s11-114-53,u053,2025-06-13,regular,empirical,120,0.03414351851851849,0,0.001165779856824415,0.034740025702165826
s11-114-53,u053,2025-06-13,regular,hazard,30,0.0009900071911423947,0,9.80114238513654e-07,0.000990497571942046
s11-114-53,u053,2025-06-13,regular,hazard,60,0.002422504275514825,0,5.868526964887608e-06,0.0024254432864677785
s11-114-53,u053,2025-06-13,regular,hazard,120,0.007708666767100358,0,5.942354332619749e-05,0.007738532119130015
s11-114-53,u053,2025-06-13,regular,hazard_cal,30,0.0006083109977639278,0,3.700422700005454e-07,0.0006084960939667718
s11-114-53,u053,2025-06-13,regular,hazard_cal,60,0.0015108912405102926,0,2.2827923406507307e-06,0.0015120337876686303
s11-114-53,u053,2025-06-13,regular,hazard_cal,120,0.004990146962244646,0,2.490156670479947e-05,0.005002639322066318
s11-114-44,u044,2025-06-13,regular,empirical,30,0.0063657407407407,0,4.052265517832595e-05,0.006386088466525358
s11-114-44,u044,2025-06-13,regular,empirical,60,0.01388888888888884,0,0.00019290123456789987,0.01398624197473984
s11-114-44,u044,2025-06-13,regular,empirical,120,0.03414351851851849,0,0.001165779856824415,0.034740025702165826
s11-114-44,u044,2025-06-13,regular,hazard,30,0.010984830901785592,0,0.00012066650994082366,0.011045609662877725
s11-114-44,u044,2025-06-13,regular,hazard,60,0.026667308910258036,0,0.0007111453645151277,0.027029332227443206
s11-114-44,u044,2025-06-13,regular,hazard,120,0.08241585474192736,0,0.0067923731128424715,0.0860109918057097
s11-114-44,u044,2025-06-13,regular,hazard_cal,30,0.007937250523829653,0,6.29999458780341e-05,0.00796891817747731
s11-114-44,u044,2025-06-13,regular,hazard_cal,60,0.019596510176080995,0,0.00038402321108124595,0.019791067742594225
s11-114-44,u044,2025-06-13,regular,hazard_cal,120,0.06324636363276137,0,0.00400010251276748,0.06533495941863585
s11-114-5,u005,2025-06-13,regular,empirical,30,0.0063657407407407,0,4.052265517832595e-05,0.006386088466525358
s11-114-5,u005,2025-06-13,regular,empirical,60,0.01388888888888884,0,0.00019290123456789987,0.01398624197473984
s11-114-5,u005,2025-06-13,regular,empirical,120,0.03414351851851849,0,0.001165779856824415,0.034740025702165826
s11-114-5,u005,2025-06-13,regular,hazard,30,0.0008689142322212406,0,7.550119429566281e-07,0.0008692919570155364
s11-114-5,u005,2025-06-13,regular,hazard,60,0.002126398955442532,0,4.521572517707092e-06,0.0021286629517102765
s11-114-5,u005,2025-06-13,regular,hazard,120,0.006768841115072366,0,4.581721004109411e-05,0.006791853624226775
s11-114-5,u005,2025-06-13,regular,hazard_cal,30,0.0005292869956128321,0,2.8014472372485813e-07,0.0005294271174199762
s11-114-5,u005,2025-06-13,regular,hazard_cal,60,0.001314700297153526,0,1.7284368713355695e-06,0.0013155652737956765
s11-114-5,u005,2025-06-13,regular,hazard_cal,120,0.004343258193604482,0,1.886389173631247e-05,0.004352717538995253
s11-115-17,u017,2025-06-16,variable,empirical,30,0.0063657407407407,0,4.052265517832595e-05,0.006386088466525358
s11-115-17,u017,2025-06-16,variable,empirical,60,0.01388888888888884,0,0.00019290123456789987,0.01398624197473984
s11-115-17,u017,2025-06-16,variable,empirical,120,0.03414351851851849,0,0.001165779856824415,0.034740025702165826
s11-115-17,u017,2025-06-16,variable,hazard,30,0.0012308874077642251,0,1.5150838105925339e-06,0.001231645571876485
s11-115-17,u017,2025-06-16,variable,hazard,60,0.0030113532540402277,0,9.068248420618668e-06,0.003015896501424934
s11-115-17,u017,2025-06-16,variable,hazard,120,0.009575654749589657,0,9.169316388333897e-05,0.009621796123698425
s11-115-17,u017,2025-06-16,variable,hazard_cal,30,0.00076737603801591,0,5.888659837209954e-07,0.0007676706217217298
s11-115-17,u017,2025-06-16,variable,hazard_cal,60,0.0019057213643139947,0,3.6317739184027935e-06,0.0019075395616253924
s11-115-17,u017,2025-06-16,variable,hazard_cal,120,0.006291014291934904,0,3.9576860821329225e-05,0.006310886108774378
s11-115-2,u002,2025-06-16,variable,empirical,30,0.0063657407407407,0,4.052265517832595e-05,0.006386088466525358
s11-115-2,u002,2025-06-16,variable,empirical,60,0.01388888888888884,0,0.00019290123456789987,0.01398624197473984
s11-115-2,u002,2025-06-16,variable,empirical,120,0.03414351851851849,0,0.001165779856824415,0.034740025702165826
s11-115-2,u002,2025-06-16,variable,hazard,30,0.006429000874528135,0,4.133205224468352e-05,0.006449755904543536
s11-115-2,u002,2025-06-16,variable,hazard,60,0.015663846568595652,0,0.00024535608932450576,0.015787820927626556
s11-115-2,u002,2025-06-16,variable,hazard,120,0.04905544567953468,0,0.002406436750817778,0.050299520638543205
s11-115-2,u002,2025-06-16,variable,hazard_cal,30,0.004478501913175115,0,2.0056979386313164e-05,0.004488560445540736
s11-115-2,u002,2025-06-16,variable,hazard_cal,60,0.01108838677324453,0,0.00012295232123306422,0.01115032119464821
s11-115-2,u002,2025-06-16,variable,hazard_cal,120,0.036177620710441505,0,0.0013088202402685661,0.03684825519742298
s11-115-41,u041,2025-06-16,regular,empirical,30,0.0063657407407407,0,4.052265517832595e-05,0.006386088466525358
s11-115-41,u041,2025-06-16,regular,empirical,60,0.01388888888888884,0,0.00019290123456789987,0.01398624197473984
s11-115-41,u041,2025-06-16,regular,empirical,120,0.03414351851851849,0,0.001165779856824415,0.034740025702165826
s11-115-41,u041,2025-06-16,regular,hazard,30,0.008227858485241213,0,6.769765525315582e-05,0.008261894135113678
s11-115-41,u041,2025-06-16,regular,hazard,60,0.020018077758877095,0,0.00040072343716044984,0.020221154180393507
s11-115-41,u041,2025-06-16,regular,hazard,120,0.06236388342836052,0,0.00388925395626614,0.06439334066701694
s11-115-41,u041,2025-06-16,regular,hazard_cal,30,0.005828638717029988,0,3.3973029293660984e-05,0.005845691527075135
s11-115-41,u041,2025-06-16,regular,hazard_cal,60,0.014415306825554586,0,0.00020780107087488062,0.014520216787720266
s11-115-41,u041,2025-06-16,regular,hazard_cal,120,0.04683297944422071,0,0.0021933279636227997,0.04796513301768028
s11-115-1,u001,2025-06-16,regular,empirical,30,0.0063657407407407,0,4.052265517832595e-05,0.006386088466525358
s11-115-1,u001,2025-06-16,regular,empirical,60,0.01388888888888884,0,0.00019290123456789987,0.01398624197473984
s11-115-1,u001,2025-06-16,regular,empirical,120,0.03414351851851849,0,0.001165779856824415,0.034740025702165826
s11-115-1,u001,2025-06-16,regular,hazard,30,0.002081453964919766,0,4.332450608080215e-06,0.002083623200856331
s11-115-1,u001,2025-06-16,regular,hazard,60,0.005088826937966862,0,2.5896159604577185e-05,0.005101819113132214
s11-115-1,u001,2025-06-16,regular,hazard,120,0.016141280222476517,0,0.00026054092722051155,0.016272969699980485
s11-115-1,u001,2025-06-16,regular,hazard_cal,30,0.0013439743020456918,0,1.8062669245592044e-06,0.001344878245516609
s11-115-1,u001,2025-06-16,regular,hazard_cal,60,0.0033360902867892728,0,1.1129498401609732e-05,0.0033416674433765585
s11-115-1,u001,2025-06-16,regular,hazard_cal,120,0.010992746007755794,0,0.00012084046479103094,0.01105361271266912
s11-115-14,u014,2025-06-16,variable,empirical,30,0.0063657407407407,0,4.052265517832595e-05,0.006386088466525358
s11-115-14,u014,2025-06-16,variable,empirical,60,0.01388888888888884,0,0.00019290123456789987,0.01398624197473984
s11-115-14,u014,2025-06-16,variable,empirical,120,0.03414351851851849,0,0.001165779856824415,0.034740025702165826
s11-115-14,u014,2025-06-16,variable,hazard,30,0.005624082869667646,0,3.163030812488906e-05,0.00563995757213787
s11-115-14,u014,2025-06-16,variable,hazard,60,0.013711460455057445,0,0.0001880041478106041,0.01380633073388055
s11-115-14,u014,2025-06-16,variable,hazard,120,0.043042142049747545,0,0.0018526259922306458,0.0439959240784509
s11-115-14,u014,2025-06-16,variable,hazard_cal,30,0.0038824257239579163,0,1.507322950205015e-05,0.0038899819025844822
s11-115-14,u014,2025-06-16,variable,hazard_cal,60,0.009617232740125825,0,9.249116557774809e-05,0.009663776981177862
s11-115-14,u014,2025-06-16,variable,hazard_cal,120,0.03143671091373523,0,0.0009882667930737599,0.03194145073657125
s11-115-21,u021,2025-06-16,variable,empirical,30,0.0063657407407407,0,4.052265517832595e-05,0.006386088466525358
s11-115-21,u021,2025-06-16,variable,empirical,60,0.01388888888888884,0,0.00019290123456789987,0.01398624197473984
s11-115-21,u021,2025-06-16,variable,empirical,120,0.03414351851851849,0,0.001165779856824415,0.034740025702165826
s11-115-21,u021,2025-06-16,variable,hazard,30,0.003879257157905047,0,1.5048636097157544e-05,0.0038868009919216908
s11-115-21,u021,2025-06-16,variable,hazard,60,0.009470676699224523,0,8.96937171412343e-05,0.00951580873779436
s11-115-21,u021,2025-06-16,variable,hazard,120,0.0298819874353764,0,0.0008929331730879931,0.03033755244722642
s11-115-21,u021,2025-06-16,variable,hazard_cal,30,0.0026116309956473183,0,6.820616457425803e-06,0.0026150472531750353
s11-115-21,u021,2025-06-16,variable,hazard_cal,60,0.006476037076198593,0,4.193905621229882e-05,0.006497097579277325
s11-115-21,u021,2025-06-16,variable,hazard_cal,120,0.021253834712574027,0,0.00045172548998941665,0.02148294965422375
s11-115-24,u024,2025-06-16,regular,empirical,30,0.0063657407407407,0,4.052265517832595e-05,0.006386088466525358
s11-115-24,u024,2025-06-16,regular,empirical,60,0.01388888888888884,0,0.00019290123456789987,0.01398624197473984
s11-115-24,u024,2025-06-16,regular,empirical,120,0.03414351851851849,0,0.001165779856824415,0.034740025702165826
s11-115-24,u024,2025-06-16,regular,hazard,30,0.001203037648403682,0,1.4472995834766612e-06,0.0012037618791048896
s11-115-24,u024,2025-06-16,regular,hazard,60,0.002943284007485669,0,8.6629207487209e-06,0.00294762398581123
s11-115-24,u024,2025-06-16,regular,hazard,120,0.009359971863869276,0,8.760907329242449e-05,0.009404051673321121
s11-115-24,u024,2025-06-16,regular,hazard_cal,30,0.0007488701248539176,0,5.608064638987221e-07,0.0007491506681549423
s11-115-24,u024,2025-06-16,regular,hazard_cal,60,0.001859791386830234,0,3.4588240025279254e-06,0.0018615229460571836
s11-115-24,u024,2025-06-16,regular,hazard_cal,120,0.006139753864270903,0,3.769657751382948e-05,0.006158679659275559
s11-115-26,u026,2025-06-16,regular,empirical,30,0.0063657407407407,0,4.052265517832595e-05,0.006386088466525358
s11-115-26,u026,2025-06-16,regular,empirical,60,0.01388888888888884,0,0.00019290123456789987,0.01398624197473984
s11-115-26,u026,2025-06-16,regular,empirical,120,0.03414351851851849,0,0.001165779856824415,0.034740025702165826
s11-115-26,u026,2025-06-16,regular,hazard,30,0.0013116011316199883,0,1.7202975284668337e-06,0.001312462033239583
s11-115-26,u026,2025-06-16,regular,hazard,60,0.0032086134803148703,0,1.0295200466058305e-05,0.0032137721182202194
s11-115-26,u026,2025-06-16,regular,hazard,120,0.010200489610970642,0,0.00010404998830352,0.01025287112094031
s11-115-26,u026,2025-06-16,regular,hazard_cal,30,0.0008211661043812102,0,6.743137709846126e-07,0.0008215034459549894
s11-115-26,u026,2025-06-16,regular,hazard_cal,60,0.0020392154925148454,0,4.158399824912564e-06,0.0020412975233818874
s11-115-26,u026,2025-06-16,regular,hazard_cal,120,0.006730547484148586,0,4.530026943637886e-05,0.0067532997665448275
s11-115-29,u029,2025-06-16,regular,empirical,30,0.0063657407407407,0,4.052265517832595e-05,0.006386088466525358
s11-115-29,u029,2025-06-16,regular,empirical,60,0.01388888888888884,0,0.00019290123456789987,0.01398624197473984
s11-115-29,u029,2025-06-16,regular,empirical,120,0.03414351851851849,0,0.001165779856824415,0.034740025702165826
s11-115-29,u029,2025-06-16,regular,hazard,30,0.015614839160019045,0,0.00024382320199326426,0.015738034898256658
s11-115-29,u029,2025-06-16,regular,hazard,60,0.037768267881318596,0,0.0014264420587550418,0.03849997154649618
s11-115-29,u029,2025-06-16,regular,hazard,120,0.11517250385941247,0,0.013264705645246379,0.12236257258865998
s11-115-29,u029,2025-06-16,regular,hazard_cal,30,0.011560561712636308,0,0.00013364658711167253,0.011627904523116791
s11-115-29,u029,2025-06-16,regular,hazard_cal,60,0.02845780322945446,0,0.0008098465646463487,0.028870576449592435
s11-115-29,u029,2025-06-16,regular,hazard_cal,120,0.09081314139762453,0,0.008247026650504946,0.09520464091113676
s11-115-12,u012,2025-06-16,variable,empirical,30,0.0063657407407407,0,4.052265517832595e-05,0.006386088466525358
s11-115-12,u012,2025-06-16,variable,empirical,60,0.01388888888888884,0,0.00019290123456789987,0.01398624197473984
s11-115-12,u012,2025-06-16,variable,empirical,120,0.03414351851851849,0,0.001165779856824415,0.034740025702165826
s11-115-12,u012,2025-06-16,variable,hazard,30,0.00279080374146623,0,7.788585523381908e-06,0.002794705294898582
s11-115-12,u012,2025-06-16,variable,hazard,60,0.0068192433046408985,0,4.650207924788972e-05,0.006842600590839311
s11-115-12,u012,2025-06-16,variable,hazard,120,0.02158497048380481,0,0.0004659109507867249,0.02182133340643553
s11-115-12,u012,2025-06-16,variable,hazard_cal,30,0.001837737859198163,0,3.377280439130247e-06,0.001839428571125474
s11-115-12,u012,2025-06-16,variable,hazard_cal,60,0.0045599007789586254,0,2.0792695113947478e-05,0.0045703288392043104
s11-115-12,u012,2025-06-16,variable,hazard_cal,120,0.015001871341633,0,0.00022505614375090949,0.015115537651074188
s11-115-23,u023,2025-06-16,variable,empirical,30,0.0063657407407407,0,4.052265517832595e-05,0.006386088466525358
s11-115-23,u023,2025-06-16,variable,empirical,60,0.01388888888888884,0,0.00019290123456789987,0.01398624197473984
s11-115-23,u023,2025-06-16,variable,empirical,120,0.03414351851851849,0,0.001165779856824415,0.034740025702165826
s11-115-23,u023,2025-06-16,variable,hazard,30,0.0015774155965693204,0,2.488239964300145e-06,0.00157866102643077
s11-115-23,u023,2025-06-16,variable,hazard,60,0.003858072139543145,0,1.488472063391902e-05,0.003865533697528999
s11-115-23,u023,2025-06-16,variable,hazard,120,0.012255592395531423,0,0.00015019954496540763,0.012331311458658057
s11-115-23,u023,2025-06-16,variable,hazard_cal,30,0.0009998231201814312,0,9.996462716493324e-07,0.0010003232767237637
s11-115-23,u023,2025-06-16,variable,hazard_cal,60,0.0024825155132726096,0,6.162883273639168e-06,0.0024856020642413865
s11-115-23,u023,2025-06-16,variable,hazard_cal,120,0.008189049816840543,0,6.706053690269614e-05,0.008222764271012647
s11-115-31,u031,2025-06-16,variable,empirical,30,0.0063657407407407,0,4.052265517832595e-05,0.006386088466525358
s11-115-31,u031,2025-06-16,variable,empirical,60,0.01388888888888884,0,0.00019290123456789987,0.01398624197473984
s11-115-31,u031,2025-06-16,variable,empirical,120,0.03414351851851849,0,0.001165779856824415,0.034740025702165826
s11-115-31,u031,2025-06-16,variable,hazard,30,0.0016331655017866042,0,2.6672295562258907e-06,0.0016345005703546714
s11-115-31,u031,2025-06-16,variable,hazard,60,0.003994249956246088,0,1.595403271297187e-05,0.004002248277904197
s11-115-31,u031,2025-06-16,variable,hazard,120,0.012686095764489536,0,0.00016093702574579934,0.012767251373135743
s11-115-31,u031,2025-06-16,variable,hazard_cal,30,0.0010375628462121478,0,1.076536659839853e-06,0.0010381014871568548
s11-115-31,u031,2025-06-16,variable,hazard_cal,60,0.0025761422085892605,0,6.636508678875153e-06,0.002579466172825626
s11-115-31,u031,2025-06-16,variable,hazard_cal,120,0.008496879842743388,0,7.21969670620189e-05,0.008533184121280634
s11-115-44,u044,2025-06-16,regular,empirical,30,0.0063657407407407,0,4.052265517832595e-05,0.006386088466525358
s11-115-44,u044,2025-06-16,regular,empirical,60,0.01388888888888884,0,0.00019290123456789987,0.01398624197473984
s11-115-44,u044,2025-06-16,regular,empirical,120,0.03414351851851849,0,0.001165779856824415,0.034740025702165826
s11-115-44,u044,2025-06-16,regular,hazard,30,0.009036011364143448,0,8.164950137292953e-05,0.009077083722237008
s11-115-44,u044,2025-06-16,regular,hazard,60,0.021970198830899124,0,0.0004826896366692412,0.022215137868519825
s11-115-44,u044,2025-06-16,regular,hazard,120,0.06828469623578282,0,0.004662799740013132,0.07072797902556295
s11-115-44,u044,2025-06-16,regular,hazard_cal,30,0.006442239943667105,0,4.1502455491779944e-05,0.006463080727183231
s11-115-44,u044,2025-06-16,regular,hazard_cal,60,0.01592487327028913,0,0.00025360158867476925,0.016053036541715245
s11-115-44,u044,2025-06-16,regular,hazard_cal,120,0.05163775419263006,0,0.0026664576580584833,0.05301873388421765
s11-115-15,u015,2025-06-16,regular,empirical,30,0.0063657407407407,0,4.052265517832595e-05,0.006386088466525358
s11-115-15,u015,2025-06-16,regular,empirical,60,0.01388888888888884,0,0.00019290123456789987,0.01398624197473984
s11-115-15,u015,2025-06-16,regular,empirical,120,0.03414351851851849,0,0.001165779856824415,0.034740025702165826
s11-115-15,u015,2025-06-16,regular,hazard,30,0.006786846450616224,0,4.606128474424204e-05,0.00680998182991736
s11-115-15,u015,2025-06-16,regular,hazard,60,0.01653102437251619,0,0.00027327476680472426,0.016669186513324528
s11-115-15,u015,2025-06-16,regular,hazard,120,0.05171718835713368,0,0.0026746675715672436,0.05310249669923466
s11-115-15,u015,2025-06-16,regular,hazard_cal,30,0.0047452035210171495,0,2.2516956455873553e-05,0.004756497742328524
s11-115-15,u015,2025-06-16,regular,hazard_cal,60,0.011746158744525115,0,0.0001379722452515838,0.011815689886030685
s11-115-15,u015,2025-06-16,regular,hazard_cal,120,0.03829155125882644,0,0.0014662428978073326,0.039043942087386325
s11-115-18,u018,2025-06-16,regular,empirical,30,0.0063657407407407,0,4.052265517832595e-05,0.006386088466525358
s11-115-18,u018,2025-06-16,regular,empirical,60,0.01388888888888884,0,0.00019290123456789987,0.01398624197473984
s11-115-18,u018,2025-06-16,regular,empirical,120,0.03414351851851849,0,0.001165779856824415,0.034740025702165826
s11-115-18,u018,2025-06-16,regular,hazard,30,0.005518086911038167,0,3.044928315777074e-05,0.005533367792698334
s11-115-18,u018,2025-06-16,regular,hazard,60,0.013454173468607666,0,0.00018101478372338644,0.013545500942659779
s11-115-18,u018,2025-06-16,regular,hazard,120,0.04224757396522738,0,0.0017848575059473584,0.043165962348181104
s11-115-18,u018,2025-06-16,regular,hazard_cal,30,0.003804351456680566,0,1.4473090005947543e-05,0.0038116064077846922
s11-115-18,u018,2025-06-16,regular,hazard_cal,60,0.00942443416857941,0,8.881995939788707e-05,0.00946912516146563
s11-115-18,u018,2025-06-16,regular,hazard_cal,120,0.03081407354373511,0,0.0009495071283587161,0.03129881092907256
s11-115-35,u035,2025-06-16,variable,empirical,30,0.0063657407407407,0,4.052265517832595e-05,0.006386088466525358
s11-115-35,u035,2025-06-16,variable,empirical,60,0.01388888888888884,0,0.00019290123456789987,0.01398624197473984
s11-115-35,u035,2025-06-16,variable,empirical,120,0.03414351851851849,0,0.001165779856824415,0.034740025702165826
s11-115-35,u035,2025-06-16,variable,hazard,30,0.005030540247193738,0,2.530633517863603e-05,0.005043236010378616
s11-115-35,u035,2025-06-16,variable,hazard,60,0.012270179332014686,0,0.00015055730083980037,0.012346079493871844
s11-115-35,u035,2025-06-16,variable,hazard,120,0.03858469018322774,0,0.0014887783165356714,0.03934879914649876
s11-115-35,u035,2025-06-16,variable,hazard_cal,30,0.0034465919645967347,0,1.187899617042278e-05,0.00345254514540805
s11-115-35,u035,2025-06-16,variable,hazard_cal,60,0.00854065880896615,0,7.294285289117111e-05,0.008577339234736598
s11-115-35,u035,2025-06-16,variable,hazard_cal,120,0.027955999336384596,0,0.000781537898895936,0.028354207373826944
s11-115-42,u042,2025-06-16,regular,empirical,30,0.0063657407407407,0,4.052265517832595e-05,0.006386088466525358
s11-115-42,u042,2025-06-16,regular,empirical,60,0.01388888888888884,0,0.00019290123456789987,0.01398624197473984
s11-115-42,u042,2025-06-16,regular,empirical,120,0.03414351851851849,0,0.001165779856824415,0.034740025702165826
s11-115-42,u042,2025-06-16,regular,hazard,30,0.0012423710066330473,0,1.5434857181224113e-06,0.0012431433892822565
s11-115-42,u042,2025-06-16,regular,hazard,60,0.0030394201236333407,0,9.238074687947311e-06,0.0030440485418282
s11-115-42,u042,2025-06-16,regular,hazard,120,0.009664576570882821,0,9.340404029445716e-05,0.009711581692608865
s11-115-42,u042,2025-06-16,regular,hazard_cal,30,0.0007750149923183569,0,6.006482383182228e-07,0.0007753154716982298
s11-115-42,u042,2025-06-16,regular,hazard_cal,60,0.001924680142968871,0,3.704393652738673e-06,0.0019265347198221326
s11-115-42,u042,2025-06-16,regular,hazard_cal,120,0.006353445743884412,0,4.036627282048295e-05,0.00637371477804326
s11-115-46,u046,2025-06-16,regular,empirical,30,0.0063657407407407,0,4.052265517832595e-05,0.006386088466525358
s11-115-46,u046,2025-06-16,regular,empirical,60,0.01388888888888884,0,0.00019290123456789987,0.01398624197473984
s11-115-46,u046,2025-06-16,regular,empirical,120,0.03414351851851849,0,0.001165779856824415,0.034740025702165826
s11-115-46,u046,2025-06-16,regular,hazard,30,0.00905507550190765,0,8.199439234524807e-05,0.009096321879589702
s11-115-46,u046,2025-06-16,regular,hazard,60,0.02201621857260483,0,0.0004847138802367098,0.022262192492397342
s11-115-46,u046,2025-06-16,regular,hazard,120,0.06842393456128515,0,0.004681834820847032,0.07087743318830195
s11-115-46,u046,2025-06-16,regular,hazard_cal,30,0.006456762467593746,0,4.1689781562927285e-05,0.006477697522146871
s11-115-46,u046,2025-06-16,regular,hazard_cal,60,0.015960582836029302,0,0.0002547402044657532,0.016089324638721474
s11-115-46,u046,2025-06-16,regular,hazard_cal,120,0.051751187431005374,0,0.0026781854005190485,0.053138350648033926
s11-115-5,u005,2025-06-16,regular,empirical,30,0.0063657407407407,0,4.052265517832595e-05,0.006386088466525358
s11-115-5,u005,2025-06-16,regular,empirical,60,0.01388888888888884,0,0.00019290123456789987,0.01398624197473984
s11-115-5,u005,2025-06-16,regular,empirical,120,0.03414351851851849,0,0.001165779856824415,0.034740025702165826
s11-115-5,u005,2025-06-16,regular,hazard,30,0.001254855600279492,0,1.574662577552804e-06,0.0012556435908468331
s11-115-5,u005,2025-06-16,regular,hazard,60,0.0030699329281954624,0,9.424488183618765e-06,0.003074654838729393
s11-115-5,u005,2025-06-16,regular,hazard,120,0.009761240803392912,0,9.52818220218227e-05,0.009809194024865657
s11-115-5,u005,2025-06-16,regular,hazard_cal,30,0.0007833251807208841,0,6.135983387514057e-07,0.0007836321402001211
s11-115-5,u005,2025-06-16,regular,hazard_cal,60,0.0019453045589732376,0,3.7842098271620627e-06,0.001947199121286003
s11-115-5,u005,2025-06-16,regular,hazard_cal,120,0.0064213587212583745,0,4.1233847827080985e-05,0.006442064331534225
s11-115-56,u056,2025-06-16,new,empirical,30,0.0063657407407407,0,4.052265517832595e-05,0.006386088466525358
s11-115-56,u056,2025-06-16,new,empirical,60,0.01388888888888884,0,0.00019290123456789987,0.01398624197473984
s11-115-56,u056,2025-06-16,new,empirical,120,0.03414351851851849,0,0.001165779856824415,0.034740025702165826
s11-115-56,u056,2025-06-16,new,hazard,30,0.004230870157072575,0,1.7900262286007313e-05,0.004239845613154353
s11-115-56,u056,2025-06-16,new,hazard,60,0.010326214881350104,0,0.00010663071377581635,0.010379900135005669
s11-115-56,u056,2025-06-16,new,hazard,120,0.03254783634136371,0,0.0010593616505041963,0.03308929854744536
s11-115-56,u056,2025-06-16,new,hazard_cal,30,0.0028650426376101157,0,8.208469315323928e-06,0.0028691547283560804
s11-115-56,u056,2025-06-16,new,hazard_cal,60,0.007102950157095056,0,5.045190093417668e-05,0.0071282961999941065
s11-115-56,u056,2025-06-16,new,hazard_cal,120,0.02329266954187481,0,0.0005425484543869825,0.023568231224501173
s11-115-0,u000,2025-06-16,variable,empirical,30,0.0063657407407407,0,4.052265517832595e-05,0.006386088466525358
s11-115-0,u000,2025-06-16,variable,empirical,60,0.01388888888888884,0,0.00019290123456789987,0.01398624197473984
s11-115-0,u000,2025-06-16,variable,empirical,120,0.03414351851851849,0,0.001165779856824415,0.034740025702165826
s11-115-0,u000,2025-06-16,variable,hazard,30,0.000578294462756368,0,3.344244856546763e-07,0.0005784617394924442
s11-115-0,u000,2025-06-16,variable,hazard,60,0.0014155225603885713,0,2.0037041189690166e-06,0.001416525358882363
s11-115-0,u000,2025-06-16,variable,hazard,120,0.004509808660758785,0,2.0338374156654946e-05,0.004520008525682621
s11-115-0,u000,2025-06-16,variable,hazard_cal,30,0.00034284623872526954,0,1.1754354340806451e-07,0.0003429050239335492
s11-115-0,u000,2025-06-16,variable,hazard_cal,60,0.0008517281294662116,0,7.254408065240116e-07,0.0008520910559605765
s11-115-0,u000,2025-06-16,variable,hazard_cal,120,0.0028154415580887715,0,7.92671116701333e-06,0.002819412368479942
s11-115-19,u019,2025-06-16,variable,empirical,30,0.0063657407407407,0,4.052265517832595e-05,0.006386088466525358
s11-115-19,u019,2025-06-16,variable,empirical,60,0.01388888888888884,0,0.00019290123456789987,0.01398624197473984
s11-115-19,u019,2025-06-16,variable,empirical,120,0.03414351851851849,0,0.001165779856824415,0.034740025702165826
s11-115-19,u019,2025-06-16,variable,hazard,30,0.007848860602702623,0,6.160461276065739e-05,0.007879825039201094
s11-115-19,u019,2025-06-16,variable,hazard,60,0.01910172946721156,0,0.0003648760686385384,0.019286524556669023
s11-115-19,u019,2025-06-16,variable,hazard,120,0.059574842288780405,0,0.003549161833733058,0.06142321053536945
s11-115-19,u019,2025-06-16,variable,hazard_cal,30,0.005542301984112874,0,3.07171112831015e-05,0.0055577175245259906
s11-115-19,u019,2025-06-16,variable,hazard_cal,60,0.013710348807679074,0,0.000187973664428227,0.013805203632928517
s11-115-19,u019,2025-06-16,variable,hazard_cal,120,0.044582772042147334,0,0.001987623562962074,0.045607145995162336
s11-115-45,u045,2025-06-16,regular,empirical,30,0.0063657407407407,0,4.052265517832595e-05,0.006386088466525358
s11-115-45,u045,2025-06-16,regular,empirical,60,0.01388888888888884,0,0.00019290123456789987,0.01398624197473984
s11-115-45,u045,2025-06-16,regular,empirical,120,0.03414351851851849,0,0.001165779856824415,0.034740025702165826
s11-115-45,u045,2025-06-16,regular,hazard,30,0.0038948116833719126,0,1.5169558048930352e-05,0.003902416214295726
s11-115-45,u045,2025-06-16,regular,hazard,60,0.009508533777754846,0,9.041221460270484e-05,0.009554028506849934
s11-115-45,u045,2025-06-16,regular,hazard,120,0.030000066649700785,0,0.0009000039989864893,0.030459276195742645
s11-115-45,u045,2025-06-16,regular,hazard_cal,30,0.0026228092417472926,0,6.879128318595008e-06,0.002626254831975846
s11-115-45,u045,2025-06-16,regular,hazard_cal,60,0.006503696327558428,0,4.2298065921096985e-05,0.006524937508065773
s11-115-45,u045,2025-06-16,regular,hazard_cal,120,0.021343856708447406,0,0.00045556021919073537,0.021574930741139094
s11-115-49,u049,2025-06-16,variable,empirical,30,0.0063657407407407,0,4.052265517832595e-05,0.006386088466525358
s11-115-49,u049,2025-06-16,variable,empirical,60,0.01388888888888884,0,0.00019290123456789987,0.01398624197473984
s11-115-49,u049,2025-06-16,variable,empirical,120,0.03414351851851849,0,0.001165779856824415,0.034740025702165826
s11-115-49,u049,2025-06-16,variable,hazard,30,0.0021747245619164746,0,4.729426920202802e-06,0.0021770927093784876
s11-115-49,u049,2025-06-16,variable,hazard,60,0.00531646614327641,0,2.826481225260435e-05,0.00533064883961999
s11-115-49,u049,2025-06-16,variable,hazard,120,0.016858708188074667,0,0.00028421604177065584,0.01700243385166745
s11-115-49,u049,2025-06-16,variable,hazard_cal,30,0.0014083223918625043,0,1.983371959421325e-06,0.0014093150099024792
s11-115-49,u049,2025-06-16,variable,hazard_cal,60,0.003495635249555318,0,1.2219465797933669e-05,0.003501759258152941
s11-115-49,u049,2025-06-16,variable,hazard_cal,120,0.011516117082286392,0,0.00013262095265292845,0.011582941089400696
s11-115-33,u033,2025-06-16,regular,empirical,30,0.0063657407407407,0,4.052265517832595e-05,0.006386088466525358
s11-115-33,u033,2025-06-16,regular,empirical,60,0.01388888888888884,0,0.00019290123456789987,0.01398624197473984
s11-115-33,u033,2025-06-16,regular,empirical,120,0.03414351851851849,0,0.001165779856824415,0.034740025702165826
s11-115-33,u033,2025-06-16,regular,hazard,30,0.0011254520629738751,0,1.2666423460521513e-06,0.0011260858597301054
s11-115-33,u033,2025-06-16,regular,hazard,60,0.0027536366416418545,0,7.582514754192631e-06,0.0027574348732544744
s11-115-33,u033,2025-06-16,regular,hazard,120,0.008758872070649293,0,7.671783995000024e-05,0.008797456459665703
s11-115-33,u033,2025-06-16,regular,hazard_cal,30,0.000697468381613886,0,4.864621433510934e-07,0.0006977117258420773
s11-115-33,u033,2025-06-16,regular,hazard_cal,60,0.0017322096992227198,0,3.0005504420812653e-06,0.001733711709225236
s11-115-33,u033,2025-06-16,regular,hazard_cal,120,0.0057194980527198735,0,3.271265797506643e-05,0.005735917017128072
s11-115-38,u038,2025-06-16,regular,empirical,30,0.0063657407407407,0,4.052265517832595e-05,0.006386088466525358
s11-115-38,u038,2025-06-16,regular,empirical,60,0.01388888888888884,0,0.00019290123456789987,0.01398624197473984
s11-115-38,u038,2025-06-16,regular,empirical,120,0.03414351851851849,0,0.001165779856824415,0.034740025702165826
s11-115-38,u038,2025-06-16,regular,hazard,30,0.001706929524725176,0,2.913608402378515e-06,0.001708387988826281
s11-115-38,u038,2025-06-16,regular,hazard,60,0.004174411565433633,0,1.7425711917626077e-05,0.004183148744925162
s11-115-38,u038,2025-06-16,regular,hazard,120,0.013255429071203806,0,0.000175706399861715,0.013344066426653738
s11-115-38,u038,2025-06-16,regular,hazard_cal,30,0.0010876299116316934,0,1.1829388246759653e-06,0.001088221810260722
s11-115-38,u038,2025-06-16,regular,hazard_cal,60,0.002700342311220405,0,7.291848597767159e-06,0.0027039948123365985
s11-115-38,u038,2025-06-16,regular,hazard_cal,120,0.008905116781744327,0,7.930110489650444e-05,0.008945004312842912
s11-115-28,u028,2025-06-16,variable,empirical,30,0.0063657407407407,0,4.052265517832595e-05,0.006386088466525358
s11-115-28,u028,2025-06-16,variable,empirical,60,0.01388888888888884,0,0.00019290123456789987,0.01398624197473984
s11-115-28,u028,2025-06-16,variable,empirical,120,0.03414351851851849,0,0.001165779856824415,0.034740025702165826
s11-115-28,u028,2025-06-16,variable,hazard,30,0.0056216127789638914,0,3.1602530236610126e-05,0.005637473513952954
s11-115-28,u028,2025-06-16,variable,hazard,60,0.01370546522737992,0,0.00018783977709892013,0.013800252178553175
s11-115-28,u028,2025-06-16,variable,hazard,120,0.043023632903186226,0,0.0018510329881881284,0.043976582612772847
s11-115-28,u028,2025-06-16,variable,hazard_cal,30,0.003880605150014649,0,1.5059096330320215e-05,0.003888154234519406
s11-115-28,u028,2025-06-16,variable,hazard_cal,60,0.00961273724918843,0,9.240471742193474e-05,0.009659237846528921
s11-115-28,u028,2025-06-16,variable,hazard_cal,120,0.03142219636634136,0,0.0009873544244849162,0.03192646520201345
s11-115-47,u047,2025-06-16,variable,empirical,30,0.0063657407407407,0,4.052265517832595e-05,0.006386088466525358
s11-115-47,u047,2025-06-16,variable,empirical,60,0.01388888888888884,0,0.00019290123456789987,0.01398624197473984
s11-115-47,u047,2025-06-16,variable,empirical,120,0.03414351851851849,0,0.001165779856824415,0.034740025702165826
s11-115-47,u047,2025-06-16,variable,hazard,30,0.0006645990097160492,0,4.416918437155533e-07,0.0006648199535360265
s11-115-47,u047,2025-06-16,variable,hazard,60,0.0016266637121994387,0,2.6460348325864584e-06,0.001627988166104669
s11-115-47,u047,2025-06-16,variable,hazard,120,0.00518118004674728,0,2.6844626676812147e-05,0.005194648903275534
s11-115-47,u047,2025-06-16,variable,hazard_cal,30,0.0003976741868257916,0,1.5814475886755458e-07,0.00039775328017484257
s11-115-47,u047,2025-06-16,variable,hazard_cal,60,0.0009878922431476589,0,9.759310840713131e-07,0.0009883805302995758
s11-115-47,u047,2025-06-16,variable,hazard_cal,120,0.0032649732045503255,0,1.0660050026431622e-05,0.0032703148596396796
s11-115-6,u006,2025-06-16,regular,empirical,30,0.0063657407407407,0,4.052265517832595e-05,0.006386088466525358
s11-115-6,u006,2025-06-16,regular,empirical,60,0.01388888888888884,0,0.00019290123456789987,0.01398624197473984
s11-115-6,u006,2025-06-16,regular,empirical,120,0.03414351851851849,0,0.001165779856824415,0.034740025702165826
s11-115-6,u006,2025-06-16,regular,hazard,30,0.004253980347837194,0,1.8096348799785056e-05,0.004263054264890208
s11-115-6,u006,2025-06-16,regular,hazard,60,0.0103824294388003,0,0.00010779484105166712,0.010436702846040601
s11-115-6,u006,2025-06-16,regular,hazard,120,0.03272280689042495,0,0.0010707820907880426,0.03327017195893949
s11-115-6,u006,2025-06-16,regular,hazard_cal,30,0.002881750176414344,0,8.304484079264103e-06,0.00288591041288442
s11-115-6,u006,2025-06-16,regular,hazard_cal,60,0.0071442736811520025,0,5.104064643120118e-05,0.007169916208848165
s11-115-6,u006,2025-06-16,regular,hazard_cal,120,0.023426946044413866,0,0.0005488218009678785,0.023705719425193752
s11-115-7,u007,2025-06-16,regular,empirical,30,0.0063657407407407,0,4.052265517832595e-05,0.006386088466525358
s11-115-7,u007,2025-06-16,regular,empirical,60,0.01388888888888884,0,0.00019290123456789987,0.01398624197473984
s11-115-7,u007,2025-06-16,regular,empirical,120,0.03414351851851849,0,0.001165779856824415,0.034740025702165826
s11-115-7,u007,2025-06-16,regular,hazard,30,0.0031629066453408017,0,1.0003978447141004e-05,0.003167919206864381
s11-115-7,u007,2025-06-16,regular,hazard,60,0.007726187843348442,0,5.9693978590705254e-05,0.007756189464659078
s11-115-7,u007,2025-06-16,regular,hazard,120,0.02442902753075904,0,0.0005967773860985831,0.02473236659957967
s11-115-7,u007,2025-06-16,regular,hazard_cal,30,0.002100334577886054,0,4.411405339063788e-06,0.0021025433739046227
s11-115-7,u007,2025-06-16,regular,hazard_cal,60,0.0052103540584435,0,2.7147789414338656e-05,0.005223975288037563
s11-115-7,u007,2025-06-16,regular,hazard_cal,120,0.01712760911556943,0,0.0002933549940157371,0.017275983249149543
s11-115-30,u030,2025-06-16,variable,empirical,30,0.0063657407407407,0,4.052265517832595e-05,0.006386088466525358
s11-115-30,u030,2025-06-16,variable,empirical,60,0.01388888888888884,0,0.00019290123456789987,0.01398624197473984
s11-115-30,u030,2025-06-16,variable,empirical,120,0.03414351851851849,0,0.001165779856824415,0.034740025702165826
s11-115-30,u030,2025-06-16,variable,hazard,30,0.004903429909279056,0,2.404362487521241e-05,0.004915491165553006
s11-115-30,u030,2025-06-16,variable,hazard,60,0.011961344472756541,0,0.00014307376159594345,0.012033456972058813
s11-115-30,u030,2025-06-16,variable,hazard,120,0.03762752521051893,0,0.0014158306534682377,0.03835371532348122
s11-115-30,u030,2025-06-16,variable,hazard_cal,30,0.00335370063402729,0,1.1247307942675048e-05,0.0033593368930771254
s11-115-30,u030,2025-06-16,variable,hazard_cal,60,0.008311104225724786,0,6.90744534508604e-05,0.008345834014917146
s11-115-30,u030,2025-06-16,variable,hazard_cal,120,0.02721257295378743,0,0.000740524126765203,0.027589692353949233
s11-115-40,u040,2025-06-16,regular,empirical,30,0.0063657407407407,0,4.052265517832595e-05,0.006386088466525358
s11-115-40,u040,2025-06-16,regular,empirical,60,0.01388888888888884,0,0.00019290123456789987,0.01398624197473984
s11-115-40,u040,2025-06-16,regular,empirical,120,0.03414351851851849,0,0.001165779856824415,0.034740025702165826
s11-115-40,u040,2025-06-16,regular,hazard,30,0.006380401426702043,0,4.070952236586146e-05,0.006400843185358914
s11-115-40,u040,2025-06-16,regular,hazard,60,0.015546036009922326,0,0.00024167923562180168,0.01566814279863611
s11-115-40,u040,2025-06-16,regular,hazard,120,0.04869340073110873,0,0.0023710472747603397,0.049918871687836236
s11-115-40,u040,2025-06-16,regular,hazard_cal,30,0.004442358730909479,0,1.973455109408768e-05,0.0044522553268187375
s11-115-40,u040,2025-06-16,regular,hazard_cal,60,0.010999223960858395,0,0.00012098292774112145,0.011060162689215497
s11-115-40,u040,2025-06-16,regular,hazard_cal,120,0.0358907963833075,0,0.0012881492650280387,0.03655070902743102
s11-116-59,u059,2025-06-17,new,empirical,30,0.0063657407407407,0,4.052265517832595e-05,0.006386088466525358
s11-116-59,u059,2025-06-17,new,empirical,60,0.01388888888888884,0,0.00019290123456789987,0.01398624197473984
s11-116-59,u059,2025-06-17,new,empirical,120,0.03414351851851849,0,0.001165779856824415,0.034740025702165826
s11-116-59,u059,2025-06-17,new,hazard,30,0.0016660336381054686,0,2.7756680832989432e-06,0.0016674230155279037
s11-116-59,u059,2025-06-17,new,hazard,60,0.004074529854442566,0,1.6601793534743756e-05,0.004082853368507992
s11-116-59,u059,2025-06-17,new,hazard,120,0.012939820914323219,0,0.0001674389652947566,0.013024269689344193
s11-116-59,u059,2025-06-17,new,hazard_cal,30,0.0010598536071053655,0,1.1232896684942544e-06,0.0010604156490961942
s11-116-59,u059,2025-06-17,new,hazard_cal,60,0.0026314395892345077,0,6.924474311790675e-06,0.002634907912181392
s11-116-59,u059,2025-06-17,new,hazard_cal,120,0.008678654426860333,0,7.531904266086245e-05,0.008716533265663125
s11-116-16,u016,2025-06-17,variable,empirical,30,0.0063657407407407,0,4.052265517832595e-05,0.006386088466525358
s11-116-16,u016,2025-06-17,variable,empirical,60,0.01388888888888884,0,0.00019290123456789987,0.01398624197473984
s11-116-16,u016,2025-06-17,variable,empirical,120,0.03414351851851849,0,0.001165779856824415,0.034740025702165826
s11-116-16,u016,2025-06-17,variable,hazard,30,0.007658620370957436,0,5.865446598644422e-05,0.007688098206770119
s11-116-16,u016,2025-06-17,variable,hazard,60,0.018641554527724202,0,0.0003475075552101147,0.018817498313395194
s11-116-16,u016,2025-06-17,variable,hazard,120,0.05817187945682678,0,0.0033839675595395855,0.05993248332243245
s11-116-16,u016,2025-06-17,variable,hazard_cal,30,0.005398933400368122,0,2.9148481861610495e-05,0.005413560311533094
s11-116-16,u016,2025-06-17,variable,hazard_cal,60,0.013357252620026627,0,0.0001784161975552082,0.013447263146292588
s11-116-16,u016,2025-06-17,variable,hazard_cal,120,0.04345416229986965,0,0.0018882642211834125,0.04442656892896911
s11-116-25,u025,2025-06-17,variable,empirical,30,0.0063657407407407,0,4.052265517832595e-05,0.006386088466525358
s11-116-25,u025,2025-06-17,variable,empirical,60,0.01388888888888884,0,0.00019290123456789987,0.01398624197473984
s11-116-25,u025,2025-06-17,variable,empirical,120,0.03414351851851849,0,0.001165779856824415,0.034740025702165826
s11-116-25,u025,2025-06-17,variable,hazard,30,0.00972298697352536,0,9.453647568734385e-05,0.009770563855483699
s11-116-25,u025,2025-06-17,variable,hazard,60,0.023627636452382084,0,0.0005582652043259346,0.023911245301007772
s11-116-25,u025,2025-06-17,variable,hazard,120,0.07328961385453525,0,0.005371367498946886,0.07611418278480488
s11-116-25,u025,2025-06-17,variable,hazard_cal,30,0.0069668831148961274,0,4.853746033662477e-05,0.0069912651556084645
s11-116-25,u025,2025-06-17,variable,hazard_cal,60,0.01721438388901808,0,0.00029633501267848527,0.017364274063926276
s11-116-25,u025,2025-06-17,variable,hazard_cal,120,0.05572733533319507,0,0.003105535903338372,0.05734031485337672
s11-116-44,u044,2025-06-17,regular,empirical,30,0.0063657407407407,0,4.052265517832595e-05,0.006386088466525358
s11-116-44,u044,2025-06-17,regular,empirical,60,0.01388888888888884,0,0.00019290123456789987,0.01398624197473984
s11-116-44,u044,2025-06-17,regular,empirical,120,0.03414351851851849,0,0.001165779856824415,0.034740025702165826
s11-116-44,u044,2025-06-17,regular,hazard,30,0.010968766948278197,0,0.00012031384836564019,0.011029367421552862
s11-116-44,u044,2025-06-17,regular,hazard,60,0.026628650681088106,0,0.0007090850370954141,0.026989615631214336
s11-116-44,u044,2025-06-17,regular,hazard,120,0.08230021418509215,0,0.006773325254912042,0.085884972550563
s11-116-44,u044,2025-06-17,regular,hazard_cal,30,0.007924845700177596,0,6.280317937162334e-05,0.007956414184051642
s11-116-44,u044,2025-06-17,regular,hazard_cal,60,0.019566081861763673,0,0.0003828315594212374,0.019760031702383846
s11-116-44,u044,2025-06-17,regular,hazard_cal,120,0.06315060998147792,0,0.003987999541032739,0.06523274603616547
s11-116-46,u046,2025-06-17,regular,empirical,30,0.0063657407407407,0,4.052265517832595e-05,0.006386088466525358
s11-116-46,u046,2025-06-17,regular,empirical,60,0.01388888888888884,0,0.00019290123456789987,0.01398624197473984
s11-116-46,u046,2025-06-17,regular,empirical,120,0.03414351851851849,0,0.001165779856824415,0.034740025702165826
s11-116-46,u046,2025-06-17,regular,hazard,30,0.009174744899985154,0,8.41759439798036e-05,0.009217092087411909
s11-116-46,u046,2025-06-17,regular,hazard,60,0.022305061746602073,0,0.0004975157795197311,0.02255758168203339
s11-116-46,u046,2025-06-17,regular,hazard,120,0.06929750730372863,0,0.004802144518510324,0.07181560949141426
s11-116-46,u046,2025-06-17,regular,hazard_cal,30,0.006547972013118408,0,4.287593748458194e-05,0.006569504027347463
s11-116-46,u046,2025-06-17,regular,hazard_cal,60,0.016184839381307325,0,0.0002619490257987165,0.016317244474649092
s11-116-46,u046,2025-06-17,regular,hazard_cal,120,0.0524633110013073,0,0.0027523990012198914,0.05388962087687258
s11-116-50,u050,2025-06-17,variable,empirical,30,0.0063657407407407,0,4.052265517832595e-05,0.006386088466525358
s11-116-50,u050,2025-06-17,variable,empirical,60,0.01388888888888884,0,0.00019290123456789987,0.01398624197473984
s11-116-50,u050,2025-06-17,variable,empirical,120,0.03414351851851849,0,0.001165779856824415,0.034740025702165826
s11-116-50,u050,2025-06-17,variable,hazard,30,0.001544423589572519,0,2.3852442240280643e-06,0.0015456174410511223
s11-116-50,u050,2025-06-17,variable,hazard,60,0.0037774783622379626,0,1.4269342777176001e-05,0.0037846310520622635
s11-116-50,u050,2025-06-17,variable,hazard,120,0.01200074198589629,0,0.00014401780821205403,0.012073332232421975
s11-116-50,u050,2025-06-17,variable,hazard_cal,30,0.0009775312368912603,0,9.555673190981573e-07,0.0009780093321448996
s11-116-50,u050,2025-06-17,variable,hazard_cal,60,0.002427209927440721,0,5.89134803186679e-06,0.0024301603766633422
s11-116-50,u050,2025-06-17,variable,hazard_cal,120,0.008007179021724431,0,6.411491588594382e-05,0.008039408640511787
s11-116-54,u054,2025-06-17,new,empirical,30,0.0063657407407407,0,4.052265517832595e-05,0.006386088466525358
s11-116-54,u054,2025-06-17,new,empirical,60,0.01388888888888884,0,0.00019290123456789987,0.01398624197473984
s11-116-54,u054,2025-06-17,new,empirical,120,0.03414351851851849,0,0.001165779856824415,0.034740025702165826
s11-116-54,u054,2025-06-17,new,hazard,30,0.006275167959275962,0,3.9377732917123645e-05,0.00629493958263825
s11-116-54,u054,2025-06-17,new,hazard,60,0.01529090697361224,0,0.0002338118360756634,0.015409018459665217
s11-116-54,u054,2025-06-17,new,hazard,120,0.04790900509602858,0,0.0022952727692912922,0.04909466587620145
s11-116-54,u054,2025-06-17,new,hazard_cal,30,0.00436416245100224,0,1.904591389873788e-05,0.0043737132054435185
s11-116-54,u054,2025-06-17,new,hazard_cal,60,0.010806300918865475,0,0.0001167761395490728,0.010865113066915013
s11-116-54,u054,2025-06-17,new,hazard_cal,120,0.03526996486939571,0,0.0012439704218884075,0.03590697312359887
s11-116-12,u012,2025-06-17,variable,empirical,30,0.0063657407407407,0,4.052265517832595e-05,0.006386088466525358
s11-116-12,u012,2025-06-17,variable,empirical,60,0.01388888888888884,0,0.00019290123456789987,0.01398624197473984
s11-116-12,u012,2025-06-17,variable,empirical,120,0.03414351851851849,0,0.001165779856824415,0.034740025702165826
s11-116-12,u012,2025-06-17,variable,hazard,30,0.003329655227912842,0,1.1086603936767321e-05,0.0033352108655477545
s11-116-12,u012,2025-06-17,variable,hazard,60,0.008132438579804169,0,6.613655725428725e-05,0.008165687242935163
s11-116-12,u012,2025-06-17,variable,hazard,120,0.025700952799579624,0,0.0006605389748062197,0.026036992483763094
s11-116-12,u012,2025-06-17,variable,hazard_cal,30,0.0022187082756625065,0,4.9226664124932925e-06,0.0022211732555912564
s11-116-12,u012,2025-06-17,variable,hazard_cal,60,0.0055034750006474065,0,3.0288237082750972e-05,0.005518674913066047
s11-116-12,u012,2025-06-17,variable,hazard_cal,120,0.018084397076836956,0,0.000327045417632709,0.018249918391173108
s11-116-33,u033,2025-06-17,regular,empirical,30,0.0063657407407407,0,4.052265517832595e-05,0.006386088466525358
s11-116-33,u033,2025-06-17,regular,empirical,60,0.01388888888888884,0,0.00019290123456789987,0.01398624197473984
s11-116-33,u033,2025-06-17,regular,empirical,120,0.03414351851851849,0,0.001165779856824415,0.034740025702165826
s11-116-33,u033,2025-06-17,regular,hazard,30,0.002022845190824629,0,4.09190266604233e-06,0.0020248939054455625
s11-116-33,u033,2025-06-17,regular,hazard,60,0.004945767263668688,0,2.446061382637686e-05,0.0049580380462576025
s11-116-33,u033,2025-06-17,regular,hazard,120,0.015690211245783625,0,0.0002461827289373149,0.01581460550744824
s11-116-33,u033,2025-06-17,regular,hazard_cal,30,0.0013036384346931662,0,1.6994731684092485e-06,0.0013044889104996905
s11-116-33,u033,2025-06-17,regular,hazard_cal,60,0.003236072794002065,0,1.0472167128080332e-05,0.0032413202012855583
s11-116-33,u033,2025-06-17,regular,hazard_cal,120,0.010664539822043628,0,0.00011373240961595434,0.01072181358972407
s11-116-35,u035,2025-06-17,variable,empirical,30,0.0063657407407407,0,4.052265517832595e-05,0.006386088466525358
s11-116-35,u035,2025-06-17,variable,empirical,60,0.01388888888888884,0,0.00019290123456789987,0.01398624197473984
s11-116-35,u035,2025-06-17,variable,empirical,120,0.03414351851851849,0,0.001165779856824415,0.034740025702165826
s11-116-35,u035,2025-06-17,variable,hazard,30,0.005004869131477796,0,2.5048715023219308e-05,0.005017435434993151
s11-116-35,u035,2025-06-17,variable,hazard,60,0.01220781228410106,0,0.00014903068076384875,0.01228293967799567
s11-116-35,u035,2025-06-17,variable,hazard,120,0.038391455199230595,0,0.00147390383231453,0.039147829216579756
s11-116-35,u035,2025-06-17,variable,hazard_cal,30,0.0034278185886443824,0,1.1749940276655965e-05,0.0034337070189474706
s11-116-35,u035,2025-06-17,variable,hazard_cal,60,0.008494268545631845,0,7.215259812531053e-05,0.00853055044961606
s11-116-35,u035,2025-06-17,variable,hazard_cal,120,0.02780579697103558,0,0.0007731623451944513,0.02819969712362965
s11-116-41,u041,2025-06-17,regular,empirical,30,0.0063657407407407,0,4.052265517832595e-05,0.006386088466525358
s11-116-41,u041,2025-06-17,regular,empirical,60,0.01388888888888884,0,0.00019290123456789987,0.01398624197473984
s11-116-41,u041,2025-06-17,regular,empirical,120,0.03414351851851849,0,0.001165779856824415,0.034740025702165826
s11-116-41,u041,2025-06-17,regular,hazard,30,0.005394103365139902,0,2.9096351113813612e-05,0.005408704069505491
s11-116-41,u041,2025-06-17,regular,hazard,60,0.013153169693707611,0,0.00017300587299146837,0.013240438717773662
s11-116-41,u041,2025-06-17,regular,hazard,120,0.041317366656951404,0,0.0017071247874649597,0.04219519386137458
s11-116-41,u041,2025-06-17,regular,hazard_cal,30,0.003713158888633439,0,1.3787548932237514e-05,0.0037200697758852505
s11-116-41,u041,2025-06-17,regular,hazard_cal,60,0.009199209750301418,0,8.462546003004068e-05,0.009241783779747017
s11-116-41,u041,2025-06-17,regular,hazard_cal,120,0.030086327402858326,0,0.0009051870965919839,0.030548208767739594
s11-116-48,u048,2025-06-17,variable,empirical,30,0.0063657407407407,0,4.052265517832595e-05,0.006386088466525358
s11-116-48,u048,2025-06-17,variable,empirical,60,0.01388888888888884,0,0.00019290123456789987,0.01398624197473984
s11-116-48,u048,2025-06-17,variable,empirical,120,0.03414351851851849,0,0.001165779856824415,0.034740025702165826
s11-116-48,u048,2025-06-17,variable,hazard,30,0.0012146351016480983,0,1.475338430155686e-06,0.001215373368740476
s11-116-48,u048,2025-06-17,variable,hazard,60,0.002971630394926761,0,8.830587204052577e-06,0.0029760544551505116
s11-116-48,u048,2025-06-17,variable,hazard,120,0.009449793977903131,0,8.929860622481428e-05,0.009494726574243557
s11-116-48,u048,2025-06-17,variable,hazard_cal,30,0.0007565730790501934,0,5.724028239434903e-07,0.0007568594248989817
s11-116-48,u048,2025-06-17,variable,hazard_cal,60,0.0018789095805402667,0,3.530301211846001e-06,0.0018806769453055601
s11-116-48,u048,2025-06-17,variable,hazard_cal,120,0.006202717649496425,0,3.847370623937446e-05,0.006222034421697368
s11-116-10,u010,2025-06-17,variable,empirical,30,0.0063657407407407,0,4.052265517832595e-05,0.006386088466525358
s11-116-10,u010,2025-06-17,variable,empirical,60,0.01388888888888884,0,0.00019290123456789987,0.01398624197473984
s11-116-10,u010,2025-06-17,variable,empirical,120,0.03414351851851849,0,0.001165779856824415,0.034740025702165826
s11-116-10,u010,2025-06-17,variable,hazard,30,0.000547622767550493,0,2.9989069553966126e-07,0.0005477727676630805
s11-116-10,u010,2025-06-17,variable,hazard,60,0.001340478345391083,0,1.7968821944624153e-06,0.0013413775901902675
s11-116-10,u010,2025-06-17,variable,hazard,120,0.0042711061705621445,0,1.8242347920214027e-05,0.004280253399671608
s11-116-10,u010,2025-06-17,variable,hazard_cal,30,0.0003234881246075849,0,1.0464456676213238e-07,0.00032354045817746253
s11-116-10,u010,2025-06-17,variable,hazard_cal,60,0.0008036497293201217,0,6.458528874363049e-07,0.0008039728288813545
s11-116-10,u010,2025-06-17,variable,hazard_cal,120,0.002656678373599619,0,7.0579399807519175e-06,0.002660213606295654
s11-116-19,u019,2025-06-17,variable,empirical,30,0.0063657407407407,0,4.052265517832595e-05,0.006386088466525358
s11-116-19,u019,2025-06-17,variable,empirical,60,0.01388888888888884,0,0.00019290123456789987,0.01398624197473984
s11-116-19,u019,2025-06-17,variable,empirical,120,0.03414351851851849,0,0.001165779856824415,0.034740025702165826
s11-116-19,u019,2025-06-17,variable,hazard,30,0.0053367457566896315,0,2.8480855271544787e-05,0.0053510370530126805
s11-116-19,u019,2025-06-17,variable,hazard,60,0.013013898432684967,0,0.00016936155241624025,0.013099321139882643
s11-116-19,u019,2025-06-17,variable,hazard,120,0.04088673939439469,0,0.0016717254583051466,0.04174610825101027
s11-116-19,u019,2025-06-17,variable,hazard_cal,30,0.003671019662497388,0,1.3476385362442436e-05,0.0036777743914074815
s11-116-19,u019,2025-06-17,variable,hazard_cal,60,0.009095124318559633,0,8.272128637005484e-05,0.009136737471784234
s11-116-19,u019,2025-06-17,variable,hazard_cal,120,0.029749863898263063,0,0.0008850544019651759,0.030201368458215524
s11-116-0,u000,2025-06-17,variable,empirical,30,0.0063657407407407,0,4.052265517832595e-05,0.006386088466525358
s11-116-0,u000,2025-06-17,variable,empirical,60,0.01388888888888884,0,0.00019290123456789987,0.01398624197473984
s11-116-0,u000,2025-06-17,variable,empirical,120,0.03414351851851849,0,0.001165779856824415,0.034740025702165826
s11-116-0,u000,2025-06-17,variable,hazard,30,0.000570079683092195,0,3.249908450744975e-07,0.0005702422402980418
s11-116-0,u000,2025-06-17,variable,hazard,60,0.0013954238757768467,0,1.9472077930880766e-06,0.0013963983863491032
s11-116-0,u000,2025-06-17,variable,hazard,120,0.004445882502212561,0,1.9765871223479825e-05,0.004455794828092406
s11-116-0,u000,2025-06-17,variable,hazard_cal,30,0.0003376547026571197,0,1.1401069822646793e-07,0.00033771172084156627
s11-116-0,u000,2025-06-17,variable,hazard_cal,60,0.0008388344218718258,0,7.036431873170402e-07,0.0008391864403360546
s11-116-0,u000,2025-06-17,variable,hazard_cal,120,0.002772866220892456,0,7.68878707896641e-06,0.0027767177359034854
s11-116-17,u017,2025-06-17,variable,empirical,30,0.0063657407407407,0,4.052265517832595e-05,0.006386088466525358
s11-116-17,u017,2025-06-17,variable,empirical,60,0.01388888888888884,0,0.00019290123456789987,0.01398624197473984
s11-116-17,u017,2025-06-17,variable,empirical,120,0.03414351851851849,0,0.001165779856824415,0.034740025702165826
s11-116-17,u017,2025-06-17,variable,hazard,30,0.0005249233113429064,0,2.755444827912018e-07,0.0005250611318165319
s11-116-17,u017,2025-06-17,variable,hazard,60,0.001284937402648234,0,1.65106412872439e-06,0.0012857636425661519
s11-116-17,u017,2025-06-17,variable,hazard,120,0.004094412365749034,0,1.67642126207986e-05,0.0041028174224165504
s11-116-17,u017,2025-06-17,variable,hazard_cal,30,0.0003092078447699542,0,9.560949126728011e-08,0.0003092556593722753
s11-116-17,u017,2025-06-17,variable,hazard_cal,60,0.0007681818190439227,0,5.9010330710963e-07,0.0007684770218867971
s11-116-17,u017,2025-06-17,variable,hazard_cal,120,0.0025395447089503476,0,6.449287328757706e-06,0.002542774822452061
s11-116-15,u015,2025-06-17,regular,empirical,30,0.0063657407407407,0,4.052265517832595e-05,0.006386088466525358
s11-116-15,u015,2025-06-17,regular,empirical,60,0.01388888888888884,0,0.00019290123456789987,0.01398624197473984
s11-116-15,u015,2025-06-17,regular,empirical,120,0.03414351851851849,0,0.001165779856824415,0.034740025702165826
s11-116-15,u015,2025-06-17,regular,hazard,30,0.009608968072099655,0,9.233226741063057e-05,0.009655432092902778
s11-116-15,u015,2025-06-17,regular,hazard,60,0.023352673371427768,0,0.0005453473535925916,0.023629667921983774
s11-116-15,u015,2025-06-17,regular,hazard,120,0.07246071803722787,0,0.00525055565847064,0.07522013287688048
s11-116-15,u015,2025-06-17,regular,hazard_cal,30,0.006879621590528684,0,4.732919322886842e-05,0.006903395285902702
s11-116-15,u015,2025-06-17,regular,hazard_cal,60,0.0169999823125645,0,0.0002889993986275058,0.017146140841648685
s11-116-15,u015,2025-06-17,regular,hazard_cal,120,0.05504832003602145,0,0.0030303175387882404,0.0566214851089458
s11-116-49,u049,2025-06-17,variable,empirical,30,0.0063657407407407,0,4.052265517832595e-05,0.006386088466525358
s11-116-49,u049,2025-06-17,variable,empirical,60,0.01388888888888884,0,0.00019290123456789987,0.01398624197473984
s11-116-49,u049,2025-06-17,variable,empirical,120,0.03414351851851849,0,0.001165779856824415,0.034740025702165826
s11-116-49,u049,2025-06-17,variable,hazard,30,0.002124314294395302,0,4.51271122137221e-06,0.002126573850578114
s11-116-49,u049,2025-06-17,variable,hazard,60,0.0051934374108569825,0,2.6971792140488877e-05,0.005206970181660307
s11-116-49,u049,2025-06-17,variable,hazard,120,0.016471019705672107,0,0.0002712944901446389,0.016608175095715227
s11-116-49,u049,2025-06-17,variable,hazard_cal,30,0.001373520347098589,0,1.8865581438938285e-06,0.001374464490803289
s11-116-49,u049,2025-06-17,variable,hazard_cal,60,0.0034093489746735983,0,1.1623660431107916e-05,0.0034151740484638367
s11-116-49,u049,2025-06-17,variable,hazard_cal,120,0.011233090229067821,0,0.00012618231609437896,0.01129665787616527
s11-116-38,u038,2025-06-17,regular,empirical,30,0.0063657407407407,0,4.052265517832595e-05,0.006386088466525358
s11-116-38,u038,2025-06-17,regular,empirical,60,0.01388888888888884,0,0.00019290123456789987,0.01398624197473984
s11-116-38,u038,2025-06-17,regular,empirical,120,0.03414351851851849,0,0.001165779856824415,0.034740025702165826
s11-116-38,u038,2025-06-17,regular,hazard,30,0.0011274364448712326,0,1.271112937223884e-06,0.0011280724794438248
s11-116-38,u038,2025-06-17,regular,hazard,60,0.0027584874826528383,0,7.609253191952393e-06,0.002762299120432576
s11-116-38,u038,2025-06-17,regular,hazard,120,0.008774250557678331,0,7.698747284891851e-05,0.00881297095547381
s11-116-38,u038,2025-06-17,regular,hazard_cal,30,0.0006987801811537686,0,4.882937415732937e-07,0.0006990244418208593
s11-116-38,u038,2025-06-17,regular,hazard_cal,60,0.0017354657841591736,0,3.0118414879872156e-06,0.0017369734494900675
s11-116-38,u038,2025-06-17,regular,hazard_cal,120,0.005730225344708795,0,3.283548250114302e-05,0.005746706074981165
s11-116-9,u009,2025-06-17,regular,empirical,30,0.0063657407407407,0,4.052265517832595e-05,0.006386088466525358
s11-116-9,u009,2025-06-17,regular,empirical,60,0.01388888888888884,0,0.00019290123456789987,0.01398624197473984
s11-116-9,u009,2025-06-17,regular,empirical,120,0.03414351851851849,0,0.001165779856824415,0.034740025702165826
s11-116-9,u009,2025-06-17,regular,hazard,30,0.014906143549183848,0,0.00022219311550887523,0.015018356612576448
s11-116-9,u009,2025-06-17,regular,hazard,60,0.03607441437093395,0,0.0013013633722058458,0.036741180681994286
s11-116-9,u009,2025-06-17,regular,hazard,120,0.11023198562142411,0,0.012151090654041852,0.11679450823475297
s11-116-9,u009,2025-06-17,regular,hazard_cal,30,0.011000285821577416,0,0.00012100628815639713,0.011061236360050537
s11-116-9,u009,2025-06-17,regular,hazard_cal,60,0.02709101975110062,0,0.0007339233511545239,0.027464746650817752
s11-116-9,u009,2025-06-17,regular,hazard_cal,120,0.0866023864266684,0,0.007499973334793999,0.09058399091985889
s11-116-2,u002,2025-06-17,variable,empirical,30,0.0063657407407407,0,4.052265517832595e-05,0.006386088466525358
s11-116-2,u002,2025-06-17,variable,empirical,60,0.01388888888888884,0,0.00019290123456789987,0.01398624197473984
s11-116-2,u002,2025-06-17,variable,empirical,120,0.03414351851851849,0,0.001165779856824415,0.034740025702165826
s11-116-2,u002,2025-06-17,variable,hazard,30,0.004825238166429768,0,2.3282923362770513e-05,0.0048369172127101885
s11-116-2,u002,2025-06-17,variable,hazard,60,0.011771334164473846,0,0.00013856430801170917,0.011841164859737532
s11-116-2,u002,2025-06-17,variable,hazard,120,0.03703827392559045,0,0.0013718337353870733,0.03774161244486203
s11-116-2,u002,2025-06-17,variable,hazard_cal,30,0.0032966403563898794,0,1.0867837639378391e-05,0.0033020862472658463
s11-116-2,u002,2025-06-17,variable,hazard_cal,60,0.008170078637554812,0,6.67501849438295e-05,0.008203636636007296
s11-116-2,u002,2025-06-17,variable,hazard_cal,120,0.026755635882471318,0,0.0007158640514753868,0.027120083294335337
s11-116-6,u006,2025-06-17,regular,empirical,30,0.0063657407407407,0,4.052265517832595e-05,0.006386088466525358
s11-116-6,u006,2025-06-17,regular,empirical,60,0.01388888888888884,0,0.00019290123456789987,0.01398624197473984
s11-116-6,u006,2025-06-17,regular,empirical,120,0.03414351851851849,0,0.001165779856824415,0.034740025702165826
s11-116-6,u006,2025-06-17,regular,hazard,30,0.004982317368794842,0,2.4823486363394755e-05,0.004994770492806916
s11-116-6,u006,2025-06-17,regular,hazard,60,0.012153021492676053,0,0.00014769593140144608,0.012227473282739093
s11-116-6,u006,2025-06-17,regular,hazard,120,0.03822166997442911,0,0.0014608960556341756,0.03897128103746439
s11-116-6,u006,2025-06-17,regular,hazard_cal,30,0.0034113318541413307,0,1.1637185019079329e-05,0.0034171637133661972
s11-116-6,u006,2025-06-17,regular,hazard_cal,60,0.008453527550966289,0,7.14621280549461e-05,0.00848946126942091
s11-116-6,u006,2025-06-17,regular,hazard_cal,120,0.027673871056457022,0,0.0007658431392494097,0.028064007192686993
s11-117-8,u008,2025-06-18,variable,empirical,30,0.0063657407407407,0,4.052265517832595e-05,0.006386088466525358
s11-117-8,u008,2025-06-18,variable,empirical,60,0.01388888888888884,0,0.00019290123456789987,0.01398624197473984
s11-117-8,u008,2025-06-18,variable,empirical,120,0.03414351851851849,0,0.001165779856824415,0.034740025702165826
s11-117-8,u008,2025-06-18,variable,hazard,30,0.007683289578796937,0,5.903293875164961e-05,0.0077129581138386935
s11-117-8,u008,2025-06-18,variable,hazard,60,0.01870123510808397,0,0.0003497361945678324,0.018878314415221847
s11-117-8,u008,2025-06-18,variable,hazard,120,0.05835392004628803,0,0.0034051799847685765,0.060125786304740435
s11-117-8,u008,2025-06-18,variable,hazard_cal,30,0.005417510721729357,0,2.934942242005254e-05,0.005432238649494295
s11-117-8,u008,2025-06-18,variable,hazard_cal,60,0.013403010564886686,0,0.0001796406922024641,0.013493641641530189
s11-117-8,u008,2025-06-18,variable,hazard_cal,120,0.04360047736568817,0,0.0019010016265158867,0.044579542525745836
s11-117-17,u017,2025-06-18,variable,empirical,30,0.0063657407407407,0,4.052265517832595e-05,0.006386088466525358
s11-117-17,u017,2025-06-18,variable,empirical,60,0.01388888888888884,0,0.00019290123456789987,0.01398624197473984
s11-117-17,u017,2025-06-18,variable,empirical,120,0.03414351851851849,0,0.001165779856824415,0.034740025702165826
s11-117-17,u017,2025-06-18,variable,hazard,30,0.00094381769067442,0,8.907918332299952e-07,0.0009442633670379261
s11-117-17,u017,2025-06-18,variable,hazard,60,0.002309565046950124,0,5.334090706093728e-06,0.002312236205905954
s11-117-17,u017,2025-06-18,variable,hazard,120,0.007350281646429591,0,5.4026640281839695e-05,0.007377428070948167
s11-117-17,u017,2025-06-18,variable,hazard_cal,30,0.0005780873685689025,0,3.3418500569891816e-07,0.0005782545254957284
s11-117-17,u017,2025-06-18,variable,hazard_cal,60,0.0014358587694472957,0,2.0616904057987024e-06,0.0014368906024794753
s11-117-17,u017,2025-06-18,variable,hazard_cal,120,0.0047427851353846195,0,2.2494010840425303e-05,0.004754067829201902
s11-117-18,u018,2025-06-18,regular,empirical,30,0.0063657407407407,0,4.052265517832595e-05,0.006386088466525358
s11-117-18,u018,2025-06-18,regular,empirical,60,0.01388888888888884,0,0.00019290123456789987,0.01398624197473984
s11-117-18,u018,2025-06-18,regular,empirical,120,0.03414351851851849,0,0.001165779856824415,0.034740025702165826
s11-117-18,u018,2025-06-18,regular,hazard,30,0.0030546535402355968,0,9.330908250873865e-06,0.0030593285170781304
s11-117-18,u018,2025-06-18,regular,hazard,60,0.007462392498810755,0,5.568730180630702e-05,0.007490375449807819
s11-117-18,u018,2025-06-18,regular,hazard,120,0.02360244408782164,0,0.0005570753669187467,0.023885443628920554
s11-117-18,u018,2025-06-18,regular,hazard_cal,30,0.00202371150099967,0,4.0954082392783364e-06,0.002025761971960786
s11-117-18,u018,2025-06-18,regular,hazard_cal,60,0.005020587180418645,0,2.5206295636184044e-05,0.005033232671184972
s11-117-18,u018,2025-06-18,regular,hazard_cal,120,0.016507800222814062,0,0.00027250746819634,0.0166455722702031
s11-117-38,u038,2025-06-18,regular,empirical,30,0.0063657407407407,0,4.052265517832595e-05,0.006386088466525358
s11-117-38,u038,2025-06-18,regular,empirical,60,0.01388888888888884,0,0.00019290123456789987,0.01398624197473984
s11-117-38,u038,2025-06-18,regular,empirical,120,0.03414351851851849,0,0.001165779856824415,0.034740025702165826
s11-117-38,u038,2025-06-18,regular,hazard,30,0.0011635719669272904,0,1.3538997222190433e-06,0.001164249442367009
s11-117-38,u038,2025-06-18,regular,hazard,60,0.0028468184532017826,0,8.10437530549019e-06,0.0028508783478739617
s11-117-38,u038,2025-06-18,regular,hazard,120,0.009054252316073264,0,8.197948500311805e-05,0.009095491171977077
s11-117-38,u038,2025-06-18,regular,hazard_cal,30,0.0007226947853736787,0,5.222877528063075e-07,0.0007229560551365292
s11-117-38,u038,2025-06-18,regular,hazard_cal,60,0.0017948242279248738,0,3.2213940091461195e-06,0.0017964368548061941
s11-117-38,u038,2025-06-18,regular,hazard_cal,120,0.005925768282912247,0,3.511472974276876e-05,0.005943395318097217
s11-117-28,u028,2025-06-18,variable,empirical,30,0.0063657407407407,0,4.052265517832595e-05,0.006386088466525358
s11-117-28,u028,2025-06-18,variable,empirical,60,0.01388888888888884,1,0.9724151234567903,4.276666119016059
s11-117-28,u028,2025-06-18,variable,empirical,120,0.03414351851851849,1,0.9328787428197874,3.3771825054582822
s11-117-28,u028,2025-06-18,variable,hazard,30,0.008215965508387213,0,6.750208923500836e-05,0.008249902564622252
s11-117-28,u028,2025-06-18,variable,hazard,60,0.019989331097314822,1,0.9604209111630885,3.9125565928948807
s11-117-28,u028,2025-06-18,variable,hazard,120,0.06227648341249359,1,0.8793253935612394,2.7761713977644242
s11-117-28,u028,2025-06-18,variable,hazard_cal,30,0.005819639243328623,0,3.386820092249054e-05,0.005836639332132286
s11-117-28,u028,2025-06-18,variable,hazard_cal,60,0.014393155249159073,1,0.9714208524197082,4.241002515324769
s11-117-28,u028,2025-06-18,variable,hazard_cal,120,0.04676233434147947,1,0.9086620472301054,3.0626772218647065
s11-117-1,u001,2025-06-18,regular,empirical,30,0.0063657407407407,0,4.052265517832595e-05,0.006386088466525358
s11-117-1,u001,2025-06-18,regular,empirical,60,0.01388888888888884,0,0.00019290123456789987,0.01398624197473984
s11-117-1,u001,2025-06-18,regular,empirical,120,0.03414351851851849,0,0.001165779856824415,0.034740025702165826
s11-117-1,u001,2025-06-18,regular,hazard,30,0.0019322093734733814,0,3.733433062938397e-06,0.0019340784980863294
s11-117-1,u001,2025-06-18,regular,hazard,60,0.004724505774690413,0,2.2320954815083057e-05,0.004735701528953485
s11-117-1,u001,2025-06-18,regular,hazard,120,0.014992263869964662,0,0.00022476797594664778,0.015105783901768017
s11-117-1,u001,2025-06-18,regular,hazard_cal,30,0.0012414164659638738,0,1.5411148419662339e-06,0.0012421876617009862
s11-117-1,u001,2025-06-18,regular,hazard_cal,60,0.0030817732359076366,0,9.497326277556626e-06,0.0030865316778539327
s11-117-1,u001,2025-06-18,regular,hazard_cal,120,0.010158042985307425,0,0.00010318583729135338,0.010209987976321814
s11-117-42,u042,2025-06-18,regular,empirical,30,0.0063657407407407,0,4.052265517832595e-05,0.006386088466525358
s11-117-42,u042,2025-06-18,regular,empirical,60,0.01388888888888884,0,0.00019290123456789987,0.01398624197473984
s11-117-42,u042,2025-06-18,regular,empirical,120,0.03414351851851849,0,0.001165779856824415,0.034740025702165826
s11-117-42,u042,2025-06-18,regular,hazard,30,0.0017370438138035738,0,3.0173212110732644e-06,0.0017385542237613827
s11-117-42,u042,2025-06-18,regular,hazard,60,0.004247956796876506,0,1.8045136948129307e-05,0.004257004998688995
s11-117-42,u042,2025-06-18,regular,hazard,120,0.013487770058800308,0,0.00018191994115907006,0.013579556291498273
s11-117-42,u042,2025-06-18,regular,hazard_cal,30,0.0011081120772974407,0,1.2279123758524491e-06,0.001108726487417488
s11-117-42,u042,2025-06-18,regular,hazard_cal,60,0.002751148974891926,0,7.5688206820488955e-06,0.0027549403405707257
s11-117-42,u042,2025-06-18,regular,hazard_cal,120,0.009072077324530636,0,8.230258698226295e-05,0.009113479208979073
s11-117-58,u058,2025-06-18,new,empirical,30,0.0063657407407407,0,4.052265517832595e-05,0.006386088466525358
s11-117-58,u058,2025-06-18,new,empirical,60,0.01388888888888884,0,0.00019290123456789987,0.01398624197473984
s11-117-58,u058,2025-06-18,new,empirical,120,0.03414351851851849,0,0.001165779856824415,0.034740025702165826
s11-117-58,u058,2025-06-18,new,hazard,30,0.0018816753542222342,0,3.5407021386873704e-06,0.001883447929247763
s11-117-58,u058,2025-06-18,new,hazard,60,0.004601127579086706,0,2.117037499903229e-05,0.004611745348245191
s11-117-58,u058,2025-06-18,new,hazard,120,0.01460291758630372,0,0.0002132452020323785,0.01471058969084847
s11-117-58,u058,2025-06-18,new,hazard_cal,30,0.0012068092466512859,0,1.456388557803044e-06,0.0012075380273220261
s11-117-58,u058,2025-06-18,new,hazard_cal,60,0.0029959466223776765,0,8.975696164136208e-06,0.0030004434542177873
s11-117-58,u058,2025-06-18,new,hazard_cal,120,0.00987622585136283,0,9.753983706712745e-05,0.009925319275836649
s11-117-0,u000,2025-06-18,variable,empirical,30,0.0063657407407407,0,4.052265517832595e-05,0.006386088466525358
s11-117-0,u000,2025-06-18,variable,empirical,60,0.01388888888888884,0,0.00019290123456789987,0.01398624197473984
s11-117-0,u000,2025-06-18,variable,empirical,120,0.03414351851851849,0,0.001165779856824415,0.034740025702165826
s11-117-0,u000,2025-06-18,variable,hazard,30,0.0005517644735508753,0,3.044440342728746e-07,0.0005519167515849943
s11-117-0,u000,2025-06-18,variable,hazard,60,0.0013506120404210842,0,1.8241528837304043e-06,0.001351524938936682
s11-117-0,u000,2025-06-18,variable,hazard,120,0.004303342199234672,0,1.8518754083713903e-05,0.004312628226487458
s11-117-0,u000,2025-06-18,variable,hazard_cal,30,0.0003260979876794634,0,1.0633989756859546e-07,0.00032615116919015104
s11-117-0,u000,2025-06-18,variable,hazard_cal,60,0.0008101317530981866,0,6.563134573779412e-07,0.0008104600871680895
s11-117-0,u000,2025-06-18,variable,hazard_cal,120,0.002678084273168846,0,7.172135374194305e-06,0.0026816767562710883
s11-117-10,u010,2025-06-18,variable,empirical,30,0.0063657407407407,0,4.052265517832595e-05,0.006386088466525358
s11-117-10,u010,2025-06-18,variable,empirical,60,0.01388888888888884,0,0.00019290123456789987,0.01398624197473984
s11-117-10,u010,2025-06-18,variable,empirical,120,0.03414351851851849,0,0.001165779856824415,0.034740025702165826
s11-117-10,u010,2025-06-18,variable,hazard,30,0.00043379289849609926,0,1.8817627878564707e-07,0.0004338870138541922
s11-117-10,u010,2025-06-18,variable,hazard,60,0.001061939757246777,0,1.1277160480213437e-06,0.0010625040147778293
s11-117-10,u010,2025-06-18,variable,hazard,120,0.003384746155848495,0,1.1456506539531164e-05,0.0033904873678090707
s11-117-10,u010,2025-06-18,variable,hazard_cal,30,0.0002523093986469549,0,6.366003264558801e-08,0.0002523412340182992
s11-117-10,u010,2025-06-18,variable,hazard_cal,60,0.0006268550227470637,0,3.9294721954322177e-07,0.000627051578502436
s11-117-10,u010,2025-06-18,variable,hazard_cal,120,0.0020727040271659725,0,4.29610198423004e-06,0.002074855050962503
s11-117-5,u005,2025-06-18,regular,empirical,30,0.0063657407407407,0,4.052265517832595e-05,0.006386088466525358
s11-117-5,u005,2025-06-18,regular,empirical,60,0.01388888888888884,0,0.00019290123456789987,0.01398624197473984
s11-117-5,u005,2025-06-18,regular,empirical,120,0.03414351851851849,0,0.001165779856824415,0.034740025702165826
s11-117-5,u005,2025-06-18,regular,hazard,30,0.0008095139289412412,0,6.553128011498849e-07,0.0008098417622775246
s11-117-5,u005,2025-06-18,regular,hazard,60,0.001981128242191099,0,3.924869112007195e-06,0.0019830932724940473
s11-117-5,u005,2025-06-18,regular,hazard,120,0.006307512625333467,0,3.978471551874108e-05,0.0063274890283378325
s11-117-5,u005,2025-06-18,regular,hazard_cal,30,0.000490785402829097,0,2.40870311630119e-07,0.0004909058774046334
s11-117-5,u005,2025-06-18,regular,hazard_cal,60,0.001219104172362262,0,1.4862149830710757e-06,0.001219847884356841
s11-117-5,u005,2025-06-18,regular,hazard_cal,120,0.004027937246582902,0,1.622427846240985e-05,0.004036071235292183
s11-117-9,u009,2025-06-18,regular,empirical,30,0.0063657407407407,0,4.052265517832595e-05,0.006386088466525358
s11-117-9,u009,2025-06-18,regular,empirical,60,0.01388888888888884,0,0.00019290123456789987,0.01398624197473984
s11-117-9,u009,2025-06-18,regular,empirical,120,0.03414351851851849,0,0.001165779856824415,0.034740025702165826
s11-117-9,u009,2025-06-18,regular,hazard,30,0.006942434330482694,0,4.8197394433064694e-05,0.00696664514743923
s11-117-9,u009,2025-06-18,regular,hazard,60,0.01690791114500778,0,0.00028587745928747836,0.017052481783339422
s11-117-9,u009,2025-06-18,regular,hazard,120,0.05287226610713058,0,0.0027954765233032296,0.05432131221728434
s11-117-9,u009,2025-06-18,regular,hazard_cal,30,0.004861470004009716,0,2.3633890599886226e-05,0.004873325387978559
s11-117-9,u009,2025-06-18,regular,hazard_cal,60,0.012032819423440366,0,0.00014478874327712374,0.012105799825919942
s11-117-9,u009,2025-06-18,regular,hazard_cal,120,0.03921169602147678,0,0.0015375571048806983,0.04000118150181958
s11-117-3,u003,2025-06-18,regular,empirical,30,0.0063657407407407,0,4.052265517832595e-05,0.006386088466525358
s11-117-3,u003,2025-06-18,regular,empirical,60,0.01388888888888884,0,0.00019290123456789987,0.01398624197473984
s11-117-3,u003,2025-06-18,regular,empirical,120,0.03414351851851849,0,0.001165779856824415,0.034740025702165826
s11-117-3,u003,2025-06-18,regular,hazard,30,0.01188918159684893,0,0.00014135263904285127,0.011960423148563508
s11-117-3,u003,2025-06-18,regular,hazard,60,0.02884204929721368,0,0.0008318638076629041,0.029266155842809276
s11-117-3,u003,2025-06-18,regular,hazard,120,0.08890365862114158,0,0.007903860516224482,0.09310663387914724
s11-117-3,u003,2025-06-18,regular,hazard_cal,30,0.008637624794565868,0,7.460856209169905e-05,0.008675145290495598
s11-117-3,u003,2025-06-18,regular,hazard_cal,60,0.021313483343471495,0,0.00045426457223243685,0.021543895434342937
s11-117-3,u003,2025-06-18,regular,hazard_cal,120,0.06863725470580606,0,0.004711072733549696,0.07110644784431132
s11-117-35,u035,2025-06-18,variable,empirical,30,0.0063657407407407,0,4.052265517832595e-05,0.006386088466525358
s11-117-35,u035,2025-06-18,variable,empirical,60,0.01388888888888884,0,0.00019290123456789987,0.01398624197473984
s11-117-35,u035,2025-06-18,variable,empirical,120,0.03414351851851849,0,0.001165779856824415,0.034740025702165826
s11-117-35,u035,2025-06-18,variable,hazard,30,0.003218901644842398,0,1.0361327799169095e-05,0.003224093453015593
s11-117-35,u035,2025-06-18,variable,hazard,60,0.007862620839688583,0,6.18208064687052e-05,0.007893694228945923
s11-117-35,u035,2025-06-18,variable,hazard,120,0.024856323360363586,0,0.0006178368109949565,0.025170458184767465
s11-117-35,u035,2025-06-18,variable,hazard_cal,30,0.002140038896163321,0,4.579766477091925e-06,0.002142332051613891
s11-117-35,u035,2025-06-18,variable,hazard_cal,60,0.005308677549950236,0,2.818205732934564e-05,0.0053228186478373575
s11-117-35,u035,2025-06-18,variable,hazard_cal,120,0.01744863087727566,0,0.0003044547194914176,0.017602652511110456
s11-117-50,u050,2025-06-18,variable,empirical,30,0.0063657407407407,0,4.052265517832595e-05,0.006386088466525358
s11-117-50,u050,2025-06-18,variable,empirical,60,0.01388888888888884,0,0.00019290123456789987,0.01398624197473984
s11-117-50,u050,2025-06-18,variable,empirical,120,0.03414351851851849,0,0.001165779856824415,0.034740025702165826
s11-117-50,u050,2025-06-18,variable,hazard,30,0.0011795223680574063,0,1.3912730167477514e-06,0.0011802185520626953
s11-117-50,u050,2025-06-18,variable,hazard,60,0.0028858065789177934,0,8.327879610925218e-06,0.002889978546985032
s11-117-50,u050,2025-06-18,variable,hazard,120,0.009177822420523452,0,8.423242438266295e-05,0.009220198109691703
s11-117-50,u050,2025-06-18,variable,hazard_cal,30,0.0007332667325991027,0,5.376801011365639e-07,0.0007335357041429654
s11-117-50,u050,2025-06-18,variable,hazard_cal,60,0.001821064121529825,0,3.316274534723194e-06,0.0018227242746001416
s11-117-50,u050,2025-06-18,variable,hazard_cal,120,0.006012200210250507,0,3.6146551368136236e-05,0.006030346254258102
s11-117-59,u059,2025-06-18,new,empirical,30,0.0063657407407407,0,4.052265517832595e-05,0.006386088466525358
s11-117-59,u059,2025-06-18,new,empirical,60,0.01388888888888884,0,0.00019290123456789987,0.01398624197473984
s11-117-59,u059,2025-06-18,new,empirical,120,0.03414351851851849,0,0.001165779856824415,0.034740025702165826
s11-117-59,u059,2025-06-18,new,hazard,30,0.0015262535656640486,0,2.3294499467022223e-06,0.0015274194771060716
s11-117-59,u059,2025-06-18,new,hazard,60,0.003733090331140554,0,1.393596342045509e-05,0.003740075702952438
s11-117-59,u059,2025-06-18,new,hazard,120,0.011860358758655543,0,0.00014066810988401724,0.011931253932632632
s11-117-59,u059,2025-06-18,new,hazard_cal,30,0.0009652678032390227,0,9.317419319698887e-07,0.0009657339742157071
s11-117-59,u059,2025-06-18,new,hazard_cal,60,0.00239678380742947,0,5.744572619556107e-06,0.002399660691504672
s11-117-59,u059,2025-06-18,new,hazard_cal,120,0.007907112653631643,0,6.252243051722164e-05,0.007938539643010537
s11-117-29,u029,2025-06-18,regular,empirical,30,0.0063657407407407,0,4.052265517832595e-05,0.006386088466525358
s11-117-29,u029,2025-06-18,regular,empirical,60,0.01388888888888884,0,0.00019290123456789987,0.01398624197473984
s11-117-29,u029,2025-06-18,regular,empirical,120,0.03414351851851849,0,0.001165779856824415,0.034740025702165826
s11-117-29,u029,2025-06-18,regular,hazard,30,0.017208326196648915,0,0.0002961264904902733,0.01735811028456205
s11-117-29,u029,2025-06-18,regular,hazard,60,0.04156984752499493,0,0.001728052223251327,0.04245859085227776
s11-117-29,u029,2025-06-18,regular,hazard,120,0.12618572154014707,0,0.015922836320607536,0.1348874219484425
s11-117-29,u029,2025-06-18,regular,hazard_cal,30,0.012826936776794917,0,0.00016453030707589398,0.012909912241366764
s11-117-29,u029,2025-06-18,regular,hazard_cal,60,0.03154246535232719,0,0.000994927120502761,0.03205064361400575
s11-117-29,u029,2025-06-18,regular,hazard_cal,120,0.10026149978109822,0,0.010052368338355157,0.10565111318953066
s11-117-44,u044,2025-06-18,regular,empirical,30,0.0063657407407407,0,4.052265517832595e-05,0.006386088466525358
s11-117-44,u044,2025-06-18,regular,empirical,60,0.01388888888888884,0,0.00019290123456789987,0.01398624197473984
s11-117-44,u044,2025-06-18,regular,empirical,120,0.03414351851851849,0,0.001165779856824415,0.034740025702165826
s11-117-44,u044,2025-06-18,regular,hazard,30,0.010054408983529717,0,0.00010109114000808307,0.010105295933000878
s11-117-44,u044,2025-06-18,regular,hazard,60,0.02442659576593975,0,0.0005966585807126258,0.024729873944655385
s11-117-44,u044,2025-06-18,regular,hazard,120,0.07569497273696979,0,0.0057297288976506,0.07871314573124864
s11-117-44,u044,2025-06-18,regular,hazard_cal,30,0.007220934538508805,0,5.214189560942937e-05,0.007247131674363006
s11-117-44,u044,2025-06-18,regular,hazard_cal,60,0.017838413626634297,0,0.0003182090007148922,0.017999435922531563
s11-117-44,u044,2025-06-18,regular,hazard_cal,120,0.05770151716836236,0,0.003329465083530816,0.05943319384008736
s11-117-12,u012,2025-06-18,variable,empirical,30,0.0063657407407407,0,4.052265517832595e-05,0.006386088466525358
s11-117-12,u012,2025-06-18,variable,empirical,60,0.01388888888888884,0,0.00019290123456789987,0.01398624197473984
s11-117-12,u012,2025-06-18,variable,empirical,120,0.03414351851851849,0,0.001165779856824415,0.034740025702165826
s11-117-12,u012,2025-06-18,variable,hazard,30,0.005454730213721337,0,2.9754081704484426e-05,0.005469661577032973
s11-117-12,u012,2025-06-18,variable,hazard,60,0.013300365266824432,0,0.00017689971623094974,0.013389607309440764
s11-117-12,u012,2025-06-18,variable,hazard,120,0.041772337614836896,0,0.0017449281898079174,0.042669885835686254
s11-117-12,u012,2025-06-18,variable,hazard_cal,30,0.003757733436499988,0,1.4120560579790011e-05,0.0037648114538886405
s11-117-12,u012,2025-06-18,variable,hazard_cal,60,0.009309302706929978,0,8.666311688925382e-05,0.009352905081487627
s11-117-12,u012,2025-06-18,variable,hazard_cal,120,0.030442112828863555,0,0.000926722233485259,0.030915097808421055
s11-117-54,u054,2025-06-18,new,empirical,30,0.0063657407407407,0,4.052265517832595e-05,0.006386088466525358
s11-117-54,u054,2025-06-18,new,empirical,60,0.01388888888888884,0,0.00019290123456789987,0.01398624197473984
s11-117-54,u054,2025-06-18,new,empirical,120,0.03414351851851849,1,0.9328787428197874,3.3771825054582822
s11-117-54,u054,2025-06-18,new,hazard,30,0.005698050008864697,0,3.246777390352297e-05,0.005714345828229063
s11-117-54,u054,2025-06-18,new,hazard,60,0.013890977304356067,0,0.00019295925047013533,0.013988359806752027
s11-117-54,u054,2025-06-18,new,hazard,120,0.043596241925831114,1,0.9147081484583933,3.1327843267037676
s11-117-54,u054,2025-06-18,new,hazard_cal,30,0.003936968414211428,0,1.5499720294498446e-05,0.003944738675245207
s11-117-54,u054,2025-06-18,new,hazard_cal,60,0.00975190722851127,0,9.509969459349036e-05,0.009799768489046082
s11-117-54,u054,2025-06-18,new,hazard_cal,120,0.03187145542058234,1,0.9372728788294615,3.446044484178537
s11-117-39,u039,2025-06-18,variable,empirical,30,0.0063657407407407,0,4.052265517832595e-05,0.006386088466525358
s11-117-39,u039,2025-06-18,variable,empirical,60,0.01388888888888884,0,0.00019290123456789987,0.01398624197473984
s11-117-39,u039,2025-06-18,variable,empirical,120,0.03414351851851849,0,0.001165779856824415,0.034740025702165826
s11-117-39,u039,2025-06-18,variable,hazard,30,0.0023840289312228036,0,5.683593944907343e-06,0.002386875252903966
s11-117-39,u039,2025-06-18,variable,hazard,60,0.00582717856125281,0,3.3956009984724376e-05,0.00584422281175928
s11-117-39,u039,2025-06-18,variable,hazard,120,0.01846683475562716,0,0.0003410239858916392,0.01863947547035631
s11-117-39,u039,2025-06-18,variable,hazard_cal,30,0.0015533909282622327,0,2.413023376007401e-06,0.0015545986908639254
s11-117-39,u039,2025-06-18,variable,hazard_cal,60,0.003855257367573861,0,1.4863009370232537e-05,0.003862708027899247
s11-117-39,u039,2025-06-18,variable,hazard_cal,120,0.012695037815044552,0,0.00016116398512541115,0.012776308362013083
s11-117-31,u031,2025-06-18,variable,empirical,30,0.0063657407407407,0,4.052265517832595e-05,0.006386088466525358
s11-117-31,u031,2025-06-18,variable,empirical,60,0.01388888888888884,0,0.00019290123456789987,0.01398624197473984
s11-117-31,u031,2025-06-18,variable,empirical,120,0.03414351851851849,0,0.001165779856824415,0.034740025702165826
s11-117-31,u031,2025-06-18,variable,hazard,30,0.0012072635624993389,0,1.457485309338595e-06,0.0012079928922085563
s11-117-31,u031,2025-06-18,variable,hazard,60,0.0029536130077675304,0,8.723829799653558e-06,0.0029579835306777847
s11-117-31,u031,2025-06-18,variable,hazard,120,0.009392702412300946,0,8.822285860604401e-05,0.00943709201917768
s11-117-31,u031,2025-06-18,variable,hazard_cal,30,0.0007516763765635925,0,5.650173750837718e-07,0.0007519590269010647
s11-117-31,u031,2025-06-18,variable,hazard_cal,60,0.0018667563351941752,0,3.4847792149875877e-06,0.0018685008962533568
s11-117-31,u031,2025-06-18,variable,hazard_cal,120,0.006162692554516069,0,3.797877952148779e-05,0.006181760323841309
s11-117-6,u006,2025-06-18,regular,empirical,30,0.0063657407407407,0,4.052265517832595e-05,0.006386088466525358
s11-117-6,u006,2025-06-18,regular,empirical,60,0.01388888888888884,0,0.00019290123456789987,0.01398624197473984
s11-117-6,u006,2025-06-18,regular,empirical,120,0.03414351851851849,0,0.001165779856824415,0.034740025702165826
s11-117-6,u006,2025-06-18,regular,hazard,30,0.003913450321805789,0,1.5315093421241834e-05,0.003921127905624373
s11-117-6,u006,2025-06-18,regular,hazard,60,0.009553895833254278,0,9.127692559267345e-05,0.009599827078380337
s11-117-6,u006,2025-06-18,regular,hazard,120,0.03014154021488269,0,0.0009085124465253904,0.030605135879040516
s11-117-6,u006,2025-06-18,regular,hazard_cal,30,0.002636207889665898,0,6.949592037536728e-06,0.002639688804640847
s11-117-6,u006,2025-06-18,regular,hazard_cal,60,0.0065368490353329145,0,4.273039531073286e-05,0.00655830779924126
s11-117-6,u006,2025-06-18,regular,hazard_cal,120,0.02145174973536046,0,0.00046017756670853756,0.02168518292264611
s11-117-4,u004,2025-06-18,regular,empirical,30,0.0063657407407407,0,4.052265517832595e-05,0.006386088466525358
s11-117-4,u004,2025-06-18,regular,empirical,60,0.01388888888888884,0,0.00019290123456789987,0.01398624197473984
s11-117-4,u004,2025-06-18,regular,empirical,120,0.03414351851851849,0,0.001165779856824415,0.034740025702165826
s11-117-4,u004,2025-06-18,regular,hazard,30,0.006985515113701046,0,4.879742140374574e-05,0.007010028048087826
s11-117-4,u004,2025-06-18,regular,hazard,60,0.01701225096502401,0,0.0002894166828969604,0.017158621745820463
s11-117-4,u004,2025-06-18,regular,hazard,120,0.0531918581615346,0,0.002829373774676815,0.0546588020568641
s11-117-4,u004,2025-06-18,regular,hazard_cal,30,0.004893695180293256,0,2.3948252517625444e-05,0.0049057085156447
s11-117-4,u004,2025-06-18,regular,hazard_cal,60,0.012112262508309213,0,0.00014670690307019298,0.012186213710750439
s11-117-4,u004,2025-06-18,regular,hazard_cal,120,0.039466578326411095,0,0.001557610804794742,0.04026650125855424
s11-117-56,u056,2025-06-18,new,empirical,30,0.0063657407407407,0,4.052265517832595e-05,0.006386088466525358
s11-117-56,u056,2025-06-18,new,empirical,60,0.01388888888888884,0,0.00019290123456789987,0.01398624197473984
s11-117-56,u056,2025-06-18,new,empirical,120,0.03414351851851849,0,0.001165779856824415,0.034740025702165826
s11-117-56,u056,2025-06-18,new,hazard,30,0.005344921917541101,0,2.856819030461124e-05,0.005359257115853962
s11-117-56,u056,2025-06-18,new,hazard,60,0.013033751923185677,0,0.00016987868919514634,0.013119436610760102
s11-117-56,u056,2025-06-18,new,hazard,120,0.040948135364032856,0,0.0016767497897911582,0.04181012356319712
s11-117-56,u056,2025-06-18,new,hazard_cal,30,0.0036770245927378875,0,1.3520509855599227e-05,0.003683801465250664
s11-117-56,u056,2025-06-18,new,hazard_cal,60,0.009109957154547654,0,8.2991319357694e-05,0.009151706564549214
s11-117-56,u056,2025-06-18,new,hazard_cal,120,0.029797817580698993,0,0.000887909932572614,0.030250793720550485
s11-118-5,u005,2025-06-19,regular,empirical,30,0.0063657407407407,0,4.052265517832595e-05,0.006386088466525358
s11-118-5,u005,2025-06-19,regular,empirical,60,0.01388888888888884,0,0.00019290123456789987,0.01398624197473984
s11-118-5,u005,2025-06-19,regular,empirical,120,0.03414351851851849,0,0.001165779856824415,0.034740025702165826
s11-118-5,u005,2025-06-19,regular,hazard,30,0.0008278382732717082,0,6.853162066934835e-07,0.0008281811206028758
s11-118-5,u005,2025-06-19,regular,hazard,60,0.0020259441274410595,0,4.104449607512916e-06,0.0020279991282584732
s11-118-5,u005,2025-06-19,regular,hazard,120,0.006449849289584031,0,4.1600555858347627e-05,0.006470739441514479
s11-118-5,u005,2025-06-19,regular,hazard_cal,30,0.0005026432248490531,0,2.5265021148665574e-07,0.0005027695923017333
s11-118-5,u005,2025-06-19,regular,hazard_cal,60,0.001248546759034408,0,1.5588690094953238e-06,0.0012493268429208976
s11-118-5,u005,2025-06-19,regular,hazard_cal,120,0.004125060941434278,0,1.701612777054665e-05,0.004133592475467754
s11-118-40,u040,2025-06-19,regular,empirical,30,0.0063657407407407,0,4.052265517832595e-05,0.006386088466525358
s11-118-40,u040,2025-06-19,regular,empirical,60,0.01388888888888884,0,0.00019290123456789987,0.01398624197473984
s11-118-40,u040,2025-06-19,regular,empirical,120,0.03414351851851849,0,0.001165779856824415,0.034740025702165826
s11-118-40,u040,2025-06-19,regular,hazard,30,0.003612841449748272,0,1.3052623341019196e-05,0.003619383523154547
s11-118-40,u040,2025-06-19,regular,hazard,60,0.008822120881159523,0,7.782981684179088e-05,0.008861266189401766
s11-118-40,u040,2025-06-19,regular,hazard,120,0.02785740778503376,0,0.0007760351685016596,0.02825278547142675
s11-118-40,u040,2025-06-19,regular,hazard_cal,30,0.0024206553040528878,0,5.859572101039379e-06,0.0024235898267051382
s11-118-40,u040,2025-06-19,regular,hazard_cal,60,0.00600341217335032,0,3.604095772313081e-05,0.006021505101425125
s11-118-40,u040,2025-06-19,regular,hazard_cal,120,0.0197146056861478,0,0.00038866567736029124,0.019911531025846377
s11-118-21,u021,2025-06-19,variable,empirical,30,0.0063657407407407,0,4.052265517832595e-05,0.006386088466525358
s11-118-21,u021,2025-06-19,variable,empirical,60,0.01388888888888884,0,0.00019290123456789987,0.01398624197473984
s11-118-21,u021,2025-06-19,variable,empirical,120,0.03414351851851849,0,0.001165779856824415,0.034740025702165826
s11-118-21,u021,2025-06-19,variable,hazard,30,0.0035830581523504934,0,1.2838305723125331e-05,0.0035894926800013748
s11-118-21,u021,2025-06-19,variable,hazard,60,0.00874960011175363,0,7.655550211559914e-05,0.008788102615005457
s11-118-21,u021,2025-06-19,variable,hazard,120,0.027630823834776552,0,0.000763462425788456,0.028019735762016683
s11-118-21,u021,2025-06-19,variable,hazard_cal,30,0.0023993638996541167,0,5.75694712296341e-06,0.0024022469858541776
s11-118-21,u021,2025-06-19,variable,hazard_cal,60,0.005950711258294494,0,3.5410964479592845e-05,0.005968487295659858
s11-118-21,u021,2025-06-19,variable,hazard_cal,120,0.019542855555406802,0,0.0003819232032594945,0.019736342159602856
s11-118-56,u056,2025-06-19,new,empirical,30,0.0063657407407407,0,4.052265517832595e-05,0.006386088466525358
s11-118-56,u056,2025-06-19,new,empirical,60,0.01388888888888884,0,0.00019290123456789987,0.01398624197473984
s11-118-56,u056,2025-06-19,new,empirical,120,0.03414351851851849,0,0.001165779856824415,0.034740025702165826
s11-118-56,u056,2025-06-19,new,hazard,30,0.003980079898786237,0,1.5841036000722266e-05,0.003988021495917941
s11-118-56,u056,2025-06-19,new,hazard,60,0.009716045552918051,0,9.440154118637864e-05,0.00976355430544072
s11-118-56,u056,2025-06-19,new,hazard,120,0.03064711986766866,0,0.0009392459561832511,0.031126564001735538
s11-118-56,u056,2025-06-19,new,hazard_cal,30,0.0026841409413667083,0,7.2046125931209595e-06,0.002687749706733016
s11-118-56,u056,2025-06-19,new,hazard_cal,60,0.006655445389744052,0,4.429495333586536e-05,0.006677691627096586
s11-118-56,u056,2025-06-19,new,hazard_cal,120,0.021837637718191028,0,0.00047688242111095945,0.0220796081231423
s11-118-18,u018,2025-06-19,regular,empirical,30,0.0063657407407407,0,4.052265517832595e-05,0.006386088466525358
s11-118-18,u018,2025-06-19,regular,empirical,60,0.01388888888888884,0,0.00019290123456789987,0.01398624197473984
s11-118-18,u018,2025-06-19,regular,empirical,120,0.03414351851851849,0,0.001165779856824415,0.034740025702165826
s11-118-18,u018,2025-06-19,regular,hazard,30,0.004251434781659347,0,1.8074697702702856e-05,0.004260497826929305
s11-118-18,u018,2025-06-19,regular,hazard,60,0.01037623755829653,0,0.00010766630586620355,0.010430446023893102
s11-118-18,u018,2025-06-19,regular,hazard,120,0.032703535529279515,0,0.0010695212361148477,0.033250248849710166
s11-118-18,u018,2025-06-19,regular,hazard_cal,30,0.0028799095520277707,0,8.293879027860795e-06,0.0028840644706523365
s11-118-18,u018,2025-06-19,regular,hazard_cal,60,0.00713972123553952,0,5.0975619321213974e-05,0.007165331015798568
s11-118-18,u018,2025-06-19,regular,hazard_cal,120,0.02341215404220187,0,0.0005481289568957894,0.023690572693336756
s11-118-42,u042,2025-06-19,regular,empirical,30,0.0063657407407407,0,4.052265517832595e-05,0.006386088466525358
s11-118-42,u042,2025-06-19,regular,empirical,60,0.01388888888888884,0,0.00019290123456789987,0.01398624197473984
s11-118-42,u042,2025-06-19,regular,empirical,120,0.03414351851851849,0,0.001165779856824415,0.034740025702165826
s11-118-42,u042,2025-06-19,regular,hazard,30,0.0014017025417917273,0,1.964770015665389e-06,0.001402685845773432
s11-118-42,u042,2025-06-19,regular,hazard,60,0.0034287869333941012,0,1.1756579834614124e-05,0.0034346786948965284
s11-118-42,u042,2025-06-19,regular,hazard,120,0.01089755246619728,0,0.00011875664975352242,0.010957365733486359
s11-118-42,u042,2025-06-19,regular,hazard_cal,30,0.0008814746043535049,0,7.76997478120168e-07,0.0008818633315447843
s11-118-42,u042,2025-06-19,regular,hazard_cal,60,0.0021888728801832125,0,4.791164485601552e-06,0.0021912719639248976
s11-118-42,u042,2025-06-19,regular,hazard_cal,120,0.007223120386127491,0,5.2173468112490546e-05,0.007249333423071329
s11-118-6,u006,2025-06-19,regular,empirical,30,0.0063657407407407,0,4.052265517832595e-05,0.006386088466525358
s11-118-6,u006,2025-06-19,regular,empirical,60,0.01388888888888884,0,0.00019290123456789987,0.01398624197473984
s11-118-6,u006,2025-06-19,regular,empirical,120,0.03414351851851849,0,0.001165779856824415,0.034740025702165826
s11-118-6,u006,2025-06-19,regular,hazard,30,0.0033680208732266292,0,1.1343564602490265e-05,0.003373705422904696
s11-118-6,u006,2025-06-19,regular,hazard,60,0.008225893858497813,0,6.766532977127203e-05,0.008259913211557474
s11-118-6,u006,2025-06-19,regular,hazard,120,0.025993373817266074,0,0.0006756554824041335,0.026337172300387516
s11-118-6,u006,2025-06-19,regular,hazard_cal,30,0.002246001551774457,0,5.044522970573268e-06,0.0022485275963018054
s11-118-6,u006,2025-06-19,regular,hazard_cal,60,0.005571051487654688,0,3.103661467809951e-05,0.005586627672416019
s11-118-6,u006,2025-06-19,regular,hazard_cal,120,0.01830487435726247,0,0.00033506842523516506,0.018474481516791257
s11-118-3,u003,2025-06-19,regular,empirical,30,0.0063657407407407,0,4.052265517832595e-05,0.006386088466525358
s11-118-3,u003,2025-06-19,regular,empirical,60,0.01388888888888884,0,0.00019290123456789987,0.01398624197473984
s11-118-3,u003,2025-06-19,regular,empirical,120,0.03414351851851849,0,0.001165779856824415,0.034740025702165826
s11-118-3,u003,2025-06-19,regular,hazard,30,0.009696089385304751,0,9.401414936781948e-05,0.00974340254346539
s11-118-3,u003,2025-06-19,regular,hazard,60,0.0235627758895971,0,0.0005552044076233783,0.023844817357168535
s11-118-3,u003,2025-06-19,regular,hazard,120,0.07309413729128356,0,0.0053427529063570095,0.07590326904891463
s11-118-3,u003,2025-06-19,regular,hazard_cal,30,0.006946291204285471,0,4.82509614947337e-05,0.006970528992068046
s11-118-3,u003,2025-06-19,regular,hazard_cal,60,0.017163792327300365,0,0.00029459576705469486,0.01731279766992542
s11-118-3,u003,2025-06-19,regular,hazard_cal,120,0.05556714441253863,0,0.0030877075381639226,0.057170684469685144
s11-118-9,u009,2025-06-19,regular,empirical,30,0.0063657407407407,0,4.052265517832595e-05,0.006386088466525358
s11-118-9,u009,2025-06-19,regular,empirical,60,0.01388888888888884,0,0.00019290123456789987,0.01398624197473984
s11-118-9,u009,2025-06-19,regular,empirical,120,0.03414351851851849,0,0.001165779856824415,0.034740025702165826
s11-118-9,u009,2025-06-19,regular,hazard,30,0.011990423704721476,0,0.00014377026061874668,0.012062888674685034
s11-118-9,u009,2025-06-19,regular,hazard,60,0.029085316220742397,0,0.0008459556196605808,0.02951667883611217
s11-118-9,u009,2025-06-19,regular,hazard,120,0.08962723564185915,0,0.008033041368801347,0.09390113218438927
s11-118-9,u009,2025-06-19,regular,hazard_cal,30,0.008716272585108764,0,7.597340777791862e-05,0.008754481477100163
s11-118-9,u009,2025-06-19,regular,hazard_cal,60,0.021506165799002108,0,0.000462515167374168,0.021740793442304947
s11-118-9,u009,2025-06-19,regular,hazard_cal,120,0.06924073988658652,0,0.004794280060041934,0.07175461719106319
s11-118-0,u000,2025-06-19,variable,empirical,30,0.0063657407407407,0,4.052265517832595e-05,0.006386088466525358
s11-118-0,u000,2025-06-19,variable,empirical,60,0.01388888888888884,0,0.00019290123456789987,0.01398624197473984
s11-118-0,u000,2025-06-19,variable,empirical,120,0.03414351851851849,0,0.001165779856824415,0.034740025702165826
s11-118-0,u000,2025-06-19,variable,hazard,30,0.0005340374486273447,0,2.8519599653640386e-07,0.0005341800974144032
s11-118-0,u000,2025-06-19,variable,hazard,60,0.001307238078844808,0,1.7088713947818642e-06,0.0013080932599069432
s11-118-0,u000,2025-06-19,variable,hazard,120,0.004165360912450122,0,1.7350231530967316e-05,0.004174060193716973
s11-118-0,u000,2025-06-19,variable,hazard_cal,30,0.0003149367240472545,0,9.918514015361652e-08,0.000314986327032139
s11-118-0,u000,2025-06-19,variable,hazard_cal,60,0.0007824107274677639,0,6.121665464566355e-07,0.0007827169704899622
s11-118-0,u000,2025-06-19,variable,hazard_cal,120,0.0025865373109966727,0,6.690175261177899e-06,0.002589888177969387
s11-118-16,u016,2025-06-19,variable,empirical,30,0.0063657407407407,0,4.052265517832595e-05,0.006386088466525358
s11-118-16,u016,2025-06-19,variable,empirical,60,0.01388888888888884,0,0.00019290123456789987,0.01398624197473984
s11-118-16,u016,2025-06-19,variable,empirical,120,0.03414351851851849,0,0.001165779856824415,0.034740025702165826
s11-118-16,u016,2025-06-19,variable,hazard,30,0.006856610082279113,0,4.7013101820411584e-05,0.006880224638964929
s11-118-16,u016,2025-06-19,variable,hazard,60,0.01670002715803398,0,0.0002788909070790725,0.01684104481530278
s11-118-16,u016,2025-06-19,variable,hazard,120,0.052235276999309854,0,0.0027285241631946292,0.05364899001820909
s11-118-16,u016,2025-06-19,variable,hazard_cal,30,0.0047973133496903575,0,2.3014215375117318e-05,0.004808857392435884
s11-118-16,u016,2025-06-19,variable,hazard_cal,60,0.01187464481361189,0,0.00014100718944943977,0.011945711563549963
s11-118-16,u016,2025-06-19,variable,hazard_cal,120,0.038704059273620306,0,0.001498004204255914,0.03947296661107484
s11-118-38,u038,2025-06-19,regular,empirical,30,0.0063657407407407,0,4.052265517832595e-05,0.006386088466525358
s11-118-38,u038,2025-06-19,regular,empirical,60,0.01388888888888884,0,0.00019290123456789987,0.01398624197473984
s11-118-38,u038,2025-06-19,regular,empirical,120,0.03414351851851849,0,0.001165779856824415,0.034740025702165826
s11-118-38,u038,2025-06-19,regular,hazard,30,0.001302247555950986,0,1.6958486969803165e-06,0.0013030962171574755
s11-118-38,u038,2025-06-19,regular,hazard,60,0.0031857551106498905,0,1.0149035625031896e-05,0.003190840431726311
s11-118-38,u038,2025-06-19,regular,hazard,120,0.010128099442125005,0,0.00010257839830957283,0.010179737601430344
s11-118-38,u038,2025-06-19,regular,hazard_cal,30,0.0008149209614841668,0,6.640961734662789e-07,0.0008152531900765252
s11-118-38,u038,2025-06-19,regular,hazard_cal,60,0.0020237171373858054,0,4.095431052148998e-06,0.002025767619776487
s11-118-38,u038,2025-06-19,regular,hazard_cal,120,0.006679526406133562,0,4.461607301023555e-05,0.006701934281040575
s11-118-43,u043,2025-06-19,regular,empirical,30,0.0063657407407407,0,4.052265517832595e-05,0.006386088466525358
s11-118-43,u043,2025-06-19,regular,empirical,60,0.01388888888888884,0,0.00019290123456789987,0.01398624197473984
s11-118-43,u043,2025-06-19,regular,empirical,120,0.03414351851851849,0,0.001165779856824415,0.034740025702165826
s11-118-43,u043,2025-06-19,regular,hazard,30,0.012540669369740853,0,0.00015726838824115644,0.012619967226840882
s11-118-43,u043,2025-06-19,regular,hazard,60,0.030406771840586932,0,0.0009245717737655104,0.030878647850497574
s11-118-43,u043,2025-06-19,regular,hazard,120,0.09355025308190312,0,0.008751649851688125,0.09821968670767164
s11-118-43,u043,2025-06-19,regular,hazard_cal,30,0.00914453538562543,0,8.362252741895563e-05,0.009186603306790962
s11-118-43,u043,2025-06-19,regular,hazard_cal,60,0.022554947943889347,0,0.0005087256767515583,0.022813201432932535
s11-118-43,u043,2025-06-19,regular,hazard_cal,120,0.07252027546796724,0,0.005259190353949852,0.07528434508230945
s11-118-46,u046,2025-06-19,regular,empirical,30,0.0063657407407407,0,4.052265517832595e-05,0.006386088466525358
s11-118-46,u046,2025-06-19,regular,empirical,60,0.01388888888888884,0,0.00019290123456789987,0.01398624197473984
s11-118-46,u046,2025-06-19,regular,empirical,120,0.03414351851851849,0,0.001165779856824415,0.034740025702165826
s11-118-46,u046,2025-06-19,regular,hazard,30,0.00821495525359972,0,6.748548981864565e-05,0.008248883941375835
s11-118-46,u046,2025-06-19,regular,hazard,60,0.0199868891728735,0,0.000399475738808728,0.020189329011982338
s11-118-46,u046,2025-06-19,regular,hazard,120,0.06226905881625766,0,0.003877435685862556,0.06429221421095434
s11-118-46,u046,2025-06-19,regular,hazard_cal,30,0.0058188748204546226,0,3.385930417612082e-05,0.005835870434847353
s11-118-46,u046,2025-06-19,regular,hazard_cal,60,0.014391273660558479,0,0.00020710875757308424,0.014495832407416049
s11-118-46,u046,2025-06-19,regular,hazard_cal,120,0.04675633345325747,0,0.0021861547179922035,0.047884724329748475
s11-118-17,u017,2025-06-19,variable,empirical,30,0.0063657407407407,0,4.052265517832595e-05,0.006386088466525358
s11-118-17,u017,2025-06-19,variable,empirical,60,0.01388888888888884,0,0.00019290123456789987,0.01398624197473984
s11-118-17,u017,2025-06-19,variable,empirical,120,0.03414351851851849,0,0.001165779856824415,0.034740025702165826
s11-118-17,u017,2025-06-19,variable,hazard,30,0.0010371261761364936,0,1.0756307052275052e-06,0.001037664363633513
s11-118-17,u017,2025-06-19,variable,hazard,60,0.0025377076972405987,0,6.439960356634182e-06,0.0025409331353872713
s11-118-17,u017,2025-06-19,variable,hazard,120,0.00807413618760966,0,6.519167517606785e-05,0.008106908550083653
s11-118-17,u017,2025-06-19,variable,hazard_cal,30,0.0006392401321849706,0,4.086279465958586e-07,0.0006394445332704949
s11-118-17,u017,2025-06-19,variable,hazard_cal,60,0.0015876713499278772,0,2.520700315381808e-06,0.0015889330356906285
s11-118-17,u017,2025-06-19,variable,hazard_cal,120,0.005243221191814196,0,2.7491368466289474e-05,0.005257015113562438
s11-118-24,u024,2025-06-19,regular,empirical,30,0.0063657407407407,0,4.052265517832595e-05,0.006386088466525358
s11-118-24,u024,2025-06-19,regular,empirical,60,0.01388888888888884,0,0.00019290123456789987,0.01398624197473984
s11-118-24,u024,2025-06-19,regular,empirical,120,0.03414351851851849,0,0.001165779856824415,0.034740025702165826
s11-118-24,u024,2025-06-19,regular,hazard,30,0.0012729525158272637,0,1.6204081075509598e-06,0.0012737634081056647
s11-118-24,u024,2025-06-19,regular,hazard,60,0.0031141613816090263,0,9.69800111070504e-06,0.003119020472782762
s11-118-24,u024,2025-06-19,regular,hazard,120,0.009901343428110998,0,9.803660168139685e-05,0.009950687715623865
s11-118-24,u024,2025-06-19,regular,hazard_cal,30,0.0007953809532099676,0,6.326308607291967e-07,0.0007956974364679637
s11-118-24,u024,2025-06-19,regular,hazard_cal,60,0.001975224353991223,0,3.901511248600044e-06,0.001977177682213672
s11-118-24,u024,2025-06-19,regular,hazard_cal,120,0.006519873564954426,0,4.2508751302991533e-05,0.006541220778618188
s11-118-57,u057,2025-06-19,new,empirical,30,0.0063657407407407,0,4.052265517832595e-05,0.006386088466525358
s11-118-57,u057,2025-06-19,new,empirical,60,0.01388888888888884,0,0.00019290123456789987,0.01398624197473984
s11-118-57,u057,2025-06-19,new,empirical,120,0.03414351851851849,0,0.001165779856824415,0.034740025702165826
s11-118-57,u057,2025-06-19,new,hazard,30,0.0031417723983150347,0,9.870733802814206e-06,0.0031467181268353414
s11-118-57,u057,2025-06-19,new,hazard,60,0.007674690653949545,0,5.8900876633820495e-05,0.0077042926469567076
s11-118-57,u057,2025-06-19,new,hazard,120,0.02426770629880559,0,0.0005889215690050886,0.02456701943379791
s11-118-57,u057,2025-06-19,new,hazard_cal,30,0.0020853612873992233,0,4.348731698983346e-06,0.0020875386808767277
s11-118-57,u057,2025-06-19,new,hazard_cal,60,0.005173272651811889,0,2.6762749929984813e-05,0.005186700356916452
s11-118-57,u057,2025-06-19,new,hazard_cal,120,0.017006519003526677,0,0.000289221688617314,0.01715279060012101
s11-118-59,u059,2025-06-19,new,empirical,30,0.0063657407407407,0,4.052265517832595e-05,0.006386088466525358
s11-118-59,u059,2025-06-19,new,empirical,60,0.01388888888888884,0,0.00019290123456789987,0.01398624197473984
s11-118-59,u059,2025-06-19,new,empirical,120,0.03414351851851849,0,0.001165779856824415,0.034740025702165826
s11-118-59,u059,2025-06-19,new,hazard,30,0.0014504141251466818,0,2.1037011344250144e-06,0.0014514669939008494
s11-118-59,u059,2025-06-19,new,hazard,60,0.0035478063573982643,0,1.2586929949595541e-05,0.003554114747423545
s11-118-59,u059,2025-06-19,new,hazard,120,0.011274210354284664,0,0.00012710781911265954,0.01133824601981293
s11-118-59,u059,2025-06-19,new,hazard_cal,30,0.0009141887759763767,0,8.357411181211859e-07,0.0009146069013852309
s11-118-59,u059,2025-06-19,new,hazard_cal,60,0.0022700479333918056,0,5.153117619896407e-06,0.002272628398127156
s11-118-59,u059,2025-06-19,new,hazard_cal,120,0.007490216031327268,0,5.610333619595201e-05,0.0075184085664355615
s11-118-30,u030,2025-06-19,variable,empirical,30,0.0063657407407407,0,4.052265517832595e-05,0.006386088466525358
s11-118-30,u030,2025-06-19,variable,empirical,60,0.01388888888888884,0,0.00019290123456789987,0.01398624197473984
s11-118-30,u030,2025-06-19,variable,empirical,120,0.03414351851851849,0,0.001165779856824415,0.034740025702165826
s11-118-30,u030,2025-06-19,variable,hazard,30,0.002532279254860992,0,6.41243822459934e-06,0.002535490896968765
s11-118-30,u030,2025-06-19,variable,hazard,60,0.006188813719488762,0,3.8301415254532316e-05,0.006208043809132242
s11-118-30,u030,2025-06-19,variable,hazard,120,0.01960434826554569,0,0.0003843304709168043,0.01979906253339009
s11-118-30,u030,2025-06-19,variable,hazard_cal,30,0.0016566693879903616,0,2.744553461104359e-06,0.0016580431822124572
s11-118-30,u030,2025-06-19,variable,hazard_cal,60,0.004111230763228502,0,1.690221838851641e-05,0.004119705107053119
s11-118-30,u030,2025-06-19,variable,hazard_cal,120,0.013533514493693555,0,0.00018315601455101352,0.013625927227528435
s11-118-34,u034,2025-06-19,regular,empirical,30,0.0063657407407407,0,4.052265517832595e-05,0.006386088466525358
s11-118-34,u034,2025-06-19,regular,empirical,60,0.01388888888888884,0,0.00019290123456789987,0.01398624197473984
s11-118-34,u034,2025-06-19,regular,empirical,120,0.03414351851851849,0,0.001165779856824415,0.034740025702165826
s11-118-34,u034,2025-06-19,regular,hazard,30,0.005879053183318272,0,3.456326633228471e-05,0.005896402849644475
s11-118-34,u034,2025-06-19,regular,hazard,60,0.014330179571122814,0,0.00020535404654062564,0.014433848179407906
s11-118-34,u034,2025-06-19,regular,hazard,120,0.044950872668952147,0,0.0020205809537003493,0.0459924975930493
s11-118-34,u034,2025-06-19,regular,hazard_cal,30,0.004070643064006729,0,1.6570134954546093e-05,0.004078950684052282
s11-118-34,u034,2025-06-19,regular,hazard_cal,60,0.010081920162996472,0,0.0001016451141730348,0.010133086916666603
s11-118-34,u034,2025-06-19,regular,hazard_cal,120,0.03293613909680404,0,0.0010847892586040237,0.03349074547858998
s11-118-50,u050,2025-06-19,variable,empirical,30,0.0063657407407407,0,4.052265517832595e-05,0.006386088466525358
s11-118-50,u050,2025-06-19,variable,empirical,60,0.01388888888888884,0,0.00019290123456789987,0.01398624197473984
s11-118-50,u050,2025-06-19,variable,empirical,120,0.03414351851851849,0,0.001165779856824415,0.034740025702165826
s11-118-50,u050,2025-06-19,variable,hazard,30,0.0013445270126100084,0,1.8077528876379936e-06,0.001345431700062563
s11-118-50,u050,2025-06-19,variable,hazard,60,0.003289075409981246,0,1.08180170525433e-05,0.00329449630826671
s11-118-50,u050,2025-06-19,variable,hazard,120,0.010455272724766207,0,0.00010931272774924018,0.010510313065958826
s11-118-50,u050,2025-06-19,variable,hazard_cal,30,0.0008431734950336001,0,7.109415427271764e-07,0.0008435291657470969
s11-118-50,u050,2025-06-19,variable,hazard_cal,60,0.002093829213182019,0,4.3841207739744334e-06,0.0020960243382489147
s11-118-50,u050,2025-06-19,variable,hazard_cal,120,0.00691032148048254,0,4.77525429636184e-05,0.006934308320351604
s11-118-51,u051,2025-06-19,variable,empirical,30,0.0063657407407407,0,4.052265517832595e-05,0.006386088466525358
s11-118-51,u051,2025-06-19,variable,empirical,60,0.01388888888888884,0,0.00019290123456789987,0.01398624197473984
s11-118-51,u051,2025-06-19,variable,empirical,120,0.03414351851851849,0,0.001165779856824415,0.034740025702165826
s11-118-51,u051,2025-06-19,variable,hazard,30,0.00122656374534591,0,1.5044586213969862e-06,0.0012273165903278135
s11-118-51,u051,2025-06-19,variable,hazard,60,0.0030007857315758057,0,9.004715006828944e-06,0.0030052971164726654
s11-118-51,u051,2025-06-19,variable,hazard,120,0.009542173026955814,0,9.105306607636307e-05,0.009587991263311954
s11-118-51,u051,2025-06-19,variable,hazard_cal,30,0.0007645011479785468,0,5.84462005260516e-07,0.000764793528007253
s11-118-51,u051,2025-06-19,variable,hazard_cal,60,0.0018985862422170596,0,3.6046297191358955e-06,0.0019003908415633724
s11-118-51,u051,2025-06-19,variable,hazard_cal,120,0.006267517478420914,0,3.9281775342311654e-05,0.006287240820205438
s11-118-54,u054,2025-06-19,new,empirical,30,0.0063657407407407,0,4.052265517832595e-05,0.006386088466525358
s11-118-54,u054,2025-06-19,new,empirical,60,0.01388888888888884,0,0.00019290123456789987,0.01398624197473984
s11-118-54,u054,2025-06-19,new,empirical,120,0.03414351851851849,0,0.001165779856824415,0.034740025702165826
s11-118-54,u054,2025-06-19,new,hazard,30,0.004517284605828897,0,2.0405860210058738e-05,0.004527518366770729
s11-118-54,u054,2025-06-19,new,hazard,60,0.01102276022341564,0,0.000121501242942914,0.011083960994727653
s11-118-54,u054,2025-06-19,new,hazard,120,0.03471418548638949,0,0.001205074673983455,0.03533104065291864
s11-118-54,u054,2025-06-19,new,hazard_cal,30,0.0030725367751770483,0,9.440482234815374e-06,0.0030772667073729865
s11-118-54,u054,2025-06-19,new,hazard_cal,60,0.007616074913361137,0,5.800459708592885e-05,0.007645225313980646
s11-118-54,u054,2025-06-19,new,hazard_cal,120,0.024959007027754332,0,0.0006229520318114902,0.025275764794019065
s11-118-26,u026,2025-06-19,regular,empirical,30,0.0063657407407407,0,4.052265517832595e-05,0.006386088466525358
s11-118-26,u026,2025-06-19,regular,empirical,60,0.01388888888888884,0,0.00019290123456789987,0.01398624197473984
s11-118-26,u026,2025-06-19,regular,empirical,120,0.03414351851851849,0,0.001165779856824415,0.034740025702165826
s11-118-26,u026,2025-06-19,regular,hazard,30,0.0016047050920651174,0,2.5750784324997166e-06,0.0016059940103550798
s11-118-26,u026,2025-06-19,regular,hazard,60,0.003924732481253246,0,1.5403525049404258e-05,0.003932454454853644
s11-118-26,u026,2025-06-19,regular,hazard,120,0.012466345589973837,0,0.00015540977236866015,0.012544702372367907
s11-118-26,u026,2025-06-19,regular,hazard_cal,30,0.0010182856597157341,0,1.0369056847827078e-06,0.0010188044647825344
s11-118-26,u026,2025-06-19,regular,hazard_cal,60,0.0025283190722913407,0,6.392397331312146e-06,0.0025315206685334194
s11-118-26,u026,2025-06-19,regular,hazard_cal,120,0.008339654008499675,0,6.95498289814847e-05,0.008374623480913002
s11-119-50,u050,2025-06-20,variable,empirical,30,0.0063657407407407,0,4.052265517832595e-05,0.006386088466525358
s11-119-50,u050,2025-06-20,variable,empirical,60,0.01388888888888884,0,0.00019290123456789987,0.01398624197473984
s11-119-50,u050,2025-06-20,variable,empirical,120,0.03414351851851849,0,0.001165779856824415,0.034740025702165826
s11-119-50,u050,2025-06-20,variable,hazard,30,0.0014132913443101192,0,1.9973924239019036e-06,0.0014142909824864012
s11-119-50,u050,2025-06-20,variable,hazard,60,0.0034571032614187924,0,1.195156296011245e-05,0.0034630928513036236
s11-119-50,u050,2025-06-20,variable,hazard,120,0.010987174272633737,0,0.0001207179984972247,0.01104797906397243
s11-119-50,u050,2025-06-20,variable,hazard_cal,30,0.0008892507045219489,0,7.907668154927824e-07,0.0008896463224827839
s11-119-50,u050,2025-06-20,variable,hazard_cal,60,0.002208168438169622,0,4.876007851328468e-06,0.002210610037065216
s11-119-50,u050,2025-06-20,variable,hazard_cal,120,0.007286614858014406,0,5.309475608903631e-05,0.00731329190530178
s11-119-53,u053,2025-06-20,regular,empirical,30,0.0063657407407407,0,4.052265517832595e-05,0.006386088466525358
s11-119-53,u053,2025-06-20,regular,empirical,60,0.01388888888888884,0,0.00019290123456789987,0.01398624197473984
s11-119-53,u053,2025-06-20,regular,empirical,120,0.03414351851851849,0,0.001165779856824415,0.034740025702165826
s11-119-53,u053,2025-06-20,regular,hazard,30,0.0010653697248780292,0,1.1350126506866876e-06,0.0010659376345950825
s11-119-53,u053,2025-06-20,regular,hazard,60,0.002606757555144723,0,6.795184951304094e-06,0.0026101610636547054
s11-119-53,u053,2025-06-20,regular,hazard,120,0.008293140137316413,0,6.877617333716849e-05,0.008327719537906888
s11-119-53,u053,2025-06-20,regular,hazard_cal,30,0.0006578247235182744,0,4.327333668718941e-07,0.0006580411851361186
s11-119-53,u053,2025-06-20,regular,hazard_cal,60,0.0016338048521253867,0,2.6693182948284568e-06,0.001635140966771508
s11-119-53,u053,2025-06-20,regular,hazard_cal,120,0.005395257536537357,0,2.9108803885563148e-05,0.00540986450106037
s11-119-57,u057,2025-06-20,new,empirical,30,0.0063657407407407,0,4.052265517832595e-05,0.006386088466525358
s11-119-57,u057,2025-06-20,new,empirical,60,0.01388888888888884,0,0.00019290123456789987,0.01398624197473984
s11-119-57,u057,2025-06-20,new,empirical,120,0.03414351851851849,0,0.001165779856824415,0.034740025702165826
s11-119-57,u057,2025-06-20,new,hazard,30,0.004661686753785421,0,2.1731323390418457e-05,0.004672586302192712
s11-119-57,u057,2025-06-20,new,hazard,60,0.011373818760590737,0,0.00012936375319876582,0.011438995312662134
s11-119-57,u057,2025-06-20,new,hazard,120,0.03580463823397151,0,0.0012819721190655744,0.036461347470195665
s11-119-57,u057,2025-06-20,new,hazard_cal,30,0.0031774948846646778,0,1.0096473742070193e-05,0.0031825538409165854
s11-119-57,u057,2025-06-20,new,hazard_cal,60,0.007875565850214317,0,6.202453746106196e-05,0.007906741912914928
s11-119-57,u057,2025-06-20,new,hazard_cal,120,0.025800851569428573,0,0.0006656839417076848,0.026139531731847056
s11-119-13,u013,2025-06-20,variable,empirical,30,0.0063657407407407,0,4.052265517832595e-05,0.006386088466525358
s11-119-13,u013,2025-06-20,variable,empirical,60,0.01388888888888884,0,0.00019290123456789987,0.01398624197473984
s11-119-13,u013,2025-06-20,variable,empirical,120,0.03414351851851849,0,0.001165779856824415,0.034740025702165826
s11-119-13,u013,2025-06-20,variable,hazard,30,0.003359857583683845,0,1.1288642982637846e-05,0.0033655145798636463
s11-119-13,u013,2025-06-20,variable,hazard,60,0.00820600929223414,0,6.733858850423306e-05,0.00823986392129522
s11-119-13,u013,2025-06-20,variable,hazard,120,0.025931160667127084,0,0.0006724250935443588,0.026273300903964306
s11-119-13,u013,2025-06-20,variable,hazard_cal,30,0.002240192419838749,0,5.01846207790299e-06,0.0022427054046254813
s11-119-13,u013,2025-06-20,variable,hazard_cal,60,0.005556668683779353,0,3.087656686129417e-05,0.005572164396899076
s11-119-13,u013,2025-06-20,variable,hazard_cal,120,0.018257951742752687,0,0.0003333528018406859,0.018426685116537195
s11-119-21,u021,2025-06-20,variable,empirical,30,0.0063657407407407,0,4.052265517832595e-05,0.006386088466525358
s11-119-21,u021,2025-06-20,variable,empirical,60,0.01388888888888884,0,0.00019290123456789987,0.01398624197473984
s11-119-21,u021,2025-06-20,variable,empirical,120,0.03414351851851849,0,0.001165779856824415,0.034740025702165826
s11-119-21,u021,2025-06-20,variable,hazard,30,0.004120792488332525,0,1.6980930731897765e-05,0.004129306350988878
s11-119-21,u021,2025-06-20,variable,hazard,60,0.010058427311108398,0,0.00010117195997285132,0.010109355081069868
s11-119-21,u021,2025-06-20,variable,hazard,120,0.03171400706393712,0,0.0010057782440514537,0.032227788093504836
s11-119-21,u021,2025-06-20,variable,hazard_cal,30,0.002785547920829967,0,7.759277219240153e-06,0.0027894347791376445
s11-119-21,u021,2025-06-20,variable,hazard_cal,60,0.006906316755289188,0,4.7697211124388175e-05,0.006930275736784093
s11-119-21,u021,2025-06-20,variable,hazard_cal,120,0.022653534771005734,0,0.0005131826376211659,0.022914068278658255
s11-119-28,u028,2025-06-20,variable,empirical,30,0.0063657407407407,0,4.052265517832595e-05,0.006386088466525358
s11-119-28,u028,2025-06-20,variable,empirical,60,0.01388888888888884,0,0.00019290123456789987,0.01398624197473984
s11-119-28,u028,2025-06-20,variable,empirical,120,0.03414351851851849,0,0.001165779856824415,0.034740025702165826
s11-119-28,u028,2025-06-20,variable,hazard,30,0.0063075687683382675,0,3.978542376731633e-05,0.0063275455277147525
s11-119-28,u028,2025-06-20,variable,hazard,60,0.01536946435799158,0,0.00023622043465157353,0.015488798892940839
s11-119-28,u028,2025-06-20,variable,hazard,120,0.04815058207866019,0,0.0023184785545137913,0.049348431154043866
s11-119-28,u028,2025-06-20,variable,hazard_cal,30,0.004388229075809602,0,1.9256554421780793e-05,0.004397885613441525
s11-119-28,u028,2025-06-20,variable,hazard_cal,60,0.010865679857952948,0,0.0001180629987755244,0.010925142484209139
s11-119-28,u028,2025-06-20,variable,hazard_cal,120,0.03546108067545595,0,0.0012574882426711952,0.036105095636526946
s11-119-56,u056,2025-06-20,new,empirical,30,0.0063657407407407,0,4.052265517832595e-05,0.006386088466525358
s11-119-56,u056,2025-06-20,new,empirical,60,0.01388888888888884,0,0.00019290123456789987,0.01398624197473984
s11-119-56,u056,2025-06-20,new,empirical,120,0.03414351851851849,0,0.001165779856824415,0.034740025702165826
s11-119-56,u056,2025-06-20,new,hazard,30,0.004619246915656183,0,2.133744206779916e-05,0.004629948605238419
s11-119-56,u056,2025-06-20,new,hazard,60,0.011270650897500678,0,0.00012702757165333284,0.011334645981850761
s11-119-56,u056,2025-06-20,new,hazard,120,0.03548427611346738,0,0.001259133851296792,0.03612914413934586
s11-119-56,u056,2025-06-20,new,hazard_cal,30,0.0031466242592399496,0,9.901244228837362e-06,0.0031515852910899813
s11-119-56,u056,2025-06-20,new,hazard_cal,60,0.007799248143019799,0,6.0828271596397784e-05,0.007829821347908415
s11-119-56,u056,2025-06-20,new,hazard_cal,120,0.025553318634856215,0,0.0006529720932544899,0.025885475369096193
s11-119-1,u001,2025-06-20,regular,empirical,30,0.0063657407407407,0,4.052265517832595e-05,0.006386088466525358
s11-119-1,u001,2025-06-20,regular,empirical,60,0.01388888888888884,0,0.00019290123456789987,0.01398624197473984
s11-119-1,u001,2025-06-20,regular,empirical,120,0.03414351851851849,0,0.001165779856824415,0.034740025702165826
s11-119-1,u001,2025-06-20,regular,hazard,30,0.0018101663343680352,0,3.2767021580794092e-06,0.0018118066652604735
s11-119-1,u001,2025-06-20,regular,hazard,60,0.004426522284003864,0,1.9594099530782788e-05,0.0044363483413319945
s11-119-1,u001,2025-06-20,regular,hazard,120,0.014051714912818314,0,0.0001974506919911206,0.0141513749566504
s11-119-1,u001,2025-06-20,regular,hazard_cal,30,0.0011579448659906344,0,1.3408363126740683e-06,0.0011586158021350235
s11-119-1,u001,2025-06-20,regular,hazard_cal,60,0.0028747536965622045,0,8.264208815898059e-06,0.0028788937372720832
s11-119-1,u001,2025-06-20,regular,hazard_cal,120,0.00947817582556909,0,8.983581698040231e-05,0.009523379593654553
s11-119-17,u017,2025-06-20,variable,empirical,30,0.0063657407407407,0,4.052265517832595e-05,0.006386088466525358
s11-119-17,u017,2025-06-20,variable,empirical,60,0.01388888888888884,0,0.00019290123456789987,0.01398624197473984
s11-119-17,u017,2025-06-20,variable,empirical,120,0.03414351851851849,0,0.001165779856824415,0.034740025702165826
s11-119-17,u017,2025-06-20,variable,hazard,30,0.0010318177772606907,0,1.0646479254711924e-06,0.001032350467681248
s11-119-17,u017,2025-06-20,variable,hazard,60,0.0025247293731045506,0,6.374258407416897e-06,0.0025279218769124223
s11-119-17,u017,2025-06-20,variable,hazard,120,0.008032969043531568,0,6.452859165433647e-05,0.008065407172471433
s11-119-17,u017,2025-06-20,variable,hazard_cal,30,0.00063575089282919,0,4.0417919773311216e-07,0.0006359530681213461
s11-119-17,u017,2025-06-20,variable,hazard_cal,60,0.001579009672693088,0,2.4932715464583327e-06,0.0015802576223223465
s11-119-17,u017,2025-06-20,variable,hazard_cal,120,0.005214673999840658,0,2.7192824924614163e-05,0.005228317865178999
s11-119-23,u023,2025-06-20,variable,empirical,30,0.0063657407407407,0,4.052265517832595e-05,0.006386088466525358
s11-119-23,u023,2025-06-20,variable,empirical,60,0.01388888888888884,0,0.00019290123456789987,0.01398624197473984
s11-119-23,u023,2025-06-20,variable,empirical,120,0.03414351851851849,0,0.001165779856824415,0.034740025702165826
s11-119-23,u023,2025-06-20,variable,hazard,30,0.0013971391475238182,0,1.9519977975435813e-06,0.001398116056447076
s11-119-23,u023,2025-06-20,variable,hazard,60,0.0034176364954962013,0,1.1680239215347556e-05,0.0034234899555749968
s11-119-23,u023,2025-06-20,variable,hazard,120,0.010862259402027119,0,0.00011798867931692655,0.010921684460417858
s11-119-23,u023,2025-06-20,variable,hazard_cal,30,0.0008784137424532323,0,7.716107029306936e-07,0.0008787997738847965
s11-119-23,u023,2025-06-20,variable,hazard_cal,60,0.0021812776126970412,0,4.757972023653304e-06,0.002183660063864289
s11-119-23,u023,2025-06-20,variable,hazard_cal,120,0.00719812633964545,0,5.18130228014976e-05,0.007224157844976382
s11-119-20,u020,2025-06-20,variable,empirical,30,0.0063657407407407,0,4.052265517832595e-05,0.006386088466525358
s11-119-20,u020,2025-06-20,variable,empirical,60,0.01388888888888884,0,0.00019290123456789987,0.01398624197473984
s11-119-20,u020,2025-06-20,variable,empirical,120,0.03414351851851849,0,0.001165779856824415,0.034740025702165826
s11-119-20,u020,2025-06-20,variable,hazard,30,0.0006689383360624079,0,4.47478497453943e-07,0.0006691621751397281
s11-119-20,u020,2025-06-20,variable,hazard,60,0.0016372789651432074,0,2.680682409700412e-06,0.0016386207711552357
s11-119-20,u020,2025-06-20,variable,hazard,120,0.005214924640626117,0,2.7195439007409438e-05,0.005228569819857546
s11-119-20,u020,2025-06-20,variable,hazard_cal,30,0.00040044400215832887,0,1.603553988645797e-07,0.00040052420126864425
s11-119-20,u020,2025-06-20,variable,hazard_cal,60,0.0009947707008703954,0,9.895687473101778e-07,0.0009952658136203891
s11-119-20,u020,2025-06-20,variable,hazard_cal,120,0.003287677568368119,0,1.080882379355091e-05,0.0032930938548587697
s11-119-27,u027,2025-06-20,variable,empirical,30,0.0063657407407407,0,4.052265517832595e-05,0.006386088466525358
s11-119-27,u027,2025-06-20,variable,empirical,60,0.01388888888888884,0,0.00019290123456789987,0.01398624197473984
s11-119-27,u027,2025-06-20,variable,empirical,120,0.03414351851851849,0,0.001165779856824415,0.034740025702165826
s11-119-27,u027,2025-06-20,variable,hazard,30,0.004265237527423027,0,1.8192251165337695e-05,0.004274359600785986
s11-119-27,u027,2025-06-20,variable,hazard,60,0.010409811302810268,0,0.00010836417136011641,0.010464372365709395
s11-119-27,u027,2025-06-20,variable,hazard,120,0.03280802564008245,0,0.0010763665464003074,0.03335827752417225
s11-119-27,u027,2025-06-20,variable,hazard_cal,30,0.0028898908147823033,0,8.351468921363125e-06,0.002894074611664595
s11-119-27,u027,2025-06-20,variable,hazard_cal,60,0.007164407887404245,0,5.132874037710016e-05,0.0071901955000613
s11-119-27,u027,2025-06-20,variable,hazard_cal,120,0.02349236490348139,0,0.0005518912087583241,0.02377270985672962
s11-119-4,u004,2025-06-20,regular,empirical,30,0.0063657407407407,0,4.052265517832595e-05,0.006386088466525358
s11-119-4,u004,2025-06-20,regular,empirical,60,0.01388888888888884,0,0.00019290123456789987,0.01398624197473984
s11-119-4,u004,2025-06-20,regular,empirical,120,0.03414351851851849,0,0.001165779856824415,0.034740025702165826
s11-119-4,u004,2025-06-20,regular,hazard,30,0.00710649586260792,0,5.050228344526348e-05,0.00713186727702009
s11-119-4,u004,2025-06-20,regular,hazard,60,0.01730522293798864,0,0.0002994707409334882,0.017456708513387858
s11-119-4,u004,2025-06-20,regular,hazard,120,0.05408879504747777,0,0.0029255977496880554,0.05560657802228183
s11-119-4,u004,2025-06-20,regular,hazard_cal,30,0.004984264335420985,0,2.484289096534959e-05,0.00499672721032557
s11-119-4,u004,2025-06-20,regular,hazard_cal,60,0.012335515587458268,0,0.0001521649448084259,0.012412229583805149
s11-119-4,u004,2025-06-20,regular,hazard_cal,120,0.040182576636796585,0,0.0016146394651720308,0.04101219660418784
s11-119-48,u048,2025-06-20,variable,empirical,30,0.0063657407407407,0,4.052265517832595e-05,0.006386088466525358
s11-119-48,u048,2025-06-20,variable,empirical,60,0.01388888888888884,0,0.00019290123456789987,0.01398624197473984
s11-119-48,u048,2025-06-20,variable,empirical,120,0.03414351851851849,0,0.001165779856824415,0.034740025702165826
s11-119-48,u048,2025-06-20,variable,hazard,30,0.000503376313559678,0,2.5338771305293134e-07,0.0005035030499487199
s11-119-48,u048,2025-06-20,variable,hazard,60,0.0012322144435552573,0,1.5183524349061925e-06,0.0012329742439948946
s11-119-48,u048,2025-06-20,variable,hazard,120,0.003926661599274017,0,1.5418671315213183e-05,0.003934391175854316
s11-119-48,u048,2025-06-20,variable,hazard_cal,30,0.0002956905687576672,0,8.743291245223271e-08,0.00029573429383350074
s11-119-48,u048,2025-06-20,variable,hazard_cal,60,0.0007346082187141834,0,5.396492350024254e-07,0.0007348781755481204
s11-119-48,u048,2025-06-20,variable,hazard_cal,120,0.0024286572742756585,0,5.898376155892071e-06,0.0024316112461129674
s11-119-5,u005,2025-06-20,regular,empirical,30,0.0063657407407407,0,4.052265517832595e-05,0.006386088466525358
s11-119-5,u005,2025-06-20,regular,empirical,60,0.01388888888888884,0,0.00019290123456789987,0.01398624197473984
s11-119-5,u005,2025-06-20,regular,empirical,120,0.03414351851851849,0,0.001165779856824415,0.034740025702165826
s11-119-5,u005,2025-06-20,regular,hazard,30,0.0007583425452570847,0,5.750834159469935e-07,0.0007586302324178623
s11-119-5,u005,2025-06-20,regular,hazard,60,0.0018559713990004,0,3.4446298339075023e-06,0.001857695847932951
s11-119-5,u005,2025-06-20,regular,hazard,120,0.005909929081320264,0,3.492726174623498e-05,0.0059274618245008185
s11-119-5,u005,2025-06-20,regular,hazard_cal,30,0.0004577680815538443,0,2.0955161648948703e-07,0.00045787288934841816
s11-119-5,u005,2025-06-20,regular,hazard_cal,60,0.0011371202343066766,0,1.2930424272696712e-06,0.0011377672460535844
s11-119-5,u005,2025-06-20,regular,hazard_cal,120,0.0037574543407142835,0,1.411846312255261e-05,0.0037645313054187573
s11-119-12,u012,2025-06-20,variable,empirical,30,0.0063657407407407,0,4.052265517832595e-05,0.006386088466525358
s11-119-12,u012,2025-06-20,variable,empirical,60,0.01388888888888884,0,0.00019290123456789987,0.01398624197473984
s11-119-12,u012,2025-06-20,variable,empirical,120,0.03414351851851849,0,0.001165779856824415,0.034740025702165826
s11-119-12,u012,2025-06-20,variable,hazard,30,0.002937695082101177,0,8.630052395401442e-06,0.0029420185777830218
s11-119-12,u012,2025-06-20,variable,hazard,60,0.007177332689266125,0,5.15141045324081e-05,0.007203213653412437
s11-119-12,u012,2025-06-20,variable,hazard,120,0.022708636649375724,0,0.0005156821784733704,0.022970448931461468
s11-119-12,u012,2025-06-20,variable,hazard_cal,30,0.0019411335513391803,0,3.7679994641346583e-06,0.0019430199926896172
s11-119-12,u012,2025-06-20,variable,hazard_cal,60,0.004816045694089888,0,2.3194296127561747e-05,0.00482768021209778
s11-119-12,u012,2025-06-20,variable,hazard_cal,120,0.01583939774818166,0,0.00025088652102510226,0.015966181577238572
s11-119-33,u033,2025-06-20,regular,empirical,30,0.0063657407407407,0,4.052265517832595e-05,0.006386088466525358
s11-119-33,u033,2025-06-20,regular,empirical,60,0.01388888888888884,0,0.00019290123456789987,0.01398624197473984
s11-119-33,u033,2025-06-20,regular,empirical,120,0.03414351851851849,0,0.001165779856824415,0.034740025702165826
s11-119-33,u033,2025-06-20,regular,hazard,30,0.0009967899166855032,0,9.935901380058925e-07,0.000997287042135052
s11-119-33,u033,2025-06-20,regular,hazard,60,0.0024390882099610822,0,5.949151295971156e-06,0.0024420676313093967
s11-119-33,u033,2025-06-20,regular,hazard,120,0.00776128362252948,0,6.023752346934433e-05,0.007791559137241211
s11-119-33,u033,2025-06-20,regular,hazard_cal,30,0.0006127572568117579,0,3.7547145577547057e-07,0.0006129450692658607
s11-119-33,u033,2025-06-20,regular,hazard_cal,60,0.0015219291063172102,0,2.3162682046555023e-06,0.0015230884168277805
s11-119-33,u033,2025-06-20,regular,hazard_cal,120,0.005026531828572711,0,2.5266022223654525e-05,0.005039207333410263
s11-119-54,u054,2025-06-20,new,empirical,30,0.0063657407407407,0,4.052265517832595e-05,0.006386088466525358
s11-119-54,u054,2025-06-20,new,empirical,60,0.01388888888888884,0,0.00019290123456789987,0.01398624197473984
s11-119-54,u054,2025-06-20,new,empirical,120,0.03414351851851849,0,0.001165779856824415,0.034740025702165826
s11-119-54,u054,2025-06-20,new,hazard,30,0.005388131583089262,0,2.9031961956683994e-05,0.005402699918370733
s11-119-54,u054,2025-06-20,new,hazard,60,0.013138670071448755,0,0.00017262465124638323,0.01322574594550748
s11-119-54,u054,2025-06-20,new,hazard,120,0.04127254056318752,0,0.0017034226045399593,0.04214843694281986
s11-119-54,u054,2025-06-20,new,hazard_cal,30,0.0037087701249268745,0,1.3754975839550105e-05,0.0037156646649684185
s11-119-54,u054,2025-06-20,new,hazard_cal,60,0.009188369677951003,0,8.44261373386894e-05,0.009230843121283243
s11-119-54,u054,2025-06-20,new,hazard_cal,120,0.030051290297761435,0,0.0009030800485603306,0.030512085478355357
s11-119-58,u058,2025-06-20,new,empirical,30,0.0063657407407407,0,4.052265517832595e-05,0.006386088466525358
s11-119-58,u058,2025-06-20,new,empirical,60,0.01388888888888884,0,0.00019290123456789987,0.01398624197473984
s11-119-58,u058,2025-06-20,new,empirical,120,0.03414351851851849,0,0.001165779856824415,0.034740025702165826
s11-119-58,u058,2025-06-20,new,hazard,30,0.0014167754960686674,0,2.0072528062606184e-06,0.0014177800714224034
s11-119-58,u058,2025-06-20,new,hazard,60,0.003465616410695871,0,1.2010497106084532e-05,0.0034716355700041544
s11-119-58,u058,2025-06-20,new,hazard,120,0.011014117381474064,0,0.0001213107816928891,0.011075221861177816
s11-119-58,u058,2025-06-20,new,hazard_cal,30,0.0008915894123332491,0,7.949316801847484e-07,0.0008919871145823231
s11-119-58,u058,2025-06-20,new,hazard_cal,60,0.0022139716426800016,0,4.901670434591184e-06,0.0022164261013009967
s11-119-58,u058,2025-06-20,new,hazard_cal,120,0.007305710423203826,0,5.337340478770903e-05,0.0073325278188455445
s11-119-30,u030,2025-06-20,variable,empirical,30,0.0063657407407407,0,4.052265517832595e-05,0.006386088466525358
s11-119-30,u030,2025-06-20,variable,empirical,60,0.01388888888888884,0,0.00019290123456789987,0.01398624197473984
s11-119-30,u030,2025-06-20,variable,empirical,120,0.03414351851851849,0,0.001165779856824415,0.034740025702165826
s11-119-30,u030,2025-06-20,variable,hazard,30,0.003623077027048449,0,1.312668714392623e-05,0.003629656266822672
s11-119-30,u030,2025-06-20,variable,hazard,60,0.00884704318430063,0,7.827017310488021e-05,0.00888641063319555
s11-119-30,u030,2025-06-20,variable,hazard,120,0.02793526586110151,0,0.0007803790787304235,0.02833287783097503
s11-119-30,u030,2025-06-20,variable,hazard_cal,30,0.0024279752489020368,0,5.8950638092809075e-06,0.0024309275605345375
s11-119-30,u030,2025-06-20,variable,hazard_cal,60,0.0060215302253447955,0,3.625882625474094e-05,0.006039732746611819
s11-119-30,u030,2025-06-20,variable,hazard_cal,120,0.01977364632118217,0,0.00039099708883520116,0.01997176084605803
s11-119-38,u038,2025-06-20,regular,empirical,30,0.0063657407407407,0,4.052265517832595e-05,0.006386088466525358
s11-119-38,u038,2025-06-20,regular,empirical,60,0.01388888888888884,0,0.00019290123456789987,0.01398624197473984
s11-119-38,u038,2025-06-20,regular,empirical,120,0.03414351851851849,0,0.001165779856824415,0.034740025702165826
s11-119-38,u038,2025-06-20,regular,hazard,30,0.0008444200484444275,0,7.130452182148893e-07,0.0008447767718839552
s11-119-38,u038,2025-06-20,regular,hazard,60,0.0020664970866737242,0,4.27041020923099e-06,0.002068635237941743
s11-119-38,u038,2025-06-20,regular,hazard,120,0.00657863351067467,0,4.327841886777173e-05,0.006600368095127463
s11-119-38,u038,2025-06-20,regular,hazard_cal,30,0.0005133885463325383,0,2.635677995054368e-07,0.0005135203753538949
s11-119-38,u038,2025-06-20,regular,hazard_cal,60,0.0012752265508690908,0,1.6262027560414778e-06,0.0012760403441678977
s11-119-38,u038,2025-06-20,regular,hazard_cal,120,0.004213064561151003,0,1.7749912996426493e-05,0.004221964523856947
s11-119-45,u045,2025-06-20,regular,empirical,30,0.0063657407407407,0,4.052265517832595e-05,0.006386088466525358
s11-119-45,u045,2025-06-20,regular,empirical,60,0.01388888888888884,0,0.00019290123456789987,0.01398624197473984
s11-119-45,u045,2025-06-20,regular,empirical,120,0.03414351851851849,0,0.001165779856824415,0.034740025702165826
s11-119-45,u045,2025-06-20,regular,hazard,30,0.004099631720423602,0,1.6806980243103384e-05,0.004108058248872645
s11-119-45,u045,2025-06-20,regular,hazard,60,0.010006943834558246,0,0.00010013892490800329,0.010057349852400733
s11-119-45,u045,2025-06-20,regular,hazard,120,0.03155363724491189,0,0.0009956320233834909,0.032062179439401955
s11-119-45,u045,2025-06-20,regular,hazard_cal,30,0.0027702827478894854,0,7.674466503254118e-06,0.0027741270827122307
s11-119-45,u045,2025-06-20,regular,hazard_cal,60,0.006868554806806482,0,4.717704513410443e-05,0.006892251901573675
s11-119-45,u045,2025-06-20,regular,hazard_cal,120,0.02253075691892048,0,0.0005076350073394831,0.022788452496336924
s11-119-0,u000,2025-06-20,variable,empirical,30,0.0063657407407407,0,4.052265517832595e-05,0.006386088466525358
s11-119-0,u000,2025-06-20,variable,empirical,60,0.01388888888888884,0,0.00019290123456789987,0.01398624197473984
s11-119-0,u000,2025-06-20,variable,empirical,120,0.03414351851851849,0,0.001165779856824415,0.034740025702165826
s11-119-0,u000,2025-06-20,variable,hazard,30,0.0007303005987971956,0,5.333389646035424e-07,0.00073056739818324
s11-119-0,u000,2025-06-20,variable,hazard,60,0.0017873810769720722,0,3.1947311143178445e-06,0.0017889803484851083
s11-119-0,u000,2025-06-20,variable,hazard,120,0.005691988513498836,0,3.2398733237802686e-05,0.005708249614810344
s11-119-0,u000,2025-06-20,variable,hazard_cal,30,0.0004397369425421793,0,1.9336857863634392e-07,0.0004398336551846178
s11-119-0,u000,2025-06-20,variable,hazard_cal,60,0.0010923459972331795,0,1.1932197776713493e-06,0.0010929430419478858
s11-119-0,u000,2025-06-20,variable,hazard_cal,120,0.0036097104408754355,0,1.303000946696513e-05,0.0036162411663642193
s11-119-55,u055,2025-06-20,new,empirical,30,0.0063657407407407,0,4.052265517832595e-05,0.006386088466525358
s11-119-55,u055,2025-06-20,new,empirical,60,0.01388888888888884,0,0.00019290123456789987,0.01398624197473984
s11-119-55,u055,2025-06-20,new,empirical,120,0.03414351851851849,0,0.001165779856824415,0.034740025702165826
s11-119-55,u055,2025-06-20,new,hazard,30,0.002444528538776858,0,5.97571977689452e-06,0.0024475212768826173
s11-119-55,u055,2025-06-20,new,hazard,60,0.005974768846506051,0,3.569786276917925e-05,0.005992689193498174
s11-119-55,u055,2025-06-20,new,hazard,120,0.018931196080741897,0,0.00035839018504749733,0.019112685363218997
s11-119-55,u055,2025-06-20,new,hazard_cal,30,0.0015954870190942883,0,2.545578828098378e-06,0.0015967611639430596
s11-119-55,u055,2025-06-20,new,hazard_cal,60,0.003959596818440381,0,1.5678406964603186e-05,0.0039674567769612135
s11-119-55,u055,2025-06-20,new,hazard_cal,120,0.013036882600130029,0,0.0001699603079295731,0.01312260863606061
s11-119-44,u044,2025-06-20,regular,empirical,30,0.0063657407407407,0,4.052265517832595e-05,0.006386088466525358
s11-119-44,u044,2025-06-20,regular,empirical,60,0.01388888888888884,0,0.00019290123456789987,0.01398624197473984
s11-119-44,u044,2025-06-20,regular,empirical,120,0.03414351851851849,0,0.001165779856824415,0.034740025702165826
s11-119-44,u044,2025-06-20,regular,hazard,30,0.009085666402465775,0,8.254933397689539e-05,0.00912719279076626
s11-119-44,u044,2025-06-20,regular,hazard,60,0.02209006034103078,0,0.00048797076587038095,0.02233769942579045
s11-119-44,u044,2025-06-20,regular,hazard,120,0.06864731910282074,0,0.004712454420004497,0.07111725400060687
s11-119-44,u044,2025-06-20,regular,hazard_cal,30,0.006480070229716639,0,4.199131018205985e-05,0.00650115703013584
s11-119-44,u044,2025-06-20,regular,hazard_cal,60,0.016017892726790772,0,0.00025657288740697673,0.016147565760646253
s11-119-44,u044,2025-06-20,regular,hazard_cal,120,0.05193321336591661,0,0.0026970586505098196,0.053330329172649536
s11-119-46,u046,2025-06-20,regular,empirical,30,0.0063657407407407,0,4.052265517832595e-05,0.006386088466525358
s11-119-46,u046,2025-06-20,regular,empirical,60,0.01388888888888884,0,0.00019290123456789987,0.01398624197473984
s11-119-46,u046,2025-06-20,regular,empirical,120,0.03414351851851849,0,0.001165779856824415,0.034740025702165826
s11-119-46,u046,2025-06-20,regular,hazard,30,0.006281470501847242,0,3.9456871665577035e-05,0.006301281944582513
s11-119-46,u046,2025-06-20,regular,hazard,60,0.015306188120859376,0,0.00023427939479113668,0.015424537018320108
s11-119-46,u046,2025-06-20,regular,hazard,120,0.04795600077386086,0,0.002299778010222544,0.04914402758425965
s11-119-46,u046,2025-06-20,regular,hazard_cal,30,0.004368843173180537,0,1.908679067184618e-05,0.004378414455644045
s11-119-46,u046,2025-06-20,regular,hazard_cal,60,0.010817849722596029,0,0.00011702587262067098,0.010876788102004457
s11-119-46,u046,2025-06-20,regular,hazard_cal,120,0.03530713789093465,0,0.001246593986049473,0.03594550591140471
s11-119-49,u049,2025-06-20,variable,empirical,30,0.0063657407407407,0,4.052265517832595e-05,0.006386088466525358
s11-119-49,u049,2025-06-20,variable,empirical,60,0.01388888888888884,0,0.00019290123456789987,0.01398624197473984
s11-119-49,u049,2025-06-20,variable,empirical,120,0.03414351851851849,0,0.001165779856824415,0.034740025702165826
s11-119-49,u049,2025-06-20,variable,hazard,30,0.0018400058478200698,0,3.385621520012054e-06,0.0018417007379710405
s11-119-49,u049,2025-06-20,variable,hazard,60,0.004499384548680818,0,2.024446131690769e-05,0.004509537244707833
s11-119-49,u049,2025-06-20,variable,hazard,120,0.014281758392047705,0,0.00020396862276882507,0.014384724234693724
s11-119-49,u049,2025-06-20,variable,hazard_cal,30,0.0011783196530396056,0,1.3884372047393765e-06,0.0011790144174653179
s11-119-49,u049,2025-06-20,variable,hazard_cal,60,0.0029252882057988483,0,8.557311086985846e-06,0.00292957522389258
s11-119-49,u049,2025-06-20,variable,hazard_cal,120,0.009644168023690614,0,9.300997686917651e-05,0.009690974192942035
s11-119-7,u007,2025-06-20,regular,empirical,30,0.0063657407407407,0,4.052265517832595e-05,0.006386088466525358
s11-119-7,u007,2025-06-20,regular,empirical,60,0.01388888888888884,0,0.00019290123456789987,0.01398624197473984
s11-119-7,u007,2025-06-20,regular,empirical,120,0.03414351851851849,0,0.001165779856824415,0.034740025702165826
s11-119-7,u007,2025-06-20,regular,hazard,30,0.0022521589482675797,0,5.07221992826173e-06,0.0022546988724903407
s11-119-7,u007,2025-06-20,regular,hazard,60,0.005505429410740836,0,3.0309752996650192e-05,0.005520640140660846
s11-119-7,u007,2025-06-20,regular,hazard,120,0.01745394533992517,0,0.00030464020792909556,0.017608061365231582
s11-119-7,u007,2025-06-20,regular,hazard_cal,30,0.0014618868810877261,0,2.1371132530963995e-06,0.0014629564802633673
s11-119-7,u007,2025-06-20,regular,hazard_cal,60,0.00362843051353845,0,1.31655079915769e-05,0.003635029234370028
s11-119-7,u007,2025-06-20,regular,hazard_cal,120,0.011951575614515653,0,0.0001428401596694852,0.012023569899429
s11-119-29,u029,2025-06-20,regular,empirical,30,0.0063657407407407,0,4.052265517832595e-05,0.006386088466525358
s11-119-29,u029,2025-06-20,regular,empirical,60,0.01388888888888884,0,0.00019290123456789987,0.01398624197473984
s11-119-29,u029,2025-06-20,regular,empirical,120,0.03414351851851849,0,0.001165779856824415,0.034740025702165826
s11-119-29,u029,2025-06-20,regular,hazard,30,0.007088496052524262,0,5.024677628665205e-05,0.0071137388001445995
s11-119-29,u029,2025-06-20,regular,hazard,60,0.017261637426568832,0,0.00029796412664632186,0.01741235644610254
s11-119-29,u029,2025-06-20,regular,hazard,120,0.05395539804656446,0,0.0029111849783632123,0.05546556309936721
s11-119-29,u029,2025-06-20,regular,hazard_cal,30,0.004970782419313369,0,2.4708677860154866e-05,0.004983177851969783
s11-119-29,u029,2025-06-20,regular,hazard_cal,60,0.01230228474487205,0,0.00015134620994391155,0.012378584267928452
s11-119-29,u029,2025-06-20,regular,hazard_cal,120,0.04007602754382977,0,0.0016060879836938026,0.040901193014529096
s11-120-30,u030,2025-06-23,variable,empirical,30,0.0063657407407407,0,4.052265517832595e-05,0.006386088466525358
s11-120-30,u030,2025-06-23,variable,empirical,60,0.01388888888888884,0,0.00019290123456789987,0.01398624197473984
s11-120-30,u030,2025-06-23,variable,empirical,120,0.03414351851851849,0,0.001165779856824415,0.034740025702165826
s11-120-30,u030,2025-06-23,variable,hazard,30,0.0017258752518420906,0,2.9786453849209997e-06,0.001727366290345818
s11-120-30,u030,2025-06-23,variable,hazard,60,0.004220681301887241,0,1.781415065210058e-05,0.004229613519435632
s11-120-30,u030,2025-06-23,variable,hazard,120,0.013401607281160799,0,0.00017960307771846214,0.01349221929507775
s11-120-30,u030,2025-06-23,variable,hazard_cal,30,0.0011005129982084583,0,1.21112885922577e-06,0.0011011190072927866
s11-120-30,u030,2025-06-23,variable,hazard_cal,60,0.0027322994156825375,0,7.465460096939136e-06,0.00273603895898556
s11-120-30,u030,2025-06-23,variable,hazard_cal,120,0.009010136550955283,0,8.118256066686037e-05,0.009050973312892797
s11-120-42,u042,2025-06-23,regular,empirical,30,0.0063657407407407,0,4.052265517832595e-05,0.006386088466525358
s11-120-42,u042,2025-06-23,regular,empirical,60,0.01388888888888884,0,0.00019290123456789987,0.01398624197473984
s11-120-42,u042,2025-06-23,regular,empirical,120,0.03414351851851849,0,0.001165779856824415,0.034740025702165826
s11-120-42,u042,2025-06-23,regular,hazard,30,0.0018884631963250742,0,3.5662932438743157e-06,0.0018902485910692805
s11-120-42,u042,2025-06-23,regular,hazard,60,0.004617700587980833,0,2.132315872023853e-05,0.004628395102752615
s11-120-42,u042,2025-06-23,regular,hazard,120,0.014655224006692835,0,0.000214775590686346,0.014763672665849242
s11-120-42,u042,2025-06-23,regular,hazard_cal,30,0.001211454166203052,0,1.467621196810732e-06,0.0012121885699923956
s11-120-42,u042,2025-06-23,regular,hazard_cal,60,0.003007466399939873,0,9.0448541467673e-06,0.0030119979148799146
s11-120-42,u042,2025-06-23,regular,hazard_cal,120,0.009914055366663455,0,9.828849381326844e-05,0.009963526860565095
s11-120-56,u056,2025-06-23,new,empirical,30,0.0063657407407407,0,4.052265517832595e-05,0.006386088466525358
s11-120-56,u056,2025-06-23,new,empirical,60,0.01388888888888884,0,0.00019290123456789987,0.01398624197473984
s11-120-56,u056,2025-06-23,new,empirical,120,0.03414351851851849,0,0.001165779856824415,0.034740025702165826
s11-120-56,u056,2025-06-23,new,hazard,30,0.007769600837035706,0,6.036669716686594e-05,0.007799941444066893
s11-120-56,u056,2025-06-23,new,hazard,60,0.018910023772740203,0,0.0003575889990855996,0.019091104736598218
s11-120-56,u056,2025-06-23,new,hazard,120,0.05899056895438959,0,0.0034798872255625926,0.06080211708182645
s11-120-56,u056,2025-06-23,new,hazard_cal,30,0.005482540612171127,0,3.0058251564105758e-05,0.005497624896684687
s11-120-56,u056,2025-06-23,new,hazard_cal,60,0.01356317522751449,0,0.00018395972225226275,0.013655995334433258
s11-120-56,u056,2025-06-23,new,hazard_cal,120,0.044112482300481815,0,0.0019459110947103214,0.04511503216326281
s11-120-35,u035,2025-06-23,variable,empirical,30,0.0063657407407407,0,4.052265517832595e-05,0.006386088466525358
s11-120-35,u035,2025-06-23,variable,empirical,60,0.01388888888888884,0,0.00019290123456789987,0.01398624197473984
s11-120-35,u035,2025-06-23,variable,empirical,120,0.03414351851851849,0,0.001165779856824415,0.034740025702165826
s11-120-35,u035,2025-06-23,variable,hazard,30,0.005170424691688935,0,2.673329149242662e-05,0.005183837591001402
s11-120-35,u035,2025-06-23,variable,hazard,60,0.012609978839210334,0,0.0001590115663253324,0.012690159385483341
s11-120-35,u035,2025-06-23,variable,hazard,120,0.039636994437087014,0,0.0015710913280056668,0.040443935198986085
s11-120-35,u035,2025-06-23,variable,hazard_cal,30,0.003549004662391053,0,1.2595434093673434e-05,0.003555317319630178
s11-120-35,u035,2025-06-23,variable,hazard_cal,60,0.00879370233191512,0,7.732920070232943e-05,0.008832595107803033
s11-120-35,u035,2025-06-23,variable,hazard_cal,120,0.02877498877819684,0,0.0008279999791853542,0.0291971061030226
s11-120-50,u050,2025-06-23,variable,empirical,30,0.0063657407407407,0,4.052265517832595e-05,0.006386088466525358
s11-120-50,u050,2025-06-23,variable,empirical,60,0.01388888888888884,0,0.00019290123456789987,0.01398624197473984
s11-120-50,u050,2025-06-23,variable,empirical,120,0.03414351851851849,0,0.001165779856824415,0.034740025702165826
s11-120-50,u050,2025-06-23,variable,hazard,30,0.0018964004588405414,0,3.596334700290616e-06,0.0018982009027925977
s11-120-50,u050,2025-06-23,variable,hazard,60,0.00463707976400396,0,2.150250873773502e-05,0.004647864370675474
s11-120-50,u050,2025-06-23,variable,hazard,120,0.014716384374369618,0,0.00021657196905419026,0.014825744609962636
s11-120-50,u050,2025-06-23,variable,hazard_cal,30,0.0012168870588847858,0,1.4808141140812642e-06,0.0012176280671517407
s11-120-50,u050,2025-06-23,variable,hazard_cal,60,0.003020940303957942,0,9.126080320077502e-06,0.0030255125547710487
s11-120-50,u050,2025-06-23,variable,hazard_cal,120,0.009958300575817702,0,9.916775035833118e-05,0.010008216110063119
s11-120-19,u019,2025-06-23,variable,empirical,30,0.0063657407407407,0,4.052265517832595e-05,0.006386088466525358
s11-120-19,u019,2025-06-23,variable,empirical,60,0.01388888888888884,0,0.00019290123456789987,0.01398624197473984
s11-120-19,u019,2025-06-23,variable,empirical,120,0.03414351851851849,0,0.001165779856824415,0.034740025702165826
s11-120-19,u019,2025-06-23,variable,hazard,30,0.006669438520062521,0,4.448141017289375e-05,0.006691778611128719
s11-120-19,u019,2025-06-23,variable,hazard,60,0.016246560658512044,0,0.0002639507332307113,0.016379983102645303
s11-120-19,u019,2025-06-23,variable,hazard,120,0.050844665563592684,0,0.002585180016273588,0.05218281153653912
s11-120-19,u019,2025-06-23,variable,hazard_cal,30,0.0046575897619171025,0,2.169314239031501e-05,0.004668470130453074
s11-120-19,u019,2025-06-23,variable,hazard_cal,60,0.011530106699276454,0,0.00013294336049669977,0.011597093789538233
s11-120-19,u019,2025-06-23,variable,hazard_cal,120,0.03759760298369241,0,0.0014135797501193567,0.03832262365944587
s11-120-21,u021,2025-06-23,variable,empirical,30,0.0063657407407407,0,4.052265517832595e-05,0.006386088466525358
s11-120-21,u021,2025-06-23,variable,empirical,60,0.01388888888888884,0,0.00019290123456789987,0.01398624197473984
s11-120-21,u021,2025-06-23,variable,empirical,120,0.03414351851851849,0,0.001165779856824415,0.034740025702165826
s11-120-21,u021,2025-06-23,variable,hazard,30,0.003176365282562821,0,1.0089296408270388e-05,0.0031814206387105488
s11-120-21,u021,2025-06-23,variable,hazard,60,0.007758981203240256,0,6.020178931223561e-05,0.007789238711138172
s11-120-21,u021,2025-06-23,variable,hazard,120,0.02453174625567478,0,0.0006018065743528136,0.024837663021743357
s11-120-21,u021,2025-06-23,variable,hazard_cal,30,0.0021098733577405993,0,4.45156558570359e-06,0.00211210227624248
s11-120-21,u021,2025-06-23,variable,hazard_cal,60,0.005233976407258312,0,2.7394509031736625e-05,0.0052477216442493
s11-120-21,u021,2025-06-23,variable,hazard_cal,120,0.017204742395884653,0,0.0002960031609087508,0.017354463739393273
s11-120-48,u048,2025-06-23,variable,empirical,30,0.0063657407407407,0,4.052265517832595e-05,0.006386088466525358
s11-120-48,u048,2025-06-23,variable,empirical,60,0.01388888888888884,0,0.00019290123456789987,0.01398624197473984
s11-120-48,u048,2025-06-23,variable,empirical,120,0.03414351851851849,0,0.001165779856824415,0.034740025702165826
s11-120-48,u048,2025-06-23,variable,hazard,30,0.0018221089863910134,0,3.320081158286886e-06,0.001823771046246486
s11-120-48,u048,2025-06-23,variable,hazard,60,0.0044556843216987385,0,1.9853122774631947e-05,0.004465640468391184
s11-120-48,u048,2025-06-23,variable,hazard,120,0.014143791252402726,0,0.0002000468309915439,0.014244767927342203
s11-120-48,u048,2025-06-23,variable,hazard_cal,30,0.0011660967650672927,0,1.3597816655004048e-06,0.0011667771849083932
s11-120-48,u048,2025-06-23,variable,hazard_cal,60,0.0028949726234880346,0,8.380866490745194e-06,0.0028991711617935884
s11-120-48,u048,2025-06-23,variable,hazard_cal,120,0.009544592107701422,0,9.109923850239626e-05,0.009590433652714005
s11-120-51,u051,2025-06-23,variable,empirical,30,0.0063657407407407,0,4.052265517832595e-05,0.006386088466525358
s11-120-51,u051,2025-06-23,variable,empirical,60,0.01388888888888884,0,0.00019290123456789987,0.01398624197473984
s11-120-51,u051,2025-06-23,variable,empirical,120,0.03414351851851849,0,0.001165779856824415,0.034740025702165826
s11-120-51,u051,2025-06-23,variable,hazard,30,0.00141618734627047,0,2.005586599736596e-06,0.0014171910873391948
s11-120-51,u051,2025-06-23,variable,hazard,60,0.0034641793333562987,0,1.200053845365289e-05,0.003470193496025522
s11-120-51,u051,2025-06-23,variable,hazard,120,0.011009569240794215,0,0.00012121061486784211,0.011070623079433973
s11-120-51,u051,2025-06-23,variable,hazard_cal,30,0.0008911945945969668,0,7.94227805438852e-07,0.0008915919445946739
s11-120-51,u051,2025-06-23,variable,hazard_cal,60,0.0022129919544858767,0,4.897333390619221e-06,0.002215444239774254
s11-120-51,u051,2025-06-23,variable,hazard_cal,120,0.007302486758691273,0,5.332631286086138e-05,0.00732928043512211
s11-120-59,u059,2025-06-23,new,empirical,30,0.0063657407407407,0,4.052265517832595e-05,0.006386088466525358
s11-120-59,u059,2025-06-23,new,empirical,60,0.01388888888888884,0,0.00019290123456789987,0.01398624197473984
s11-120-59,u059,2025-06-23,new,empirical,120,0.03414351851851849,0,0.001165779856824415,0.034740025702165826
s11-120-59,u059,2025-06-23,new,hazard,30,0.0013707625259364864,0,1.8789899025117766e-06,0.0013717028803210103
s11-120-59,u059,2025-06-23,new,hazard,60,0.003353184889067329,0,1.1243848900269475e-05,0.003358819412776596
s11-120-59,u059,2025-06-23,new,hazard,120,0.01065824031009821,0,0.00011359808650780239,0.01071544619247283
s11-120-59,u059,2025-06-23,new,hazard_cal,30,0.0008607350242567646,0,7.408647819822932e-07,0.0008611056693478259
s11-120-59,u059,2025-06-23,new,hazard_cal,60,0.0021374086400889336,0,4.5685156947268245e-06,0.002139696158091375
s11-120-59,u059,2025-06-23,new,hazard_cal,120,0.0070537554840792716,0,4.9755466429178396e-05,0.007078750827339985
s11-120-10,u010,2025-06-23,variable,empirical,30,0.0063657407407407,0,4.052265517832595e-05,0.006386088466525358
s11-120-10,u010,2025-06-23,variable,empirical,60,0.01388888888888884,0,0.00019290123456789987,0.01398624197473984
s11-120-10,u010,2025-06-23,variable,empirical,120,0.03414351851851849,0,0.001165779856824415,0.034740025702165826
s11-120-10,u010,2025-06-23,variable,hazard,30,0.0003824830760437159,0,1.4629330345986296e-07,0.0003825562413523688
s11-120-10,u010,2025-06-23,variable,hazard,60,0.0009363696012578693,0,8.767880301598211e-07,0.0009368082691311687
s11-120-10,u010,2025-06-23,variable,hazard,120,0.002984964665899703,0,8.910014056669726e-06,0.002989428558181682
s11-120-10,u010,2025-06-23,variable,hazard_cal,30,0.0002206129909299026,0,4.867009176703729e-08,0.00022063732955546328
s11-120-10,u010,2025-06-23,variable,hazard_cal,60,0.0005481204366866166,0,3.0043601311352724e-07,0.0005482707096074549
s11-120-10,u010,2025-06-23,variable,hazard_cal,120,0.0018125492740811433,0,3.2853348709720793e-06,0.0018141939291626827
s11-120-22,u022,2025-06-23,variable,empirical,30,0.0063657407407407,0,4.052265517832595e-05,0.006386088466525358
s11-120-22,u022,2025-06-23,variable,empirical,60,0.01388888888888884,0,0.00019290123456789987,0.01398624197473984
s11-120-22,u022,2025-06-23,variable,empirical,120,0.03414351851851849,1,0.9328787428197874,3.3771825054582822
s11-120-22,u022,2025-06-23,variable,hazard,30,0.009762151695258181,0,9.529960572123217e-05,0.00981011389623583
s11-120-22,u022,2025-06-23,variable,hazard,60,0.023722072879187817,0,0.0005627367416854982,0.024007971711600254
s11-120-22,u022,2025-06-23,variable,hazard,120,0.0735741706288694,1,0.8582648173259873,2.609461257384587
s11-120-22,u022,2025-06-23,variable,hazard_cal,30,0.006996873496661005,0,4.8956238728277195e-05,0.007021466398780129
s11-120-22,u022,2025-06-23,variable,hazard_cal,60,0.01728806317797882,0,0.00029887712844578707,0.017439246723022498
s11-120-22,u022,2025-06-23,variable,hazard_cal,120,0.05596059283308985,1,0.8912104022840511,2.883107535368744
s11-120-23,u023,2025-06-23,variable,empirical,30,0.0063657407407407,0,4.052265517832595e-05,0.006386088466525358
s11-120-23,u023,2025-06-23,variable,empirical,60,0.01388888888888884,0,0.00019290123456789987,0.01398624197473984
s11-120-23,u023,2025-06-23,variable,empirical,120,0.03414351851851849,0,0.001165779856824415,0.034740025702165826
s11-120-23,u023,2025-06-23,variable,hazard,30,0.0015774155965693204,0,2.488239964300145e-06,0.00157866102643077
s11-120-23,u023,2025-06-23,variable,hazard,60,0.003858072139543145,0,1.488472063391902e-05,0.003865533697528999
s11-120-23,u023,2025-06-23,variable,hazard,120,0.012255592395531423,0,0.00015019954496540763,0.012331311458658057
s11-120-23,u023,2025-06-23,variable,hazard_cal,30,0.0009998231201814312,0,9.996462716493324e-07,0.0010003232767237637
s11-120-23,u023,2025-06-23,variable,hazard_cal,60,0.0024825155132726096,0,6.162883273639168e-06,0.0024856020642413865
s11-120-23,u023,2025-06-23,variable,hazard_cal,120,0.008189049816840543,0,6.706053690269614e-05,0.008222764271012647
s11-120-26,u026,2025-06-23,regular,empirical,30,0.0063657407407407,0,4.052265517832595e-05,0.006386088466525358
s11-120-26,u026,2025-06-23,regular,empirical,60,0.01388888888888884,0,0.00019290123456789987,0.01398624197473984
s11-120-26,u026,2025-06-23,regular,empirical,120,0.03414351851851849,0,0.001165779856824415,0.034740025702165826
s11-120-26,u026,2025-06-23,regular,hazard,30,0.0012996304170922457,0,1.6890392210313645e-06,0.0013004756691256329
s11-120-26,u026,2025-06-23,regular,hazard,60,0.0031793592576616625,0,1.0108325289278917e-05,0.0031844241585818694
s11-120-26,u026,2025-06-23,regular,hazard,120,0.010107843700919772,0,0.00010216850428222351,0.010159274818367097
s11-120-26,u026,2025-06-23,regular,hazard_cal,30,0.0008131741021542016,0,6.61252120414292e-07,0.0008135049075614932
s11-120-26,u026,2025-06-23,regular,hazard_cal,60,0.002019381988722535,0,4.0779036163769804e-06,0.002021423689643147
s11-120-26,u026,2025-06-23,regular,hazard_cal,120,0.006665254597109427,0,4.442561884428835e-05,0.006687566605272872
s11-120-38,u038,2025-06-23,regular,empirical,30,0.0063657407407407,0,4.052265517832595e-05,0.006386088466525358
s11-120-38,u038,2025-06-23,regular,empirical,60,0.01388888888888884,0,0.00019290123456789987,0.01398624197473984
s11-120-38,u038,2025-06-23,regular,empirical,120,0.03414351851851849,0,0.001165779856824415,0.034740025702165826
s11-120-38,u038,2025-06-23,regular,hazard,30,0.001436194277867675,0,2.0626540037798525e-06,0.0014372265933917164
s11-120-38,u038,2025-06-23,regular,hazard,60,0.003513063249882764,0,1.2341613397676849e-05,0.0035192485470572814
s11-120-38,u038,2025-06-23,regular,hazard,120,0.011164270865748338,0,0.00012464094396379716,0.011227059098338637
s11-120-38,u038,2025-06-23,regular,hazard_cal,30,0.0009046311504343763,0,8.183575183362231e-07,0.0009050405761316607
s11-120-38,u038,2025-06-23,regular,hazard_cal,60,0.002246332642521165,0,5.046010340856119e-06,0.0022488594324078567
s11-120-38,u038,2025-06-23,regular,hazard_cal,120,0.00741218977241398,0,5.49405572222784e-05,0.007439796553422607
s11-120-25,u025,2025-06-23,variable,empirical,30,0.0063657407407407,0,4.052265517832595e-05,0.006386088466525358
s11-120-25,u025,2025-06-23,variable,empirical,60,0.01388888888888884,0,0.00019290123456789987,0.01398624197473984
s11-120-25,u025,2025-06-23,variable,empirical,120,0.03414351851851849,0,0.001165779856824415,0.034740025702165826
s11-120-25,u025,2025-06-23,variable,hazard,30,0.013893788403599117,0,0.0001930373562039853,0.013991210509042703
s11-120-25,u025,2025-06-23,variable,hazard,60,0.033651449728605565,0,0.0011324200688368675,0.03423069176248109
s11-120-25,u025,2025-06-23,variable,hazard,120,0.10312887763126588,0,0.010635565401484613,0.10884310353480434
s11-120-25,u025,2025-06-23,variable,hazard_cal,30,0.01020328306383178,0,0.00010410698528067645,0.01025569336602502
s11-120-25,u025,2025-06-23,variable,hazard_cal,60,0.025144574319111435,0,0.0006322496176893183,0.025466100331991388
s11-120-25,u025,2025-06-23,variable,hazard_cal,120,0.08057997797258099,0,0.006493132850061637,0.08401221857127812
s11-120-47,u047,2025-06-23,variable,empirical,30,0.0063657407407407,0,4.052265517832595e-05,0.006386088466525358
s11-120-47,u047,2025-06-23,variable,empirical,60,0.01388888888888884,0,0.00019290123456789987,0.01398624197473984
s11-120-47,u047,2025-06-23,variable,empirical,120,0.03414351851851849,0,0.001165779856824415,0.034740025702165826
s11-120-47,u047,2025-06-23,variable,hazard,30,0.0012010022814011867,0,1.4424064799308552e-06,0.0012017240626062775
s11-120-47,u047,2025-06-23,variable,hazard,60,0.002938309128642236,0,8.633660535462295e-06,0.002942634433710091
s11-120-47,u047,2025-06-23,variable,hazard,120,0.009344207170802421,0,8.731420765087539e-05,0.00938813815561178
s11-120-47,u047,2025-06-23,variable,hazard_cal,30,0.0007475187586679644,0,5.587842945604943e-07,0.0007477982901272654
s11-120-47,u047,2025-06-23,variable,hazard_cal,60,0.0018564373656585476,0,3.4463596926132477e-06,0.0018581626811289226
s11-120-47,u047,2025-06-23,variable,hazard_cal,120,0.006128707426705793,0,3.756105472215874e-05,0.006147565042084952
s11-120-13,u013,2025-06-23,variable,empirical,30,0.0063657407407407,0,4.052265517832595e-05,0.006386088466525358
s11-120-13,u013,2025-06-23,variable,empirical,60,0.01388888888888884,0,0.00019290123456789987,0.01398624197473984
s11-120-13,u013,2025-06-23,variable,empirical,120,0.03414351851851849,0,0.001165779856824415,0.034740025702165826
s11-120-13,u013,2025-06-23,variable,hazard,30,0.0030212820622140812,0,9.128145299456572e-06,0.003025855348645596
s11-120-13,u013,2025-06-23,variable,hazard,60,0.007381062456057963,0,5.448008298022841e-05,0.007408437284274938
s11-120-13,u013,2025-06-23,variable,hazard,120,0.02334749590301677,0,0.0005451055649413847,0.023624366668863726
s11-120-13,u013,2025-06-23,variable,hazard_cal,30,0.00200012751003531,0,4.000510056400049e-06,0.002002130436247682
s11-120-13,u013,2025-06-23,variable,hazard_cal,60,0.004962173619737609,0,2.4623167032419842e-05,0.004974526083576414
s11-120-13,u013,2025-06-23,variable,hazard_cal,120,0.016316951583257855,0,0.00026624290897038104,0.016451539084466147
s11-120-20,u020,2025-06-23,variable,empirical,30,0.0063657407407407,0,4.052265517832595e-05,0.006386088466525358
s11-120-20,u020,2025-06-23,variable,empirical,60,0.01388888888888884,0,0.00019290123456789987,0.01398624197473984
s11-120-20,u020,2025-06-23,variable,empirical,120,0.03414351851851849,0,0.001165779856824415,0.034740025702165826
s11-120-20,u020,2025-06-23,variable,hazard,30,0.0010868471456508821,0,1.1812367180094698e-06,0.0010874381923002723
s11-120-20,u020,2025-06-23,variable,hazard,60,0.0026592635081073013,0,7.071682405551151e-06,0.0026628056303278935
s11-120-20,u020,2025-06-23,variable,hazard,120,0.008459647726227204,0,7.15656396518611e-05,0.008495633641890573
s11-120-20,u020,2025-06-23,variable,hazard_cal,30,0.0006719792494627175,0,4.515561117084771e-07,0.0006722051287150206
s11-120-20,u020,2025-06-23,variable,hazard_cal,60,0.0016689404326117874,0,2.78536216760642e-06,0.001670334665172258
s11-120-20,u020,2025-06-23,variable,hazard_cal,120,0.0055110373997061535,0,3.037153322095996e-05,0.005526279190830697
s11-120-12,u012,2025-06-23,variable,empirical,30,0.0063657407407407,0,4.052265517832595e-05,0.006386088466525358
s11-120-12,u012,2025-06-23,variable,empirical,60,0.01388888888888884,0,0.00019290123456789987,0.01398624197473984
s11-120-12,u012,2025-06-23,variable,empirical,120,0.03414351851851849,0,0.001165779856824415,0.034740025702165826
s11-120-12,u012,2025-06-23,variable,hazard,30,0.003940348113412817,0,1.5526343254875946e-05,0.0039481317385634766
s11-120-12,u012,2025-06-23,variable,hazard,60,0.009619356355844766,0,9.253201670073109e-05,0.009665921220825314
s11-120-12,u012,2025-06-23,variable,hazard,120,0.030345668754554134,0,0.000920859612161123,0.03081563053663614
s11-120-12,u012,2025-06-23,variable,hazard_cal,30,0.00265555141026097,0,7.051953292539027e-06,0.0026590836416410584
s11-120-12,u012,2025-06-23,variable,hazard_cal,60,0.006584710052940812,0,4.335840648129979e-05,0.0066064848961704436
s11-120-12,u012,2025-06-23,variable,hazard_cal,120,0.02160749369473347,0,0.00046688378376794667,0.021844353770490085
s11-120-33,u033,2025-06-23,regular,empirical,30,0.0063657407407407,0,4.052265517832595e-05,0.006386088466525358
s11-120-33,u033,2025-06-23,regular,empirical,60,0.01388888888888884,0,0.00019290123456789987,0.01398624197473984
s11-120-33,u033,2025-06-23,regular,empirical,120,0.03414351851851849,0,0.001165779856824415,0.034740025702165826
s11-120-33,u033,2025-06-23,regular,hazard,30,0.0007609132004473551,0,5.789888986150368e-07,0.0007612028418339527
s11-120-33,u033,2025-06-23,regular,hazard,60,0.0018622590435730668,0,3.4680087453696735e-06,0.0018639952037338924
s11-120-33,u033,2025-06-23,regular,hazard,120,0.005929905793756296,0,3.5163782722824484e-05,0.005947557501687318
s11-120-33,u033,2025-06-23,regular,hazard_cal,30,0.00045942328132042576,0,2.1106975141922707e-07,0.0004595288485307297
s11-120-33,u033,2025-06-23,regular,hazard_cal,60,0.0011412302972407806,0,1.3024065913402806e-06,0.0011418819964095245
s11-120-33,u033,2025-06-23,regular,hazard_cal,120,0.003771015684276846,0,1.422055929106197e-05,0.003778143889948828
s11-120-44,u044,2025-06-23,regular,empirical,30,0.0063657407407407,0,4.052265517832595e-05,0.006386088466525358
s11-120-44,u044,2025-06-23,regular,empirical,60,0.01388888888888884,0,0.00019290123456789987,0.01398624197473984
s11-120-44,u044,2025-06-23,regular,empirical,120,0.03414351851851849,0,0.001165779856824415,0.034740025702165826
s11-120-44,u044,2025-06-23,regular,hazard,30,0.012733242004920209,0,0.0001621354519558644,0.012815004540521037
s11-120-44,u044,2025-06-23,regular,hazard,60,0.030868974926291037,0,0.0009528936129999848,0.03135545943800426
s11-120-44,u044,2025-06-23,regular,hazard,120,0.0949193964962034,0,0.00900969183120347,0.09973127460315183
s11-120-44,u044,2025-06-23,regular,hazard_cal,30,0.009294736175924245,0,8.639212058003486e-05,0.009338201780086142
s11-120-44,u044,2025-06-23,regular,hazard_cal,60,0.022922603284134313,0,0.0005254457413218052,0.023189411329945762
s11-120-44,u044,2025-06-23,regular,hazard_cal,120,0.07366782580553444,0,0.005426948558914566,0.07652238922792258
s11-120-39,u039,2025-06-23,variable,empirical,30,0.0063657407407407,0,4.052265517832595e-05,0.006386088466525358
s11-120-39,u039,2025-06-23,variable,empirical,60,0.01388888888888884,0,0.00019290123456789987,0.01398624197473984
s11-120-39,u039,2025-06-23,variable,empirical,120,0.03414351851851849,0,0.001165779856824415,0.034740025702165826
s11-120-39,u039,2025-06-23,variable,hazard,30,0.0025214846363100785,0,6.357884771147769e-06,0.002524668932591345
s11-120-39,u039,2025-06-23,variable,hazard,60,0.006162484683542968,0,3.797621747490168e-05,0.006181551163901544
s11-120-39,u039,2025-06-23,variable,hazard,120,0.01952156456555043,0,0.0003810914830869542,0.019714627025178583
s11-120-39,u039,2025-06-23,variable,hazard_cal,30,0.0016491352324546904,0,2.7196470149233856e-06,0.001650496552835619
s11-120-39,u039,2025-06-23,variable,hazard_cal,60,0.004092558984307826,0,1.6749039040038704e-05,0.004100956423000893
s11-120-39,u039,2025-06-23,variable,hazard_cal,120,0.013472371038324549,0,0.00018150478139428608,0.013563946854713115
s11-120-18,u018,2025-06-23,regular,empirical,30,0.0063657407407407,0,4.052265517832595e-05,0.006386088466525358
s11-120-18,u018,2025-06-23,regular,empirical,60,0.01388888888888884,0,0.00019290123456789987,0.01398624197473984
s11-120-18,u018,2025-06-23,regular,empirical,120,0.03414351851851849,0,0.001165779856824415,0.034740025702165826
s11-120-18,u018,2025-06-23,regular,hazard,30,0.002458170408843996,0,6.042601758916259e-06,0.00246119667011798
s11-120-18,u018,2025-06-23,regular,hazard,60,0.006008046568622416,0,3.609662357073559e-05,0.006026167497788006
s11-120-18,u018,2025-06-23,regular,hazard,120,0.01903587444185839,0,0.00036236451576619755,0.01921938934320133
s11-120-18,u018,2025-06-23,regular,hazard_cal,30,0.0016049889251978922,0,2.575989450007885e-06,0.0016062782997288056
s11-120-18,u018,2025-06-23,regular,hazard_cal,60,0.003983147268505127,0,1.5865462162599855e-05,0.003991101127539931
s11-120-18,u018,2025-06-23,regular,hazard_cal,120,0.013114027737650025,0,0.00017197772350385424,0.013200775845462092
s11-120-5,u005,2025-06-23,regular,empirical,30,0.0063657407407407,0,4.052265517832595e-05,0.006386088466525358
s11-120-5,u005,2025-06-23,regular,empirical,60,0.01388888888888884,0,0.00019290123456789987,0.01398624197473984
s11-120-5,u005,2025-06-23,regular,empirical,120,0.03414351851851849,0,0.001165779856824415,0.034740025702165826
s11-120-5,u005,2025-06-23,regular,hazard,30,0.0005580099637976232,0,3.113751196974248e-07,0.0005581657092985278
s11-120-5,u005,2025-06-23,regular,hazard,60,0.0013658930316089446,0,1.8656637737978732e-06,0.0013668267137993534
s11-120-5,u005,2025-06-23,regular,hazard,120,0.004351950666498627,0,1.8939474603637846e-05,0.004361447968342761
s11-120-5,u005,2025-06-23,regular,hazard_cal,30,0.0003300359997918667,0,1.0892376115861704e-07,0.0003300904736583337
s11-120-5,u005,2025-06-23,regular,hazard_cal,60,0.0008199124009925507,0,6.722563453013693e-07,0.0008202487130086957
s11-120-5,u005,2025-06-23,regular,hazard_cal,120,0.002710382707369341,0,7.346174420406759e-06,0.0027140624450818053
s11-121-37,u037,2025-06-24,regular,empirical,30,0.0063657407407407,0,4.052265517832595e-05,0.006386088466525358
s11-121-37,u037,2025-06-24,regular,empirical,60,0.01388888888888884,0,0.00019290123456789987,0.01398624197473984
s11-121-37,u037,2025-06-24,regular,empirical,120,0.03414351851851849,0,0.001165779856824415,0.034740025702165826
s11-121-37,u037,2025-06-24,regular,hazard,30,0.0008029150996591294,0,6.446726572606298e-07,0.0008032376086308642
s11-121-37,u037,2025-06-24,regular,hazard,60,0.001964989153758201,0,3.86118237438737e-06,0.001966922277738941
s11-121-37,u037,2025-06-24,regular,hazard,120,0.0062562506047221245,0,3.9140671629085946e-05,0.006275902950078514
s11-121-37,u037,2025-06-24,regular,hazard_cal,30,0.00048651961687029566,0,2.3670133759961928e-07,0.0004866380059397225
s11-121-37,u037,2025-06-24,regular,hazard_cal,60,0.0012085122250976577,0,1.4605017982104915e-06,0.0012092430648753046
s11-121-37,u037,2025-06-24,regular,hazard_cal,120,0.00399299528734498,0,1.5944011364759223e-05,0.004000988578238006
s11-121-54,u054,2025-06-24,new,empirical,30,0.0063657407407407,0,4.052265517832595e-05,0.006386088466525358
s11-121-54,u054,2025-06-24,new,empirical,60,0.01388888888888884,0,0.00019290123456789987,0.01398624197473984
s11-121-54,u054,2025-06-24,new,empirical,120,0.03414351851851849,0,0.001165779856824415,0.034740025702165826
s11-121-54,u054,2025-06-24,new,hazard,30,0.006275167959275962,0,3.9377732917123645e-05,0.00629493958263825
s11-121-54,u054,2025-06-24,new,hazard,60,0.01529090697361224,0,0.0002338118360756634,0.015409018459665217
s11-121-54,u054,2025-06-24,new,hazard,120,0.04790900509602858,0,0.0022952727692912922,0.04909466587620145
s11-121-54,u054,2025-06-24,new,hazard_cal,30,0.00436416245100224,0,1.904591389873788e-05,0.0043737132054435185
s11-121-54,u054,2025-06-24,new,hazard_cal,60,0.010806300918865475,0,0.0001167761395490728,0.010865113066915013
s11-121-54,u054,2025-06-24,new,hazard_cal,120,0.03526996486939571,0,0.0012439704218884075,0.03590697312359887
s11-121-15,u015,2025-06-24,regular,empirical,30,0.0063657407407407,0,4.052265517832595e-05,0.006386088466525358
s11-121-15,u015,2025-06-24,regular,empirical,60,0.01388888888888884,0,0.00019290123456789987,0.01398624197473984
s11-121-15,u015,2025-06-24,regular,empirical,120,0.03414351851851849,0,0.001165779856824415,0.034740025702165826
s11-121-15,u015,2025-06-24,regular,hazard,30,0.008166698851349796,0,6.669497012863808e-05,0.008200229015029436
s11-121-15,u015,2025-06-24,regular,hazard,60,0.019870242251258774,0,0.00039482652712370935,0.020070310216339985
s11-121-15,u015,2025-06-24,regular,hazard,120,0.06191434590735079,0,0.0038333862291350853,0.06391401848112868
s11-121-15,u015,2025-06-24,regular,hazard_cal,30,0.0057823686159831356,0,3.343578681110672e-05,0.005799151236190561
s11-121-15,u015,2025-06-24,regular,hazard_cal,60,0.01430141272401897,0,0.00020453040590273167,0.014404663530822228
s11-121-15,u015,2025-06-24,regular,hazard_cal,120,0.04646970908397463,0,0.0021594338623492342,0.04758408631199092
s11-121-2,u002,2025-06-24,variable,empirical,30,0.0063657407407407,0,4.052265517832595e-05,0.006386088466525358
s11-121-2,u002,2025-06-24,variable,empirical,60,0.01388888888888884,0,0.00019290123456789987,0.01398624197473984
s11-121-2,u002,2025-06-24,variable,empirical,120,0.03414351851851849,0,0.001165779856824415,0.034740025702165826
s11-121-2,u002,2025-06-24,variable,hazard,30,0.002876633773421289,0,8.275021866388003e-06,0.0028807792362487623
s11-121-2,u002,2025-06-24,variable,hazard,60,0.0070284885316835854,0,4.9399651040007684e-05,0.0070533047056958115
s11-121-2,u002,2025-06-24,variable,hazard,120,0.02224168950701544,0,0.0004946927521264807,0.022492765773343734
s11-121-2,u002,2025-06-24,variable,hazard_cal,30,0.001898109402945769,0,3.6028193055511437e-06,0.0018999130953636237
s11-121-2,u002,2025-06-24,variable,hazard_cal,60,0.004709466076469604,0,2.2179070725418004e-05,0.004720590552468991
s11-121-2,u002,2025-06-24,variable,hazard_cal,120,0.0154909771889149,0,0.0002399703742674818,0.015612216078437855
s11-121-43,u043,2025-06-24,regular,empirical,30,0.0063657407407407,0,4.052265517832595e-05,0.006386088466525358
s11-121-43,u043,2025-06-24,regular,empirical,60,0.01388888888888884,0,0.00019290123456789987,0.01398624197473984
s11-121-43,u043,2025-06-24,regular,empirical,120,0.03414351851851849,0,0.001165779856824415,0.034740025702165826
s11-121-43,u043,2025-06-24,regular,hazard,30,0.013748476024310952,0,0.00018902059299105307,0.013843861600748507
s11-121-43,u043,2025-06-24,regular,hazard,60,0.03330333784715944,0,0.0011091123117620426,0.03387052234381271
s11-121-43,u043,2025-06-24,regular,hazard,120,0.10210487319860628,0,0.010425405130903467,0.1077020027989876
s11-121-43,u043,2025-06-24,regular,hazard_cal,30,0.010089216611661955,0,0.00010179229183703554,0.01014045770391094
s11-121-43,u043,2025-06-24,regular,hazard_cal,60,0.0248657918304509,0,0.0006183076033553187,0.02518016805243416
s11-121-43,u043,2025-06-24,regular,hazard_cal,120,0.07971491781751794,0,0.006354468122653639,0.08307178500196365
s11-121-48,u048,2025-06-24,variable,empirical,30,0.0063657407407407,0,4.052265517832595e-05,0.006386088466525358
s11-121-48,u048,2025-06-24,variable,empirical,60,0.01388888888888884,0,0.00019290123456789987,0.01398624197473984
s11-121-48,u048,2025-06-24,variable,empirical,120,0.03414351851851849,0,0.001165779856824415,0.034740025702165826
s11-121-48,u048,2025-06-24,variable,hazard,30,0.0010033496330602576,0,1.0067104861621536e-06,0.0010038533252511076
s11-121-48,u048,2025-06-24,variable,hazard,60,0.0024551267118742004,0,6.027647171358223e-06,0.0024581454774400824
s11-121-48,u048,2025-06-24,variable,hazard,120,0.00781216794914219,0,6.102996806560449e-05,0.0078428427956504
s11-121-48,u048,2025-06-24,variable,hazard_cal,30,0.0006170592522817264,0,3.807621208264833e-07,0.0006172497116959991
s11-121-48,u048,2025-06-24,variable,hazard_cal,60,0.0015326087606377659,0,2.3488896131836287e-06,0.001533784406801638
s11-121-48,u048,2025-06-24,variable,hazard_cal,120,0.00506173492129125,0,2.5621160413419335e-05,0.005074588895450418
s11-121-18,u018,2025-06-24,regular,empirical,30,0.0063657407407407,0,4.052265517832595e-05,0.006386088466525358
s11-121-18,u018,2025-06-24,regular,empirical,60,0.01388888888888884,0,0.00019290123456789987,0.01398624197473984
s11-121-18,u018,2025-06-24,regular,empirical,120,0.03414351851851849,0,0.001165779856824415,0.034740025702165826
s11-121-18,u018,2025-06-24,regular,hazard,30,0.004496194194209657,0,2.021576223204463e-05,0.004506332475861414
s11-121-18,u018,2025-06-24,regular,hazard,60,0.010971480223053498,0,0.00012037337828485404,0.011032110791434811
s11-121-18,u018,2025-06-24,regular,hazard,120,0.03455482258208098,0,0.0011940357636790937,0.03516596027109808
s11-121-18,u018,2025-06-24,regular,hazard_cal,30,0.0030572263264861954,0,9.346632811360277e-06,0.003061909189709279
s11-121-18,u018,2025-06-24,regular,hazard_cal,60,0.007578218730780351,0,5.7429399131550146e-05,0.00760707933076007
s11-121-18,u018,2025-06-24,regular,hazard_cal,120,0.024836146571567852,0,0.0006168341765244016,0.02514976730552367
s11-121-59,u059,2025-06-24,new,empirical,30,0.0063657407407407,0,4.052265517832595e-05,0.006386088466525358
s11-121-59,u059,2025-06-24,new,empirical,60,0.01388888888888884,0,0.00019290123456789987,0.01398624197473984
s11-121-59,u059,2025-06-24,new,empirical,120,0.03414351851851849,0,0.001165779856824415,0.034740025702165826
s11-121-59,u059,2025-06-24,new,hazard,30,0.0015913988095753728,0,2.5325501711179136e-06,0.001592666429698871
s11-121-59,u059,2025-06-24,new,hazard,60,0.003892229443272943,0,1.5149450039080805e-05,0.003899823880893346
s11-121-59,u059,2025-06-24,new,hazard,120,0.012363588291287253,0,0.00015285831543645527,0.012440653307892957
s11-121-59,u059,2025-06-24,new,hazard_cal,30,0.0010092807201124154,0,1.018647571990636e-06,0.0010097903868584827
s11-121-59,u059,2025-06-24,new,hazard_cal,60,0.0025059789658771203,0,6.279930577418561e-06,0.0025091241868363304
s11-121-59,u059,2025-06-24,new,hazard_cal,120,0.008266200922715905,0,6.833007769470927e-05,0.008300555413302765
s11-121-13,u013,2025-06-24,variable,empirical,30,0.0063657407407407,0,4.052265517832595e-05,0.006386088466525358
s11-121-13,u013,2025-06-24,variable,empirical,60,0.01388888888888884,0,0.00019290123456789987,0.01398624197473984
s11-121-13,u013,2025-06-24,variable,empirical,120,0.03414351851851849,1,0.9328787428197874,3.3771825054582822
s11-121-13,u013,2025-06-24,variable,hazard,30,0.0036045135513858018,0,1.2992517942123884e-05,0.0036110254632492995
s11-121-13,u013,2025-06-24,variable,hazard,60,0.008801843230062056,0,7.747244424658926e-05,0.008840808263427008
s11-121-13,u013,2025-06-24,variable,hazard,120,0.027794056283712343,1,0.9451843969972775,3.582933083888771
s11-121-13,u013,2025-06-24,variable,hazard_cal,30,0.002414700671283354,0,5.830779331896281e-06,0.00241762076266084
s11-121-13,u013,2025-06-24,variable,hazard_cal,60,0.005988673330540872,0,3.5864208259931504e-05,0.006006677350788676
s11-121-13,u013,2025-06-24,variable,hazard_cal,120,0.019666574735077824,1,0.9610536246916548,3.928834798243021
s11-121-30,u030,2025-06-24,variable,empirical,30,0.0063657407407407,0,4.052265517832595e-05,0.006386088466525358
s11-121-30,u030,2025-06-24,variable,empirical,60,0.01388888888888884,0,0.00019290123456789987,0.01398624197473984
s11-121-30,u030,2025-06-24,variable,empirical,120,0.03414351851851849,0,0.001165779856824415,0.034740025702165826
s11-121-30,u030,2025-06-24,variable,hazard,30,0.004068802240969949,0,1.6555151676122078e-05,0.004077102338762807
s11-121-30,u030,2025-06-24,variable,hazard,60,0.009931933593748443,0,9.864330491062886e-05,0.009981584271236993
s11-121-30,u030,2025-06-24,variable,hazard,120,0.031319946286323064,0,0.0009809390353781619,0.03182090353945475
s11-121-30,u030,2025-06-24,variable,hazard_cal,30,0.002748052287897984,0,7.551791377021345e-06,0.002751835115447823
s11-121-30,u030,2025-06-24,variable,hazard_cal,60,0.0068135609185715484,0,4.642461239108556e-05,0.006836879205506885
s11-121-30,u030,2025-06-24,variable,hazard_cal,120,0.02235193049284201,0,0.0004996087967568404,0.02260552083752979
s11-121-34,u034,2025-06-24,regular,empirical,30,0.0063657407407407,0,4.052265517832595e-05,0.006386088466525358
s11-121-34,u034,2025-06-24,regular,empirical,60,0.01388888888888884,0,0.00019290123456789987,0.01398624197473984
s11-121-34,u034,2025-06-24,regular,empirical,120,0.03414351851851849,0,0.001165779856824415,0.034740025702165826
s11-121-34,u034,2025-06-24,regular,hazard,30,0.005330378156297777,0,2.8412931289136487e-05,0.005344635308519923
s11-121-34,u034,2025-06-24,regular,hazard,60,0.012998436340244446,0,0.00016895934729138743,0.013083655294838917
s11-121-34,u034,2025-06-24,regular,hazard,120,0.04083892156261326,0,0.0016678175143972785,0.04169625320075172
s11-121-34,u034,2025-06-24,regular,hazard_cal,30,0.003666343456016352,0,1.3442074337473928e-05,0.0036730809662440904
s11-121-34,u034,2025-06-24,regular,hazard_cal,60,0.009083573475006657,0,8.251130707584451e-05,0.009125080675543072
s11-121-34,u034,2025-06-24,regular,hazard_cal,120,0.029712519438850116,0,0.000882833811404046,0.030162879681603427
s11-121-38,u038,2025-06-24,regular,empirical,30,0.0063657407407407,0,4.052265517832595e-05,0.006386088466525358
s11-121-38,u038,2025-06-24,regular,empirical,60,0.01388888888888884,0,0.00019290123456789987,0.01398624197473984
s11-121-38,u038,2025-06-24,regular,empirical,120,0.03414351851851849,0,0.001165779856824415,0.034740025702165826
s11-121-38,u038,2025-06-24,regular,hazard,30,0.0011483040765714048,0,1.3186022522705066e-06,0.0011489638828513983
s11-121-38,u038,2025-06-24,regular,hazard,60,0.0028094976895420842,0,7.893277267542309e-06,0.0028134517358349848
s11-121-38,u038,2025-06-24,regular,hazard,120,0.008935955908895066,0,7.985130800571664e-05,0.008976121017692698
s11-121-38,u038,2025-06-24,regular,hazard_cal,30,0.0007125842901724022,0,5.077763706005063e-07,0.0007128382990333533
s11-121-38,u038,2025-06-24,regular,hazard_cal,60,0.0017697292485876481,0,3.1319416133066015e-06,0.0017712970694129357
s11-121-38,u038,2025-06-24,regular,hazard_cal,120,0.005843102181166349,0,3.414184309955094e-05,0.0058602398935940015
s11-121-52,u052,2025-06-24,regular,empirical,30,0.0063657407407407,0,4.052265517832595e-05,0.006386088466525358
s11-121-52,u052,2025-06-24,regular,empirical,60,0.01388888888888884,0,0.00019290123456789987,0.01398624197473984
s11-121-52,u052,2025-06-24,regular,empirical,120,0.03414351851851849,0,0.001165779856824415,0.034740025702165826
s11-121-52,u052,2025-06-24,regular,hazard,30,0.0018810451610472567,0,3.5383308978992998e-06,0.001882816548217608
s11-121-52,u052,2025-06-24,regular,hazard,60,0.004599588907688079,0,2.1156218119727218e-05,0.004610199565693058
s11-121-52,u052,2025-06-24,regular,hazard,120,0.014598061247064531,0,0.00021310339217304726,0.014705661396093863
s11-121-52,u052,2025-06-24,regular,hazard_cal,30,0.0012063780626698772,0,1.4553480300911262e-06,0.0012071063224482561
s11-121-52,u052,2025-06-24,regular,hazard_cal,60,0.0029948772466682483,0,8.969289722611187e-06,0.0029993708656638036
s11-121-52,u052,2025-06-24,regular,hazard_cal,120,0.00987271409813717,0,9.747048366355643e-05,0.009921772500080271
s11-121-10,u010,2025-06-24,variable,empirical,30,0.0063657407407407,0,4.052265517832595e-05,0.006386088466525358
s11-121-10,u010,2025-06-24,variable,empirical,60,0.01388888888888884,0,0.00019290123456789987,0.01398624197473984
s11-121-10,u010,2025-06-24,variable,empirical,120,0.03414351851851849,0,0.001165779856824415,0.034740025702165826
s11-121-10,u010,2025-06-24,variable,hazard,30,0.0007808596815674917,0,6.097418422976847e-07,0.0007811647112892519
s11-121-10,u010,2025-06-24,variable,hazard,60,0.0019110458850148948,0,3.6520963746323625e-06,0.0019128742629830183
s11-121-10,u010,2025-06-24,variable,hazard,120,0.006084898014768192,0,3.7025983850129884e-05,0.0061034864508795585
s11-121-10,u010,2025-06-24,variable,hazard_cal,30,0.0004722790670965704,0,2.2304751721760686e-07,0.00047239062598117927
s11-121-10,u010,2025-06-24,variable,hazard_cal,60,0.0011731524035322183,0,1.3762865619134208e-06,0.0011738410854851237
s11-121-10,u010,2025-06-24,variable,hazard_cal,120,0.0038763393092174914,0,1.5026006440184738e-05,0.0038838717843582174
s11-121-14,u014,2025-06-24,variable,empirical,30,0.0063657407407407,0,4.052265517832595e-05,0.006386088466525358
s11-121-14,u014,2025-06-24,variable,empirical,60,0.01388888888888884,0,0.00019290123456789987,0.01398624197473984
s11-121-14,u014,2025-06-24,variable,empirical,120,0.03414351851851849,0,0.001165779856824415,0.034740025702165826
s11-121-14,u014,2025-06-24,variable,hazard,30,0.009287603620877438,0,8.62595810185357e-05,0.009331002333760316
s11-121-14,u014,2025-06-24,variable,hazard,60,0.022577415682844548,0,0.000509739698915955,0.02283618788842256
s11-121-14,u014,2025-06-24,variable,hazard,120,0.07012064566936027,0,0.004916904949087974,0.07270042777624286
s11-121-14,u014,2025-06-24,variable,hazard_cal,30,0.0066340670582191175,0,4.401084573294806e-05,0.006656170291542454
s11-121-14,u014,2025-06-24,variable,hazard_cal,60,0.01639649016618916,0,0.0002688448897699378,0.01653240029163606
s11-121-14,u014,2025-06-24,variable,hazard_cal,120,0.05313502757078714,0,0.0028233311549483095,0.05459878051424797
s11-121-22,u022,2025-06-24,variable,empirical,30,0.0063657407407407,0,4.052265517832595e-05,0.006386088466525358
s11-121-22,u022,2025-06-24,variable,empirical,60,0.01388888888888884,0,0.00019290123456789987,0.01398624197473984
s11-121-22,u022,2025-06-24,variable,empirical,120,0.03414351851851849,0,0.001165779856824415,0.034740025702165826
s11-121-22,u022,2025-06-24,variable,hazard,30,0.006344324897526232,0,4.025045840537124e-05,0.006364535654482183
s11-121-22,u022,2025-06-24,variable,hazard,60,0.01545857653353866,0,0.00023896758844327211,0.015579306149247957
s11-121-22,u022,2025-06-24,variable,hazard,120,0.04842456091941916,0,0.002344938100238537,0.04963631101611803
s11-121-22,u022,2025-06-24,variable,hazard_cal,30,0.00441554107794162,0,1.9497003010989847e-05,0.004425318371423233
s11-121-22,u022,2025-06-24,variable,hazard_cal,60,0.010933063196407189,0,0.00011953187085663338,0.010993268351831266
s11-121-22,u022,2025-06-24,variable,hazard_cal,120,0.03567792395069602,0,0.001272914257431649,0.0363299363862478
s11-121-33,u033,2025-06-24,regular,empirical,30,0.0063657407407407,0,4.052265517832595e-05,0.006386088466525358
s11-121-33,u033,2025-06-24,regular,empirical,60,0.01388888888888884,0,0.00019290123456789987,0.01398624197473984
s11-121-33,u033,2025-06-24,regular,empirical,120,0.03414351851851849,0,0.001165779856824415,0.034740025702165826
s11-121-33,u033,2025-06-24,regular,hazard,30,0.001610984856960318,0,2.5952722093554564e-06,0.0016122838883991047
s11-121-33,u033,2025-06-24,regular,hazard,60,0.003940071721868943,0,1.5524165173471298e-05,0.003947854253670877
s11-121-33,u033,2025-06-24,regular,hazard,120,0.012514837300308002,0,0.00015662115265318048,0.012593807433974228
s11-121-33,u033,2025-06-24,regular,hazard_cal,30,0.0010225371941934291,0,1.0455823135089706e-06,0.0010230603420059864
s11-121-33,u033,2025-06-24,regular,hazard_cal,60,0.00253886647281798,0,6.445842966799211e-06,0.0025420948597546103
s11-121-33,u033,2025-06-24,regular,hazard_cal,120,0.008374331844393068,0,7.012943384001581e-05,0.00840959356152625
s11-121-35,u035,2025-06-24,variable,empirical,30,0.0063657407407407,0,4.052265517832595e-05,0.006386088466525358
s11-121-35,u035,2025-06-24,variable,empirical,60,0.01388888888888884,0,0.00019290123456789987,0.01398624197473984
s11-121-35,u035,2025-06-24,variable,empirical,120,0.03414351851851849,0,0.001165779856824415,0.034740025702165826
s11-121-35,u035,2025-06-24,variable,hazard,30,0.003987680780777381,0,1.59015980093813e-05,0.0039956527800318695
s11-121-35,u035,2025-06-24,variable,hazard,60,0.009734541967214128,0,9.47613073114531e-05,0.00978223236939617
s11-121-35,u035,2025-06-24,variable,hazard,120,0.030704778703392388,0,0.0009427834352242988,0.031186047551842677
s11-121-35,u035,2025-06-24,variable,hazard_cal,30,0.0026896124801775168,0,7.234015293526653e-06,0.002693235986501176
s11-121-35,u035,2025-06-24,variable,hazard_cal,60,0.006668982525566802,0,4.4475327926315365e-05,0.006691319555091647
s11-121-35,u035,2025-06-24,variable,hazard_cal,120,0.02188167729693391,0,0.0004788078013271529,0.022124631906373753
s11-121-45,u045,2025-06-24,regular,empirical,30,0.0063657407407407,0,4.052265517832595e-05,0.006386088466525358
s11-121-45,u045,2025-06-24,regular,empirical,60,0.01388888888888884,0,0.00019290123456789987,0.01398624197473984
s11-121-45,u045,2025-06-24,regular,empirical,120,0.03414351851851849,0,0.001165779856824415,0.034740025702165826
s11-121-45,u045,2025-06-24,regular,hazard,30,0.003769984475180399,0,1.4212782943101228e-05,0.003777108777962554
s11-121-45,u045,2025-06-24,regular,hazard,60,0.009204699158003149,0,8.472648658934388e-05,0.009247324169866298
s11-121-45,u045,2025-06-24,regular,hazard,120,0.029052077075303218,0,0.0008440231823893588,0.029482444544429873
s11-121-45,u045,2025-06-24,regular,hazard_cal,30,0.002533189004453318,0,6.4170465322831914e-06,0.00253640295656556
s11-121-45,u045,2025-06-24,regular,hazard_cal,60,0.006281927404484966,0,3.946261191521922e-05,0.006301741735488289
s11-121-45,u045,2025-06-24,regular,hazard_cal,120,0.02062189039366369,0,0.0004252623634082787,0.020837490784270742
s11-121-6,u006,2025-06-24,regular,empirical,30,0.0063657407407407,0,4.052265517832595e-05,0.006386088466525358
s11-121-6,u006,2025-06-24,regular,empirical,60,0.01388888888888884,0,0.00019290123456789987,0.01398624197473984
s11-121-6,u006,2025-06-24,regular,empirical,120,0.03414351851851849,0,0.001165779856824415,0.034740025702165826
s11-121-6,u006,2025-06-24,regular,hazard,30,0.0034655735725040993,0,1.2010200186438825e-05,0.003471592582836269
s11-121-6,u006,2025-06-24,regular,hazard,60,0.00846349787705658,0,7.163079631494125e-05,0.008499516649067873
s11-121-6,u006,2025-06-24,regular,hazard,120,0.026736537511325986,0,0.0007148424380945416,0.02710046007896996
s11-121-6,u006,2025-06-24,regular,hazard_cal,30,0.0023154951000450286,0,5.3615175583325364e-06,0.0023181800042132122
s11-121-6,u006,2025-06-24,regular,hazard_cal,60,0.00574309966746378,0,3.2983193790422585e-05,0.00575965467951044
s11-121-6,u006,2025-06-24,regular,hazard_cal,120,0.01886603218949512,0,0.000355927170575066,0.019046266242616808
s11-121-31,u031,2025-06-24,variable,empirical,30,0.0063657407407407,0,4.052265517832595e-05,0.006386088466525358
s11-121-31,u031,2025-06-24,variable,empirical,60,0.01388888888888884,0,0.00019290123456789987,0.01398624197473984
s11-121-31,u031,2025-06-24,variable,empirical,120,0.03414351851851849,0,0.001165779856824415,0.034740025702165826
s11-121-31,u031,2025-06-24,variable,hazard,30,0.001537857399502185,0,2.3650053812036226e-06,0.0015390411159398303
s11-121-31,u031,2025-06-24,variable,hazard,60,0.0037614377906658447,0,1.4148414253049151e-05,0.003768529787447857
s11-121-31,u031,2025-06-24,variable,hazard,120,0.01195001321731215,0,0.00014280281589393507,0.012021988604494827
s11-121-31,u031,2025-06-24,variable,hazard_cal,30,0.0009730984164807444,0,9.469205281573322e-07,0.0009735721841181178
s11-121-31,u031,2025-06-24,variable,hazard_cal,60,0.0024162119747139776,0,5.8380803067512195e-06,0.0024191357254178345
s11-121-31,u031,2025-06-24,variable,hazard_cal,120,0.007971009511644422,0,6.353699263472585e-05,0.008002947841668776
s11-121-39,u039,2025-06-24,variable,empirical,30,0.0063657407407407,0,4.052265517832595e-05,0.006386088466525358
s11-121-39,u039,2025-06-24,variable,empirical,60,0.01388888888888884,0,0.00019290123456789987,0.01398624197473984
s11-121-39,u039,2025-06-24,variable,empirical,120,0.03414351851851849,0,0.001165779856824415,0.034740025702165826
s11-121-39,u039,2025-06-24,variable,hazard,30,0.0053305234960608905,0,2.841448074205722e-05,0.005344781427161268
s11-121-39,u039,2025-06-24,variable,hazard,60,0.01299878926251119,0,0.0001689685222911762,0.01308401286502202
s11-121-39,u039,2025-06-24,variable,hazard,120,0.04084001302466955,0,0.0016679066638551788,0.04169739113545512
s11-121-39,u039,2025-06-24,variable,hazard_cal,30,0.0036664501856247256,0,1.3442856963667584e-05,0.0036731880886055495
s11-121-39,u039,2025-06-24,variable,hazard_cal,60,0.009083837112128124,0,8.251609667967621e-05,0.009125346729419545
s11-121-39,u039,2025-06-24,variable,hazard_cal,120,0.029713371803300137,0,0.0008828844639211516,0.030163758147873972
s11-121-1,u001,2025-06-24,regular,empirical,30,0.0063657407407407,0,4.052265517832595e-05,0.006386088466525358
s11-121-1,u001,2025-06-24,regular,empirical,60,0.01388888888888884,0,0.00019290123456789987,0.01398624197473984
s11-121-1,u001,2025-06-24,regular,empirical,120,0.03414351851851849,0,0.001165779856824415,0.034740025702165826
s11-121-1,u001,2025-06-24,regular,hazard,30,0.00157531348951645,0,2.4816125902524944e-06,0.0015765556004590491
s11-121-1,u001,2025-06-24,regular,hazard,60,0.003852937180623739,0,1.4845124917832806e-05,0.0038603788641253718
s11-121-1,u001,2025-06-24,regular,hazard,120,0.012239356313344274,0,0.00014980184296500034,0.01231487405985019
s11-121-1,u001,2025-06-24,regular,hazard_cal,30,0.0009984018374830095,0,9.968062290894496e-07,0.000998900572583882
s11-121-1,u001,2025-06-24,regular,hazard_cal,60,0.0024789894077426045,0,6.145388483700029e-06,0.00248206718956232
s11-121-1,u001,2025-06-24,regular,hazard_cal,120,0.008177455089846575,0,6.687077174645765e-05,0.00821107387858604
s11-121-28,u028,2025-06-24,variable,empirical,30,0.0063657407407407,0,4.052265517832595e-05,0.006386088466525358
s11-121-28,u028,2025-06-24,variable,empirical,60,0.01388888888888884,0,0.00019290123456789987,0.01398624197473984
s11-121-28,u028,2025-06-24,variable,empirical,120,0.03414351851851849,0,0.001165779856824415,0.034740025702165826
s11-121-28,u028,2025-06-24,variable,hazard,30,0.007962127629315363,0,6.339547638550709e-05,0.007993994632988784
s11-121-28,u028,2025-06-24,variable,hazard,60,0.019375646580986117,0,0.000375415680431279,0.019565814851066177
s11-121-28,u028,2025-06-24,variable,hazard,120,0.06040920267844063,0,0.003649271768244919,0.06231082049655727
s11-121-28,u028,2025-06-24,variable,hazard_cal,30,0.005627777491615693,0,3.167187949513622e-05,0.0056436730973714695
s11-121-28,u028,2025-06-24,variable,hazard_cal,60,0.013920823229015222,0,0.0001937893193734898,0.014018626618681543
s11-121-28,u028,2025-06-24,variable,hazard_cal,120,0.04525502859291508,0,0.0020480176129455616,0.046311019811476346
s11-121-51,u051,2025-06-24,variable,empirical,30,0.0063657407407407,0,4.052265517832595e-05,0.006386088466525358
s11-121-51,u051,2025-06-24,variable,empirical,60,0.01388888888888884,0,0.00019290123456789987,0.01398624197473984
s11-121-51,u051,2025-06-24,variable,empirical,120,0.03414351851851849,0,0.001165779856824415,0.034740025702165826
s11-121-51,u051,2025-06-24,variable,hazard,30,0.0013092985886220543,0,1.7142627941677034e-06,0.0013101564689152016
s11-121-51,u051,2025-06-24,variable,hazard,60,0.0032029865321997475,0,1.0259122725452963e-05,0.0032081270732197843
s11-121-51,u051,2025-06-24,variable,hazard,120,0.010182669999978078,0,0.00010368676832845355,0.010234868030009295
s11-121-51,u051,2025-06-24,variable,hazard_cal,30,0.0008196284776171847,0,6.717908413210639e-07,0.0008199645566903798
s11-121-51,u051,2025-06-24,variable,hazard_cal,60,0.0020353996320193746,0,4.142851662024605e-06,0.00203747387293444
s11-121-51,u051,2025-06-24,variable,hazard_cal,120,0.006717985737584642,0,4.513133237039066e-05,0.00674065297961362
s11-121-49,u049,2025-06-24,variable,empirical,30,0.0063657407407407,0,4.052265517832595e-05,0.006386088466525358
s11-121-49,u049,2025-06-24,variable,empirical,60,0.01388888888888884,0,0.00019290123456789987,0.01398624197473984
s11-121-49,u049,2025-06-24,variable,empirical,120,0.03414351851851849,0,0.001165779856824415,0.034740025702165826
s11-121-49,u049,2025-06-24,variable,hazard,30,0.0013976163089174376,0,1.9533313469520023e-06,0.0013985938855484395
s11-121-49,u049,2025-06-24,variable,hazard,60,0.00341880242055137,0,1.1688209990767907e-05,0.0034246598796875316
s11-121-49,u049,2025-06-24,variable,hazard,120,0.010865949800912156,0,0.00011806886507594292,0.010925415392539732
s11-121-49,u049,2025-06-24,variable,hazard_cal,30,0.0008787337634695858,0,7.721730270614219e-07,0.0008791200763104542
s11-121-49,u049,2025-06-24,variable,hazard_cal,60,0.0021820717193044015,0,4.7614369881880665e-06,0.002184455906741893
s11-121-49,u049,2025-06-24,variable,hazard_cal,120,0.007200739560314973,0,5.1850650215485065e-05,0.0072267900157831425
s11-121-56,u056,2025-06-24,new,empirical,30,0.0063657407407407,0,4.052265517832595e-05,0.006386088466525358
s11-121-56,u056,2025-06-24,new,empirical,60,0.01388888888888884,0,0.00019290123456789987,0.01398624197473984
s11-121-56,u056,2025-06-24,new,empirical,120,0.03414351851851849,0,0.001165779856824415,0.034740025702165826
s11-121-56,u056,2025-06-24,new,hazard,30,0.005727261208978374,0,3.280152095586842e-05,0.005743724860639123
s11-121-56,u056,2025-06-24,new,hazard,60,0.013961866521347455,0,0.00019493371675992287,0.014060250199717869
s11-121-56,u056,2025-06-24,new,hazard,120,0.04381498327351785,0,0.0019197527592586488,0.04480385251499292
s11-121-56,u056,2025-06-24,new,hazard_cal,30,0.003958521951329619,0,1.5669896039158455e-05,0.003966377637473133
s11-121-56,u056,2025-06-24,new,hazard_cal,60,0.00980512299168268,0,9.61404368820243e-05,0.009853509762080706
s11-121-56,u056,2025-06-24,new,hazard_cal,120,0.032043200492997914,0,0.0010267666978344618,0.03256782130991493
s11-121-58,u058,2025-06-24,new,empirical,30,0.0063657407407407,0,4.052265517832595e-05,0.006386088466525358
s11-121-58,u058,2025-06-24,new,empirical,60,0.01388888888888884,0,0.00019290123456789987,0.01398624197473984
s11-121-58,u058,2025-06-24,new,empirical,120,0.03414351851851849,0,0.001165779856824415,0.034740025702165826
s11-121-58,u058,2025-06-24,new,hazard,30,0.0022069265719116826,0,4.870524893809851e-06,0.002209365423263183
s11-121-58,u058,2025-06-24,new,hazard,60,0.005395051582266497,0,2.910658157531623e-05,0.005409657429607014
s11-121-58,u058,2025-06-24,new,hazard,120,0.017106286525163883,0,0.0002926250386810034,0.017254289324975042
s11-121-58,u058,2025-06-24,new,hazard_cal,30,0.0014305824573753734,0,2.046566167350162e-06,0.0014316067174345755
s11-121-58,u058,2025-06-24,new,hazard_cal,60,0.0035508230594175627,0,1.26083443992915e-05,0.0035571421948063704
s11-121-58,u058,2025-06-24,new,hazard_cal,120,0.011697105377705519,0,0.00013682227421714737,0.011766054713976914
s11-121-57,u057,2025-06-24,new,empirical,30,0.0063657407407407,0,4.052265517832595e-05,0.006386088466525358
s11-121-57,u057,2025-06-24,new,empirical,60,0.01388888888888884,0,0.00019290123456789987,0.01398624197473984
s11-121-57,u057,2025-06-24,new,empirical,120,0.03414351851851849,0,0.001165779856824415,0.034740025702165826
s11-121-57,u057,2025-06-24,new,hazard,30,0.003203325255875078,0,1.0261292694927134e-05,0.003208466885366395
s11-121-57,u057,2025-06-24,new,hazard,60,0.007824669856738242,0,6.122545836694806e-05,0.00785544321863184
s11-121-57,u057,2025-06-24,new,hazard,120,0.024737478472702912,0,0.00061194284118744,0.025048591377822886
s11-121-57,u057,2025-06-24,new,hazard_cal,30,0.0021289894201499404,0,4.532595951110379e-06,0.0021312589398866408
s11-121-57,u057,2025-06-24,new,hazard_cal,60,0.0052813153467315965,0,2.7892291791622684e-05,0.005295310790610676
s11-121-57,u057,2025-06-24,new,hazard_cal,120,0.01735930263645058,0,0.00030134538802388007,0.01751174206789223
s11-122-15,u015,2025-06-25,regular,empirical,30,0.0063657407407407,0,4.052265517832595e-05,0.006386088466525358
s11-122-15,u015,2025-06-25,regular,empirical,60,0.01388888888888884,0,0.00019290123456789987,0.01398624197473984
s11-122-15,u015,2025-06-25,regular,empirical,120,0.03414351851851849,0,0.001165779856824415,0.034740025702165826
s11-122-15,u015,2025-06-25,regular,hazard,30,0.009735903433229054,0,9.478781566116128e-05,0.009783607219886803
s11-122-15,u015,2025-06-25,regular,hazard,60,0.023658782079637786,0,0.0005597379694917901,0.02394314514290361
s11-122-15,u015,2025-06-25,regular,hazard,120,0.07338346943005514,0,0.005385133585591837,0.07621546613072039
s11-122-15,u015,2025-06-25,regular,hazard_cal,30,0.006976772955999522,0,4.8675360879566306e-05,0.007001224431067801
s11-122-15,u015,2025-06-25,regular,hazard_cal,60,0.017238681294571956,0,0.00029717213277582506,0.017388997366254728
s11-122-15,u015,2025-06-25,regular,hazard_cal,120,0.055804262149409256,0,0.0031141156740399907,0.05742178491255715
s11-122-19,u019,2025-06-25,variable,empirical,30,0.0063657407407407,0,4.052265517832595e-05,0.006386088466525358
s11-122-19,u019,2025-06-25,variable,empirical,60,0.01388888888888884,0,0.00019290123456789987,0.01398624197473984
s11-122-19,u019,2025-06-25,variable,empirical,120,0.03414351851851849,0,0.001165779856824415,0.034740025702165826
s11-122-19,u019,2025-06-25,variable,hazard,30,0.006423208766347721,0,4.1257610856086215e-05,0.0064439263349377615
s11-122-19,u019,2025-06-25,variable,hazard,60,0.01564980632118529,0,0.000244916437890611,0.01577355735798154
s11-122-19,u019,2025-06-25,variable,hazard,120,0.0490123038838981,0,0.002402205932007573,0.05025415435839934
s11-122-19,u019,2025-06-25,variable,hazard_cal,30,0.004474193355279432,0,2.0018406180426625e-05,0.004484232514320367
s11-122-19,u019,2025-06-25,variable,hazard_cal,60,0.011077758126106785,0,0.0001227167251005249,0.011139573429247759
s11-122-19,u019,2025-06-25,variable,hazard_cal,120,0.03614343328608416,0,0.0013063477697056163,0.03681278515773426
s11-122-24,u024,2025-06-25,regular,empirical,30,0.0063657407407407,0,4.052265517832595e-05,0.006386088466525358
s11-122-24,u024,2025-06-25,regular,empirical,60,0.01388888888888884,0,0.00019290123456789987,0.01398624197473984
s11-122-24,u024,2025-06-25,regular,empirical,120,0.03414351851851849,0,0.001165779856824415,0.034740025702165826
s11-122-24,u024,2025-06-25,regular,hazard,30,0.0007760751499258367,0,6.022926383324099e-07,0.0007763764521438648
s11-122-24,u024,2025-06-25,regular,hazard,60,0.001899343601179715,0,3.607506115342328e-06,0.0019011496414604147
s11-122-24,u024,2025-06-25,regular,hazard,120,0.006047722378430542,0,3.6574945966569575e-05,0.006066083919178136
s11-122-24,u024,2025-06-25,regular,hazard_cal,30,0.00046919334951178726,0,2.2014239922609017e-07,0.00046930345515330373
s11-122-24,u024,2025-06-25,regular,hazard_cal,60,0.0011654903421816076,0,1.3583677377186009e-06,0.0011661700542336814
s11-122-24,u024,2025-06-25,regular,hazard_cal,120,0.003851059928788314,0,1.4830662575119055e-05,0.003858494353156418
s11-122-44,u044,2025-06-25,regular,empirical,30,0.0063657407407407,0,4.052265517832595e-05,0.006386088466525358
s11-122-44,u044,2025-06-25,regular,empirical,60,0.01388888888888884,0,0.00019290123456789987,0.01398624197473984
s11-122-44,u044,2025-06-25,regular,empirical,120,0.03414351851851849,0,0.001165779856824415,0.034740025702165826
s11-122-44,u044,2025-06-25,regular,hazard,30,0.012719461557110345,0,0.00016178470230280792,0.012801046457232837
s11-122-44,u044,2025-06-25,regular,hazard,60,0.030835904517403923,0,0.0009508530074064516,0.03132133624537008
s11-122-44,u044,2025-06-25,regular,hazard,120,0.09482148658489131,0,0.008991114318168724,0.0996231023415209
s11-122-44,u044,2025-06-25,regular,hazard_cal,30,0.009283982441397942,0,8.61923299721853e-05,0.009327347213591424
s11-122-44,u044,2025-06-25,regular,hazard_cal,60,0.022896283747374957,0,0.0005242398094403066,0.023162474689747692
s11-122-44,u044,2025-06-25,regular,hazard_cal,120,0.07358571180804518,0,0.005414856982296681,0.07643374893178918
s11-122-23,u023,2025-06-25,variable,empirical,30,0.0063657407407407,0,4.052265517832595e-05,0.006386088466525358
s11-122-23,u023,2025-06-25,variable,empirical,60,0.01388888888888884,0,0.00019290123456789987,0.01398624197473984
s11-122-23,u023,2025-06-25,variable,empirical,120,0.03414351851851849,0,0.001165779856824415,0.034740025702165826
s11-122-23,u023,2025-06-25,variable,hazard,30,0.0015051015835221282,0,2.265330776720818e-06,0.0015062353867126125
s11-122-23,u023,2025-06-25,variable,hazard,60,0.003681415985403391,0,1.3552823657583622e-05,0.003688209074481483
s11-122-23,u023,2025-06-25,variable,hazard,120,0.011696912613802013,0,0.00013681776469492063,0.011765859668626187
s11-122-23,u023,2025-06-25,variable,hazard_cal,30,0.0009510041135271097,0,9.044088239454837e-07,0.0009514566048425642
s11-122-23,u023,2025-06-25,variable,hazard_cal,60,0.0023613941974721664,0,5.5761825558552166e-06,0.002364186685726638
s11-122-23,u023,2025-06-25,variable,hazard_cal,120,0.0077907124132367,0,6.069519990576041e-05,0.007821218559559749
s11-122-0,u000,2025-06-25,variable,empirical,30,0.0063657407407407,0,4.052265517832595e-05,0.006386088466525358
s11-122-0,u000,2025-06-25,variable,empirical,60,0.01388888888888884,0,0.00019290123456789987,0.01398624197473984
s11-122-0,u000,2025-06-25,variable,empirical,120,0.03414351851851849,0,0.001165779856824415,0.034740025702165826
s11-122-0,u000,2025-06-25,variable,hazard,30,0.000988063349186663,0,9.762691820059657e-07,0.000988551805554729
s11-122-0,u000,2025-06-25,variable,hazard,60,0.002417751500218168,0,5.845522316807203e-06,0.002420678980942445
s11-122-0,u000,2025-06-25,variable,hazard,120,0.00769358696041722,0,5.919128031750188e-05,0.007723335279657883
s11-122-0,u000,2025-06-25,variable,hazard_cal,30,0.0006070371319233381,0,3.6849407953371214e-07,0.0006072214535602648
s11-122-0,u000,2025-06-25,variable,hazard_cal,60,0.0015077288458548166,0,2.2732462726226974e-06,0.0015088666127642599
s11-122-0,u000,2025-06-25,variable,hazard_cal,120,0.004979722356949989,0,2.4797634752307556e-05,0.004992162490450522
s11-122-41,u041,2025-06-25,regular,empirical,30,0.0063657407407407,0,4.052265517832595e-05,0.006386088466525358
s11-122-41,u041,2025-06-25,regular,empirical,60,0.01388888888888884,0,0.00019290123456789987,0.01398624197473984
s11-122-41,u041,2025-06-25,regular,empirical,120,0.03414351851851849,0,0.001165779856824415,0.034740025702165826
s11-122-41,u041,2025-06-25,regular,hazard,30,0.009155807098934599,0,8.382880363290119e-05,0.009197979110653615
s11-122-41,u041,2025-06-25,regular,hazard,60,0.022259355696344074,0,0.0004954789160163653,0.022510833989934472
s11-122-41,u041,2025-06-25,regular,hazard,120,0.0691593157028545,0,0.004783010948487096,0.07166713955224134
s11-122-41,u041,2025-06-25,regular,hazard_cal,30,0.006533532430594291,0,4.2687046021627345e-05,0.006554969377278359
s11-122-41,u041,2025-06-25,regular,hazard_cal,60,0.01614933907114746,0,0.00026080115243488997,0.016281160796440163
s11-122-41,u041,2025-06-25,regular,hazard_cal,120,0.05235060768386535,0,0.0027405861248699817,0.053770684463518785
s11-122-42,u042,2025-06-25,regular,empirical,30,0.0063657407407407,0,4.052265517832595e-05,0.006386088466525358
s11-122-42,u042,2025-06-25,regular,empirical,60,0.01388888888888884,0,0.00019290123456789987,0.01398624197473984
s11-122-42,u042,2025-06-25,regular,empirical,120,0.03414351851851849,0,0.001165779856824415,0.034740025702165826
s11-122-42,u042,2025-06-25,regular,hazard,30,0.0017370438138035738,0,3.0173212110732644e-06,0.0017385542237613827
s11-122-42,u042,2025-06-25,regular,hazard,60,0.004247956796876506,0,1.8045136948129307e-05,0.004257004998688995
s11-122-42,u042,2025-06-25,regular,hazard,120,0.013487770058800308,0,0.00018191994115907006,0.013579556291498273
s11-122-42,u042,2025-06-25,regular,hazard_cal,30,0.0011081120772974407,0,1.2279123758524491e-06,0.001108726487417488
s11-122-42,u042,2025-06-25,regular,hazard_cal,60,0.002751148974891926,0,7.5688206820488955e-06,0.0027549403405707257
s11-122-42,u042,2025-06-25,regular,hazard_cal,120,0.009072077324530636,0,8.230258698226295e-05,0.009113479208979073
s11-122-11,u011,2025-06-25,regular,empirical,30,0.0063657407407407,0,4.052265517832595e-05,0.006386088466525358
s11-122-11,u011,2025-06-25,regular,empirical,60,0.01388888888888884,0,0.00019290123456789987,0.01398624197473984
s11-122-11,u011,2025-06-25,regular,empirical,120,0.03414351851851849,0,0.001165779856824415,0.034740025702165826
s11-122-11,u011,2025-06-25,regular,hazard,30,0.003169806800342845,0,1.0047675151499744e-05,0.0031748412796180512
s11-122-11,u011,2025-06-25,regular,hazard,60,0.007743000871291983,0,5.9954062492828406e-05,0.00777313354821609
s11-122-11,u011,2025-06-25,regular,hazard,120,0.024481692039531544,0,0.0005993532451184622,0.02478635132422917
s11-122-11,u011,2025-06-25,regular,hazard_cal,30,0.0021052247044297534,0,4.431971056141343e-06,0.00210744380497502
s11-122-11,u011,2025-06-25,regular,hazard_cal,60,0.005222464277514383,0,2.727413312991382e-05,0.00523614901022462
s11-122-11,u011,2025-06-25,regular,hazard_cal,120,0.01716715279936265,0,0.0002947111352366649,0.017316216833547043
s11-122-18,u018,2025-06-25,regular,empirical,30,0.0063657407407407,0,4.052265517832595e-05,0.006386088466525358
s11-122-18,u018,2025-06-25,regular,empirical,60,0.01388888888888884,0,0.00019290123456789987,0.01398624197473984
s11-122-18,u018,2025-06-25,regular,empirical,120,0.03414351851851849,0,0.001165779856824415,0.034740025702165826
s11-122-18,u018,2025-06-25,regular,hazard,30,0.005217918081727113,0,2.7226669107614757e-05,0.005231578957890458
s11-122-18,u018,2025-06-25,regular,hazard,60,0.012725329964866416,0,0.00016193402271472712,0.01280699048729175
s11-122-18,u018,2025-06-25,regular,hazard,120,0.03999402093642479,0,0.0015995217106631843,0.040815766348426055
s11-122-18,u018,2025-06-25,regular,hazard_cal,30,0.0035838192253605516,0,1.2843760240063904e-05,0.0035902564900780125
s11-122-18,u018,2025-06-25,regular,hazard_cal,60,0.008879713258161503,0,7.884930754716919e-05,0.008919372863776033
s11-122-18,u018,2025-06-25,regular,hazard_cal,120,0.029053246828373513,0,0.0008440911512703957,0.029483649298822266
s11-122-28,u028,2025-06-25,variable,empirical,30,0.0063657407407407,0,4.052265517832595e-05,0.006386088466525358
s11-122-28,u028,2025-06-25,variable,empirical,60,0.01388888888888884,1,0.9724151234567903,4.276666119016059
s11-122-28,u028,2025-06-25,variable,empirical,120,0.03414351851851849,1,0.9328787428197874,3.3771825054582822
s11-122-28,u028,2025-06-25,variable,hazard,30,0.011686445885679575,0,0.00013657301743891706,0.011755269119196643
s11-122-28,u028,2025-06-25,variable,hazard,60,0.02835479290821341,1,0.9440944084644408,3.562959201079639
s11-122-28,u028,2025-06-25,variable,hazard,120,0.0874530556444364,1,0.8327419256526761,2.43665313651063
s11-122-28,u028,2025-06-25,variable,hazard_cal,30,0.008480277073601439,0,7.191509924505019e-05,0.0085164392116592
s11-122-28,u028,2025-06-25,variable,hazard_cal,60,0.020927916014523262,1,0.9585821456396644,3.866671316782906
s11-122-28,u028,2025-06-25,variable,hazard_cal,120,0.06742874692316414,1,0.8696891420652998,2.6966838397812376
s11-122-8,u008,2025-06-25,variable,empirical,30,0.0063657407407407,0,4.052265517832595e-05,0.006386088466525358
s11-122-8,u008,2025-06-25,variable,empirical,60,0.01388888888888884,0,0.00019290123456789987,0.01398624197473984
s11-122-8,u008,2025-06-25,variable,empirical,120,0.03414351851851849,0,0.001165779856824415,0.034740025702165826
s11-122-8,u008,2025-06-25,variable,hazard,30,0.007273892086192335,0,5.2909506081571484e-05,0.007300475829196974
s11-122-8,u008,2025-06-25,variable,hazard,60,0.017710503538737044,0,0.00031366193559561733,0.017869211159801966
s11-122-8,u008,2025-06-25,variable,hazard,120,0.05532851145132989,0,0.0030612441794199423,0.056918043091543434
s11-122-8,u008,2025-06-25,variable,hazard_cal,30,0.005109757412648075,0,2.6109620816111948e-05,0.005122856865460031
s11-122-8,u008,2025-06-25,variable,hazard_cal,60,0.01264480146385527,0,0.0001598910040603164,0.012725427352511403
s11-122-8,u008,2025-06-25,variable,hazard_cal,120,0.04117381289948452,0,0.0016952828686817578,0.04204546442471742
s11-122-21,u021,2025-06-25,variable,empirical,30,0.0063657407407407,0,4.052265517832595e-05,0.006386088466525358
s11-122-21,u021,2025-06-25,variable,empirical,60,0.01388888888888884,0,0.00019290123456789987,0.01398624197473984
s11-122-21,u021,2025-06-25,variable,empirical,120,0.03414351851851849,0,0.001165779856824415,0.034740025702165826
s11-122-21,u021,2025-06-25,variable,hazard,30,0.002921907684449443,0,8.537544516444705e-06,0.0029261847902784244
s11-122-21,u021,2025-06-25,variable,hazard,60,0.007138850423390686,0,5.0963185367545376e-05,0.007164453941968971
s11-122-21,u021,2025-06-25,variable,hazard,120,0.022587927945692754,0,0.0005102144888798077,0.022846943031128917
s11-122-21,u021,2025-06-25,variable,hazard_cal,30,0.0019300038016702992,0,3.7249146744618076e-06,0.001931868658848136
s11-122-21,u021,2025-06-25,variable,hazard_cal,60,0.004788475745557297,0,2.292949996579051e-05,0.004799977226604369
s11-122-21,u021,2025-06-25,variable,hazard_cal,120,0.015749277652533533,0,0.00024803974657659213,0.015874615252065717
s11-122-32,u032,2025-06-25,regular,empirical,30,0.0063657407407407,0,4.052265517832595e-05,0.006386088466525358
s11-122-32,u032,2025-06-25,regular,empirical,60,0.01388888888888884,0,0.00019290123456789987,0.01398624197473984
s11-122-32,u032,2025-06-25,regular,empirical,120,0.03414351851851849,0,0.001165779856824415,0.034740025702165826
s11-122-32,u032,2025-06-25,regular,hazard,30,0.002735774293045279,0,7.484460982487396e-06,0.0027395233628368493
s11-122-32,u032,2025-06-25,regular,hazard,60,0.006685071899827033,0,4.469018630585702e-05,0.006707517080671304
s11-122-32,u032,2025-06-25,regular,hazard,120,0.02116369675357177,0,0.0004479020602771443,0.021390858556643102
s11-122-32,u032,2025-06-25,regular,hazard_cal,30,0.0017990968191256007,0,3.2367493645878546e-06,0.0018007171375059687
s11-122-32,u032,2025-06-25,regular,hazard_cal,60,0.00446416318869014,0,1.992875297525612e-05,0.00447415731989096
s11-122-32,u032,2025-06-25,regular,hazard_cal,120,0.014688693614772874,0,0.0002157577201086694,0.014797640650808708
s11-122-34,u034,2025-06-25,regular,empirical,30,0.0063657407407407,0,4.052265517832595e-05,0.006386088466525358
s11-122-34,u034,2025-06-25,regular,empirical,60,0.01388888888888884,0,0.00019290123456789987,0.01398624197473984
s11-122-34,u034,2025-06-25,regular,empirical,120,0.03414351851851849,0,0.001165779856824415,0.034740025702165826
s11-122-34,u034,2025-06-25,regular,hazard,30,0.006242139174765571,0,3.8964301477143e-05,0.006261702780494526
s11-122-34,u034,2025-06-25,regular,hazard,60,0.01521082286487152,0,0.00023136913222649824,0.015327694083809544
s11-122-34,u034,2025-06-25,regular,hazard,120,0.047662685665559534,0,0.0022717316048539342,0.04883598516803544
s11-122-34,u034,2025-06-25,regular,hazard_cal,30,0.004339638212240149,0,1.8832459813134876e-05,0.004349081773141785
s11-122-34,u034,2025-06-25,regular,hazard_cal,60,0.010745790515065856,0,0.00011547201379367931,0.010803943497014796
s11-122-34,u034,2025-06-25,regular,hazard_cal,120,0.035075177351254316,0,0.0012302680662219438,0.03570508466876175
s11-122-37,u037,2025-06-25,regular,empirical,30,0.0063657407407407,0,4.052265517832595e-05,0.006386088466525358
s11-122-37,u037,2025-06-25,regular,empirical,60,0.01388888888888884,0,0.00019290123456789987,0.01398624197473984
s11-122-37,u037,2025-06-25,regular,empirical,120,0.03414351851851849,0,0.001165779856824415,0.034740025702165826
s11-122-37,u037,2025-06-25,regular,hazard,30,0.0007422880635199469,0,5.509915692441927e-07,0.0007425636957120004
s11-122-37,u037,2025-06-25,regular,hazard,60,0.0018167026692275101,0,3.30040858837836e-06,0.0018183548748692013
s11-122-37,u037,2025-06-25,regular,hazard,120,0.005785160068673023,0,3.346807702016886e-05,0.005801958927907688
s11-122-37,u037,2025-06-25,regular,hazard_cal,30,0.00044743940123670445,0,2.0020201777906058e-07,0.00044753953211504143
s11-122-37,u037,2025-06-25,regular,hazard_cal,60,0.0011114726102766648,0,1.2353713633952227e-06,0.0011120907540340488
s11-122-37,u037,2025-06-25,regular,hazard_cal,120,0.00367282559725568,0,1.3489647867856543e-05,0.0036795869818576667
s11-122-40,u040,2025-06-25,regular,empirical,30,0.0063657407407407,0,4.052265517832595e-05,0.006386088466525358
s11-122-40,u040,2025-06-25,regular,empirical,60,0.01388888888888884,0,0.00019290123456789987,0.01398624197473984
s11-122-40,u040,2025-06-25,regular,empirical,120,0.03414351851851849,0,0.001165779856824415,0.034740025702165826
s11-122-40,u040,2025-06-25,regular,hazard,30,0.003533034584574768,0,1.2482333375801403e-05,0.0035392904904970883
s11-122-40,u040,2025-06-25,regular,hazard,60,0.008627787629159944,0,7.443871937388537e-05,0.008665222464245788
s11-122-40,u040,2025-06-25,regular,hazard,120,0.02725014324410835,0,0.0007425703068244238,0.027628314374342662
s11-122-40,u040,2025-06-25,regular,hazard_cal,30,0.0023636303154415117,0,5.58674826807414e-06,0.002366428099062462
s11-122-40,u040,2025-06-25,regular,hazard_cal,60,0.0058622586456005266,0,3.436607642791812e-05,0.005879509134739003
s11-122-40,u040,2025-06-25,regular,hazard_cal,120,0.019254539971319984,0,0.00037073730950715894,0.019442322984321105
s11-122-57,u057,2025-06-25,new,empirical,30,0.0063657407407407,0,4.052265517832595e-05,0.006386088466525358
s11-122-57,u057,2025-06-25,new,empirical,60,0.01388888888888884,0,0.00019290123456789987,0.01398624197473984
s11-122-57,u057,2025-06-25,new,empirical,120,0.03414351851851849,0,0.001165779856824415,0.034740025702165826
s11-122-57,u057,2025-06-25,new,hazard,30,0.0022362462389136084,0,5.00079724105526e-06,0.0022387503714686756
s11-122-57,u057,2025-06-25,new,hazard,60,0.00546659949251993,0,2.9883710011619158e-05,0.005481596025856942
s11-122-57,u057,2025-06-25,new,hazard,120,0.01733165269778103,0,0.0003003861852365005,0.017483604062069256
s11-122-57,u057,2025-06-25,new,hazard_cal,30,0.0014508691333693369,0,2.1050212421638906e-06,0.0014519226631362666
s11-122-57,u057,2025-06-25,new,hazard_cal,60,0.003601116636355761,0,1.2968041028638232e-05,0.0036076162655101834
s11-122-57,u057,2025-06-25,new,hazard_cal,120,0.011862020793990125,0,0.0001407075373170541,0.011932935918318639
s11-122-17,u017,2025-06-25,variable,empirical,30,0.0063657407407407,0,4.052265517832595e-05,0.006386088466525358
s11-122-17,u017,2025-06-25,variable,empirical,60,0.01388888888888884,0,0.00019290123456789987,0.01398624197473984
s11-122-17,u017,2025-06-25,variable,empirical,120,0.03414351851851849,0,0.001165779856824415,0.034740025702165826
s11-122-17,u017,2025-06-25,variable,hazard,30,0.0007311293440585009,0,5.345501177434139e-07,0.0007313967494639428
s11-122-17,u017,2025-06-25,variable,hazard,60,0.001789408223324629,0,3.201981789701805e-06,0.0017910111266705082
s11-122-17,u017,2025-06-25,variable,hazard,120,0.005698430134780885,0,3.24721060009789e-05,0.00571472813260738
s11-122-17,u017,2025-06-25,variable,hazard_cal,30,0.0004402691769497258,0,1.9383694817198894e-07,0.0004403661238800195
s11-122-17,u017,2025-06-25,variable,hazard_cal,60,0.0010936676402996115,0,1.1961089074385205e-06,0.0010942661311598486
s11-122-17,u017,2025-06-25,variable,hazard_cal,120,0.0036140717779119536,0,1.3061514815899669e-05,0.003620618313178407
s11-122-27,u027,2025-06-25,variable,empirical,30,0.0063657407407407,0,4.052265517832595e-05,0.006386088466525358
s11-122-27,u027,2025-06-25,variable,empirical,60,0.01388888888888884,0,0.00019290123456789987,0.01398624197473984
s11-122-27,u027,2025-06-25,variable,empirical,120,0.03414351851851849,0,0.001165779856824415,0.034740025702165826
s11-122-27,u027,2025-06-25,variable,hazard,30,0.0036937874441813623,0,1.3644065682791881e-05,0.0037006263231270115
s11-122-27,u027,2025-06-25,variable,hazard,60,0.009019202818447924,0,8.134601948029898e-05,0.009060122053257924
s11-122-27,u027,2025-06-25,variable,hazard,120,0.02847296974445812,0,0.0008107100060688276,0.028886187334467784
s11-122-27,u027,2025-06-25,variable,hazard_cal,30,0.002478581855670736,0,6.14336801526019e-06,0.0024816586247458547
s11-122-27,u027,2025-06-25,variable,hazard_cal,60,0.006146783864245942,0,3.778295187375427e-05,0.006165753113380996
s11-122-27,u027,2025-06-25,variable,hazard_cal,120,0.020181730822709465,0,0.00040730225900030125,0.02038816412858043
s11-122-52,u052,2025-06-25,regular,empirical,30,0.0063657407407407,0,4.052265517832595e-05,0.006386088466525358
s11-122-52,u052,2025-06-25,regular,empirical,60,0.01388888888888884,0,0.00019290123456789987,0.01398624197473984
s11-122-52,u052,2025-06-25,regular,empirical,120,0.03414351851851849,0,0.001165779856824415,0.034740025702165826
s11-122-52,u052,2025-06-25,regular,hazard,30,0.0018040591154002694,0,3.2546292918588027e-06,0.0018056883898793933
s11-122-52,u052,2025-06-25,regular,hazard,60,0.004411609223039625,0,1.9462295936808287e-05,0.004421369086053463
s11-122-52,u052,2025-06-25,regular,hazard,120,0.014004625845769003,0,0.00019612954507998117,0.014103615917655974
s11-122-52,u052,2025-06-25,regular,hazard_cal,30,0.0011537775538582595,0,1.331202643787149e-06,0.0011544436675941642
s11-122-52,u052,2025-06-25,regular,hazard_cal,60,0.002864417525049623,0,8.204887757811407e-06,0.0028685278198719946
s11-122-52,u052,2025-06-25,regular,hazard_cal,120,0.009444221654452023,0,8.91933226584205e-05,0.009489101106959028
s11-122-10,u010,2025-06-25,variable,empirical,30,0.0063657407407407,0,4.052265517832595e-05,0.006386088466525358
s11-122-10,u010,2025-06-25,variable,empirical,60,0.01388888888888884,0,0.00019290123456789987,0.01398624197473984
s11-122-10,u010,2025-06-25,variable,empirical,120,0.03414351851851849,0,0.001165779856824415,0.034740025702165826
s11-122-10,u010,2025-06-25,variable,hazard,30,0.0009066107419715141,0,8.219430374581394e-07,0.0009070219620533924
s11-122-10,u010,2025-06-25,variable,hazard,60,0.0022185832949187523,0,4.922111836492547e-06,0.00222104799694293
s11-122-10,u010,2025-06-25,variable,hazard,120,0.007061502224262384,0,4.986481366326259e-05,0.007086552629748932
s11-122-10,u010,2025-06-25,variable,hazard_cal,30,0.0005538129689256488,0,3.0670880455024163e-07,0.0005539663799712231
s11-122-10,u010,2025-06-25,variable,hazard_cal,60,0.0013755930352363777,0,1.89225619859083e-06,0.001376540031889967
s11-122-10,u010,2025-06-25,variable,hazard_cal,120,0.004544070914069942,0,2.064858047209644e-05,0.004554426587490564
s11-122-20,u020,2025-06-25,variable,empirical,30,0.0063657407407407,0,4.052265517832595e-05,0.006386088466525358
s11-122-20,u020,2025-06-25,variable,empirical,60,0.01388888888888884,0,0.00019290123456789987,0.01398624197473984
s11-122-20,u020,2025-06-25,variable,empirical,120,0.03414351851851849,0,0.001165779856824415,0.034740025702165826
s11-122-20,u020,2025-06-25,variable,hazard,30,0.0014920574906318596,0,2.2262355553506414e-06,0.001493171716873859
s11-122-20,u020,2025-06-25,variable,hazard,60,0.003649548370037392,0,1.3319203305242586e-05,0.0036562242191957605
s11-122-20,u020,2025-06-25,variable,hazard,120,0.011596105065745821,0,0.0001344696526958159,0.011663864229701549
s11-122-20,u020,2025-06-25,variable,hazard_cal,30,0.0009422146139369536,0,8.877683787163625e-07,0.0009426587771462736
s11-122-20,u020,2025-06-25,variable,hazard_cal,60,0.002339586178461639,0,5.473663486448736e-06,0.0023423272864116374
s11-122-20,u020,2025-06-25,variable,hazard_cal,120,0.0077189782443666255,0,5.958262513700527e-05,0.007748923755635925
s11-122-35,u035,2025-06-25,variable,empirical,30,0.0063657407407407,0,4.052265517832595e-05,0.006386088466525358
s11-122-35,u035,2025-06-25,variable,empirical,60,0.01388888888888884,0,0.00019290123456789987,0.01398624197473984
s11-122-35,u035,2025-06-25,variable,empirical,120,0.03414351851851849,0,0.001165779856824415,0.034740025702165826
s11-122-35,u035,2025-06-25,variable,hazard,30,0.004628064167639501,0,2.1418977939788703e-05,0.004638806814530276
s11-122-35,u035,2025-06-25,variable,hazard,60,0.011292085506510507,0,0.00012751119508634467,0.011356325161671304
s11-122-35,u035,2025-06-25,variable,hazard,120,0.03555084255551111,0,0.0012638624064067396,0.03619816192470255
s11-122-35,u035,2025-06-25,variable,hazard_cal,30,0.003153036313180535,0,9.9416379922351e-06,0.0031580176057300524
s11-122-35,u035,2025-06-25,variable,hazard_cal,60,0.007815100204152325,0,6.107579120094171e-05,0.007845798142660645
s11-122-35,u035,2025-06-25,variable,hazard_cal,120,0.025604738045336806,0,0.000655602610370318,0.025938244564329062
s11-122-4,u004,2025-06-25,regular,empirical,30,0.0063657407407407,0,4.052265517832595e-05,0.006386088466525358
s11-122-4,u004,2025-06-25,regular,empirical,60,0.01388888888888884,0,0.00019290123456789987,0.01398624197473984
s11-122-4,u004,2025-06-25,regular,empirical,120,0.03414351851851849,0,0.001165779856824415,0.034740025702165826
s11-122-4,u004,2025-06-25,regular,hazard,30,0.005042273230604022,0,2.542451933206592e-05,0.005055028384983966
s11-122-4,u004,2025-06-25,regular,hazard,60,0.01229868334417572,0,0.00015125761200030527,0.01237493801657553
s11-122-4,u004,2025-06-25,regular,hazard,120,0.038672995868196614,0,0.0014956006094215524,0.03944065304120981
s11-122-4,u004,2025-06-25,regular,hazard_cal,30,0.003455174526581284,0,1.1938231009136199e-05,0.0034611574273721887
s11-122-4,u004,2025-06-25,regular,hazard_cal,60,0.008561866417251207,0,7.330555654685402e-05,0.008598729759012982
s11-122-4,u004,2025-06-25,regular,hazard_cal,120,0.02802465936165721,0,0.0007853815323369212,0.02842484455715371
s11-122-6,u006,2025-06-25,regular,empirical,30,0.0063657407407407,0,4.052265517832595e-05,0.006386088466525358
s11-122-6,u006,2025-06-25,regular,empirical,60,0.01388888888888884,0,0.00019290123456789987,0.01398624197473984
s11-122-6,u006,2025-06-25,regular,empirical,120,0.03414351851851849,0,0.001165779856824415,0.034740025702165826
s11-122-6,u006,2025-06-25,regular,hazard,30,0.002746467099430161,0,7.5430815282523215e-06,0.0027502455600585474
s11-122-6,u006,2025-06-25,regular,hazard,60,0.006711143745827042,0,4.503945037715342e-05,0.006733764736300309
s11-122-6,u006,2025-06-25,regular,hazard,120,0.021245568294869455,0,0.00045137417217196217,0.02147450376387018
s11-122-6,u006,2025-06-25,regular,hazard_cal,30,0.0018066010992596748,0,3.2638075318462654e-06,0.0018082349711586543
s11-122-6,u006,2025-06-25,regular,hazard_cal,60,0.0044827563727465325,0,2.009510469739965e-05,0.004492834053564819
s11-122-6,u006,2025-06-25,regular,hazard_cal,120,0.014749521823114065,0,0.00021754839401051803,0.014859377571555933
s11-122-38,u038,2025-06-25,regular,empirical,30,0.0063657407407407,0,4.052265517832595e-05,0.006386088466525358
s11-122-38,u038,2025-06-25,regular,empirical,60,0.01388888888888884,0,0.00019290123456789987,0.01398624197473984
s11-122-38,u038,2025-06-25,regular,empirical,120,0.03414351851851849,0,0.001165779856824415,0.034740025702165826
s11-122-38,u038,2025-06-25,regular,hazard,30,0.0013089458653685604,0,1.7133392784654494e-06,0.001309803283298567
s11-122-38,u038,2025-06-25,regular,hazard,60,0.00320212454628932,0,1.0253601609948583e-05,0.0032072623178823604
s11-122-38,u038,2025-06-25,regular,hazard,120,0.01017994021225821,0,0.00010363118272515171,0.010232110163610173
s11-122-38,u038,2025-06-25,regular,hazard_cal,30,0.000819392946781683,0,6.714048012355699e-07,0.0008197288326765236
s11-122-38,u038,2025-06-25,regular,hazard_cal,60,0.0020348151246911694,0,4.140472591671939e-06,0.00203688817364529
s11-122-38,u038,2025-06-25,regular,hazard_cal,120,0.0067160615387777955,0,4.5105482592650374e-05,0.006738715768514025
s11-122-53,u053,2025-06-25,regular,empirical,30,0.0063657407407407,0,4.052265517832595e-05,0.006386088466525358
s11-122-53,u053,2025-06-25,regular,empirical,60,0.01388888888888884,0,0.00019290123456789987,0.01398624197473984
s11-122-53,u053,2025-06-25,regular,empirical,120,0.03414351851851849,0,0.001165779856824415,0.034740025702165826
s11-122-53,u053,2025-06-25,regular,hazard,30,0.0008492584726307317,0,7.212399533350833e-07,0.0008496192969105815
s11-122-53,u053,2025-06-25,regular,hazard,60,0.0020783299023937607,0,4.319455183184059e-06,0.002080492627075168
s11-122-53,u053,2025-06-25,regular,hazard,120,0.006616208665210066,0,4.377421710160076e-05,0.006638192795140853
s11-122-53,u053,2025-06-25,regular,hazard_cal,30,0.0005165266111408773,0,2.66799740016679e-07,0.000516660056965077
s11-122-53,u053,2025-06-25,regular,hazard_cal,60,0.0012830180317803253,0,1.6461352698734597e-06,0.0012838418041004763
s11-122-53,u053,2025-06-25,regular,hazard_cal,120,0.004238763724581318,0,1.7967117912826488e-05,0.004247772750639251
s11-123-10,u010,2025-06-26,variable,empirical,30,0.0063657407407407,0,4.052265517832595e-05,0.006386088466525358
s11-123-10,u010,2025-06-26,variable,empirical,60,0.01388888888888884,0,0.00019290123456789987,0.01398624197473984
s11-123-10,u010,2025-06-26,variable,empirical,120,0.03414351851851849,0,0.001165779856824415,0.034740025702165826
s11-123-10,u010,2025-06-26,variable,hazard,30,0.0006442882415850226,0,4.1510733824472047e-07,0.0006444958844468381
s11-123-10,u010,2025-06-26,variable,hazard,60,0.0015769767025356485,0,2.4868555203402073e-06,0.0015782214390816236
s11-123-10,u010,2025-06-26,variable,hazard,120,0.005023219624782915,0,2.5232735398804212e-05,0.005035878402154602
s11-123-10,u010,2025-06-26,variable,hazard_cal,30,0.0003847258671488829,0,1.480139928534599e-07,0.0003847998931323923
s11-123-10,u010,2025-06-26,variable,hazard_cal,60,0.0009557364489086728,0,9.134321597725602e-07,0.0009561934561974446
s11-123-10,u010,2025-06-26,variable,hazard_cal,120,0.003158828298391647,0,9.97819621871987e-06,0.003163827927924702
s11-123-18,u018,2025-06-26,regular,empirical,30,0.0063657407407407,0,4.052265517832595e-05,0.006386088466525358
s11-123-18,u018,2025-06-26,regular,empirical,60,0.01388888888888884,0,0.00019290123456789987,0.01398624197473984
s11-123-18,u018,2025-06-26,regular,empirical,120,0.03414351851851849,0,0.001165779856824415,0.034740025702165826
s11-123-18,u018,2025-06-26,regular,hazard,30,0.004290506262972449,0,1.8408443992605807e-05,0.004299736897159697
s11-123-18,u018,2025-06-26,regular,hazard,60,0.010471272969037715,0,0.00010964755759209992,0.01052648249538252
s11-123-18,u018,2025-06-26,regular,hazard,120,0.03299928808593455,0,0.001088953014178502,0.03355604732015256
s11-123-18,u018,2025-06-26,regular,hazard_cal,30,0.002908169260191551,0,8.457448445923073e-06,0.0029124062009021887
s11-123-18,u018,2025-06-26,regular,hazard_cal,60,0.007209614912336626,0,5.1978547184186656e-05,0.007235729780393323
s11-123-18,u018,2025-06-26,regular,hazard_cal,120,0.0236392365621374,0,0.0005588135052406936,0.023923126197168285
s11-123-42,u042,2025-06-26,regular,empirical,30,0.0063657407407407,0,4.052265517832595e-05,0.006386088466525358
s11-123-42,u042,2025-06-26,regular,empirical,60,0.01388888888888884,0,0.00019290123456789987,0.01398624197473984
s11-123-42,u042,2025-06-26,regular,empirical,120,0.03414351851851849,0,0.001165779856824415,0.034740025702165826
s11-123-42,u042,2025-06-26,regular,hazard,30,0.0017123899994858638,0,2.9322795103391967e-06,0.0017138578151289178
s11-123-42,u042,2025-06-26,regular,hazard,60,0.004187747418252119,0,1.7537228439077287e-05,0.00419654059011312
s11-123-42,u042,2025-06-26,regular,hazard,120,0.013297562196579737,0,0.00017682516037190654,0.013386766458826785
s11-123-42,u042,2025-06-26,regular,hazard_cal,30,0.0010913420510918481,0,1.191027472481362e-06,0.0010919379984558235
s11-123-42,u042,2025-06-26,regular,hazard_cal,60,0.002709550517348558,0,7.341664006063838e-06,0.002713227993725708
s11-123-42,u042,2025-06-26,regular,hazard_cal,120,0.00893537834096525,0,7.98409860961909e-05,0.008975538242275748
s11-123-30,u030,2025-06-26,variable,empirical,30,0.0063657407407407,0,4.052265517832595e-05,0.006386088466525358
s11-123-30,u030,2025-06-26,variable,empirical,60,0.01388888888888884,0,0.00019290123456789987,0.01398624197473984
s11-123-30,u030,2025-06-26,variable,empirical,120,0.03414351851851849,0,0.001165779856824415,0.034740025702165826
s11-123-30,u030,2025-06-26,variable,hazard,30,0.002190231865508596,0,4.7971156246892656e-06,0.002192633931349287
s11-123-30,u030,2025-06-26,variable,hazard,60,0.005354310501136883,0,2.86686409425847e-05,0.00536869619490008
s11-123-30,u030,2025-06-26,variable,hazard,120,0.01697794025603694,0,0.00028825045533755964,0.017123717841641198
s11-123-30,u030,2025-06-26,variable,hazard_cal,30,0.0014190392663703255,0,2.0136724395008315e-06,0.0014200470560983677
s11-123-30,u030,2025-06-26,variable,hazard_cal,60,0.0035222050908545466,0,1.2405928702041685e-05,0.003528422659199482
s11-123-30,u030,2025-06-26,variable,hazard_cal,120,0.011603256005450757,0,0.00013463554992802906,0.011671099091492006
s11-123-41,u041,2025-06-26,regular,empirical,30,0.0063657407407407,0,4.052265517832595e-05,0.006386088466525358
s11-123-41,u041,2025-06-26,regular,empirical,60,0.01388888888888884,0,0.00019290123456789987,0.01398624197473984
s11-123-41,u041,2025-06-26,regular,empirical,120,0.03414351851851849,0,0.001165779856824415,0.034740025702165826
s11-123-41,u041,2025-06-26,regular,hazard,30,0.0034204228957581684,0,1.1699292785826693e-05,0.003426285915306315
s11-123-41,u041,2025-06-26,regular,hazard,60,0.008353531302820572,0,6.978148522720316e-05,0.008388617578264299
s11-123-41,u041,2025-06-26,regular,hazard,120,0.026392643757438994,0,0.0006965716445070834,0.02674718162396927
s11-123-41,u041,2025-06-26,regular,hazard_cal,30,0.0022833143878598916,0,5.213524593807991e-06,0.0022859251250030134
s11-123-41,u041,2025-06-26,regular,hazard_cal,60,0.005663430917140055,0,3.207444975321785e-05,0.005679528950856841
s11-123-41,u041,2025-06-26,regular,hazard_cal,120,0.01860621279763197,0,0.00034619115467076375,0.018781485892155565
s11-123-8,u008,2025-06-26,variable,empirical,30,0.0063657407407407,0,4.052265517832595e-05,0.006386088466525358
s11-123-8,u008,2025-06-26,variable,empirical,60,0.01388888888888884,0,0.00019290123456789987,0.01398624197473984
s11-123-8,u008,2025-06-26,variable,empirical,120,0.03414351851851849,0,0.001165779856824415,0.034740025702165826
s11-123-8,u008,2025-06-26,variable,hazard,30,0.010391151768910145,0,0.00010797603508452444,0.010445516724055855
s11-123-8,u008,2025-06-26,variable,hazard,60,0.02523794950235403,0,0.000636954095083372,0.025561888541170776
s11-123-8,u008,2025-06-26,variable,hazard,120,0.07813283856385489,0,0.00610474046204541,0.08135414233902917
s11-123-8,u008,2025-06-26,variable,hazard_cal,30,0.00747966901873065,0,5.594544862975913e-05,0.007507782014709939
s11-123-8,u008,2025-06-26,variable,hazard_cal,60,0.01847367924756227,0,0.00034127682494181283,0.018646448760757297
s11-123-8,u008,2025-06-26,variable,hazard_cal,120,0.05970798148605905,0,0.00356504305313957,0.061564793968736375
s11-123-14,u014,2025-06-26,variable,empirical,30,0.0063657407407407,0,4.052265517832595e-05,0.006386088466525358
s11-123-14,u014,2025-06-26,variable,empirical,60,0.01388888888888884,0,0.00019290123456789987,0.01398624197473984
s11-123-14,u014,2025-06-26,variable,empirical,120,0.03414351851851849,0,0.001165779856824415,0.034740025702165826
s11-123-14,u014,2025-06-26,variable,hazard,30,0.0034206923091915087,0,1.1701135874161937e-05,0.003426556253446837
s11-123-14,u014,2025-06-26,variable,hazard,60,0.008354187495143495,0,6.979244870401193e-05,0.008389279298505074
s11-123-14,u014,2025-06-26,variable,hazard,120,0.02639469611113754,0,0.0006966799827992992,0.026749289615295095
s11-123-14,u014,2025-06-26,variable,hazard_cal,30,0.0022835063244696086,0,5.214401133892701e-06,0.0022861175008858136
s11-123-14,u014,2025-06-26,variable,hazard_cal,60,0.005663906100829452,0,3.207983231901309e-05,0.00568000684115849
s11-123-14,u014,2025-06-26,variable,hazard_cal,120,0.01860776264572883,0,0.00034624883067978126,0.018783065125018924
s11-123-40,u040,2025-06-26,regular,empirical,30,0.0063657407407407,0,4.052265517832595e-05,0.006386088466525358
s11-123-40,u040,2025-06-26,regular,empirical,60,0.01388888888888884,0,0.00019290123456789987,0.01398624197473984
s11-123-40,u040,2025-06-26,regular,empirical,120,0.03414351851851849,0,0.001165779856824415,0.034740025702165826
s11-123-40,u040,2025-06-26,regular,hazard,30,0.0028517172761087783,0,8.13229142285727e-06,0.0028557911687235385
s11-123-40,u040,2025-06-26,regular,hazard,60,0.0069677474819646035,0,4.854950497242407e-05,0.006992135587248624
s11-123-40,u040,2025-06-26,regular,hazard,120,0.022051087126959468,0,0.00048625044348075757,0.02229784663781854
s11-123-40,u040,2025-06-26,regular,hazard_cal,30,0.001880570785944058,0,3.536546480946252e-06,0.0018823412792246979
s11-123-40,u040,2025-06-26,regular,hazard_cal,60,0.004666017184458915,0,2.17717163656659e-05,0.004676937023988628
s11-123-40,u040,2025-06-26,regular,hazard_cal,120,0.015348910673675054,0,0.00023558905886845598,0.01546792459638856
s11-123-53,u053,2025-06-26,regular,empirical,30,0.0063657407407407,0,4.052265517832595e-05,0.006386088466525358
s11-123-53,u053,2025-06-26,regular,empirical,60,0.01388888888888884,0,0.00019290123456789987,0.01398624197473984
s11-123-53,u053,2025-06-26,regular,empirical,120,0.03414351851851849,0,0.001165779856824415,0.034740025702165826
s11-123-53,u053,2025-06-26,regular,hazard,30,0.0008845597500962699,0,7.824459514903754e-07,0.0008849512039319107
s11-123-53,u053,2025-06-26,regular,hazard,60,0.002164659710381489,0,4.685751661748872e-06,0.002167005972730232
s11-123-53,u053,2025-06-26,regular,hazard,120,0.006890316878648717,0,4.74764666881914e-05,0.006914164721253905
s11-123-53,u053,2025-06-26,regular,hazard_cal,30,0.0005394577722863669,0,2.9101468808016973e-07,0.0005396033319816336
s11-123-53,u053,2025-06-26,regular,hazard_cal,60,0.0013399524528235895,0,1.7954725758279539e-06,0.0013408509918675928
s11-123-53,u053,2025-06-26,regular,hazard_cal,120,0.0044265388132113115,0,1.9594245864866205e-05,0.0044363649440318
s11-123-52,u052,2025-06-26,regular,empirical,30,0.0063657407407407,0,4.052265517832595e-05,0.006386088466525358
s11-123-52,u052,2025-06-26,regular,empirical,60,0.01388888888888884,0,0.00019290123456789987,0.01398624197473984
s11-123-52,u052,2025-06-26,regular,empirical,120,0.03414351851851849,0,0.001165779856824415,0.034740025702165826
s11-123-52,u052,2025-06-26,regular,hazard,30,0.0009934043486446997,0,9.868521999062e-07,0.0009938981017694048
s11-123-52,u052,2025-06-26,regular,hazard,60,0.002430810433275643,0,5.908839362521719e-06,0.0024337696494586315
s11-123-52,u052,2025-06-26,regular,hazard,120,0.00773502048107344,0,5.983054184262559e-05,0.007765090915980771
s11-123-52,u052,2025-06-26,regular,hazard_cal,30,0.0006105376721554645,0,3.7275624912101344e-07,0.0006107241261753563
s11-123-52,u052,2025-06-26,regular,hazard_cal,60,0.0015164189835835673,0,2.299526533772619e-06,0.001517569910522578
s11-123-52,u052,2025-06-26,regular,hazard_cal,120,0.0050083685652438925,0,2.5083755685323165e-05,0.005020952477249301
s11-123-54,u054,2025-06-26,new,empirical,30,0.0063657407407407,0,4.052265517832595e-05,0.006386088466525358
s11-123-54,u054,2025-06-26,new,empirical,60,0.01388888888888884,0,0.00019290123456789987,0.01398624197473984
s11-123-54,u054,2025-06-26,new,empirical,120,0.03414351851851849,0,0.001165779856824415,0.034740025702165826
s11-123-54,u054,2025-06-26,new,hazard,30,0.008218768981356983,0,6.754816356891571e-05,0.008252729265632315
s11-123-54,u054,2025-06-26,new,hazard,60,0.019996107455576784,0,0.00039984431337497343,0.020198735341302433
s11-123-54,u054,2025-06-26,new,hazard,120,0.06229708648989596,0,0.0038809269851295776,0.06432210348011756
s11-123-54,u054,2025-06-26,new,hazard_cal,30,0.0058217605632060465,0,3.3892896055301186e-05,0.0058387730718683865
s11-123-54,u054,2025-06-26,new,hazard_cal,60,0.014398376759399145,0,0.00020731325330560543,0.014503039247459487
s11-123-54,u054,2025-06-26,new,hazard_cal,120,0.04677898697887484,0,0.0021882736227697417,0.04790848928680351
s11-123-1,u001,2025-06-26,regular,empirical,30,0.0063657407407407,0,4.052265517832595e-05,0.006386088466525358
s11-123-1,u001,2025-06-26,regular,empirical,60,0.01388888888888884,0,0.00019290123456789987,0.01398624197473984
s11-123-1,u001,2025-06-26,regular,empirical,120,0.03414351851851849,0,0.001165779856824415,0.034740025702165826
s11-123-1,u001,2025-06-26,regular,hazard,30,0.0022023335694093538,0,4.850273150947345e-06,0.00220476227251629
s11-123-1,u001,2025-06-26,regular,hazard,60,0.005383843113683007,0,2.8985766672751934e-05,0.005398388226245233
s11-123-1,u001,2025-06-26,regular,hazard,120,0.017070977845250024,0,0.00029141828459301717,0.017218366777862627
s11-123-1,u001,2025-06-26,regular,hazard_cal,30,0.0014274061367983704,0,2.037488279369648e-06,0.0014284258514181726
s11-123-1,u001,2025-06-26,regular,hazard_cal,60,0.003542948354643194,0,1.2552483043668915e-05,0.0035492394599345974
s11-123-1,u001,2025-06-26,regular,hazard_cal,120,0.011671281864463756,0,0.00013621882035976058,0.011739925906690258
s11-123-26,u026,2025-06-26,regular,empirical,30,0.0063657407407407,0,4.052265517832595e-05,0.006386088466525358
s11-123-26,u026,2025-06-26,regular,empirical,60,0.01388888888888884,0,0.00019290123456789987,0.01398624197473984
s11-123-26,u026,2025-06-26,regular,empirical,120,0.03414351851851849,0,0.001165779856824415,0.034740025702165826
s11-123-26,u026,2025-06-26,regular,hazard,30,0.002052231786236036,0,4.211655304437552e-06,0.0020543404994276876
s11-123-26,u026,2025-06-26,regular,hazard,60,0.0050174994270059114,0,2.517530050000465e-05,0.005030129342028815
s11-123-26,u026,2025-06-26,regular,hazard,120,0.015916403158772074,0,0.00025333188951256964,0.016044429398992793
s11-123-26,u026,2025-06-26,regular,hazard_cal,30,0.0013238532451780305,0,1.7525874147684025e-06,0.0013247303130436317
s11-123-26,u026,2025-06-26,regular,hazard_cal,60,0.003286198600502388,0,1.0799101241943854e-05,0.0032916100096858276
s11-123-26,u026,2025-06-26,regular,hazard_cal,120,0.010829037542187114,0,0.00011726805409009794,0.010888098337289742
s11-123-27,u027,2025-06-26,variable,empirical,30,0.0063657407407407,0,4.052265517832595e-05,0.006386088466525358
s11-123-27,u027,2025-06-26,variable,empirical,60,0.01388888888888884,0,0.00019290123456789987,0.01398624197473984
s11-123-27,u027,2025-06-26,variable,empirical,120,0.03414351851851849,0,0.001165779856824415,0.034740025702165826
s11-123-27,u027,2025-06-26,variable,hazard,30,0.004326525629007927,0,1.871882401846244e-05,0.004335912124744
s11-123-27,u027,2025-06-26,variable,hazard,60,0.010558879351979633,0,0.00011148993316966184,0.010615019855465995
s11-123-27,u027,2025-06-26,variable,hazard,120,0.03327186096562851,0,0.001107016732116114,0.033837961593051274
s11-123-27,u027,2025-06-26,variable,hazard_cal,30,0.002934237009385998,0,8.609746827250487e-06,0.002938550322387761
s11-123-27,u027,2025-06-26,variable,hazard_cal,60,0.00727408443587263,0,5.2912304380204436e-05,0.007300669588278553
s11-123-27,u027,2025-06-26,variable,hazard_cal,120,0.023848660087742113,0,0.0005687585879806637,0.024137643204308452
s11-123-34,u034,2025-06-26,regular,empirical,30,0.0063657407407407,0,4.052265517832595e-05,0.006386088466525358
s11-123-34,u034,2025-06-26,regular,empirical,60,0.01388888888888884,0,0.00019290123456789987,0.01398624197473984
s11-123-34,u034,2025-06-26,regular,empirical,120,0.03414351851851849,0,0.001165779856824415,0.034740025702165826
s11-123-34,u034,2025-06-26,regular,hazard,30,0.0072425855918450965,0,5.2455046055202185e-05,0.007268940443485768
s11-123-34,u034,2025-06-26,regular,hazard,60,0.017634716040843768,0,0.00031098320984119246,0.01779206020311873
s11-123-34,u034,2025-06-26,regular,hazard,120,0.055096777428704335,0,0.0030356548830281836,0.05667276671011899
s11-123-34,u034,2025-06-26,regular,hazard_cal,30,0.005086272276282666,0,2.5870165668481654e-05,0.005099251388019127
s11-123-34,u034,2025-06-26,regular,hazard_cal,60,0.012586925646956626,0,0.0001584306972420145,0.012666812052974976
s11-123-34,u034,2025-06-26,regular,hazard_cal,120,0.04098838555611484,0,0.0016800477504967234,0.04185209317736985
s11-123-49,u049,2025-06-26,variable,empirical,30,0.0063657407407407,0,4.052265517832595e-05,0.006386088466525358
s11-123-49,u049,2025-06-26,variable,empirical,60,0.01388888888888884,0,0.00019290123456789987,0.01398624197473984
s11-123-49,u049,2025-06-26,variable,empirical,120,0.03414351851851849,0,0.001165779856824415,0.034740025702165826
s11-123-49,u049,2025-06-26,variable,hazard,30,0.0007585617151835145,0,5.754158757421553e-07,0.0007588495687003629
s11-123-49,u049,2025-06-26,variable,hazard,60,0.0018565074744607557,0,3.4466200027286534e-06,0.0018582329203282672
s11-123-49,u049,2025-06-26,variable,hazard,120,0.005911632278669421,0,3.494739619820621e-05,0.005929175148934939
s11-123-49,u049,2025-06-26,variable,hazard_cal,30,0.00045790918663846103,0,2.0968082320789693e-07,0.0004580140590659856
s11-123-49,u049,2025-06-26,variable,hazard_cal,60,0.001137470615877878,0,1.2938394019855992e-06,0.0011381180265658576
s11-123-49,u049,2025-06-26,variable,hazard_cal,120,0.003758610446535249,0,1.4127152488803903e-05,0.003765691772311899
s11-123-50,u050,2025-06-26,variable,empirical,30,0.0063657407407407,0,4.052265517832595e-05,0.006386088466525358
s11-123-50,u050,2025-06-26,variable,empirical,60,0.01388888888888884,0,0.00019290123456789987,0.01398624197473984
s11-123-50,u050,2025-06-26,variable,empirical,120,0.03414351851851849,0,0.001165779856824415,0.034740025702165826
s11-123-50,u050,2025-06-26,variable,hazard,30,0.0024287024453966133,0,5.89859556827549e-06,0.0024316565272072036
s11-123-50,u050,2025-06-26,variable,hazard,60,0.00593616206887615,0,3.523802010796397e-05,0.005953851117040634
s11-123-50,u050,2025-06-26,variable,hazard,120,0.018809744096828118,0,0.0003538064729881602,0.018988897442902445
s11-123-50,u050,2025-06-26,variable,hazard_cal,30,0.0015844682343947314,0,2.5105395858059576e-06,0.0015857248317220783
s11-123-50,u050,2025-06-26,variable,hazard_cal,60,0.003932286330916246,0,1.546287578831075e-05,0.003940038096925893
s11-123-50,u050,2025-06-26,variable,hazard_cal,120,0.01294741473762473,0,0.00016763554838806206,0.013031963093124047
s11-123-19,u019,2025-06-26,variable,empirical,30,0.0063657407407407,0,4.052265517832595e-05,0.006386088466525358
s11-123-19,u019,2025-06-26,variable,empirical,60,0.01388888888888884,0,0.00019290123456789987,0.01398624197473984
s11-123-19,u019,2025-06-26,variable,empirical,120,0.03414351851851849,0,0.001165779856824415,0.034740025702165826
s11-123-19,u019,2025-06-26,variable,hazard,30,0.007055345484320075,0,4.977789990311567e-05,0.00708035212400898
s11-123-19,u019,2025-06-26,variable,hazard,60,0.017181361953345187,0,0.00029519919857185753,0.017330674283496262
s11-123-19,u019,2025-06-26,variable,hazard,120,0.053709671375703816,0,0.002884728799286098,0.05520585572064565
s11-123-19,u019,2025-06-26,variable,hazard_cal,30,0.0049459587538229766,0,2.4462507994518132e-05,0.004958230488203392
s11-123-19,u019,2025-06-26,variable,hazard_cal,60,0.0122410963215549,0,0.0001498444391535849,0.012316635630079092
s11-123-19,u019,2025-06-26,variable,hazard_cal,120,0.03987981335797475,0,0.001590399513466901,0.040696807937646046
s11-123-21,u021,2025-06-26,variable,empirical,30,0.0063657407407407,0,4.052265517832595e-05,0.006386088466525358
s11-123-21,u021,2025-06-26,variable,empirical,60,0.01388888888888884,0,0.00019290123456789987,0.01398624197473984
s11-123-21,u021,2025-06-26,variable,empirical,120,0.03414351851851849,0,0.001165779856824415,0.034740025702165826
s11-123-21,u021,2025-06-26,variable,hazard,30,0.005953376272382016,0,3.544268904056119e-05,0.005971168267006169
s11-123-21,u021,2025-06-26,variable,hazard,60,0.014510487151942697,0,0.00021055423738669407,0.014616793898994182
s11-123-21,u021,2025-06-26,variable,hazard,120,0.04550657644961953,0,0.0020708485001650666,0.04657452578205011
s11-123-21,u021,2025-06-26,variable,hazard_cal,30,0.00412561492158825,0,1.702069848123162e-05,0.004134148750443986
s11-123-21,u021,2025-06-26,variable,hazard_cal,60,0.010217612489766825,0,0.00010439960499103902,0.010270170611115261
s11-123-21,u021,2025-06-26,variable,hazard_cal,120,0.033373646258612055,0,0.0011138002645949704,0.03394325557142712
s11-123-16,u016,2025-06-26,variable,empirical,30,0.0063657407407407,0,4.052265517832595e-05,0.006386088466525358
s11-123-16,u016,2025-06-26,variable,empirical,60,0.01388888888888884,0,0.00019290123456789987,0.01398624197473984
s11-123-16,u016,2025-06-26,variable,empirical,120,0.03414351851851849,0,0.001165779856824415,0.034740025702165826
s11-123-16,u016,2025-06-26,variable,hazard,30,0.006550596740829362,0,4.291031766096426e-05,0.0065721460584715835
s11-123-16,u016,2025-06-26,variable,hazard,60,0.015958568809311124,0,0.0002546759184415179,0.01608727794768247
s11-123-16,u016,2025-06-26,variable,hazard,120,0.04996070551329845,0,0.0024960720953865305,0.051251932625379436
s11-123-16,u016,2025-06-26,variable,hazard_cal,30,0.004569014677399008,0,2.0875895122287564e-05,0.004579484528401068
s11-123-16,u016,2025-06-26,variable,hazard_cal,60,0.011311652562670083,0,0.00012795348369856066,0.011376115890051773
s11-123-16,u016,2025-06-26,variable,hazard_cal,120,0.03689554729594757,0,0.0013612814102675042,0.037593407122036994
s11-123-0,u000,2025-06-26,variable,empirical,30,0.0063657407407407,0,4.052265517832595e-05,0.006386088466525358
s11-123-0,u000,2025-06-26,variable,empirical,60,0.01388888888888884,0,0.00019290123456789987,0.01398624197473984
s11-123-0,u000,2025-06-26,variable,empirical,120,0.03414351851851849,0,0.001165779856824415,0.034740025702165826
s11-123-0,u000,2025-06-26,variable,hazard,30,0.0008886747190385291,0,7.897427562582087e-07,0.0008890698245141666
s11-123-0,u000,2025-06-26,variable,hazard,60,0.0021747226150004018,0,4.729418452194185e-06,0.0021770907582191828
s11-123-0,u000,2025-06-26,variable,hazard,120,0.006922264178212956,0,4.791774135297029e-05,0.006946334192535718
s11-123-0,u000,2025-06-26,variable,hazard_cal,30,0.000542134820616047,0,2.9391016372439345e-07,0.0005422818288324924
s11-123-0,u000,2025-06-26,variable,hazard_cal,60,0.0013465989985582683,0,1.813328862918131e-06,0.0013475064777549312
s11-123-0,u000,2025-06-26,variable,hazard_cal,120,0.004448457967314079,0,1.9788778286960108e-05,0.004458381797889003
s11-123-20,u020,2025-06-26,variable,empirical,30,0.0063657407407407,0,4.052265517832595e-05,0.006386088466525358
s11-123-20,u020,2025-06-26,variable,empirical,60,0.01388888888888884,0,0.00019290123456789987,0.01398624197473984
s11-123-20,u020,2025-06-26,variable,empirical,120,0.03414351851851849,0,0.001165779856824415,0.034740025702165826
s11-123-20,u020,2025-06-26,variable,hazard,30,0.000941290033509179,0,8.860269271837112e-07,0.0009417333251719516
s11-123-20,u020,2025-06-26,variable,hazard,60,0.002303384363814498,0,5.30557952746512e-06,0.002306041234224825
s11-123-20,u020,2025-06-26,variable,hazard,120,0.007330665937157255,0,5.373866308219765e-05,0.007357667308314978
s11-123-20,u020,2025-06-26,variable,hazard_cal,30,0.0005764362306240889,0,3.322787279761078e-07,0.0005766024338615245
s11-123-20,u020,2025-06-26,variable,hazard_cal,60,0.0014317595865762645,0,2.0499355137530356e-06,0.0014327855337231792
s11-123-20,u020,2025-06-26,variable,hazard_cal,120,0.004729269868442687,0,2.236599348855991e-05,0.004740488248994435
s11-124-36,u036,2025-06-27,variable,empirical,30,0.0063657407407407,0,4.052265517832595e-05,0.006386088466525358
s11-124-36,u036,2025-06-27,variable,empirical,60,0.01388888888888884,0,0.00019290123456789987,0.01398624197473984
s11-124-36,u036,2025-06-27,variable,empirical,120,0.03414351851851849,0,0.001165779856824415,0.034740025702165826
s11-124-36,u036,2025-06-27,variable,hazard,30,0.0037311924086494974,0,1.3921796790363638e-05,0.0037381706706113697
s11-124-36,u036,2025-06-27,variable,hazard,60,0.009110265390426475,0,8.299693548400245e-05,0.009152017634308153
s11-124-36,u036,2025-06-27,variable,hazard,120,0.028757293601777367,0,0.0008269819352988255,0.02917888682837577
s11-124-36,u036,2025-06-27,variable,hazard_cal,30,0.0025053789050374364,0,6.276923457806584e-06,0.0025085226186599384
s11-124-36,u036,2025-06-27,variable,hazard_cal,60,0.0062131035771273435,0,3.860265606011259e-05,0.006232485226993497
s11-124-36,u036,2025-06-27,variable,hazard_cal,120,0.020397751732400216,0,0.000416068275736636,0.0206086588193757
s11-124-55,u055,2025-06-27,new,empirical,30,0.0063657407407407,0,4.052265517832595e-05,0.006386088466525358
s11-124-55,u055,2025-06-27,new,empirical,60,0.01388888888888884,0,0.00019290123456789987,0.01398624197473984
s11-124-55,u055,2025-06-27,new,empirical,120,0.03414351851851849,0,0.001165779856824415,0.034740025702165826
s11-124-55,u055,2025-06-27,new,hazard,30,0.0017954319208434155,0,3.2235757823834768e-06,0.0017970456405731574
s11-124-55,u055,2025-06-27,new,hazard,60,0.004390542452456292,0,1.927686302682091e-05,0.004400209189158389
s11-124-55,u055,2025-06-27,new,hazard,120,0.013938103106076571,0,0.00019427071819562138,0.014036150595330617
s11-124-55,u055,2025-06-27,new,hazard_cal,30,0.001147892332523326,0,1.3176568070658418e-06,0.0011485516655373612
s11-124-55,u055,2025-06-27,new,hazard_cal,60,0.0028498203087952145,0,8.121475792421652e-06,0.002853888778134251
s11-124-55,u055,2025-06-27,new,hazard_cal,120,0.009396268485372339,0,8.828986144920138e-05,0.009440691911384025
s11-124-31,u031,2025-06-27,variable,empirical,30,0.0063657407407407,0,4.052265517832595e-05,0.006386088466525358
s11-124-31,u031,2025-06-27,variable,empirical,60,0.01388888888888884,0,0.00019290123456789987,0.01398624197473984
s11-124-31,u031,2025-06-27,variable,empirical,120,0.03414351851851849,0,0.001165779856824415,0.034740025702165826
s11-124-31,u031,2025-06-27,variable,hazard,30,0.0012059455630295535,0,1.4543047009906668e-06,0.0012066733005134105
s11-124-31,u031,2025-06-27,variable,hazard,60,0.0029503915543200865,0,8.704810323803295e-06,0.0029547525393365287
s11-124-31,u031,2025-06-27,variable,hazard,120,0.009382494354295945,0,8.803120030839528e-05,0.009426787223893033
s11-124-31,u031,2025-06-27,variable,hazard_cal,30,0.0007508010778815022,0,5.637022585480255e-07,0.0007510830701663518
s11-124-31,u031,2025-06-27,variable,hazard_cal,60,0.0018645838998087028,0,3.4766731194258307e-06,0.0018663244002443187
s11-124-31,u031,2025-06-27,variable,hazard_cal,120,0.006155537796921795,0,3.7890645569332825e-05,0.0061745612261753175
s11-124-43,u043,2025-06-27,regular,empirical,30,0.0063657407407407,0,4.052265517832595e-05,0.006386088466525358
s11-124-43,u043,2025-06-27,regular,empirical,60,0.01388888888888884,0,0.00019290123456789987,0.01398624197473984
s11-124-43,u043,2025-06-27,regular,empirical,120,0.03414351851851849,0,0.001165779856824415,0.034740025702165826
s11-124-43,u043,2025-06-27,regular,hazard,30,0.008536613995707931,0,7.287377851171654e-05,0.008573259586848406
s11-124-43,u043,2025-06-27,regular,hazard,60,0.020764183991287766,0,0.00043115133682405113,0.020982791086707565
s11-124-43,u043,2025-06-27,regular,hazard,120,0.06463016691904822,0,0.004177058475984034,0.06681328449803198
s11-124-43,u043,2025-06-27,regular,hazard_cal,30,0.006062589818773945,0,3.675499531070149e-05,0.006081041932628181
s11-124-43,u043,2025-06-27,regular,hazard_cal,60,0.014991046536918184,0,0.0002247314762720467,0.0151045480411249
s11-124-43,u043,2025-06-27,regular,hazard_cal,120,0.04866769706259866,0,0.002368544737376874,0.04989185272119803
s11-124-26,u026,2025-06-27,regular,empirical,30,0.0063657407407407,0,4.052265517832595e-05,0.006386088466525358
s11-124-26,u026,2025-06-27,regular,empirical,60,0.01388888888888884,0,0.00019290123456789987,0.01398624197473984
s11-124-26,u026,2025-06-27,regular,empirical,120,0.03414351851851849,0,0.001165779856824415,0.034740025702165826
s11-124-26,u026,2025-06-27,regular,hazard,30,0.0013934339038016441,0,1.9416580442638896e-06,0.0013944056356247198
s11-124-26,u026,2025-06-27,regular,hazard,60,0.003408582848521635,0,1.1618437035235864e-05,0.0034144053016802937
s11-124-26,u026,2025-06-27,regular,hazard,120,0.010833602345046711,0,0.0001173669397706016,0.010892713124384844
s11-124-26,u026,2025-06-27,regular,hazard_cal,30,0.000875928971533213,0,7.672515631712324e-07,0.0008763128214813614
s11-124-26,u026,2025-06-27,regular,hazard_cal,60,0.0021751118378821044,0,4.7311115072948655e-06,0.002177480829473576
s11-124-26,u026,2025-06-27,regular,hazard_cal,120,0.007177836024247153,0,5.1521329990980176e-05,0.007203720627240885
s11-124-3,u003,2025-06-27,regular,empirical,30,0.0063657407407407,0,4.052265517832595e-05,0.006386088466525358
s11-124-3,u003,2025-06-27,regular,empirical,60,0.01388888888888884,0,0.00019290123456789987,0.01398624197473984
s11-124-3,u003,2025-06-27,regular,empirical,120,0.03414351851851849,0,0.001165779856824415,0.034740025702165826
s11-124-3,u003,2025-06-27,regular,hazard,30,0.013715356346611918,0,0.0001881109997145478,0.01381028079422575
s11-124-3,u003,2025-06-27,regular,hazard,60,0.03322398467525489,0,0.0011038331577015719,0.033788438771726624
s11-124-3,u003,2025-06-27,regular,hazard,120,0.10187132540011179,0,0.010377766938775462,0.10744193074467669
s11-124-3,u003,2025-06-27,regular,hazard_cal,30,0.01006323056305125,0,0.0001012686093651288,0.010114207148836523
s11-124-3,u003,2025-06-27,regular,hazard_cal,60,0.02480227368942023,0,0.000615152780164907,0.02511503232868357
s11-124-3,u003,2025-06-27,regular,hazard_cal,120,0.07951773399257855,0,0.006323070019314483,0.08285754410303908
s11-124-32,u032,2025-06-27,regular,empirical,30,0.0063657407407407,0,4.052265517832595e-05,0.006386088466525358
s11-124-32,u032,2025-06-27,regular,empirical,60,0.01388888888888884,0,0.00019290123456789987,0.01398624197473984
s11-124-32,u032,2025-06-27,regular,empirical,120,0.03414351851851849,0,0.001165779856824415,0.034740025702165826
s11-124-32,u032,2025-06-27,regular,hazard,30,0.003159367768351462,0,9.981604695698098e-06,0.0031643691075239244
s11-124-32,u032,2025-06-27,regular,hazard,60,0.0077175648877092495,0,5.956080779600268e-05,0.0077474994054570635
s11-124-32,u032,2025-06-27,regular,hazard,120,0.024402016471074983,0,0.0005954584078546148,0.024704679546028775
s11-124-32,u032,2025-06-27,regular,hazard_cal,30,0.002097826863294072,0,4.400877548358246e-06,0.0021000303843447033
s11-124-32,u032,2025-06-27,regular,hazard_cal,60,0.005204143757674196,0,2.7083112250539296e-05,0.005217732479409828
s11-124-32,u032,2025-06-27,regular,hazard_cal,120,0.01710733004963816,0,0.00029266074142725274,0.017255351011517463
s11-124-40,u040,2025-06-27,regular,empirical,30,0.0063657407407407,0,4.052265517832595e-05,0.006386088466525358
s11-124-40,u040,2025-06-27,regular,empirical,60,0.01388888888888884,0,0.00019290123456789987,0.01398624197473984
s11-124-40,u040,2025-06-27,regular,empirical,120,0.03414351851851849,0,0.001165779856824415,0.034740025702165826
s11-124-40,u040,2025-06-27,regular,hazard,30,0.004079691889172898,0,1.6643885910583133e-05,0.0040880365355851775
s11-124-40,u040,2025-06-27,regular,hazard,60,0.009958429275129022,0,9.917031362774673e-05,0.01000834610390051
s11-124-40,u040,2025-06-27,regular,hazard,120,0.031402497217471015,0,0.0009861168314932748,0.03190612718840593
s11-124-40,u040,2025-06-27,regular,hazard_cal,30,0.002755903265604487,0,7.5950028093694745e-06,0.002759707758493071
s11-124-40,u040,2025-06-27,regular,hazard_cal,60,0.0068329829577705725,0,4.668965610118308e-05,0.006856434677006449
s11-124-40,u040,2025-06-27,regular,hazard_cal,120,0.02241508900603273,0,0.0005024362151483693,0.022670125428228233
s11-124-49,u049,2025-06-27,variable,empirical,30,0.0063657407407407,0,4.052265517832595e-05,0.006386088466525358
s11-124-49,u049,2025-06-27,variable,empirical,60,0.01388888888888884,0,0.00019290123456789987,0.01398624197473984
s11-124-49,u049,2025-06-27,variable,empirical,120,0.03414351851851849,0,0.001165779856824415,0.034740025702165826
s11-124-49,u049,2025-06-27,variable,hazard,30,0.0011060435443314143,0,1.2233323219571972e-06,0.0011066556618864656
s11-124-49,u049,2025-06-27,variable,hazard,60,0.002706191523393575,0,7.323472561287239e-06,0.0027098598793514144
s11-124-49,u049,2025-06-27,variable,hazard,120,0.008608448636700294,0,7.410538793070715e-05,0.008645715357232856
s11-124-49,u049,2025-06-27,variable,hazard_cal,30,0.0006846463470352449,0,4.6874062050870493e-07,0.0006848808243743099
s11-124-49,u049,2025-06-27,variable,hazard_cal,60,0.0017003831022304183,0,2.891302694350741e-06,0.0017018303944444301
s11-124-49,u049,2025-06-27,variable,hazard_cal,120,0.00561463945392926,0,3.1524176197619054e-05,0.005630460790553817
s11-124-29,u029,2025-06-27,regular,empirical,30,0.0063657407407407,0,4.052265517832595e-05,0.006386088466525358
s11-124-29,u029,2025-06-27,regular,empirical,60,0.01388888888888884,0,0.00019290123456789987,0.01398624197473984
s11-124-29,u029,2025-06-27,regular,empirical,120,0.03414351851851849,0,0.001165779856824415,0.034740025702165826
s11-124-29,u029,2025-06-27,regular,hazard,30,0.013597783732745228,0,0.00018489972244251074,0.0136910803104646
s11-124-29,u029,2025-06-27,regular,hazard,60,0.03294225234667081,0,0.0010851919896717383,0.03349706695273075
s11-124-29,u029,2025-06-27,regular,hazard,120,0.10104177806276671,0,0.010209440914085403,0.10651871729532844
s11-124-29,u029,2025-06-27,regular,hazard_cal,30,0.009971018172527546,0,9.942120339687456e-05,0.010021061708788897
s11-124-29,u029,2025-06-27,regular,hazard_cal,60,0.024576855483139926,0,0.000604021825439145,0.02488390775634354
s11-124-29,u029,2025-06-27,regular,hazard_cal,120,0.07881769031050978,0,0.006212228305883427,0.0820973147702686
s11-124-57,u057,2025-06-27,new,empirical,30,0.0063657407407407,0,4.052265517832595e-05,0.006386088466525358
s11-124-57,u057,2025-06-27,new,empirical,60,0.01388888888888884,0,0.00019290123456789987,0.01398624197473984
s11-124-57,u057,2025-06-27,new,empirical,120,0.03414351851851849,0,0.001165779856824415,0.034740025702165826
s11-124-57,u057,2025-06-27,new,hazard,30,0.0025590970547241243,0,6.5489777354976875e-06,0.002562377140826027
s11-124-57,u057,2025-06-27,new,hazard,60,0.006254222770592843,0,3.911530246420202e-05,0.006273862351522278
s11-124-57,u057,2025-06-27,new,hazard,120,0.01980998446095994,0,0.00039243548434347424,0.020008832705232956
s11-124-57,u057,2025-06-27,new,hazard_cal,30,0.0016753963769403635,0,2.8069530198648964e-06,0.0016768014230089925
s11-124-57,u057,2025-06-27,new,hazard_cal,60,0.004157640569311116,0,1.7285975103581662e-05,0.004166307588103927
s11-124-57,u057,2025-06-27,new,hazard_cal,120,0.013685477496781173,0,0.0001872922943149039,0.013779986905486818
s11-124-6,u006,2025-06-27,regular,empirical,30,0.0063657407407407,0,4.052265517832595e-05,0.006386088466525358
s11-124-6,u006,2025-06-27,regular,empirical,60,0.01388888888888884,0,0.00019290123456789987,0.01398624197473984
s11-124-6,u006,2025-06-27,regular,empirical,120,0.03414351851851849,0,0.001165779856824415,0.034740025702165826
s11-124-6,u006,2025-06-27,regular,hazard,30,0.005670846567252585,0,3.215850078932043e-05,0.005686986866009301
s11-124-6,u006,2025-06-27,regular,hazard,60,0.01382495751945989,0,0.00019112945041487058,0.013921412264978995
s11-124-6,u006,2025-06-27,regular,hazard,120,0.04339249219112906,0,0.0018829083785571966,0.04436209933597311
s11-124-6,u006,2025-06-27,regular,hazard_cal,30,0.003916903145120387,0,1.534213024825398e-05,0.003924594300487492
s11-124-6,u006,2025-06-27,regular,hazard_cal,60,0.009702364317828227,0,9.413587335586639e-05,0.009749738934078869
s11-124-6,u006,2025-06-27,regular,hazard_cal,120,0.03171154277334087,0,0.0010056219450654278,0.03222524309390924
s11-124-0,u000,2025-06-27,variable,empirical,30,0.0063657407407407,0,4.052265517832595e-05,0.006386088466525358
s11-124-0,u000,2025-06-27,variable,empirical,60,0.01388888888888884,0,0.00019290123456789987,0.01398624197473984
s11-124-0,u000,2025-06-27,variable,empirical,120,0.03414351851851849,0,0.001165779856824415,0.034740025702165826
s11-124-0,u000,2025-06-27,variable,hazard,30,0.0006200583585288522,0,3.8447236798149457e-07,0.0006202506742149178
s11-124-0,u000,2025-06-27,variable,hazard,60,0.0015177001211654773,0,2.3034136577857045e-06,0.0015188529946194738
s11-124-0,u000,2025-06-27,variable,hazard,120,0.004834748157662494,0,2.337478974802088e-05,0.004846473360069387
s11-124-0,u000,2025-06-27,variable,hazard_cal,30,0.000369314713142721,0,1.363933573436903e-07,0.0003693829266167362
s11-124-0,u000,2025-06-27,variable,hazard_cal,60,0.0009174635781161733,0,8.417394171697316e-07,0.0009178847054237721
s11-124-0,u000,2025-06-27,variable,hazard_cal,120,0.0030324798188676727,0,9.195933851839713e-06,0.003037087102480918
s11-124-24,u024,2025-06-27,regular,empirical,30,0.0063657407407407,0,4.052265517832595e-05,0.006386088466525358
s11-124-24,u024,2025-06-27,regular,empirical,60,0.01388888888888884,0,0.00019290123456789987,0.01398624197473984
s11-124-24,u024,2025-06-27,regular,empirical,120,0.03414351851851849,0,0.001165779856824415,0.034740025702165826
s11-124-24,u024,2025-06-27,regular,hazard,30,0.0010271360687323927,0,1.0550085036910346e-06,0.0010276639344751568
s11-124-24,u024,2025-06-27,regular,hazard,60,0.002513283132335009,0,6.316592103279675e-06,0.0025164467301763763
s11-124-24,u024,2025-06-27,regular,hazard,120,0.007996660586558901,0,6.394658053662455e-05,0.008028805358735727
s11-124-24,u024,2025-06-27,regular,hazard_cal,30,0.0006326745764706487,0,4.0027711971231475e-07,0.000632874799485633
s11-124-24,u024,2025-06-27,regular,hazard_cal,60,0.0015713729933357623,0,2.4692130841849937e-06,0.001572608894755612
s11-124-24,u024,2025-06-27,regular,hazard_cal,120,0.005189504476035389,0,2.693095670679134e-05,0.005203016722570718
s11-124-11,u011,2025-06-27,regular,empirical,30,0.0063657407407407,0,4.052265517832595e-05,0.006386088466525358
s11-124-11,u011,2025-06-27,regular,empirical,60,0.01388888888888884,0,0.00019290123456789987,0.01398624197473984
s11-124-11,u011,2025-06-27,regular,empirical,120,0.03414351851851849,0,0.001165779856824415,0.034740025702165826
s11-124-11,u011,2025-06-27,regular,hazard,30,0.0011221284013372967,0,1.2591721490877973e-06,0.0011227584587928524
s11-124-11,u011,2025-06-27,regular,hazard,60,0.002745511884007956,0,7.537835505228917e-06,0.0027492877144022357
s11-124-11,u011,2025-06-27,regular,hazard,120,0.008733113973197315,0,7.626727966885419e-05,0.008771471094388892
s11-124-11,u011,2025-06-27,regular,hazard_cal,30,0.0006952715819720234,0,4.834025726978801e-07,0.0006955133953488482
s11-124-11,u011,2025-06-27,regular,hazard_cal,60,0.001726756894515069,0,2.9816893727553253e-06,0.0017282494576447
s11-124-11,u011,2025-06-27,regular,hazard_cal,120,0.00570153338646695,0,3.250748295699729e-05,0.005717849174173448
s11-124-13,u013,2025-06-27,variable,empirical,30,0.0063657407407407,0,4.052265517832595e-05,0.006386088466525358
s11-124-13,u013,2025-06-27,variable,empirical,60,0.01388888888888884,0,0.00019290123456789987,0.01398624197473984
s11-124-13,u013,2025-06-27,variable,empirical,120,0.03414351851851849,0,0.001165779856824415,0.034740025702165826
s11-124-13,u013,2025-06-27,variable,hazard,30,0.003919734852883328,0,1.5364321316908282e-05,0.003927437147431627
s11-124-13,u013,2025-06-27,variable,hazard,60,0.009569190598941457,0,9.156940871886956e-05,0.009615269497424875
s11-124-13,u013,2025-06-27,variable,hazard,120,0.03018923748071478,0,0.0009113900596669941,0.03065431670357826
s11-124-13,u013,2025-06-27,variable,hazard_cal,30,0.002640726595032561,0,6.973436949712263e-06,0.002644219464003833
s11-124-13,u013,2025-06-27,variable,hazard_cal,60,0.006548029650392473,0,4.287669230241897e-05,0.006569562044518009
s11-124-13,u013,2025-06-27,variable,hazard_cal,120,0.0214881341500629,0,0.00046173990925109934,0.021722365648314108
s11-124-41,u041,2025-06-27,regular,empirical,30,0.0063657407407407,0,4.052265517832595e-05,0.006386088466525358
s11-124-41,u041,2025-06-27,regular,empirical,60,0.01388888888888884,0,0.00019290123456789987,0.01398624197473984
s11-124-41,u041,2025-06-27,regular,empirical,120,0.03414351851851849,0,0.001165779856824415,0.034740025702165826
s11-124-41,u041,2025-06-27,regular,hazard,30,0.003897989021917181,0,1.519431841498686e-05,0.003905605981450865
s11-124-41,u041,2025-06-27,regular,hazard,60,0.009516266766238846,0,9.055933316622193e-05,0.009561835761061054
s11-124-41,u041,2025-06-27,regular,hazard,120,0.03002418511862459,0,0.0009014516920374384,0.030484140907527865
s11-124-41,u041,2025-06-27,regular,hazard_cal,30,0.0026250930079398938,0,6.891113300334919e-06,0.0026285446064246887
s11-124-41,u041,2025-06-27,regular,hazard_cal,60,0.0065093471754271715,0,4.2371600650241694e-05,0.006530625364093496
s11-124-41,u041,2025-06-27,regular,hazard_cal,120,0.021362247621587116,0,0.0004563456234460044,0.02159372292475642
s11-124-52,u052,2025-06-27,regular,empirical,30,0.0063657407407407,0,4.052265517832595e-05,0.006386088466525358
s11-124-52,u052,2025-06-27,regular,empirical,60,0.01388888888888884,0,0.00019290123456789987,0.01398624197473984
s11-124-52,u052,2025-06-27,regular,empirical,120,0.03414351851851849,0,0.001165779856824415,0.034740025702165826
s11-124-52,u052,2025-06-27,regular,hazard,30,0.0020457787273490124,0,4.185210601273745e-06,0.0020478741910407642
s11-124-52,u052,2025-06-27,regular,hazard,60,0.0050017479099524476,0,2.5017482154713678e-05,0.005014298518506815
s11-124-52,u052,2025-06-27,regular,hazard,120,0.0158667375041609,0,0.00025175335902594603,0.01599396173392214
s11-124-52,u052,2025-06-27,regular,hazard_cal,30,0.0013194125554344405,0,1.7408494914380405e-06,0.0013202837465714913
s11-124-52,u052,2025-06-27,regular,hazard_cal,60,0.0032751873526954967,0,1.0726852195256535e-05,0.003280562518451924
s11-124-52,u052,2025-06-27,regular,hazard_cal,120,0.010792903768499396,0,0.00011648677175608846,0.01085156965306477
s11-124-33,u033,2025-06-27,regular,empirical,30,0.0063657407407407,0,4.052265517832595e-05,0.006386088466525358
s11-124-33,u033,2025-06-27,regular,empirical,60,0.01388888888888884,0,0.00019290123456789987,0.01398624197473984
s11-124-33,u033,2025-06-27,regular,empirical,120,0.03414351851851849,0,0.001165779856824415,0.034740025702165826
s11-124-33,u033,2025-06-27,regular,hazard,30,0.0009786736571545385,0,9.578021272082392e-07,0.0009791528709062387
s11-124-33,u033,2025-06-27,regular,hazard,60,0.00239479310236812,0,5.735034003149926e-06,0.0023976652056814244
s11-124-33,u033,2025-06-27,regular,hazard,120,0.0076207411493660615,0,5.8075695665641163e-05,0.007649927372183556
s11-124-33,u033,2025-06-27,regular,hazard_cal,30,0.0006008861119014552,0,3.610641194760482e-07,0.0006010667163132724
s11-124-33,u033,2025-06-27,regular,hazard_cal,60,0.001492458736473301,0,2.2274330800754823e-06,0.0014935735623725062
s11-124-33,u033,2025-06-27,regular,hazard_cal,120,0.004929384360218059,0,2.42988301707624e-05,0.004941573849587361
s11-124-48,u048,2025-06-27,variable,empirical,30,0.0063657407407407,0,4.052265517832595e-05,0.006386088466525358
s11-124-48,u048,2025-06-27,variable,empirical,60,0.01388888888888884,0,0.00019290123456789987,0.01398624197473984
s11-124-48,u048,2025-06-27,variable,empirical,120,0.03414351851851849,0,0.001165779856824415,0.034740025702165826
s11-124-48,u048,2025-06-27,variable,hazard,30,0.0012618698647031135,0,1.592315555445854e-06,0.001262666692880349
s11-124-48,u048,2025-06-27,variable,hazard,60,0.003087075782759241,0,9.53003688849858e-06,0.003091850630613806
s11-124-48,u048,2025-06-27,variable,hazard,120,0.009815546057579283,0,9.63449444084602e-05,0.009864036094822923
s11-124-48,u048,2025-06-27,variable,hazard_cal,30,0.000787996558226256,0,6.209385757764254e-07,0.0007883071907097498
s11-124-48,u048,2025-06-27,variable,hazard_cal,60,0.001956897967858584,0,3.8294496566090555e-06,0.0019588151943062257
s11-124-48,u048,2025-06-27,variable,hazard_cal,120,0.0064595324324164816,0,4.172555924544039e-05,0.006480485492090591
s11-124-5,u005,2025-06-27,regular,empirical,30,0.0063657407407407,0,4.052265517832595e-05,0.006386088466525358
s11-124-5,u005,2025-06-27,regular,empirical,60,0.01388888888888884,0,0.00019290123456789987,0.01398624197473984
s11-124-5,u005,2025-06-27,regular,empirical,120,0.03414351851851849,0,0.001165779856824415,0.034740025702165826
s11-124-5,u005,2025-06-27,regular,hazard,30,0.0007310229832494519,0,5.343946020389285e-07,0.000731290310840153
s11-124-5,u005,2025-06-27,regular,hazard,60,0.0017891480603857701,0,3.2010507819821633e-06,0.0017907504973933806
s11-124-5,u005,2025-06-27,regular,hazard,120,0.005697603422120223,0,3.246268475575608e-05,0.005713896682329081
s11-124-5,u005,2025-06-27,regular,hazard_cal,30,0.00044020086796292546,0,1.9377680415531292e-07,0.00044029778480796626
s11-124-5,u005,2025-06-27,regular,hazard_cal,60,0.0010934980156692697,0,1.1957379102726304e-06,0.0010940963208278438
s11-124-5,u005,2025-06-27,regular,hazard_cal,120,0.00361351202837501,0,1.3057469179210879e-05,0.0036200565334865618
s11-124-2,u002,2025-06-27,variable,empirical,30,0.0063657407407407,0,4.052265517832595e-05,0.006386088466525358
s11-124-2,u002,2025-06-27,variable,empirical,60,0.01388888888888884,0,0.00019290123456789987,0.01398624197473984
s11-124-2,u002,2025-06-27,variable,empirical,120,0.03414351851851849,0,0.001165779856824415,0.034740025702165826
s11-124-2,u002,2025-06-27,variable,hazard,30,0.004336404700397645,0,1.8804405725630787e-05,0.004345834173140792
s11-124-2,u002,2025-06-27,variable,hazard,60,0.01058290637591286,0,0.00011199790736133706,0.010639303580051331
s11-124-2,u002,2025-06-27,variable,hazard,120,0.03334660698975045,0,0.0011119961977288735,0.03391528313866481
s11-124-2,u002,2025-06-27,variable,hazard_cal,30,0.002941389236461367,0,8.651770640370783e-06,0.002945723623280658
s11-124-2,u002,2025-06-27,variable,hazard_cal,60,0.007291772504992022,0,5.3169946264557636e-05,0.007318487423417227
s11-124-2,u002,2025-06-27,variable,hazard_cal,120,0.02390611215849836,0,0.0005715021985347031,0.02419650063672122
s11-124-30,u030,2025-06-27,variable,empirical,30,0.0063657407407407,0,4.052265517832595e-05,0.006386088466525358
s11-124-30,u030,2025-06-27,variable,empirical,60,0.01388888888888884,0,0.00019290123456789987,0.01398624197473984
s11-124-30,u030,2025-06-27,variable,empirical,120,0.03414351851851849,0,0.001165779856824415,0.034740025702165826
s11-124-30,u030,2025-06-27,variable,hazard,30,0.002428688758344788,0,5.898529084910348e-06,0.0024316428068327654
s11-124-30,u030,2025-06-27,variable,hazard,60,0.005936128679738806,0,3.5237623702417575e-05,0.00595381752851693
s11-124-30,u030,2025-06-27,variable,hazard,120,0.018809639053967486,0,0.0003538025213405389,0.01898879038634091
s11-124-30,u030,2025-06-27,variable,hazard_cal,30,0.001584458706993641,0,2.510509394167961e-06,0.0015857152892012122
s11-124-30,u030,2025-06-27,variable,hazard_cal,60,0.0039322627166687996,0,1.5462690072903488e-05,0.00394001438945416
s11-124-30,u030,2025-06-27,variable,hazard_cal,120,0.012947337375764145,0,0.00016763354512185918,0.013031884716491731
s11-124-56,u056,2025-06-27,new,empirical,30,0.0063657407407407,0,4.052265517832595e-05,0.006386088466525358
s11-124-56,u056,2025-06-27,new,empirical,60,0.01388888888888884,0,0.00019290123456789987,0.01398624197473984
s11-124-56,u056,2025-06-27,new,empirical,120,0.03414351851851849,0,0.001165779856824415,0.034740025702165826
s11-124-56,u056,2025-06-27,new,hazard,30,0.00433275688645729,0,1.8772782237143067e-05,0.004342170478620532
s11-124-56,u056,2025-06-27,new,hazard,60,0.010574034521896425,0,0.00011181020607025735,0.010630336871978464
s11-124-56,u056,2025-06-27,new,hazard,120,0.033319007914974885,0,0.0011101562884381592,0.0338867323871857
s11-124-56,u056,2025-06-27,new,hazard_cal,30,0.002938748170843497,0,8.636240811636e-06,0.0029430747698517196
s11-124-56,u056,2025-06-27,new,hazard_cal,60,0.007285240947978666,0,5.3074735670105096e-05,0.00731190791158762
s11-124-56,u056,2025-06-27,new,hazard_cal,120,0.023884897513438808,0,0.0005704883292274753,0.02417476664700445
s11-124-15,u015,2025-06-27,regular,empirical,30,0.0063657407407407,0,4.052265517832595e-05,0.006386088466525358
s11-124-15,u015,2025-06-27,regular,empirical,60,0.01388888888888884,0,0.00019290123456789987,0.01398624197473984
s11-124-15,u015,2025-06-27,regular,empirical,120,0.03414351851851849,0,0.001165779856824415,0.034740025702165826
s11-124-15,u015,2025-06-27,regular,hazard,30,0.0068867984789817704,0,4.742799329010563e-05,0.00691062191677395
s11-124-15,u015,2025-06-27,regular,hazard,60,0.01677315290231185,0,0.00028133865828433244,0.016915415267381145
s11-124-15,u015,2025-06-27,regular,hazard,120,0.05245938249559656,0,0.002751986811819303,0.0538854748658394
s11-124-15,u015,2025-06-27,regular,hazard_cal,30,0.0048198739329671225,0,2.3231184729695958e-05,0.004831526984570204
s11-124-15,u015,2025-06-27,regular,hazard_cal,60,0.011930268552179157,0,0.00014233130772711497,0.012002005336323878
s11-124-15,u015,2025-06-27,regular,hazard_cal,120,0.03888259852908493,0,0.0015118564683739978,0.039658711530816064
s11-125-29,u029,2025-06-30,regular,empirical,30,0.0063657407407407,0,4.052265517832595e-05,0.006386088466525358
s11-125-29,u029,2025-06-30,regular,empirical,60,0.01388888888888884,0,0.00019290123456789987,0.01398624197473984
s11-125-29,u029,2025-06-30,regular,empirical,120,0.03414351851851849,0,0.001165779856824415,0.034740025702165826
s11-125-29,u029,2025-06-30,regular,hazard,30,0.010987520744247248,0,0.00012072561210526359,0.011048329384681307
s11-125-29,u029,2025-06-30,regular,hazard,60,0.02667378197371062,0,0.0007114906447810496,0.027035982661602263
s11-125-29,u029,2025-06-30,regular,hazard,120,0.08243521691354672,0,0.006795564987583499,0.08603209327744425
s11-125-29,u029,2025-06-30,regular,hazard_cal,30,0.007939327785551842,0,6.30329256864355e-05,0.007971012061052779
s11-125-29,u029,2025-06-30,regular,hazard_cal,60,0.01960160551829704,0,0.0003842229388949329,0.019796264945082492
s11-125-29,u029,2025-06-30,regular,hazard_cal,120,0.06326239722653493,0,0.004002130902847894,0.06535207569165488
s11-125-37,u037,2025-06-30,regular,empirical,30,0.0063657407407407,0,4.052265517832595e-05,0.006386088466525358
s11-125-37,u037,2025-06-30,regular,empirical,60,0.01388888888888884,0,0.00019290123456789987,0.01398624197473984
s11-125-37,u037,2025-06-30,regular,empirical,120,0.03414351851851849,0,0.001165779856824415,0.034740025702165826
s11-125-37,u037,2025-06-30,regular,hazard,30,0.0006852251523403741,0,4.6953350939988883e-07,0.0006854600263956098
s11-125-37,u037,2025-06-30,regular,hazard,60,0.0016771205987444748,0,2.8127335027330257e-06,0.001678528539907465
s11-125-37,u037,2025-06-30,regular,hazard,120,0.00534156863007651,0,2.853235542981744e-05,0.0053558858147004125
s11-125-37,u037,2025-06-30,regular,hazard_cal,30,0.0004108505984060651,0,1.6879821421062177e-07,0.00041093502063724503
s11-125-37,u037,2025-06-30,regular,hazard_cal,60,0.0010206137821011652,0,1.0416524922148446e-06,0.0010211349629937175
s11-125-37,u037,2025-06-30,regular,hazard_cal,120,0.0033729766602973443,0,1.1376971550910627e-05,0.003378677969939068
s11-125-56,u056,2025-06-30,new,empirical,30,0.0063657407407407,0,4.052265517832595e-05,0.006386088466525358
s11-125-56,u056,2025-06-30,new,empirical,60,0.01388888888888884,0,0.00019290123456789987,0.01398624197473984
s11-125-56,u056,2025-06-30,new,empirical,120,0.03414351851851849,0,0.001165779856824415,0.034740025702165826
s11-125-56,u056,2025-06-30,new,hazard,30,0.007699031384525212,0,5.927508425990421e-05,0.007728821930728853
s11-125-56,u056,2025-06-30,new,hazard,60,0.018739316990927235,0,0.00035116200128645415,0.018917122801779283
s11-125-56,u056,2025-06-30,new,hazard,120,0.058470065404519156,0,0.0034187485484087478,0.06024913681205474
s11-125-56,u056,2025-06-30,new,hazard_cal,30,0.005429367369864546,0,2.947803003694986e-05,0.0054441599520875855
s11-125-56,u056,2025-06-30,new,hazard_cal,60,0.013432214039344914,0,0.00018042437399877462,0.01352324228596142
s11-125-56,u056,2025-06-30,new,hazard_cal,120,0.04369384904370599,0,0.0019091524442541668,0.0446771756110461
s11-125-13,u013,2025-06-30,variable,empirical,30,0.0063657407407407,0,4.052265517832595e-05,0.006386088466525358
s11-125-13,u013,2025-06-30,variable,empirical,60,0.01388888888888884,0,0.00019290123456789987,0.01398624197473984
s11-125-13,u013,2025-06-30,variable,empirical,120,0.03414351851851849,0,0.001165779856824415,0.034740025702165826
s11-125-13,u013,2025-06-30,variable,hazard,30,0.003792664946153601,0,1.4384307393782298e-05,0.0037998753366878203
s11-125-13,u013,2025-06-30,variable,hazard,60,0.009259908844315823,0,8.57459118050384e-05,0.009303048318473405
s11-125-13,u013,2025-06-30,variable,hazard,120,0.029224387825943943,0,0.0008540648438011805,0.02965992681518401
s11-125-13,u013,2025-06-30,variable,hazard_cal,30,0.0025494577159768106,0,6.499734645553696e-06,0.00255271311748236
s11-125-13,u013,2025-06-30,variable,hazard_cal,60,0.00632218740647883,0,3.997005360263951e-05,0.006342257067435393
s11-125-13,u013,2025-06-30,variable,hazard_cal,120,0.02075298687744931,0,0.0004306864643355832,0.020971356609292672
s11-125-18,u018,2025-06-30,regular,empirical,30,0.0063657407407407,0,4.052265517832595e-05,0.006386088466525358
s11-125-18,u018,2025-06-30,regular,empirical,60,0.01388888888888884,0,0.00019290123456789987,0.01398624197473984
s11-125-18,u018,2025-06-30,regular,empirical,120,0.03414351851851849,0,0.001165779856824415,0.034740025702165826
s11-125-18,u018,2025-06-30,regular,hazard,30,0.0031720618276351864,0,1.006197623834028e-05,0.0031771034801998436
s11-125-18,u018,2025-06-30,regular,hazard,60,0.007748495466918248,0,6.003918200085264e-05,0.007778671035826893
s11-125-18,u018,2025-06-30,regular,hazard,120,0.02449890264365795,0,0.0006001962307434304,0.024803994002800128
s11-125-18,u018,2025-06-30,regular,hazard_cal,30,0.002106822994603741,0,4.4387031305910745e-06,0.002109045468290148
s11-125-18,u018,2025-06-30,regular,hazard_cal,60,0.005226422363539984,0,2.7315490722110874e-05,0.005240127883648912
s11-125-18,u018,2025-06-30,regular,hazard_cal,120,0.01718007693235779,0,0.00029515504340173226,0.01732936679898429
s11-125-49,u049,2025-06-30,variable,empirical,30,0.0063657407407407,0,4.052265517832595e-05,0.006386088466525358
s11-125-49,u049,2025-06-30,variable,empirical,60,0.01388888888888884,0,0.00019290123456789987,0.01398624197473984
s11-125-49,u049,2025-06-30,variable,empirical,120,0.03414351851851849,0,0.001165779856824415,0.034740025702165826
s11-125-49,u049,2025-06-30,variable,hazard,30,0.0015256288337907042,0,2.3275433384935843e-06,0.0015267937904717137
s11-125-49,u049,2025-06-30,variable,hazard,60,0.0037315641344237704,0,1.3924570889317823e-05,0.003738543788630111
s11-125-49,u049,2025-06-30,variable,hazard,120,0.011855531685030063,0,0.00014055363153475176,0.01192636893294848
s11-125-49,u049,2025-06-30,variable,hazard_cal,30,0.0009648463286218156,0,9.309284378549966e-07,0.0009653120924585293
s11-125-49,u049,2025-06-30,variable,hazard_cal,60,0.0023957380994776845,0,5.739561041288947e-06,0.0023986124717448056
s11-125-49,u049,2025-06-30,variable,hazard_cal,120,0.0079036733584954,0,6.246805255778996e-05,0.007935072942242284
s11-125-6,u006,2025-06-30,regular,empirical,30,0.0063657407407407,0,4.052265517832595e-05,0.006386088466525358
s11-125-6,u006,2025-06-30,regular,empirical,60,0.01388888888888884,0,0.00019290123456789987,0.01398624197473984
s11-125-6,u006,2025-06-30,regular,empirical,120,0.03414351851851849,0,0.001165779856824415,0.034740025702165826
s11-125-6,u006,2025-06-30,regular,hazard,30,0.003680019831688197,0,1.3542545961618427e-05,0.00368680776293378
s11-125-6,u006,2025-06-30,regular,hazard,60,0.008985684136063377,0,8.074251939310103e-05,0.00902629887966166
s11-125-6,u006,2025-06-30,regular,hazard,120,0.02836829886896486,0,0.0008047603807189128,0.02877845462699122
s11-125-6,u006,2025-06-30,regular,hazard_cal,30,0.0024687233292485233,0,6.094594876375913e-06,0.0024717756512806282
s11-125-6,u006,2025-06-30,regular,hazard_cal,60,0.006122384378343448,0,3.748359047618389e-05,0.006141203022881925
s11-125-6,u006,2025-06-30,regular,hazard_cal,120,0.02010224598215571,0,0.0004041002935270953,0.020307045395400153
s11-125-7,u007,2025-06-30,regular,empirical,30,0.0063657407407407,0,4.052265517832595e-05,0.006386088466525358
s11-125-7,u007,2025-06-30,regular,empirical,60,0.01388888888888884,0,0.00019290123456789987,0.01398624197473984
s11-125-7,u007,2025-06-30,regular,empirical,120,0.03414351851851849,0,0.001165779856824415,0.034740025702165826
s11-125-7,u007,2025-06-30,regular,hazard,30,0.0033110595548619948,0,1.0963115375842911e-05,0.003316553242519841
s11-125-7,u007,2025-06-30,regular,hazard,60,0.008087139137005206,0,6.540181942128131e-05,0.0081200174275685
s11-125-7,u007,2025-06-30,regular,hazard,120,0.025559187301298802,0,0.000653272055502874,0.025891497950143567
s11-125-7,u007,2025-06-30,regular,hazard_cal,30,0.0022054870039761587,0,4.864172924707733e-06,0.002207922672320736
s11-125-7,u007,2025-06-30,regular,hazard_cal,60,0.005470738854634005,0,2.992898361560219e-05,0.0054857581492469025
s11-125-7,u007,2025-06-30,regular,hazard_cal,120,0.0179775773222971,0,0.00032319328637917097,0.018141137204340584
s11-125-50,u050,2025-06-30,variable,empirical,30,0.0063657407407407,0,4.052265517832595e-05,0.006386088466525358
s11-125-50,u050,2025-06-30,variable,empirical,60,0.01388888888888884,0,0.00019290123456789987,0.01398624197473984
s11-125-50,u050,2025-06-30,variable,empirical,120,0.03414351851851849,0,0.001165779856824415,0.034740025702165826
s11-125-50,u050,2025-06-30,variable,hazard,30,0.001861957057953445,0,3.4668840856626487e-06,0.0018636926547353446
s11-125-50,u050,2025-06-30,variable,hazard,60,0.0045529829168596825,0,2.0729653441216102e-05,0.004563379311988711
s11-125-50,u050,2025-06-30,variable,hazard,120,0.014450955333337956,0,0.00020883011004612872,0.014556387349973745
s11-125-50,u050,2025-06-30,variable,hazard_cal,30,0.001193322426539578,0,1.4240184136823067e-06,0.0011940350026915637
s11-125-50,u050,2025-06-30,variable,hazard_cal,60,0.0029624977184359302,0,8.776392731738093e-06,0.002966894600784965
s11-125-50,u050,2025-06-30,variable,hazard_cal,120,0.00976637749870568,0,9.538212944722463e-05,0.009814381368410813
s11-125-20,u020,2025-06-30,variable,empirical,30,0.0063657407407407,0,4.052265517832595e-05,0.006386088466525358
s11-125-20,u020,2025-06-30,variable,empirical,60,0.01388888888888884,0,0.00019290123456789987,0.01398624197473984
s11-125-20,u020,2025-06-30,variable,empirical,120,0.03414351851851849,0,0.001165779856824415,0.034740025702165826
s11-125-20,u020,2025-06-30,variable,hazard,30,0.000914395112083799,0,8.361184210027433e-07,0.0009148134263167342
s11-125-20,u020,2025-06-30,variable,hazard,60,0.0022376187751623755,0,5.0069377829591694e-06,0.0022401259848717813
s11-125-20,u020,2025-06-30,variable,hazard,120,0.007121926779382948,0,5.072184105089197e-05,0.007147408759183783
s11-125-20,u020,2025-06-30,variable,hazard_cal,30,0.0005588861980242443,0,3.1235378234199487e-07,0.0005590424331298901
s11-125-20,u020,2025-06-30,variable,hazard_cal,60,0.001388188472087104,0,1.9270672340355285e-06,0.001389152898344391
s11-125-20,u020,2025-06-30,variable,hazard_cal,120,0.004585604380559327,0,2.102776753500489e-05,0.004596150516949965
s11-125-26,u026,2025-06-30,regular,empirical,30,0.0063657407407407,0,4.052265517832595e-05,0.006386088466525358
s11-125-26,u026,2025-06-30,regular,empirical,60,0.01388888888888884,0,0.00019290123456789987,0.01398624197473984
s11-125-26,u026,2025-06-30,regular,empirical,120,0.03414351851851849,0,0.001165779856824415,0.034740025702165826
s11-125-26,u026,2025-06-30,regular,hazard,30,0.0015588770523270457,0,2.4300976642718584e-06,0.00156009336537853
s11-125-26,u026,2025-06-30,regular,hazard,60,0.003812786195176665,0,1.453733857012975e-05,0.003820073393378223
s11-125-26,u026,2025-06-30,regular,hazard,120,0.012112397101865513,0,0.0001467101635532801,0.012186349954536409
s11-125-26,u026,2025-06-30,regular,hazard_cal,30,0.0009872931889557401,0,9.747478409583948e-07,0.0009877808839012419
s11-125-26,u026,2025-06-30,regular,hazard_cal,60,0.002451429325754151,0,6.00950573916745e-06,0.0024544389982962176
s11-125-26,u026,2025-06-30,regular,hazard_cal,120,0.00808682696690377,0,6.539677039264204e-05,0.008119702712370593
s11-125-43,u043,2025-06-30,regular,empirical,30,0.0063657407407407,0,4.052265517832595e-05,0.006386088466525358
s11-125-43,u043,2025-06-30,regular,empirical,60,0.01388888888888884,0,0.00019290123456789987,0.01398624197473984
s11-125-43,u043,2025-06-30,regular,empirical,120,0.03414351851851849,0,0.001165779856824415,0.034740025702165826
s11-125-43,u043,2025-06-30,regular,hazard,30,0.01669443557000172,0,0.00027870417900093864,0.016835358277838806
s11-125-43,u043,2025-06-30,regular,hazard,60,0.04034491962100373,0,0.0016277125392252516,0.041181350352707535
s11-125-43,u043,2025-06-30,regular,hazard,120,0.12264839019578266,0,0.015042627617616957,0.130847443578306
s11-125-43,u043,2025-06-30,regular,hazard_cal,30,0.012417570378003506,0,0.00015419605409267015,0.01249531265560688
s11-125-43,u043,2025-06-30,regular,hazard_cal,60,0.030546025495403306,0,0.0009330596735658288,0.031022278861505926
s11-125-43,u043,2025-06-30,regular,hazard_cal,120,0.09721767718460916,0,0.009451276757170878,0.10227381462988912
s11-125-0,u000,2025-06-30,variable,empirical,30,0.0063657407407407,0,4.052265517832595e-05,0.006386088466525358
s11-125-0,u000,2025-06-30,variable,empirical,60,0.01388888888888884,0,0.00019290123456789987,0.01398624197473984
s11-125-0,u000,2025-06-30,variable,empirical,120,0.03414351851851849,0,0.001165779856824415,0.034740025702165826
s11-125-0,u000,2025-06-30,variable,hazard,30,0.000578294462756368,0,3.344244856546763e-07,0.0005784617394924442
s11-125-0,u000,2025-06-30,variable,hazard,60,0.0014155225603885713,0,2.0037041189690166e-06,0.001416525358882363
s11-125-0,u000,2025-06-30,variable,hazard,120,0.004509808660758785,0,2.0338374156654946e-05,0.004520008525682621
s11-125-0,u000,2025-06-30,variable,hazard_cal,30,0.00034284623872526954,0,1.1754354340806451e-07,0.0003429050239335492
s11-125-0,u000,2025-06-30,variable,hazard_cal,60,0.0008517281294662116,0,7.254408065240116e-07,0.0008520910559605765
s11-125-0,u000,2025-06-30,variable,hazard_cal,120,0.0028154415580887715,0,7.92671116701333e-06,0.002819412368479942
s11-125-1,u001,2025-06-30,regular,empirical,30,0.0063657407407407,0,4.052265517832595e-05,0.006386088466525358
s11-125-1,u001,2025-06-30,regular,empirical,60,0.01388888888888884,0,0.00019290123456789987,0.01398624197473984
s11-125-1,u001,2025-06-30,regular,empirical,120,0.03414351851851849,0,0.001165779856824415,0.034740025702165826
s11-125-1,u001,2025-06-30,regular,hazard,30,0.0016576755297706969,0,2.7478881620005603e-06,0.0016590509941109145
s11-125-1,u001,2025-06-30,regular,hazard,60,0.004054115704814287,0,1.6435854148021844e-05,0.004062355910593874
s11-125-1,u001,2025-06-30,regular,hazard,120,0.012875306522039609,0,0.0001657735180364757,0.012958911684424625
s11-125-1,u001,2025-06-30,regular,hazard_cal,30,0.0010541824171870218,0,1.111300568706272e-06,0.0010547384582848894
s11-125-1,u001,2025-06-30,regular,hazard_cal,60,0.00261737108372484,0,6.850631389918942e-06,0.0026208023880587095
s11-125-1,u001,2025-06-30,regular,hazard_cal,120,0.008632410609930474,0,7.451851293844022e-05,0.008669885689109114
s11-125-22,u022,2025-06-30,variable,empirical,30,0.0063657407407407,0,4.052265517832595e-05,0.006386088466525358
s11-125-22,u022,2025-06-30,variable,empirical,60,0.01388888888888884,0,0.00019290123456789987,0.01398624197473984
s11-125-22,u022,2025-06-30,variable,empirical,120,0.03414351851851849,0,0.001165779856824415,0.034740025702165826
s11-125-22,u022,2025-06-30,variable,hazard,30,0.006553968558760892,0,4.295450386922633e-05,0.0065755401152222765
s11-125-22,u022,2025-06-30,variable,hazard,60,0.01596674055892988,0,0.0002549368040761765,0.01609558225610908
s11-125-22,u022,2025-06-30,variable,hazard,120,0.04998579636175393,0,0.0024985798379187326,0.051278343301164826
s11-125-22,u022,2025-06-30,variable,hazard_cal,30,0.004571526236064383,0,2.089885212702498e-05,0.004582007618269528
s11-125-22,u022,2025-06-30,variable,hazard_cal,60,0.011317847296000938,0,0.00012809366741559574,0.01138238151738912
s11-125-22,u022,2025-06-30,variable,hazard_cal,120,0.03691546101548715,0,0.0013627512619859515,0.03761408392958414
s11-125-27,u027,2025-06-30,variable,empirical,30,0.0063657407407407,0,4.052265517832595e-05,0.006386088466525358
s11-125-27,u027,2025-06-30,variable,empirical,60,0.01388888888888884,0,0.00019290123456789987,0.01398624197473984
s11-125-27,u027,2025-06-30,variable,empirical,120,0.03414351851851849,0,0.001165779856824415,0.034740025702165826
s11-125-27,u027,2025-06-30,variable,hazard,30,0.004770425743741091,0,2.2756961776547743e-05,0.004781840541394035
s11-125-27,u027,2025-06-30,variable,hazard,60,0.01163812283887522,0,0.00013544590321274902,0.011706375865352938
s11-125-27,u027,2025-06-30,variable,hazard,120,0.03662500300923033,0,0.0013413908454261306,0.03731253800761312
s11-125-27,u027,2025-06-30,variable,hazard_cal,30,0.003256678792958545,0,1.0605956760505926e-05,0.003261993312931997
s11-125-27,u027,2025-06-30,variable,hazard_cal,60,0.008071305018702901,0,6.514596470493864e-05,0.008104054339935825
s11-125-27,u027,2025-06-30,variable,hazard_cal,120,0.026435500972718518,0,0.0006988357116786017,0.026791201585710658
s11-125-3,u003,2025-06-30,regular,empirical,30,0.0063657407407407,0,4.052265517832595e-05,0.006386088466525358
s11-125-3,u003,2025-06-30,regular,empirical,60,0.01388888888888884,0,0.00019290123456789987,0.01398624197473984
s11-125-3,u003,2025-06-30,regular,empirical,120,0.03414351851851849,0,0.001165779856824415,0.034740025702165826
s11-125-3,u003,2025-06-30,regular,hazard,30,0.018345465804857963,0,0.00033655611559721285,0.018515830695118085
s11-125-3,u003,2025-06-30,regular,hazard,60,0.04427678885226627,0,0.0019604340310681707,0.04528693594022911
s11-125-3,u003,2025-06-30,regular,hazard,120,0.1339648409189308,0,0.017946578602434433,0.1438297718430625
s11-125-3,u003,2025-06-30,regular,hazard_cal,30,0.013735911170935422,0,0.00018867525569582852,0.01383112167281675
s11-125-3,u003,2025-06-30,regular,hazard_cal,60,0.033752602288168676,0,0.0011392381612232894,0.0343353722672302
s11-125-3,u003,2025-06-30,regular,hazard_cal,120,0.10698467978645476,0,0.011445721709010263,0.11315154235857108
s11-125-59,u059,2025-06-30,new,empirical,30,0.0063657407407407,0,4.052265517832595e-05,0.006386088466525358
s11-125-59,u059,2025-06-30,new,empirical,60,0.01388888888888884,0,0.00019290123456789987,0.01398624197473984
s11-125-59,u059,2025-06-30,new,empirical,120,0.03414351851851849,0,0.001165779856824415,0.034740025702165826
s11-125-59,u059,2025-06-30,new,hazard,30,0.0009016688256928695,0,8.130066712263584e-07,0.0009020755735481038
s11-125-59,u059,2025-06-30,new,hazard,60,0.0022064984766743123,0,4.86863552756606e-06,0.0022089363812534363
s11-125-59,u059,2025-06-30,new,hazard,120,0.00702313980006164,0,4.932449265120985e-05,0.007047918128986906
s11-125-59,u059,2025-06-30,new,hazard_cal,30,0.0005505937322279886,0,3.03153457968746e-07,0.0005507453646180899
s11-125-59,u059,2025-06-30,new,hazard_cal,60,0.0013676004990884616,0,1.8703311251070093e-06,0.0013685365181484344
s11-125-59,u059,2025-06-30,new,hazard_cal,120,0.004517714824391561,0,2.0409747234527273e-05,0.004527950537665285
s11-125-15,u015,2025-06-30,regular,empirical,30,0.0063657407407407,0,4.052265517832595e-05,0.006386088466525358
s11-125-15,u015,2025-06-30,regular,empirical,60,0.01388888888888884,0,0.00019290123456789987,0.01398624197473984
s11-125-15,u015,2025-06-30,regular,empirical,120,0.03414351851851849,0,0.001165779856824415,0.034740025702165826
s11-125-15,u015,2025-06-30,regular,hazard,30,0.007986905290361834,0,6.379065611720985e-05,0.008018971472252365
s11-125-15,u015,2025-06-30,regular,hazard,60,0.019435560571311572,0,0.000377741014721121,0.019626914517312074
s11-125-15,u015,2025-06-30,regular,hazard,120,0.06059162835513532,0,0.0036713454267268382,0.06250499373546105
s11-125-15,u015,2025-06-30,regular,hazard_cal,30,0.005646486972260223,0,3.188281512790442e-05,0.005662488643739444
s11-125-15,u015,2025-06-30,regular,hazard_cal,60,0.013966889420507611,0,0.00019507400008468743,0.014065344233896706
s11-125-15,u015,2025-06-30,regular,hazard_cal,120,0.04540211569686936,0,0.0020613521097519114,0.04646509073048951
s11-125-21,u021,2025-06-30,variable,empirical,30,0.0063657407407407,0,4.052265517832595e-05,0.006386088466525358
s11-125-21,u021,2025-06-30,variable,empirical,60,0.01388888888888884,0,0.00019290123456789987,0.01398624197473984
s11-125-21,u021,2025-06-30,variable,empirical,120,0.03414351851851849,0,0.001165779856824415,0.034740025702165826
s11-125-21,u021,2025-06-30,variable,hazard,30,0.004443357528459035,0,1.9743426125713587e-05,0.004453258581687343
s11-125-21,u021,2025-06-30,variable,hazard,60,0.01084300367363833,0,0.00011757072866653431,0.010902217463887974
s11-125-21,u021,2025-06-30,variable,hazard,120,0.034155468846746806,0,0.0011665960521410916,0.03475239855712661
s11-125-21,u021,2025-06-30,variable,hazard_cal,30,0.0030188914978610537,0,9.113705875857757e-06,0.0030234575427105616
s11-125-21,u021,2025-06-30,variable,hazard_cal,60,0.007483428959991878,0,5.600170899924512e-05,0.007511570298199685
s11-125-21,u021,2025-06-30,variable,hazard_cal,120,0.02452845850613572,0,0.0006016452766872218,0.024834292595298534
s11-125-24,u024,2025-06-30,regular,empirical,30,0.0063657407407407,0,4.052265517832595e-05,0.006386088466525358
s11-125-24,u024,2025-06-30,regular,empirical,60,0.01388888888888884,0,0.00019290123456789987,0.01398624197473984
s11-125-24,u024,2025-06-30,regular,empirical,120,0.03414351851851849,0,0.001165779856824415,0.034740025702165826
s11-125-24,u024,2025-06-30,regular,hazard,30,0.001668542298546516,0,2.784033402038891e-06,0.0016699358656136667
s11-125-24,u024,2025-06-30,regular,hazard,60,0.004080657045729907,0,1.6651761924865136e-05,0.0040890056462829115
s11-125-24,u024,2025-06-30,regular,hazard,120,0.012959183923010764,0,0.00016794044795042065,0.013043886728933973
s11-125-24,u024,2025-06-30,regular,hazard_cal,30,0.0010615561707270071,0,1.1269015036085868e-06,0.0010621200205529731
s11-125-24,u024,2025-06-30,regular,hazard_cal,60,0.0026356631087847138,0,6.946720023008702e-06,0.0026391425839571723
s11-125-24,u024,2025-06-30,regular,hazard_cal,120,0.00869253700289474,0,7.556019954669427e-05,0.008730537476612371
s11-125-31,u031,2025-06-30,variable,empirical,30,0.0063657407407407,0,4.052265517832595e-05,0.006386088466525358
s11-125-31,u031,2025-06-30,variable,empirical,60,0.01388888888888884,0,0.00019290123456789987,0.01398624197473984
s11-125-31,u031,2025-06-30,variable,empirical,120,0.03414351851851849,0,0.001165779856824415,0.034740025702165826
s11-125-31,u031,2025-06-30,variable,hazard,30,0.0007330451872311627,0,5.373552465227704e-07,0.0007333139962285466
s11-125-31,u031,2025-06-30,variable,hazard,60,0.0017940944474742482,0,3.2187748864579278e-06,0.0017957057624400454
s11-125-31,u031,2025-06-30,variable,hazard,120,0.005713321332390886,0,3.264204064715277e-05,0.005729704785135892
s11-125-31,u031,2025-06-30,variable,hazard_cal,30,0.0004414997183023184,0,1.9492200126102647e-07,0.00044159720799845375
s11-125-31,u031,2025-06-30,variable,hazard_cal,60,0.0010967233129208775,0,1.202802025104145e-06,0.0010973251540091044
s11-125-31,u031,2025-06-30,variable,hazard_cal,120,0.003624155244473015,0,1.313450123604126e-05,0.003630738405502419
s11-125-32,u032,2025-06-30,regular,empirical,30,0.0063657407407407,0,4.052265517832595e-05,0.006386088466525358
s11-125-32,u032,2025-06-30,regular,empirical,60,0.01388888888888884,0,0.00019290123456789987,0.01398624197473984
s11-125-32,u032,2025-06-30,regular,empirical,120,0.03414351851851849,0,0.001165779856824415,0.034740025702165826
s11-125-32,u032,2025-06-30,regular,hazard,30,0.008909368990513533,0,7.937685580912414e-05,0.008949294737466331
s11-125-32,u032,2025-06-30,regular,hazard,60,0.021664455868703136,0,0.0004693486480869858,0.021902575631185594
s11-125-32,u032,2025-06-30,regular,hazard,120,0.06735923615342132,0,0.004537266695172382,0.06973518566977273
s11-125-32,u032,2025-06-30,regular,hazard_cal,30,0.0063458220165892865,0,4.026945706622932e-05,0.0063660423335345
s11-125-32,u032,2025-06-30,regular,hazard_cal,60,0.015687768799214852,0,0.000246106089897619,0.015812124130582576
s11-125-32,u032,2025-06-30,regular,hazard_cal,120,0.05088431497212387,0,0.002589213510182309,0.05222458577017636
s11-125-48,u048,2025-06-30,variable,empirical,30,0.0063657407407407,0,4.052265517832595e-05,0.006386088466525358
s11-125-48,u048,2025-06-30,variable,empirical,60,0.01388888888888884,0,0.00019290123456789987,0.01398624197473984
s11-125-48,u048,2025-06-30,variable,empirical,120,0.03414351851851849,0,0.001165779856824415,0.034740025702165826
s11-125-48,u048,2025-06-30,variable,hazard,30,0.0014378324659154451,0,2.0673622000404894e-06,0.001438867138925356
s11-125-48,u048,2025-06-30,variable,hazard,60,0.0035170658463791193,0,1.2369752167766471e-05,0.0035232652625679334
s11-125-48,u048,2025-06-30,variable,hazard,120,0.01117693696754729,0,0.00012492391997652523,0.011239868286505266
s11-125-48,u048,2025-06-30,variable,hazard_cal,30,0.0009057319079978088,0,8.203502891653511e-07,0.0009061423309832346
s11-125-48,u048,2025-06-30,variable,hazard_cal,60,0.002249063965892528,0,5.058288722676227e-06,0.0022515969088002666
s11-125-48,u048,2025-06-30,variable,hazard_cal,120,0.0074211764073129904,0,5.507385926845894e-05,0.007448850337367966
s11-125-16,u016,2025-06-30,variable,empirical,30,0.0063657407407407,0,4.052265517832595e-05,0.006386088466525358
s11-125-16,u016,2025-06-30,variable,empirical,60,0.01388888888888884,0,0.00019290123456789987,0.01398624197473984
s11-125-16,u016,2025-06-30,variable,empirical,120,0.03414351851851849,0,0.001165779856824415,0.034740025702165826
s11-125-16,u016,2025-06-30,variable,hazard,30,0.008733512634954033,0,7.627424294490173e-05,0.008771873268457757
s11-125-16,u016,2025-06-30,variable,hazard,60,0.02123979703880874,0,0.0004511289782497885,0.021468607250037255
s11-125-16,u016,2025-06-30,variable,hazard,120,0.06607267991342158,0,0.004365599030941464,0.06835665953422526
s11-125-16,u016,2025-06-30,variable,hazard_cal,30,0.00621209480450402,0,3.859012186014584e-05,0.00623147014809181
s11-125-16,u016,2025-06-30,variable,hazard_cal,60,0.015358853821340612,0,0.00023589439070530912,0.015478022790538086
s11-125-16,u016,2025-06-30,variable,hazard_cal,120,0.04983836976254152,0,0.002483863100587813,0.051123171767162606
s11-125-23,u023,2025-06-30,variable,empirical,30,0.0063657407407407,0,4.052265517832595e-05,0.006386088466525358
s11-125-23,u023,2025-06-30,variable,empirical,60,0.01388888888888884,0,0.00019290123456789987,0.01398624197473984
s11-125-23,u023,2025-06-30,variable,empirical,120,0.03414351851851849,0,0.001165779856824415,0.034740025702165826
s11-125-23,u023,2025-06-30,variable,hazard,30,0.0010187992064042417,0,1.0379518229699126e-06,0.0010193185350734469
s11-125-23,u023,2025-06-30,variable,hazard,60,0.0024929002492511954,0,6.214551652716672e-06,0.0024960126988378003
s11-125-23,u023,2025-06-30,variable,hazard,120,0.007932001852062442,0,6.291665338112201e-05,0.00796362752637127
s11-125-23,u023,2025-06-30,variable,hazard_cal,30,0.0006271988094325165,0,3.9337834655356613e-07,0.0006273955808866428
s11-125-23,u023,2025-06-30,variable,hazard_cal,60,0.0015577797980590447,0,2.426677899240878e-06,0.0015589943985592962
s11-125-23,u023,2025-06-30,variable,hazard_cal,120,0.005144701818186936,0,2.646795679805597e-05,0.005157981362363234
s11-125-33,u033,2025-06-30,regular,empirical,30,0.0063657407407407,0,4.052265517832595e-05,0.006386088466525358
s11-125-33,u033,2025-06-30,regular,empirical,60,0.01388888888888884,0,0.00019290123456789987,0.01398624197473984
s11-125-33,u033,2025-06-30,regular,empirical,120,0.03414351851851849,0,0.001165779856824415,0.034740025702165826
s11-125-33,u033,2025-06-30,regular,hazard,30,0.0005097066926553762,0,2.5980091253768207e-07,0.0005098366372692806
s11-125-33,u033,2025-06-30,regular,hazard,60,0.0012477043202894222,0,1.5567660708688892e-06,0.001248483351392593
s11-125-33,u033,2025-06-30,regular,hazard,120,0.003975948576449562,0,1.5808167082571294e-05,0.003983873673484564
s11-125-33,u033,2025-06-30,regular,hazard_cal,30,0.0002996579381677744,0,8.979487990696172e-08,0.0002997028445789937
s11-125-33,u033,2025-06-30,regular,hazard_cal,60,0.000744462268657875,0,5.542240694552301e-07,0.0007447395183024088
s11-125-33,u033,2025-06-30,regular,hazard_cal,120,0.002461204376951742,0,6.057526985126414e-06,0.0024642381192397896
s11-126-9,u009,2025-07-01,regular,empirical,30,0.0063657407407407,0,4.052265517832595e-05,0.006386088466525358
s11-126-9,u009,2025-07-01,regular,empirical,60,0.01388888888888884,0,0.00019290123456789987,0.01398624197473984
s11-126-9,u009,2025-07-01,regular,empirical,120,0.03414351851851849,0,0.001165779856824415,0.034740025702165826
s11-126-9,u009,2025-07-01,regular,hazard,30,0.013386834029902484,0,0.00017920732534415517,0.013477245481252731
s11-126-9,u009,2025-07-01,regular,hazard,60,0.03243663322946444,0,0.0010521351752627967,0.03297436085286569
s11-126-9,u009,2025-07-01,regular,hazard,120,0.09955156372291751,0,0.009910513839678106,0.10486237721929069
s11-126-9,u009,2025-07-01,regular,hazard_cal,30,0.009805713159015905,0,9.615201055689768e-05,0.009854105773555619
s11-126-9,u009,2025-07-01,regular,hazard_cal,60,0.02417267287998226,0,0.0005843181141626299,0.02446962715545341
s11-126-9,u009,2025-07-01,regular,hazard_cal,120,0.07756146331555902,0,0.006015780591650807,0.0807345321874603
s11-126-4,u004,2025-07-01,regular,empirical,30,0.0063657407407407,0,4.052265517832595e-05,0.006386088466525358
s11-126-4,u004,2025-07-01,regular,empirical,60,0.01388888888888884,0,0.00019290123456789987,0.01398624197473984
s11-126-4,u004,2025-07-01,regular,empirical,120,0.03414351851851849,0,0.001165779856824415,0.034740025702165826
s11-126-4,u004,2025-07-01,regular,hazard,30,0.008199523193220593,0,6.723218059616242e-05,0.00823332417829856
s11-126-4,u004,2025-07-01,regular,hazard,60,0.019949587277078518,0,0.00039798603252577306,0.020151267086589302
s11-126-4,u004,2025-07-01,regular,hazard,120,0.062155638049277706,0,0.0038633233413128184,0.06417126916872792
s11-126-4,u004,2025-07-01,regular,hazard_cal,30,0.005807198760039212,0,3.372355743860096e-05,0.0058241261042057116
s11-126-4,u004,2025-07-01,regular,hazard_cal,60,0.014362533330022909,0,0.00020628236365601894,0.01446667285277541
s11-126-4,u004,2025-07-01,regular,hazard_cal,120,0.04666466925420509,0,0.002177591356604354,0.047788568650646616
s11-126-59,u059,2025-07-01,new,empirical,30,0.0063657407407407,0,4.052265517832595e-05,0.006386088466525358
s11-126-59,u059,2025-07-01,new,empirical,60,0.01388888888888884,0,0.00019290123456789987,0.01398624197473984
s11-126-59,u059,2025-07-01,new,empirical,120,0.03414351851851849,0,0.001165779856824415,0.034740025702165826
s11-126-59,u059,2025-07-01,new,hazard,30,0.0009391471135422602,0,8.81997300874759e-07,0.00093958838849573
s11-126-59,u059,2025-07-01,new,hazard,60,0.0022981444291895192,0,5.2814678174148215e-06,0.002300789215943162
s11-126-59,u059,2025-07-01,new,hazard,120,0.007314035663854912,0,5.3495117692141564e-05,0.007340914364077599
s11-126-59,u059,2025-07-01,new,hazard_cal,30,0.0005750366460895995,0,3.3066714434597526e-07,0.0005752020430710288
s11-126-59,u059,2025-07-01,new,hazard_cal,60,0.0014282849118809615,0,2.039997789506806e-06,0.0014293058830499906
s11-126-59,u059,2025-07-01,new,hazard_cal,120,0.0047178135338727945,0,2.2257764540393306e-05,0.004728977543125233
s11-126-27,u027,2025-07-01,variable,empirical,30,0.0063657407407407,0,4.052265517832595e-05,0.006386088466525358
s11-126-27,u027,2025-07-01,variable,empirical,60,0.01388888888888884,0,0.00019290123456789987,0.01398624197473984
s11-126-27,u027,2025-07-01,variable,empirical,120,0.03414351851851849,0,0.001165779856824415,0.034740025702165826
s11-126-27,u027,2025-07-01,variable,hazard,30,0.005901679649060854,0,3.482982268013904e-05,0.00591916338327092
s11-126-27,u027,2025-07-01,variable,hazard,60,0.014385073561870465,0,0.00020693034138042463,0.014489541798352691
s11-126-27,u027,2025-07-01,variable,hazard,120,0.04512008046396265,0,0.0020358216610744644,0.046169685112900635
s11-126-27,u027,2025-07-01,variable,hazard_cal,30,0.004087373315225351,0,1.6706620618016277e-05,0.004095749457606199
s11-126-27,u027,2025-07-01,variable,hazard_cal,60,0.010123218344383234,0,0.00010247954964805722,0.01017480657378463
s11-126-27,u027,2025-07-01,variable,hazard_cal,120,0.03306931126008028,0,0.0010935793472160724,0.03362846268519876
s11-126-31,u031,2025-07-01,variable,empirical,30,0.0063657407407407,0,4.052265517832595e-05,0.006386088466525358
s11-126-31,u031,2025-07-01,variable,empirical,60,0.01388888888888884,0,0.00019290123456789987,0.01398624197473984
s11-126-31,u031,2025-07-01,variable,empirical,120,0.03414351851851849,0,0.001165779856824415,0.034740025702165826
s11-126-31,u031,2025-07-01,variable,hazard,30,0.0007635185826436741,0,5.82960626042205e-07,0.0007638102114087982
s11-126-31,u031,2025-07-01,variable,hazard,60,0.0018686316018741156,0,3.491784063522623e-06,0.0018703796719112624
s11-126-31,u031,2025-07-01,variable,hazard,120,0.005950151979795315,0,3.540430858266211e-05,0.005967924669290944
s11-126-31,u031,2025-07-01,variable,hazard_cal,30,0.0004611012220649968,0,2.1261433698983352e-07,0.0004612075619237073
s11-126-31,u031,2025-07-01,variable,hazard_cal,60,0.0011453968174637286,0,1.311933869456038e-06,0.0011460532857241034
s11-126-31,u031,2025-07-01,variable,hazard_cal,120,0.0037847631659509995,0,1.4324432222339432e-05,0.003791943505043135
s11-126-23,u023,2025-07-01,variable,empirical,30,0.0063657407407407,0,4.052265517832595e-05,0.006386088466525358
s11-126-23,u023,2025-07-01,variable,empirical,60,0.01388888888888884,0,0.00019290123456789987,0.01398624197473984
s11-126-23,u023,2025-07-01,variable,empirical,120,0.03414351851851849,0,0.001165779856824415,0.034740025702165826
s11-126-23,u023,2025-07-01,variable,hazard,30,0.001540834913102973,0,2.3741722294370466e-06,0.0015420232200310912
s11-126-23,u023,2025-07-01,variable,hazard,60,0.0037687115910479685,0,1.420318705649931e-05,0.003775831077733277
s11-126-23,u023,2025-07-01,variable,hazard,120,0.011973017063475089,0,0.00014335313760226564,0.012045270942699747
s11-126-23,u023,2025-07-01,variable,hazard_cal,30,0.0009751083722140397,0,9.508363375619141e-07,0.0009755840996651773
s11-126-23,u023,2025-07-01,variable,hazard_cal,60,0.0024211987415611036,0,5.8622033461370716e-06,0.002424134583028659
s11-126-23,u023,2025-07-01,variable,hazard_cal,120,0.007987409863982387,0,6.379871633524313e-05,0.008019480108430219
s11-126-39,u039,2025-07-01,variable,empirical,30,0.0063657407407407,0,4.052265517832595e-05,0.006386088466525358
s11-126-39,u039,2025-07-01,variable,empirical,60,0.01388888888888884,0,0.00019290123456789987,0.01398624197473984
s11-126-39,u039,2025-07-01,variable,empirical,120,0.03414351851851849,0,0.001165779856824415,0.034740025702165826
s11-126-39,u039,2025-07-01,variable,hazard,30,0.0030640565821064003,0,9.388442738349557e-06,0.003068760414472032
s11-126-39,u039,2025-07-01,variable,hazard,60,0.007485307991101808,0,5.602983572165259e-05,0.007513463498719908
s11-126-39,u039,2025-07-01,variable,hazard,120,0.023674269038892914,0,0.0005604710145258836,0.023959007509257817
s11-126-39,u039,2025-07-01,variable,hazard_cal,30,0.0020303598977249315,0,4.122361314289594e-06,0.0020324238725964866
s11-126-39,u039,2025-07-01,variable,hazard_cal,60,0.005037053729020857,0,2.5371910269042923e-05,0.005049782445631819
s11-126-39,u039,2025-07-01,variable,hazard_cal,120,0.016561594531700252,0,0.0002742864134324437,0.01670027100614848
s11-126-41,u041,2025-07-01,regular,empirical,30,0.0063657407407407,0,4.052265517832595e-05,0.006386088466525358
s11-126-41,u041,2025-07-01,regular,empirical,60,0.01388888888888884,0,0.00019290123456789987,0.01398624197473984
s11-126-41,u041,2025-07-01,regular,empirical,120,0.03414351851851849,0,0.001165779856824415,0.034740025702165826
s11-126-41,u041,2025-07-01,regular,hazard,30,0.009119125870615363,0,8.315845664412641e-05,0.009160959617956387
s11-126-41,u041,2025-07-01,regular,hazard,60,0.022170822272363,0,0.0004915453602327073,0.02242028910317651
s11-126-41,u041,2025-07-01,regular,hazard,120,0.0688915922345058,0,0.00474605148060542,0.07137956620092363
s11-126-41,u041,2025-07-01,regular,hazard_cal,30,0.006505569901410713,0,4.232243974214099e-05,0.00652682334861897
s11-126-41,u041,2025-07-01,regular,hazard_cal,60,0.01608058964883874,0,0.0002585853634543396,0.01621128533350869
s11-126-41,u041,2025-07-01,regular,hazard_cal,120,0.05213231862349188,0,0.0027177786450612784,0.0535403630758953
s11-126-0,u000,2025-07-01,variable,empirical,30,0.0063657407407407,0,4.052265517832595e-05,0.006386088466525358
s11-126-0,u000,2025-07-01,variable,empirical,60,0.01388888888888884,0,0.00019290123456789987,0.01398624197473984
s11-126-0,u000,2025-07-01,variable,empirical,120,0.03414351851851849,0,0.001165779856824415,0.034740025702165826
s11-126-0,u000,2025-07-01,variable,hazard,30,0.0005495395531152081,0,3.019937204380626e-07,0.0005496906053174019
s11-126-0,u000,2025-07-01,variable,hazard,60,0.0013451682375688057,0,1.8094775873639668e-06,0.0013460737885325142
s11-126-0,u000,2025-07-01,variable,hazard,120,0.0042860251601403165,0,1.8370011673355826e-05,0.004295236495409042
s11-126-0,u000,2025-07-01,variable,hazard_cal,30,0.0003246958088819474,0,1.0542736830550209e-07,0.00032474853397948777
s11-126-0,u000,2025-07-01,variable,hazard_cal,60,0.0008066492150879956,0,6.506829562020794e-07,0.000806974731629644
s11-126-0,u000,2025-07-01,variable,hazard_cal,120,0.0026665837640850176,0,7.110668970881821e-06,0.0026701454316360304
s11-126-28,u028,2025-07-01,variable,empirical,30,0.0063657407407407,0,4.052265517832595e-05,0.006386088466525358
s11-126-28,u028,2025-07-01,variable,empirical,60,0.01388888888888884,0,0.00019290123456789987,0.01398624197473984
s11-126-28,u028,2025-07-01,variable,empirical,120,0.03414351851851849,0,0.001165779856824415,0.034740025702165826
s11-126-28,u028,2025-07-01,variable,hazard,30,0.01163971573933753,0,0.00013548298249258184,0.011707987523777575
s11-126-28,u028,2025-07-01,variable,hazard,60,0.028242458986806884,0,0.0007976364896214689,0.02864894903994268
s11-126-28,u028,2025-07-01,variable,hazard,120,0.08711838210139466,0,0.007589612499964603,0.09114906955577018
s11-126-28,u028,2025-07-01,variable,hazard_cal,30,0.008444036091291629,0,7.130174551103561e-05,0.00847988893518268
s11-126-28,u028,2025-07-01,variable,hazard_cal,60,0.02083909643112236,0,0.0004342679400656167,0.021059294932044163
s11-126-28,u028,2025-07-01,variable,hazard_cal,120,0.06715018333916478,0,0.004509147122483443,0.06951105930074568
s11-126-40,u040,2025-07-01,regular,empirical,30,0.0063657407407407,0,4.052265517832595e-05,0.006386088466525358
s11-126-40,u040,2025-07-01,regular,empirical,60,0.01388888888888884,0,0.00019290123456789987,0.01398624197473984
s11-126-40,u040,2025-07-01,regular,empirical,120,0.03414351851851849,0,0.001165779856824415,0.034740025702165826
s11-126-40,u040,2025-07-01,regular,hazard,30,0.00429724714888724,0,1.846633305861951e-05,0.004306506852427739
s11-126-40,u040,2025-07-01,regular,hazard,60,0.010487668548050055,0,0.00010999119157375836,0.010543051711005853
s11-126-40,u040,2025-07-01,regular,hazard,120,0.033050304642614936,0,0.0010923226369696545,0.03360880622906812
s11-126-40,u040,2025-07-01,regular,hazard_cal,30,0.002913046605932945,0,8.485840528337452e-06,0.002917297784124525
s11-126-40,u040,2025-07-01,regular,hazard_cal,60,0.007221677541942806,0,5.2152626519801084e-05,0.007247880082279615
s11-126-40,u040,2025-07-01,regular,hazard_cal,120,0.023678423576678043,0,0.0005606677430765826,0.023963262796702123
s11-126-43,u043,2025-07-01,regular,empirical,30,0.0063657407407407,0,4.052265517832595e-05,0.006386088466525358
s11-126-43,u043,2025-07-01,regular,empirical,60,0.01388888888888884,0,0.00019290123456789987,0.01398624197473984
s11-126-43,u043,2025-07-01,regular,empirical,120,0.03414351851851849,0,0.001165779856824415,0.034740025702165826
s11-126-43,u043,2025-07-01,regular,hazard,30,0.010771109039556137,0,0.00011601678994200793,0.010829537371924278
s11-126-43,u043,2025-07-01,regular,hazard,60,0.02615290180533103,0,0.000683974272839287,0.026500971035811168
s11-126-43,u043,2025-07-01,regular,hazard,120,0.08087618226198612,0,0.006540956857273998,0.08433443475732856
s11-126-43,u043,2025-07-01,regular,hazard_cal,30,0.0077723169462616815,0,6.040891071314651e-05,0.00780267882537045
s11-126-43,u043,2025-07-01,regular,hazard_cal,60,0.01919188703036856,0,0.00036832852778642894,0.01937844204644087
s11-126-43,u043,2025-07-01,regular,hazard_cal,120,0.06197245546617158,0,0.00384058523650662,0.06397596523240352
s11-126-44,u044,2025-07-01,regular,empirical,30,0.0063657407407407,0,4.052265517832595e-05,0.006386088466525358
s11-126-44,u044,2025-07-01,regular,empirical,60,0.01388888888888884,0,0.00019290123456789987,0.01398624197473984
s11-126-44,u044,2025-07-01,regular,empirical,120,0.03414351851851849,0,0.001165779856824415,0.034740025702165826
s11-126-44,u044,2025-07-01,regular,hazard,30,0.012327787435145288,0,0.00015197434304612602,0.012404404940720409
s11-126-44,u044,2025-07-01,regular,hazard,60,0.029895657891359506,0,0.0008937503607572059,0.030351644085692915
s11-126-44,u044,2025-07-01,regular,hazard,120,0.09203441402332546,0,0.008470333364616887,0.09654880200584738
s11-126-44,u044,2025-07-01,regular,hazard_cal,30,0.008978685034561451,0,8.061678494985776e-05,0.009019236341135018
s11-126-44,u044,2025-07-01,regular,hazard_cal,60,0.022148880886761813,0,0.0004905729245359628,0.022397850481038165
s11-126-44,u044,2025-07-01,regular,hazard_cal,120,0.07125156202710536,0,0.005076785091302443,0.07391736481118447
s11-126-48,u048,2025-07-01,variable,empirical,30,0.0063657407407407,0,4.052265517832595e-05,0.006386088466525358
s11-126-48,u048,2025-07-01,variable,empirical,60,0.01388888888888884,0,0.00019290123456789987,0.01398624197473984
s11-126-48,u048,2025-07-01,variable,empirical,120,0.03414351851851849,0,0.001165779856824415,0.034740025702165826
s11-126-48,u048,2025-07-01,variable,hazard,30,0.0011496141683784433,0,1.3216127361364598e-06,0.0011502754816318209
s11-126-48,u048,2025-07-01,variable,hazard,60,0.0028127001075718416,0,7.91128189513465e-06,0.0028166631815562744
s11-126-48,u048,2025-07-01,variable,hazard,120,0.008946107098246836,0,8.003283221330243e-05,0.008986363787976348
s11-126-48,u048,2025-07-01,variable,hazard_cal,30,0.0007134514901534494,0,5.090130288021775e-07,0.0007137061177846958
s11-126-48,u048,2025-07-01,variable,hazard_cal,60,0.0017718817178153934,0,3.139564821928429e-06,0.001773453357006576
s11-126-48,u048,2025-07-01,variable,hazard_cal,120,0.005850192900557993,0,3.4224756973739147e-05,0.005867372313732339
s11-126-38,u038,2025-07-01,regular,empirical,30,0.0063657407407407,0,4.052265517832595e-05,0.006386088466525358
s11-126-38,u038,2025-07-01,regular,empirical,60,0.01388888888888884,0,0.00019290123456789987,0.01398624197473984
s11-126-38,u038,2025-07-01,regular,empirical,120,0.03414351851851849,0,0.001165779856824415,0.034740025702165826
s11-126-38,u038,2025-07-01,regular,hazard,30,0.0009143815433657609,0,8.360936068479509e-07,0.0009147998451802636
s11-126-38,u038,2025-07-01,regular,hazard,60,0.002237585595152747,0,5.006789295635072e-06,0.0022400927304519905
s11-126-38,u038,2025-07-01,regular,hazard,120,0.0071218214580901495,0,5.07203408809133e-05,0.007147302682425667
s11-126-38,u038,2025-07-01,regular,hazard_cal,30,0.0005588773525020407,0,3.123438951396903e-07,0.0005590335826613209
s11-126-38,u038,2025-07-01,regular,hazard_cal,60,0.0013881665111714625,0,1.9270062627379503e-06,0.0013891309069007222
s11-126-38,u038,2025-07-01,regular,hazard_cal,120,0.004585531965579759,0,2.1027103407353766e-05,0.004596077768376856
s11-127-21,u021,2025-07-02,variable,empirical,30,0.0063657407407407,0,4.052265517832595e-05,0.006386088466525358
s11-127-21,u021,2025-07-02,variable,empirical,60,0.01388888888888884,0,0.00019290123456789987,0.01398624197473984
s11-127-21,u021,2025-07-02,variable,empirical,120,0.03414351851851849,0,0.001165779856824415,0.034740025702165826
s11-127-21,u021,2025-07-02,variable,hazard,30,0.0044385184192523575,0,1.9700445758042444e-05,0.004448397886434528
s11-127-21,u021,2025-07-02,variable,hazard,60,0.010831236456311122,0,0.00011731568317252311,0.010890321326693542
s11-127-21,u021,2025-07-02,variable,hazard,120,0.03411888566149213,0,0.001164098358781973,0.03471452238631071
s11-127-21,u021,2025-07-02,variable,hazard_cal,30,0.003015382109007647,0,9.092529263323406e-06,0.0030199375335078376
s11-127-21,u021,2025-07-02,variable,hazard_cal,60,0.007474751066876673,0,5.587190351177396e-05,0.007502827013269418
s11-127-21,u021,2025-07-02,variable,hazard_cal,120,0.024500286284673267,0,0.000600264028030949,0.02480541239382023
s11-127-27,u027,2025-07-02,variable,empirical,30,0.0063657407407407,0,4.052265517832595e-05,0.006386088466525358
s11-127-27,u027,2025-07-02,variable,empirical,60,0.01388888888888884,0,0.00019290123456789987,0.01398624197473984
s11-127-27,u027,2025-07-02,variable,empirical,120,0.03414351851851849,0,0.001165779856824415,0.034740025702165826
s11-127-27,u027,2025-07-02,variable,hazard,30,0.004678866926027814,0,2.1891795711476965e-05,0.004689847087079427
s11-127-27,u027,2025-07-02,variable,hazard,60,0.011415580412126758,0,0.00013031547614573212,0.01148123831047406
s11-127-27,u027,2025-07-02,variable,hazard,120,0.03593429585266228,0,0.0012912736184266616,0.036595828865042236
s11-127-27,u027,2025-07-02,variable,hazard_cal,30,0.003189997177630577,0,1.0176081993291047e-05,0.0031950960651392388
s11-127-27,u027,2025-07-02,variable,hazard_cal,60,0.00790647265834099,0,6.251230989709365e-05,0.00793789454708012
s11-127-27,u027,2025-07-02,variable,hazard_cal,120,0.025901082579420365,0,0.0006708660787859531,0.02624242256958592
s11-127-11,u011,2025-07-02,regular,empirical,30,0.0063657407407407,0,4.052265517832595e-05,0.006386088466525358
s11-127-11,u011,2025-07-02,regular,empirical,60,0.01388888888888884,0,0.00019290123456789987,0.01398624197473984
s11-127-11,u011,2025-07-02,regular,empirical,120,0.03414351851851849,0,0.001165779856824415,0.034740025702165826
s11-127-11,u011,2025-07-02,regular,hazard,30,0.003198961937519451,0,1.0233357477698202e-05,0.0032040895545462356
s11-127-11,u011,2025-07-02,regular,hazard,60,0.007814038712346094,0,6.10592009980434e-05,0.007844728290419767
s11-127-11,u011,2025-07-02,regular,hazard,120,0.024704184698778997,0,0.0006102967416313864,0.0250144536919116
s11-127-11,u011,2025-07-02,regular,hazard_cal,30,0.0021258948511623244,0,4.519428918198481e-06,0.0021281577733466553
s11-127-11,u011,2025-07-02,regular,hazard_cal,60,0.005273652068948365,0,2.7811406144323365e-05,0.00528760685543503
s11-127-11,u011,2025-07-02,regular,hazard_cal,120,0.01733428353176103,0,0.00030047738555948164,0.017486281300538278
s11-127-41,u041,2025-07-02,regular,empirical,30,0.0063657407407407,0,4.052265517832595e-05,0.006386088466525358
s11-127-41,u041,2025-07-02,regular,empirical,60,0.01388888888888884,0,0.00019290123456789987,0.01398624197473984
s11-127-41,u041,2025-07-02,regular,empirical,120,0.03414351851851849,0,0.001165779856824415,0.034740025702165826
s11-127-41,u041,2025-07-02,regular,hazard,30,0.0051738983101082825,0,2.676922372334134e-05,0.005187329268942975
s11-127-41,u041,2025-07-02,regular,hazard,60,0.012618415798725469,0,0.0001592244172695245,0.012698704130093075
s11-127-41,u041,2025-07-02,regular,hazard,120,0.03966311129630107,0,0.0015731623977027654,0.040471130347268874
s11-127-41,u041,2025-07-02,regular,hazard_cal,30,0.0035515502225107465,0,1.2613508983016132e-05,0.003557871949394298
s11-127-41,u041,2025-07-02,regular,hazard_cal,60,0.008799991417385966,0,7.743984894606666e-05,0.008838940008392823
s11-127-41,u041,2025-07-02,regular,hazard_cal,120,0.028795336980236175,0,0.000829171431805357,0.02921805739130852
s11-127-13,u013,2025-07-02,variable,empirical,30,0.0063657407407407,0,4.052265517832595e-05,0.006386088466525358
s11-127-13,u013,2025-07-02,variable,empirical,60,0.01388888888888884,0,0.00019290123456789987,0.01398624197473984
s11-127-13,u013,2025-07-02,variable,empirical,120,0.03414351851851849,0,0.001165779856824415,0.034740025702165826
s11-127-13,u013,2025-07-02,variable,hazard,30,0.002909442370467752,0,8.464854907073011e-06,0.0029136830252123685
s11-127-13,u013,2025-07-02,variable,hazard,60,0.0071084651573739555,0,5.053027689359953e-05,0.007133850668703863
s11-127-13,u013,2025-07-02,variable,hazard,120,0.02249260945164866,0,0.0005059174799443946,0.022749426487922858
s11-127-13,u013,2025-07-02,variable,hazard_cal,30,0.0019212189208649422,0,3.691082141889453e-06,0.0019230668291394352
s11-127-13,u013,2025-07-02,variable,hazard_cal,60,0.004766714011535167,0,2.2721562467765684e-05,0.004778111024727271
s11-127-13,u013,2025-07-02,variable,hazard_cal,120,0.015678138839753664,0,0.00024580403747859235,0.015802340738637233
s11-127-20,u020,2025-07-02,variable,empirical,30,0.0063657407407407,0,4.052265517832595e-05,0.006386088466525358
s11-127-20,u020,2025-07-02,variable,empirical,60,0.01388888888888884,0,0.00019290123456789987,0.01398624197473984
s11-127-20,u020,2025-07-02,variable,empirical,120,0.03414351851851849,0,0.001165779856824415,0.034740025702165826
s11-127-20,u020,2025-07-02,variable,hazard,30,0.0008644908662279738,0,7.473444577915925e-07,0.000864864753954083
s11-127-20,u020,2025-07-02,variable,hazard,60,0.0021155815434621417,0,4.475685267037658e-06,0.002117822547337806
s11-127-20,u020,2025-07-02,variable,hazard,120,0.006734494402796054,0,4.535341486129138e-05,0.006757273438018721
s11-127-20,u020,2025-07-02,variable,hazard_cal,30,0.0005264136794611574,0,2.771113619238341e-07,0.0005265522837863955
s11-127-20,u020,2025-07-02,variable,hazard_cal,60,0.0013075663091096645,0,1.7097296527186707e-06,0.001308421919862547
s11-127-20,u020,2025-07-02,variable,hazard_cal,120,0.0043197296072705615,0,1.866006387992988e-05,0.004329086595372072
s11-127-25,u025,2025-07-02,variable,empirical,30,0.0063657407407407,0,4.052265517832595e-05,0.006386088466525358
s11-127-25,u025,2025-07-02,variable,empirical,60,0.01388888888888884,0,0.00019290123456789987,0.01398624197473984
s11-127-25,u025,2025-07-02,variable,empirical,120,0.03414351851851849,0,0.001165779856824415,0.034740025702165826
s11-127-25,u025,2025-07-02,variable,hazard,30,0.007504749441077152,0,5.632126417334783e-05,0.00753305176330141
s11-127-25,u025,2025-07-02,variable,hazard,60,0.018269251876123827,0,0.00033376556411325397,0.018438195470428617
s11-127-25,u025,2025-07-02,variable,hazard,120,0.05703566585749942,0,0.003253067179808325,0.058726818757998754
s11-127-25,u025,2025-07-02,variable,hazard_cal,30,0.005283154235702581,0,2.791171867822212e-05,0.005297159444606112
s11-127-25,u025,2025-07-02,variable,hazard_cal,60,0.013072044679408368,0,0.0001708783521004486,0.013158235808976081
s11-127-25,u025,2025-07-02,variable,hazard_cal,120,0.04254179623051235,0,0.0018098044265184349,0.043473210295765466
s11-127-51,u051,2025-07-02,variable,empirical,30,0.0063657407407407,0,4.052265517832595e-05,0.006386088466525358
s11-127-51,u051,2025-07-02,variable,empirical,60,0.01388888888888884,0,0.00019290123456789987,0.01398624197473984
s11-127-51,u051,2025-07-02,variable,empirical,120,0.03414351851851849,0,0.001165779856824415,0.034740025702165826
s11-127-51,u051,2025-07-02,variable,hazard,30,0.001576824984483749,0,2.4863770316921752e-06,0.0015780694814075398
s11-127-51,u051,2025-07-02,variable,hazard,60,0.003856629413227175,0,1.4873590430968985e-05,0.0038640853845618803
s11-127-51,u051,2025-07-02,variable,hazard,120,0.012251030700099919,0,0.0001500877532147907,0.012326693173945141
s11-127-51,u051,2025-07-02,variable,hazard_cal,30,0.000999423780976394,0,9.988478939811511e-07,0.0009999235379304547
s11-127-51,u051,2025-07-02,variable,hazard_cal,60,0.0024815247807421503,0,6.1579652374373775e-06,0.0024846088665743072
s11-127-51,u051,2025-07-02,variable,hazard_cal,120,0.008185792048210017,0,6.700719145653834e-05,0.008219479609475491
s11-127-1,u001,2025-07-02,regular,empirical,30,0.0063657407407407,0,4.052265517832595e-05,0.006386088466525358
s11-127-1,u001,2025-07-02,regular,empirical,60,0.01388888888888884,0,0.00019290123456789987,0.01398624197473984
s11-127-1,u001,2025-07-02,regular,empirical,120,0.03414351851851849,0,0.001165779856824415,0.034740025702165826
s11-127-1,u001,2025-07-02,regular,hazard,30,0.0012828735933571034,0,1.6457646565329666e-06,0.0012836971801325405
s11-127-1,u001,2025-07-02,regular,hazard,60,0.0031384077330837146,0,9.849603099079661e-06,0.00314334286297149
s11-127-1,u001,2025-07-02,regular,hazard,120,0.009978142334497897,0,9.956332444749914e-05,0.010028257647224707
s11-127-1,u001,2025-07-02,regular,hazard_cal,30,0.0008019950453325153,0,6.431960527379032e-07,0.0008023168154090585
s11-127-1,u001,2025-07-02,regular,hazard_cal,60,0.0019916388363366844,0,3.966625254404542e-06,0.0019936247862653287
s11-127-1,u001,2025-07-02,regular,hazard_cal,120,0.006573917197695511,0,4.3216387322156804e-05,0.006595620561056994
s11-127-35,u035,2025-07-02,variable,empirical,30,0.0063657407407407,0,4.052265517832595e-05,0.006386088466525358
s11-127-35,u035,2025-07-02,variable,empirical,60,0.01388888888888884,0,0.00019290123456789987,0.01398624197473984
s11-127-35,u035,2025-07-02,variable,empirical,120,0.03414351851851849,0,0.001165779856824415,0.034740025702165826
s11-127-35,u035,2025-07-02,variable,hazard,30,0.0038598858300284977,0,1.4898718620854785e-05,0.0038673544141214194
s11-127-35,u035,2025-07-02,variable,hazard,60,0.009423528863484743,0,8.880289624093004e-05,0.009468211243626136
s11-127-35,u035,2025-07-02,variable,hazard,120,0.02973491447120269,0,0.000884165138609739,0.03018596076968618
s11-127-35,u035,2025-07-02,variable,hazard_cal,30,0.0025977140791071385,0,6.748118436791448e-06,0.002601093992960943
s11-127-35,u035,2025-07-02,variable,hazard_cal,60,0.006441600601577724,0,4.1494218310246494e-05,0.0064624372397994265
s11-127-35,u035,2025-07-02,variable,hazard_cal,120,0.021141746108733983,0,0.0004469734285261685,0.02136843356214263
s11-127-7,u007,2025-07-02,regular,empirical,30,0.0063657407407407,0,4.052265517832595e-05,0.006386088466525358
s11-127-7,u007,2025-07-02,regular,empirical,60,0.01388888888888884,0,0.00019290123456789987,0.01398624197473984
s11-127-7,u007,2025-07-02,regular,empirical,120,0.03414351851851849,0,0.001165779856824415,0.034740025702165826
s11-127-7,u007,2025-07-02,regular,hazard,30,0.002493669749279559,0,6.218388818471978e-06,0.0024967841222445723
s11-127-7,u007,2025-07-02,regular,hazard,60,0.00609463961985468,0,3.71446320959024e-05,0.0061132877435727375
s11-127-7,u007,2025-07-02,regular,hazard,120,0.01930822197087212,0,0.0003728074356764688,0.019497060396789827
s11-127-7,u007,2025-07-02,regular,hazard_cal,30,0.0016297317626096097,0,2.6560256180586253e-06,0.0016310612200543303
s11-127-7,u007,2025-07-02,regular,hazard_cal,60,0.0040444706127743535,0,1.6357742537595355e-05,0.004052671603957254
s11-127-7,u007,2025-07-02,regular,hazard_cal,120,0.013314885219704808,0,0.00017728616841391356,0.013404323094473782
s11-127-0,u000,2025-07-02,variable,empirical,30,0.0063657407407407,0,4.052265517832595e-05,0.006386088466525358
s11-127-0,u000,2025-07-02,variable,empirical,60,0.01388888888888884,0,0.00019290123456789987,0.01398624197473984
s11-127-0,u000,2025-07-02,variable,empirical,120,0.03414351851851849,0,0.001165779856824415,0.034740025702165826
s11-127-0,u000,2025-07-02,variable,hazard,30,0.0005367859490230664,0,2.8813915506859404e-07,0.0005369300701777157
s11-127-0,u000,2025-07-02,variable,hazard,60,0.0013139631082882408,0,1.7264990499424952e-06,0.0013148271147445487
s11-127-0,u000,2025-07-02,variable,hazard,120,0.004186755527227359,0,1.7528921844768843e-05,0.0041955445283271805
s11-127-0,u000,2025-07-02,variable,hazard_cal,30,0.0003166656346367258,0,1.0027712415988032e-07,0.00031671578378609334
s11-127-0,u000,2025-07-02,variable,hazard_cal,60,0.0007867048240178809,0,6.189044801330049e-07,0.0007870144386521484
s11-127-0,u000,2025-07-02,variable,hazard_cal,120,0.0026007187219051486,0,6.76373787046795e-06,0.0026041064658278374
s11-127-49,u049,2025-07-02,variable,empirical,30,0.0063657407407407,0,4.052265517832595e-05,0.006386088466525358
s11-127-49,u049,2025-07-02,variable,empirical,60,0.01388888888888884,0,0.00019290123456789987,0.01398624197473984
s11-127-49,u049,2025-07-02,variable,empirical,120,0.03414351851851849,0,0.001165779856824415,0.034740025702165826
s11-127-49,u049,2025-07-02,variable,hazard,30,0.0029574117160536817,0,8.746284058251583e-06,0.0029617934993735194
s11-127-49,u049,2025-07-02,variable,hazard,60,0.007225391235605505,0,5.2206278507564844e-05,0.007251620797124641
s11-127-49,u049,2025-07-02,variable,hazard,120,0.022859367835073696,0,0.0005225506978192019,0.023124694447644863
s11-127-49,u049,2025-07-02,variable,hazard_cal,30,0.001955039011377835,0,3.822177536009222e-06,0.0019569525946392186
s11-127-49,u049,2025-07-02,variable,hazard_cal,60,0.004850490761427517,0,2.3527260626693696e-05,0.0048622925702497925
s11-127-49,u049,2025-07-02,variable,hazard_cal,120,0.015951982156092392,0,0.0002544657347082901,0.01608058449864032
s11-127-55,u055,2025-07-02,new,empirical,30,0.0063657407407407,0,4.052265517832595e-05,0.006386088466525358
s11-127-55,u055,2025-07-02,new,empirical,60,0.01388888888888884,0,0.00019290123456789987,0.01398624197473984
s11-127-55,u055,2025-07-02,new,empirical,120,0.03414351851851849,0,0.001165779856824415,0.034740025702165826
s11-127-55,u055,2025-07-02,new,hazard,30,0.0026574963830602316,0,7.062287025978213e-06,0.0026610337950695056
s11-127-55,u055,2025-07-02,new,hazard,60,0.0064941965059261975,0,4.217458825758403e-05,0.006515375543739676
s11-127-55,u055,2025-07-02,new,hazard,120,0.02056414722096589,0,0.0004228841509255591,0.02077853350315742
s11-127-55,u055,2025-07-02,new,hazard_cal,30,0.0017442217814415129,0,3.042309622855005e-06,0.0017457447073909891
s11-127-55,u055,2025-07-02,new,hazard_cal,60,0.0043281936288709355,0,1.8733260088998958e-05,0.004337587374013065
s11-127-55,u055,2025-07-02,new,hazard_cal,120,0.014243776756418969,0,0.00020288517628670128,0.014346193037551087
s11-127-38,u038,2025-07-02,regular,empirical,30,0.0063657407407407,0,4.052265517832595e-05,0.006386088466525358
s11-127-38,u038,2025-07-02,regular,empirical,60,0.01388888888888884,0,0.00019290123456789987,0.01398624197473984
s11-127-38,u038,2025-07-02,regular,empirical,120,0.03414351851851849,0,0.001165779856824415,0.034740025702165826
s11-127-38,u038,2025-07-02,regular,hazard,30,0.0015845070486506518,0,2.510662587223599e-06,0.0015857637075763092
s11-127-38,u038,2025-07-02,regular,hazard,60,0.0038753947824455848,0,1.5018684719806461e-05,0.0038829235824819055
s11-127-38,u038,2025-07-02,regular,hazard,120,0.012310362888185655,0,0.00015154503443881866,0.012386763062132
s11-127-38,u038,2025-07-02,regular,hazard_cal,30,0.0010046187506149717,0,1.0092588340871868e-06,0.0010051237182603207
s11-127-38,u038,2025-07-02,regular,hazard_cal,60,0.002494413085222469,0,6.2220966397290754e-06,0.0024975293167334013
s11-127-38,u038,2025-07-02,regular,hazard_cal,120,0.008228171271822848,0,6.770280247845083e-05,0.008262209516659364
s11-127-10,u010,2025-07-02,variable,empirical,30,0.0063657407407407,0,4.052265517832595e-05,0.006386088466525358
s11-127-10,u010,2025-07-02,variable,empirical,60,0.01388888888888884,0,0.00019290123456789987,0.01398624197473984
s11-127-10,u010,2025-07-02,variable,empirical,120,0.03414351851851849,0,0.001165779856824415,0.034740025702165826
s11-127-10,u010,2025-07-02,variable,hazard,30,0.0004143426544196416,0,1.7167983527151453e-07,0.0004144285180560745
s11-127-10,u010,2025-07-02,variable,hazard,60,0.0010143405168987485,0,1.0288866842224202e-06,0.0010148553083862103
s11-127-10,u010,2025-07-02,variable,hazard,120,0.003233217256142562,0,1.0453693825418037e-05,0.003238455396800478
s11-127-10,u010,2025-07-02,variable,hazard_cal,30,0.00024026301431145924,0,5.772631604602847e-08,0.00024029188209348173
s11-127-10,u010,2025-07-02,variable,hazard_cal,60,0.0005969320142755752,0,3.563278296670955e-07,0.0005971102491233294
s11-127-10,u010,2025-07-02,variable,hazard_cal,120,0.0019738386099991123,0,3.8960388583232275e-06,0.0019757891966130305
s11-127-30,u030,2025-07-02,variable,empirical,30,0.0063657407407407,0,4.052265517832595e-05,0.006386088466525358
s11-127-30,u030,2025-07-02,variable,empirical,60,0.01388888888888884,0,0.00019290123456789987,0.01398624197473984
s11-127-30,u030,2025-07-02,variable,empirical,120,0.03414351851851849,0,0.001165779856824415,0.034740025702165826
s11-127-30,u030,2025-07-02,variable,hazard,30,0.0021417993286667603,0,4.587304364277385e-06,0.0021440962611472387
s11-127-30,u030,2025-07-02,variable,hazard,60,0.005236111609187355,0,2.7416864783866593e-05,0.005249868082879032
s11-127-30,u030,2025-07-02,variable,hazard,120,0.016605507812919695,0,0.00027574288972493705,0.016744924805949253
s11-127-30,u030,2025-07-02,variable,hazard_cal,30,0.0013855853579812782,0,1.919846784252107e-06,0.0013865461689997443
s11-127-30,u030,2025-07-02,variable,hazard_cal,60,0.0034392628542284642,0,1.1828528980475723e-05,0.003445190714267191
s11-127-30,u030,2025-07-02,variable,hazard_cal,120,0.011331217558093853,0,0.00012839649134885442,0.011395904925758846
s11-127-9,u009,2025-07-02,regular,empirical,30,0.0063657407407407,0,4.052265517832595e-05,0.006386088466525358
s11-127-9,u009,2025-07-02,regular,empirical,60,0.01388888888888884,0,0.00019290123456789987,0.01398624197473984
s11-127-9,u009,2025-07-02,regular,empirical,120,0.03414351851851849,0,0.001165779856824415,0.034740025702165826
s11-127-9,u009,2025-07-02,regular,hazard,30,0.011727198558906249,0,0.0001375271860400128,0.01179650452802956
s11-127-9,u009,2025-07-02,regular,hazard,60,0.02845275082723442,0,0.0008095590296366889,0.02886537606910496
s11-127-9,u009,2025-07-02,regular,hazard,120,0.08774482385868376,0,0.007699154113991439,0.09183552964351209
s11-127-9,u009,2025-07-02,regular,hazard_cal,30,0.008511890692933122,0,7.24522831684415e-05,0.008548323724489142
s11-127-9,u009,2025-07-02,regular,hazard_cal,60,0.021005390518680778,0,0.0004412264308422843,0.021229142614569804
s11-127-9,u009,2025-07-02,regular,hazard_cal,120,0.06767167685865849,0,0.004579455848862695,0.07007024828323927
s11-127-12,u012,2025-07-02,variable,empirical,30,0.0063657407407407,0,4.052265517832595e-05,0.006386088466525358
s11-127-12,u012,2025-07-02,variable,empirical,60,0.01388888888888884,0,0.00019290123456789987,0.01398624197473984
s11-127-12,u012,2025-07-02,variable,empirical,120,0.03414351851851849,0,0.001165779856824415,0.034740025702165826
s11-127-12,u012,2025-07-02,variable,hazard,30,0.0024748115898246548,0,6.124692405130435e-06,0.002477878997910372
s11-127-12,u012,2025-07-02,variable,hazard,60,0.00604863977876402,0,3.658604317324645e-05,0.006067006901878115
s11-127-12,u012,2025-07-02,variable,hazard,120,0.019163552991732336,0,0.00036724176326693336,0.019349554000954675
s11-127-12,u012,2025-07-02,variable,hazard_cal,30,0.0016165847487413787,0,2.6133462498632265e-06,0.001617892831807813
s11-127-12,u012,2025-07-02,variable,hazard_cal,60,0.004011886992373093,0,1.609523723957242e-05,0.004019956200056576
s11-127-12,u012,2025-07-02,variable,hazard_cal,120,0.01320816528529789,0,0.0001744556302037483,0.013296168869983594
s11-127-26,u026,2025-07-02,regular,empirical,30,0.0063657407407407,0,4.052265517832595e-05,0.006386088466525358
s11-127-26,u026,2025-07-02,regular,empirical,60,0.01388888888888884,0,0.00019290123456789987,0.01398624197473984
s11-127-26,u026,2025-07-02,regular,empirical,120,0.03414351851851849,0,0.001165779856824415,0.034740025702165826
s11-127-26,u026,2025-07-02,regular,hazard,30,0.0020253210692835477,0,4.101925433683853e-06,0.002027374805452333
s11-127-26,u026,2025-07-02,regular,hazard,60,0.004951810968434334,0,2.4520431867106572e-05,0.004964111808793196
s11-127-26,u026,2025-07-02,regular,hazard,120,0.015709270278071674,0,0.0002467811726695061,0.015833968534237845
s11-127-26,u026,2025-07-02,regular,hazard_cal,30,0.0013053408132231992,0,1.703914638666203e-06,0.0013061935126655623
s11-127-26,u026,2025-07-02,regular,hazard_cal,60,0.003240294173511349,0,1.0499506330891596e-05,0.0032455552948047342
s11-127-26,u026,2025-07-02,regular,hazard_cal,120,0.01067839392480352,0,0.00011402809681328071,0.010735817130808987
s11-127-2,u002,2025-07-02,variable,empirical,30,0.0063657407407407,0,4.052265517832595e-05,0.006386088466525358
s11-127-2,u002,2025-07-02,variable,empirical,60,0.01388888888888884,0,0.00019290123456789987,0.01398624197473984
s11-127-2,u002,2025-07-02,variable,empirical,120,0.03414351851851849,0,0.001165779856824415,0.034740025702165826
s11-127-2,u002,2025-07-02,variable,hazard,30,0.003074936330358935,0,9.455233435761274e-06,0.0030796736608958986
s11-127-2,u002,2025-07-02,variable,hazard,60,0.007511821834073618,0,5.642746726686513e-05,0.007540177659562457
s11-127-2,u002,2025-07-02,variable,hazard,120,0.02375736747561552,0,0.0005644125093714342,0.024044124566695375
s11-127-2,u002,2025-07-02,variable,hazard_cal,30,0.0020380541223061766,0,4.153664605449199e-06,0.0020401337807269353
s11-127-2,u002,2025-07-02,variable,hazard_cal,60,0.005056110329228036,0,2.556425166132644e-05,0.00506893570433073
s11-127-2,u002,2025-07-02,variable,hazard_cal,120,0.016623847408037795,0,0.00027635230264572494,0.016763574255662484
s11-127-32,u032,2025-07-02,regular,empirical,30,0.0063657407407407,0,4.052265517832595e-05,0.006386088466525358
s11-127-32,u032,2025-07-02,regular,empirical,60,0.01388888888888884,0,0.00019290123456789987,0.01398624197473984
s11-127-32,u032,2025-07-02,regular,empirical,120,0.03414351851851849,0,0.001165779856824415,0.034740025702165826
s11-127-32,u032,2025-07-02,regular,hazard,30,0.0030490729054727383,0,9.296845582887966e-06,0.0030537307988448494
s11-127-32,u032,2025-07-02,regular,hazard,60,0.007448792164497897,0,5.548450470988527e-05,0.007476672955281634
s11-127-32,u032,2025-07-02,regular,hazard,120,0.023559814128456535,0,0.0005550648417674202,0.023841784129250157
s11-127-32,u032,2025-07-02,regular,hazard_cal,30,0.0020197663833089186,0,4.0794562431447895e-06,0.0020218088621139097
s11-127-32,u032,2025-07-02,regular,hazard_cal,60,0.005010815947275149,0,2.510827645746695e-05,0.005023412181395402
s11-127-32,u032,2025-07-02,regular,hazard_cal,120,0.016475877662437743,0,0.000271454544747615,0.016613114420189125
s11-128-54,u054,2025-07-03,new,empirical,30,0.0063657407407407,0,4.052265517832595e-05,0.006386088466525358
s11-128-54,u054,2025-07-03,new,empirical,60,0.01388888888888884,0,0.00019290123456789987,0.01398624197473984
s11-128-54,u054,2025-07-03,new,empirical,120,0.03414351851851849,0,0.001165779856824415,0.034740025702165826
s11-128-54,u054,2025-07-03,new,hazard,30,0.00405358565679681,0,1.6431556676988823e-05,0.004061823705094772
s11-128-54,u054,2025-07-03,new,hazard,60,0.009894909245993344,0,9.790922898644457e-05,0.009944189210481286
s11-128-54,u054,2025-07-03,new,hazard,120,0.031204582970309702,0,0.0009737259983509423,0.0317018173183472
s11-128-54,u054,2025-07-03,new,hazard_cal,30,0.0027370841732108353,0,7.491629771241242e-06,0.002740836837232138
s11-128-54,u054,2025-07-03,new,hazard_cal,60,0.006786427173160914,0,4.605559377661683e-05,0.006809559687535018
s11-128-54,u054,2025-07-03,new,hazard_cal,120,0.022263689023200084,0,0.0004956718489217599,0.022515265979628156
s11-128-24,u024,2025-07-03,regular,empirical,30,0.0063657407407407,0,4.052265517832595e-05,0.006386088466525358
s11-128-24,u024,2025-07-03,regular,empirical,60,0.01388888888888884,0,0.00019290123456789987,0.01398624197473984
s11-128-24,u024,2025-07-03,regular,empirical,120,0.03414351851851849,0,0.001165779856824415,0.034740025702165826
s11-128-24,u024,2025-07-03,regular,hazard,30,0.00161321660289937,0,2.6024678078701835e-06,0.0016145192379467949
s11-128-24,u024,2025-07-03,regular,hazard,60,0.003945523049683652,0,1.556715213558499e-05,0.00395332716004655
s11-128-24,u024,2025-07-03,regular,hazard,120,0.012532070068327683,0,0.00015705278019747463,0.012611258752777106
s11-128-24,u024,2025-07-03,regular,hazard_cal,30,0.0010240484020146434,0,1.0486751296687447e-06,0.00102457309781933
s11-128-24,u024,2025-07-03,regular,hazard_cal,60,0.002542615528426606,0,6.46489372539611e-06,0.0025458534650057074
s11-128-24,u024,2025-07-03,regular,hazard_cal,120,0.008386657797004204,0,7.033602900405141e-05,0.008422023684720597
s11-128-18,u018,2025-07-03,regular,empirical,30,0.0063657407407407,0,4.052265517832595e-05,0.006386088466525358
s11-128-18,u018,2025-07-03,regular,empirical,60,0.01388888888888884,0,0.00019290123456789987,0.01398624197473984
s11-128-18,u018,2025-07-03,regular,empirical,120,0.03414351851851849,0,0.001165779856824415,0.034740025702165826
s11-128-18,u018,2025-07-03,regular,hazard,30,0.0029030341172711083,0,8.427607086040043e-06,0.002907256093821905
s11-128-18,u018,2025-07-03,regular,hazard,60,0.007092844259778408,0,5.030843969347151e-05,0.007118118059280815
s11-128-18,u018,2025-07-03,regular,hazard,120,0.022443604012726825,0,0.0005037153610800877,0.02269929468222977
s11-128-18,u018,2025-07-03,regular,hazard_cal,30,0.0019167037212797222,0,3.673753155167535e-06,0.0019185429484020514
s11-128-18,u018,2025-07-03,regular,hazard_cal,60,0.004755528926362218,0,2.261505536946779e-05,0.004766872431245498
s11-128-18,u018,2025-07-03,regular,hazard_cal,120,0.01564157340616623,0,0.0002446588186204867,0.015765193585979602
s11-128-57,u057,2025-07-03,new,empirical,30,0.0063657407407407,0,4.052265517832595e-05,0.006386088466525358
s11-128-57,u057,2025-07-03,new,empirical,60,0.01388888888888884,0,0.00019290123456789987,0.01398624197473984
s11-128-57,u057,2025-07-03,new,empirical,120,0.03414351851851849,0,0.001165779856824415,0.034740025702165826
s11-128-57,u057,2025-07-03,new,hazard,30,0.00220451902758112,0,4.859904142967206e-06,0.0022069525568180885
s11-128-57,u057,2025-07-03,new,hazard,60,0.005389176375749094,0,2.904322200893214e-05,0.00540375037155932
s11-128-57,u057,2025-07-03,new,hazard,120,0.01708777869351763,0,0.00029199218067863506,0.017235459560226308
s11-128-57,u057,2025-07-03,new,hazard_cal,30,0.001428917448876077,0,2.041805075702516e-06,0.0014299393249809964
s11-128-57,u057,2025-07-03,new,hazard_cal,60,0.003546695190747462,0,1.2579046776071175e-05,0.0035529996251544103
s11-128-57,u057,2025-07-03,new,hazard_cal,120,0.011683568926064924,0,0.0001365057828501099,0.011752358144824898
s11-128-30,u030,2025-07-03,variable,empirical,30,0.0063657407407407,0,4.052265517832595e-05,0.006386088466525358
s11-128-30,u030,2025-07-03,variable,empirical,60,0.01388888888888884,0,0.00019290123456789987,0.01398624197473984
s11-128-30,u030,2025-07-03,variable,empirical,120,0.03414351851851849,0,0.001165779856824415,0.034740025702165826
s11-128-30,u030,2025-07-03,variable,hazard,30,0.002626781681097534,0,6.899982000149588e-06,0.00263023772560722
s11-128-30,u030,2025-07-03,variable,hazard,60,0.006419294306437284,0,4.1207339392658136e-05,0.0064399865768496435
s11-128-30,u030,2025-07-03,variable,hazard,120,0.02032879989945069,0,0.00041326010535190633,0.020538273715106133
s11-128-30,u030,2025-07-03,variable,hazard_cal,30,0.0017227195776151616,0,2.9677627430985606e-06,0.0017242051653993135
s11-128-30,u030,2025-07-03,variable,hazard_cal,60,0.004274912069217929,0,1.8274873199545112e-05,0.004284075630755677
s11-128-30,u030,2025-07-03,variable,hazard_cal,120,0.014069387676634015,0,0.0001979476695954211,0.014169299752984883
s11-128-40,u040,2025-07-03,regular,empirical,30,0.0063657407407407,0,4.052265517832595e-05,0.006386088466525358
s11-128-40,u040,2025-07-03,regular,empirical,60,0.01388888888888884,0,0.00019290123456789987,0.01398624197473984
s11-128-40,u040,2025-07-03,regular,empirical,120,0.03414351851851849,0,0.001165779856824415,0.034740025702165826
s11-128-40,u040,2025-07-03,regular,hazard,30,0.0034512205228900417,0,1.1910923097617412e-05,0.0034571897224119938
s11-128-40,u040,2025-07-03,regular,hazard,60,0.00842854121114267,0,7.104030694793035e-05,0.008464262223583688
s11-128-40,u040,2025-07-03,regular,hazard,120,0.02662722895563152,0,0.0007090093218556217,0.02698815501249027
s11-128-40,u040,2025-07-03,regular,hazard_cal,30,0.0023052619939477603,0,5.314232860740004e-06,0.002307923201017791
s11-128-40,u040,2025-07-03,regular,hazard_cal,60,0.005717766351382214,0,3.2692852048998676e-05,0.005734175355870257
s11-128-40,u040,2025-07-03,regular,hazard_cal,120,0.01878341976408915,0,0.00035281685803397486,0.018962068823825333
s11-128-16,u016,2025-07-03,variable,empirical,30,0.0063657407407407,0,4.052265517832595e-05,0.006386088466525358
s11-128-16,u016,2025-07-03,variable,empirical,60,0.01388888888888884,0,0.00019290123456789987,0.01398624197473984
s11-128-16,u016,2025-07-03,variable,empirical,120,0.03414351851851849,0,0.001165779856824415,0.034740025702165826
s11-128-16,u016,2025-07-03,variable,hazard,30,0.01212167494118288,0,0.00014693500337970098,0.012195741592671429
s11-128-16,u016,2025-07-03,variable,hazard,60,0.029400631244642872,0,0.0008643971175834707,0.029841492376617925
s11-128-16,u016,2025-07-03,variable,hazard,120,0.09056447092849118,0,0.008201923394557524,0.09493116965908517
s11-128-16,u016,2025-07-03,variable,hazard_cal,30,0.008818302501216957,0,7.776245900296924e-05,0.008857413830841182
s11-128-16,u016,2025-07-03,variable,hazard_cal,60,0.021756096015812965,0,0.0004733277138492728,0.021996249463101906
s11-128-16,u016,2025-07-03,variable,hazard_cal,120,0.07002307814823605,0,0.004903231473353973,0.07259550835589497
s11-128-47,u047,2025-07-03,variable,empirical,30,0.0063657407407407,0,4.052265517832595e-05,0.006386088466525358
s11-128-47,u047,2025-07-03,variable,empirical,60,0.01388888888888884,0,0.00019290123456789987,0.01398624197473984
s11-128-47,u047,2025-07-03,variable,empirical,120,0.03414351851851849,0,0.001165779856824415,0.034740025702165826
s11-128-47,u047,2025-07-03,variable,hazard,30,0.0009078193971506776,0,8.241360578430197e-07,0.0009082317147384223
s11-128-47,u047,2025-07-03,variable,hazard,60,0.002221538890719854,0,4.9352350429808e-06,0.0022240101689468502
s11-128-47,u047,2025-07-03,variable,hazard,120,0.007070884389663412,0,4.9997406051985725e-05,0.007096001563139916
s11-128-47,u047,2025-07-03,variable,hazard_cal,30,0.0005546004833419937,0,3.0758169612317306e-07,0.0005547543310753699
s11-128-47,u047,2025-07-03,variable,hazard_cal,60,0.0013775482244466897,0,1.8976391106762273e-06,0.0013784979162664087
s11-128-47,u047,2025-07-03,variable,hazard_cal,120,0.004550518240218349,0,2.0707216254559897e-05,0.004560903365456314
s11-128-25,u025,2025-07-03,variable,empirical,30,0.0063657407407407,0,4.052265517832595e-05,0.006386088466525358
s11-128-25,u025,2025-07-03,variable,empirical,60,0.01388888888888884,0,0.00019290123456789987,0.01398624197473984
s11-128-25,u025,2025-07-03,variable,empirical,120,0.03414351851851849,1,0.9328787428197874,3.3771825054582822
s11-128-25,u025,2025-07-03,variable,hazard,30,0.012609039076731055,0,0.00015898786643853073,0.012689207621730494
s11-128-25,u025,2025-07-03,variable,hazard,60,0.030570885630581635,0,0.0009345790482381027,0.03104792263066596
s11-128-25,u025,2025-07-03,variable,hazard,120,0.09403657092819562,1,0.8207697348155424,2.3640715199457922
s11-128-25,u025,2025-07-03,variable,hazard_cal,30,0.009197842999019268,0,8.460031583460776e-05,0.00924040433964874
s11-128-25,u025,2025-07-03,variable,hazard_cal,60,0.02268544251744964,0,0.0005146293022125118,0.022946716135320868
s11-128-25,u025,2025-07-03,variable,hazard_cal,120,0.07292770886855493,1,0.8594630329837069,2.618286617966173
s11-128-29,u029,2025-07-03,regular,empirical,30,0.0063657407407407,0,4.052265517832595e-05,0.006386088466525358
s11-128-29,u029,2025-07-03,regular,empirical,60,0.01388888888888884,0,0.00019290123456789987,0.01398624197473984
s11-128-29,u029,2025-07-03,regular,empirical,120,0.03414351851851849,0,0.001165779856824415,0.034740025702165826
s11-128-29,u029,2025-07-03,regular,hazard,30,0.016662186641436483,0,0.0002776284636740644,0.016802562368898374
s11-128-29,u029,2025-07-03,regular,hazard,60,0.040268016285696207,0,0.001621513135585095,0.0411012171301936
s11-128-29,u029,2025-07-03,regular,hazard,120,0.12242595187167726,0,0.014988113691686237,0.13059394187093604
s11-128-29,u029,2025-07-03,regular,hazard_cal,30,0.012391910969344111,0,0.0001535594574721509,0.012469330950633586
s11-128-29,u029,2025-07-03,regular,hazard_cal,60,0.030483545493274145,0,0.0009292465458405144,0.030957832285925455
s11-128-29,u029,2025-07-03,regular,hazard_cal,120,0.09702655657802162,0,0.00941415268138803,0.10206213527559921
s11-128-31,u031,2025-07-03,variable,empirical,30,0.0063657407407407,0,4.052265517832595e-05,0.006386088466525358
s11-128-31,u031,2025-07-03,variable,empirical,60,0.01388888888888884,0,0.00019290123456789987,0.01398624197473984
s11-128-31,u031,2025-07-03,variable,empirical,120,0.03414351851851849,0,0.001165779856824415,0.034740025702165826
s11-128-31,u031,2025-07-03,variable,hazard,30,0.0014539641718318563,0,2.114011812970696e-06,0.001455022203422716
s11-128-31,u031,2025-07-03,variable,hazard,60,0.0035564800030825072,0,1.264855001232575e-05,0.003562819312970989
s11-128-31,u031,2025-07-03,variable,hazard,120,0.011301655400954957,0,0.00012772741480193437,0.011366004401231228
s11-128-31,u031,2025-07-03,variable,hazard_cal,30,0.0009165758619051889,0,8.401113106272399e-07,0.0009169961744123283
s11-128-31,u031,2025-07-03,variable,hazard_cal,60,0.0022759709406149353,0,5.180043722523634e-06,0.0022785648990729756
s11-128-31,u031,2025-07-03,variable,hazard_cal,120,0.0075097027241214365,0,5.6395635004676925e-05,0.007538042513032256
s11-128-33,u033,2025-07-03,regular,empirical,30,0.0063657407407407,0,4.052265517832595e-05,0.006386088466525358
s11-128-33,u033,2025-07-03,regular,empirical,60,0.01388888888888884,0,0.00019290123456789987,0.01398624197473984
s11-128-33,u033,2025-07-03,regular,empirical,120,0.03414351851851849,0,0.001165779856824415,0.034740025702165826
s11-128-33,u033,2025-07-03,regular,hazard,30,0.0010298658036632657,0,1.0606235735549842e-06,0.0010303964798314888
s11-128-33,u033,2025-07-03,regular,hazard,60,0.0025199570316987163,0,6.350183441607805e-06,0.0025231374675842326
s11-128-33,u033,2025-07-03,regular,hazard,120,0.008017830889321065,0,6.428561216975102e-05,0.008050146545626467
s11-128-33,u033,2025-07-03,regular,hazard_cal,30,0.0006344681515656481,0,4.0254983535113015e-07,0.0006346695116588724
s11-128-33,u033,2025-07-03,regular,hazard_cal,60,0.0015758253872536487,0,2.483225651113112e-06,0.001577068305999428
s11-128-33,u033,2025-07-03,regular,hazard_cal,120,0.005204179059763003,0,2.7083479686075737e-05,0.0052177679661775025
s11-128-19,u019,2025-07-03,variable,empirical,30,0.0063657407407407,0,4.052265517832595e-05,0.006386088466525358
s11-128-19,u019,2025-07-03,variable,empirical,60,0.01388888888888884,0,0.00019290123456789987,0.01398624197473984
s11-128-19,u019,2025-07-03,variable,empirical,120,0.03414351851851849,0,0.001165779856824415,0.034740025702165826
s11-128-19,u019,2025-07-03,variable,hazard,30,0.00853286485857696,0,7.280978269473761e-05,0.008569478176364281
s11-128-19,u019,2025-07-03,variable,hazard,60,0.02075512641965782,0,0.0004307752726959781,0.020973541496779866
s11-128-19,u019,2025-07-03,variable,hazard,120,0.06460267945574782,0,0.004173506192862102,0.06678389819707078
s11-128-19,u019,2025-07-03,variable,hazard_cal,30,0.006059745422138718,0,3.672051458113115e-05,0.0060781801904941915
s11-128-19,u019,2025-07-03,variable,hazard_cal,60,0.014984047971661307,0,0.00022452169361704733,0.015097442988556887
s11-128-19,u019,2025-07-03,variable,hazard_cal,120,0.04864541097308006,0,0.002366376008739858,0.04986842680744024
s11-128-42,u042,2025-07-03,regular,empirical,30,0.0063657407407407,0,4.052265517832595e-05,0.006386088466525358
s11-128-42,u042,2025-07-03,regular,empirical,60,0.01388888888888884,0,0.00019290123456789987,0.01398624197473984
s11-128-42,u042,2025-07-03,regular,empirical,120,0.03414351851851849,0,0.001165779856824415,0.034740025702165826
s11-128-42,u042,2025-07-03,regular,hazard,30,0.0016207561465892972,0,2.6268504867069874e-06,0.001622070992721334
s11-128-42,u042,2025-07-03,regular,hazard,60,0.003963939216704904,0,1.5712814113731085e-05,0.003971816447227973
s11-128-42,u042,2025-07-03,regular,hazard,120,0.01259028568135434,0,0.00015851529353811615,0.012670214924784024
s11-128-42,u042,2025-07-03,regular,hazard_cal,30,0.0010291547775137522,0,1.0591595560793807e-06,0.0010296847209188501
s11-128-42,u042,2025-07-03,regular,hazard_cal,60,0.0025552835294819776,0,6.529473916041873e-06,0.0025585538386727253
s11-128-42,u042,2025-07-03,regular,hazard_cal,120,0.00842830612658918,0,7.10363441635007e-05,0.008464025140796017
s11-128-44,u044,2025-07-03,regular,empirical,30,0.0063657407407407,0,4.052265517832595e-05,0.006386088466525358
s11-128-44,u044,2025-07-03,regular,empirical,60,0.01388888888888884,0,0.00019290123456789987,0.01398624197473984
s11-128-44,u044,2025-07-03,regular,empirical,120,0.03414351851851849,0,0.001165779856824415,0.034740025702165826
s11-128-44,u044,2025-07-03,regular,hazard,30,0.007976357938010104,0,6.36222859552568e-05,0.00800833925747897
s11-128-44,u044,2025-07-03,regular,hazard,60,0.0194100566786658,0,0.00037675030026901877,0.01960090545563744
s11-128-44,u044,2025-07-03,regular,hazard,120,0.06051397754896759,0,0.0036619414787969536,0.062422337885876374
s11-128-44,u044,2025-07-03,regular,hazard_cal,30,0.005638522227247478,0,3.1792932907163856e-05,0.005654478702596916
s11-128-44,u044,2025-07-03,regular,hazard_cal,60,0.01394727892212333,0,0.0001945265893315057,0.014045456155933642
s11-128-44,u044,2025-07-03,regular,hazard_cal,120,0.045339502464013304,0,0.0020556704836842683,0.046399501668816054
s11-128-2,u002,2025-07-03,variable,empirical,30,0.0063657407407407,0,4.052265517832595e-05,0.006386088466525358
s11-128-2,u002,2025-07-03,variable,empirical,60,0.01388888888888884,0,0.00019290123456789987,0.01398624197473984
s11-128-2,u002,2025-07-03,variable,empirical,120,0.03414351851851849,0,0.001165779856824415,0.034740025702165826
s11-128-2,u002,2025-07-03,variable,hazard,30,0.00373626417294437,0,1.3959669970027679e-05,0.003743261442465146
s11-128-2,u002,2025-07-03,variable,hazard,60,0.009122612209558345,0,8.322205352598299e-05,0.009164478048039385
s11-128-2,u002,2025-07-03,variable,hazard,120,0.02879583913703665,0,0.0008292003516060916,0.029218574436736134
s11-128-2,u002,2025-07-03,variable,hazard_cal,30,0.002509013747332589,0,6.2951499843039215e-06,0.0025121665971245145
s11-128-2,u002,2025-07-03,variable,hazard_cal,60,0.006222099183275875,0,3.871451824652232e-05,0.006241537114168282
s11-128-2,u002,2025-07-03,variable,hazard_cal,120,0.02042704998216094,0,0.0004172643709737012,0.020638567578723562
s11-128-49,u049,2025-07-03,variable,empirical,30,0.0063657407407407,0,4.052265517832595e-05,0.006386088466525358
s11-128-49,u049,2025-07-03,variable,empirical,60,0.01388888888888884,0,0.00019290123456789987,0.01398624197473984
s11-128-49,u049,2025-07-03,variable,empirical,120,0.03414351851851849,0,0.001165779856824415,0.034740025702165826
s11-128-49,u049,2025-07-03,variable,hazard,30,0.0015849430949578247,0,2.512044614254488e-06,0.001586200445993802
s11-128-49,u049,2025-07-03,variable,hazard,60,0.003876459928105924,0,1.5026941574210988e-05,0.003883992872633193
s11-128-49,u049,2025-07-03,variable,hazard,120,0.012313730576248738,0,0.00015162796070444307,0.012390172730187526
s11-128-49,u049,2025-07-03,variable,hazard_cal,30,0.0010049136762450006,0,1.009851496704242e-06,0.0010054189405197013
s11-128-49,u049,2025-07-03,variable,hazard_cal,60,0.002495144768860258,0,6.22574741757071e-06,0.0024982628303254423
s11-128-49,u049,2025-07-03,variable,hazard_cal,120,0.008230577146440488,0,6.774240016350844e-05,0.008264635354403572
s11-128-59,u059,2025-07-03,new,empirical,30,0.0063657407407407,0,4.052265517832595e-05,0.006386088466525358
s11-128-59,u059,2025-07-03,new,empirical,60,0.01388888888888884,0,0.00019290123456789987,0.01398624197473984
s11-128-59,u059,2025-07-03,new,empirical,120,0.03414351851851849,0,0.001165779856824415,0.034740025702165826
s11-128-59,u059,2025-07-03,new,hazard,30,0.0011763792651201532,0,1.3838681754046317e-06,0.001177071742338355
s11-128-59,u059,2025-07-03,new,hazard,60,0.002878123859963555,0,8.283596953291513e-06,0.002882273622706968
s11-128-59,u059,2025-07-03,new,hazard,120,0.009153473506200105,0,8.378607722870725e-05,0.009195623957337655
s11-128-59,u059,2025-07-03,new,hazard_cal,30,0.0007311827183305031,0,5.346281675851838e-07,0.00073145016278942
s11-128-59,u059,2025-07-03,new,hazard_cal,60,0.0018158915707550127,0,3.2974621967391073e-06,0.001817542300520254
s11-128-59,u059,2025-07-03,new,hazard_cal,120,0.005995162736542214,0,3.5941976237624336e-05,0.006013205875173033
s11-128-23,u023,2025-07-03,variable,empirical,30,0.0063657407407407,0,4.052265517832595e-05,0.006386088466525358
s11-128-23,u023,2025-07-03,variable,empirical,60,0.01388888888888884,0,0.00019290123456789987,0.01398624197473984
s11-128-23,u023,2025-07-03,variable,empirical,120,0.03414351851851849,0,0.001165779856824415,0.034740025702165826
s11-128-23,u023,2025-07-03,variable,hazard,30,0.000915320420485144,0,8.378114721571007e-07,0.0009157395820188161
s11-128-23,u023,2025-07-03,variable,hazard,60,0.0022398814589795757,0,5.017068950280473e-06,0.002242393745638665
s11-128-23,u023,2025-07-03,variable,hazard,120,0.0071291090595302364,0,5.082419598267609e-05,0.0071546425840800275
s11-128-23,u023,2025-07-03,variable,hazard_cal,30,0.0005594894323667221,0,3.1302842493003693e-07,0.0005596460049823934
s11-128-23,u023,2025-07-03,variable,hazard_cal,60,0.001389686130623513,0,1.931227541647352e-06,0.0013906526399278278
s11-128-23,u023,2025-07-03,variable,hazard_cal,120,0.004590542822273114,0,2.1073083403123203e-05,0.004601111721033248
s11-128-6,u006,2025-07-03,regular,empirical,30,0.0063657407407407,0,4.052265517832595e-05,0.006386088466525358
s11-128-6,u006,2025-07-03,regular,empirical,60,0.01388888888888884,0,0.00019290123456789987,0.01398624197473984
s11-128-6,u006,2025-07-03,regular,empirical,120,0.03414351851851849,0,0.001165779856824415,0.034740025702165826
s11-128-6,u006,2025-07-03,regular,hazard,30,0.005495314164713716,0,3.0198477768903207e-05,0.005510468949299628
s11-128-6,u006,2025-07-03,regular,hazard,60,0.013398890880620518,0,0.00017953027683077568,0.013489465999693525
s11-128-6,u006,2025-07-03,regular,hazard,120,0.042076782348669184,0,0.0017704556128172787,0.042987652812771365
s11-128-6,u006,2025-07-03,regular,hazard_cal,30,0.0037875909513701567,0,1.4345845214901089e-05,0.003794782037649328
s11-128-6,u006,2025-07-03,regular,hazard_cal,60,0.009383042141671849,0,8.804147983238984e-05,0.009427340199712902
s11-128-6,u006,2025-07-03,regular,hazard_cal,120,0.030680359003275037,0,0.0009412844285698397,0.031160854615799927
s11-129-58,u058,2025-07-04,new,empirical,30,0.0063657407407407,0,4.052265517832595e-05,0.006386088466525358
s11-129-58,u058,2025-07-04,new,empirical,60,0.01388888888888884,0,0.00019290123456789987,0.01398624197473984
s11-129-58,u058,2025-07-04,new,empirical,120,0.03414351851851849,0,0.001165779856824415,0.034740025702165826
s11-129-58,u058,2025-07-04,new,hazard,30,0.0012479421295479298,0,1.557359558700622e-06,0.001248721457765763
s11-129-58,u058,2025-07-04,new,hazard,60,0.003053036226856709,0,9.32103020249945e-06,0.0030577062495458387
s11-129-58,u058,2025-07-04,new,hazard,120,0.009707713116910877,0,9.423969396024348e-05,0.009755140152192443
s11-129-58,u058,2025-07-04,new,hazard_cal,30,0.0007787226414880388,0,6.064089523661086e-07,0.0007790260034643392
s11-129-58,u058,2025-07-04,new,hazard_cal,60,0.0019338819062088008,0,3.7398992271617852e-06,0.0019357542701656607
s11-129-58,u058,2025-07-04,new,hazard_cal,120,0.006383746153879266,0,4.075221495716832e-05,0.006404209395940465
s11-129-6,u006,2025-07-04,regular,empirical,30,0.0063657407407407,0,4.052265517832595e-05,0.006386088466525358
s11-129-6,u006,2025-07-04,regular,empirical,60,0.01388888888888884,0,0.00019290123456789987,0.01398624197473984
s11-129-6,u006,2025-07-04,regular,empirical,120,0.03414351851851849,0,0.001165779856824415,0.034740025702165826
s11-129-6,u006,2025-07-04,regular,hazard,30,0.004017984245545891,0,1.6144197397454986e-05,0.004026078031990479
s11-129-6,u006,2025-07-04,regular,hazard,60,0.009808281906100946,0,9.620239394954722e-05,0.009856699961838754
s11-129-6,u006,2025-07-04,regular,hazard,120,0.030934622379674037,0,0.0009569508617730298,0.03142320020288945
s11-129-6,u006,2025-07-04,regular,hazard_cal,30,0.002711433662294205,0,7.351872505022164e-06,0.0027151162567934637
s11-129-6,u006,2025-07-04,regular,hazard_cal,60,0.006722969114461352,0,4.519831371400126e-05,0.006745670073758285
s11-129-6,u006,2025-07-04,regular,hazard_cal,120,0.022057293536597355,0,0.00048652419815961947,0.022304193011591554
s11-129-17,u017,2025-07-04,variable,empirical,30,0.0063657407407407,0,4.052265517832595e-05,0.006386088466525358
s11-129-17,u017,2025-07-04,variable,empirical,60,0.01388888888888884,0,0.00019290123456789987,0.01398624197473984
s11-129-17,u017,2025-07-04,variable,empirical,120,0.03414351851851849,0,0.001165779856824415,0.034740025702165826
s11-129-17,u017,2025-07-04,variable,hazard,30,0.0008680916480103829,0,7.535831093453825e-07,0.0008684686577668606
s11-129-17,u017,2025-07-04,variable,hazard,60,0.0021243873183921513,0,4.513021478545396e-06,0.0021266470300337994
s11-129-17,u017,2025-07-04,variable,hazard,120,0.006762453969467175,0,4.573078368916235e-05,0.006785422971088965
s11-129-17,u017,2025-07-04,variable,hazard_cal,30,0.0005287525898429735,0,2.7957930126565174e-07,0.0005288924287892489
s11-129-17,u017,2025-07-04,variable,hazard_cal,60,0.0013133734549634069,0,1.7249498322025162e-06,0.001314236685791927
s11-129-17,u017,2025-07-04,variable,hazard_cal,120,0.004338882171490921,0,1.882589849808177e-05,0.004348322437437362
s11-129-25,u025,2025-07-04,variable,empirical,30,0.0063657407407407,0,4.052265517832595e-05,0.006386088466525358
s11-129-25,u025,2025-07-04,variable,empirical,60,0.01388888888888884,0,0.00019290123456789987,0.01398624197473984
s11-129-25,u025,2025-07-04,variable,empirical,120,0.03414351851851849,0,0.001165779856824415,0.034740025702165826
s11-129-25,u025,2025-07-04,variable,hazard,30,0.012659623254309471,0,0.00016026606094105312,0.012740439074459849
s11-129-25,u025,2025-07-04,variable,hazard,60,0.030692295720521345,0,0.0009420170165959329,0.031173169223117875
s11-129-25,u025,2025-07-04,variable,hazard,120,0.09439621886305771,0,0.008910646135642292,0.09915339625820901
s11-129-25,u025,2025-07-04,variable,hazard_cal,30,0.00923729655537786,0,8.532764765199569e-05,0.009280224945222997
s11-129-25,u025,2025-07-04,variable,hazard_cal,60,0.0227820156436902,0,0.000519020236789345,0.02304553580115083
s11-129-25,u025,2025-07-04,variable,hazard_cal,120,0.07322914327311203,0,0.005362507424513969,0.0760489319691549
s11-129-34,u034,2025-07-04,regular,empirical,30,0.0063657407407407,0,4.052265517832595e-05,0.006386088466525358
s11-129-34,u034,2025-07-04,regular,empirical,60,0.01388888888888884,0,0.00019290123456789987,0.01398624197473984
s11-129-34,u034,2025-07-04,regular,empirical,120,0.03414351851851849,0,0.001165779856824415,0.034740025702165826
s11-129-34,u034,2025-07-04,regular,hazard,30,0.007271760205954214,0,5.2878496492899274e-05,0.007298328330574724
s11-129-34,u034,2025-07-04,regular,hazard,60,0.017705342752722064,0,0.0003134791619913677,0.017863957339541586
s11-129-34,u034,2025-07-04,regular,hazard,120,0.055312732769390194,0,0.0030594984064179717,0.05690134040668616
s11-129-34,u034,2025-07-04,regular,hazard_cal,30,0.0051081579208756,0,2.6093277344604133e-05,0.005121249159988361
s11-129-34,u034,2025-07-04,regular,hazard_cal,60,0.012640859811879013,0,0.00015979133678357792,0.012721435228791057
s11-129-34,u034,2025-07-04,regular,hazard_cal,120,0.04116118518401046,0,0.0016942431657524025,0.04203229453794197
s11-129-35,u035,2025-07-04,variable,empirical,30,0.0063657407407407,0,4.052265517832595e-05,0.006386088466525358
s11-129-35,u035,2025-07-04,variable,empirical,60,0.01388888888888884,0,0.00019290123456789987,0.01398624197473984
s11-129-35,u035,2025-07-04,variable,empirical,120,0.03414351851851849,0,0.001165779856824415,0.034740025702165826
s11-129-35,u035,2025-07-04,variable,hazard,30,0.00375126503552059,0,1.4071989366719294e-05,0.0037583186757787664
s11-129-35,u035,2025-07-04,variable,hazard,60,0.009159130071106802,0,8.38896636594529e-05,0.00920133279407641
s11-129-35,u035,2025-07-04,variable,hazard,120,0.028909837503534597,0,0.0008357787044807755,0.02933595970142833
s11-129-35,u035,2025-07-04,variable,hazard_cal,30,0.002519766560679093,0,6.3492235203165454e-06,0.0025229465153914737
s11-129-35,u035,2025-07-04,variable,hazard_cal,60,0.00624871022403628,0,3.904637946397554e-05,0.0062683151266754175
s11-129-35,u035,2025-07-04,variable,hazard_cal,120,0.02051371688789172,0,0.00042081258055657396,0.020727045664859684
s11-129-10,u010,2025-07-04,variable,empirical,30,0.0063657407407407,0,4.052265517832595e-05,0.006386088466525358
s11-129-10,u010,2025-07-04,variable,empirical,60,0.01388888888888884,0,0.00019290123456789987,0.01398624197473984
s11-129-10,u010,2025-07-04,variable,empirical,120,0.03414351851851849,0,0.001165779856824415,0.034740025702165826
s11-129-10,u010,2025-07-04,variable,hazard,30,0.0004965177192806092,0,2.465298455596178e-07,0.0004966410250207348
s11-129-10,u010,2025-07-04,variable,hazard,60,0.001215431895800645,0,1.4772746933295498e-06,0.0012161711322023528
s11-129-10,u010,2025-07-04,variable,hazard,120,0.0038732594172820045,0,1.5002138513563734e-05,0.00388077991203783
s11-129-10,u010,2025-07-04,variable,hazard_cal,30,0.0002913959073275185,0,8.491157480722776e-08,0.00029143837136435353
s11-129-10,u010,2025-07-04,variable,hazard_cal,60,0.0007239411773666271,0,5.240908282869782e-07,0.0007242033493197886
s11-129-10,u010,2025-07-04,variable,hazard_cal,120,0.002393424005713851,0,5.728478471127337e-06,0.002396292823394984
s11-129-18,u018,2025-07-04,regular,empirical,30,0.0063657407407407,0,4.052265517832595e-05,0.006386088466525358
s11-129-18,u018,2025-07-04,regular,empirical,60,0.01388888888888884,0,0.00019290123456789987,0.01398624197473984
s11-129-18,u018,2025-07-04,regular,empirical,120,0.03414351851851849,0,0.001165779856824415,0.034740025702165826
s11-129-18,u018,2025-07-04,regular,hazard,30,0.004934016672417441,0,2.4344520523693273e-05,0.004946229120187172
s11-129-18,u018,2025-07-04,regular,hazard,60,0.012035665595495737,0,0.00014485724632659974,0.012108680666712038
s11-129-18,u018,2025-07-04,regular,hazard,120,0.03785793256337522,0,0.0014332230579730658,0.03859315997188654
s11-129-18,u018,2025-07-04,regular,hazard_cal,30,0.003376038298660733,0,1.1397634594024056e-05,0.003381749974805859
s11-129-18,u018,2025-07-04,regular,hazard_cal,60,0.008366308614779938,0,6.9995119837741e-05,0.008401502608041447
s11-129-18,u018,2025-07-04,regular,hazard_cal,120,0.027391395695829046,0,0.000750288558165482,0.02777353434772686
s11-129-33,u033,2025-07-04,regular,empirical,30,0.0063657407407407,0,4.052265517832595e-05,0.006386088466525358
s11-129-33,u033,2025-07-04,regular,empirical,60,0.01388888888888884,0,0.00019290123456789987,0.01398624197473984
s11-129-33,u033,2025-07-04,regular,empirical,120,0.03414351851851849,0,0.001165779856824415,0.034740025702165826
s11-129-33,u033,2025-07-04,regular,hazard,30,0.0012403495824858668,0,1.538467086772864e-06,0.001241119452700564
s11-129-33,u033,2025-07-04,regular,hazard,60,0.0030344796321321033,0,9.208066637824584e-06,0.0030390930005966144
s11-129-33,u033,2025-07-04,regular,hazard,120,0.009648924478157572,0,9.310174358518838e-05,0.009695776977694248
s11-129-33,u033,2025-07-04,regular,hazard_cal,30,0.0007736699853712059,0,5.985652462642819e-07,0.0007739694224479521
s11-129-33,u033,2025-07-04,regular,hazard_cal,60,0.0019213420475981957,0,3.6915552638688275e-06,0.0019231901928890534
s11-129-33,u033,2025-07-04,regular,hazard_cal,120,0.006342453581126395,0,4.022671742874303e-05,0.006362652391814202
s11-129-56,u056,2025-07-04,new,empirical,30,0.0063657407407407,0,4.052265517832595e-05,0.006386088466525358
s11-129-56,u056,2025-07-04,new,empirical,60,0.01388888888888884,0,0.00019290123456789987,0.01398624197473984
s11-129-56,u056,2025-07-04,new,empirical,120,0.03414351851851849,0,0.001165779856824415,0.034740025702165826
s11-129-56,u056,2025-07-04,new,hazard,30,0.006699273210691081,0,4.488026155148319e-05,0.006721814069451532
s11-129-56,u056,2025-07-04,new,hazard,60,0.01631885115920584,0,0.0002663049031563137,0.016453470171705238
s11-129-56,u056,2025-07-04,new,hazard,120,0.05106645623201367,0,0.0026077829520961674,0.0524165104660015
s11-129-56,u056,2025-07-04,new,hazard_cal,30,0.004679843370111847,0,2.1900933968779808e-05,0.0046908281217732046
s11-129-56,u056,2025-07-04,new,hazard_cal,60,0.011584986147837872,0,0.00013421190404559538,0.011652614926228535
s11-129-56,u056,2025-07-04,new,hazard_cal,120,0.037773909528657,0,0.0014268682410791642,0.038505834649622886
s11-129-13,u013,2025-07-04,variable,empirical,30,0.0063657407407407,0,4.052265517832595e-05,0.006386088466525358
s11-129-13,u013,2025-07-04,variable,empirical,60,0.01388888888888884,0,0.00019290123456789987,0.01398624197473984
s11-129-13,u013,2025-07-04,variable,empirical,120,0.03414351851851849,0,0.001165779856824415,0.034740025702165826
s11-129-13,u013,2025-07-04,variable,hazard,30,0.0032989002129157896,0,1.0882742614775842e-05,0.003304353580937365
s11-129-13,u013,2025-07-04,variable,hazard,60,0.008057518006599151,0,6.492359642666956e-05,0.00809015523976845
s11-129-13,u013,2025-07-04,variable,hazard,120,0.02546647898362664,0,0.0006485415518234973,0.025796362456424294
s11-129-13,u013,2025-07-04,variable,hazard_cal,30,0.00219684460113323,0,4.82612620152822e-06,0.002199261204150217
s11-129-13,u013,2025-07-04,variable,hazard_cal,60,0.005449339701633749,0,2.969530318380179e-05,0.0054642415145753805
s11-129-13,u013,2025-07-04,variable,hazard_cal,120,0.01790774592693789,0,0.0003206873641837606,0.018070029955649634
s11-129-54,u054,2025-07-04,new,empirical,30,0.0063657407407407,0,4.052265517832595e-05,0.006386088466525358
s11-129-54,u054,2025-07-04,new,empirical,60,0.01388888888888884,0,0.00019290123456789987,0.01398624197473984
s11-129-54,u054,2025-07-04,new,empirical,120,0.03414351851851849,0,0.001165779856824415,0.034740025702165826
s11-129-54,u054,2025-07-04,new,hazard,30,0.006638376358812481,0,4.406804068124045e-05,0.00666050838065698
s11-129-54,u054,2025-07-04,new,hazard,60,0.01617129230783365,0,0.00026151069490539983,0.016303474631750116
s11-129-54,u054,2025-07-04,new,hazard,120,0.05061369724123532,0,0.002561746348427432,0.05193950022961615
s11-129-54,u054,2025-07-04,new,hazard_cal,30,0.004634427907421856,0,2.1477922029090527e-05,0.0046452001634846645
s11-129-54,u054,2025-07-04,new,hazard_cal,60,0.01147298530833174,0,0.00013162939188519595,0.011539307770015708
s11-129-54,u054,2025-07-04,new,hazard_cal,120,0.03741406751864673,0,0.0013998124482898565,0.03813193630535712
s11-129-29,u029,2025-07-04,regular,empirical,30,0.0063657407407407,0,4.052265517832595e-05,0.006386088466525358
s11-129-29,u029,2025-07-04,regular,empirical,60,0.01388888888888884,0,0.00019290123456789987,0.01398624197473984
s11-129-29,u029,2025-07-04,regular,empirical,120,0.03414351851851849,0,0.001165779856824415,0.034740025702165826
s11-129-29,u029,2025-07-04,regular,hazard,30,0.011148814547903063,0,0.000124296065823535,0.011211428395893681
s11-129-29,u029,2025-07-04,regular,hazard,60,0.02706188218382921,0,0.0007323454673314529,0.027434798185388416
s11-129-29,u029,2025-07-04,regular,hazard,120,0.08359553777664674,0,0.006988213936166773,0.08729745911810721
s11-129-29,u029,2025-07-04,regular,hazard_cal,30,0.008063954211476654,0,6.502735752479207e-05,0.008096643746788807
s11-129-29,u029,2025-07-04,regular,hazard_cal,60,0.01990727151958427,0,0.000396299459354451,0.02010809089541089
s11-129-29,u029,2025-07-04,regular,hazard_cal,120,0.06422385517751106,0,0.004124703573861914,0.06637899262265558
s11-129-51,u051,2025-07-04,variable,empirical,30,0.0063657407407407,0,4.052265517832595e-05,0.006386088466525358
s11-129-51,u051,2025-07-04,variable,empirical,60,0.01388888888888884,0,0.00019290123456789987,0.01398624197473984
s11-129-51,u051,2025-07-04,variable,empirical,120,0.03414351851851849,0,0.001165779856824415,0.034740025702165826
s11-129-51,u051,2025-07-04,variable,hazard,30,0.0010080188216167185,0,1.0161019447335578e-06,0.0010085272142640377
s11-129-51,u051,2025-07-04,variable,hazard,60,0.002466542773060354,0,6.083833251336261e-06,0.0024695897009692214
s11-129-51,u051,2025-07-04,variable,hazard,120,0.007848385755276133,0,6.15971589636213e-05,0.007879346435393668
s11-129-51,u051,2025-07-04,variable,hazard_cal,30,0.0006201225478649208,0,3.8455197437048104e-07,0.0006203149033788778
s11-129-51,u051,2025-07-04,variable,hazard_cal,60,0.0015402133110085092,0,2.3722570434077945e-06,0.0015414006588661416
s11-129-51,u051,2025-07-04,variable,hazard_cal,120,0.005086801035813826,0,2.5875544777956614e-05,0.005099782850855486
s11-129-57,u057,2025-07-04,new,empirical,30,0.0063657407407407,0,4.052265517832595e-05,0.006386088466525358
s11-129-57,u057,2025-07-04,new,empirical,60,0.01388888888888884,0,0.00019290123456789987,0.01398624197473984
s11-129-57,u057,2025-07-04,new,empirical,120,0.03414351851851849,0,0.001165779856824415,0.034740025702165826
s11-129-57,u057,2025-07-04,new,hazard,30,0.00371405087880905,0,1.3794173930382275e-05,0.0037209650909070992
s11-129-57,u057,2025-07-04,new,hazard,60,0.009068534921953697,0,8.223832563069375e-05,0.009109904381623679
s11-129-57,u057,2025-07-04,new,hazard,120,0.028627006716832937,0,0.000819505513565598,0.02904475130670656
s11-129-57,u057,2025-07-04,new,hazard_cal,30,0.0024930963709071108,0,6.215529514630206e-06,0.002496209310646623
s11-129-57,u057,2025-07-04,new,hazard_cal,60,0.006182706033603935,0,3.8225853897962505e-05,0.006201898107412284
s11-129-57,u057,2025-07-04,new,hazard_cal,120,0.020298743421039878,0,0.0004120389844732097,0.020507594016296746
s11-129-16,u016,2025-07-04,variable,empirical,30,0.0063657407407407,0,4.052265517832595e-05,0.006386088466525358
s11-129-16,u016,2025-07-04,variable,empirical,60,0.01388888888888884,0,0.00019290123456789987,0.01398624197473984
s11-129-16,u016,2025-07-04,variable,empirical,120,0.03414351851851849,0,0.001165779856824415,0.034740025702165826
s11-129-16,u016,2025-07-04,variable,hazard,30,0.006576997776491789,0,4.3256899751977934e-05,0.006598721530143673
s11-129-16,u016,2025-07-04,variable,hazard,60,0.016022551712911226,0,0.00025672216339291446,0.01615230059994445
s11-129-16,u016,2025-07-04,variable,hazard,120,0.05015714769590174,0,0.002515739464988501,0.05145872669798563
s11-129-16,u016,2025-07-04,variable,hazard_cal,30,0.004588682346996276,0,2.105600568163525e-05,0.004599242667524906
s11-129-16,u016,2025-07-04,variable,hazard_cal,60,0.011360161984064865,0,0.00012905328030419258,0.011425181514829071
s11-129-16,u016,2025-07-04,variable,hazard_cal,120,0.03705147821744159,0,0.0013728120380975487,0.03775532470571743
s11-129-28,u028,2025-07-04,variable,empirical,30,0.0063657407407407,0,4.052265517832595e-05,0.006386088466525358
s11-129-28,u028,2025-07-04,variable,empirical,60,0.01388888888888884,0,0.00019290123456789987,0.01398624197473984
s11-129-28,u028,2025-07-04,variable,empirical,120,0.03414351851851849,0,0.001165779856824415,0.034740025702165826
s11-129-28,u028,2025-07-04,variable,hazard,30,0.007355915607928809,0,5.410949443097066e-05,0.007383103766395805
s11-129-28,u028,2025-07-04,variable,hazard,60,0.0179090501034197,0,0.0003207340756067971,0.018071357913733353
s11-129-28,u028,2025-07-04,variable,hazard,120,0.055935400758433396,0,0.0031287690580065514,0.05756068377799318
s11-129-28,u028,2025-07-04,variable,hazard_cal,30,0.00517132206772053,0,2.6742571928093334e-05,0.0051847396313695225
s11-129-28,u028,2025-07-04,variable,hazard_cal,60,0.01279650833660384,0,0.00016375062560877157,0.012879088901089374
s11-129-28,u028,2025-07-04,variable,hazard_cal,120,0.041659732944224426,0,0.001735533348984098,0.0425523792563344
s11-129-31,u031,2025-07-04,variable,empirical,30,0.0063657407407407,0,4.052265517832595e-05,0.006386088466525358
s11-129-31,u031,2025-07-04,variable,empirical,60,0.01388888888888884,0,0.00019290123456789987,0.01398624197473984
s11-129-31,u031,2025-07-04,variable,empirical,120,0.03414351851851849,0,0.001165779856824415,0.034740025702165826
s11-129-31,u031,2025-07-04,variable,hazard,30,0.0009602892968270105,0,9.221555336005143e-07,0.0009607506699852632
s11-129-31,u031,2025-07-04,variable,hazard,60,0.0023498411760352056,0,5.521753552590518e-06,0.002352606385529586
s11-129-31,u031,2025-07-04,variable,hazard,120,0.007478099326727272,0,5.592196954039888e-05,0.007506200494701601
s11-129-31,u031,2025-07-04,variable,hazard_cal,30,0.0005888542992298351,0,3.467493857214602e-07,0.000589027742014391
s11-129-31,u031,2025-07-04,variable,hazard_cal,60,0.001462588922767294,0,2.1391663570015933e-06,0.001463659549998149
s11-129-31,u031,2025-07-04,variable,hazard_cal,120,0.0048309126819015,0,2.3337717340156744e-05,0.0048426192580870876
s11-129-42,u042,2025-07-04,regular,empirical,30,0.0063657407407407,0,4.052265517832595e-05,0.006386088466525358
s11-129-42,u042,2025-07-04,regular,empirical,60,0.01388888888888884,0,0.00019290123456789987,0.01398624197473984
s11-129-42,u042,2025-07-04,regular,empirical,120,0.03414351851851849,0,0.001165779856824415,0.034740025702165826
s11-129-42,u042,2025-07-04,regular,hazard,30,0.0013078424213834872,0,1.7104517991702228e-06,0.0013086983936823906
s11-129-42,u042,2025-07-04,regular,hazard,60,0.0031994279441914797,0,1.0236339170073318e-05,0.003204557056849267
s11-129-42,u042,2025-07-04,regular,hazard,120,0.010171400417338217,0,0.00010345738644982805,0.010223482577215361
s11-129-42,u042,2025-07-04,regular,hazard_cal,30,0.0008186561498992884,0,6.701978917679261e-07,0.0008189914318447458
s11-129-42,u042,2025-07-04,regular,hazard_cal,60,0.002032986644280088,0,4.133034695821214e-06,0.0020350559667068955
s11-129-42,u042,2025-07-04,regular,hazard_cal,120,0.00671004216056692,0,4.502466579658558e-05,0.0067326557088081135
s11-129-19,u019,2025-07-04,variable,empirical,30,0.0063657407407407,0,4.052265517832595e-05,0.006386088466525358
s11-129-19,u019,2025-07-04,variable,empirical,60,0.01388888888888884,0,0.00019290123456789987,0.01398624197473984
s11-129-19,u019,2025-07-04,variable,empirical,120,0.03414351851851849,0,0.001165779856824415,0.034740025702165826
s11-129-19,u019,2025-07-04,variable,hazard,30,0.004666482758335366,0,2.1776061333841248e-05,0.004677404780534046
s11-129-19,u019,2025-07-04,variable,hazard,60,0.011385477027923141,0,0.00012962908715336555,0.01145078777405311
s11-129-19,u019,2025-07-04,variable,hazard,120,0.03584083503946123,0,0.0012845654563258717,0.036498889120335505
s11-129-19,u019,2025-07-04,variable,hazard_cal,30,0.003180984698921696,0,1.0118663654773953e-05,0.0031860547855159863
s11-129-19,u019,2025-07-04,variable,hazard_cal,60,0.007884193052820843,0,6.216050009414844e-05,0.007915437636777288
s11-129-19,u019,2025-07-04,variable,hazard_cal,120,0.025828830451517182,0,0.0006671284824932213,0.026168252023705693
s11-129-21,u021,2025-07-04,variable,empirical,30,0.0063657407407407,0,4.052265517832595e-05,0.006386088466525358
s11-129-21,u021,2025-07-04,variable,empirical,60,0.01388888888888884,0,0.00019290123456789987,0.01398624197473984
s11-129-21,u021,2025-07-04,variable,empirical,120,0.03414351851851849,0,0.001165779856824415,0.034740025702165826
s11-129-21,u021,2025-07-04,variable,hazard,30,0.003936515841948651,0,1.5496156973912698e-05,0.0039442843142804785
s11-129-21,u021,2025-07-04,variable,hazard,60,0.009610030017711324,0,9.235267694131271e-05,0.009656504342293948
s11-129-21,u021,2025-07-04,variable,hazard,120,0.030316587985990795,0,0.0009190955071123214,0.030785640125046827
s11-129-21,u021,2025-07-04,variable,hazard_cal,30,0.002652794884659526,0,7.037320700075749e-06,0.0026563197802729867
s11-129-21,u021,2025-07-04,variable,hazard_cal,60,0.0065778897675079495,0,4.3268633793485786e-05,0.006599619427026091
s11-129-21,u021,2025-07-04,variable,hazard_cal,120,0.021585301053551165,0,0.000465925221572437,0.021821671268991014
s11-129-22,u022,2025-07-04,variable,empirical,30,0.0063657407407407,0,4.052265517832595e-05,0.006386088466525358
s11-129-22,u022,2025-07-04,variable,empirical,60,0.01388888888888884,0,0.00019290123456789987,0.01398624197473984
s11-129-22,u022,2025-07-04,variable,empirical,120,0.03414351851851849,0,0.001165779856824415,0.034740025702165826
s11-129-22,u022,2025-07-04,variable,hazard,30,0.0067730801278934605,0,4.5874614418865295e-05,0.006796121534903001
s11-129-22,u022,2025-07-04,variable,hazard,60,0.016497673163248683,0,0.0002721732198013758,0.016635275282155148
s11-129-22,u022,2025-07-04,variable,hazard,120,0.0516149229489018,0,0.0026641002710210693,0.0529946597827765
s11-129-22,u022,2025-07-04,variable,hazard_cal,30,0.004734925159271541,0,2.241951626390263e-05,0.004746170428450582
s11-129-22,u022,2025-07-04,variable,hazard_cal,60,0.011720814317676354,0,0.000137377488269447,0.011790044549975344
s11-129-22,u022,2025-07-04,variable,hazard_cal,120,0.03821016619417639,0,0.00146001680058658,0.03895932016134972
s11-129-53,u053,2025-07-04,regular,empirical,30,0.0063657407407407,0,4.052265517832595e-05,0.006386088466525358
s11-129-53,u053,2025-07-04,regular,empirical,60,0.01388888888888884,0,0.00019290123456789987,0.01398624197473984
s11-129-53,u053,2025-07-04,regular,empirical,120,0.03414351851851849,0,0.001165779856824415,0.034740025702165826
s11-129-53,u053,2025-07-04,regular,hazard,30,0.0005579454480573176,0,3.113031230078809e-07,0.0005581011575397799
s11-129-53,u053,2025-07-04,regular,hazard,60,0.0013657351801680262,0,1.8652325823485909e-06,0.001366668646467844
s11-129-53,u053,2025-07-04,regular,hazard,120,0.004351448553993942,0,1.8935104518055968e-05,0.004360943661245075
s11-129-53,u053,2025-07-04,regular,hazard_cal,30,0.0003299953051645321,0,1.0889690143063269e-07,0.0003300497655967016
s11-129-53,u053,2025-07-04,regular,hazard_cal,60,0.0008198113300603715,0,6.720906168953555e-07,0.0008201475591443206
s11-129-53,u053,2025-07-04,regular,hazard_cal,120,0.00271004894701532,0,7.344365295218845e-06,0.0027137277777069682
s11-129-50,u050,2025-07-04,variable,empirical,30,0.0063657407407407,0,4.052265517832595e-05,0.006386088466525358
s11-129-50,u050,2025-07-04,variable,empirical,60,0.01388888888888884,0,0.00019290123456789987,0.01398624197473984
s11-129-50,u050,2025-07-04,variable,empirical,120,0.03414351851851849,0,0.001165779856824415,0.034740025702165826
s11-129-50,u050,2025-07-04,variable,hazard,30,0.0010458256364651586,0,1.093751261887754e-06,0.0010463728936864623
s11-129-50,u050,2025-07-04,variable,hazard,60,0.002558976476354169,0,6.548360606533999e-06,0.002562256253099936
s11-129-50,u050,2025-07-04,variable,hazard,120,0.008141597804481537,0,6.628561480993859e-05,0.008174921607807556
s11-129-50,u050,2025-07-04,variable,hazard_cal,30,0.0006449609153705849,0,4.159745823556627e-07,0.0006451689921341595
s11-129-50,u050,2025-07-04,variable,hazard_cal,60,0.0016018724980706445,0,2.5659955000750868e-06,0.0016031568676014181
s11-129-50,u050,2025-07-04,variable,hazard_cal,120,0.005290024027954421,0,2.7984354216335115e-05,0.005304065747644564
s11-130-27,u027,2025-07-07,variable,empirical,30,0.0063657407407407,0,4.052265517832595e-05,0.006386088466525358
s11-130-27,u027,2025-07-07,variable,empirical,60,0.01388888888888884,0,0.00019290123456789987,0.01398624197473984
s11-130-27,u027,2025-07-07,variable,empirical,120,0.03414351851851849,0,0.001165779856824415,0.034740025702165826
s11-130-27,u027,2025-07-07,variable,hazard,30,0.005085744045658203,0,2.5864792497947862e-05,0.005098720457075552
s11-130-27,u027,2025-07-07,variable,hazard,60,0.012404286348640547,0,0.00015386631981907024,0.012481861687238888
s11-130-27,u027,2025-07-07,variable,hazard,120,0.039000101674264154,0,0.0015210079306029417,0.03978097581233315
s11-130-27,u027,2025-07-07,variable,hazard_cal,30,0.003486984920700431,0,1.2159063837192192e-05,0.0034930786225072247
s11-130-27,u027,2025-07-07,variable,hazard_cal,60,0.008640467666399254,0,7.465768149409098e-05,0.008678012936051516
s11-130-27,u027,2025-07-07,variable,hazard_cal,120,0.028279099776806982,0,0.0007997074841866047,0.028686655442264414
s11-130-13,u013,2025-07-07,variable,empirical,30,0.0063657407407407,0,4.052265517832595e-05,0.006386088466525358
s11-130-13,u013,2025-07-07,variable,empirical,60,0.01388888888888884,0,0.00019290123456789987,0.01398624197473984
s11-130-13,u013,2025-07-07,variable,empirical,120,0.03414351851851849,0,0.001165779856824415,0.034740025702165826
s11-130-13,u013,2025-07-07,variable,hazard,30,0.00389822918080851,0,1.5196190746106987e-05,0.0039058470801713106
s11-130-13,u013,2025-07-07,variable,hazard,60,0.009516851261997306,0,9.05704579429797e-05,0.009562425872651287
s11-130-13,u013,2025-07-07,variable,hazard,120,0.030026008087941536,0,0.0009015611616971306,0.030486020305964423
s11-130-13,u013,2025-07-07,variable,hazard_cal,30,0.00262526563139176,0,6.892019635366776e-06,0.002628717684236848
s11-130-13,u013,2025-07-07,variable,hazard_cal,60,0.006509774306238447,0,4.237716151816226e-05,0.006531055293556727
s11-130-13,u013,2025-07-07,variable,hazard_cal,120,0.021363637725275386,0,0.0004564050168568097,0.021595143373407802
s11-130-24,u024,2025-07-07,regular,empirical,30,0.0063657407407407,0,4.052265517832595e-05,0.006386088466525358
s11-130-24,u024,2025-07-07,regular,empirical,60,0.01388888888888884,0,0.00019290123456789987,0.01398624197473984
s11-130-24,u024,2025-07-07,regular,empirical,120,0.03414351851851849,0,0.001165779856824415,0.034740025702165826
s11-130-24,u024,2025-07-07,regular,hazard,30,0.001002923630873287,0,1.0058558093640572e-06,0.0010034268952966287
s11-130-24,u024,2025-07-07,regular,hazard,60,0.0024540851418881626,0,6.0225338836362434e-06,0.0024571013445191885
s11-130-24,u024,2025-07-07,regular,hazard,120,0.007808863486598927,0,6.097834895233795e-05,0.007839512320377669
s11-130-24,u024,2025-07-07,regular,hazard_cal,30,0.0006167798141403225,0,3.804173391309707e-07,0.0006169701010573304
s11-130-24,u024,2025-07-07,regular,hazard_cal,60,0.0015319150609400811,0,2.3467637539350526e-06,0.0015330896425431429
s11-130-24,u024,2025-07-07,regular,hazard_cal,120,0.00505944832450711,0,2.55980173483578e-05,0.005072290668277097
s11-130-38,u038,2025-07-07,regular,empirical,30,0.0063657407407407,0,4.052265517832595e-05,0.006386088466525358
s11-130-38,u038,2025-07-07,regular,empirical,60,0.01388888888888884,0,0.00019290123456789987,0.01398624197473984
s11-130-38,u038,2025-07-07,regular,empirical,120,0.03414351851851849,0,0.001165779856824415,0.034740025702165826
s11-130-38,u038,2025-07-07,regular,hazard,30,0.0021829180997149367,0,4.76513143006307e-06,0.0021853041384137344
s11-130-38,u038,2025-07-07,regular,hazard,60,0.0053364619454293605,0,2.8477826095015716e-05,0.005350751719038021
s11-130-38,u038,2025-07-07,regular,hazard,120,0.016921708127578317,0,0.00028634420595495004,0.01706651615462891
s11-130-38,u038,2025-07-07,regular,hazard_cal,30,0.0014139841883239468,0,1.9993512848301306e-06,0.0014149848073172129
s11-130-38,u038,2025-07-07,regular,hazard_cal,60,0.0035096723323221335,0,1.2317799880267484e-05,0.0035158456807816096
s11-130-38,u038,2025-07-07,regular,hazard_cal,120,0.01156215408611927,0,0.00013368340711116452,0.01162951552193365
s11-130-53,u053,2025-07-07,regular,empirical,30,0.0063657407407407,0,4.052265517832595e-05,0.006386088466525358
s11-130-53,u053,2025-07-07,regular,empirical,60,0.01388888888888884,0,0.00019290123456789987,0.01398624197473984
s11-130-53,u053,2025-07-07,regular,empirical,120,0.03414351851851849,0,0.001165779856824415,0.034740025702165826
s11-130-53,u053,2025-07-07,regular,hazard,30,0.0014695421922198415,0,2.1595542547142977e-06,0.0014706230283665208
s11-130-53,u053,2025-07-07,regular,hazard,60,0.0035945403987128755,0,1.2920720677978918e-05,0.0036010162822593186
s11-130-53,u053,2025-07-07,regular,hazard,120,0.011422078860676699,0,0.0001304638854995175,0.011487811820818764
s11-130-53,u053,2025-07-07,regular,hazard_cal,30,0.0009270552856888159,0,8.594315027235721e-07,0.0009274852672051428
s11-130-53,u053,2025-07-07,regular,hazard_cal,60,0.0023019729584138338,0,5.299079501268538e-06,0.002304626571310054
s11-130-53,u053,2025-07-07,regular,hazard_cal,120,0.007595245867660694,0,5.7687759790216845e-05,0.007624236635519013
s11-130-6,u006,2025-07-07,regular,empirical,30,0.0063657407407407,0,4.052265517832595e-05,0.006386088466525358
s11-130-6,u006,2025-07-07,regular,empirical,60,0.01388888888888884,0,0.00019290123456789987,0.01398624197473984
s11-130-6,u006,2025-07-07,regular,empirical,120,0.03414351851851849,0,0.001165779856824415,0.034740025702165826
s11-130-6,u006,2025-07-07,regular,hazard,30,0.003747999642817801,0,1.4047501322562362e-05,0.003755040992970519
s11-130-6,u006,2025-07-07,regular,hazard,60,0.009151180925028757,0,8.374411232261017e-05,0.009193310199901149
s11-130-6,u006,2025-07-07,regular,hazard,120,0.02888502339141119,0,0.0008343445763223717,0.02931040718730391
s11-130-6,u006,2025-07-07,regular,hazard_cal,30,0.002517425635016113,0,6.337431827836279e-06,0.0025205996789955036
s11-130-6,u006,2025-07-07,regular,hazard_cal,60,0.0062429169457596245,0,3.8974011991652676e-05,0.006262485437245308
s11-130-6,u006,2025-07-07,regular,hazard_cal,120,0.020494849827616957,0,0.0004200388694565708,0.020707783650789808
s11-130-26,u026,2025-07-07,regular,empirical,30,0.0063657407407407,0,4.052265517832595e-05,0.006386088466525358
s11-130-26,u026,2025-07-07,regular,empirical,60,0.01388888888888884,0,0.00019290123456789987,0.01398624197473984
s11-130-26,u026,2025-07-07,regular,empirical,120,0.03414351851851849,0,0.001165779856824415,0.034740025702165826
s11-130-26,u026,2025-07-07,regular,hazard,30,0.0023476669628175184,0,5.511540168304832e-06,0.002350427053597153
s11-130-26,u026,2025-07-07,regular,hazard,60,0.005738465828990513,0,3.292999007049178e-05,0.005754994085579931
s11-130-26,u026,2025-07-07,regular,hazard,120,0.01818763935480261,0,0.0003307902253003647,0.0183550676582571
s11-130-26,u026,2025-07-07,regular,hazard_cal,30,0.0015281245591177717,0,2.335164668178884e-06,0.001529293332290938
s11-130-26,u026,2025-07-07,regular,hazard_cal,60,0.003792628651403729,0,1.4384032087448467e-05,0.003799838903760724
s11-130-26,u026,2025-07-07,regular,hazard_cal,120,0.01248980504993591,0,0.00015599523018540454,0.012568458260087338
s11-130-30,u030,2025-07-07,variable,empirical,30,0.0063657407407407,0,4.052265517832595e-05,0.006386088466525358
s11-130-30,u030,2025-07-07,variable,empirical,60,0.01388888888888884,0,0.00019290123456789987,0.01398624197473984
s11-130-30,u030,2025-07-07,variable,empirical,120,0.03414351851851849,0,0.001165779856824415,0.034740025702165826
s11-130-30,u030,2025-07-07,variable,hazard,30,0.0029502116871864548,0,8.703748999211548e-06,0.0029545721399703542
s11-130-30,u030,2025-07-07,variable,hazard,60,0.00720784161297594,0,5.1952980717747606e-05,0.007233943604979448
s11-130-30,u030,2025-07-07,variable,hazard,120,0.02280432709828417,0,0.0005200373344055378,0.023068367666362253
s11-130-30,u030,2025-07-07,variable,hazard_cal,30,0.0019499603496730966,0,3.8023453652972253e-06,0.0019518639974500831
s11-130-30,u030,2025-07-07,variable,hazard_cal,60,0.004837910553188607,0,2.340537852065369e-05,0.004849651124309984
s11-130-30,u030,2025-07-07,variable,hazard_cal,120,0.015910864638814415,0,0.000253155613554675,0.016038801315779307
s11-130-0,u000,2025-07-07,variable,empirical,30,0.0063657407407407,0,4.052265517832595e-05,0.006386088466525358
s11-130-0,u000,2025-07-07,variable,empirical,60,0.01388888888888884,0,0.00019290123456789987,0.01398624197473984
s11-130-0,u000,2025-07-07,variable,empirical,120,0.03414351851851849,0,0.001165779856824415,0.034740025702165826
s11-130-0,u000,2025-07-07,variable,hazard,30,0.0004909897703029298,0,2.4107095454212374e-07,0.0004911103452491928
s11-130-0,u000,2025-07-07,variable,hazard,60,0.0012019052205275438,0,1.4445761591313637e-06,0.0012026280878771874
s11-130-0,u000,2025-07-07,variable,hazard,120,0.0038302158717903323,0,1.4670553624514576e-05,0.003837569933036722
s11-130-0,u000,2025-07-07,variable,hazard_cal,30,0.00028793733112186803,0,8.290790665358427e-08,0.00028797879303434076
s11-130-0,u000,2025-07-07,variable,hazard_cal,60,0.0007153507426144179,0,5.117266849589992e-07,0.0007156067280437556
s11-130-0,u000,2025-07-07,variable,hazard_cal,120,0.0023650490769967503,0,5.59345713660318e-06,0.0023678502230017836
s11-130-39,u039,2025-07-07,variable,empirical,30,0.0063657407407407,0,4.052265517832595e-05,0.006386088466525358
s11-130-39,u039,2025-07-07,variable,empirical,60,0.01388888888888884,0,0.00019290123456789987,0.01398624197473984
s11-130-39,u039,2025-07-07,variable,empirical,120,0.03414351851851849,0,0.001165779856824415,0.034740025702165826
s11-130-39,u039,2025-07-07,variable,hazard,30,0.003224065417509081,0,1.0394597816378005e-05,0.0032292739144534938
s11-130-39,u039,2025-07-07,variable,hazard,60,0.007875201870127135,0,6.201880449525393e-05,0.007906375043590994
s11-130-39,u039,2025-07-07,variable,hazard,120,0.02489571890686537,0,0.0006197968198896539,0.025210858736247024
s11-130-39,u039,2025-07-07,variable,hazard_cal,30,0.002143702741039588,0,4.595461441940643e-06,0.0021460037608169585
s11-130-39,u039,2025-07-07,variable,hazard_cal,60,0.00531775034786186,0,2.8278468762184938e-05,0.005331939908960878
s11-130-39,u039,2025-07-07,variable,hazard_cal,120,0.017478249079350916,0,0.00030548919087983114,0.017632797142142654
s11-130-40,u040,2025-07-07,regular,empirical,30,0.0063657407407407,0,4.052265517832595e-05,0.006386088466525358
s11-130-40,u040,2025-07-07,regular,empirical,60,0.01388888888888884,0,0.00019290123456789987,0.01398624197473984
s11-130-40,u040,2025-07-07,regular,empirical,120,0.03414351851851849,0,0.001165779856824415,0.034740025702165826
s11-130-40,u040,2025-07-07,regular,hazard,30,0.003840558632729696,0,1.474989061143459e-05,0.003847952515199451
s11-130-40,u040,2025-07-07,regular,hazard,60,0.009376486992071609,0,8.791850831248808e-05,0.009420722982169998
s11-130-40,u040,2025-07-07,regular,hazard,120,0.02958815530692882,0,0.0008754589344669401,0.03003471543640255
s11-130-40,u040,2025-07-07,regular,hazard_cal,30,0.0025838336092086633,0,6.676196120076268e-06,0.0025871774684946554
s11-130-40,u040,2025-07-07,regular,hazard_cal,60,0.0064072535313891565,0,4.105289781549882e-05,0.00642786808257812
s11-130-40,u040,2025-07-07,regular,hazard_cal,120,0.021029938656288882,0,0.00044225831988727347,0.02125421777345819
s11-130-42,u042,2025-07-07,regular,empirical,30,0.0063657407407407,0,4.052265517832595e-05,0.006386088466525358
s11-130-42,u042,2025-07-07,regular,empirical,60,0.01388888888888884,0,0.00019290123456789987,0.01398624197473984
s11-130-42,u042,2025-07-07,regular,empirical,120,0.03414351851851849,0,0.001165779856824415,0.034740025702165826
s11-130-42,u042,2025-07-07,regular,hazard,30,0.0022238418680291527,0,4.9454726539993914e-06,0.002226318276464524
s11-130-42,u042,2025-07-07,regular,hazard,60,0.0054363298815987005,0,2.955368258156294e-05,0.005451160496721059
s11-130-42,u042,2025-07-07,regular,hazard,120,0.017236312301548762,0,0.00029709046175652117,0.017386586821473586
s11-130-42,u042,2025-07-07,regular,hazard_cal,30,0.001442284177576969,0,2.080183648888874e-06,0.001443325270556442
s11-130-42,u042,2025-07-07,regular,hazard_cal,60,0.0035798335040831963,0,1.2815207916956576e-05,0.003586256441320552
s11-130-42,u042,2025-07-07,regular,hazard_cal,120,0.011792234817751823,0,0.00013905680199699838,0.011862314695827119
s11-130-3,u003,2025-07-07,regular,empirical,30,0.0063657407407407,0,4.052265517832595e-05,0.006386088466525358
s11-130-3,u003,2025-07-07,regular,empirical,60,0.01388888888888884,0,0.00019290123456789987,0.01398624197473984
s11-130-3,u003,2025-07-07,regular,empirical,120,0.03414351851851849,0,0.001165779856824415,0.034740025702165826
s11-130-3,u003,2025-07-07,regular,hazard,30,0.010493623773208505,0,0.00011011613989364669,0.010549070072666974
s11-130-3,u003,2025-07-07,regular,hazard,60,0.02548476080496742,0,0.0006494730332864037,0.02581512219370181
s11-130-3,u003,2025-07-07,regular,hazard,120,0.07887346981903676,0,0.006221024241294502,0.08215786868754552
s11-130-3,u003,2025-07-07,regular,hazard_cal,30,0.007558521057293266,0,5.713124057354571e-05,0.007587231441101788
s11-130-3,u003,2025-07-07,regular,hazard_cal,60,0.01866722949532762,0,0.00034846545703122944,0.018843661336285275
s11-130-3,u003,2025-07-07,regular,hazard_cal,120,0.06031864942643994,0,0.0036383394686297634,0.06221444993929424
s11-130-32,u032,2025-07-07,regular,empirical,30,0.0063657407407407,0,4.052265517832595e-05,0.006386088466525358
s11-130-32,u032,2025-07-07,regular,empirical,60,0.01388888888888884,0,0.00019290123456789987,0.01398624197473984
s11-130-32,u032,2025-07-07,regular,empirical,120,0.03414351851851849,0,0.001165779856824415,0.034740025702165826
s11-130-32,u032,2025-07-07,regular,hazard,30,0.004276380366683874,0,1.8287429040559305e-05,0.004285550233099557
s11-130-32,u032,2025-07-07,regular,hazard,60,0.010436914564371236,0,0.00010892918562398442,0.010491761110095085
s11-130-32,u032,2025-07-07,regular,hazard,120,0.03289237174276849,0,0.001081908118864475,0.03344548852563798
s11-130-32,u032,2025-07-07,regular,hazard_cal,30,0.00289795021319339,0,8.398115438147614e-06,0.0029021574010256674
s11-130-32,u032,2025-07-07,regular,hazard_cal,60,0.007184340899235919,0,5.1614754156433975e-05,0.007210272552182273
s11-130-32,u032,2025-07-07,regular,hazard_cal,120,0.023557126726986954,0,0.000554938219631323,0.023839031889215097
s11-130-43,u043,2025-07-07,regular,empirical,30,0.0063657407407407,0,4.052265517832595e-05,0.006386088466525358
s11-130-43,u043,2025-07-07,regular,empirical,60,0.01388888888888884,0,0.00019290123456789987,0.01398624197473984
s11-130-43,u043,2025-07-07,regular,empirical,120,0.03414351851851849,0,0.001165779856824415,0.034740025702165826
s11-130-43,u043,2025-07-07,regular,hazard,30,0.011433708059869208,0,0.00013072967999831807,0.011499575453552999
s11-130-43,u043,2025-07-07,regular,hazard,60,0.027747140191254127,0,0.0007699037887931101,0.028139364517080167
s11-130-43,u043,2025-07-07,regular,hazard,120,0.08564159130872584,0,0.007334482161890825,0.08953265234431926
s11-130-43,u043,2025-07-07,regular,hazard_cal,30,0.008284392867074941,0,6.863116517604217e-05,0.008318899157592473
s11-130-43,u043,2025-07-07,regular,hazard_cal,60,0.020447779104858066,0,0.0004181116703210701,0.020659729190044433
s11-130-43,u043,2025-07-07,regular,hazard_cal,120,0.06592213832289895,0,0.0043457283210634225,0.0681954805478732
s11-130-14,u014,2025-07-07,variable,empirical,30,0.0063657407407407,0,4.052265517832595e-05,0.006386088466525358
s11-130-14,u014,2025-07-07,variable,empirical,60,0.01388888888888884,0,0.00019290123456789987,0.01398624197473984
s11-130-14,u014,2025-07-07,variable,empirical,120,0.03414351851851849,0,0.001165779856824415,0.034740025702165826
s11-130-14,u014,2025-07-07,variable,hazard,30,0.0065593954464995274,0,4.3025668623558737e-05,0.006581002820180209
s11-130-14,u014,2025-07-07,variable,hazard,60,0.015979892768917647,0,0.0002553569729061065,0.016108947960729376
s11-130-14,u014,2025-07-07,variable,hazard,120,0.05002617835601375,0,0.0025026185209076988,0.0513208509314536
s11-130-14,u014,2025-07-07,variable,hazard_cal,30,0.004575568737769209,0,2.0935829274050913e-05,0.004586068693494751
s11-130-14,u014,2025-07-07,variable,hazard_cal,60,0.011327818030933856,0,0.00012831946134195019,0.011392466442238618
s11-130-14,u014,2025-07-07,variable,hazard_cal,120,0.03694751248293038,0,0.0013651186786762962,0.03764736449789802
s11-130-33,u033,2025-07-07,regular,empirical,30,0.0063657407407407,0,4.052265517832595e-05,0.006386088466525358
s11-130-33,u033,2025-07-07,regular,empirical,60,0.01388888888888884,0,0.00019290123456789987,0.01398624197473984
s11-130-33,u033,2025-07-07,regular,empirical,120,0.03414351851851849,0,0.001165779856824415,0.034740025702165826
s11-130-33,u033,2025-07-07,regular,hazard,30,0.0011358198172162215,0,1.290086657181091e-06,0.0011364653493966018
s11-130-33,u033,2025-07-07,regular,hazard,60,0.0027789805502559384,0,7.722732898700797e-06,0.0027828490854235046
s11-130-33,u033,2025-07-07,regular,hazard,120,0.008839217176757286,0,7.813176029788104e-05,0.008878514801787137
s11-130-33,u033,2025-07-07,regular,hazard_cal,30,0.0007043238129877949,0,4.960720335416662e-07,0.0007045719655312377
s11-130-33,u033,2025-07-07,regular,hazard_cal,60,0.0017492258401392569,0,3.059791039810889e-06,0.0017507575220915403
s11-130-33,u033,2025-07-07,regular,hazard_cal,120,0.005775557371297646,0,3.335706294915058e-05,0.005792300400780736
s11-130-1,u001,2025-07-07,regular,empirical,30,0.0063657407407407,0,4.052265517832595e-05,0.006386088466525358
s11-130-1,u001,2025-07-07,regular,empirical,60,0.01388888888888884,0,0.00019290123456789987,0.01398624197473984
s11-130-1,u001,2025-07-07,regular,empirical,120,0.03414351851851849,0,0.001165779856824415,0.034740025702165826
s11-130-1,u001,2025-07-07,regular,hazard,30,0.001988237050231434,0,3.9530865679129935e-06,0.0019902162173193972
s11-130-1,u001,2025-07-07,regular,hazard,60,0.004861285114600378,0,2.363209296543521e-05,0.004873139595361161
s11-130-1,u001,2025-07-07,regular,hazard,120,0.015423764728871303,0,0.00023789251841157446,0.015543948379216783
s11-130-1,u001,2025-07-07,regular,hazard_cal,30,0.0012798571362639954,0,1.6380342892458755e-06,0.00128067685289672
s11-130-1,u001,2025-07-07,regular,hazard_cal,60,0.003177101200318444,0,1.0093972037064898e-05,0.0031821589017308497
s11-130-1,u001,2025-07-07,regular,hazard_cal,120,0.010470985902198748,0,0.00010964154576404494,0.010526192390821141
s11-130-11,u011,2025-07-07,regular,empirical,30,0.0063657407407407,0,4.052265517832595e-05,0.006386088466525358
s11-130-11,u011,2025-07-07,regular,empirical,60,0.01388888888888884,0,0.00019290123456789987,0.01398624197473984
s11-130-11,u011,2025-07-07,regular,empirical,120,0.03414351851851849,0,0.001165779856824415,0.034740025702165826
s11-130-11,u011,2025-07-07,regular,hazard,30,0.002694995133141753,0,7.262998767657736e-06,0.002698633170323977
s11-130-11,u011,2025-07-07,regular,hazard,60,0.00658563763133535,0,4.3370623011260284e-05,0.0066074186233205864
s11-130-11,u011,2025-07-07,regular,hazard,120,0.020851403083305464,0,0.0004347810105424806,0.021071863580850916
s11-130-11,u011,2025-07-07,regular,hazard_cal,30,0.0017704960203508424,0,3.134656158078171e-06,0.0017720652008553011
s11-130-11,u011,2025-07-07,regular,hazard_cal,60,0.004393297550656761,0,1.930106336860669e-05,0.004402976440907164
s11-130-11,u011,2025-07-07,regular,hazard_cal,120,0.014456827820937268,0,0.0002089998706442258,0.014562345962715596
s11-130-48,u048,2025-07-07,variable,empirical,30,0.0063657407407407,0,4.052265517832595e-05,0.006386088466525358
s11-130-48,u048,2025-07-07,variable,empirical,60,0.01388888888888884,0,0.00019290123456789987,0.01398624197473984
s11-130-48,u048,2025-07-07,variable,empirical,120,0.03414351851851849,0,0.001165779856824415,0.034740025702165826
s11-130-48,u048,2025-07-07,variable,hazard,30,0.0006694359896242119,0,4.4814454420414797e-07,0.0006696601619479114
s11-130-48,u048,2025-07-07,variable,hazard,60,0.001638496365674813,0,2.6846703403295707e-06,0.0016398401689234053
s11-130-48,u048,2025-07-07,variable,hazard,120,0.005218794553179418,0,2.7235816588295158e-05,0.005232460027075711
s11-130-48,u048,2025-07-07,variable,hazard_cal,30,0.0004007617338532832,0,1.6060996732108978e-07,0.0004008420602988377
s11-130-48,u048,2025-07-07,variable,hazard_cal,60,0.000995559742110519,0,9.91139200111163e-07,0.0009960556408691217
s11-130-48,u048,2025-07-07,variable,hazard_cal,120,0.003290282004518086,0,1.0825955669255553e-05,0.003295706885212753
s11-130-20,u020,2025-07-07,variable,empirical,30,0.0063657407407407,0,4.052265517832595e-05,0.006386088466525358
s11-130-20,u020,2025-07-07,variable,empirical,60,0.01388888888888884,0,0.00019290123456789987,0.01398624197473984
s11-130-20,u020,2025-07-07,variable,empirical,120,0.03414351851851849,0,0.001165779856824415,0.034740025702165826
s11-130-20,u020,2025-07-07,variable,hazard,30,0.0008814574301277966,0,7.769672011274995e-07,0.0008818461421672239
s11-130-20,u020,2025-07-07,variable,hazard,60,0.0021570731334620286,0,4.6529645031036945e-06,0.002159402966730364
s11-130-20,u020,2025-07-07,variable,hazard,120,0.006866230810795737,0,4.7145125547120683e-05,0.006889911835409381
s11-130-20,u020,2025-07-07,variable,hazard_cal,30,0.000537440066157413,0,2.8884182471128447e-07,0.0005375845388356915
s11-130-20,u020,2025-07-07,variable,hazard_cal,60,0.0013349428953564058,0,1.7820725338625437e-06,0.0013358347254064876
s11-130-20,u020,2025-07-07,variable,hazard_cal,120,0.004410017916262499,0,1.944825802175623e-05,0.004419770729222335
s11-130-45,u045,2025-07-07,regular,empirical,30,0.0063657407407407,0,4.052265517832595e-05,0.006386088466525358
s11-130-45,u045,2025-07-07,regular,empirical,60,0.01388888888888884,0,0.00019290123456789987,0.01398624197473984
s11-130-45,u045,2025-07-07,regular,empirical,120,0.03414351851851849,0,0.001165779856824415,0.034740025702165826
s11-130-45,u045,2025-07-07,regular,hazard,30,0.004585273014174551,0,2.1024728614517374e-05,0.004595817624105458
s11-130-45,u045,2025-07-07,regular,hazard,60,0.011188058039203863,0,0.00012517264268859418,0.011251115125915583
s11-130-45,u045,2025-07-07,regular,hazard,120,0.035227746756428924,0,0.0012409941415350886,0.035863212498666835
s11-130-45,u045,2025-07-07,regular,hazard_cal,30,0.003121925711161655,0,9.746420146012205e-06,0.0031268090875755192
s11-130-45,u045,2025-07-07,regular,hazard_cal,60,0.007738186140586967,0,5.9879524746372216e-05,0.007768281257904188
s11-130-45,u045,2025-07-07,regular,hazard_cal,120,0.025355231971305403,0,0.0006428877883187077,0.025682214855799693
s11-130-21,u021,2025-07-07,variable,empirical,30,0.0063657407407407,0,4.052265517832595e-05,0.006386088466525358
s11-130-21,u021,2025-07-07,variable,empirical,60,0.01388888888888884,0,0.00019290123456789987,0.01398624197473984
s11-130-21,u021,2025-07-07,variable,empirical,120,0.03414351851851849,0,0.001165779856824415,0.034740025702165826
s11-130-21,u021,2025-07-07,variable,hazard,30,0.004362807128585722,0,1.903408604123839e-05,0.004372351943179817
s11-130-21,u021,2025-07-07,variable,hazard,60,0.010647118230802555,0,0.00011336112662068812,0.010704204357514837
s11-130-21,u021,2025-07-07,variable,hazard,120,0.03354634323021066,0,0.0011253571441191008,0.03412193102316115
s11-130-21,u021,2025-07-07,variable,hazard_cal,30,0.002960509462912375,0,8.76461627999372e-06,0.0029649004395457387
s11-130-21,u021,2025-07-07,variable,hazard_cal,60,0.007339057444304631,0,5.386176417080322e-05,0.0073661208208073365
s11-130-21,u021,2025-07-07,variable,hazard_cal,120,0.024059684115326108,0,0.0005788683997292755,0.024353846196395777
s11-131-53,u053,2025-07-08,regular,empirical,30,0.0063657407407407,0,4.052265517832595e-05,0.006386088466525358
s11-131-53,u053,2025-07-08,regular,empirical,60,0.01388888888888884,0,0.00019290123456789987,0.01398624197473984
s11-131-53,u053,2025-07-08,regular,empirical,120,0.03414351851851849,0,0.001165779856824415,0.034740025702165826
s11-131-53,u053,2025-07-08,regular,hazard,30,0.0008165665173521797,0,6.667808772606675e-07,0.0008169000893923447
s11-131-53,u053,2025-07-08,regular,hazard,60,0.0019983769256337602,0,3.9935103369054394e-06,0.0020003763449752653
s11-131-53,u053,2025-07-08,regular,hazard,120,0.006362296808406831,0,4.047882067826375e-05,0.006382622476566314
s11-131-53,u053,2025-07-08,regular,hazard_cal,30,0.0004953470865706189,0,2.453687361740002e-07,0.0004954698114679929
s11-131-53,u053,2025-07-08,regular,hazard_cal,60,0.0012304307522725821,0,1.5139598361380723e-06,0.0012311883537051477
s11-131-53,u053,2025-07-08,regular,hazard_cal,120,0.004065301652101061,0,1.6526677522575617e-05,0.0040735874546777556
s11-131-12,u012,2025-07-08,variable,empirical,30,0.0063657407407407,0,4.052265517832595e-05,0.006386088466525358
s11-131-12,u012,2025-07-08,variable,empirical,60,0.01388888888888884,0,0.00019290123456789987,0.01398624197473984
s11-131-12,u012,2025-07-08,variable,empirical,120,0.03414351851851849,0,0.001165779856824415,0.034740025702165826
s11-131-12,u012,2025-07-08,variable,hazard,30,0.004875483732665886,0,2.3770341627489682e-05,0.004887407675928097
s11-131-12,u012,2025-07-08,variable,hazard,60,0.011893436411071434,0,0.00014145382966419974,0.011964729166981606
s11-131-12,u012,2025-07-08,variable,hazard,120,0.03741696303347175,0,0.0014000291226481914,0.03813494436841129
s11-131-12,u012,2025-07-08,variable,hazard_cal,30,0.00333329975025376,0,1.1110887225041777e-05,0.0033388675701176347
s11-131-12,u012,2025-07-08,variable,hazard_cal,60,0.008260684555412401,0,6.823890932402898e-05,0.008294993081992972
s11-131-12,u012,2025-07-08,variable,hazard_cal,120,0.027049227145835686,0,0.0007316606891870142,0.027421791237196895
s11-131-21,u021,2025-07-08,variable,empirical,30,0.0063657407407407,0,4.052265517832595e-05,0.006386088466525358
s11-131-21,u021,2025-07-08,variable,empirical,60,0.01388888888888884,0,0.00019290123456789987,0.01398624197473984
s11-131-21,u021,2025-07-08,variable,empirical,120,0.03414351851851849,1,0.9328787428197874,3.3771825054582822
s11-131-21,u021,2025-07-08,variable,hazard,30,0.008043474526002625,0,6.469748245045316e-05,0.008075997784631972
s11-131-21,u021,2025-07-08,variable,hazard,60,0.019572339790759008,0,0.00038307648488492837,0.019766414538443727
s11-131-21,u021,2025-07-08,variable,hazard,120,0.061007992834814284,1,0.8817059895201041,2.796750393313594
s11-131-21,u021,2025-07-08,variable,hazard_cal,30,0.005689217244420286,0,3.2367192854209155e-05,0.005705462485284488
s11-131-21,u021,2025-07-08,variable,hazard_cal,60,0.014072093935903252,0,0.00019802382774088506,0.014172044634774323
s11-131-21,u021,2025-07-08,variable,hazard_cal,120,0.0457379631753424,1,0.9106160349247442,3.0848266218699973
s11-131-19,u019,2025-07-08,variable,empirical,30,0.0063657407407407,0,4.052265517832595e-05,0.006386088466525358
s11-131-19,u019,2025-07-08,variable,empirical,60,0.01388888888888884,0,0.00019290123456789987,0.01398624197473984
s11-131-19,u019,2025-07-08,variable,empirical,120,0.03414351851851849,0,0.001165779856824415,0.034740025702165826
s11-131-19,u019,2025-07-08,variable,hazard,30,0.0053367457566896315,0,2.8480855271544787e-05,0.0053510370530126805
s11-131-19,u019,2025-07-08,variable,hazard,60,0.013013898432684967,0,0.00016936155241624025,0.013099321139882643
s11-131-19,u019,2025-07-08,variable,hazard,120,0.04088673939439469,0,0.0016717254583051466,0.04174610825101027
s11-131-19,u019,2025-07-08,variable,hazard_cal,30,0.003671019662497388,0,1.3476385362442436e-05,0.0036777743914074815
s11-131-19,u019,2025-07-08,variable,hazard_cal,60,0.009095124318559633,0,8.272128637005484e-05,0.009136737471784234
s11-131-19,u019,2025-07-08,variable,hazard_cal,120,0.029749863898263063,0,0.0008850544019651759,0.030201368458215524
s11-131-48,u048,2025-07-08,variable,empirical,30,0.0063657407407407,0,4.052265517832595e-05,0.006386088466525358
s11-131-48,u048,2025-07-08,variable,empirical,60,0.01388888888888884,0,0.00019290123456789987,0.01398624197473984
s11-131-48,u048,2025-07-08,variable,empirical,120,0.03414351851851849,0,0.001165779856824415,0.034740025702165826
s11-131-48,u048,2025-07-08,variable,hazard,30,0.0008212273222208966,0,6.744143147621042e-07,0.0008215647141078817
s11-131-48,u048,2025-07-08,variable,hazard,60,0.00200977586135187,0,4.039199012872652e-06,0.002011798170905216
s11-131-48,u048,2025-07-08,variable,hazard,120,0.006398500140397445,0,4.0940804046666125e-05,0.006419058283528086
s11-131-48,u048,2025-07-08,variable,hazard_cal,30,0.0004983631866662952,0,2.483658658241846e-07,0.0004984874108734363
s11-131-48,u048,2025-07-08,variable,hazard_cal,60,0.0012379196290592809,0,1.5324450080102677e-06,0.0012386864844988836
s11-131-48,u048,2025-07-08,variable,hazard_cal,120,0.004090005552676135,0,1.6728145420921615e-05,0.0040983925016432115
s11-131-38,u038,2025-07-08,regular,empirical,30,0.0063657407407407,0,4.052265517832595e-05,0.006386088466525358
s11-131-38,u038,2025-07-08,regular,empirical,60,0.01388888888888884,0,0.00019290123456789987,0.01398624197473984
s11-131-38,u038,2025-07-08,regular,empirical,120,0.03414351851851849,0,0.001165779856824415,0.034740025702165826
s11-131-38,u038,2025-07-08,regular,hazard,30,0.0007907412692519378,0,6.252717548981656e-07,0.0007910540700365836
s11-131-38,u038,2025-07-08,regular,hazard,60,0.0019352145621800432,0,3.7450554016736964e-06,0.0019370895092212603
s11-131-38,u038,2025-07-08,regular,hazard,120,0.006161673378618393,0,3.79662188247746e-05,0.006180734828654662
s11-131-38,u038,2025-07-08,regular,hazard_cal,30,0.00047865604864039124,0,2.2911161290003258e-07,0.0004787706410151891
s11-131-38,u038,2025-07-08,regular,hazard_cal,60,0.0011889867905595652,0,1.4136895881251354e-06,0.0011896941961398151
s11-131-38,u038,2025-07-08,regular,hazard_cal,120,0.003928580013353611,0,1.5433740921321457e-05,0.003936317154447505
s11-131-4,u004,2025-07-08,regular,empirical,30,0.0063657407407407,0,4.052265517832595e-05,0.006386088466525358
s11-131-4,u004,2025-07-08,regular,empirical,60,0.01388888888888884,0,0.00019290123456789987,0.01398624197473984
s11-131-4,u004,2025-07-08,regular,empirical,120,0.03414351851851849,0,0.001165779856824415,0.034740025702165826
s11-131-4,u004,2025-07-08,regular,hazard,30,0.007833930867071182,0,6.137047283005063e-05,0.00786477730835691
s11-131-4,u004,2025-07-08,regular,hazard,60,0.01906562074614815,0,0.00036349789443595467,0.01924971334234713
s11-131-4,u004,2025-07-08,regular,hazard,120,0.05946481237495116,0,0.0035360639107881444,0.0613062171981866
s11-131-4,u004,2025-07-08,regular,hazard_cal,30,0.005531041830992955,0,3.059242373619391e-05,0.005546394680533706
s11-131-4,u004,2025-07-08,regular,hazard_cal,60,0.013682619671498197,0,0.00018721408107486945,0.0137770894310225
s11-131-4,u004,2025-07-08,regular,hazard_cal,120,0.04449417785666698,0,0.0019797318631407145,0.04551442202541469
s11-131-14,u014,2025-07-08,variable,empirical,30,0.0063657407407407,0,4.052265517832595e-05,0.006386088466525358
s11-131-14,u014,2025-07-08,variable,empirical,60,0.01388888888888884,0,0.00019290123456789987,0.01398624197473984
s11-131-14,u014,2025-07-08,variable,empirical,120,0.03414351851851849,0,0.001165779856824415,0.034740025702165826
s11-131-14,u014,2025-07-08,variable,hazard,30,0.006407839468948295,0,4.1060406659811575e-05,0.006428457798771188
s11-131-14,u014,2025-07-08,variable,hazard,60,0.015612550047177431,0,0.00024375171897562,0.01573570947699768
s11-131-14,u014,2025-07-08,variable,hazard,120,0.048897818518538805,0,0.0023909966558719564,0.05013377585594692
s11-131-14,u014,2025-07-08,variable,hazard_cal,30,0.004462761945094762,0,1.9916244178585985e-05,0.0044727497938558125
s11-131-14,u014,2025-07-08,variable,hazard_cal,60,0.011049557973480728,0,0.00012209273140931153,0.011111057789330678
s11-131-14,u014,2025-07-08,variable,hazard_cal,120,0.036052721958433565,0,0.0012997987606121178,0.0367186766954399
s11-131-23,u023,2025-07-08,variable,empirical,30,0.0063657407407407,0,4.052265517832595e-05,0.006386088466525358
s11-131-23,u023,2025-07-08,variable,empirical,60,0.01388888888888884,0,0.00019290123456789987,0.01398624197473984
s11-131-23,u023,2025-07-08,variable,empirical,120,0.03414351851851849,0,0.001165779856824415,0.034740025702165826
s11-131-23,u023,2025-07-08,variable,hazard,30,0.002682863424223858,0,7.197756153038165e-06,0.0026864687521457346
s11-131-23,u023,2025-07-08,variable,hazard,60,0.0065560549173470095,0,4.2981856079269906e-05,0.00657764024015196
s11-131-23,u023,2025-07-08,variable,hazard,120,0.02075847801959707,0,0.00043091440969009474,0.020976964139844276
s11-131-23,u023,2025-07-08,variable,hazard_cal,30,0.0017619929761957254,0,3.10461924816307e-06,0.0017635471116719766
s11-131-23,u023,2025-07-08,variable,hazard_cal,60,0.004372228491810071,0,1.9116381984595767e-05,0.004381814634878764
s11-131-23,u023,2025-07-08,variable,hazard_cal,120,0.014387883703249393,0,0.00020701119745822948,0.0144923929578772
s11-131-25,u025,2025-07-08,variable,empirical,30,0.0063657407407407,0,4.052265517832595e-05,0.006386088466525358
s11-131-25,u025,2025-07-08,variable,empirical,60,0.01388888888888884,0,0.00019290123456789987,0.01398624197473984
s11-131-25,u025,2025-07-08,variable,empirical,120,0.03414351851851849,0,0.001165779856824415,0.034740025702165826
s11-131-25,u025,2025-07-08,variable,hazard,30,0.013574514288793638,0,0.00018426743817666263,0.013667490370066527
s11-131-25,u025,2025-07-08,variable,hazard,60,0.03288648687042017,0,0.0010815210186783184,0.03343940352095841
s11-131-25,u025,2025-07-08,variable,hazard,120,0.10087751108537146,0,0.010176272242779243,0.10633600360860587
s11-131-25,u025,2025-07-08,variable,hazard_cal,30,0.009952774653962604,0,9.905772331256042e-05,0.010002634621488555
s11-131-25,u025,2025-07-08,variable,hazard_cal,60,0.024532254162009215,0,0.0006018314942694184,0.024838183701391015
s11-131-25,u025,2025-07-08,variable,hazard_cal,120,0.07867913095746004,0,0.006190405648221147,0.08194691138979109
s11-131-3,u003,2025-07-08,regular,empirical,30,0.0063657407407407,0,4.052265517832595e-05,0.006386088466525358
s11-131-3,u003,2025-07-08,regular,empirical,60,0.01388888888888884,0,0.00019290123456789987,0.01398624197473984
s11-131-3,u003,2025-07-08,regular,empirical,120,0.03414351851851849,0,0.001165779856824415,0.034740025702165826
s11-131-3,u003,2025-07-08,regular,hazard,30,0.012280345661831782,0,0.00015080688957407068,0.012356372168977751
s11-131-3,u003,2025-07-08,regular,hazard,60,0.029781729979457383,0,0.0008869514405693106,0.030234212158320763
s11-131-3,u003,2025-07-08,regular,hazard,120,0.09169627223806676,0,0.008408206342357652,0.09617645437368988
s11-131-3,u003,2025-07-08,regular,hazard_cal,30,0.00894175210844217,0,7.995493076882998e-05,0.008981969495932982
s11-131-3,u003,2025-07-08,regular,hazard_cal,60,0.022058439464334167,0,0.00048657475160169503,0.022305364786175712
s11-131-3,u003,2025-07-08,regular,hazard_cal,120,0.07096880579415776,0,0.005036571395848881,0.07361296246955758
s11-131-39,u039,2025-07-08,variable,empirical,30,0.0063657407407407,0,4.052265517832595e-05,0.006386088466525358
s11-131-39,u039,2025-07-08,variable,empirical,60,0.01388888888888884,0,0.00019290123456789987,0.01398624197473984
s11-131-39,u039,2025-07-08,variable,empirical,120,0.03414351851851849,0,0.001165779856824415,0.034740025702165826
s11-131-39,u039,2025-07-08,variable,hazard,30,0.0037080740531421075,0,1.3749813183585737e-05,0.003714966002247384
s11-131-39,u039,2025-07-08,variable,hazard,60,0.00905398427718096,0,8.197463129144003e-05,0.00909522068405513
s11-131-39,u039,2025-07-08,variable,hazard,120,0.028581574985967806,0,0.0008169064286785006,0.028997981766296265
s11-131-39,u039,2025-07-08,variable,hazard_cal,30,0.002488814662784722,0,6.194198425692229e-06,0.002491916910346018
s11-131-39,u039,2025-07-08,variable,hazard_cal,60,0.006172109265090486,0,3.8094932780215825e-05,0.0061912354714497774
s11-131-39,u039,2025-07-08,variable,hazard_cal,120,0.020264226708756383,0,0.00041063888410387557,0.02047236276184878
s11-131-45,u045,2025-07-08,regular,empirical,30,0.0063657407407407,0,4.052265517832595e-05,0.006386088466525358
s11-131-45,u045,2025-07-08,regular,empirical,60,0.01388888888888884,0,0.00019290123456789987,0.01398624197473984
s11-131-45,u045,2025-07-08,regular,empirical,120,0.03414351851851849,0,0.001165779856824415,0.034740025702165826
s11-131-45,u045,2025-07-08,regular,hazard,30,0.0031438941375565577,0,9.884070348162492e-06,0.003148846555372881
s11-131-45,u045,2025-07-08,regular,hazard,60,0.0076798607106617345,0,5.898026053516576e-05,0.007709502702703194
s11-131-45,u045,2025-07-08,regular,hazard,120,0.02428390304050765,0,0.0005897079468807766,0.024583619146893006
s11-131-45,u045,2025-07-08,regular,hazard_cal,30,0.0020868641993642134,0,4.35500218658804e-06,0.002089044734639665
s11-131-45,u045,2025-07-08,regular,hazard_cal,60,0.005176994659549905,0,2.6801273705008236e-05,0.005190441726743382
s11-131-45,u045,2025-07-08,regular,hazard_cal,120,0.017018673817137064,0,0.00028963525849410665,0.01716515577750391
s11-131-13,u013,2025-07-08,variable,empirical,30,0.0063657407407407,0,4.052265517832595e-05,0.006386088466525358
s11-131-13,u013,2025-07-08,variable,empirical,60,0.01388888888888884,0,0.00019290123456789987,0.01398624197473984
s11-131-13,u013,2025-07-08,variable,empirical,120,0.03414351851851849,0,0.001165779856824415,0.034740025702165826
s11-131-13,u013,2025-07-08,variable,hazard,30,0.005229416119726937,0,2.7346792953259937e-05,0.00524313737320422
s11-131-13,u013,2025-07-08,variable,hazard,60,0.012753254892108545,0,0.00016264551034309054,0.01283527574875291
s11-131-13,u013,2025-07-08,variable,hazard,120,0.040080437127539836,0,0.0016064414403346738,0.04090578670524288
s11-131-13,u013,2025-07-08,variable,hazard_cal,30,0.0035922510288776133,0,1.2904267454472271e-05,0.0035987186561442213
s11-131-13,u013,2025-07-08,variable,hazard_cal,60,0.008900543666975014,0,7.921967756772903e-05,0.008940390118686393
s11-131-13,u013,2025-07-08,variable,hazard_cal,120,0.0291206270379768,0,0.0008480109190849454,0.029553048107215568
s11-131-18,u018,2025-07-08,regular,empirical,30,0.0063657407407407,0,4.052265517832595e-05,0.006386088466525358
s11-131-18,u018,2025-07-08,regular,empirical,60,0.01388888888888884,0,0.00019290123456789987,0.01398624197473984
s11-131-18,u018,2025-07-08,regular,empirical,120,0.03414351851851849,0,0.001165779856824415,0.034740025702165826
s11-131-18,u018,2025-07-08,regular,hazard,30,0.002987149117866461,0,8.923059852370377e-06,0.002991619552582371
s11-131-18,u018,2025-07-08,regular,hazard,60,0.007297872179523934,0,5.325893834866942e-05,0.007324631920967167
s11-131-18,u018,2025-07-08,regular,hazard,120,0.023086664465367557,0,0.000532994076136465,0.023357335546689423
s11-131-18,u018,2025-07-08,regular,hazard_cal,30,0.001976023645609115,0,3.904669448006338e-06,0.0019779785560571504
s11-131-18,u018,2025-07-08,regular,hazard_cal,60,0.004902470094338196,0,2.403421302588036e-05,0.004914526621500884
s11-131-18,u018,2025-07-08,regular,hazard_cal,120,0.016121858873825556,0,0.00025991433354754785,0.016253229917657482
s11-131-28,u028,2025-07-08,variable,empirical,30,0.0063657407407407,0,4.052265517832595e-05,0.006386088466525358
s11-131-28,u028,2025-07-08,variable,empirical,60,0.01388888888888884,0,0.00019290123456789987,0.01398624197473984
s11-131-28,u028,2025-07-08,variable,empirical,120,0.03414351851851849,0,0.001165779856824415,0.034740025702165826
s11-131-28,u028,2025-07-08,variable,hazard,30,0.008035093931739734,0,6.45627344918807e-05,0.008067549270361499
s11-131-28,u028,2025-07-08,variable,hazard,60,0.019552077060493223,0,0.0003822837173794653,0.019745747515568193
s11-131-28,u028,2025-07-08,variable,hazard,120,0.06094632058359872,0,0.0037144539926787894,0.06288263483018353
s11-131-28,u028,2025-07-08,variable,hazard_cal,30,0.005682885533569659,0,3.229518798765531e-05,0.005699094566118219
s11-131-28,u028,2025-07-08,variable,hazard_cal,60,0.014056505345457548,0,0.00019758534252687664,0.014156233674241759
s11-131-28,u028,2025-07-08,variable,hazard_cal,120,0.04568820499950166,0,0.0020874120760764883,0.04676483178987649
s11-131-42,u042,2025-07-08,regular,empirical,30,0.0063657407407407,0,4.052265517832595e-05,0.006386088466525358
s11-131-42,u042,2025-07-08,regular,empirical,60,0.01388888888888884,0,0.00019290123456789987,0.01398624197473984
s11-131-42,u042,2025-07-08,regular,empirical,120,0.03414351851851849,0,0.001165779856824415,0.034740025702165826
s11-131-42,u042,2025-07-08,regular,hazard,30,0.0011806251279321556,0,1.3938756927048187e-06,0.0011813226148129122
s11-131-42,u042,2025-07-08,regular,hazard,60,0.0028885020571962627,0,8.343444134427042e-06,0.0028926818300589025
s11-131-42,u042,2025-07-08,regular,hazard,120,0.00918636511854276,0,8.438930409117915e-05,0.009228819974482038
s11-131-42,u042,2025-07-08,regular,hazard_cal,30,0.0007339979986397127,0,5.387530620071037e-07,0.000734267507057879
s11-131-42,u042,2025-07-08,regular,hazard_cal,60,0.001822879129272259,0,3.322888319936389e-06,0.0018245425952712446
s11-131-42,u042,2025-07-08,regular,hazard_cal,120,0.006018178473572999,0,3.6218472139777434e-05,0.006036360695583973
s11-131-34,u034,2025-07-08,regular,empirical,30,0.0063657407407407,0,4.052265517832595e-05,0.006386088466525358
s11-131-34,u034,2025-07-08,regular,empirical,60,0.01388888888888884,0,0.00019290123456789987,0.01398624197473984
s11-131-34,u034,2025-07-08,regular,empirical,120,0.03414351851851849,0,0.001165779856824415,0.034740025702165826
s11-131-34,u034,2025-07-08,regular,hazard,30,0.010895524022973002,0,0.00011871244373518179,0.010955314943753321
s11-131-34,u034,2025-07-08,regular,hazard,60,0.02645237753915952,0,0.0006997282774742311,0.026808536557082034
s11-131-34,u034,2025-07-08,regular,hazard,120,0.08177277943773875,0,0.006686787456973069,0.0853104020365594
s11-131-34,u034,2025-07-08,regular,hazard_cal,30,0.007868302724479248,0,6.191018776404756e-05,0.007899421158683584
s11-131-34,u034,2025-07-08,regular,hazard_cal,60,0.019427377370204946,0,0.00037742299148435125,0.019618569153527977
s11-131-34,u034,2025-07-08,regular,hazard_cal,120,0.06271403095517414,0,0.00393304967864654,0.06476684688743052
s11-131-8,u008,2025-07-08,variable,empirical,30,0.0063657407407407,0,4.052265517832595e-05,0.006386088466525358
s11-131-8,u008,2025-07-08,variable,empirical,60,0.01388888888888884,0,0.00019290123456789987,0.01398624197473984
s11-131-8,u008,2025-07-08,variable,empirical,120,0.03414351851851849,0,0.001165779856824415,0.034740025702165826
s11-131-8,u008,2025-07-08,variable,hazard,30,0.010402429692495163,0,0.00010821054350730501,0.010456913133727432
s11-131-8,u008,2025-07-08,variable,hazard,60,0.02526511518033525,0,0.0006383260450756068,0.025589757964806017
s11-131-8,u008,2025-07-08,variable,hazard,120,0.07821437924125063,0,0.006117489120094178,0.08144259790749238
s11-131-8,u008,2025-07-08,variable,hazard_cal,30,0.007488344687223036,0,5.607530615466147e-05,0.007516523101556241
s11-131-8,u008,2025-07-08,variable,hazard_cal,60,0.01849497577283954,0,0.0003420641288379215,0.018668146351407157
s11-131-8,u008,2025-07-08,variable,hazard_cal,120,0.05977518882769861,0,0.0035730731993870246,0.06163627149088053
s11-131-40,u040,2025-07-08,regular,empirical,30,0.0063657407407407,0,4.052265517832595e-05,0.006386088466525358
s11-131-40,u040,2025-07-08,regular,empirical,60,0.01388888888888884,0,0.00019290123456789987,0.01398624197473984
s11-131-40,u040,2025-07-08,regular,empirical,120,0.03414351851851849,0,0.001165779856824415,0.034740025702165826
s11-131-40,u040,2025-07-08,regular,hazard,30,0.004180911607141291,0,1.7480021866728773e-05,0.004189676055527608
s11-131-40,u040,2025-07-08,regular,hazard,60,0.010204685780258682,0,0.00010413561187381375,0.010257110543306828
s11-131-40,u040,2025-07-08,regular,hazard,120,0.03216948958481192,0,0.0010348760601473223,0.03269829958234275
s11-131-40,u040,2025-07-08,regular,hazard_cal,30,0.002828946381704278,0,8.002937630557727e-06,0.0028329554131947834
s11-131-40,u040,2025-07-08,regular,hazard_cal,60,0.007013667773562715,0,4.9191535637912175e-05,0.007038379154110515
s11-131-40,u040,2025-07-08,regular,hazard_cal,120,0.02300250712460883,0,0.0005291153340176799,0.023271193088612918
s11-131-10,u010,2025-07-08,variable,empirical,30,0.0063657407407407,0,4.052265517832595e-05,0.006386088466525358
s11-131-10,u010,2025-07-08,variable,empirical,60,0.01388888888888884,0,0.00019290123456789987,0.01398624197473984
s11-131-10,u010,2025-07-08,variable,empirical,120,0.03414351851851849,0,0.001165779856824415,0.034740025702165826
s11-131-10,u010,2025-07-08,variable,hazard,30,0.0005042236461227922,0,2.542414853093628e-07,0.0005043508096131361
s11-131-10,u010,2025-07-08,variable,hazard,60,0.0012342878002600255,0,1.5234663738707325e-06,0.001235050160826425
s11-131-10,u010,2025-07-08,variable,hazard,120,0.003933258884615265,0,1.5470525453404918e-05,0.003941014490559048
s11-131-10,u010,2025-07-08,variable,hazard_cal,30,0.0002962214165325161,0,8.77471276125304e-08,0.00029626529876244055
s11-131-10,u010,2025-07-08,variable,hazard_cal,60,0.0007359267284403614,0,5.415881496329335e-07,0.0007361976554449489
s11-131-10,u010,2025-07-08,variable,hazard_cal,120,0.0024330122490766604,0,5.919548604157069e-06,0.0024359768329341763
s11-131-59,u059,2025-07-08,new,empirical,30,0.0063657407407407,0,4.052265517832595e-05,0.006386088466525358
s11-131-59,u059,2025-07-08,new,empirical,60,0.01388888888888884,0,0.00019290123456789987,0.01398624197473984
s11-131-59,u059,2025-07-08,new,empirical,120,0.03414351851851849,0,0.001165779856824415,0.034740025702165826
s11-131-59,u059,2025-07-08,new,hazard,30,0.0017901523146227616,0,3.2046453095492307e-06,0.001791756552116396
s11-131-59,u059,2025-07-08,new,hazard,60,0.004377650025115476,0,1.916381974239353e-05,0.004387259991287713
s11-131-59,u059,2025-07-08,new,hazard,120,0.013897390897564033,0,0.00019313747375969564,0.013994863767183638
s11-131-59,u059,2025-07-08,new,hazard_cal,30,0.0011442916759774047,0,1.3094034397111777e-06,0.001144946877572773
s11-131-59,u059,2025-07-08,new,hazard_cal,60,0.002840889468925578,0,8.070652974652253e-06,0.0028449324543448748
s11-131-59,u059,2025-07-08,new,hazard_cal,120,0.009366928990034773,0,8.773935870435385e-05,0.009411074557918427
s11-132-0,u000,2025-07-09,variable,empirical,30,0.0063657407407407,0,4.052265517832595e-05,0.006386088466525358
s11-132-0,u000,2025-07-09,variable,empirical,60,0.01388888888888884,0,0.00019290123456789987,0.01398624197473984
s11-132-0,u000,2025-07-09,variable,empirical,120,0.03414351851851849,0,0.001165779856824415,0.034740025702165826
s11-132-0,u000,2025-07-09,variable,hazard,30,0.0004684635823127836,0,2.194581279533262e-07,0.0004685733456581855
s11-132-0,u000,2025-07-09,variable,hazard,60,0.0011467832937145372,0,1.3151119227427625e-06,0.001147441352824813
s11-132-0,u000,2025-07-09,variable,hazard,120,0.0036547966062256965,0,1.3357538232878869e-05,0.003661491693107379
s11-132-0,u000,2025-07-09,variable,hazard_cal,30,0.0002738708613668761,0,7.500524870583467e-08,0.0002739083708398865
s11-132-0,u000,2025-07-09,variable,hazard_cal,60,0.0006804118511546386,0,4.629602871916821e-07,0.0006806434363530688
s11-132-0,u000,2025-07-09,variable,hazard_cal,120,0.002249636563887325,0,5.060864669578771e-06,0.002252170797672149
s11-132-46,u046,2025-07-09,regular,empirical,30,0.0063657407407407,0,4.052265517832595e-05,0.006386088466525358
s11-132-46,u046,2025-07-09,regular,empirical,60,0.01388888888888884,0,0.00019290123456789987,0.01398624197473984
s11-132-46,u046,2025-07-09,regular,empirical,120,0.03414351851851849,0,0.001165779856824415,0.034740025702165826
s11-132-46,u046,2025-07-09,regular,hazard,30,0.00727749788848342,0,5.296197551688063e-05,0.007304108058480452
s11-132-46,u046,2025-07-09,regular,hazard,60,0.017719232307240262,0,0.0003139711935579471,0.01787809734591864
s11-132-46,u046,2025-07-09,regular,hazard,120,0.0553551984969497,0,0.0030641980006367022,0.05694629357110804
s11-132-46,u046,2025-07-09,regular,hazard_cal,30,0.005112462822137287,0,2.6137276107735952e-05,0.005125576173632759
s11-132-46,u046,2025-07-09,regular,hazard_cal,60,0.012651468422233636,0,0.00016005965323877483,0.012732179715690467
s11-132-46,u046,2025-07-09,regular,hazard_cal,120,0.041195171280470455,0,0.0016970421368272977,0.04206774022314852
s11-132-57,u057,2025-07-09,new,empirical,30,0.0063657407407407,0,4.052265517832595e-05,0.006386088466525358
s11-132-57,u057,2025-07-09,new,empirical,60,0.01388888888888884,0,0.00019290123456789987,0.01398624197473984
s11-132-57,u057,2025-07-09,new,empirical,120,0.03414351851851849,0,0.001165779856824415,0.034740025702165826
s11-132-57,u057,2025-07-09,new,hazard,30,0.002319720298925021,0,5.381102265244788e-06,0.0023224150181942204
s11-132-57,u057,2025-07-09,new,hazard,60,0.005670280539789352,0,3.215208139991382e-05,0.005686417610546789
s11-132-57,u057,2025-07-09,new,hazard,120,0.017973006925034007,0,0.0003230289779273204,0.01813648314907452
s11-132-57,u057,2025-07-09,new,hazard_cal,30,0.0015087235475471639,0,2.2762467429232992e-06,0.0015098628169578695
s11-132-57,u057,2025-07-09,new,hazard_cal,60,0.0037445368671612522,0,1.4021556349529805e-05,0.0037515651960462887
s11-132-57,u057,2025-07-09,new,hazard_cal,120,0.012332187128414107,0,0.00015208283937022258,0.012408859559380661
s11-132-16,u016,2025-07-09,variable,empirical,30,0.0063657407407407,0,4.052265517832595e-05,0.006386088466525358
s11-132-16,u016,2025-07-09,variable,empirical,60,0.01388888888888884,0,0.00019290123456789987,0.01398624197473984
s11-132-16,u016,2025-07-09,variable,empirical,120,0.03414351851851849,0,0.001165779856824415,0.034740025702165826
s11-132-16,u016,2025-07-09,variable,hazard,30,0.006018213523045435,0,3.6218894008966945e-05,0.006036395957268135
s11-132-16,u016,2025-07-09,variable,hazard,60,0.014667764718153009,0,0.0002151433218270942,0.014776399978735718
s11-132-16,u016,2025-07-09,variable,hazard,120,0.04599110340060941,0,0.002115181592005547,0.04708228200145232
s11-132-16,u016,2025-07-09,variable,hazard_cal,30,0.004173609415356272,0,1.7419015551950522e-05,0.004182343232631035
s11-132-16,u016,2025-07-09,variable,hazard_cal,60,0.01033607193770425,0,0.00010683438310139729,0.010389860089073727
s11-132-16,u016,2025-07-09,variable,hazard_cal,120,0.03375546550095743,0,0.001139431451186327,0.03433833550111597
s11-132-20,u020,2025-07-09,variable,empirical,30,0.0063657407407407,0,4.052265517832595e-05,0.006386088466525358
s11-132-20,u020,2025-07-09,variable,empirical,60,0.01388888888888884,0,0.00019290123456789987,0.01398624197473984
s11-132-20,u020,2025-07-09,variable,empirical,120,0.03414351851851849,0,0.001165779856824415,0.034740025702165826
s11-132-20,u020,2025-07-09,variable,hazard,30,0.0006007489910214714,0,3.608993502133159e-07,0.0006009295129991293
s11-132-20,u020,2025-07-09,variable,hazard,60,0.0014704595811633192,0,2.162251379835004e-06,0.0014715417678578657
s11-132-20,u020,2025-07-09,variable,hazard,120,0.004684526319989724,0,2.1944786842676462e-05,0.0046955331012346205
s11-132-20,u020,2025-07-09,variable,hazard_cal,30,0.000357061845528972,0,1.2749316153255547e-07,0.0003571256072881176
s11-132-20,u020,2025-07-09,variable,hazard_cal,60,0.0008870334749844222,0,7.868283857429396e-07,0.0008874271219798841
s11-132-20,u020,2025-07-09,variable,hazard_cal,120,0.00293201349504002,0,8.596703135096793e-06,0.0029363202670100396
s11-132-28,u028,2025-07-09,variable,empirical,30,0.0063657407407407,0,4.052265517832595e-05,0.006386088466525358
s11-132-28,u028,2025-07-09,variable,empirical,60,0.01388888888888884,0,0.00019290123456789987,0.01398624197473984
s11-132-28,u028,2025-07-09,variable,empirical,120,0.03414351851851849,0,0.001165779856824415,0.034740025702165826
s11-132-28,u028,2025-07-09,variable,hazard,30,0.011793236971505805,0,0.00013908043826609142,0.011863328808746932
s11-132-28,u028,2025-07-09,variable,hazard,60,0.02861147499118588,0,0.0008186165011712551,0.029028761978627794
s11-132-28,u028,2025-07-09,variable,hazard,120,0.08821743582758845,0,0.007782315983994687,0.09235373381115118
s11-132-28,u028,2025-07-09,variable,hazard_cal,30,0.00856313609544812,0,7.332729978916648e-05,0.008600010402723275
s11-132-28,u028,2025-07-09,variable,hazard_cal,60,0.021130967477313467,0,0.00044651778652727946,0.021357422190440938
s11-132-28,u028,2025-07-09,variable,hazard_cal,120,0.06806533402665937,0,0.004632889696160714,0.07049256764070146
s11-132-51,u051,2025-07-09,variable,empirical,30,0.0063657407407407,0,4.052265517832595e-05,0.006386088466525358
s11-132-51,u051,2025-07-09,variable,empirical,60,0.01388888888888884,0,0.00019290123456789987,0.01398624197473984
s11-132-51,u051,2025-07-09,variable,empirical,120,0.03414351851851849,0,0.001165779856824415,0.034740025702165826
s11-132-51,u051,2025-07-09,variable,hazard,30,0.0009052882911905202,0,8.195468901666521e-07,0.0009056983121123742
s11-132-51,u051,2025-07-09,variable,hazard,60,0.002215349421537005,0,4.907773059504343e-06,0.0022178069382430775
s11-132-51,u051,2025-07-09,variable,hazard,120,0.007051236625230106,0,4.971993794498646e-05,0.007076214078076647
s11-132-51,u051,2025-07-09,variable,hazard_cal,30,0.0005529513899316107,0,3.0575523962730026e-07,0.0005531043239307346
s11-132-51,u051,2025-07-09,variable,hazard_cal,60,0.0013734539604649543,0,1.8863757815168682e-06,0.0013743980128630574
s11-132-51,u051,2025-07-09,variable,hazard_cal,120,0.004537017179950031,0,2.0584524891161736e-05,0.004547340679493249
s11-132-56,u056,2025-07-09,new,empirical,30,0.0063657407407407,0,4.052265517832595e-05,0.006386088466525358
s11-132-56,u056,2025-07-09,new,empirical,60,0.01388888888888884,0,0.00019290123456789987,0.01398624197473984
s11-132-56,u056,2025-07-09,new,empirical,120,0.03414351851851849,0,0.001165779856824415,0.034740025702165826
s11-132-56,u056,2025-07-09,new,hazard,30,0.0071491670628858195,0,5.111058969305145e-05,0.007174844813944438
s11-132-56,u056,2025-07-09,new,hazard,60,0.0174085438230992,0,0.00030305739804076525,0.01756185440354704
s11-132-56,u056,2025-07-09,new,hazard,120,0.054404960450497586,0,0.0029598997216202065,0.05594087816734693
s11-132-56,u056,2025-07-09,new,hazard_cal,30,0.005016234658321572,0,2.516261014734654e-05,0.005028858196174734
s11-132-56,u056,2025-07-09,new,hazard_cal,60,0.012414314567271267,0,0.00015411520617516358,0.012492015912704414
s11-132-56,u056,2025-07-09,new,hazard_cal,120,0.04043519587722755,0,0.0016350050656297596,0.04127542634370722
s11-132-39,u039,2025-07-09,variable,empirical,30,0.0063657407407407,0,4.052265517832595e-05,0.006386088466525358
s11-132-39,u039,2025-07-09,variable,empirical,60,0.01388888888888884,0,0.00019290123456789987,0.01398624197473984
s11-132-39,u039,2025-07-09,variable,empirical,120,0.03414351851851849,0,0.001165779856824415,0.034740025702165826
s11-132-39,u039,2025-07-09,variable,hazard,30,0.0036222177070154293,0,1.3120461117016115e-05,0.0036287938224578444
s11-132-39,u039,2025-07-09,variable,hazard,60,0.008844950867046064,0,7.823315584045893e-05,0.008884299642120211
s11-132-39,u039,2025-07-09,variable,hazard,120,0.027928729575458444,0,0.0007800139356990872,0.02832615372769445
s11-132-39,u039,2025-07-09,variable,hazard_cal,30,0.0024273606543909754,0,5.8920797464853845e-06,0.002430311470361107
s11-132-39,u039,2025-07-09,variable,hazard_cal,60,0.0060200090124780115,0,3.624050851031648e-05,0.0060382023193953464
s11-132-39,u039,2025-07-09,variable,hazard_cal,120,0.01976868930571063,0,0.0003908010768657178,0.019966703847825798
s11-132-55,u055,2025-07-09,new,empirical,30,0.0063657407407407,0,4.052265517832595e-05,0.006386088466525358
s11-132-55,u055,2025-07-09,new,empirical,60,0.01388888888888884,0,0.00019290123456789987,0.01398624197473984
s11-132-55,u055,2025-07-09,new,empirical,120,0.03414351851851849,0,0.001165779856824415,0.034740025702165826
s11-132-55,u055,2025-07-09,new,hazard,30,0.00225682932666027,0,5.093278609673848e-06,0.002259379804015722
s11-132-55,u055,2025-07-09,new,hazard,60,0.0055168258013579274,0,3.0435366922528537e-05,0.0055320996862963665
s11-132-55,u055,2025-07-09,new,hazard,120,0.01748983545249816,0,0.0003058943441554615,0.017644589696814334
s11-132-55,u055,2025-07-09,new,hazard_cal,30,0.0014651215873626722,0,2.1465812657561163e-06,0.0014661959274830387
s11-132-55,u055,2025-07-09,new,hazard_cal,60,0.0036364495155885024,0,1.3223765079423853e-05,0.003643077471157477
s11-132-55,u055,2025-07-09,new,hazard_cal,120,0.011977866566395545,0,0.00014346928748237622,0.012050179224462878
s11-132-14,u014,2025-07-09,variable,empirical,30,0.0063657407407407,0,4.052265517832595e-05,0.006386088466525358
s11-132-14,u014,2025-07-09,variable,empirical,60,0.01388888888888884,0,0.00019290123456789987,0.01398624197473984
s11-132-14,u014,2025-07-09,variable,empirical,120,0.03414351851851849,0,0.001165779856824415,0.034740025702165826
s11-132-14,u014,2025-07-09,variable,hazard,30,0.009073445282672843,0,8.232740929765806e-05,0.009114859691913427
s11-132-14,u014,2025-07-09,variable,hazard,60,0.022060560853515376,0,0.0004866683451716551,0.02230753402774159
s11-132-14,u014,2025-07-09,variable,hazard,120,0.06855808271686603,0,0.004700210705812645,0.071021444847939
s11-132-14,u014,2025-07-09,variable,hazard_cal,30,0.0064707580763236905,0,4.1870710082308264e-05,0.00649178418368023
s11-132-14,u014,2025-07-09,variable,hazard_cal,60,0.015994995960915026,0,0.000255839895789688,0.0161242965372401
s11-132-14,u014,2025-07-09,variable,hazard_cal,120,0.05186049257931147,0,0.00268951069056882,0.05325362782758092
s11-132-34,u034,2025-07-09,regular,empirical,30,0.0063657407407407,0,4.052265517832595e-05,0.006386088466525358
s11-132-34,u034,2025-07-09,regular,empirical,60,0.01388888888888884,0,0.00019290123456789987,0.01398624197473984
s11-132-34,u034,2025-07-09,regular,empirical,120,0.03414351851851849,0,0.001165779856824415,0.034740025702165826
s11-132-34,u034,2025-07-09,regular,hazard,30,0.007550332635890333,0,5.700752291259067e-05,0.0075789806900032055
s11-132-34,u034,2025-07-09,regular,hazard,60,0.018379553458102382,0,0.0003378079853192432,0.018550555991963712
s11-132-34,u034,2025-07-09,regular,hazard,120,0.05737239774577507,0,0.0032915920230994168,0.05908398181682976
s11-132-34,u034,2025-07-09,regular,hazard_cal,30,0.005317435954786509,0,2.8275125133256312e-05,0.005331623835133507
s11-132-34,u034,2025-07-09,regular,hazard_cal,60,0.013156499175655867,0,0.0001730934705590335,0.013243812582351853
s11-132-34,u034,2025-07-09,regular,hazard_cal,120,0.04281203177333426,0,0.0018328700645609821,0.0437554927859392
s11-132-53,u053,2025-07-09,regular,empirical,30,0.0063657407407407,0,4.052265517832595e-05,0.006386088466525358
s11-132-53,u053,2025-07-09,regular,empirical,60,0.01388888888888884,0,0.00019290123456789987,0.01398624197473984
s11-132-53,u053,2025-07-09,regular,empirical,120,0.03414351851851849,0,0.001165779856824415,0.034740025702165826
s11-132-53,u053,2025-07-09,regular,hazard,30,0.0009055705504328326,0,8.200580218112234e-07,0.0009059808271521153
s11-132-53,u053,2025-07-09,regular,hazard,60,0.0022160396486633482,0,4.910831724447976e-06,0.0022184986980979507
s11-132-53,u053,2025-07-09,regular,hazard,120,0.007053427687098268,0,4.975084213712442e-05,0.007078420701788167
s11-132-53,u053,2025-07-09,regular,hazard_cal,30,0.0005531352752659036,0,3.059586327434869e-07,0.0005532883110178592
s11-132-53,u053,2025-07-09,regular,hazard_cal,60,0.0013739104997952944,0,1.8876300614477558e-06,0.001374855180196039
s11-132-53,u053,2025-07-09,regular,hazard_cal,120,0.004538522650453292,0,2.059818784867757e-05,0.004548853012616257
s11-132-54,u054,2025-07-09,new,empirical,30,0.0063657407407407,0,4.052265517832595e-05,0.006386088466525358
s11-132-54,u054,2025-07-09,new,empirical,60,0.01388888888888884,0,0.00019290123456789987,0.01398624197473984
s11-132-54,u054,2025-07-09,new,empirical,120,0.03414351851851849,0,0.001165779856824415,0.034740025702165826
s11-132-54,u054,2025-07-09,new,hazard,30,0.0032757028127559096,0,1.0730228917496977e-05,0.0032810796724217647
s11-132-54,u054,2025-07-09,new,hazard,60,0.008001005697367614,0,6.401609216930901e-05,0.008033185505608418
s11-132-54,u054,2025-07-09,new,hazard,120,0.025289588119716155,0,0.0006395632672648885,0.025614865557641392
s11-132-54,u054,2025-07-09,new,hazard_cal,30,0.0021803627671713732,0,4.753981796467208e-06,0.002182743218864534
s11-132-54,u054,2025-07-09,new,hazard_cal,60,0.005408528768194976,0,2.925218343639266e-05,0.00542320781185741
s11-132-54,u054,2025-07-09,new,hazard_cal,120,0.01777455787560578,0,0.0003159349076732594,0.017934422511096195
s11-132-31,u031,2025-07-09,variable,empirical,30,0.0063657407407407,0,4.052265517832595e-05,0.006386088466525358
s11-132-31,u031,2025-07-09,variable,empirical,60,0.01388888888888884,0,0.00019290123456789987,0.01398624197473984
s11-132-31,u031,2025-07-09,variable,empirical,120,0.03414351851851849,0,0.001165779856824415,0.034740025702165826
s11-132-31,u031,2025-07-09,variable,hazard,30,0.0010157194462949715,0,1.0316859935817633e-06,0.0010162356388592482
s11-132-31,u031,2025-07-09,variable,hazard,60,0.0024853704430157775,0,6.177066239016442e-06,0.0024884641031259467
s11-132-31,u031,2025-07-09,variable,hazard,120,0.007908114940191946,0,6.253828190728707e-05,0.007939549918438756
s11-132-31,u031,2025-07-09,variable,hazard_cal,30,0.0006251767367617678,0,3.908459521880927e-07,0.0006253722412253367
s11-132-31,u031,2025-07-09,variable,hazard_cal,60,0.0015527601183146222,0,2.4110639850284398e-06,0.0015539668996969178
s11-132-31,u031,2025-07-09,variable,hazard_cal,120,0.0051281567500355285,0,2.6297991652934954e-05,0.005141350872878245
s11-132-49,u049,2025-07-09,variable,empirical,30,0.0063657407407407,0,4.052265517832595e-05,0.006386088466525358
s11-132-49,u049,2025-07-09,variable,empirical,60,0.01388888888888884,0,0.00019290123456789987,0.01398624197473984
s11-132-49,u049,2025-07-09,variable,empirical,120,0.03414351851851849,0,0.001165779856824415,0.034740025702165826
s11-132-49,u049,2025-07-09,variable,hazard,30,0.002443528627062541,0,5.970832151274147e-06,0.0024465189153681085
s11-132-49,u049,2025-07-09,variable,hazard,60,0.005972329652294439,0,3.566872147567542e-05,0.00599023534107828
s11-132-49,u049,2025-07-09,variable,hazard,120,0.01892352302322009,0,0.0003580997236103408,0.01910486427311262
s11-132-49,u049,2025-07-09,variable,hazard_cal,30,0.0015947906960290803,0,2.5433573641409183e-06,0.0015960637283712704
s11-132-49,u049,2025-07-09,variable,hazard_cal,60,0.003957870969122479,0,1.5664742608222512e-05,0.003965724068310849
s11-132-49,u049,2025-07-09,variable,hazard_cal,120,0.01303122898465403,0,0.00016981292885048734,0.013116880357887292
s11-132-9,u009,2025-07-09,regular,empirical,30,0.0063657407407407,0,4.052265517832595e-05,0.006386088466525358
s11-132-9,u009,2025-07-09,regular,empirical,60,0.01388888888888884,0,0.00019290123456789987,0.01398624197473984
s11-132-9,u009,2025-07-09,regular,empirical,120,0.03414351851851849,0,0.001165779856824415,0.034740025702165826
s11-132-9,u009,2025-07-09,regular,hazard,30,0.009878999924910148,0,9.759463951637471e-05,0.009928121023967415
s11-132-9,u009,2025-07-09,regular,hazard,60,0.024003789599588266,0,0.0005761819151413018,0.024296575363045986
s11-132-9,u009,2025-07-09,regular,hazard,120,0.07442265183331609,0,0.005538731105902987,0.07733757599646364
s11-132-9,u009,2025-07-09,regular,hazard_cal,30,0.007086400162812145,0,5.0217067267504e-05,0.0071116279498908445
s11-132-9,u009,2025-07-09,regular,hazard_cal,60,0.017507987513887713,0,0.00030652962678644804,0.017663065056895078
s11-132-9,u009,2025-07-09,regular,hazard_cal,120,0.05665657639877675,0,0.0032099676492304266,0.05832488067311303
s11-132-11,u011,2025-07-09,regular,empirical,30,0.0063657407407407,0,4.052265517832595e-05,0.006386088466525358
s11-132-11,u011,2025-07-09,regular,empirical,60,0.01388888888888884,0,0.00019290123456789987,0.01398624197473984
s11-132-11,u011,2025-07-09,regular,empirical,120,0.03414351851851849,0,0.001165779856824415,0.034740025702165826
s11-132-11,u011,2025-07-09,regular,hazard,30,0.0030558132533463622,0,9.337994639327278e-06,0.003060491784241583
s11-132-11,u011,2025-07-09,regular,hazard,60,0.007465218772585103,0,5.572949132255703e-05,0.007493222976971461
s11-132-11,u011,2025-07-09,regular,hazard,120,0.023611302806940238,0,0.000557493620241024,0.023894516530887755
s11-132-11,u011,2025-07-09,regular,hazard_cal,30,0.0020245313982585333,0,4.098727382534652e-06,0.0020265835321572655
s11-132-11,u011,2025-07-09,regular,hazard_cal,60,0.005022617886904723,0,2.5226690437855267e-05,0.00503527362653762
s11-132-11,u011,2025-07-09,regular,hazard_cal,120,0.01651443442854139,0,0.00027272654449459323,0.016652317853040107
s11-132-19,u019,2025-07-09,variable,empirical,30,0.0063657407407407,0,4.052265517832595e-05,0.006386088466525358
s11-132-19,u019,2025-07-09,variable,empirical,60,0.01388888888888884,0,0.00019290123456789987,0.01398624197473984
s11-132-19,u019,2025-07-09,variable,empirical,120,0.03414351851851849,0,0.001165779856824415,0.034740025702165826
s11-132-19,u019,2025-07-09,variable,hazard,30,0.004078586102738924,0,1.6634864597455083e-05,0.004086926220019682
s11-132-19,u019,2025-07-09,variable,hazard,60,0.00995573879909939,0,9.911673503589296e-05,0.01000562856914898
s11-132-19,u019,2025-07-09,variable,hazard,120,0.031394114912031146,0,0.0009855904511098163,0.03189747316117016
s11-132-19,u019,2025-07-09,variable,hazard_cal,30,0.002755105974873384,0,7.5906089327830206e-06,0.0027589082647532744
s11-132-19,u019,2025-07-09,variable,hazard_cal,60,0.006831010601826004,0,4.666270584225927e-05,0.006854448753237082
s11-132-19,u019,2025-07-09,variable,hazard_cal,120,0.022408675246822662,0,0.0005021487263175627,0.022663564629162834
s11-132-32,u032,2025-07-09,regular,empirical,30,0.0063657407407407,0,4.052265517832595e-05,0.006386088466525358
s11-132-32,u032,2025-07-09,regular,empirical,60,0.01388888888888884,0,0.00019290123456789987,0.01398624197473984
s11-132-32,u032,2025-07-09,regular,empirical,120,0.03414351851851849,0,0.001165779856824415,0.034740025702165826
s11-132-32,u032,2025-07-09,regular,hazard,30,0.0032212645122854378,0,1.037654505810954e-05,0.0032264639536676715
s11-132-32,u032,2025-07-09,regular,hazard,60,0.007868377749452704,0,6.19113684080824e-05,0.00789949677866075
s11-132-32,u032,2025-07-09,regular,hazard,120,0.024874350379730514,0,0.0006187333068135996,0.025188944882091484
s11-132-32,u032,2025-07-09,regular,hazard_cal,30,0.0021417153689442525,0,4.586944721572016e-06,0.002144012121217418
s11-132-32,u032,2025-07-09,regular,hazard_cal,60,0.005312829014861631,0,2.8226152141155608e-05,0.005326992277868144
s11-132-32,u032,2025-07-09,regular,hazard_cal,120,0.01746218344427264,0,0.00030492785064142945,0.017616445846391077
s11-132-45,u045,2025-07-09,regular,empirical,30,0.0063657407407407,0,4.052265517832595e-05,0.006386088466525358
s11-132-45,u045,2025-07-09,regular,empirical,60,0.01388888888888884,0,0.00019290123456789987,0.01398624197473984
s11-132-45,u045,2025-07-09,regular,empirical,120,0.03414351851851849,0,0.001165779856824415,0.034740025702165826
s11-132-45,u045,2025-07-09,regular,hazard,30,0.004296198780361915,0,1.8457323960383208e-05,0.0043054539599149755
s11-132-45,u045,2025-07-09,regular,hazard,60,0.010485118656015535,0,0.00010993771323072502,0.010540474796430818
s11-132-45,u045,2025-07-09,regular,hazard,120,0.03304237052037895,0,0.001091798249606008,0.03360060095249241
s11-132-45,u045,2025-07-09,regular,hazard_cal,30,0.002912288028006027,0,8.481421558067234e-06,0.0029165369902581775
s11-132-45,u045,2025-07-09,regular,hazard_cal,60,0.0072198014367341745,0,5.212553278586885e-05,0.007245990331674162
s11-132-45,u045,2025-07-09,regular,hazard_cal,120,0.023672328885523952,0,0.0005603791548644117,0.023957020312383143
s11-132-27,u027,2025-07-09,variable,empirical,30,0.0063657407407407,0,4.052265517832595e-05,0.006386088466525358
s11-132-27,u027,2025-07-09,variable,empirical,60,0.01388888888888884,0,0.00019290123456789987,0.01398624197473984
s11-132-27,u027,2025-07-09,variable,empirical,120,0.03414351851851849,0,0.001165779856824415,0.034740025702165826
s11-132-27,u027,2025-07-09,variable,hazard,30,0.005213811496841747,0,2.7183830324599178e-05,0.005227450841307152
s11-132-27,u027,2025-07-09,variable,hazard,60,0.012715356306231662,0,0.0001616802859944253,0.01279688832569499
s11-132-27,u027,2025-07-09,variable,hazard,120,0.03996315513537896,0,0.0015970537683743656,0.04078361518943748
s11-132-27,u027,2025-07-09,variable,hazard_cal,30,0.00358080807136385,0,1.2822186443944497e-05,0.003587234510402271
s11-132-27,u027,2025-07-09,variable,hazard_cal,60,0.008872274261788049,0,7.871725057638667e-05,0.008911867247600201
s11-132-27,u027,2025-07-09,variable,hazard_cal,120,0.02902918300299906,0,0.0008426934658216095,0.02945886572845311
s11-132-35,u035,2025-07-09,variable,empirical,30,0.0063657407407407,0,4.052265517832595e-05,0.006386088466525358
s11-132-35,u035,2025-07-09,variable,empirical,60,0.01388888888888884,0,0.00019290123456789987,0.01398624197473984
s11-132-35,u035,2025-07-09,variable,empirical,120,0.03414351851851849,0,0.001165779856824415,0.034740025702165826
s11-132-35,u035,2025-07-09,variable,hazard,30,0.0030748627594319178,0,9.454780989341267e-06,0.0030795998630479124
s11-132-35,u035,2025-07-09,variable,hazard,60,0.0075116425439614165,0,5.642477370825114e-05,0.007539997012477735
s11-132-35,u035,2025-07-09,variable,hazard,120,0.023756805570902095,0,0.0005643858109336448,0.024043548987906872
s11-132-35,u035,2025-07-09,variable,hazard_cal,30,0.0020380020862887926,0,4.153452503717471e-06,0.0020400816384421095
s11-132-35,u035,2025-07-09,variable,hazard_cal,60,0.005055981450303726,0,2.556294842581537e-05,0.005068806170477312
s11-132-35,u035,2025-07-09,variable,hazard_cal,120,0.0166234264048567,0,0.00027633830543768697,0.016763146135568393
s11-132-50,u050,2025-07-09,variable,empirical,30,0.0063657407407407,0,4.052265517832595e-05,0.006386088466525358
s11-132-50,u050,2025-07-09,variable,empirical,60,0.01388888888888884,0,0.00019290123456789987,0.01398624197473984
s11-132-50,u050,2025-07-09,variable,empirical,120,0.03414351851851849,0,0.001165779856824415,0.034740025702165826
s11-132-50,u050,2025-07-09,variable,hazard,30,0.001363890030424253,0,1.8601960150906696e-06,0.0013648209749987587
s11-132-50,u050,2025-07-09,variable,hazard,60,0.003336391417474993,0,1.1131507690600794e-05,0.0033419695820697303
s11-132-50,u050,2025-07-09,variable,hazard,120,0.010605076007073833,0,0.00011246763711581306,0.010661710590888671
s11-132-50,u050,2025-07-09,variable,hazard_cal,30,0.0008561325165549194,0,7.329628859026594e-07,0.0008564992073033914
s11-132-50,u050,2025-07-09,variable,hazard_cal,60,0.002125987509069338,0,4.519822888718849e-06,0.0021282506286586004
s11-132-50,u050,2025-07-09,variable,hazard_cal,120,0.0070161663890701,0,4.9226590799116964e-05,0.007040895421021637
s11-132-8,u008,2025-07-09,variable,empirical,30,0.0063657407407407,0,4.052265517832595e-05,0.006386088466525358
s11-132-8,u008,2025-07-09,variable,empirical,60,0.01388888888888884,0,0.00019290123456789987,0.01398624197473984
s11-132-8,u008,2025-07-09,variable,empirical,120,0.03414351851851849,0,0.001165779856824415,0.034740025702165826
s11-132-8,u008,2025-07-09,variable,hazard,30,0.005692575611639605,0,3.240541709423403e-05,0.005708840074011432
s11-132-8,u008,2025-07-09,variable,hazard,60,0.013877691769001443,0,0.00019259032883541042,0.013974887213404083
s11-132-8,u008,2025-07-09,variable,hazard,120,0.04355524283934831,0,0.001897059178794602,0.04453224695984316
s11-132-8,u008,2025-07-09,variable,hazard_cal,30,0.003932929965570375,0,1.5467938114081395e-05,0.0039406842727362805
s11-132-8,u008,2025-07-09,variable,hazard_cal,60,0.009741936075063573,0,9.490531849062505e-05,0.009789699190938559
s11-132-8,u008,2025-07-09,variable,hazard_cal,120,0.031839272561253074,0,0.0010137392772297628,0.032357164746291266
s11-133-25,u025,2025-07-10,variable,empirical,30,0.0063657407407407,0,4.052265517832595e-05,0.006386088466525358
s11-133-25,u025,2025-07-10,variable,empirical,60,0.01388888888888884,0,0.00019290123456789987,0.01398624197473984
s11-133-25,u025,2025-07-10,variable,empirical,120,0.03414351851851849,0,0.001165779856824415,0.034740025702165826
s11-133-25,u025,2025-07-10,variable,hazard,30,0.01121927836312242,0,0.00012587220698922688,0.011282689195233127
s11-133-25,u025,2025-07-10,variable,hazard,60,0.027231398704752996,0,0.0007415490754172231,0.027609044920199617
s11-133-25,u025,2025-07-10,variable,hazard,120,0.08410200277466495,0,0.0070731468707097515,0.08785027724952958
s11-133-25,u025,2025-07-10,variable,hazard_cal,30,0.008118439439001923,0,6.590905892474186e-05,0.008151573421134452
s11-133-25,u025,2025-07-10,variable,hazard_cal,60,0.020040885512557116,0,0.00040163709212742173,0.0202444280985917
s11-133-25,u025,2025-07-10,variable,hazard_cal,120,0.06464389318328723,0,0.004178832925892249,0.06682795929774102
s11-133-2,u002,2025-07-10,variable,empirical,30,0.0063657407407407,0,4.052265517832595e-05,0.006386088466525358
s11-133-2,u002,2025-07-10,variable,empirical,60,0.01388888888888884,0,0.00019290123456789987,0.01398624197473984
s11-133-2,u002,2025-07-10,variable,empirical,120,0.03414351851851849,0,0.001165779856824415,0.034740025702165826
s11-133-2,u002,2025-07-10,variable,hazard,30,0.003352533840240368,0,1.123948314995683e-05,0.003358166173730984
s11-133-2,u002,2025-07-10,variable,hazard,60,0.008188169516903043,0,6.704612003754022e-05,0.008221876703128187
s11-133-2,u002,2025-07-10,variable,hazard,120,0.025875342537137525,0,0.0006695333514141986,0.02621599845418543
s11-133-2,u002,2025-07-10,variable,hazard_cal,30,0.002234981538646985,0,4.995142478092845e-06,0.002237482837485475
s11-133-2,u002,2025-07-10,variable,hazard_cal,60,0.0055437669700810766,0,3.073335221856192e-05,0.005559190676224851
s11-133-2,u002,2025-07-10,variable,hazard_cal,120,0.018215859581942717,0,0.0003318175403090543,0.0183838110657003
s11-133-3,u003,2025-07-10,regular,empirical,30,0.0063657407407407,0,4.052265517832595e-05,0.006386088466525358
s11-133-3,u003,2025-07-10,regular,empirical,60,0.01388888888888884,0,0.00019290123456789987,0.01398624197473984
s11-133-3,u003,2025-07-10,regular,empirical,120,0.03414351851851849,0,0.001165779856824415,0.034740025702165826
s11-133-3,u003,2025-07-10,regular,hazard,30,0.014557067352679143,0,0.00021190820991043695,0.014664061070278088
s11-133-3,u003,2025-07-10,regular,hazard,60,0.035239380771473705,0,0.0012418139571569106,0.03587527139148063
s11-133-3,u003,2025-07-10,regular,hazard,120,0.10778880851924078,0,0.011618427241997553,0.11405241267603747
s11-133-3,u003,2025-07-10,regular,hazard_cal,30,0.010725013709632969,0,0.00011502591907181514,0.010782941223732181
s11-133-3,u003,2025-07-10,regular,hazard_cal,60,0.026419036648729466,0,0.0006979654974469106,0.02677429034378492
s11-133-3,u003,2025-07-10,regular,hazard_cal,120,0.08452667067244446,0,0.007144758054967882,0.08831404764850204
s11-133-39,u039,2025-07-10,variable,empirical,30,0.0063657407407407,0,4.052265517832595e-05,0.006386088466525358
s11-133-39,u039,2025-07-10,variable,empirical,60,0.01388888888888884,0,0.00019290123456789987,0.01398624197473984
s11-133-39,u039,2025-07-10,variable,empirical,120,0.03414351851851849,0,0.001165779856824415,0.034740025702165826
s11-133-39,u039,2025-07-10,variable,hazard,30,0.005324722092724943,0,2.8352665364753093e-05,0.0053389489505901765
s11-133-39,u039,2025-07-10,variable,hazard,60,0.012984701902152396,0,0.00016860248348776004,0.013069740076222148
s11-133-39,u039,2025-07-10,variable,hazard,120,0.04079644514248282,0,0.00166434993626361,0.04165196921073214
s11-133-39,u039,2025-07-10,variable,hazard_cal,30,0.0036621901062657836,0,1.3411636374430991e-05,0.0036689123415404915
s11-133-39,u039,2025-07-10,variable,hazard_cal,60,0.00907331408208678,0,8.232502843219428e-05,0.009114727289994485
s11-133-39,u039,2025-07-10,variable,hazard_cal,120,0.02967934937587957,0,0.0008808637793755231,0.03012869445642505
s11-133-58,u058,2025-07-10,new,empirical,30,0.0063657407407407,0,4.052265517832595e-05,0.006386088466525358
s11-133-58,u058,2025-07-10,new,empirical,60,0.01388888888888884,0,0.00019290123456789987,0.01398624197473984
s11-133-58,u058,2025-07-10,new,empirical,120,0.03414351851851849,0,0.001165779856824415,0.034740025702165826
s11-133-58,u058,2025-07-10,new,hazard,30,0.0010553506701292958,0,1.1137650369423538e-06,0.0010559079447623732
s11-133-58,u058,2025-07-10,new,hazard,60,0.002582263313095079,0,6.668083818156774e-06,0.002585603105725743
s11-133-58,u058,2025-07-10,new,hazard,120,0.008215456451157621,0,6.749372470086738e-05,0.008249389290480658
s11-133-58,u058,2025-07-10,new,hazard_cal,30,0.0006512282480455323,0,4.240982310524533e-07,0.0006514403892676294
s11-133-58,u058,2025-07-10,new,hazard_cal,60,0.0016174302365862259,0,2.6160805702233747e-06,0.001618739689027129
s11-133-58,u058,2025-07-10,new,hazard_cal,120,0.0053412958402156985,0,2.8529441252705524e-05,0.00535561155992631
s11-133-0,u000,2025-07-10,variable,empirical,30,0.0063657407407407,0,4.052265517832595e-05,0.006386088466525358
s11-133-0,u000,2025-07-10,variable,empirical,60,0.01388888888888884,0,0.00019290123456789987,0.01398624197473984
s11-133-0,u000,2025-07-10,variable,empirical,120,0.03414351851851849,0,0.001165779856824415,0.034740025702165826
s11-133-0,u000,2025-07-10,variable,hazard,30,0.00044927107834435986,0,2.0184450183670394e-07,0.0004493720308330995
s11-133-0,u000,2025-07-10,variable,hazard,60,0.0010998173912837306,0,1.2095982941701505e-06,0.0011004226342426666
s11-133-0,u000,2025-07-10,variable,hazard,120,0.003505314574093754,0,1.2287230263354077e-05,0.0035114725839446976
s11-133-0,u000,2025-07-10,variable,hazard_cal,30,0.000261921520471331,0,6.860288288601386e-08,0.00026195582790347464
s11-133-0,u000,2025-07-10,variable,hazard_cal,60,0.0006507309436607489,0,4.2345076103760874e-07,0.0006509427609369565
s11-133-0,u000,2025-07-10,variable,hazard_cal,120,0.002151584489047731,0,4.629315813510785e-06,0.0021539024724427326
s11-133-22,u022,2025-07-10,variable,empirical,30,0.0063657407407407,0,4.052265517832595e-05,0.006386088466525358
s11-133-22,u022,2025-07-10,variable,empirical,60,0.01388888888888884,0,0.00019290123456789987,0.01398624197473984
s11-133-22,u022,2025-07-10,variable,empirical,120,0.03414351851851849,0,0.001165779856824415,0.034740025702165826
s11-133-22,u022,2025-07-10,variable,hazard,30,0.01090534584137759,0,0.00011892656792005149,0.010965245004135054
s11-133-22,u022,2025-07-10,variable,hazard,60,0.02647601682432621,0,0.0007009794668820045,0.02683281844286314
s11-133-22,u022,2025-07-10,variable,hazard,120,0.08184352482785529,0,0.006698362556247764,0.08538745062974377
s11-133-22,u022,2025-07-10,variable,hazard_cal,30,0.007875883537294737,0,6.202954149303025e-05,0.007907062121872945
s11-133-22,u022,2025-07-10,variable,hazard_cal,60,0.01944597446400398,0,0.0003781459228546948,0.019637534877967024
s11-133-22,u022,2025-07-10,variable,hazard_cal,120,0.06277257528058655,0,0.003940396207356906,0.0648293103786237
s11-133-53,u053,2025-07-10,regular,empirical,30,0.0063657407407407,0,4.052265517832595e-05,0.006386088466525358
s11-133-53,u053,2025-07-10,regular,empirical,60,0.01388888888888884,0,0.00019290123456789987,0.01398624197473984
s11-133-53,u053,2025-07-10,regular,empirical,120,0.03414351851851849,0,0.001165779856824415,0.034740025702165826
s11-133-53,u053,2025-07-10,regular,hazard,30,0.001090671748346872,0,1.1895648626420224e-06,0.0010912669636071975
s11-133-53,u053,2025-07-10,regular,hazard,60,0.002668613345145565,0,7.121497185889003e-06,0.0026721804412853777
s11-133-53,u053,2025-07-10,regular,hazard,120,0.008489295843999267,0,7.206814392694323e-05,0.008525535159229868
s11-133-53,u053,2025-07-10,regular,hazard_cal,30,0.0006745017983140755,0,4.549526759289218e-07,0.0006747293769926128
s11-133-53,u053,2025-07-10,regular,hazard_cal,60,0.0016752020348789198,0,2.8063018576624738e-06,0.0016766067548200866
s11-133-53,u053,2025-07-10,regular,hazard_cal,120,0.005531669735882705,0,3.059937006688063e-05,0.005547026077906968
s11-133-31,u031,2025-07-10,variable,empirical,30,0.0063657407407407,0,4.052265517832595e-05,0.006386088466525358
s11-133-31,u031,2025-07-10,variable,empirical,60,0.01388888888888884,0,0.00019290123456789987,0.01398624197473984
s11-133-31,u031,2025-07-10,variable,empirical,120,0.03414351851851849,1,0.9328787428197874,3.3771825054582822
s11-133-31,u031,2025-07-10,variable,hazard,30,0.0014945069367968689,0,2.23355098413396e-06,0.0014956248262234296
s11-133-31,u031,2025-07-10,variable,hazard,60,0.003655532585592036,0,1.3362918484325197e-05,0.0036622303724683667
s11-133-31,u031,2025-07-10,variable,hazard,120,0.011615035661448392,1,0.97690483773052,4.455454842471892
s11-133-31,u031,2025-07-10,variable,hazard_cal,30,0.0009438647320806348,0,8.908806324656486e-07,0.0009443104528857045
s11-133-31,u031,2025-07-10,variable,hazard_cal,60,0.002343680383964375,0,5.4928377421794e-06,0.002346431101544474
s11-133-31,u031,2025-07-10,variable,hazard_cal,120,0.007732445816951872,1,0.9845948990844083,4.8623300606133215
s11-133-37,u037,2025-07-10,regular,empirical,30,0.0063657407407407,0,4.052265517832595e-05,0.006386088466525358
s11-133-37,u037,2025-07-10,regular,empirical,60,0.01388888888888884,0,0.00019290123456789987,0.01398624197473984
s11-133-37,u037,2025-07-10,regular,empirical,120,0.03414351851851849,0,0.001165779856824415,0.034740025702165826
s11-133-37,u037,2025-07-10,regular,hazard,30,0.0008858740893262773,0,7.847729021396612e-07,0.0008862667076680834
s11-133-37,u037,2025-07-10,regular,hazard,60,0.0021678738536310416,0,4.699677045257103e-06,0.002170227093787334
s11-133-37,u037,2025-07-10,regular,hazard,120,0.006900521093940459,0,4.7617191367917235e-05,0.006924439787432148
s11-133-37,u037,2025-07-10,regular,hazard_cal,30,0.000540312743081528,0,2.919378603362853e-07,0.0005404587646122609
s11-133-37,u037,2025-07-10,regular,hazard_cal,60,0.0013420751679347198,0,1.8011657563870065e-06,0.0013429765573914462
s11-133-37,u037,2025-07-10,regular,hazard_cal,120,0.0044335391996347395,0,1.9656269834697846e-05,0.004443396480435802
s11-133-1,u001,2025-07-10,regular,empirical,30,0.0063657407407407,0,4.052265517832595e-05,0.006386088466525358
s11-133-1,u001,2025-07-10,regular,empirical,60,0.01388888888888884,0,0.00019290123456789987,0.01398624197473984
s11-133-1,u001,2025-07-10,regular,empirical,120,0.03414351851851849,0,0.001165779856824415,0.034740025702165826
s11-133-1,u001,2025-07-10,regular,hazard,30,0.002714873465992751,0,7.370537936351493e-06,0.0027185654185976557
s11-133-1,u001,2025-07-10,regular,hazard,60,0.006634108964631014,0,4.401140175459758e-05,0.00665621247782184
s11-133-1,u001,2025-07-10,regular,hazard,120,0.021003646607363646,0,0.0004411531708070184,0.02122736128733163
s11-133-1,u001,2025-07-10,regular,hazard_cal,30,0.001784434221751563,0,3.184205491758106e-06,0.0017860282210376067
s11-133-1,u001,2025-07-10,regular,hazard_cal,60,0.004427833347136811,0,1.960570815001678e-05,0.00443766523458554
s11-133-1,u001,2025-07-10,regular,hazard_cal,120,0.014569830997437805,0,0.0002122799752938995,0.014677013344829053
s11-133-10,u010,2025-07-10,variable,empirical,30,0.0063657407407407,0,4.052265517832595e-05,0.006386088466525358
s11-133-10,u010,2025-07-10,variable,empirical,60,0.01388888888888884,0,0.00019290123456789987,0.01398624197473984
s11-133-10,u010,2025-07-10,variable,empirical,120,0.03414351851851849,0,0.001165779856824415,0.034740025702165826
s11-133-10,u010,2025-07-10,variable,hazard,30,0.0007450419670945729,0,5.550875327321507e-07,0.0007453196487925179
s11-133-10,u010,2025-07-10,variable,hazard,60,0.0018234386969749883,0,3.3249286816258433e-06,0.0018251031850181677
s11-133-10,u010,2025-07-10,variable,hazard,120,0.005806563370921447,0,3.3716178180526635e-05,0.005823487003908533
s11-133-10,u010,2025-07-10,variable,hazard_cal,30,0.00044921007981413297,0,2.0178969580661972e-07,0.00044931100488754147
s11-133-10,u010,2025-07-10,variable,hazard_cal,60,0.0011158694948941728,0,1.2451647296353762e-06,0.0011164925407940582
s11-133-10,u010,2025-07-10,variable,hazard_cal,120,0.00368733426753598,0,1.3596434000545102e-05,0.003694149242421093
s11-133-14,u014,2025-07-10,variable,empirical,30,0.0063657407407407,0,4.052265517832595e-05,0.006386088466525358
s11-133-14,u014,2025-07-10,variable,empirical,60,0.01388888888888884,0,0.00019290123456789987,0.01398624197473984
s11-133-14,u014,2025-07-10,variable,empirical,120,0.03414351851851849,0,0.001165779856824415,0.034740025702165826
s11-133-14,u014,2025-07-10,variable,hazard,30,0.010717438764394238,0,0.00011486349366854029,0.010775284185655893
s11-133-14,u014,2025-07-10,variable,hazard,60,0.02602369527185011,0,0.0006772327156021139,0.026368303430034844
s11-133-14,u014,2025-07-10,variable,hazard,120,0.08048914903362114,0,0.006478503112156475,0.0839134340651636
s11-133-14,u014,2025-07-10,variable,hazard_cal,30,0.007730934611570817,0,5.976734996838361e-05,0.00776097320430622
s11-133-14,u014,2025-07-10,variable,hazard_cal,60,0.019090348673178048,0,0.00036444141246351084,0.019274922203648803
s11-133-14,u014,2025-07-10,variable,hazard_cal,120,0.06165256488609372,0,0.0038010387570339963,0.0636349986488083
s11-133-24,u024,2025-07-10,regular,empirical,30,0.0063657407407407,0,4.052265517832595e-05,0.006386088466525358
s11-133-24,u024,2025-07-10,regular,empirical,60,0.01388888888888884,0,0.00019290123456789987,0.01398624197473984
s11-133-24,u024,2025-07-10,regular,empirical,120,0.03414351851851849,0,0.001165779856824415,0.034740025702165826
s11-133-24,u024,2025-07-10,regular,hazard,30,0.0010709946126360448,0,1.1470294602954317e-06,0.0010715685371828513
s11-133-24,u024,2025-07-10,regular,hazard,60,0.002620508917752118,0,6.867066988018376e-06,0.002623948461463475
s11-133-24,u024,2025-07-10,regular,hazard,120,0.00833675068298989,0,6.95014119503324e-05,0.008371695743334873
s11-133-24,u024,2025-07-10,regular,hazard_cal,30,0.0006615299321752754,0,4.3762185116382455e-07,0.0006617488396487455
s11-133-24,u024,2025-07-10,regular,hazard_cal,60,0.0016430023178565234,0,2.6994566164819083e-06,0.0016443535263934213
s11-133-24,u024,2025-07-10,regular,hazard_cal,120,0.005425566317572295,0,2.943676986637499e-05,0.005440338157129913
s11-133-28,u028,2025-07-10,variable,empirical,30,0.0063657407407407,0,4.052265517832595e-05,0.006386088466525358
s11-133-28,u028,2025-07-10,variable,empirical,60,0.01388888888888884,0,0.00019290123456789987,0.01398624197473984
s11-133-28,u028,2025-07-10,variable,empirical,120,0.03414351851851849,0,0.001165779856824415,0.034740025702165826
s11-133-28,u028,2025-07-10,variable,hazard,30,0.006398061657260201,0,4.0935192970103154e-05,0.006418616976786346
s11-133-28,u028,2025-07-10,variable,hazard,60,0.015588847459674149,0,0.00024301216512098917,0.01571163125236423
s11-133-28,u028,2025-07-10,variable,hazard,120,0.04882497707957423,0,0.002383878386820949,0.050057192444410877
s11-133-28,u028,2025-07-10,variable,hazard_cal,30,0.0044554903685835034,0,1.9851394424540365e-05,0.004465445647233264
s11-133-28,u028,2025-07-10,variable,hazard_cal,60,0.011031619442462448,0,0.00012169662752331549,0.011092918995347882
s11-133-28,u028,2025-07-10,variable,hazard_cal,120,0.035995015730015956,0,0.001295641157404096,0.03665881398041017
s11-133-50,u050,2025-07-10,variable,empirical,30,0.0063657407407407,0,4.052265517832595e-05,0.006386088466525358
s11-133-50,u050,2025-07-10,variable,empirical,60,0.01388888888888884,0,0.00019290123456789987,0.01398624197473984
s11-133-50,u050,2025-07-10,variable,empirical,120,0.03414351851851849,0,0.001165779856824415,0.034740025702165826
s11-133-50,u050,2025-07-10,variable,hazard,30,0.0013947501851335753,0,1.9453280789301424e-06,0.0013957237545357385
s11-133-50,u050,2025-07-10,variable,hazard,60,0.0034117991468141096,0,1.1640373418201487e-05,0.0034176326056958714
s11-133-50,u050,2025-07-10,variable,hazard,120,0.01084378280524656,0,0.00011758762552736096,0.010903005136540519
s11-133-50,u050,2025-07-10,variable,hazard_cal,30,0.0008768116313606633,0,7.687986368893477e-07,0.0008771962555241702
s11-133-50,u050,2025-07-10,variable,hazard_cal,60,0.002177302095667355,0,4.740644415797456e-06,0.0021796758641084925
s11-133-50,u050,2025-07-10,variable,hazard_cal,120,0.00718504375537754,0,5.162485376668979e-05,0.007210980494672875
s11-133-19,u019,2025-07-10,variable,empirical,30,0.0063657407407407,0,4.052265517832595e-05,0.006386088466525358
s11-133-19,u019,2025-07-10,variable,empirical,60,0.01388888888888884,0,0.00019290123456789987,0.01398624197473984
s11-133-19,u019,2025-07-10,variable,empirical,120,0.03414351851851849,0,0.001165779856824415,0.034740025702165826
s11-133-19,u019,2025-07-10,variable,hazard,30,0.005940099985627945,0,3.5284787839257106e-05,0.005957812557344012
s11-133-19,u019,2025-07-10,variable,hazard,60,0.014478280484978234,0,0.00020962060580170157,0.014584113550512642
s11-133-19,u019,2025-07-10,variable,hazard,120,0.04540733411610032,0,0.0020618259915311677,0.046470557360554755
s11-133-19,u019,2025-07-10,variable,hazard_cal,30,0.004115791844910066,0,1.6939742510628206e-05,0.004124285028292481
s11-133-19,u019,2025-07-10,variable,hazard_cal,60,0.010193366139873983,0,0.00010390471326152942,0.010245674264012598
s11-133-19,u019,2025-07-10,variable,hazard_cal,120,0.033295480944272815,0,0.001108589051310434,0.033862394798466165
s11-133-54,u054,2025-07-10,new,empirical,30,0.0063657407407407,0,4.052265517832595e-05,0.006386088466525358
s11-133-54,u054,2025-07-10,new,empirical,60,0.01388888888888884,0,0.00019290123456789987,0.01398624197473984
s11-133-54,u054,2025-07-10,new,empirical,120,0.03414351851851849,0,0.001165779856824415,0.034740025702165826
s11-133-54,u054,2025-07-10,new,hazard,30,0.005617415832591677,0,3.155536063625164e-05,0.005633252849496439
s11-133-54,u054,2025-07-10,new,hazard,60,0.0136952786450244,0,0.00018756065716486137,0.013789924097647772
s11-133-54,u054,2025-07-10,new,hazard,120,0.042992183113039095,0,0.001848327808825084,0.04394371944659506
s11-133-54,u054,2025-07-10,new,hazard_cal,30,0.003877511927839472,0,1.5035098750537379e-05,0.003885048966829077
s11-133-54,u054,2025-07-10,new,hazard_cal,60,0.009605099213829127,0,9.225793090750091e-05,0.009651525705840313
s11-133-54,u054,2025-07-10,new,hazard_cal,120,0.03139753513247967,0,0.0009858052123952951,0.031901004242840966
s11-133-6,u006,2025-07-10,regular,empirical,30,0.0063657407407407,0,4.052265517832595e-05,0.006386088466525358
s11-133-6,u006,2025-07-10,regular,empirical,60,0.01388888888888884,0,0.00019290123456789987,0.01398624197473984
s11-133-6,u006,2025-07-10,regular,empirical,120,0.03414351851851849,0,0.001165779856824415,0.034740025702165826
s11-133-6,u006,2025-07-10,regular,hazard,30,0.003965373868860089,0,1.5724189919838432e-05,0.003973256809926556
s11-133-6,u006,2025-07-10,regular,hazard,60,0.009680258437779976,0,9.370740342221042e-05,0.009727416722526909
s11-133-6,u006,2025-07-10,regular,hazard,120,0.030535553426389805,0,0.0009324200230559061,0.03101147689181008
s11-133-6,u006,2025-07-10,regular,hazard_cal,30,0.002673556744560268,0,7.147905666383699e-06,0.0026771370803044476
s11-133-6,u006,2025-07-10,regular,hazard_cal,60,0.006629258681574934,0,4.3947070667236634e-05,0.006651329814486295
s11-133-6,u006,2025-07-10,regular,hazard_cal,120,0.02175244168221313,0,0.0004731687191380832,0.021992513864281006
s11-133-11,u011,2025-07-10,regular,empirical,30,0.0063657407407407,0,4.052265517832595e-05,0.006386088466525358
s11-133-11,u011,2025-07-10,regular,empirical,60,0.01388888888888884,0,0.00019290123456789987,0.01398624197473984
s11-133-11,u011,2025-07-10,regular,empirical,120,0.03414351851851849,0,0.001165779856824415,0.034740025702165826
s11-133-11,u011,2025-07-10,regular,hazard,30,0.002056423726643497,0,4.228878543502328e-06,0.002058541069182194
s11-133-11,u011,2025-07-10,regular,hazard,60,0.005027731607553987,0,2.5278085117597396e-05,0.005040413174312587
s11-133-11,u011,2025-07-10,regular,hazard,120,0.015948664939816615,0,0.0002543599133625357,0.016077213514069964
s11-133-11,u011,2025-07-10,regular,hazard_cal,30,0.001326738444420883,0,1.7602348999043444e-06,0.0013276193411033692
s11-133-11,u011,2025-07-10,regular,hazard_cal,60,0.0032933527715018895,0,1.0846172477559178e-05,0.0032987877939856286
s11-133-11,u011,2025-07-10,regular,hazard_cal,120,0.01085251364539408,0,0.00011777705242346469,0.01091183172887001
s11-133-44,u044,2025-07-10,regular,empirical,30,0.0063657407407407,0,4.052265517832595e-05,0.006386088466525358
s11-133-44,u044,2025-07-10,regular,empirical,60,0.01388888888888884,0,0.00019290123456789987,0.01398624197473984
s11-133-44,u044,2025-07-10,regular,empirical,120,0.03414351851851849,0,0.001165779856824415,0.034740025702165826
s11-133-44,u044,2025-07-10,regular,hazard,30,0.009733621616224153,0,9.474338976782608e-05,0.009781302971571756
s11-133-44,u044,2025-07-10,regular,hazard,60,0.02365327995126487,0,0.0005594776524529087,0.023937509702374748
s11-133-44,u044,2025-07-10,regular,hazard,120,0.07336688959921356,0,0.00538270048946319,0.07619757341893944
s11-133-44,u044,2025-07-10,regular,hazard_cal,30,0.006975025753222952,0,4.865098425812341e-05,0.006999464954358792
s11-133-44,u044,2025-07-10,regular,hazard_cal,60,0.017234388787684685,0,0.00029702415688507156,0.017384629573759046
s11-133-44,u044,2025-07-10,regular,hazard_cal,120,0.05579067220597933,0,0.0031125991051950347,0.057407391874032314
s11-133-48,u048,2025-07-10,variable,empirical,30,0.0063657407407407,0,4.052265517832595e-05,0.006386088466525358
s11-133-48,u048,2025-07-10,variable,empirical,60,0.01388888888888884,0,0.00019290123456789987,0.01398624197473984
s11-133-48,u048,2025-07-10,variable,empirical,120,0.03414351851851849,0,0.001165779856824415,0.034740025702165826
s11-133-48,u048,2025-07-10,variable,hazard,30,0.0008978049994953219,0,8.06053817118795e-07,0.000898208267792811
s11-133-48,u048,2025-07-10,variable,hazard,60,0.00219704992263714,0,4.827028362559862e-06,0.0021994669777278242
s11-133-48,u048,2025-07-10,variable,hazard,120,0.0069931452364492275,0,4.8904080298072524e-05,0.007017711875643842
s11-133-48,u048,2025-07-10,variable,hazard_cal,30,0.0005480775999755494,0,3.0038905559495834e-07,0.0005482278494047527
s11-133-48,u048,2025-07-10,variable,hazard_cal,60,0.0013613535610709215,0,1.8532835182404793e-06,0.0013622810446810153
s11-133-48,u048,2025-07-10,variable,hazard_cal,120,0.004497114623079779,0,2.022403993311798e-05,0.004507257062277118
s11-133-52,u052,2025-07-10,regular,empirical,30,0.0063657407407407,0,4.052265517832595e-05,0.006386088466525358
s11-133-52,u052,2025-07-10,regular,empirical,60,0.01388888888888884,0,0.00019290123456789987,0.01398624197473984
s11-133-52,u052,2025-07-10,regular,empirical,120,0.03414351851851849,0,0.001165779856824415,0.034740025702165826
s11-133-52,u052,2025-07-10,regular,hazard,30,0.0011807440302039618,0,1.3941564648622943e-06,0.0011814416576367448
s11-133-52,u052,2025-07-10,regular,hazard,60,0.0028887926899874294,0,8.345123205724808e-06,0.0028929733048178663
s11-133-52,u052,2025-07-10,regular,hazard,120,0.00918728620896525,0,8.440622788544309e-05,0.00922974960526042
s11-133-52,u052,2025-07-10,regular,hazard_cal,30,0.0007340768482683169,0,5.388688191635456e-07,0.0007343464146075776
s11-133-52,u052,2025-07-10,regular,hazard_cal,60,0.0018230748345063885,0,3.323601852210496e-06,0.0018247386579230754
s11-133-52,u052,2025-07-10,regular,hazard_cal,120,0.006018823084826708,0,3.6226231326442886e-05,0.006037009209921729
s11-133-7,u007,2025-07-10,regular,empirical,30,0.0063657407407407,0,4.052265517832595e-05,0.006386088466525358
s11-133-7,u007,2025-07-10,regular,empirical,60,0.01388888888888884,0,0.00019290123456789987,0.01398624197473984
s11-133-7,u007,2025-07-10,regular,empirical,120,0.03414351851851849,0,0.001165779856824415,0.034740025702165826
s11-133-7,u007,2025-07-10,regular,hazard,30,0.0019759325912699355,0,3.9043096052427216e-06,0.0019778873214403646
s11-133-7,u007,2025-07-10,regular,hazard,60,0.004831247505650671,0,2.3340952460855828e-05,0.004842955707249108
s11-133-7,u007,2025-07-10,regular,hazard,120,0.015329016625131198,0,0.00023497875069354866,0.015447720640092831
s11-133-7,u007,2025-07-10,regular,hazard_cal,30,0.0012714087056295842,0,1.6164800967506947e-06,0.0012722176314008324
s11-133-7,u007,2025-07-10,regular,hazard_cal,60,0.0031561506819004492,0,9.96128712686067e-06,0.0031611418301078762
s11-133-7,u007,2025-07-10,regular,hazard_cal,120,0.010402216021580424,0,0.00010820609815962446,0.010456697216774842
s11-133-26,u026,2025-07-10,regular,empirical,30,0.0063657407407407,0,4.052265517832595e-05,0.006386088466525358
s11-133-26,u026,2025-07-10,regular,empirical,60,0.01388888888888884,0,0.00019290123456789987,0.01398624197473984
s11-133-26,u026,2025-07-10,regular,empirical,120,0.03414351851851849,0,0.001165779856824415,0.034740025702165826
s11-133-26,u026,2025-07-10,regular,hazard,30,0.0016646347160739206,0,2.771008737958502e-06,0.00166602175993753
s11-133-26,u026,2025-07-10,regular,hazard,60,0.004071113094928802,0,1.657396183170077e-05,0.004079422636234146
s11-133-26,u026,2025-07-10,regular,hazard,120,0.012929023225248137,0,0.00016715964155900574,0.013013330508284075
s11-133-26,u026,2025-07-10,regular,hazard_cal,30,0.001058904269323535,0,1.1212782515916097e-06,0.0010594653045393563
s11-133-26,u026,2025-07-10,regular,hazard_cal,60,0.0026290845786426376,0,6.912085721656535e-06,0.0026325466909588673
s11-133-26,u026,2025-07-10,regular,hazard_cal,120,0.00867091351594862,0,7.518474120106045e-05,0.008708724616405959
s11-133-38,u038,2025-07-10,regular,empirical,30,0.0063657407407407,0,4.052265517832595e-05,0.006386088466525358
s11-133-38,u038,2025-07-10,regular,empirical,60,0.01388888888888884,0,0.00019290123456789987,0.01398624197473984
s11-133-38,u038,2025-07-10,regular,empirical,120,0.03414351851851849,0,0.001165779856824415,0.034740025702165826
s11-133-38,u038,2025-07-10,regular,hazard,30,0.0015336384864779173,0,2.352047007206277e-06,0.001534815713762855
s11-133-38,u038,2025-07-10,regular,hazard,60,0.0037511313033459226,0,1.407098605494168e-05,0.003758184440059314
s11-133-38,u038,2025-07-10,regular,hazard,120,0.01191741761841214,0,0.0001420248426916401,0.011988999320869234
s11-133-38,u038,2025-07-10,regular,hazard_cal,30,0.0009702509076486843,0,9.413868237930956e-07,0.0009707219057427786
s11-133-38,u038,2025-07-10,regular,hazard_cal,60,0.0024091471828302513,0,5.803990148538937e-06,0.0024120538472311983
s11-133-38,u038,2025-07-10,regular,hazard_cal,120,0.007947774645324812,0,6.316712181286794e-05,0.007979526556153709
s11-133-12,u012,2025-07-10,variable,empirical,30,0.0063657407407407,0,4.052265517832595e-05,0.006386088466525358
s11-133-12,u012,2025-07-10,variable,empirical,60,0.01388888888888884,1,0.9724151234567903,4.276666119016059
s11-133-12,u012,2025-07-10,variable,empirical,120,0.03414351851851849,1,0.9328787428197874,3.3771825054582822
s11-133-12,u012,2025-07-10,variable,hazard,30,0.0035409208551908655,0,1.253812050272561e-05,0.003547204753685795
s11-133-12,u012,2025-07-10,variable,hazard,60,0.008646992143532928,1,0.9827807861860645,4.750543747581459
s11-133-12,u012,2025-07-10,variable,hazard,120,0.027310167422851195,1,0.9461255103989618,3.6004962130557323
s11-133-12,u012,2025-07-10,variable,hazard_cal,30,0.002369261482220275,0,5.613399971132615e-06,0.002372072623302479
s11-133-12,u012,2025-07-10,variable,hazard_cal,60,0.005876198016025569,1,0.9882821336710724,5.136845322118913
s11-133-12,u012,2025-07-10,variable,hazard_cal,120,0.019299980362866398,1,0.9617725285162743,3.947651200539877
s11-133-32,u032,2025-07-10,regular,empirical,30,0.0063657407407407,0,4.052265517832595e-05,0.006386088466525358
s11-133-32,u032,2025-07-10,regular,empirical,60,0.01388888888888884,0,0.00019290123456789987,0.01398624197473984
s11-133-32,u032,2025-07-10,regular,empirical,120,0.03414351851851849,0,0.001165779856824415,0.034740025702165826
s11-133-32,u032,2025-07-10,regular,hazard,30,0.0020898356030873977,0,4.367412847931667e-06,0.0020920223566795446
s11-133-32,u032,2025-07-10,regular,hazard,60,0.005109284809132086,0,2.61047912608279e-05,0.005122381834764676
s11-133-32,u032,2025-07-10,regular,hazard,120,0.01620577141048507,0,0.00026262702700889526,0.016338521085030543
s11-133-32,u032,2025-07-10,regular,hazard_cal,30,0.0013497490402545331,0,1.8218224716680332e-06,0.0013506607719887343
s11-133-32,u032,2025-07-10,regular,hazard_cal,60,0.003350408885285705,0,1.12252396986014e-05,0.0033560340731021198
s11-133-32,u032,2025-07-10,regular,hazard_cal,120,0.011039725443847681,0,0.00012187553787553787,0.011101115450123258
s11-133-56,u056,2025-07-10,new,empirical,30,0.0063657407407407,0,4.052265517832595e-05,0.006386088466525358
s11-133-56,u056,2025-07-10,new,empirical,60,0.01388888888888884,0,0.00019290123456789987,0.01398624197473984
s11-133-56,u056,2025-07-10,new,empirical,120,0.03414351851851849,0,0.001165779856824415,0.034740025702165826
s11-133-56,u056,2025-07-10,new,hazard,30,0.005317652946269291,0,2.8277432856966474e-05,0.005331841986646657
s11-133-56,u056,2025-07-10,new,hazard,60,0.012967535946562081,0,0.00016815698852537972,0.01305234844475317
s11-133-56,u056,2025-07-10,new,hazard,120,0.04074335409527752,0,0.0016600209029331672,0.041596621648976345
s11-133-56,u056,2025-07-10,new,hazard_cal,30,0.0036569995304389646,0,1.3373645565630808e-05,0.003663702700538444
s11-133-56,u056,2025-07-10,new,hazard_cal,60,0.009060492488174976,0,8.209252412827516e-05,0.009101788380239133
s11-133-56,u056,2025-07-10,new,hazard_cal,120,0.029637894127976128,0,0.0008784047683411218,0.030085972122987522
s11-134-17,u017,2025-07-11,variable,empirical,30,0.0063657407407407,0,4.052265517832595e-05,0.006386088466525358
s11-134-17,u017,2025-07-11,variable,empirical,60,0.01388888888888884,0,0.00019290123456789987,0.01398624197473984
s11-134-17,u017,2025-07-11,variable,empirical,120,0.03414351851851849,0,0.001165779856824415,0.034740025702165826
s11-134-17,u017,2025-07-11,variable,hazard,30,0.0010802302338930314,0,1.1668973582165933e-06,0.0010808141030854486
s11-134-17,u017,2025-07-11,variable,hazard,60,0.0026430873028150392,0,6.985910490302079e-06,0.00264658642507722
s11-134-17,u017,2025-07-11,variable,hazard,120,0.008408351772768441,0,7.070037953461818e-05,0.008443901378524096
s11-134-17,u017,2025-07-11,variable,hazard_cal,30,0.0006676164133780915,0,4.4571167541182676e-07,0.0006678393684536321
s11-134-17,u017,2025-07-11,variable,hazard_cal,60,0.0016581107125710481,0,2.749331135142869e-06,0.001659486899595971
s11-134-17,u017,2025-07-11,variable,hazard_cal,120,0.005475352075948958,0,2.9979480355598565e-05,0.005490396757877796
s11-134-31,u031,2025-07-11,variable,empirical,30,0.0063657407407407,0,4.052265517832595e-05,0.006386088466525358
s11-134-31,u031,2025-07-11,variable,empirical,60,0.01388888888888884,1,0.9724151234567903,4.276666119016059
s11-134-31,u031,2025-07-11,variable,empirical,120,0.03414351851851849,1,0.9328787428197874,3.3771825054582822
s11-134-31,u031,2025-07-11,variable,hazard,30,0.0018331209357438372,0,3.3603323650623613e-06,0.0018348031580520095
s11-134-31,u031,2025-07-11,variable,hazard,60,0.004482573243769883,1,0.991054946975346,5.407558012680973
s11-134-31,u031,2025-07-11,variable,hazard,120,0.014228684701098948,1,0.9717450860661254,4.252495302557977
s11-134-31,u031,2025-07-11,variable,hazard_cal,30,0.0011736165644452567,0,1.3773758403402874e-06,0.0011743057916771976
s11-134-31,u031,2025-07-11,variable,hazard_cal,60,0.0029136235325802895,1,0.994181242136929,5.838357772218122
s11-134-31,u031,2025-07-11,variable,hazard_cal,120,0.009605854630664767,1,0.9808805631818559,4.645382509034861
s11-134-56,u056,2025-07-11,new,empirical,30,0.0063657407407407,0,4.052265517832595e-05,0.006386088466525358
s11-134-56,u056,2025-07-11,new,empirical,60,0.01388888888888884,0,0.00019290123456789987,0.01398624197473984
s11-134-56,u056,2025-07-11,new,empirical,120,0.03414351851851849,0,0.001165779856824415,0.034740025702165826
s11-134-56,u056,2025-07-11,new,hazard,30,0.004791351630865304,0,2.2957050450595606e-05,0.004802866953454573
s11-134-56,u056,2025-07-11,new,hazard,60,0.011688980656460402,0,0.00013663226878710545,0.011757833866002753
s11-134-56,u056,2025-07-11,new,hazard,120,0.0367827985784428,0,0.0013529742712622935,0.037476345968317365
s11-134-56,u056,2025-07-11,new,hazard_cal,30,0.003271931334674183,0,1.070553465882278e-05,0.003277295806655684
s11-134-56,u056,2025-07-11,new,hazard_cal,60,0.008109005725383533,0,6.575597385430293e-05,0.00814206253885567
s11-134-56,u056,2025-07-11,new,hazard_cal,120,0.026557702204319744,0,0.0007053115463733298,0.026916728863746967
s11-134-3,u003,2025-07-11,regular,empirical,30,0.0063657407407407,0,4.052265517832595e-05,0.006386088466525358
s11-134-3,u003,2025-07-11,regular,empirical,60,0.01388888888888884,0,0.00019290123456789987,0.01398624197473984
s11-134-3,u003,2025-07-11,regular,empirical,120,0.03414351851851849,0,0.001165779856824415,0.034740025702165826
s11-134-3,u003,2025-07-11,regular,hazard,30,0.016873119654030377,0,0.0002847021668592262,0.017017092549967135
s11-134-3,u003,2025-07-11,regular,hazard,60,0.04077095175231149,0,0.0016622705067893115,0.041625391899513
s11-134-3,u003,2025-07-11,regular,hazard,120,0.1238798965790523,0,0.015346228776436693,0.1322520930818772
s11-134-3,u003,2025-07-11,regular,hazard_cal,30,0.012559808316016108,0,0.00015774878493506736,0.012639349424324455
s11-134-3,u003,2025-07-11,regular,hazard_cal,60,0.0308923233723315,0,0.0009543356433406989,0.03137955187411246
s11-134-3,u003,2025-07-11,regular,hazard_cal,120,0.09827640755165301,0,0.0096582522812586,0.1034472444087246
s11-134-12,u012,2025-07-11,variable,empirical,30,0.0063657407407407,0,4.052265517832595e-05,0.006386088466525358
s11-134-12,u012,2025-07-11,variable,empirical,60,0.01388888888888884,0,0.00019290123456789987,0.01398624197473984
s11-134-12,u012,2025-07-11,variable,empirical,120,0.03414351851851849,0,0.001165779856824415,0.034740025702165826
s11-134-12,u012,2025-07-11,variable,hazard,30,0.003654198168330791,0,1.335316425343211e-05,0.0036608910602010866
s11-134-12,u012,2025-07-11,variable,hazard,60,0.008922816639727826,0,7.961665678620378e-05,0.0089628633658307
s11-134-12,u012,2025-07-11,variable,hazard,120,0.028171955707040675,0,0.0007936590883594616,0.028576399335591966
s11-134-12,u012,2025-07-11,variable,hazard_cal,30,0.002450240075950516,0,6.003676429793991e-06,0.002453246826677009
s11-134-12,u012,2025-07-11,variable,hazard_cal,60,0.006076637954913311,0,3.692552883509303e-05,0.0060951758562267306
s11-134-12,u012,2025-07-11,variable,hazard_cal,120,0.01995320702355563,0,0.00039813047052486973,0.020154960522268502
s11-134-26,u026,2025-07-11,regular,empirical,30,0.0063657407407407,0,4.052265517832595e-05,0.006386088466525358
s11-134-26,u026,2025-07-11,regular,empirical,60,0.01388888888888884,0,0.00019290123456789987,0.01398624197473984
s11-134-26,u026,2025-07-11,regular,empirical,120,0.03414351851851849,0,0.001165779856824415,0.034740025702165826
s11-134-26,u026,2025-07-11,regular,hazard,30,0.0017022909672290698,0,2.897794537109682e-06,0.0017037415108962794
s11-134-26,u026,2025-07-11,regular,hazard,60,0.004163082950637387,0,1.733125965388769e-05,0.004171772706298963
s11-134-26,u026,2025-07-11,regular,hazard,120,0.01321963652253011,0,0.00017475878978781196,0.01330779371678966
s11-134-26,u026,2025-07-11,regular,hazard_cal,30,0.0010844771546900667,0,1.1760906990446629e-06,0.0010850656255335183
s11-134-26,u026,2025-07-11,regular,hazard_cal,60,0.002692521646393664,0,7.249672816298448e-06,0.002696153002603281
s11-134-26,u026,2025-07-11,regular,hazard_cal,120,0.008879414635074134,0,7.884400426156872e-05,0.008919071565289484
s11-134-5,u005,2025-07-11,regular,empirical,30,0.0063657407407407,0,4.052265517832595e-05,0.006386088466525358
s11-134-5,u005,2025-07-11,regular,empirical,60,0.01388888888888884,0,0.00019290123456789987,0.01398624197473984
s11-134-5,u005,2025-07-11,regular,empirical,120,0.03414351851851849,0,0.001165779856824415,0.034740025702165826
s11-134-5,u005,2025-07-11,regular,hazard,30,0.0006379899044823834,0,4.070311182214406e-07,0.0006381935066435152
s11-134-5,u005,2025-07-11,regular,hazard,60,0.0015615685146675995,0,2.438496226001173e-06,0.0015627890335620021
s11-134-5,u005,2025-07-11,regular,hazard,120,0.004974231471912449,0,2.474297873616429e-05,0.004986644140713722
s11-134-5,u005,2025-07-11,regular,hazard_cal,30,0.00038071610048495685,0,1.4494474916847178e-07,0.0003807885912590615
s11-134-5,u005,2025-07-11,regular,hazard_cal,60,0.0009457784760326104,0,8.944969257265671e-07,0.0009462260066943028
s11-134-5,u005,2025-07-11,regular,hazard_cal,120,0.003125955686337001,0,9.77159895294263e-06,0.003130851691606131
s11-134-9,u009,2025-07-11,regular,empirical,30,0.0063657407407407,0,4.052265517832595e-05,0.006386088466525358
s11-134-9,u009,2025-07-11,regular,empirical,60,0.01388888888888884,0,0.00019290123456789987,0.01398624197473984
s11-134-9,u009,2025-07-11,regular,empirical,120,0.03414351851851849,0,0.001165779856824415,0.034740025702165826
s11-134-9,u009,2025-07-11,regular,hazard,30,0.008013425847582467,0,6.421499381470278e-05,0.008045705909398137
s11-134-9,u009,2025-07-11,regular,hazard,60,0.019499686378520842,0,0.00038023776886067127,0.019692313487062955
s11-134-9,u009,2025-07-11,regular,hazard,120,0.06078684860939643,0,0.0036950409638616803,0.06271282724803401
s11-134-9,u009,2025-07-11,regular,hazard_cal,30,0.00566651698611631,0,3.210941475394467e-05,0.005682632601935614
s11-134-9,u009,2025-07-11,regular,hazard_cal,60,0.014016205443443619,0,0.00019645401503281854,0.014115360055584489
s11-134-9,u009,2025-07-11,regular,hazard_cal,120,0.04555956001970807,0,0.0020756735091893817,0.04663003694575711
s11-134-11,u011,2025-07-11,regular,empirical,30,0.0063657407407407,0,4.052265517832595e-05,0.006386088466525358
s11-134-11,u011,2025-07-11,regular,empirical,60,0.01388888888888884,0,0.00019290123456789987,0.01398624197473984
s11-134-11,u011,2025-07-11,regular,empirical,120,0.03414351851851849,0,0.001165779856824415,0.034740025702165826
s11-134-11,u011,2025-07-11,regular,hazard,30,0.0024763239861135267,0,6.132180484201186e-06,0.0024793951475304055
s11-134-11,u011,2025-07-11,regular,hazard,60,0.006052328948221386,0,3.663068569747859e-05,0.006070718528474168
s11-134-11,u011,2025-07-11,regular,hazard,120,0.019175155981303704,0,0.0003676866069073272,0.019361383759358513
s11-134-11,u011,2025-07-11,regular,hazard_cal,30,0.0016176388707362932,0,2.6167555161169897e-06,0.0016189486611969017
s11-134-11,u011,2025-07-11,regular,hazard_cal,60,0.0040144995590388755,0,1.6116206709523325e-05,0.004022579293704149
s11-134-11,u011,2025-07-11,regular,hazard_cal,120,0.013216722457037866,0,0.00017468175250636906,0.01330484061669025
s11-134-36,u036,2025-07-11,variable,empirical,30,0.0063657407407407,0,4.052265517832595e-05,0.006386088466525358
s11-134-36,u036,2025-07-11,variable,empirical,60,0.01388888888888884,0,0.00019290123456789987,0.01398624197473984
s11-134-36,u036,2025-07-11,variable,empirical,120,0.03414351851851849,0,0.001165779856824415,0.034740025702165826
s11-134-36,u036,2025-07-11,variable,hazard,30,0.003597064946459172,0,1.2938876229045326e-05,0.0036035499405408363
s11-134-36,u036,2025-07-11,variable,hazard,60,0.008783706348893028,0,7.715349722358369e-05,0.008822510494092566
s11-134-36,u036,2025-07-11,variable,hazard,120,0.027737390346574076,0,0.0007693628232382208,0.02812933647170511
s11-134-36,u036,2025-07-11,variable,hazard_cal,30,0.0024093755457452737,0,5.805090520435335e-06,0.002412282761660912
s11-134-36,u036,2025-07-11,variable,hazard_cal,60,0.005975492515742031,0,3.5706510805689034e-05,0.005993417212744288
s11-134-36,u036,2025-07-11,variable,hazard_cal,120,0.019623619550384497,0,0.00038508644425823266,0.019818719367048578
s11-134-38,u038,2025-07-11,regular,empirical,30,0.0063657407407407,0,4.052265517832595e-05,0.006386088466525358
s11-134-38,u038,2025-07-11,regular,empirical,60,0.01388888888888884,0,0.00019290123456789987,0.01398624197473984
s11-134-38,u038,2025-07-11,regular,empirical,120,0.03414351851851849,0,0.001165779856824415,0.034740025702165826
s11-134-38,u038,2025-07-11,regular,hazard,30,0.0008679772163970867,0,7.53384448184435e-07,0.0008683541267366866
s11-134-38,u038,2025-07-11,regular,hazard,60,0.002124107474649861,0,4.5118325638634105e-06,0.0021263665905687057
s11-134-38,u038,2025-07-11,regular,hazard,120,0.0067615654355901444,0,4.571876713976734e-05,0.0067845283880326275
s11-134-38,u038,2025-07-11,regular,hazard_cal,30,0.0005286782500858456,0,2.7950069211383186e-07,0.0005288180497067532
s11-134-38,u038,2025-07-11,regular,hazard_cal,60,0.0013131888814040815,0,1.7244650382433028e-06,0.0013140518695168681
s11-134-38,u038,2025-07-11,regular,hazard_cal,120,0.004338273433283968,0,1.8820616381937467e-05,0.004347711046663972
s11-134-43,u043,2025-07-11,regular,empirical,30,0.0063657407407407,0,4.052265517832595e-05,0.006386088466525358
s11-134-43,u043,2025-07-11,regular,empirical,60,0.01388888888888884,0,0.00019290123456789987,0.01398624197473984
s11-134-43,u043,2025-07-11,regular,empirical,120,0.03414351851851849,0,0.001165779856824415,0.034740025702165826
s11-134-43,u043,2025-07-11,regular,hazard,30,0.00838233024047541,0,7.026346026038856e-05,0.008417659537021517
s11-134-43,u043,2025-07-11,regular,hazard,60,0.020391403890093862,0,0.0004158093526089351,0.020602178820222375
s11-134-43,u043,2025-07-11,regular,hazard,120,0.06349837026889438,0,0.00403204302680561,0.06560401686341022
s11-134-43,u043,2025-07-11,regular,hazard_cal,30,0.005945610280167601,0,3.535028160363466e-05,0.005963355794539302
s11-134-43,u043,2025-07-11,regular,hazard_cal,60,0.01470319445456647,0,0.00021618392716879421,0.014812357772600773
s11-134-43,u043,2025-07-11,regular,hazard_cal,120,0.04775073502232907,0,0.002280132695172684,0.04892844550330049
s11-134-10,u010,2025-07-11,variable,empirical,30,0.0063657407407407,0,4.052265517832595e-05,0.006386088466525358
s11-134-10,u010,2025-07-11,variable,empirical,60,0.01388888888888884,0,0.00019290123456789987,0.01398624197473984
s11-134-10,u010,2025-07-11,variable,empirical,120,0.03414351851851849,0,0.001165779856824415,0.034740025702165826
s11-134-10,u010,2025-07-11,variable,hazard,30,0.0004026531989953508,0,1.6212959866118956e-07,0.00040273428556192217
s11-134-10,u010,2025-07-11,variable,hazard,60,0.0009857330138121068,0,9.71669574519099e-07,0.000986219168104514
s11-134-10,u010,2025-07-11,variable,hazard,120,0.003142138880250833,0,9.87303674278396e-06,0.0031470857638703953
s11-134-10,u010,2025-07-11,variable,hazard_cal,30,0.00023304120367673153,0,5.430820261109987e-08,0.00023306836199745755
s11-134-10,u010,2025-07-11,variable,hazard_cal,60,0.0005789928806418931,0,3.352327558339975e-07,0.0005791605617470447
s11-134-10,u010,2025-07-11,variable,hazard_cal,120,0.0019145642116561445,0,3.665556120554514e-06,0.0019163993323948385
s11-134-13,u013,2025-07-11,variable,empirical,30,0.0063657407407407,0,4.052265517832595e-05,0.006386088466525358
s11-134-13,u013,2025-07-11,variable,empirical,60,0.01388888888888884,0,0.00019290123456789987,0.01398624197473984
s11-134-13,u013,2025-07-11,variable,empirical,120,0.03414351851851849,0,0.001165779856824415,0.034740025702165826
s11-134-13,u013,2025-07-11,variable,hazard,30,0.0032688364914199575,0,1.0685292007638737e-05,0.0032741908088666366
s11-134-13,u013,2025-07-11,variable,hazard,60,0.007984277920632943,0,6.374869391390671e-05,0.008016322952526583
s11-134-13,u013,2025-07-11,variable,hazard,120,0.025237223365399686,0,0.0006369174431950759,0.025561143603795022
s11-134-13,u013,2025-07-11,variable,hazard_cal,30,0.002175485739221217,0,4.732738201554884e-06,0.002177855545932949
s11-134-13,u013,2025-07-11,variable,hazard_cal,60,0.005396452470308288,0,2.9121699264296428e-05,0.00541106591750021
s11-134-13,u013,2025-07-11,variable,hazard_cal,120,0.017735143743463744,0,0.00031453532360132115,0.017894295937623365
s11-134-28,u028,2025-07-11,variable,empirical,30,0.0063657407407407,0,4.052265517832595e-05,0.006386088466525358
s11-134-28,u028,2025-07-11,variable,empirical,60,0.01388888888888884,0,0.00019290123456789987,0.01398624197473984
s11-134-28,u028,2025-07-11,variable,empirical,120,0.03414351851851849,0,0.001165779856824415,0.034740025702165826
s11-134-28,u028,2025-07-11,variable,hazard,30,0.008977421227120086,0,8.059409188914631e-05,0.009017961084370666
s11-134-28,u028,2025-07-11,variable,hazard,60,0.021828756829407547,0,0.00047649462471740665,0.022070529008252293
s11-134-28,u028,2025-07-11,variable,hazard,120,0.06785664825229021,0,0.00460452471203504,0.07026866523612708
s11-134-28,u028,2025-07-11,variable,hazard_cal,30,0.006397621075097559,0,4.092955542053245e-05,0.006418173557698722
s11-134-28,u028,2025-07-11,variable,hazard_cal,60,0.015815154212144633,0,0.00025011910275391614,0.015941548161328374
s11-134-28,u028,2025-07-11,variable,hazard_cal,120,0.05128916072694023,0,0.002630578008073908,0.052651227252707454
s11-134-59,u059,2025-07-11,new,empirical,30,0.0063657407407407,0,4.052265517832595e-05,0.006386088466525358
s11-134-59,u059,2025-07-11,new,empirical,60,0.01388888888888884,0,0.00019290123456789987,0.01398624197473984
s11-134-59,u059,2025-07-11,new,empirical,120,0.03414351851851849,0,0.001165779856824415,0.034740025702165826
s11-134-59,u059,2025-07-11,new,hazard,30,0.0009756765627647601,0,9.519447551284569e-07,0.00097615284496578
s11-134-59,u059,2025-07-11,new,hazard,60,0.002387464942903872,0,5.699988853594989e-06,0.0023903194816432033
s11-134-59,u059,2025-07-11,new,hazard,120,0.00759748842847674,0,5.772183042083796e-05,0.007626496362047423
s11-134-59,u059,2025-07-11,new,hazard_cal,30,0.0005989235974936946,0,3.587094756347891e-07,0.0005991030238768854
s11-134-59,u059,2025-07-11,new,hazard_cal,60,0.0014875866976875596,0,2.2129141831369787e-06,0.0014886942533054014
s11-134-59,u059,2025-07-11,new,hazard_cal,120,0.004913323245168577,0,2.4140745311513877e-05,0.0049254333011882895
s11-134-2,u002,2025-07-11,variable,empirical,30,0.0063657407407407,0,4.052265517832595e-05,0.006386088466525358
s11-134-2,u002,2025-07-11,variable,empirical,60,0.01388888888888884,0,0.00019290123456789987,0.01398624197473984
s11-134-2,u002,2025-07-11,variable,empirical,120,0.03414351851851849,0,0.001165779856824415,0.034740025702165826
s11-134-2,u002,2025-07-11,variable,hazard,30,0.005392664312126927,0,2.908082838328738e-05,0.0054072572130402395
s11-134-2,u002,2025-07-11,variable,hazard,60,0.013149675652939785,0,0.00017291396977751737,0.013236898113016147
s11-134-2,u002,2025-07-11,variable,hazard,120,0.041306564851018024,0,0.0017062322997913576,0.04218392658198062
s11-134-2,u002,2025-07-11,variable,hazard_cal,30,0.00371210127365873,0,1.3779695865898766e-05,0.003719008219745284
s11-134-2,u002,2025-07-11,variable,hazard_cal,60,0.009196597490363612,0,8.457740539976228e-05,0.009239147269441526
s11-134-2,u002,2025-07-11,variable,hazard_cal,120,0.030077884188053794,0,0.0009046791172299764,0.030539503685737258
s11-134-23,u023,2025-07-11,variable,empirical,30,0.0063657407407407,0,4.052265517832595e-05,0.006386088466525358
s11-134-23,u023,2025-07-11,variable,empirical,60,0.01388888888888884,0,0.00019290123456789987,0.01398624197473984
s11-134-23,u023,2025-07-11,variable,empirical,120,0.03414351851851849,0,0.001165779856824415,0.034740025702165826
s11-134-23,u023,2025-07-11,variable,hazard,30,0.0013592350574190837,0,1.8475199413170598e-06,0.0013601596553152948
s11-134-23,u023,2025-07-11,variable,hazard,60,0.0033250165288635225,0,1.1055734917215629e-05,0.003330556680461404
s11-134-23,u023,2025-07-11,variable,hazard,120,0.010569064478604506,0,0.00011170512395289954,0.01062531372625285
s11-134-23,u023,2025-07-11,variable,hazard_cal,30,0.0008530159655478764,0,7.276362374795758e-07,0.0008533799906941794
s11-134-23,u023,2025-07-11,variable,hazard_cal,60,0.0021182537334892837,0,4.486998879441289e-06,0.002120500406171548
s11-134-23,u023,2025-07-11,variable,hazard_cal,120,0.006990712452720538,0,4.8870060596622e-05,0.007015261962295343
s11-134-32,u032,2025-07-11,regular,empirical,30,0.0063657407407407,0,4.052265517832595e-05,0.006386088466525358
s11-134-32,u032,2025-07-11,regular,empirical,60,0.01388888888888884,0,0.00019290123456789987,0.01398624197473984
s11-134-32,u032,2025-07-11,regular,empirical,120,0.03414351851851849,0,0.001165779856824415,0.034740025702165826
s11-134-32,u032,2025-07-11,regular,hazard,30,0.0037198179047041036,0,1.3837045244157228e-05,0.003726753632431238
s11-134-32,u032,2025-07-11,regular,hazard,60,0.009082574676116839,0,8.24931627472389e-05,0.009124072721330477
s11-134-32,u032,2025-07-11,regular,hazard,120,0.028670841767131305,0,0.000822017167635881,0.029089879223275345
s11-134-32,u032,2025-07-11,regular,hazard_cal,30,0.0024972282263322487,0,6.236148814390509e-06,0.0025003515015102435
s11-134-32,u032,2025-07-11,regular,hazard_cal,60,0.006192931862445739,0,3.8352405052895645e-05,0.0062121876058073115
s11-134-32,u032,2025-07-11,regular,hazard_cal,120,0.020332050987876826,0,0.000413392297373623,0.020541592271189305
s11-134-41,u041,2025-07-11,regular,empirical,30,0.0063657407407407,0,4.052265517832595e-05,0.006386088466525358
s11-134-41,u041,2025-07-11,regular,empirical,60,0.01388888888888884,0,0.00019290123456789987,0.01398624197473984
s11-134-41,u041,2025-07-11,regular,empirical,120,0.03414351851851849,0,0.001165779856824415,0.034740025702165826
s11-134-41,u041,2025-07-11,regular,hazard,30,0.005706535829234416,0,3.2564551170336126e-05,0.005722880314740837
s11-134-41,u041,2025-07-11,regular,hazard,60,0.013911570880408508,0,0.00019353180436062996,0.014009243695466349
s11-134-41,u041,2025-07-11,regular,hazard,120,0.04365979096836836,0,0.0019061773474016196,0.04464156204854577
s11-134-41,u041,2025-07-11,regular,hazard_cal,30,0.0039432289098425555,0,1.5549054235418107e-05,0.003951023935421565
s11-134-41,u041,2025-07-11,regular,hazard_cal,60,0.0097673646088563,0,9.540141140233856e-05,0.009815378214629914
s11-134-41,u041,2025-07-11,regular,hazard_cal,120,0.031921343977328265,0,0.0010189722013189116,0.032441938784899677
s11-134-46,u046,2025-07-11,regular,empirical,30,0.0063657407407407,0,4.052265517832595e-05,0.006386088466525358
s11-134-46,u046,2025-07-11,regular,empirical,60,0.01388888888888884,0,0.00019290123456789987,0.01398624197473984
s11-134-46,u046,2025-07-11,regular,empirical,120,0.03414351851851849,0,0.001165779856824415,0.034740025702165826
s11-134-46,u046,2025-07-11,regular,hazard,30,0.00952930841393762,0,9.080771884794233e-05,0.009575002795633442
s11-134-46,u046,2025-07-11,regular,hazard,60,0.023160539905029864,0,0.0005364106086924807,0.023432959688968597
s11-134-46,u046,2025-07-11,regular,hazard,120,0.07188118713153546,0,0.00516690506343882,0.07459552328296012
s11-134-46,u046,2025-07-11,regular,hazard_cal,30,0.0068186991492869,0,4.649465808848589e-05,0.006842052699429555
s11-134-46,u046,2025-07-11,regular,hazard_cal,60,0.016850277681899728,0,0.00028393185795712805,0.016993858817642062
s11-134-46,u046,2025-07-11,regular,hazard_cal,120,0.05457397891392923,0,0.0029783191744979925,0.05611963711128478
s11-134-55,u055,2025-07-11,new,empirical,30,0.0063657407407407,0,4.052265517832595e-05,0.006386088466525358
s11-134-55,u055,2025-07-11,new,empirical,60,0.01388888888888884,0,0.00019290123456789987,0.01398624197473984
s11-134-55,u055,2025-07-11,new,empirical,120,0.03414351851851849,0,0.001165779856824415,0.034740025702165826
s11-134-55,u055,2025-07-11,new,hazard,30,0.001715007809158342,0,2.9412517854740962e-06,0.0017164801186400514
s11-134-55,u055,2025-07-11,new,hazard,60,0.004194140726987761,0,1.759081643777742e-05,0.004202960805612877
s11-134-55,u055,2025-07-11,new,hazard,120,0.013317760654522948,0,0.0001773627488511595,0.01340723733627689
s11-134-55,u055,2025-07-11,new,hazard_cal,30,0.0010931219725399677,0,1.1949156468496698e-06,0.0010937198661168438
s11-134-55,u055,2025-07-11,new,hazard_cal,60,0.002713965709792099,0,7.365609873927331e-06,0.0027176551916591723
s11-134-55,u055,2025-07-11,new,hazard_cal,120,0.008949888037919074,0,8.010049589128693e-05,0.008990178864948054
s11-134-21,u021,2025-07-11,variable,empirical,30,0.0063657407407407,0,4.052265517832595e-05,0.006386088466525358
s11-134-21,u021,2025-07-11,variable,empirical,60,0.01388888888888884,0,0.00019290123456789987,0.01398624197473984
s11-134-21,u021,2025-07-11,variable,empirical,120,0.03414351851851849,0,0.001165779856824415,0.034740025702165826
s11-134-21,u021,2025-07-11,variable,hazard,30,0.005762860088280641,0,3.321055639709796e-05,0.005779529439421799
s11-134-21,u021,2025-07-11,variable,hazard,60,0.01404825279351185,0,0.00019735340655041353,0.014147863501455138
s11-134-21,u021,2025-07-11,variable,hazard,120,0.04408149261976213,0,0.0019431779915861432,0.04508261289026559
s11-134-21,u021,2025-07-11,variable,hazard_cal,30,0.003984798882245566,0,1.587862213194551e-05,0.003992759347584381
s11-134-21,u021,2025-07-11,variable,hazard_cal,60,0.009869998293055793,0,9.741686630492426e-05,0.009919029619043174
s11-134-21,u021,2025-07-11,variable,hazard_cal,120,0.032252543049106186,0,0.0010402265331344478,0.03278411732334366
s11-134-51,u051,2025-07-11,variable,empirical,30,0.0063657407407407,0,4.052265517832595e-05,0.006386088466525358
s11-134-51,u051,2025-07-11,variable,empirical,60,0.01388888888888884,0,0.00019290123456789987,0.01398624197473984
s11-134-51,u051,2025-07-11,variable,empirical,120,0.03414351851851849,0,0.001165779856824415,0.034740025702165826
s11-134-51,u051,2025-07-11,variable,hazard,30,0.0011981120658649536,0,1.435472522371187e-06,0.0011988303759274284
s11-134-51,u051,2025-07-11,variable,hazard,60,0.0029312447868229397,0,8.59219600027666e-06,0.0029355492985995
s11-134-51,u051,2025-07-11,variable,hazard,120,0.009321820937595038,0,8.689634559258523e-05,0.009365541023047638
s11-134-51,u051,2025-07-11,variable,hazard_cal,30,0.0007456000859668022,0,5.559194881937028e-07,0.0007458781839527461
s11-134-51,u051,2025-07-11,variable,hazard_cal,60,0.001851675306265843,0,3.4287014398347037e-06,0.0018533917762097154
s11-134-51,u051,2025-07-11,variable,hazard_cal,120,0.006113023465680656,0,3.736905589196234e-05,0.006131784490426119
s11-134-19,u019,2025-07-11,variable,empirical,30,0.0063657407407407,0,4.052265517832595e-05,0.006386088466525358
s11-134-19,u019,2025-07-11,variable,empirical,60,0.01388888888888884,0,0.00019290123456789987,0.01398624197473984
s11-134-19,u019,2025-07-11,variable,empirical,120,0.03414351851851849,0,0.001165779856824415,0.034740025702165826
s11-134-19,u019,2025-07-11,variable,hazard,30,0.005594508274832655,0,3.129852283717104e-05,0.0056102161488668315
s11-134-19,u019,2025-07-11,variable,hazard,60,0.013639677565123631,0,0.0001860408040805369,0.01373355256098925
s11-134-19,u019,2025-07-11,variable,hazard,120,0.04282050806105431,0,0.0018335959106068169,0.043764348230775664
s11-134-19,u019,2025-07-11,variable,hazard_cal,30,0.0038606314670306396,0,1.4904475324227149e-05,0.003868102940629488
s11-134-19,u019,2025-07-11,variable,hazard_cal,60,0.009563415928257935,0,9.145892421685758e-05,0.009609439050921927
s11-134-19,u019,2025-07-11,variable,hazard_cal,120,0.031262942098628566,0,0.0009773715486622024,0.03176205798950146
s11-134-22,u022,2025-07-11,variable,empirical,30,0.0063657407407407,0,4.052265517832595e-05,0.006386088466525358
s11-134-22,u022,2025-07-11,variable,empirical,60,0.01388888888888884,0,0.00019290123456789987,0.01398624197473984
s11-134-22,u022,2025-07-11,variable,empirical,120,0.03414351851851849,0,0.001165779856824415,0.034740025702165826
s11-134-22,u022,2025-07-11,variable,hazard,30,0.008266913311797408,0,6.83418557047732e-05,0.00830127374047688
s11-134-22,u022,2025-07-11,variable,hazard,60,0.020112473833884814,0,0.0004045116037187013,0.020317483122259943
s11-134-22,u022,2025-07-11,variable,hazard,120,0.06265083776344449,0,0.003925127472461442,0.06469942769667804
s11-134-22,u022,2025-07-11,variable,hazard_cal,30,0.005858198072779985,0,3.4318484659923135e-05,0.005875424625763122
s11-134-22,u022,2025-07-11,variable,hazard_cal,60,0.014488062818491576,0,0.00020990396423255808,0.014594039645361592
s11-134-22,u022,2025-07-11,variable,hazard_cal,120,0.04706498218582034,0,0.0022151125481515857,0.048208564626350835
s11-134-33,u033,2025-07-11,regular,empirical,30,0.0063657407407407,0,4.052265517832595e-05,0.006386088466525358
s11-134-33,u033,2025-07-11,regular,empirical,60,0.01388888888888884,0,0.00019290123456789987,0.01398624197473984
s11-134-33,u033,2025-07-11,regular,empirical,120,0.03414351851851849,0,0.001165779856824415,0.034740025702165826
s11-134-33,u033,2025-07-11,regular,hazard,30,0.0009786736571545385,0,9.578021272082392e-07,0.0009791528709062387
s11-134-33,u033,2025-07-11,regular,hazard,60,0.00239479310236812,0,5.735034003149926e-06,0.0023976652056814244
s11-134-33,u033,2025-07-11,regular,hazard,120,0.0076207411493660615,0,5.8075695665641163e-05,0.007649927372183556
s11-134-33,u033,2025-07-11,regular,hazard_cal,30,0.0006008861119014552,0,3.610641194760482e-07,0.0006010667163132724
s11-134-33,u033,2025-07-11,regular,hazard_cal,60,0.001492458736473301,0,2.2274330800754823e-06,0.0014935735623725062
s11-134-33,u033,2025-07-11,regular,hazard_cal,120,0.004929384360218059,0,2.42988301707624e-05,0.004941573849587361
s11-134-34,u034,2025-07-11,regular,empirical,30,0.0063657407407407,0,4.052265517832595e-05,0.006386088466525358
s11-134-34,u034,2025-07-11,regular,empirical,60,0.01388888888888884,0,0.00019290123456789987,0.01398624197473984
s11-134-34,u034,2025-07-11,regular,empirical,120,0.03414351851851849,0,0.001165779856824415,0.034740025702165826
s11-134-34,u034,2025-07-11,regular,hazard,30,0.004703733351416051,0,2.2125107441223672e-05,0.004714830718181009
s11-134-34,u034,2025-07-11,regular,hazard,60,0.011476023829008697,0,0.00013169912292397543,0.011542381560920448
s11-134-34,u034,2025-07-11,regular,hazard,120,0.036121931582070554,0,0.0013047939412197862,0.03679047741514081
s11-134-34,u034,2025-07-11,regular,hazard_cal,30,0.003208098447680219,0,1.0291895650008229e-05,0.003213255427858966
s11-134-34,u034,2025-07-11,regular,hazard_cal,60,0.007951219528588349,0,6.322189199180473e-05,0.007982999043948861
s11-134-34,u034,2025-07-11,regular,hazard_cal,120,0.026046182934210016,0,0.0006784036454423331,0.026391392207305967
s11-134-30,u030,2025-07-11,variable,empirical,30,0.0063657407407407,0,4.052265517832595e-05,0.006386088466525358
s11-134-30,u030,2025-07-11,variable,empirical,60,0.01388888888888884,0,0.00019290123456789987,0.01398624197473984
s11-134-30,u030,2025-07-11,variable,empirical,120,0.03414351851851849,0,0.001165779856824415,0.034740025702165826
s11-134-30,u030,2025-07-11,variable,hazard,30,0.0024065410949931643,0,5.791440041890898e-06,0.0024094414691949667
s11-134-30,u030,2025-07-11,variable,hazard,60,0.00588209919444338,0,3.459909093327146e-05,0.005899466879027818
s11-134-30,u030,2025-07-11,variable,hazard,120,0.018639650158276844,0,0.00034743655802294996,0.01881555777107002
s11-134-30,u030,2025-07-11,variable,hazard_cal,30,0.0015690467342589498,0,2.4619076542886753e-06,0.001570278977219301
s11-134-30,u030,2025-07-11,variable,hazard_cal,60,0.003894062716089941,0,1.5163724436841768e-05,0.003901664318803981
s11-134-30,u030,2025-07-11,variable,hazard_cal,120,0.012822185487422977,0,0.0001644084406738804,0.01290509922720041
s11-134-42,u042,2025-07-11,regular,empirical,30,0.0063657407407407,0,4.052265517832595e-05,0.006386088466525358
s11-134-42,u042,2025-07-11,regular,empirical,60,0.01388888888888884,0,0.00019290123456789987,0.01398624197473984
s11-134-42,u042,2025-07-11,regular,empirical,120,0.03414351851851849,0,0.001165779856824415,0.034740025702165826
s11-134-42,u042,2025-07-11,regular,hazard,30,0.001471221156852498,0,2.1644916923704026e-06,0.00147230446535331
s11-134-42,u042,2025-07-11,regular,hazard,60,0.0035986424080026724,0,1.2950227180675272e-05,0.0036051330980534156
s11-134-42,u042,2025-07-11,regular,hazard,120,0.01143505699732228,0,0.00013076052853200923,0.011500939993679857
s11-134-42,u042,2025-07-11,regular,hazard_cal,30,0.0009281851812630304,0,8.615277307162846e-07,0.0009286162118665082
s11-134-42,u042,2025-07-11,regular,hazard_cal,60,0.0023047764795801617,0,5.311994620825924e-06,0.002307436564944682
s11-134-42,u042,2025-07-11,regular,hazard_cal,120,0.007604468735879166,0,5.782794475496369e-05,0.007633530132992182
s11-135-5,u005,2025-07-14,regular,empirical,30,0.0063657407407407,0,4.052265517832595e-05,0.006386088466525358
s11-135-5,u005,2025-07-14,regular,empirical,60,0.01388888888888884,0,0.00019290123456789987,0.01398624197473984
s11-135-5,u005,2025-07-14,regular,empirical,120,0.03414351851851849,0,0.001165779856824415,0.034740025702165826
s11-135-5,u005,2025-07-14,regular,hazard,30,0.0007404627821208098,0,5.482851317060899e-07,0.0007407370600901063
s11-135-5,u005,2025-07-14,regular,hazard,60,0.0018122380282518114,0,3.284206671042013e-06,0.0018138821182091583
s11-135-5,u005,2025-07-14,regular,hazard,120,0.005770973762726395,0,3.330413817007644e-05,0.005787690176158408
s11-135-5,u005,2025-07-14,regular,hazard_cal,30,0.0004462660407213992,0,1.9915337910115353e-07,0.0004463656470459988
s11-135-5,u005,2025-07-14,regular,hazard_cal,60,0.00110855895713724,0,1.2289029614492053e-06,0.0011091738630996455
s11-135-5,u005,2025-07-14,regular,hazard_cal,120,0.0036632111472254536,0,1.3419115909156823e-05,0.0036699371360155277
s11-135-25,u025,2025-07-14,variable,empirical,30,0.0063657407407407,0,4.052265517832595e-05,0.006386088466525358
s11-135-25,u025,2025-07-14,variable,empirical,60,0.01388888888888884,0,0.00019290123456789987,0.01398624197473984
s11-135-25,u025,2025-07-14,variable,empirical,120,0.03414351851851849,1,0.9328787428197874,3.3771825054582822
s11-135-25,u025,2025-07-14,variable,hazard,30,0.012031032662753072,0,0.00014474574693223126,0.012103991305245646
s11-135-25,u025,2025-07-14,variable,hazard,60,0.0291828813311239,0,0.0008516405627864599,0.029617171716066655
s11-135-25,u025,2025-07-14,variable,hazard,120,0.08991731349560217,1,0.8282504962750621,2.4088647698889187
s11-135-25,u025,2025-07-14,variable,hazard_cal,30,0.0087478320705201,0,7.652456593402e-05,0.008786318969160824
s11-135-25,u025,2025-07-14,variable,hazard_cal,60,0.02158347768569646,0,0.00046584650900895707,0.021819807676633236
s11-135-25,u025,2025-07-14,variable,hazard_cal,120,0.06948279766490506,1,0.865862263841532,2.6666760726613123
s11-135-42,u042,2025-07-14,regular,empirical,30,0.0063657407407407,0,4.052265517832595e-05,0.006386088466525358
s11-135-42,u042,2025-07-14,regular,empirical,60,0.01388888888888884,0,0.00019290123456789987,0.01398624197473984
s11-135-42,u042,2025-07-14,regular,empirical,120,0.03414351851851849,0,0.001165779856824415,0.034740025702165826
s11-135-42,u042,2025-07-14,regular,hazard,30,0.0018884631963250742,0,3.5662932438743157e-06,0.0018902485910692805
s11-135-42,u042,2025-07-14,regular,hazard,60,0.004617700587980833,0,2.132315872023853e-05,0.004628395102752615
s11-135-42,u042,2025-07-14,regular,hazard,120,0.014655224006692835,0,0.000214775590686346,0.014763672665849242
s11-135-42,u042,2025-07-14,regular,hazard_cal,30,0.001211454166203052,0,1.467621196810732e-06,0.0012121885699923956
s11-135-42,u042,2025-07-14,regular,hazard_cal,60,0.003007466399939873,0,9.0448541467673e-06,0.0030119979148799146
s11-135-42,u042,2025-07-14,regular,hazard_cal,120,0.009914055366663455,0,9.828849381326844e-05,0.009963526860565095
s11-135-1,u001,2025-07-14,regular,empirical,30,0.0063657407407407,0,4.052265517832595e-05,0.006386088466525358
s11-135-1,u001,2025-07-14,regular,empirical,60,0.01388888888888884,0,0.00019290123456789987,0.01398624197473984
s11-135-1,u001,2025-07-14,regular,empirical,120,0.03414351851851849,0,0.001165779856824415,0.034740025702165826
s11-135-1,u001,2025-07-14,regular,hazard,30,0.0025193360650598295,0,6.347054208711146e-06,0.002522514932376659
s11-135-1,u001,2025-07-14,regular,hazard,60,0.0061572440731362255,0,3.7911654576171176e-05,0.006176278071963597
s11-135-1,u001,2025-07-14,regular,hazard,120,0.019505086420361528,0,0.0003804483962657717,0.019697820937326777
s11-135-1,u001,2025-07-14,regular,hazard_cal,30,0.0016476358866764906,0,2.7147040150642253e-06,0.001648994731476778
s11-135-1,u001,2025-07-14,regular,hazard_cal,60,0.004088843151879629,0,1.6718638320672935e-05,0.004097225327777476
s11-135-1,u001,2025-07-14,regular,hazard_cal,120,0.013460202656087605,0,0.00018117705554294782,0.013551612372804524
s11-135-13,u013,2025-07-14,variable,empirical,30,0.0063657407407407,0,4.052265517832595e-05,0.006386088466525358
s11-135-13,u013,2025-07-14,variable,empirical,60,0.01388888888888884,0,0.00019290123456789987,0.01398624197473984
s11-135-13,u013,2025-07-14,variable,empirical,120,0.03414351851851849,0,0.001165779856824415,0.034740025702165826
s11-135-13,u013,2025-07-14,variable,hazard,30,0.0026133128309987486,0,6.829403952662694e-06,0.0026167334937826927
s11-135-13,u013,2025-07-14,variable,hazard,60,0.006386447435607123,0,4.07867108477728e-05,0.006406928036451135
s11-135-13,u013,2025-07-14,variable,hazard,120,0.02022557956290627,0,0.0004090740686554518,0.020432917041199997
s11-135-13,u013,2025-07-14,variable,hazard_cal,30,0.0017132958935365261,0,2.9353828188091236e-06,0.0017147652634961154
s11-135-13,u013,2025-07-14,variable,hazard_cal,60,0.004251559985250397,0,1.8075762308182357e-05,0.0042606235650958415
s11-135-13,u013,2025-07-14,variable,hazard_cal,120,0.013992949451808956,0,0.00019580263436088055,0.014091773747672896
s11-135-16,u016,2025-07-14,variable,empirical,30,0.0063657407407407,0,4.052265517832595e-05,0.006386088466525358
s11-135-16,u016,2025-07-14,variable,empirical,60,0.01388888888888884,0,0.00019290123456789987,0.01398624197473984
s11-135-16,u016,2025-07-14,variable,empirical,120,0.03414351851851849,0,0.001165779856824415,0.034740025702165826
s11-135-16,u016,2025-07-14,variable,hazard,30,0.009394161417824676,0,8.825026874414572e-05,0.009438564859728847
s11-135-16,u016,2025-07-14,variable,hazard,60,0.022834519087209126,0,0.0005214152619441179,0.023099264707954006
s11-135-16,u016,2025-07-14,variable,hazard,120,0.07089718959636393,0,0.005026411492662774,0.07353587847276119
s11-135-16,u016,2025-07-14,variable,hazard_cal,30,0.0067154227837191716,0,4.509690316409455e-05,0.006738072694737729
s11-135-16,u016,2025-07-14,variable,hazard_cal,60,0.016596462650184662,0,0.00027544257249897453,0.01673572694973905
s11-135-16,u016,2025-07-14,variable,hazard_cal,120,0.05376934395612498,0,0.0028911423494720743,0.05526891719359561
s11-135-32,u032,2025-07-14,regular,empirical,30,0.0063657407407407,0,4.052265517832595e-05,0.006386088466525358
s11-135-32,u032,2025-07-14,regular,empirical,60,0.01388888888888884,0,0.00019290123456789987,0.01398624197473984
s11-135-32,u032,2025-07-14,regular,empirical,120,0.03414351851851849,0,0.001165779856824415,0.034740025702165826
s11-135-32,u032,2025-07-14,regular,hazard,30,0.003001417394523198,0,9.008506376146424e-06,0.003005930680810984
s11-135-32,u032,2025-07-14,regular,hazard,60,0.007332647983608553,0,5.3767726451518585e-05,0.007359663993779159
s11-135-32,u032,2025-07-14,regular,hazard,120,0.023195705505284492,0,0.0005380407538878853,0.02346895970194518
s11-135-32,u032,2025-07-14,regular,hazard_cal,30,0.001986097300765377,0,3.944582488107517e-06,0.0019880722073470987
s11-135-32,u032,2025-07-14,regular,hazard_cal,60,0.004927422094135214,0,2.427948849377186e-05,0.004939601864768169
s11-135-32,u032,2025-07-14,regular,hazard_cal,120,0.016203397941988662,0,0.0002625501048664424,0.016336108521951432
s11-135-59,u059,2025-07-14,new,empirical,30,0.0063657407407407,0,4.052265517832595e-05,0.006386088466525358
s11-135-59,u059,2025-07-14,new,empirical,60,0.01388888888888884,0,0.00019290123456789987,0.01398624197473984
s11-135-59,u059,2025-07-14,new,empirical,120,0.03414351851851849,0,0.001165779856824415,0.034740025702165826
s11-135-59,u059,2025-07-14,new,hazard,30,0.001142773057248414,0,1.305930260372887e-06,0.001143426520265993
s11-135-59,u059,2025-07-14,new,hazard,60,0.0027959774675971882,0,7.817489999311186e-06,0.002799893513751349
s11-135-59,u059,2025-07-14,new,hazard,120,0.008893097949596251,0,7.908719114111305e-05,0.008932877563449845
s11-135-59,u059,2025-07-14,new,hazard_cal,30,0.0007089238273468856,0,5.025729929801569e-07,0.0007091752326685464
s11-135-59,u059,2025-07-14,new,hazard_cal,60,0.0017606436133458248,0,3.099865933215442e-06,0.0017621953679711657
s11-135-59,u059,2025-07-14,new,hazard_cal,120,0.005813171618493818,0,3.379296426606203e-05,0.0058301338688857
s11-135-15,u015,2025-07-14,regular,empirical,30,0.0063657407407407,0,4.052265517832595e-05,0.006386088466525358
s11-135-15,u015,2025-07-14,regular,empirical,60,0.01388888888888884,0,0.00019290123456789987,0.01398624197473984
s11-135-15,u015,2025-07-14,regular,empirical,120,0.03414351851851849,0,0.001165779856824415,0.034740025702165826
s11-135-15,u015,2025-07-14,regular,hazard,30,0.008359591330261429,0,6.988276720898205e-05,0.008394728673446778
s11-135-15,u015,2025-07-14,regular,hazard,60,0.020336454434453533,0,0.00041357137896460476,0.020546087117098637
s11-135-15,u015,2025-07-14,regular,hazard,120,0.06333145127878981,0,0.0040108727210777274,0.0654257960135734
s11-135-15,u015,2025-07-14,regular,hazard_cal,30,0.005928382047669656,0,3.514571370313186e-05,0.005946024667204421
s11-135-15,u015,2025-07-14,regular,hazard_cal,60,0.01466079620313765,0,0.0002149389453099353,0.01476932775464275
s11-135-15,u015,2025-07-14,regular,hazard_cal,120,0.04761561657140356,0,0.0022672469414749216,0.048786561575895095
s11-135-23,u023,2025-07-14,variable,empirical,30,0.0063657407407407,0,4.052265517832595e-05,0.006386088466525358
s11-135-23,u023,2025-07-14,variable,empirical,60,0.01388888888888884,0,0.00019290123456789987,0.01398624197473984
s11-135-23,u023,2025-07-14,variable,empirical,120,0.03414351851851849,0,0.001165779856824415,0.034740025702165826
s11-135-23,u023,2025-07-14,variable,hazard,30,0.0015774155965693204,0,2.488239964300145e-06,0.00157866102643077
s11-135-23,u023,2025-07-14,variable,hazard,60,0.003858072139543145,0,1.488472063391902e-05,0.003865533697528999
s11-135-23,u023,2025-07-14,variable,hazard,120,0.012255592395531423,0,0.00015019954496540763,0.012331311458658057
s11-135-23,u023,2025-07-14,variable,hazard_cal,30,0.0009998231201814312,0,9.996462716493324e-07,0.0010003232767237637
s11-135-23,u023,2025-07-14,variable,hazard_cal,60,0.0024825155132726096,0,6.162883273639168e-06,0.0024856020642413865
s11-135-23,u023,2025-07-14,variable,hazard_cal,120,0.008189049816840543,0,6.706053690269614e-05,0.008222764271012647
s11-135-45,u045,2025-07-14,regular,empirical,30,0.0063657407407407,0,4.052265517832595e-05,0.006386088466525358
s11-135-45,u045,2025-07-14,regular,empirical,60,0.01388888888888884,0,0.00019290123456789987,0.01398624197473984
s11-135-45,u045,2025-07-14,regular,empirical,120,0.03414351851851849,0,0.001165779856824415,0.034740025702165826
s11-135-45,u045,2025-07-14,regular,hazard,30,0.005807056015009748,0,3.3721899561460895e-05,0.0058239825253958094
s11-135-45,u045,2025-07-14,regular,hazard,60,0.014155494349457953,0,0.00020037802027753605,0.014256638995775565
s11-135-45,u045,2025-07-14,regular,hazard,120,0.04441226454034197,0,0.001972449241601317,0.04542869799997461
s11-135-45,u045,2025-07-14,regular,hazard_cal,30,0.004017437184551831,0,1.6139801531819743e-05,0.0040255287641973204
s11-135-45,u045,2025-07-14,regular,hazard_cal,60,0.009950575345580082,0,9.901394970806616e-05,0.010000413206304078
s11-135-45,u045,2025-07-14,regular,hazard_cal,120,0.03251250416534579,0,0.0010570629271016273,0.03305277836362619
s11-135-8,u008,2025-07-14,variable,empirical,30,0.0063657407407407,0,4.052265517832595e-05,0.006386088466525358
s11-135-8,u008,2025-07-14,variable,empirical,60,0.01388888888888884,0,0.00019290123456789987,0.01398624197473984
s11-135-8,u008,2025-07-14,variable,empirical,120,0.03414351851851849,0,0.001165779856824415,0.034740025702165826
s11-135-8,u008,2025-07-14,variable,hazard,30,0.009386631466513196,0,8.810885028813567e-05,0.00943096352890743
s11-135-8,u008,2025-07-14,variable,hazard,60,0.02281635220135947,0,0.0005205859277764811,0.02308067346897496
s11-135-8,u008,2025-07-14,variable,hazard,120,0.07084233514686333,0,0.005018636449060508,0.07347683997923789
s11-135-8,u008,2025-07-14,variable,hazard_cal,30,0.006709671612675772,0,4.501969314994709e-05,0.006732282657798076
s11-135-8,u008,2025-07-14,variable,hazard_cal,60,0.016582327139957664,0,0.00027497357337657655,0.016721352984119944
s11-135-8,u008,2025-07-14,variable,hazard_cal,120,0.05372451660210298,0,0.0028863236841296385,0.05522154365741928
s11-135-9,u009,2025-07-14,regular,empirical,30,0.0063657407407407,0,4.052265517832595e-05,0.006386088466525358
s11-135-9,u009,2025-07-14,regular,empirical,60,0.01388888888888884,0,0.00019290123456789987,0.01398624197473984
s11-135-9,u009,2025-07-14,regular,empirical,120,0.03414351851851849,0,0.001165779856824415,0.034740025702165826
s11-135-9,u009,2025-07-14,regular,hazard,30,0.015820050358708815,0,0.0002502739933520829,0.015946522997878552
s11-135-9,u009,2025-07-14,regular,hazard,60,0.038258384485306385,0,0.0014637039834255322,0.039009455334504416
s11-135-9,u009,2025-07-14,regular,hazard,120,0.11659819403808691,0,0.013595138852943367,0.1239751354909051
s11-135-9,u009,2025-07-14,regular,hazard_cal,30,0.01172314248105677,0,0.00013743206963115788,0.011792400327731736
s11-135-9,u009,2025-07-14,regular,hazard_cal,60,0.02885418051504829,0,0.0008325637331949924,0.029278647419071414
s11-135-9,u009,2025-07-14,regular,hazard_cal,120,0.09203149744591688,0,0.008469796522137805,0.09654558979960376
s11-135-0,u000,2025-07-14,variable,empirical,30,0.0063657407407407,0,4.052265517832595e-05,0.006386088466525358
s11-135-0,u000,2025-07-14,variable,empirical,60,0.01388888888888884,0,0.00019290123456789987,0.01398624197473984
s11-135-0,u000,2025-07-14,variable,empirical,120,0.03414351851851849,0,0.001165779856824415,0.034740025702165826
s11-135-0,u000,2025-07-14,variable,hazard,30,0.0008554005318749391,0,7.317100699319287e-07,0.0008557665956789077
s11-135-0,u000,2025-07-14,variable,hazard,60,0.0020933507480865865,0,4.382117354514672e-06,0.0020955448693421833
s11-135-0,u000,2025-07-14,variable,hazard,120,0.006663905877590914,0,4.4407641545390736e-05,0.00668620883679741
s11-135-0,u000,2025-07-14,variable,hazard_cal,30,0.000520511896280107,0,2.7093263416911286e-07,0.0005206474096234367
s11-135-0,u000,2025-07-14,variable,hazard_cal,60,0.0012929130130715505,0,1.6716240593697552e-06,0.0012937495462220403
s11-135-0,u000,2025-07-14,variable,hazard_cal,120,0.00427140026685946,0,1.8244860239727064e-05,0.004280548757517071
s11-135-6,u006,2025-07-14,regular,empirical,30,0.0063657407407407,0,4.052265517832595e-05,0.006386088466525358
s11-135-6,u006,2025-07-14,regular,empirical,60,0.01388888888888884,0,0.00019290123456789987,0.01398624197473984
s11-135-6,u006,2025-07-14,regular,empirical,120,0.03414351851851849,0,0.001165779856824415,0.034740025702165826
s11-135-6,u006,2025-07-14,regular,hazard,30,0.005290243332288669,0,2.7986674514824718e-05,0.005304286218298041
s11-135-6,u006,2025-07-14,regular,hazard,60,0.012900975561920602,0,0.0001664351704492726,0.012984915869917377
s11-135-6,u006,2025-07-14,regular,hazard,120,0.04053747451073453,0,0.0016432868397084515,0.041382020587598996
s11-135-6,u006,2025-07-14,regular,hazard_cal,30,0.003636878296012225,0,1.3226883740004783e-05,0.0036435078166029483
s11-135-6,u006,2025-07-14,regular,hazard_cal,60,0.009010788631297229,0,8.119431175791538e-05,0.009051631322203017
s11-135-6,u006,2025-07-14,regular,hazard_cal,120,0.029477176896800072,0,0.0008689039578052439,0.02992035979930561
s11-135-24,u024,2025-07-14,regular,empirical,30,0.0063657407407407,0,4.052265517832595e-05,0.006386088466525358
s11-135-24,u024,2025-07-14,regular,empirical,60,0.01388888888888884,0,0.00019290123456789987,0.01398624197473984
s11-135-24,u024,2025-07-14,regular,empirical,120,0.03414351851851849,0,0.001165779856824415,0.034740025702165826
s11-135-24,u024,2025-07-14,regular,hazard,30,0.0009579733095608223,0,9.177128618309151e-07,0.000958432459250591
s11-135-24,u024,2025-07-14,regular,hazard,60,0.002344178221535431,0,5.495171534321017e-06,0.002346930108753149
s11-135-24,u024,2025-07-14,regular,hazard,120,0.0074601284960538194,0,5.5653517177634225e-05,0.007488094427751117
s11-135-24,u024,2025-07-14,regular,hazard_cal,30,0.0005873396659852315,0,3.4496788323964324e-07,0.0005875122174943898
s11-135-24,u024,2025-07-14,regular,hazard_cal,60,0.0014588286985772747,0,2.128181171792665e-06,0.001459893825180706
s11-135-24,u024,2025-07-14,regular,hazard_cal,120,0.004818515835390724,0,2.3218094855911168e-05,0.004830162310362846
s11-135-35,u035,2025-07-14,variable,empirical,30,0.0063657407407407,0,4.052265517832595e-05,0.006386088466525358
s11-135-35,u035,2025-07-14,variable,empirical,60,0.01388888888888884,0,0.00019290123456789987,0.01398624197473984
s11-135-35,u035,2025-07-14,variable,empirical,120,0.03414351851851849,0,0.001165779856824415,0.034740025702165826
s11-135-35,u035,2025-07-14,variable,hazard,30,0.004984755031707699,0,2.4847782726135227e-05,0.0049972203647452645
s11-135-35,u035,2025-07-14,variable,hazard,60,0.01215894402814699,0,0.00014783991987961134,0.012233468698379211
s11-135-35,u035,2025-07-14,variable,hazard,120,0.038240023763983944,0,0.0014622994174700568,0.03899036440013583
s11-135-35,u035,2025-07-14,variable,hazard_cal,30,0.0034131136903302606,0,1.164934506311985e-05,0.003418951650394571
s11-135-35,u035,2025-07-14,variable,hazard_cal,60,0.008457930766874844,0,7.153659285724808e-05,0.008493902035242518
s11-135-35,u035,2025-07-14,variable,hazard_cal,120,0.02768813004483084,0,0.0007666325453794642,0.02807867212094834
s11-135-33,u033,2025-07-14,regular,empirical,30,0.0063657407407407,0,4.052265517832595e-05,0.006386088466525358
s11-135-33,u033,2025-07-14,regular,empirical,60,0.01388888888888884,0,0.00019290123456789987,0.01398624197473984
s11-135-33,u033,2025-07-14,regular,empirical,120,0.03414351851851849,0,0.001165779856824415,0.034740025702165826
s11-135-33,u033,2025-07-14,regular,hazard,30,0.0016492288885621154,0,2.7199559268678304e-06,0.001650590363654163
s11-135-33,u033,2025-07-14,regular,hazard,60,0.004033485044500518,0,1.6269001604209342e-05,0.004041641485278516
s11-135-33,u033,2025-07-14,regular,hazard,120,0.012810104665046285,0,0.00016409878152944058,0.012892861565171611
s11-135-33,u033,2025-07-14,regular,hazard_cal,30,0.0010484531069429037,0,1.099253917458228e-06,0.0010490031183760379
s11-135-33,u033,2025-07-14,regular,hazard_cal,60,0.002603158266990868,0,6.7764329630029e-06,0.002606552375018836
s11-135-33,u033,2025-07-14,regular,hazard_cal,120,0.008585690746256924,0,7.371408559036178e-05,0.008622760119005663
s11-135-40,u040,2025-07-14,regular,empirical,30,0.0063657407407407,0,4.052265517832595e-05,0.006386088466525358
s11-135-40,u040,2025-07-14,regular,empirical,60,0.01388888888888884,0,0.00019290123456789987,0.01398624197473984
s11-135-40,u040,2025-07-14,regular,empirical,120,0.03414351851851849,0,0.001165779856824415,0.034740025702165826
s11-135-40,u040,2025-07-14,regular,hazard,30,0.003031570635751546,0,9.190420519551032e-06,0.0030361751543149457
s11-135-40,u040,2025-07-14,regular,hazard,60,0.007406137325315143,0,5.485087008142614e-05,0.007433698928019883
s11-135-40,u040,2025-07-14,regular,hazard,120,0.023426104339620335,0,0.0005487823645307787,0.023704857529171338
s11-135-40,u040,2025-07-14,regular,hazard_cal,30,0.0020073966842348856,0,4.029641447877213e-06,0.002009414205387817
s11-135-40,u040,2025-07-14,regular,hazard_cal,60,0.004980178375954103,0,2.4802176656320845e-05,0.004992620791772472
s11-135-40,u040,2025-07-14,regular,hazard_cal,120,0.016375779721176764,0,0.0002681661614765041,0.01651134482897036
s11-135-44,u044,2025-07-14,regular,empirical,30,0.0063657407407407,0,4.052265517832595e-05,0.006386088466525358
s11-135-44,u044,2025-07-14,regular,empirical,60,0.01388888888888884,0,0.00019290123456789987,0.01398624197473984
s11-135-44,u044,2025-07-14,regular,empirical,120,0.03414351851851849,0,0.001165779856824415,0.034740025702165826
s11-135-44,u044,2025-07-14,regular,hazard,30,0.010534218432153075,0,0.00011096975797631359,0.010590096075777097
s11-135-44,u044,2025-07-14,regular,hazard,60,0.02558252484783552,0,0.0006544655775901218,0.025915447917858835
s11-135-44,u044,2025-07-14,regular,hazard,120,0.07916671637559358,0,0.0062673689816936775,0.08247627580678502
s11-135-44,u044,2025-07-14,regular,hazard_cal,30,0.007589773630987118,0,5.7604663769627376e-05,0.007618722532968045
s11-135-44,u044,2025-07-14,regular,hazard_cal,60,0.01874393514899242,0,0.00035133510486963347,0.01892182916473922
s11-135-44,u044,2025-07-14,regular,hazard_cal,120,0.06056057803051906,0,0.003667583611390588,0.06247194121814207
s11-135-52,u052,2025-07-14,regular,empirical,30,0.0063657407407407,0,4.052265517832595e-05,0.006386088466525358
s11-135-52,u052,2025-07-14,regular,empirical,60,0.01388888888888884,0,0.00019290123456789987,0.01398624197473984
s11-135-52,u052,2025-07-14,regular,empirical,120,0.03414351851851849,0,0.001165779856824415,0.034740025702165826
s11-135-52,u052,2025-07-14,regular,hazard,30,0.0012903203403074048,0,1.664926580611017e-06,0.0012911535203876323
s11-135-52,u052,2025-07-14,regular,hazard,60,0.0031566067602405434,0,9.9641662387963e-06,0.0031615993525621095
s11-135-52,u052,2025-07-14,regular,hazard,120,0.010035783741307425,0,0.00010071695530229045,0.010086481699994503
s11-135-52,u052,2025-07-14,regular,hazard_cal,30,0.0008069618274039181,0,6.511873908870709e-07,0.0008072875963665636
s11-135-52,u052,2025-07-14,regular,hazard_cal,60,0.002003965000594854,0,4.015875723609133e-06,0.0020059756250530797
s11-135-52,u052,2025-07-14,regular,hazard_cal,120,0.006614498814175529,0,4.3751594562729476e-05,0.00663647155751052
s11-135-54,u054,2025-07-14,new,empirical,30,0.0063657407407407,0,4.052265517832595e-05,0.006386088466525358
s11-135-54,u054,2025-07-14,new,empirical,60,0.01388888888888884,0,0.00019290123456789987,0.01398624197473984
s11-135-54,u054,2025-07-14,new,empirical,120,0.03414351851851849,0,0.001165779856824415,0.034740025702165826
s11-135-54,u054,2025-07-14,new,hazard,30,0.004935349735596062,0,2.435767701264812e-05,0.004947568794232805
s11-135-54,u054,2025-07-14,new,hazard,60,0.012038904651537563,0,0.00014493522520881276,0.01211195918724025
s11-135-54,u054,2025-07-14,new,hazard,120,0.03786797320944235,0,0.0014339833949910436,0.03860359574722368
s11-135-54,u054,2025-07-14,new,hazard_cal,30,0.0033770120576483986,0,1.140421043750267e-05,0.003382727032854627
s11-135-54,u054,2025-07-14,new,hazard_cal,60,0.00836871507696535,0,7.003539203942716e-05,0.008403929376238494
s11-135-54,u054,2025-07-14,new,hazard_cal,120,0.02739919033622784,0,0.0007507156310808411,0.027781548539250783
s11-135-36,u036,2025-07-14,variable,empirical,30,0.0063657407407407,0,4.052265517832595e-05,0.006386088466525358
s11-135-36,u036,2025-07-14,variable,empirical,60,0.01388888888888884,0,0.00019290123456789987,0.01398624197473984
s11-135-36,u036,2025-07-14,variable,empirical,120,0.03414351851851849,0,0.001165779856824415,0.034740025702165826
s11-135-36,u036,2025-07-14,variable,hazard,30,0.0038434213039874043,0,1.4771887319944239e-05,0.003850826227229955
s11-135-36,u036,2025-07-14,variable,hazard,60,0.009383454746943798,0,8.80492229879421e-05,0.009427756713234706
s11-135-36,u036,2025-07-14,variable,hazard,120,0.0296098940578583,0,0.0008767458261175923,0.030057117259446132
s11-135-36,u036,2025-07-14,variable,hazard_cal,30,0.0025858892321677374,0,6.68682312104105e-06,0.002589238418724469
s11-135-36,u036,2025-07-14,variable,hazard_cal,60,0.0064123401969662375,0,4.1118106801629005e-05,0.006432987562984669
s11-135-36,u036,2025-07-14,variable,hazard_cal,120,0.021046497519713214,0,0.0004429550578472945,0.021271132492429533
s11-136-0,u000,2025-07-15,variable,empirical,30,0.0063657407407407,0,4.052265517832595e-05,0.006386088466525358
s11-136-0,u000,2025-07-15,variable,empirical,60,0.01388888888888884,0,0.00019290123456789987,0.01398624197473984
s11-136-0,u000,2025-07-15,variable,empirical,120,0.03414351851851849,0,0.001165779856824415,0.034740025702165826
s11-136-0,u000,2025-07-15,variable,hazard,30,0.0004109389687032561,0,1.6887083599889567e-07,0.00041102342726025625
s11-136-0,u000,2025-07-15,variable,hazard,60,0.0010060107609527469,0,1.012057651152725e-06,0.0010065171294148907
s11-136-0,u000,2025-07-15,variable,hazard,120,0.003206698265456165,0,1.0282913765679576e-05,0.003211850740242158
s11-136-0,u000,2025-07-15,variable,hazard_cal,30,0.00023815878153909953,0,5.6719605224188535e-08,0.00023818714584527341
s11-136-0,u000,2025-07-15,variable,hazard_cal,60,0.0005917050764367993,0,3.5011489748107843e-07,0.0005918802029711202
s11-136-0,u000,2025-07-15,variable,hazard_cal,120,0.001956568067682407,0,3.828158603474468e-06,0.0019584846473378816
s11-136-45,u045,2025-07-15,regular,empirical,30,0.0063657407407407,0,4.052265517832595e-05,0.006386088466525358
s11-136-45,u045,2025-07-15,regular,empirical,60,0.01388888888888884,0,0.00019290123456789987,0.01398624197473984
s11-136-45,u045,2025-07-15,regular,empirical,120,0.03414351851851849,0,0.001165779856824415,0.034740025702165826
s11-136-45,u045,2025-07-15,regular,hazard,30,0.004019375935185421,0,1.6155382908347675e-05,0.004027475336951636
s11-136-45,u045,2025-07-15,regular,hazard,60,0.009811668334934742,0,9.626883551476109e-05,0.009860119940578907
s11-136-45,u045,2025-07-15,regular,hazard,120,0.030945176721384082,0,0.0009576039623176913,0.03143409152088433
s11-136-45,u045,2025-07-15,regular,hazard_cal,30,0.0027124360724921637,0,7.357309447356714e-06,0.0027161213928549545
s11-136-45,u045,2025-07-15,regular,hazard_cal,60,0.006725449076243617,0,4.523166527714612e-05,0.006748166824212664
s11-136-45,u045,2025-07-15,regular,hazard_cal,120,0.02206536017043248,0,0.00048688011945090807,0.02231244162068809
s11-136-40,u040,2025-07-15,regular,empirical,30,0.0063657407407407,0,4.052265517832595e-05,0.006386088466525358
s11-136-40,u040,2025-07-15,regular,empirical,60,0.01388888888888884,0,0.00019290123456789987,0.01398624197473984
s11-136-40,u040,2025-07-15,regular,empirical,120,0.03414351851851849,0,0.001165779856824415,0.034740025702165826
s11-136-40,u040,2025-07-15,regular,hazard,30,0.004623490641405881,0,2.1376665711167764e-05,0.004634212033864064
s11-136-40,u040,2025-07-15,regular,hazard,60,0.01128096736943196,0,0.00012726022479018863,0.011345080106985633
s11-136-40,u040,2025-07-15,regular,hazard,120,0.03551631495735308,0,0.001261408628149902,0.03616236223546381
s11-136-40,u040,2025-07-15,regular,hazard_cal,30,0.0031497102635142937,0,9.920674744087282e-06,0.0031546810413038
s11-136-40,u040,2025-07-15,regular,hazard_cal,60,0.007806877470829643,0,6.094733584454744e-05,0.00783751067602856
s11-136-40,u040,2025-07-15,regular,hazard_cal,120,0.0255780661848517,0,0.000654237469756654,0.025910872206834818
s11-136-2,u002,2025-07-15,variable,empirical,30,0.0063657407407407,0,4.052265517832595e-05,0.006386088466525358
s11-136-2,u002,2025-07-15,variable,empirical,60,0.01388888888888884,0,0.00019290123456789987,0.01398624197473984
s11-136-2,u002,2025-07-15,variable,empirical,120,0.03414351851851849,0,0.001165779856824415,0.034740025702165826
s11-136-2,u002,2025-07-15,variable,hazard,30,0.007324306834413097,0,5.36454706046304e-05,0.007351261265378394
s11-136-2,u002,2025-07-15,variable,hazard,60,0.017832540810853503,0,0.0003179995117707557,0.01799345646018631
s11-136-2,u002,2025-07-15,variable,hazard,120,0.05570157264322917,0,0.003102665194928936,0.057313032120863965
s11-136-2,u002,2025-07-15,variable,hazard_cal,30,0.005147591694746212,0,2.6497700255820178e-05,0.005160886187579376
s11-136-2,u002,2025-07-15,variable,hazard_cal,60,0.01273803405217988,0,0.0001622575115144942,0.012819858404839722
s11-136-2,u002,2025-07-15,variable,hazard_cal,120,0.0414724611441849,0,0.0017199650333559265,0.04235698570852917
s11-136-49,u049,2025-07-15,variable,empirical,30,0.0063657407407407,0,4.052265517832595e-05,0.006386088466525358
s11-136-49,u049,2025-07-15,variable,empirical,60,0.01388888888888884,0,0.00019290123456789987,0.01398624197473984
s11-136-49,u049,2025-07-15,variable,empirical,120,0.03414351851851849,0,0.001165779856824415,0.034740025702165826
s11-136-49,u049,2025-07-15,variable,hazard,30,0.0025948556153813085,0,6.733275664675909e-06,0.002598228088530866
s11-136-49,u049,2025-07-15,variable,hazard,60,0.006341434155110459,0,4.02137871436015e-05,0.006361626459392435
s11-136-49,u049,2025-07-15,variable,hazard,120,0.020084113321068076,0,0.0004033716078935041,0.02028854092057498
s11-136-49,u049,2025-07-15,variable,hazard_cal,30,0.0017003873602043917,0,2.8913171747428598e-06,0.0017018346596709318
s11-136-49,u049,2025-07-15,variable,hazard_cal,60,0.00421957178929,0,1.780478608497201e-05,0.004228499304711255
s11-136-49,u049,2025-07-15,variable,hazard_cal,120,0.013888235282017658,0,0.0001928830792486801,0.013985579162357738
s11-136-1,u001,2025-07-15,regular,empirical,30,0.0063657407407407,0,4.052265517832595e-05,0.006386088466525358
s11-136-1,u001,2025-07-15,regular,empirical,60,0.01388888888888884,0,0.00019290123456789987,0.01398624197473984
s11-136-1,u001,2025-07-15,regular,empirical,120,0.03414351851851849,0,0.001165779856824415,0.034740025702165826
s11-136-1,u001,2025-07-15,regular,hazard,30,0.0016192358676176966,0,2.6219247949796345e-06,0.0016205482469075947
s11-136-1,u001,2025-07-15,regular,hazard,60,0.003960225785354599,0,1.5683388270987446e-05,0.0039680882444306
s11-136-1,u001,2025-07-15,regular,hazard,120,0.01257854730792407,0,0.0001582198523776839,0.012658326948103793
s11-136-1,u001,2025-07-15,regular,hazard_cal,30,0.0010281249956458627,0,1.0570410066718052e-06,0.0010286538786855226
s11-136-1,u001,2025-07-15,regular,hazard_cal,60,0.0025527288340088106,0,6.5164244999799816e-06,0.0025559926017847123
s11-136-1,u001,2025-07-15,regular,hazard_cal,120,0.00841990721479735,0,7.089483750579649e-05,0.008455554874577989
s11-136-10,u010,2025-07-15,variable,empirical,30,0.0063657407407407,0,4.052265517832595e-05,0.006386088466525358
s11-136-10,u010,2025-07-15,variable,empirical,60,0.01388888888888884,0,0.00019290123456789987,0.01398624197473984
s11-136-10,u010,2025-07-15,variable,empirical,120,0.03414351851851849,0,0.001165779856824415,0.034740025702165826
s11-136-10,u010,2025-07-15,variable,hazard,30,0.0006509365870972506,0,4.2371844042181647e-07,0.0006511485383003143
s11-136-10,u010,2025-07-15,variable,hazard,60,0.0015932409806630465,0,2.538416822464146e-06,0.0015945115387904604
s11-136-10,u010,2025-07-15,variable,hazard,120,0.005074927621509628,0,2.5754890363561373e-05,0.005087848801264283
s11-136-10,u010,2025-07-15,variable,hazard_cal,30,0.00038896129908938537,0,1.512908921893023e-07,0.00038903696415663804
s11-136-10,u010,2025-07-15,variable,hazard_cal,60,0.0009662547748197081,0,9.336482898618848e-07,0.0009667218998967718
s11-136-10,u010,2025-07-15,variable,hazard_cal,120,0.003193549803386264,0,1.0198760346708446e-05,0.003198660066379609
s11-136-17,u017,2025-07-15,variable,empirical,30,0.0063657407407407,0,4.052265517832595e-05,0.006386088466525358
s11-136-17,u017,2025-07-15,variable,empirical,60,0.01388888888888884,0,0.00019290123456789987,0.01398624197473984
s11-136-17,u017,2025-07-15,variable,empirical,120,0.03414351851851849,0,0.001165779856824415,0.034740025702165826
s11-136-17,u017,2025-07-15,variable,hazard,30,0.0011172924031846998,0,1.2483423142142417e-06,0.0011179170396528732
s11-136-17,u017,2025-07-15,variable,hazard,60,0.0027336901129652036,0,7.473061633723707e-06,0.002737433467452565
s11-136-17,u017,2025-07-15,variable,hazard,120,0.00869563425125397,0,7.561405503158119e-05,0.008733661888879387
s11-136-17,u017,2025-07-15,variable,hazard_cal,30,0.0006920759699686752,0,4.789691482080825e-07,0.0006923155650945098
s11-136-17,u017,2025-07-15,variable,hazard_cal,60,0.0017188248443905652,0,2.9543588456942504e-06,0.0017203037186736038
s11-136-17,u017,2025-07-15,variable,hazard_cal,120,0.005675400216855864,0,3.2210167621487584e-05,0.005691566496421004
s11-136-23,u023,2025-07-15,variable,empirical,30,0.0063657407407407,0,4.052265517832595e-05,0.006386088466525358
s11-136-23,u023,2025-07-15,variable,empirical,60,0.01388888888888884,0,0.00019290123456789987,0.01398624197473984
s11-136-23,u023,2025-07-15,variable,empirical,120,0.03414351851851849,0,0.001165779856824415,0.034740025702165826
s11-136-23,u023,2025-07-15,variable,hazard,30,0.001032346533991424,0,1.0657393662441063e-06,0.0010328797706961777
s11-136-23,u023,2025-07-15,variable,hazard,60,0.0025260221173730724,0,6.38078773745794e-06,0.002529217894111344
s11-136-23,u023,2025-07-15,variable,hazard,120,0.00803706967617368,0,6.459448897967051e-05,0.008069541020663809
s11-136-23,u023,2025-07-15,variable,hazard_cal,30,0.0006360983937573339,0,4.046211665406602e-07,0.0006363007901745126
s11-136-23,u023,2025-07-15,variable,hazard_cal,60,0.0015798723101593248,0,2.495996516408162e-06,0.0015811216244289272
s11-136-23,u023,2025-07-15,variable,hazard_cal,120,0.005217517112331427,0,2.722248481747127e-05,0.0052311758853762205
s11-136-26,u026,2025-07-15,regular,empirical,30,0.0063657407407407,0,4.052265517832595e-05,0.006386088466525358
s11-136-26,u026,2025-07-15,regular,empirical,60,0.01388888888888884,0,0.00019290123456789987,0.01398624197473984
s11-136-26,u026,2025-07-15,regular,empirical,120,0.03414351851851849,0,0.001165779856824415,0.034740025702165826
s11-136-26,u026,2025-07-15,regular,hazard,30,0.0010296079781373368,0,1.0600925886440547e-06,0.001030138388539435
s11-136-26,u026,2025-07-15,regular,hazard,60,0.002519326678097511,0,6.34700691097384e-06,0.0025225055217057415
s11-136-26,u026,2025-07-15,regular,hazard,120,0.008015831356725012,0,6.425355233945595e-05,0.008048130853567582
s11-136-26,u026,2025-07-15,regular,hazard_cal,30,0.000634298733432459,0,4.023348832340217e-07,0.0006344999859814005
s11-136-26,u026,2025-07-15,regular,hazard_cal,60,0.001575404822054871,0,2.4819003533537402e-06,0.0015766470771060436
s11-136-26,u026,2025-07-15,regular,hazard_cal,120,0.005202792931862876,0,2.7069054291842304e-05,0.005216374587852776
s11-136-55,u055,2025-07-15,new,empirical,30,0.0063657407407407,0,4.052265517832595e-05,0.006386088466525358
s11-136-55,u055,2025-07-15,new,empirical,60,0.01388888888888884,0,0.00019290123456789987,0.01398624197473984
s11-136-55,u055,2025-07-15,new,empirical,120,0.03414351851851849,0,0.001165779856824415,0.034740025702165826
s11-136-55,u055,2025-07-15,new,hazard,30,0.00277082578662613,0,7.67747553983231e-06,0.0027746716301470945
s11-136-55,u055,2025-07-15,new,hazard,60,0.006770534916238136,0,4.584014305199974e-05,0.0067935589700517385
s11-136-55,u055,2025-07-15,new,hazard,120,0.02143205083793487,0,0.00045933280311982467,0.021665052388309902
s11-136-55,u055,2025-07-15,new,hazard_cal,30,0.0018237035543599012,0,3.325894654184937e-06,0.001825368526271729
s11-136-55,u055,2025-07-15,new,hazard_cal,60,0.00452512988468412,0,2.047680047326132e-05,0.0045353992768537585
s11-136-55,u055,2025-07-15,new,hazard_cal,120,0.0148881373332298,0,0.00022165663325311095,0.015000078099038671
s11-136-21,u021,2025-07-15,variable,empirical,30,0.0063657407407407,0,4.052265517832595e-05,0.006386088466525358
s11-136-21,u021,2025-07-15,variable,empirical,60,0.01388888888888884,0,0.00019290123456789987,0.01398624197473984
s11-136-21,u021,2025-07-15,variable,empirical,120,0.03414351851851849,0,0.001165779856824415,0.034740025702165826
s11-136-21,u021,2025-07-15,variable,hazard,30,0.004340532308651501,0,1.884022072244753e-05,0.00434997976692271
s11-136-21,u021,2025-07-15,variable,hazard,60,0.010592945076453808,0,0.00011221048539276697,0.010649449707031237
s11-136-21,u021,2025-07-15,variable,hazard,120,0.03337783524197446,0,0.0011140798854403925,0.03394758919260653
s11-136-21,u021,2025-07-15,variable,hazard_cal,30,0.0029443778625871664,0,8.66936099769337e-06,0.002948721070544704
s11-136-21,u021,2025-07-15,variable,hazard_cal,60,0.007299163571673595,0,5.3277788846046825e-05,0.007325932807661621
s11-136-21,u021,2025-07-15,variable,hazard_cal,120,0.023930118081902818,0,0.0005726505514138122,0.02422109480630631
s11-136-30,u030,2025-07-15,variable,empirical,30,0.0063657407407407,0,4.052265517832595e-05,0.006386088466525358
s11-136-30,u030,2025-07-15,variable,empirical,60,0.01388888888888884,0,0.00019290123456789987,0.01398624197473984
s11-136-30,u030,2025-07-15,variable,empirical,120,0.03414351851851849,0,0.001165779856824415,0.034740025702165826
s11-136-30,u030,2025-07-15,variable,hazard,30,0.0039950213854164085,0,1.596019586993444e-05,0.004003022801012153
s11-136-30,u030,2025-07-15,variable,hazard,60,0.009752404796068204,0,9.51093993063741e-05,0.009800270956746421
s11-136-30,u030,2025-07-15,variable,hazard,120,0.030760460011291624,0,0.0009462059001062711,0.03124349435034902
s11-136-30,u030,2025-07-15,variable,hazard_cal,30,0.002694897331947832,0,7.2624716297395434e-06,0.0026985351048488732
s11-136-30,u030,2025-07-15,variable,hazard_cal,60,0.006682057663969121,0,4.464989462460846e-05,0.0067044825634207635
s11-136-30,u030,2025-07-15,variable,hazard_cal,120,0.02192421243550169,0,0.0004806710909170069,0.022168119552462888
s11-136-33,u033,2025-07-15,regular,empirical,30,0.0063657407407407,0,4.052265517832595e-05,0.006386088466525358
s11-136-33,u033,2025-07-15,regular,empirical,60,0.01388888888888884,0,0.00019290123456789987,0.01398624197473984
s11-136-33,u033,2025-07-15,regular,empirical,120,0.03414351851851849,0,0.001165779856824415,0.034740025702165826
s11-136-33,u033,2025-07-15,regular,hazard,30,0.0013186775622145985,0,1.7389105130882364e-06,0.0013195477825819857
s11-136-33,u033,2025-07-15,regular,hazard,60,0.003225906713031468,0,1.0406474121181489e-05,0.003231121167340701
s11-136-33,u033,2025-07-15,regular,hazard,120,0.010255252895003064,0,0.00010517021194046873,0.010308200304755294
s11-136-33,u033,2025-07-15,regular,hazard_cal,30,0.0008258928407299804,0,6.820989843690367e-07,0.0008262340781187791
s11-136-33,u033,2025-07-15,regular,hazard_cal,60,0.0020509455655700615,0,4.2063777129315e-06,0.0020530516345411065
s11-136-33,u033,2025-07-15,regular,hazard_cal,120,0.006769161913994459,0,4.5821553017873134e-05,0.00679217660943624
s11-136-37,u037,2025-07-15,regular,empirical,30,0.0063657407407407,0,4.052265517832595e-05,0.006386088466525358
s11-136-37,u037,2025-07-15,regular,empirical,60,0.01388888888888884,0,0.00019290123456789987,0.01398624197473984
s11-136-37,u037,2025-07-15,regular,empirical,120,0.03414351851851849,0,0.001165779856824415,0.034740025702165826
s11-136-37,u037,2025-07-15,regular,hazard,30,0.0007529829391547116,0,5.669833066580681e-07,0.0007532665731980421
s11-136-37,u037,2025-07-15,regular,hazard,60,0.001842862091301356,0,3.3961406875556073e-06,0.0018445622507391442
s11-136-37,u037,2025-07-15,regular,hazard,120,0.005868278032056695,0,3.4436687061519196e-05,0.0058855640348088635
s11-136-37,u037,2025-07-15,regular,hazard_cal,30,0.0004543183308004517,0,2.0640514570130866e-07,0.0004544215646418374
s11-136-37,u037,2025-07-15,regular,hazard_cal,60,0.0011285540466715593,0,1.2736342362587521e-06,0.0011291913433172816
s11-136-37,u037,2025-07-15,regular,hazard_cal,120,0.003729189349068296,0,1.390685320120442e-05,0.003736160111260014
s11-136-59,u059,2025-07-15,new,empirical,30,0.0063657407407407,0,4.052265517832595e-05,0.006386088466525358
s11-136-59,u059,2025-07-15,new,empirical,60,0.01388888888888884,0,0.00019290123456789987,0.01398624197473984
s11-136-59,u059,2025-07-15,new,empirical,120,0.03414351851851849,0,0.001165779856824415,0.034740025702165826
s11-136-59,u059,2025-07-15,new,hazard,30,0.001278972200092765,0,1.6357698886101277e-06,0.0012797907830747622
s11-136-59,u059,2025-07-15,new,hazard,60,0.00312887307307419,0,9.789846707408724e-06,0.003133778230844218
s11-136-59,u059,2025-07-15,new,hazard,120,0.00994794239018737,0,9.89615577984868e-05,0.0099977537917071
s11-136-59,u059,2025-07-15,new,hazard_cal,30,0.0007993936902225274,0,6.3903027196759e-07,0.0007997133757395888
s11-136-59,u059,2025-07-15,new,hazard_cal,60,0.0019851829604780047,0,3.940951386572215e-06,0.0019871560478967555
s11-136-59,u059,2025-07-15,new,hazard_cal,120,0.006552661910062874,0,4.2937378107588824e-05,0.006574224847158015
s11-136-24,u024,2025-07-15,regular,empirical,30,0.0063657407407407,0,4.052265517832595e-05,0.006386088466525358
s11-136-24,u024,2025-07-15,regular,empirical,60,0.01388888888888884,0,0.00019290123456789987,0.01398624197473984
s11-136-24,u024,2025-07-15,regular,empirical,120,0.03414351851851849,0,0.001165779856824415,0.034740025702165826
s11-136-24,u024,2025-07-15,regular,hazard,30,0.00110207064876644,0,1.214559714872482e-06,0.0011026783751698615
s11-136-24,u024,2025-07-15,regular,hazard,60,0.0026964793967354517,0,7.271001137018785e-06,0.002700121445917654
s11-136-24,u024,2025-07-15,regular,hazard,120,0.00857765448506742,0,7.357615646519725e-05,0.00861465429629937
s11-136-24,u024,2025-07-15,regular,hazard_cal,30,0.0006820235427160704,0,4.651561128189794e-07,0.0006822562265757419
s11-136-24,u024,2025-07-15,regular,hazard_cal,60,0.001693872747896119,0,2.8692048860651493e-06,0.0016953089724226836
s11-136-24,u024,2025-07-15,regular,hazard_cal,120,0.005593188839076224,0,3.128376138956684e-05,0.005608889290867698
s11-136-28,u028,2025-07-15,variable,empirical,30,0.0063657407407407,0,4.052265517832595e-05,0.006386088466525358
s11-136-28,u028,2025-07-15,variable,empirical,60,0.01388888888888884,0,0.00019290123456789987,0.01398624197473984
s11-136-28,u028,2025-07-15,variable,empirical,120,0.03414351851851849,0,0.001165779856824415,0.034740025702165826
s11-136-28,u028,2025-07-15,variable,hazard,30,0.007962127629315363,0,6.339547638550709e-05,0.007993994632988784
s11-136-28,u028,2025-07-15,variable,hazard,60,0.019375646580986117,0,0.000375415680431279,0.019565814851066177
s11-136-28,u028,2025-07-15,variable,hazard,120,0.06040920267844063,0,0.003649271768244919,0.06231082049655727
s11-136-28,u028,2025-07-15,variable,hazard_cal,30,0.005627777491615693,0,3.167187949513622e-05,0.0056436730973714695
s11-136-28,u028,2025-07-15,variable,hazard_cal,60,0.013920823229015222,0,0.0001937893193734898,0.014018626618681543
s11-136-28,u028,2025-07-15,variable,hazard_cal,120,0.04525502859291508,0,0.0020480176129455616,0.046311019811476346
s11-136-41,u041,2025-07-15,regular,empirical,30,0.0063657407407407,0,4.052265517832595e-05,0.006386088466525358
s11-136-41,u041,2025-07-15,regular,empirical,60,0.01388888888888884,0,0.00019290123456789987,0.01398624197473984
s11-136-41,u041,2025-07-15,regular,empirical,120,0.03414351851851849,0,0.001165779856824415,0.034740025702165826
s11-136-41,u041,2025-07-15,regular,hazard,30,0.005106211096111979,0,2.6073391758057095e-05,0.0051192923413911125
s11-136-41,u041,2025-07-15,regular,hazard,60,0.012454004124324514,0,0.00015510221872869199,0.012532205189636367
s11-136-41,u041,2025-07-15,regular,hazard,120,0.03915407368843615,0,0.0015330414863994881,0.03994120928426682
s11-136-41,u041,2025-07-15,regular,hazard_cal,30,0.003501968450431492,0,1.2263783027817544e-05,0.0035081146954448906
s11-136-41,u041,2025-07-15,regular,hazard_cal,60,0.008677489498925883,0,7.529882400396898e-05,0.008715358139902762
s11-136-41,u041,2025-07-15,regular,hazard_cal,120,0.028398925518409612,0,0.0008064989706001766,0.028809975965897863
s11-136-50,u050,2025-07-15,variable,empirical,30,0.0063657407407407,0,4.052265517832595e-05,0.006386088466525358
s11-136-50,u050,2025-07-15,variable,empirical,60,0.01388888888888884,0,0.00019290123456789987,0.01398624197473984
s11-136-50,u050,2025-07-15,variable,empirical,120,0.03414351851851849,0,0.001165779856824415,0.034740025702165826
s11-136-50,u050,2025-07-15,variable,hazard,30,0.0014352101785634064,0,2.0598282566520046e-06,0.0014362410791825015
s11-136-50,u050,2025-07-15,variable,hazard,60,0.00351065878806478,0,1.232472512621647e-05,0.0035168356113444246
s11-136-50,u050,2025-07-15,variable,hazard,120,0.011156661956463698,0,0.0001244711060108044,0.01121936431164553
s11-136-50,u050,2025-07-15,variable,hazard_cal,30,0.0009039699391487632,0,8.171616508846187e-07,0.0009043787663711206
s11-136-50,u050,2025-07-15,variable,hazard_cal,60,0.002244691968411261,0,5.038642033050021e-06,0.002247215065852618
s11-136-50,u050,2025-07-15,variable,hazard_cal,120,0.007406791575422567,0,5.486056144175071e-05,0.007434358059964623
s11-136-53,u053,2025-07-15,regular,empirical,30,0.0063657407407407,0,4.052265517832595e-05,0.006386088466525358
s11-136-53,u053,2025-07-15,regular,empirical,60,0.01388888888888884,0,0.00019290123456789987,0.01398624197473984
s11-136-53,u053,2025-07-15,regular,empirical,120,0.03414351851851849,0,0.001165779856824415,0.034740025702165826
s11-136-53,u053,2025-07-15,regular,hazard,30,0.0009102298895519167,0,8.285184518336945e-07,0.0009106444003303223
s11-136-53,u053,2025-07-15,regular,hazard,60,0.0022274333930717427,0,4.961459520571096e-06,0.002229917812770573
s11-136-53,u053,2025-07-15,regular,hazard,120,0.007089595542873917,0,5.0262364961537704e-05,0.007114846140480609
s11-136-53,u053,2025-07-15,regular,hazard_cal,30,0.0005561712789683426,0,3.09326491549282e-07,0.0005563259995842188
s11-136-53,u053,2025-07-15,regular,hazard_cal,60,0.001381448085433723,0,1.908398812748499e-06,0.0013824031645362298
s11-136-53,u053,2025-07-15,regular,hazard_cal,120,0.004563378114608385,0,2.082441981688678e-05,0.004573822109895456
s11-136-56,u056,2025-07-15,new,empirical,30,0.0063657407407407,0,4.052265517832595e-05,0.006386088466525358
s11-136-56,u056,2025-07-15,new,empirical,60,0.01388888888888884,0,0.00019290123456789987,0.01398624197473984
s11-136-56,u056,2025-07-15,new,empirical,120,0.03414351851851849,0,0.001165779856824415,0.034740025702165826
s11-136-56,u056,2025-07-15,new,hazard,30,0.003948128270586215,0,1.55877168410021e-05,0.003955942704045284
s11-136-56,u056,2025-07-15,new,hazard,60,0.009638290220092327,0,9.28966383667274e-05,0.009685039168412396
s11-136-56,u056,2025-07-15,new,hazard,120,0.030404705051921055,0,0.0009244460892943137,0.030876516248911395
s11-136-56,u056,2025-07-15,new,hazard_cal,30,0.002661148183964346,0,7.081709657016736e-06,0.0026646953331835223
s11-136-56,u056,2025-07-15,new,hazard_cal,60,0.006598557678198058,0,4.354096343250655e-05,0.006620424405570142
s11-136-56,u056,2025-07-15,new,hazard_cal,120,0.021652551521388674,0,0.000468832987386391,0.021890407745677753
s11-136-34,u034,2025-07-15,regular,empirical,30,0.0063657407407407,0,4.052265517832595e-05,0.006386088466525358
s11-136-34,u034,2025-07-15,regular,empirical,60,0.01388888888888884,0,0.00019290123456789987,0.01398624197473984
s11-136-34,u034,2025-07-15,regular,empirical,120,0.03414351851851849,0,0.001165779856824415,0.034740025702165826
s11-136-34,u034,2025-07-15,regular,hazard,30,0.007451731127832706,0,5.5528296801510894e-05,0.007479633979018022
s11-136-34,u034,2025-07-15,regular,hazard,60,0.018140948829705406,0,0.0003290940244419899,0.018307513342575705
s11-136-34,u034,2025-07-15,regular,hazard,120,0.0566438646761801,0,0.0032085274054534036,0.058311405583730935
s11-136-34,u034,2025-07-15,regular,hazard_cal,30,0.0052432990027238,0,2.7492184431964398e-05,0.005257093334605316
s11-136-34,u034,2025-07-15,regular,hazard_cal,60,0.012973853630080412,0,0.00016832087801475068,0.013058749149863946
s11-136-34,u034,2025-07-15,regular,hazard_cal,120,0.042227532937640144,0,0.0017831645379994833,0.043145037506473034
s11-136-6,u006,2025-07-15,regular,empirical,30,0.0063657407407407,0,4.052265517832595e-05,0.006386088466525358
s11-136-6,u006,2025-07-15,regular,empirical,60,0.01388888888888884,0,0.00019290123456789987,0.01398624197473984
s11-136-6,u006,2025-07-15,regular,empirical,120,0.03414351851851849,0,0.001165779856824415,0.034740025702165826
s11-136-6,u006,2025-07-15,regular,hazard,30,0.0059185460517541255,0,3.502918736673435e-05,0.005936130060944343
s11-136-6,u006,2025-07-15,regular,hazard,60,0.014425991798822757,0,0.00020810923937970144,0.01453105809974737
s11-136-6,u006,2025-07-15,regular,hazard,120,0.045246194057435685,0,0.002047218076683128,0.04630176656074453
s11-136-6,u006,2025-07-15,regular,hazard_cal,30,0.004099847391641376,0,1.6808748634748593e-05,0.004108274807926137
s11-136-6,u006,2025-07-15,regular,hazard_cal,60,0.010154009535420006,0,0.00010310390964540039,0.010205913142313191
s11-136-6,u006,2025-07-15,regular,hazard_cal,120,0.033168592868667246,0,0.0011001555528874036,0.033731145025375116
s11-136-31,u031,2025-07-15,variable,empirical,30,0.0063657407407407,0,4.052265517832595e-05,0.006386088466525358
s11-136-31,u031,2025-07-15,variable,empirical,60,0.01388888888888884,0,0.00019290123456789987,0.01398624197473984
s11-136-31,u031,2025-07-15,variable,empirical,120,0.03414351851851849,0,0.001165779856824415,0.034740025702165826
s11-136-31,u031,2025-07-15,variable,hazard,30,0.0008356309592680855,0,6.982791000873008e-07,0.0008359802934413206
s11-136-31,u031,2025-07-15,variable,hazard,60,0.0020450023207956303,0,4.1820344920595135e-06,0.002047096193177926
s11-136-31,u031,2025-07-15,variable,hazard,120,0.006510374051272083,0,4.2384970287476876e-05,0.00653165896855941
s11-136-31,u031,2025-07-15,variable,hazard_cal,30,0.0005076912681387657,0,2.5775042374434814e-07,0.0005078201869864666
s11-136-31,u031,2025-07-15,variable,hazard_cal,60,0.0012610807135161606,0,1.5903245660024287e-06,0.0012618765449412962
s11-136-31,u031,2025-07-15,variable,hazard_cal,120,0.004166405090680891,0,1.7358931379651648e-05,0.004175108740069168
s11-137-15,u015,2025-07-16,regular,empirical,30,0.0063657407407407,0,4.052265517832595e-05,0.006386088466525358
s11-137-15,u015,2025-07-16,regular,empirical,60,0.01388888888888884,0,0.00019290123456789987,0.01398624197473984
s11-137-15,u015,2025-07-16,regular,empirical,120,0.03414351851851849,0,0.001165779856824415,0.034740025702165826
s11-137-15,u015,2025-07-16,regular,hazard,30,0.009735903433229054,0,9.478781566116128e-05,0.009783607219886803
s11-137-15,u015,2025-07-16,regular,hazard,60,0.023658782079637786,0,0.0005597379694917901,0.02394314514290361
s11-137-15,u015,2025-07-16,regular,hazard,120,0.07338346943005514,0,0.005385133585591837,0.07621546613072039
s11-137-15,u015,2025-07-16,regular,hazard_cal,30,0.006976772955999522,0,4.8675360879566306e-05,0.007001224431067801
s11-137-15,u015,2025-07-16,regular,hazard_cal,60,0.017238681294571956,0,0.00029717213277582506,0.017388997366254728
s11-137-15,u015,2025-07-16,regular,hazard_cal,120,0.055804262149409256,0,0.0031141156740399907,0.05742178491255715
s11-137-5,u005,2025-07-16,regular,empirical,30,0.0063657407407407,0,4.052265517832595e-05,0.006386088466525358
s11-137-5,u005,2025-07-16,regular,empirical,60,0.01388888888888884,0,0.00019290123456789987,0.01398624197473984
s11-137-5,u005,2025-07-16,regular,empirical,120,0.03414351851851849,0,0.001165779856824415,0.034740025702165826
s11-137-5,u005,2025-07-16,regular,hazard,30,0.0010073485277494187,0,1.0147510563589214e-06,0.0010078562442712299
s11-137-5,u005,2025-07-16,regular,hazard,60,0.002464903924795925,0,6.075751358474354e-06,0.002467946801769876
s11-137-5,u005,2025-07-16,regular,hazard,120,0.007843186519928436,0,6.151557478638713e-05,0.007874106085380469
s11-137-5,u005,2025-07-16,regular,hazard_cal,30,0.000619682732453164,0,3.840066889006196e-07,0.0006198748151552693
s11-137-5,u005,2025-07-16,regular,hazard_cal,60,0.001539121483203898,0,2.368894940059767e-06,0.0015403071474176045
s11-137-5,u005,2025-07-16,regular,hazard_cal,120,0.00508320218358238,0,2.583894443917668e-05,0.005096165604922645
s11-137-52,u052,2025-07-16,regular,empirical,30,0.0063657407407407,0,4.052265517832595e-05,0.006386088466525358
s11-137-52,u052,2025-07-16,regular,empirical,60,0.01388888888888884,0,0.00019290123456789987,0.01398624197473984
s11-137-52,u052,2025-07-16,regular,empirical,120,0.03414351851851849,0,0.001165779856824415,0.034740025702165826
s11-137-52,u052,2025-07-16,regular,hazard,30,0.001560260282652326,0,2.4344121496223162e-06,0.001561478756316109
s11-137-52,u052,2025-07-16,regular,hazard,60,0.003816165195293153,0,1.456311679776683e-05,0.0038234653319620016
s11-137-52,u052,2025-07-16,regular,hazard,120,0.01212308212558566,0,0.00014696912022369452,0.012197166044822384
s11-137-52,u052,2025-07-16,regular,hazard_cal,30,0.0009882277502263337,0,9.76594086317401e-07,0.0009887163692072407
s11-137-52,u052,2025-07-16,regular,hazard_cal,60,0.0024537479515632787,0,6.020879009800986e-06,0.002456763324721931
s11-137-52,u052,2025-07-16,regular,hazard_cal,120,0.008094451744122488,0,6.55201490379276e-05,0.008127389682089077
s11-137-58,u058,2025-07-16,new,empirical,30,0.0063657407407407,0,4.052265517832595e-05,0.006386088466525358
s11-137-58,u058,2025-07-16,new,empirical,60,0.01388888888888884,0,0.00019290123456789987,0.01398624197473984
s11-137-58,u058,2025-07-16,new,empirical,120,0.03414351851851849,0,0.001165779856824415,0.034740025702165826
s11-137-58,u058,2025-07-16,new,hazard,30,0.001307912848090953,0,1.7106360182013882e-06,0.0013087689126199977
s11-137-58,u058,2025-07-16,new,hazard,60,0.003199600053483298,0,1.0237440502250323e-05,0.0032047297185746927
s11-137-58,u058,2025-07-16,new,hazard,120,0.01017194546717537,0,0.00010346847458718954,0.010224033228093149
s11-137-58,u058,2025-07-16,new,hazard_cal,30,0.0008187031743123185,0,6.702748876290666e-07,0.0008190384947872498
s11-137-58,u058,2025-07-16,new,hazard_cal,60,0.0020331033430180945,0,4.133509203391351e-06,0.0020351729031820175
s11-137-58,u058,2025-07-16,new,hazard_cal,120,0.0067104263349737625,0,4.50298215971094e-05,0.006733042478530392
s11-137-30,u030,2025-07-16,variable,empirical,30,0.0063657407407407,0,4.052265517832595e-05,0.006386088466525358
s11-137-30,u030,2025-07-16,variable,empirical,60,0.01388888888888884,0,0.00019290123456789987,0.01398624197473984
s11-137-30,u030,2025-07-16,variable,empirical,120,0.03414351851851849,0,0.001165779856824415,0.034740025702165826
s11-137-30,u030,2025-07-16,variable,hazard,30,0.003314629317884288,0,1.0986767514978059e-05,0.003320134870919856
s11-137-30,u030,2025-07-16,variable,hazard,60,0.008095835256976547,0,6.554254850810451e-05,0.00812878448608161
s11-137-30,u030,2025-07-16,variable,hazard,120,0.025586403185758444,0,0.0006546640279841898,0.025919428086256927
s11-137-30,u030,2025-07-16,variable,hazard_cal,30,0.0022080246668992887,0,4.875372929635715e-06,0.0022104659476315006
s11-137-30,u030,2025-07-16,variable,hazard_cal,60,0.005477022216110017,0,2.999777235576268e-05,0.005492076094399932
s11-137-30,u030,2025-07-16,variable,hazard_cal,120,0.017998080953630757,0,0.00032393091801344624,0.018162016407208718
s11-137-16,u016,2025-07-16,variable,empirical,30,0.0063657407407407,0,4.052265517832595e-05,0.006386088466525358
s11-137-16,u016,2025-07-16,variable,empirical,60,0.01388888888888884,0,0.00019290123456789987,0.01398624197473984
s11-137-16,u016,2025-07-16,variable,empirical,120,0.03414351851851849,0,0.001165779856824415,0.034740025702165826
s11-137-16,u016,2025-07-16,variable,hazard,30,0.012634753843970503,0,0.0001596370046977274,0.012715251107147801
s11-137-16,u016,2025-07-16,variable,hazard,60,0.03063260639740295,0,0.0009383565746982122,0.031111591784791604
s11-137-16,u016,2025-07-16,variable,hazard,120,0.09421941713309545,0,0.00887729856490024,0.0989581845361282
s11-137-16,u016,2025-07-16,variable,hazard_cal,30,0.009217898043029082,0,8.49696443316794e-05,0.009260645764074513
s11-137-16,u016,2025-07-16,variable,hazard_cal,60,0.02273453338088882,0,0.0005168590080467481,0.02299694775832343
s11-137-16,u016,2025-07-16,variable,hazard_cal,120,0.07308094595717562,0,0.005340824661995624,0.0758890375710777
s11-137-19,u019,2025-07-16,variable,empirical,30,0.0063657407407407,0,4.052265517832595e-05,0.006386088466525358
s11-137-19,u019,2025-07-16,variable,empirical,60,0.01388888888888884,0,0.00019290123456789987,0.01398624197473984
s11-137-19,u019,2025-07-16,variable,empirical,120,0.03414351851851849,0,0.001165779856824415,0.034740025702165826
s11-137-19,u019,2025-07-16,variable,hazard,30,0.005118873161989668,0,2.62028624485381e-05,0.005132019475277147
s11-137-19,u019,2025-07-16,variable,hazard,60,0.01248476152060951,0,0.0001558692702264919,0.012563350954387834
s11-137-19,u019,2025-07-16,variable,hazard,120,0.03924931760466244,0,0.0015405089324316648,0.04004033926386058
s11-137-19,u019,2025-07-16,variable,hazard_cal,30,0.0035112401676806737,0,1.2328807515134205e-05,0.003517419039346558
s11-137-19,u019,2025-07-16,variable,hazard_cal,60,0.008700397929740533,0,7.569692413583336e-05,0.008738467365478743
s11-137-19,u019,2025-07-16,variable,hazard_cal,120,0.028473065787347762,0,0.0008107154753306336,0.028886286192133497
s11-137-2,u002,2025-07-16,variable,empirical,30,0.0063657407407407,0,4.052265517832595e-05,0.006386088466525358
s11-137-2,u002,2025-07-16,variable,empirical,60,0.01388888888888884,0,0.00019290123456789987,0.01398624197473984
s11-137-2,u002,2025-07-16,variable,empirical,120,0.03414351851851849,0,0.001165779856824415,0.034740025702165826
s11-137-2,u002,2025-07-16,variable,hazard,30,0.005861338642427993,0,3.435529068121963e-05,0.005878583706894786
s11-137-2,u002,2025-07-16,variable,hazard,60,0.014287201006139782,0,0.0002041241125898416,0.014390245720335372
s11-137-2,u002,2025-07-16,variable,hazard,120,0.044818377778216734,0,0.0020086869866709515,0.045853776246448735
s11-137-2,u002,2025-07-16,variable,hazard_cal,30,0.004057547838796305,0,1.6463694464120563e-05,0.00406580202142168
s11-137-2,u002,2025-07-16,variable,hazard_cal,60,0.010049594158084485,0,0.00010099434274220581,0.010100432217479577
s11-137-2,u002,2025-07-16,variable,hazard_cal,120,0.032831889201607845,0,0.0010779329485466537,0.033382950863649945
s11-137-26,u026,2025-07-16,regular,empirical,30,0.0063657407407407,0,4.052265517832595e-05,0.006386088466525358
s11-137-26,u026,2025-07-16,regular,empirical,60,0.01388888888888884,0,0.00019290123456789987,0.01398624197473984
s11-137-26,u026,2025-07-16,regular,empirical,120,0.03414351851851849,0,0.001165779856824415,0.034740025702165826
s11-137-26,u026,2025-07-16,regular,hazard,30,0.0017840663963362147,0,3.1828929065360875e-06,0.0017856597381565639
s11-137-26,u026,2025-07-16,regular,hazard,60,0.004362788506503179,0,1.903392355247624e-05,0.0043723332394968875
s11-137-26,u026,2025-07-16,regular,hazard,120,0.013850459043271979,0,0.00019183521570935455,0.013947271623045775
s11-137-26,u026,2025-07-16,regular,hazard_cal,30,0.0011401420060046519,0,1.2999237938563116e-06,0.0011407924623569902
s11-137-26,u026,2025-07-16,regular,hazard_cal,60,0.0028305968258797165,0,8.012278390680326e-06,0.002834610541003897
s11-137-26,u026,2025-07-16,regular,hazard_cal,120,0.009333114882990379,0,8.710703341909652e-05,0.009376941304199716
s11-137-53,u053,2025-07-16,regular,empirical,30,0.0063657407407407,0,4.052265517832595e-05,0.006386088466525358
s11-137-53,u053,2025-07-16,regular,empirical,60,0.01388888888888884,0,0.00019290123456789987,0.01398624197473984
s11-137-53,u053,2025-07-16,regular,empirical,120,0.03414351851851849,0,0.001165779856824415,0.034740025702165826
s11-137-53,u053,2025-07-16,regular,hazard,30,0.0006235554458409176,0,3.8882139403786553e-07,0.0006237499373929835
s11-137-53,u053,2025-07-16,regular,hazard,60,0.0015262556219770573,0,2.329456223616574e-06,0.0015274215365623349
s11-137-53,u053,2025-07-16,regular,hazard,120,0.004861952263036651,0,2.363857980804721e-05,0.004873810003064051
s11-137-53,u053,2025-07-16,regular,hazard_cal,30,0.0003715365551002492,0,1.380394117757605e-07,0.0003716055919064647
s11-137-53,u053,2025-07-16,regular,hazard_cal,60,0.0009229814767361955,0,8.518948063981281e-07,0.0009234076864153353
s11-137-53,u053,2025-07-16,regular,hazard_cal,120,0.003050696567484912,0,9.306749546864223e-06,0.003055359427988189
s11-137-10,u010,2025-07-16,variable,empirical,30,0.0063657407407407,0,4.052265517832595e-05,0.006386088466525358
s11-137-10,u010,2025-07-16,variable,empirical,60,0.01388888888888884,0,0.00019290123456789987,0.01398624197473984
s11-137-10,u010,2025-07-16,variable,empirical,120,0.03414351851851849,0,0.001165779856824415,0.034740025702165826
s11-137-10,u010,2025-07-16,variable,hazard,30,0.0005203923692387313,0,2.708082179619001e-07,0.0005205278203415642
s11-137-10,u010,2025-07-16,variable,hazard,60,0.0012738508717619057,0,1.6226960434885672e-06,0.0012746629094668638
s11-137-10,u010,2025-07-16,variable,hazard,120,0.0040591396728958395,0,1.6476614884076943e-05,0.00406740034205578
s11-137-10,u010,2025-07-16,variable,hazard_cal,30,0.0003063622855101755,0,9.38578499830183e-08,0.00030640922402220503
s11-137-10,u010,2025-07-16,variable,hazard_cal,60,0.0007611142088782552,0,5.792948389563723e-07,0.0007614040033515245
s11-137-10,u010,2025-07-16,variable,hazard_cal,120,0.0025162024809550765,0,6.331274925164482e-06,0.0025193734387156923
s11-137-17,u017,2025-07-16,variable,empirical,30,0.0063657407407407,0,4.052265517832595e-05,0.006386088466525358
s11-137-17,u017,2025-07-16,variable,empirical,60,0.01388888888888884,0,0.00019290123456789987,0.01398624197473984
s11-137-17,u017,2025-07-16,variable,empirical,120,0.03414351851851849,0,0.001165779856824415,0.034740025702165826
s11-137-17,u017,2025-07-16,variable,hazard,30,0.0008932842004819586,0,7.979566628306919e-07,0.0008936834165733646
s11-137-17,u017,2025-07-16,variable,hazard,60,0.002185994741770836,0,4.778573011049744e-06,0.0021883875159735442
s11-137-17,u017,2025-07-16,variable,hazard,120,0.006958049546403333,0,4.841445349020363e-05,0.006982369652474548
s11-137-17,u017,2025-07-16,variable,hazard_cal,30,0.0005451345641441785,0,2.9717169302466344e-07,0.0005452832040122986
s11-137-17,u017,2025-07-16,variable,hazard_cal,60,0.0013540466938266604,0,1.8334424490629098e-06,0.0013549642434147098
s11-137-17,u017,2025-07-16,variable,hazard_cal,120,0.0044730187312935765,0,2.0007896570503196e-05,0.004483052611915984
s11-137-33,u033,2025-07-16,regular,empirical,30,0.0063657407407407,0,4.052265517832595e-05,0.006386088466525358
s11-137-33,u033,2025-07-16,regular,empirical,60,0.01388888888888884,0,0.00019290123456789987,0.01398624197473984
s11-137-33,u033,2025-07-16,regular,empirical,120,0.03414351851851849,0,0.001165779856824415,0.034740025702165826
s11-137-33,u033,2025-07-16,regular,hazard,30,0.0008870301172478889,0,7.868224289048036e-07,0.0008874237612622874
s11-137-33,u033,2025-07-16,regular,hazard,60,0.0021707008498778047,0,4.711942179660224e-06,0.0021730602359335224
s11-137-33,u033,2025-07-16,regular,hazard,120,0.006909496135176552,0,4.7741136842019706e-05,0.006933477232302988
s11-137-33,u033,2025-07-16,regular,hazard_cal,30,0.0005410648032566634,0,2.927511213231719e-07,0.0005412112316378694
s11-137-33,u033,2025-07-16,regular,hazard_cal,60,0.0013439423748768942,0,1.8061811069897464e-06,0.0013448462753812816
s11-137-33,u033,2025-07-16,regular,hazard_cal,120,0.004439696928213666,0,1.971090881438986e-05,0.004449581650250878
s11-137-57,u057,2025-07-16,new,empirical,30,0.0063657407407407,0,4.052265517832595e-05,0.006386088466525358
s11-137-57,u057,2025-07-16,new,empirical,60,0.01388888888888884,0,0.00019290123456789987,0.01398624197473984
s11-137-57,u057,2025-07-16,new,empirical,120,0.03414351851851849,0,0.001165779856824415,0.034740025702165826
s11-137-57,u057,2025-07-16,new,hazard,30,0.003964071988713402,0,1.5713866731702228e-05,0.003971949747640052
s11-137-57,u057,2025-07-16,new,hazard,60,0.009677090272952382,0,9.364607615086962e-05,0.009724217594379754
s11-137-57,u057,2025-07-16,new,hazard,120,0.030525676196617058,0,0.0009318169072607132,0.031001288607451917
s11-137-57,u057,2025-07-16,new,hazard_cal,30,0.0026726198865762996,0,7.142897058123112e-06,0.0026761977113041804
s11-137-57,u057,2025-07-16,new,hazard_cal,60,0.006626940748707955,0,4.391634368688595e-05,0.006648996415618946
s11-137-57,u057,2025-07-16,new,hazard_cal,120,0.0217449002262603,0,0.0004728406858500152,0.021984804745234652
s11-137-0,u000,2025-07-16,variable,empirical,30,0.0063657407407407,0,4.052265517832595e-05,0.006386088466525358
s11-137-0,u000,2025-07-16,variable,empirical,60,0.01388888888888884,0,0.00019290123456789987,0.01398624197473984
s11-137-0,u000,2025-07-16,variable,empirical,120,0.03414351851851849,0,0.001165779856824415,0.034740025702165826
s11-137-0,u000,2025-07-16,variable,hazard,30,0.0004474593104060176,0,2.002198344690288e-07,0.00044755945019668737
s11-137-0,u000,2025-07-16,variable,hazard,60,0.0010953837472126304,0,1.1998655536575839e-06,0.001095984118454103
s11-137-0,u000,2025-07-16,variable,hazard,120,0.0034912023961443106,0,1.2188494170843776e-05,0.0034973108646402977
s11-137-0,u000,2025-07-16,variable,hazard_cal,30,0.0002607952379505285,0,6.801415613767278e-08,0.0002608292509423434
s11-137-0,u000,2025-07-16,variable,hazard_cal,60,0.0006479333463472736,0,4.19817621308776e-07,0.0006481433458732913
s11-137-0,u000,2025-07-16,variable,hazard_cal,120,0.002142342130207142,0,4.589629802860476e-06,0.002144640227902886
s11-137-31,u031,2025-07-16,variable,empirical,30,0.0063657407407407,0,4.052265517832595e-05,0.006386088466525358
s11-137-31,u031,2025-07-16,variable,empirical,60,0.01388888888888884,0,0.00019290123456789987,0.01398624197473984
s11-137-31,u031,2025-07-16,variable,empirical,120,0.03414351851851849,0,0.001165779856824415,0.034740025702165826
s11-137-31,u031,2025-07-16,variable,hazard,30,0.0012409336845204955,0,1.5399164093776126e-06,0.001241704280296657
s11-137-31,u031,2025-07-16,variable,hazard,60,0.003035907216950351,0,9.216732629931225e-06,0.0030405249316024356
s11-137-31,u031,2025-07-16,variable,hazard,120,0.009653447263925696,0,9.318904407739452e-05,0.009700343839090563
s11-137-31,u031,2025-07-16,variable,hazard_cal,30,0.0007740586177247266,0,5.991667436739144e-07,0.0007743583557830965
s11-137-31,u031,2025-07-16,variable,hazard_cal,60,0.001922306572633592,0,3.695262559190307e-06,0.0019241565751413551
s11-137-31,u031,2025-07-16,variable,hazard_cal,120,0.0063456297181611054,0,4.026701652000939e-05,0.006365848807040239
s11-137-4,u004,2025-07-16,regular,empirical,30,0.0063657407407407,0,4.052265517832595e-05,0.006386088466525358
s11-137-4,u004,2025-07-16,regular,empirical,60,0.01388888888888884,0,0.00019290123456789987,0.01398624197473984
s11-137-4,u004,2025-07-16,regular,empirical,120,0.03414351851851849,0,0.001165779856824415,0.034740025702165826
s11-137-4,u004,2025-07-16,regular,hazard,30,0.007446423153462667,0,5.544921778042489e-05,0.007474286168394099
s11-137-4,u004,2025-07-16,regular,hazard,60,0.018128103062769907,0,0.00032862812065440766,0.018294430321250343
s11-137-4,u004,2025-07-16,regular,hazard,120,0.056604630593767635,0,0.003204084204656895,0.05826981655378209
s11-137-4,u004,2025-07-16,regular,hazard_cal,30,0.005239309944435,0,2.7450368693855482e-05,0.005253083258285556
s11-137-4,u004,2025-07-16,regular,hazard_cal,60,0.012964025463176876,0,0.0001680659562098984,0.013048791847305398
s11-137-4,u004,2025-07-16,regular,hazard_cal,120,0.04219607323335317,0,0.001780508596314504,0.04311219130478549
s11-137-11,u011,2025-07-16,regular,empirical,30,0.0063657407407407,0,4.052265517832595e-05,0.006386088466525358
s11-137-11,u011,2025-07-16,regular,empirical,60,0.01388888888888884,0,0.00019290123456789987,0.01398624197473984
s11-137-11,u011,2025-07-16,regular,empirical,120,0.03414351851851849,0,0.001165779856824415,0.034740025702165826
s11-137-11,u011,2025-07-16,regular,hazard,30,0.0025480988863526566,0,6.492807934631649e-06,0.0025513508156528634
s11-137-11,u011,2025-07-16,regular,hazard,60,0.006227398395142081,0,3.878049077181816e-05,0.006246869518914487
s11-137-11,u011,2025-07-16,regular,hazard,120,0.019725656602405106,0,0.00038910152839600814,0.01992280425159396
s11-137-11,u011,2025-07-16,regular,hazard_cal,30,0.0016677146946811883,0,2.781272302855569e-06,0.0016691068788919651
s11-137-11,u011,2025-07-16,regular,hazard_cal,60,0.004138603757321446,0,1.7128041060115194e-05,0.004147191480162649
s11-137-11,u011,2025-07-16,regular,hazard_cal,120,0.013623146062267333,0,0.00018559010863386993,0.013716792596149855
s11-137-34,u034,2025-07-16,regular,empirical,30,0.0063657407407407,0,4.052265517832595e-05,0.006386088466525358
s11-137-34,u034,2025-07-16,regular,empirical,60,0.01388888888888884,0,0.00019290123456789987,0.01398624197473984
s11-137-34,u034,2025-07-16,regular,empirical,120,0.03414351851851849,0,0.001165779856824415,0.034740025702165826
s11-137-34,u034,2025-07-16,regular,hazard,30,0.007413773834303861,0,5.4964042466208566e-05,0.007441392445632399
s11-137-34,u034,2025-07-16,regular,hazard,60,0.01804908643895331,0,0.0003257695212808083,0.018213958067402565
s11-137-34,u034,2025-07-16,regular,hazard,120,0.056363267680195506,0,0.0031768179435893713,0.05801400435570916
s11-137-34,u034,2025-07-16,regular,hazard_cal,30,0.00521477762083844,0,2.7193905634797422e-05,0.005228422029364448
s11-137-34,u034,2025-07-16,regular,hazard_cal,60,0.012903581773380246,0,0.0001665024225823109,0.01298755614696728
s11-137-34,u034,2025-07-16,regular,hazard_cal,120,0.04200257707534405,0,0.0017642164809702175,0.042910191072665124
s11-137-43,u043,2025-07-16,regular,empirical,30,0.0063657407407407,0,4.052265517832595e-05,0.006386088466525358
s11-137-43,u043,2025-07-16,regular,empirical,60,0.01388888888888884,0,0.00019290123456789987,0.01398624197473984
s11-137-43,u043,2025-07-16,regular,empirical,120,0.03414351851851849,0,0.001165779856824415,0.034740025702165826
s11-137-43,u043,2025-07-16,regular,hazard,30,0.015369635897296674,0,0.00023622570761547054,0.015488973109881942
s11-137-43,u043,2025-07-16,regular,hazard,60,0.03718242492691981,0,0.0013825327234460276,0.03789131911323539
s11-137-43,u043,2025-07-16,regular,hazard,120,0.11346609210969716,0,0.01287455405864628,0.12043590502811698
s11-137-43,u043,2025-07-16,regular,hazard_cal,30,0.01136649894339914,0,0.00012919729823029376,0.011431591310793113
s11-137-43,u043,2025-07-16,regular,hazard_cal,60,0.027984532978375,0,0.0007831340860177579,0.02838356207461336
s11-137-43,u043,2025-07-16,regular,hazard_cal,120,0.089356792845806,0,0.007984636427688286,0.09360410810302788
s11-137-49,u049,2025-07-16,variable,empirical,30,0.0063657407407407,0,4.052265517832595e-05,0.006386088466525358
s11-137-49,u049,2025-07-16,variable,empirical,60,0.01388888888888884,0,0.00019290123456789987,0.01398624197473984
s11-137-49,u049,2025-07-16,variable,empirical,120,0.03414351851851849,0,0.001165779856824415,0.034740025702165826
s11-137-49,u049,2025-07-16,variable,hazard,30,0.0029574117160536817,0,8.746284058251583e-06,0.0029617934993735194
s11-137-49,u049,2025-07-16,variable,hazard,60,0.007225391235605505,0,5.2206278507564844e-05,0.007251620797124641
s11-137-49,u049,2025-07-16,variable,hazard,120,0.022859367835073696,0,0.0005225506978192019,0.023124694447644863
s11-137-49,u049,2025-07-16,variable,hazard_cal,30,0.001955039011377835,0,3.822177536009222e-06,0.0019569525946392186
s11-137-49,u049,2025-07-16,variable,hazard_cal,60,0.004850490761427517,0,2.3527260626693696e-05,0.0048622925702497925
s11-137-49,u049,2025-07-16,variable,hazard_cal,120,0.015951982156092392,0,0.0002544657347082901,0.01608058449864032
s11-137-55,u055,2025-07-16,new,empirical,30,0.0063657407407407,0,4.052265517832595e-05,0.006386088466525358
s11-137-55,u055,2025-07-16,new,empirical,60,0.01388888888888884,0,0.00019290123456789987,0.01398624197473984
s11-137-55,u055,2025-07-16,new,empirical,120,0.03414351851851849,0,0.001165779856824415,0.034740025702165826
s11-137-55,u055,2025-07-16,new,hazard,30,0.0010225734466550174,0,1.0456564538039216e-06,0.0010230966315756672
s11-137-55,u055,2025-07-16,new,hazard,60,0.00250212796260163,0,6.2606443412329845e-06,0.0025052635162352422
s11-137-55,u055,2025-07-16,new,hazard,120,0.007961274467327861,0,6.338189114412652e-05,0.007993134623865744
s11-137-55,u055,2025-07-16,new,hazard_cal,30,0.0006296774131056004,0,3.96493644575361e-07,0.0006298757431882406
s11-137-55,u055,2025-07-16,new,hazard_cal,60,0.0015639327673010461,0,2.445885700637908e-06,0.0015651569867157586
s11-137-55,u055,2025-07-16,new,hazard_cal,120,0.00516498196502313,0,2.6677038699014193e-05,0.0051783665918349805
s11-137-1,u001,2025-07-16,regular,empirical,30,0.0063657407407407,0,4.052265517832595e-05,0.006386088466525358
s11-137-1,u001,2025-07-16,regular,empirical,60,0.01388888888888884,0,0.00019290123456789987,0.01398624197473984
s11-137-1,u001,2025-07-16,regular,empirical,120,0.03414351851851849,0,0.001165779856824415,0.034740025702165826
s11-137-1,u001,2025-07-16,regular,hazard,30,0.0015247397357402992,0,2.3248312617453974e-06,0.0015259033343115668
s11-137-1,u001,2025-07-16,regular,hazard,60,0.0037293920983694218,0,1.3908365423380279e-05,0.0037363636195025408
s11-137-1,u001,2025-07-16,regular,hazard,120,0.011848661912192249,0,0.00014039078910943527,0.011919416762311286
s11-137-1,u001,2025-07-16,regular,hazard_cal,30,0.0009642465196534333,0,9.29771350663759e-07,0.0009647117043879804
s11-137-1,u001,2025-07-16,regular,hazard_cal,60,0.0023942499303092335,0,5.732432728785769e-06,0.0023971207298634765
s11-137-1,u001,2025-07-16,regular,hazard_cal,120,0.00789877880877643,0,6.239070666997559e-05,0.007930139411582169
s11-137-28,u028,2025-07-16,variable,empirical,30,0.0063657407407407,0,4.052265517832595e-05,0.006386088466525358
s11-137-28,u028,2025-07-16,variable,empirical,60,0.01388888888888884,0,0.00019290123456789987,0.01398624197473984
s11-137-28,u028,2025-07-16,variable,empirical,120,0.03414351851851849,0,0.001165779856824415,0.034740025702165826
s11-137-28,u028,2025-07-16,variable,hazard,30,0.013619557137307337,0,0.0001854923366163792,0.01371315411009197
s11-137-28,u028,2025-07-16,variable,hazard,60,0.03299443066932117,0,0.0010886324551926416,0.033551024154860394
s11-137-28,u028,2025-07-16,variable,hazard,120,0.10119545803684027,0,0.0102405207272859,0.10668968532018004
s11-137-28,u028,2025-07-16,variable,hazard_cal,30,0.009988090800765459,0,9.976195784433558e-05,0.010038306431678922
s11-137-28,u028,2025-07-16,variable,hazard_cal,60,0.024618593028373215,0,0.0006060751226966663,0.024926697840268464
s11-137-28,u028,2025-07-16,variable,hazard_cal,120,0.07894733849305235,0,0.006232682255136586,0.08223806574371517
s11-137-36,u036,2025-07-16,variable,empirical,30,0.0063657407407407,0,4.052265517832595e-05,0.006386088466525358
s11-137-36,u036,2025-07-16,variable,empirical,60,0.01388888888888884,0,0.00019290123456789987,0.01398624197473984
s11-137-36,u036,2025-07-16,variable,empirical,120,0.03414351851851849,0,0.001165779856824415,0.034740025702165826
s11-137-36,u036,2025-07-16,variable,hazard,30,0.005418865097653103,0,2.936409894656297e-05,0.005433600403657986
s11-137-36,u036,2025-07-16,variable,hazard,60,0.01321329027353113,0,0.0001745910398525924,0.013301362469445533
s11-137-36,u036,2025-07-16,variable,hazard,120,0.0415032147082125,0,0.0017225168311159863,0.04238907039691091
s11-137-36,u036,2025-07-16,variable,hazard_cal,30,0.003731360264998429,0,1.3923049427209147e-05,0.0037383391556244437
s11-137-36,u036,2025-07-16,variable,hazard_cal,60,0.00924416559758523,0,8.545459759557829e-05,0.009287158054428082
s11-137-36,u036,2025-07-16,variable,hazard_cal,120,0.030231622552947313,0,0.0009139510021838726,0.030698022135716506
s11-137-41,u041,2025-07-16,regular,empirical,30,0.0063657407407407,0,4.052265517832595e-05,0.006386088466525358
s11-137-41,u041,2025-07-16,regular,empirical,60,0.01388888888888884,0,0.00019290123456789987,0.01398624197473984
s11-137-41,u041,2025-07-16,regular,empirical,120,0.03414351851851849,0,0.001165779856824415,0.034740025702165826
s11-137-41,u041,2025-07-16,regular,hazard,30,0.004853134463023601,0,2.355291411618737e-05,0.004864949161127001
s11-137-41,u041,2025-07-16,regular,hazard,60,0.011839126433741853,0,0.0001401649147141251,0.011909766993014471
s11-137-41,u041,2025-07-16,regular,hazard,120,0.03724853939097894,0,0.0013874536867613098,0.037959989166461185
s11-137-41,u041,2025-07-16,regular,hazard_cal,30,0.003316990408406495,0,1.1002425369460686e-05,0.003322503816414902
s11-137-41,u041,2025-07-16,regular,hazard_cal,60,0.008220375697533089,0,6.757457660859262e-05,0.008254349297779849
s11-137-41,u041,2025-07-16,regular,hazard_cal,120,0.02691862237734355,0,0.0007246122306940209,0.027287564504451262
s11-137-56,u056,2025-07-16,new,empirical,30,0.0063657407407407,0,4.052265517832595e-05,0.006386088466525358
s11-137-56,u056,2025-07-16,new,empirical,60,0.01388888888888884,0,0.00019290123456789987,0.01398624197473984
s11-137-56,u056,2025-07-16,new,empirical,120,0.03414351851851849,0,0.001165779856824415,0.034740025702165826
s11-137-56,u056,2025-07-16,new,hazard,30,0.005543950655217178,0,3.0735388867482977e-05,0.0055593753853623315
s11-137-56,u056,2025-07-16,new,hazard,60,0.013516957264108398,0,0.0001827081336797328,0.013609142987132486
s11-137-56,u056,2025-07-16,new,hazard,120,0.042441512213212684,0,0.0018012819589442815,0.043368475942447804
s11-137-56,u056,2025-07-16,new,hazard_cal,30,0.003823392674728865,0,1.4618331545170344e-05,0.0038307205246298675
s11-137-56,u056,2025-07-16,new,hazard_cal,60,0.0094714573050253,0,8.97085034809171e-05,0.0095165968074557
s11-137-56,u056,2025-07-16,new,hazard_cal,120,0.030965961815413223,0,0.0009588907911536298,0.031455540582837296
s11-138-2,u002,2025-07-17,variable,empirical,30,0.0063657407407407,0,4.052265517832595e-05,0.006386088466525358
s11-138-2,u002,2025-07-17,variable,empirical,60,0.01388888888888884,0,0.00019290123456789987,0.01398624197473984
s11-138-2,u002,2025-07-17,variable,empirical,120,0.03414351851851849,0,0.001165779856824415,0.034740025702165826
s11-138-2,u002,2025-07-17,variable,hazard,30,0.00274488242762283,0,7.534379541472601e-06,0.0027486565252785224
s11-138-2,u002,2025-07-17,variable,hazard,60,0.006707279931279619,0,4.4987604076546334e-05,0.006729874823503897
s11-138-2,u002,2025-07-17,variable,hazard,120,0.0212334353620226,0,0.0004508587772731919,0.021462107541434076
s11-138-2,u002,2025-07-17,variable,hazard_cal,30,0.0018054888414342773,0,3.259789956543689e-06,0.0018071207009110804
s11-138-2,u002,2025-07-17,variable,hazard_cal,60,0.004480000571241871,0,2.007040511832749e-05,0.004490065846677404
s11-138-2,u002,2025-07-17,variable,hazard_cal,120,0.014740506311319401,0,0.0002172825263140471,0.0148502271364671
s11-138-3,u003,2025-07-17,regular,empirical,30,0.0063657407407407,0,4.052265517832595e-05,0.006386088466525358
s11-138-3,u003,2025-07-17,regular,empirical,60,0.01388888888888884,0,0.00019290123456789987,0.01398624197473984
s11-138-3,u003,2025-07-17,regular,empirical,120,0.03414351851851849,0,0.001165779856824415,0.034740025702165826
s11-138-3,u003,2025-07-17,regular,hazard,30,0.017426080726384074,0,0.0003036682894824545,0.01757970216690011
s11-138-3,u003,2025-07-17,regular,hazard,60,0.042088590641745416,0,0.0017714494622084198,0.04299997986116052
s11-138-3,u003,2025-07-17,regular,hazard,120,0.1276805118541976,0,0.01630231310734989,0.13659953668762512
s11-138-3,u003,2025-07-17,regular,hazard_cal,30,0.013000669832073486,0,0.00016901741608258563,0.01308591820346882
s11-138-3,u003,2025-07-17,regular,hazard_cal,60,0.03196514650876758,0,0.0010217705913269765,0.032487186680987955
s11-138-3,u003,2025-07-17,regular,hazard_cal,120,0.1015502800884619,0,0.01031245938604506,0.10708453435602143
s11-138-22,u022,2025-07-17,variable,empirical,30,0.0063657407407407,0,4.052265517832595e-05,0.006386088466525358
s11-138-22,u022,2025-07-17,variable,empirical,60,0.01388888888888884,0,0.00019290123456789987,0.01398624197473984
s11-138-22,u022,2025-07-17,variable,empirical,120,0.03414351851851849,0,0.001165779856824415,0.034740025702165826
s11-138-22,u022,2025-07-17,variable,hazard,30,0.007458466133416719,0,5.562871706332414e-05,0.0074864195718660105
s11-138-22,u022,2025-07-17,variable,hazard,60,0.018157247982040214,0,0.0003296856542813034,0.018324113777844157
s11-138-22,u022,2025-07-17,variable,hazard,120,0.05669364446599057,0,0.003214169322836143,0.05836417579574631
s11-138-22,u022,2025-07-17,variable,hazard_cal,30,0.005248360790262252,0,2.754529098476221e-05,0.005262181815448714
s11-138-22,u022,2025-07-17,variable,hazard_cal,60,0.012986324674739369,0,0.00016864462855774458,0.013071384198581872
s11-138-22,u022,2025-07-17,variable,hazard_cal,120,0.042267451278967694,0,0.0017865374376199077,0.04318671668872984
s11-138-48,u048,2025-07-17,variable,empirical,30,0.0063657407407407,0,4.052265517832595e-05,0.006386088466525358
s11-138-48,u048,2025-07-17,variable,empirical,60,0.01388888888888884,0,0.00019290123456789987,0.01398624197473984
s11-138-48,u048,2025-07-17,variable,empirical,120,0.03414351851851849,0,0.001165779856824415,0.034740025702165826
s11-138-48,u048,2025-07-17,variable,hazard,30,0.0011378769375420816,0,1.2947639249901464e-06,0.0011385248110180653
s11-138-48,u048,2025-07-17,variable,hazard,60,0.0027840091181750015,0,7.750706770081549e-06,0.002787891679291373
s11-138-48,u048,2025-07-17,variable,hazard,120,0.008855158128392548,0,7.841382547883662e-05,0.00889459804489256
s11-138-48,u048,2025-07-17,variable,hazard_cal,30,0.000705684534238249,0,4.979906618630544e-07,0.0007059336467726503
s11-138-48,u048,2025-07-17,variable,hazard_cal,60,0.001752603318229795,0,3.0716183910700884e-06,0.0017541409242302136
s11-138-48,u048,2025-07-17,variable,hazard_cal,120,0.005786684111923068,0,3.348571301118287e-05,0.005803491840470392
s11-138-12,u012,2025-07-17,variable,empirical,30,0.0063657407407407,0,4.052265517832595e-05,0.006386088466525358
s11-138-12,u012,2025-07-17,variable,empirical,60,0.01388888888888884,0,0.00019290123456789987,0.01398624197473984
s11-138-12,u012,2025-07-17,variable,empirical,120,0.03414351851851849,0,0.001165779856824415,0.034740025702165826
s11-138-12,u012,2025-07-17,variable,hazard,30,0.0037408103969421846,0,1.3993662425870745e-05,0.0037478247264703638
s11-138-12,u012,2025-07-17,variable,hazard,60,0.009133679556871055,0,8.342410224760423e-05,0.009175647350373328
s11-138-12,u012,2025-07-17,variable,hazard,120,0.02883038930931614,0,0.0008311913477267303,0.029254149641456388
s11-138-12,u012,2025-07-17,variable,hazard_cal,30,0.002512272229907908,0,6.311511757166453e-06,0.002515433281177249
s11-138-12,u012,2025-07-17,variable,hazard_cal,60,0.006230163318766357,0,3.881493497850183e-05,0.006249651772587181
s11-138-12,u012,2025-07-17,variable,hazard_cal,120,0.02045331390340621,0,0.00041833804963126983,0.02066537954136504
s11-138-51,u051,2025-07-17,variable,empirical,30,0.0063657407407407,0,4.052265517832595e-05,0.006386088466525358
s11-138-51,u051,2025-07-17,variable,empirical,60,0.01388888888888884,0,0.00019290123456789987,0.01398624197473984
s11-138-51,u051,2025-07-17,variable,empirical,120,0.03414351851851849,0,0.001165779856824415,0.034740025702165826
s11-138-51,u051,2025-07-17,variable,hazard,30,0.0012841047670550942,0,1.6489250527736179e-06,0.0012849299360594255
s11-138-51,u051,2025-07-17,variable,hazard,60,0.003141416600453084,0,9.868498257602211e-06,0.0031463612076781298
s11-138-51,u051,2025-07-17,variable,hazard,120,0.009987672433287464,0,9.975360063465034e-05,0.010037883843439621
s11-138-51,u051,2025-07-17,variable,hazard_cal,30,0.0008028160724360411,0,6.445136461616308e-07,0.0008031385018383428
s11-138-51,u051,2025-07-17,variable,hazard_cal,60,0.001993676402922362,0,3.974745599569448e-06,0.001995666421130277
s11-138-51,u051,2025-07-17,variable,hazard_cal,120,0.0065806255970993766,0,4.330463324919953e-05,0.006602373375554532
s11-138-7,u007,2025-07-17,regular,empirical,30,0.0063657407407407,0,4.052265517832595e-05,0.006386088466525358
s11-138-7,u007,2025-07-17,regular,empirical,60,0.01388888888888884,0,0.00019290123456789987,0.01398624197473984
s11-138-7,u007,2025-07-17,regular,empirical,120,0.03414351851851849,0,0.001165779856824415,0.034740025702165826
s11-138-7,u007,2025-07-17,regular,hazard,30,0.0016933443570394946,0,2.867415111517499e-06,0.0016947796851606253
s11-138-7,u007,2025-07-17,regular,hazard,60,0.004141232668109729,0,1.7149808011419225e-05,0.004149831319670591
s11-138-7,u007,2025-07-17,regular,hazard,120,0.013150598194052066,0,0.00017293823286140545,0.013237832947327624
s11-138-7,u007,2025-07-17,regular,hazard_cal,30,0.0010783979117363618,0,1.162942056037346e-06,0.001078979801140876
s11-138-7,u007,2025-07-17,regular,hazard_cal,60,0.00267744148614546,0,7.168692911732809e-06,0.002681032243395047
s11-138-7,u007,2025-07-17,regular,hazard_cal,120,0.008829853140292276,0,7.796630647912938e-05,0.008869067301044588
s11-138-24,u024,2025-07-17,regular,empirical,30,0.0063657407407407,0,4.052265517832595e-05,0.006386088466525358
s11-138-24,u024,2025-07-17,regular,empirical,60,0.01388888888888884,0,0.00019290123456789987,0.01398624197473984
s11-138-24,u024,2025-07-17,regular,empirical,120,0.03414351851851849,0,0.001165779856824415,0.034740025702165826
s11-138-24,u024,2025-07-17,regular,hazard,30,0.0010709946126360448,0,1.1470294602954317e-06,0.0010715685371828513
s11-138-24,u024,2025-07-17,regular,hazard,60,0.002620508917752118,0,6.867066988018376e-06,0.002623948461463475
s11-138-24,u024,2025-07-17,regular,hazard,120,0.00833675068298989,0,6.95014119503324e-05,0.008371695743334873
s11-138-24,u024,2025-07-17,regular,hazard_cal,30,0.0006615299321752754,0,4.3762185116382455e-07,0.0006617488396487455
s11-138-24,u024,2025-07-17,regular,hazard_cal,60,0.0016430023178565234,0,2.6994566164819083e-06,0.0016443535263934213
s11-138-24,u024,2025-07-17,regular,hazard_cal,120,0.005425566317572295,0,2.943676986637499e-05,0.005440338157129913
s11-138-19,u019,2025-07-17,variable,empirical,30,0.0063657407407407,0,4.052265517832595e-05,0.006386088466525358
s11-138-19,u019,2025-07-17,variable,empirical,60,0.01388888888888884,0,0.00019290123456789987,0.01398624197473984
s11-138-19,u019,2025-07-17,variable,empirical,120,0.03414351851851849,0,0.001165779856824415,0.034740025702165826
s11-138-19,u019,2025-07-17,variable,hazard,30,0.007185338137422614,0,5.162908414909988e-05,0.007211277007217198
s11-138-19,u019,2025-07-17,variable,hazard,60,0.01749612029095804,0,0.0003061142252356736,0.017650986433243032
s11-138-19,u019,2025-07-17,variable,hazard,120,0.054672885110056746,0,0.0029891243662574646,0.05622425806294241
s11-138-19,u019,2025-07-17,variable,hazard_cal,30,0.005043345299330149,0,2.5435331808275506e-05,0.005056105887349002
s11-138-19,u019,2025-07-17,variable,hazard_cal,60,0.01248113239486992,0,0.00015577866585827135,0.012559675953810969
s11-138-19,u019,2025-07-17,variable,hazard_cal,120,0.040649364993306625,0,0.0016523708743590622,0.04149864526477183
s11-138-50,u050,2025-07-17,variable,empirical,30,0.0063657407407407,0,4.052265517832595e-05,0.006386088466525358
s11-138-50,u050,2025-07-17,variable,empirical,60,0.01388888888888884,0,0.00019290123456789987,0.01398624197473984
s11-138-50,u050,2025-07-17,variable,empirical,120,0.03414351851851849,0,0.001165779856824415,0.034740025702165826
s11-138-50,u050,2025-07-17,variable,hazard,30,0.0009430464131707783,0,8.893365373942703e-07,0.0009434913611992318
s11-138-50,u050,2025-07-17,variable,hazard,60,0.002307679104784688,0,5.325382850659858e-06,0.0023103458997379674
s11-138-50,u050,2025-07-17,variable,hazard,120,0.007344296239829795,0,5.3938687258378066e-05,0.007371398362336944
s11-138-50,u050,2025-07-17,variable,hazard_cal,30,0.0005775835166769161,0,3.3360271873687344e-07,0.0005777503822919306
s11-138-50,u050,2025-07-17,variable,hazard_cal,60,0.0014346078872192747,0,2.058099790071751e-06,0.0014356379223632015
s11-138-50,u050,2025-07-17,variable,hazard_cal,120,0.004738660912035786,0,2.2454907239255826e-05,0.004749923960921298
s11-138-57,u057,2025-07-17,new,empirical,30,0.0063657407407407,0,4.052265517832595e-05,0.006386088466525358
s11-138-57,u057,2025-07-17,new,empirical,60,0.01388888888888884,0,0.00019290123456789987,0.01398624197473984
s11-138-57,u057,2025-07-17,new,empirical,120,0.03414351851851849,0,0.001165779856824415,0.034740025702165826
s11-138-57,u057,2025-07-17,new,hazard,30,0.0014772530755674529,0,2.1822766492734986e-06,0.0014783452896757119
s11-138-57,u057,2025-07-17,new,hazard,60,0.0036133793684736126,0,1.3056510460510763e-05,0.0036199233924873934
s11-138-57,u057,2025-07-17,new,hazard,120,0.01148168145006423,0,0.00013182900892074901,0.01154810487910201
s11-138-57,u057,2025-07-17,new,hazard_cal,30,0.0009322452046118812,0,8.690811215218483e-07,0.0009326800154271778
s11-138-57,u057,2025-07-17,new,hazard_cal,60,0.0023148502540329963,0,5.358531698596627e-06,0.0023175336618069006
s11-138-57,u057,2025-07-17,new,hazard_cal,120,0.0076376083340736756,0,5.833306106471166e-05,0.007666924228881383
s11-138-1,u001,2025-07-17,regular,empirical,30,0.0063657407407407,0,4.052265517832595e-05,0.006386088466525358
s11-138-1,u001,2025-07-17,regular,empirical,60,0.01388888888888884,0,0.00019290123456789987,0.01398624197473984
s11-138-1,u001,2025-07-17,regular,empirical,120,0.03414351851851849,0,0.001165779856824415,0.034740025702165826
s11-138-1,u001,2025-07-17,regular,hazard,30,0.002665594401276561,0,7.105393512116947e-06,0.0026691534240469703
s11-138-1,u001,2025-07-17,regular,hazard,60,0.006513944075221434,0,4.243146741511242e-05,0.006535252393463321
s11-138-1,u001,2025-07-17,regular,hazard,120,0.020626188198587414,0,0.0004254396396035467,0.02084187909386397
s11-138-1,u001,2025-07-17,regular,hazard_cal,30,0.001749893706831096,0,3.0621279852070738e-06,0.0017514265593039733
s11-138-1,u001,2025-07-17,regular,hazard_cal,60,0.004342248110239089,0,1.8855118650874937e-05,0.004351703049954379
s11-138-1,u001,2025-07-17,regular,hazard_cal,120,0.014289772723596106,0,0.00020419760449203126,0.014392854716397663
s11-138-13,u013,2025-07-17,variable,empirical,30,0.0063657407407407,0,4.052265517832595e-05,0.006386088466525358
s11-138-13,u013,2025-07-17,variable,empirical,60,0.01388888888888884,0,0.00019290123456789987,0.01398624197473984
s11-138-13,u013,2025-07-17,variable,empirical,120,0.03414351851851849,0,0.001165779856824415,0.034740025702165826
s11-138-13,u013,2025-07-17,variable,hazard,30,0.002765015548447436,0,7.645310983156075e-06,0.002768845265052021
s11-138-13,u013,2025-07-17,variable,hazard,60,0.006756368645024935,0,4.564851726747607e-05,0.006779296233507421
s11-138-13,u013,2025-07-17,variable,hazard,120,0.021387572546282874,0,0.0004574282594225129,0.021619600990788166
s11-138-13,u013,2025-07-17,variable,hazard_cal,30,0.0018196232059345396,0,3.311028611575492e-06,0.0018212807312598831
s11-138-13,u013,2025-07-17,variable,hazard_cal,60,0.0045150204090264046,0,2.038540929392496e-05,0.004525243898120939
s11-138-13,u013,2025-07-17,variable,hazard_cal,120,0.014855067800097266,0,0.00022067303934548662,0.0149665093447303
s11-138-21,u021,2025-07-17,variable,empirical,30,0.0063657407407407,0,4.052265517832595e-05,0.006386088466525358
s11-138-21,u021,2025-07-17,variable,empirical,60,0.01388888888888884,0,0.00019290123456789987,0.01398624197473984
s11-138-21,u021,2025-07-17,variable,empirical,120,0.03414351851851849,1,0.9328787428197874,3.3771825054582822
s11-138-21,u021,2025-07-17,variable,hazard,30,0.006008017899352458,0,3.6096279078939525e-05,0.0060261386552310356
s11-138-21,u021,2025-07-17,variable,hazard,60,0.014643033977615683,0,0.00021441844406960736,0.014751301408629122
s11-138-21,u021,2025-07-17,variable,hazard,120,0.04591492737617053,1,0.9102783258036179,3.080964999619513
s11-138-21,u021,2025-07-17,variable,hazard_cal,30,0.004166059933435995,0,1.7356055368980727e-05,0.004174762138802806
s11-138-21,u021,2025-07-17,variable,hazard_cal,60,0.010317439011391039,0,0.00010644954775377369,0.010371032737301984
s11-138-21,u021,2025-07-17,variable,hazard_cal,120,0.033695415435559095,1,0.9337445501502567,3.3903934913660283
s11-138-31,u031,2025-07-17,variable,empirical,30,0.0063657407407407,0,4.052265517832595e-05,0.006386088466525358
s11-138-31,u031,2025-07-17,variable,empirical,60,0.01388888888888884,0,0.00019290123456789987,0.01398624197473984
s11-138-31,u031,2025-07-17,variable,empirical,120,0.03414351851851849,0,0.001165779856824415,0.034740025702165826
s11-138-31,u031,2025-07-17,variable,hazard,30,0.00099215491010185,0,9.843713656392103e-07,0.0009926474215767368
s11-138-31,u031,2025-07-17,variable,hazard,60,0.002427755521636432,0,5.8939968728361845e-06,0.0024307072985023694
s11-138-31,u031,2025-07-17,variable,hazard,120,0.007725327942112781,0,5.9680691813188494e-05,0.007755322868309831
s11-138-31,u031,2025-07-17,variable,hazard_cal,30,0.0006097186656159881,0,3.717568512005411e-07,0.0006099046196318531
s11-138-31,u031,2025-07-17,variable,hazard_cal,60,0.0015143857933959115,0,2.2933643312393646e-06,0.0015155336345574603
s11-138-31,u031,2025-07-17,variable,hazard_cal,120,0.0050016664051535376,0,2.501666682844151e-05,0.005014216603995507
s11-138-34,u034,2025-07-17,regular,empirical,30,0.0063657407407407,0,4.052265517832595e-05,0.006386088466525358
s11-138-34,u034,2025-07-17,regular,empirical,60,0.01388888888888884,0,0.00019290123456789987,0.01398624197473984
s11-138-34,u034,2025-07-17,regular,empirical,120,0.03414351851851849,0,0.001165779856824415,0.034740025702165826
s11-138-34,u034,2025-07-17,regular,hazard,30,0.012801156738069253,0,0.00016386961383261584,0.01288379756799398
s11-138-34,u034,2025-07-17,regular,hazard,60,0.031031946510424735,0,0.0009629817042258619,0.031523636169854964
s11-138-34,u034,2025-07-17,regular,hazard,120,0.09540178212360462,0,0.009101500032359726,0.10026439200843636
s11-138-34,u034,2025-07-17,regular,hazard_cal,30,0.00934774633560187,0,8.738036155475819e-05,0.009391710709416037
s11-138-34,u034,2025-07-17,regular,hazard_cal,60,0.023052337730296357,0,0.000531410274831645,0.02332219821080595
s11-138-34,u034,2025-07-17,regular,hazard_cal,120,0.07407250093708995,0,0.005486735395075191,0.07695934214962874
s11-138-47,u047,2025-07-17,variable,empirical,30,0.0063657407407407,0,4.052265517832595e-05,0.006386088466525358
s11-138-47,u047,2025-07-17,variable,empirical,60,0.01388888888888884,0,0.00019290123456789987,0.01398624197473984
s11-138-47,u047,2025-07-17,variable,empirical,120,0.03414351851851849,0,0.001165779856824415,0.034740025702165826
s11-138-47,u047,2025-07-17,variable,hazard,30,0.0006137401382646512,0,3.7667695731711324e-07,0.0006139285538393879
s11-138-47,u047,2025-07-17,variable,hazard,60,0.0015022426979039993,0,2.2567331234058867e-06,0.0015033721957940641
s11-138-47,u047,2025-07-17,variable,hazard,120,0.004785596442205775,0,2.2901933307652574e-05,0.004797084073625109
s11-138-47,u047,2025-07-17,variable,hazard_cal,30,0.0003653026114225355,0,1.3344599791212397e-07,0.00036536935067533533
s11-138-47,u047,2025-07-17,variable,hazard_cal,60,0.0009074995556568322,0,8.235554435173478e-07,0.0009079115826736746
s11-138-47,u047,2025-07-17,variable,hazard_cal,120,0.002999584020332846,0,8.99750429503616e-06,0.0030040917890245254
s11-138-32,u032,2025-07-17,regular,empirical,30,0.0063657407407407,0,4.052265517832595e-05,0.006386088466525358
s11-138-32,u032,2025-07-17,regular,empirical,60,0.01388888888888884,0,0.00019290123456789987,0.01398624197473984
s11-138-32,u032,2025-07-17,regular,empirical,120,0.03414351851851849,0,0.001165779856824415,0.034740025702165826
s11-138-32,u032,2025-07-17,regular,hazard,30,0.002599951571756076,0,6.759748175476891e-06,0.0026033373156304734
s11-138-32,u032,2025-07-17,regular,hazard,60,0.006353862256350484,0,4.0371565572675265e-05,0.006374133953807102
s11-138-32,u032,2025-07-17,regular,hazard,120,0.020123173483367784,0,0.00040494211104171634,0.020328402444747293
s11-138-32,u032,2025-07-17,regular,hazard_cal,30,0.0017039507312186508,0,2.903448094420575e-06,0.0017054041064870752
s11-138-32,u032,2025-07-17,regular,hazard_cal,60,0.004228402124807573,0,1.78793845290772e-05,0.004237367097670684
s11-138-32,u032,2025-07-17,regular,hazard_cal,120,0.013917142465678656,0,0.00019368685440999617,0.014014893899693402
s11-138-39,u039,2025-07-17,variable,empirical,30,0.0063657407407407,0,4.052265517832595e-05,0.006386088466525358
s11-138-39,u039,2025-07-17,variable,empirical,60,0.01388888888888884,0,0.00019290123456789987,0.01398624197473984
s11-138-39,u039,2025-07-17,variable,empirical,120,0.03414351851851849,0,0.001165779856824415,0.034740025702165826
s11-138-39,u039,2025-07-17,variable,hazard,30,0.0034111310837403597,0,1.163581527045968e-05,0.0034169622557466547
s11-138-39,u039,2025-07-17,variable,hazard,60,0.008330899684577453,0,6.94038895544927e-05,0.008365795573942144
s11-138-39,u039,2025-07-17,variable,hazard,120,0.026321857505771873,0,0.0006928401825541591,0.02667447913453542
s11-138-39,u039,2025-07-17,variable,hazard_cal,30,0.0022766953067561158,0,5.183341519805324e-06,0.0022792909178748033
s11-138-39,u039,2025-07-17,variable,hazard_cal,60,0.005647043752178504,0,3.188910313901828e-05,0.005663048585517563
s11-138-39,u039,2025-07-17,variable,hazard_cal,120,0.018552763646220605,0,0.0003442050389125249,0.01872702488305383
s11-138-9,u009,2025-07-17,regular,empirical,30,0.0063657407407407,0,4.052265517832595e-05,0.006386088466525358
s11-138-9,u009,2025-07-17,regular,empirical,60,0.01388888888888884,0,0.00019290123456789987,0.01398624197473984
s11-138-9,u009,2025-07-17,regular,empirical,120,0.03414351851851849,0,0.001165779856824415,0.034740025702165826
s11-138-9,u009,2025-07-17,regular,hazard,30,0.013973282067589632,0,0.00019525261174042197,0.014071827452092846
s11-138-9,u009,2025-07-17,regular,hazard,60,0.03384185136730633,0,0.0011452709039668533,0.0344277432287708
s11-138-9,u009,2025-07-17,regular,hazard,120,0.10368859109047279,0,0.010751323922327274,0.10946737180378545
s11-138-9,u009,2025-07-17,regular,hazard_cal,30,0.010265719743283164,0,0.00010538500184763375,0.010318775661337019
s11-138-9,u009,2025-07-17,regular,hazard_cal,60,0.025297149666681062,0,0.0006399457812584618,0.025622623324669566
s11-138-9,u009,2025-07-17,regular,hazard_cal,120,0.08105315355021214,0,0.006569613700434267,0.08452699676511302
s11-138-30,u030,2025-07-17,variable,empirical,30,0.0063657407407407,0,4.052265517832595e-05,0.006386088466525358
s11-138-30,u030,2025-07-17,variable,empirical,60,0.01388888888888884,0,0.00019290123456789987,0.01398624197473984
s11-138-30,u030,2025-07-17,variable,empirical,120,0.03414351851851849,0,0.001165779856824415,0.034740025702165826
s11-138-30,u030,2025-07-17,variable,hazard,30,0.002532279254860992,0,6.41243822459934e-06,0.002535490896968765
s11-138-30,u030,2025-07-17,variable,hazard,60,0.006188813719488762,0,3.8301415254532316e-05,0.006208043809132242
s11-138-30,u030,2025-07-17,variable,hazard,120,0.01960434826554569,0,0.0003843304709168043,0.01979906253339009
s11-138-30,u030,2025-07-17,variable,hazard_cal,30,0.0016566693879903616,0,2.744553461104359e-06,0.0016580431822124572
s11-138-30,u030,2025-07-17,variable,hazard_cal,60,0.004111230763228502,0,1.690221838851641e-05,0.004119705107053119
s11-138-30,u030,2025-07-17,variable,hazard_cal,120,0.013533514493693555,0,0.00018315601455101352,0.013625927227528435
s11-138-36,u036,2025-07-17,variable,empirical,30,0.0063657407407407,0,4.052265517832595e-05,0.006386088466525358
s11-138-36,u036,2025-07-17,variable,empirical,60,0.01388888888888884,0,0.00019290123456789987,0.01398624197473984
s11-138-36,u036,2025-07-17,variable,empirical,120,0.03414351851851849,0,0.001165779856824415,0.034740025702165826
s11-138-36,u036,2025-07-17,variable,hazard,30,0.00524538610074865,0,2.7514075345927127e-05,0.005259191435791495
s11-138-36,u036,2025-07-17,variable,hazard,60,0.012792039841778569,0,0.00016363628331365025,0.012874562494173373
s11-138-36,u036,2025-07-17,variable,hazard,120,0.040200450911181296,0,0.001616076253462297,0.04103081935512382
s11-138-36,u036,2025-07-17,variable,hazard_cal,30,0.0036039643338022787,0,1.2988558919318903e-05,0.003610474258993934
s11-138-36,u036,2025-07-17,variable,hazard_cal,60,0.008929480407440793,0,7.973562034686899e-05,0.008969587151049193
s11-138-36,u036,2025-07-17,variable,hazard_cal,120,0.0292142228539638,0,0.0008534708169610608,0.029649455890044946
s11-138-52,u052,2025-07-17,regular,empirical,30,0.0063657407407407,0,4.052265517832595e-05,0.006386088466525358
s11-138-52,u052,2025-07-17,regular,empirical,60,0.01388888888888884,0,0.00019290123456789987,0.01398624197473984
s11-138-52,u052,2025-07-17,regular,empirical,120,0.03414351851851849,0,0.001165779856824415,0.034740025702165826
s11-138-52,u052,2025-07-17,regular,hazard,30,0.0011592873958872207,0,1.3439472662629738e-06,0.0011599598893126954
s11-138-52,u052,2025-07-17,regular,hazard,60,0.0028363453578303943,0,8.044854988886028e-06,0.0028403754075372613
s11-138-52,u052,2025-07-17,regular,hazard,120,0.009021056601149935,0,8.137946220115081e-05,0.009061992709522081
s11-138-52,u052,2025-07-17,regular,hazard_cal,30,0.0007198566132883277,0,5.18193543694941e-07,0.0007201158344690282
s11-138-52,u052,2025-07-17,regular,hazard_cal,60,0.0017877797216335756,0,3.196156333084225e-06,0.0017893797070321227
s11-138-52,u052,2025-07-17,regular,hazard_cal,120,0.005902563304962416,0,3.484025356908884e-05,0.005920052285581903
s11-138-5,u005,2025-07-17,regular,empirical,30,0.0063657407407407,0,4.052265517832595e-05,0.006386088466525358
s11-138-5,u005,2025-07-17,regular,empirical,60,0.01388888888888884,0,0.00019290123456789987,0.01398624197473984
s11-138-5,u005,2025-07-17,regular,empirical,120,0.03414351851851849,0,0.001165779856824415,0.034740025702165826
s11-138-5,u005,2025-07-17,regular,hazard,30,0.0008977497641629029,0,8.059546390545477e-07,0.0008981529828267999
s11-138-5,u005,2025-07-17,regular,hazard,60,0.002196914850401188,0,4.826434859913275e-06,0.0021993316080871567
s11-138-5,u005,2025-07-17,regular,hazard,120,0.006992716442840052,0,4.8898083249965635e-05,0.007017280062394479
s11-138-5,u005,2025-07-17,regular,hazard_cal,30,0.0005480416358415452,0,3.003496346158768e-07,0.0005481918655494505
s11-138-5,u005,2025-07-17,regular,hazard_cal,60,0.0013612642707786504,0,1.8530404148985308e-06,0.0013621916326713784
s11-138-5,u005,2025-07-17,regular,hazard_cal,120,0.004496820172762206,0,2.0221391666161114e-05,0.004506961281844583
s11-138-44,u044,2025-07-17,regular,empirical,30,0.0063657407407407,0,4.052265517832595e-05,0.006386088466525358
s11-138-44,u044,2025-07-17,regular,empirical,60,0.01388888888888884,0,0.00019290123456789987,0.01398624197473984
s11-138-44,u044,2025-07-17,regular,empirical,120,0.03414351851851849,0,0.001165779856824415,0.034740025702165826
s11-138-44,u044,2025-07-17,regular,hazard,30,0.005255694132593636,0,2.762232081537917e-05,0.005269553876044829
s11-138-44,u044,2025-07-17,regular,hazard,60,0.01281707356900974,0,0.00016427737487340809,0.012899920924869697
s11-138-44,u044,2025-07-17,regular,hazard,120,0.04027790774857909,0,0.0016223098526030474,0.04111152366787724
s11-138-44,u044,2025-07-17,regular,hazard_cal,30,0.003611526140013588,0,1.3043121060001445e-05,0.0036180634450551437
s11-138-44,u044,2025-07-17,regular,hazard_cal,60,0.008948160922941484,0,8.006958390285698e-05,0.008988436154411208
s11-138-44,u044,2025-07-17,regular,hazard_cal,120,0.029274641243079658,0,0.0008570046199110205,0.02971169440932829
s11-138-54,u054,2025-07-17,new,empirical,30,0.0063657407407407,0,4.052265517832595e-05,0.006386088466525358
s11-138-54,u054,2025-07-17,new,empirical,60,0.01388888888888884,0,0.00019290123456789987,0.01398624197473984
s11-138-54,u054,2025-07-17,new,empirical,120,0.03414351851851849,0,0.001165779856824415,0.034740025702165826
s11-138-54,u054,2025-07-17,new,hazard,30,0.004354991935639374,0,1.8965954759483983e-05,0.004364502535453765
s11-138-54,u054,2025-07-17,new,hazard,60,0.010628111621817649,0,0.00011295675664581537,0.010684993389650848
s11-138-54,u054,2025-07-17,new,hazard,120,0.03348722485452704,0,0.0011213942284576538,0.03406076247442078
s11-138-54,u054,2025-07-17,new,hazard_cal,30,0.002954848996104542,0,8.73113258978002e-06,0.002959223181228886
s11-138-54,u054,2025-07-17,new,hazard_cal,60,0.00732505908058223,0,5.3656490534020185e-05,0.007352019062168763
s11-138-54,u054,2025-07-17,new,hazard_cal,120,0.024014222190358536,0,0.0005766828674079083,0.02430726459156693
s11-139-45,u045,2025-07-18,regular,empirical,30,0.0063657407407407,0,4.052265517832595e-05,0.006386088466525358
s11-139-45,u045,2025-07-18,regular,empirical,60,0.01388888888888884,0,0.00019290123456789987,0.01398624197473984
s11-139-45,u045,2025-07-18,regular,empirical,120,0.03414351851851849,0,0.001165779856824415,0.034740025702165826
s11-139-45,u045,2025-07-18,regular,hazard,30,0.004451454682781075,0,1.9815448792853564e-05,0.0044613919082154875
s11-139-45,u045,2025-07-18,regular,hazard,60,0.010862693247023936,0,0.00011799810457893941,0.01092212306979869
s11-139-45,u045,2025-07-18,regular,hazard,120,0.03421667956597918,0,0.0011707811605208972,0.03481577589888793
s11-139-45,u045,2025-07-18,regular,hazard_cal,30,0.0030247642503800076,0,9.14919877037693e-06,0.003029348095466043
s11-139-45,u045,2025-07-18,regular,hazard_cal,60,0.007497950784124852,0,5.621926596115848e-05,0.007526201721789415
s11-139-45,u045,2025-07-18,regular,hazard_cal,120,0.024575601271084713,0,0.0006039601778353406,0.02488262194386726
s11-139-55,u055,2025-07-18,new,empirical,30,0.0063657407407407,0,4.052265517832595e-05,0.006386088466525358
s11-139-55,u055,2025-07-18,new,empirical,60,0.01388888888888884,0,0.00019290123456789987,0.01398624197473984
s11-139-55,u055,2025-07-18,new,empirical,120,0.03414351851851849,0,0.001165779856824415,0.034740025702165826
s11-139-55,u055,2025-07-18,new,hazard,30,0.0022338067635091496,0,4.989892656699222e-06,0.002236305431558723
s11-139-55,u055,2025-07-18,new,hazard,60,0.005460646640203626,0,2.9818661729167147e-05,0.0054756104707235275
s11-139-55,u055,2025-07-18,new,hazard,120,0.01731290350988668,0,0.0002997366279426465,0.01746452437044997
s11-139-55,u055,2025-07-18,new,hazard_cal,30,0.0014491805396471547,0,2.1001242364920184e-06,0.0014502316173557025
s11-139-55,u055,2025-07-18,new,hazard_cal,60,0.0035969304341191277,0,1.2937908547892417e-05,0.00360341494261356
s11-139-55,u055,2025-07-18,new,hazard_cal,120,0.011848294815273164,0,0.00014038209002962895,0.01191904526369893
s11-139-52,u052,2025-07-18,regular,empirical,30,0.0063657407407407,0,4.052265517832595e-05,0.006386088466525358
s11-139-52,u052,2025-07-18,regular,empirical,60,0.01388888888888884,0,0.00019290123456789987,0.01398624197473984
s11-139-52,u052,2025-07-18,regular,empirical,120,0.03414351851851849,0,0.001165779856824415,0.034740025702165826
s11-139-52,u052,2025-07-18,regular,hazard,30,0.0012185865486903369,0,1.4849531766490269e-06,0.001219329629011793
s11-139-52,u052,2025-07-18,regular,hazard,60,0.0029812883660914613,0,8.888080321792295e-06,0.0029857412586925575
s11-139-52,u052,2025-07-18,regular,hazard,120,0.009480396100201904,0,8.987791021672348e-05,0.009525621116321723
s11-139-52,u052,2025-07-18,regular,hazard_cal,30,0.000759198732509625,0,5.763827154442211e-07,0.0007594870698134609
s11-139-52,u052,2025-07-18,regular,hazard_cal,60,0.0018854262138945366,0,3.5548320080406867e-06,0.001887205867187022
s11-139-52,u052,2025-07-18,regular,hazard_cal,120,0.006224178801541358,0,3.874040175355681e-05,0.006243629755229953
s11-139-15,u015,2025-07-18,regular,empirical,30,0.0063657407407407,0,4.052265517832595e-05,0.006386088466525358
s11-139-15,u015,2025-07-18,regular,empirical,60,0.01388888888888884,0,0.00019290123456789987,0.01398624197473984
s11-139-15,u015,2025-07-18,regular,empirical,120,0.03414351851851849,0,0.001165779856824415,0.034740025702165826
s11-139-15,u015,2025-07-18,regular,hazard,30,0.007476459510839195,0,5.589744681721786e-05,0.007504548325079613
s11-139-15,u015,2025-07-18,regular,hazard,60,0.0182007922708064,0,0.00033126883928504594,0.01836846431594218
s11-139-15,u015,2025-07-18,regular,hazard,120,0.05682662484750978,0,0.0032292652915596157,0.0585051583672273
s11-139-15,u015,2025-07-18,regular,hazard_cal,30,0.005261885521775311,0,2.768743924426864e-05,0.0052757779965682166
s11-139-15,u015,2025-07-18,regular,hazard_cal,60,0.013019645900180454,0,0.00016951117936608572,0.013105144407526328
s11-139-15,u015,2025-07-18,regular,hazard_cal,120,0.04237410230317096,0,0.0017955645459995983,0.04329808072558983
s11-139-6,u006,2025-07-18,regular,empirical,30,0.0063657407407407,0,4.052265517832595e-05,0.006386088466525358
s11-139-6,u006,2025-07-18,regular,empirical,60,0.01388888888888884,0,0.00019290123456789987,0.01398624197473984
s11-139-6,u006,2025-07-18,regular,empirical,120,0.03414351851851849,0,0.001165779856824415,0.034740025702165826
s11-139-6,u006,2025-07-18,regular,hazard,30,0.003290018524364613,0,1.0824221890662306e-05,0.0032954425353083727
s11-139-6,u006,2025-07-18,regular,hazard,60,0.008035881141034373,0,6.45753857128319e-05,0.008068342856507725
s11-139-6,u006,2025-07-18,regular,hazard,120,0.02539875564448968,0,0.0006450967882884963,0.02572687178767488
s11-139-6,u006,2025-07-18,regular,hazard_cal,30,0.002190533197558464,0,4.798435689605709e-06,0.0021929359248805107
s11-139-6,u006,2025-07-18,regular,hazard_cal,60,0.005433712063876772,0,2.9525226793119972e-05,0.005448528373353424
s11-139-6,u006,2025-07-18,regular,hazard_cal,120,0.01785674617474098,0,0.0003188633839491266,0.018018101607950695
s11-139-31,u031,2025-07-18,variable,empirical,30,0.0063657407407407,0,4.052265517832595e-05,0.006386088466525358
s11-139-31,u031,2025-07-18,variable,empirical,60,0.01388888888888884,0,0.00019290123456789987,0.01398624197473984
s11-139-31,u031,2025-07-18,variable,empirical,120,0.03414351851851849,0,0.001165779856824415,0.034740025702165826
s11-139-31,u031,2025-07-18,variable,hazard,30,0.0017671336026215956,0,3.1227611695143794e-06,0.0017686968250931123
s11-139-31,u031,2025-07-18,variable,hazard,60,0.004321438687426182,0,1.8674832329183726e-05,0.004330803091794927
s11-139-31,u031,2025-07-18,variable,hazard,120,0.013719869737014334,0,0.00018823482560064177,0.013814856958681393
s11-139-31,u031,2025-07-18,variable,hazard_cal,30,0.001128601435314347,0,1.273741199793604e-06,0.0011292387855022634
s11-139-31,u031,2025-07-18,variable,hazard_cal,60,0.0028019717792719945,0,7.851045851836667e-06,0.0028059046504452377
s11-139-31,u031,2025-07-18,variable,hazard_cal,120,0.009239069208599293,0,8.536039984128757e-05,0.009282014127235068
s11-139-5,u005,2025-07-18,regular,empirical,30,0.0063657407407407,0,4.052265517832595e-05,0.006386088466525358
s11-139-5,u005,2025-07-18,regular,empirical,60,0.01388888888888884,0,0.00019290123456789987,0.01398624197473984
s11-139-5,u005,2025-07-18,regular,empirical,120,0.03414351851851849,0,0.001165779856824415,0.034740025702165826
s11-139-5,u005,2025-07-18,regular,hazard,30,0.0006379899044823834,0,4.070311182214406e-07,0.0006381935066435152
s11-139-5,u005,2025-07-18,regular,hazard,60,0.0015615685146675995,0,2.438496226001173e-06,0.0015627890335620021
s11-139-5,u005,2025-07-18,regular,hazard,120,0.004974231471912449,0,2.474297873616429e-05,0.004986644140713722
s11-139-5,u005,2025-07-18,regular,hazard_cal,30,0.00038071610048495685,0,1.4494474916847178e-07,0.0003807885912590615
s11-139-5,u005,2025-07-18,regular,hazard_cal,60,0.0009457784760326104,0,8.944969257265671e-07,0.0009462260066943028
s11-139-5,u005,2025-07-18,regular,hazard_cal,120,0.003125955686337001,0,9.77159895294263e-06,0.003130851691606131
s11-139-51,u051,2025-07-18,variable,empirical,30,0.0063657407407407,0,4.052265517832595e-05,0.006386088466525358
s11-139-51,u051,2025-07-18,variable,empirical,60,0.01388888888888884,0,0.00019290123456789987,0.01398624197473984
s11-139-51,u051,2025-07-18,variable,empirical,120,0.03414351851851849,0,0.001165779856824415,0.034740025702165826
s11-139-51,u051,2025-07-18,variable,hazard,30,0.0008558807411529479,0,7.325318430765193e-07,0.0008562472161953611
s11-139-51,u051,2025-07-18,variable,hazard,60,0.0020945251281022648,0,4.387035512251808e-06,0.002096721713596693
s11-139-51,u051,2025-07-18,variable,hazard,120,0.0066676349325596185,0,4.4457355593889307e-05,0.006689962915593456
s11-139-51,u051,2025-07-18,variable,hazard_cal,30,0.0005208235615971057,0,2.712571823146942e-07,0.0005209592372990431
s11-139-51,u051,2025-07-18,variable,hazard_cal,60,0.0012936868376685062,0,1.6736256339567399e-06,0.0012945243729022837
s11-139-51,u051,2025-07-18,variable,hazard_cal,120,0.004273952531915648,0,1.8266670245068177e-05,0.0042831119743694124
s11-139-39,u039,2025-07-18,variable,empirical,30,0.0063657407407407,0,4.052265517832595e-05,0.006386088466525358
s11-139-39,u039,2025-07-18,variable,empirical,60,0.01388888888888884,0,0.00019290123456789987,0.01398624197473984
s11-139-39,u039,2025-07-18,variable,empirical,120,0.03414351851851849,0,0.001165779856824415,0.034740025702165826
s11-139-39,u039,2025-07-18,variable,hazard,30,0.004144538323789471,0,1.7177197917359634e-05,0.0041531507272759595
s11-139-39,u039,2025-07-18,variable,hazard,60,0.010116198115240893,0,0.00010233746430680339,0.010167714575690785
s11-139-39,u039,2025-07-18,variable,hazard,120,0.031893937934053374,0,0.0010172232769412488,0.03241362945777745
s11-139-39,u039,2025-07-18,variable,hazard_cal,30,0.0028026843060661166,0,7.85503931946931e-06,0.0028066191795844036
s11-139-39,u039,2025-07-18,variable,hazard_cal,60,0.0069487064589709435,0,4.828452145294451e-05,0.006972961144127108
s11-139-39,u039,2025-07-18,variable,hazard_cal,120,0.02279134498202373,0,0.0005194454060896183,0.02305508268118782
s11-139-0,u000,2025-07-18,variable,empirical,30,0.0063657407407407,0,4.052265517832595e-05,0.006386088466525358
s11-139-0,u000,2025-07-18,variable,empirical,60,0.01388888888888884,0,0.00019290123456789987,0.01398624197473984
s11-139-0,u000,2025-07-18,variable,empirical,120,0.03414351851851849,0,0.001165779856824415,0.034740025702165826
s11-139-0,u000,2025-07-18,variable,hazard,30,0.0006257725790641544,0,3.9159132070860336e-07,0.0006259684564452341
s11-139-0,u000,2025-07-18,variable,hazard,60,0.0015316797356926815,0,2.3460428127316026e-06,0.0015328539562721264
s11-139-0,u000,2025-07-18,variable,hazard,120,0.004879199140587431,0,2.3806584253509127e-05,0.004891141293979678
s11-139-0,u000,2025-07-18,variable,hazard_cal,30,0.00037294562079281945,0,1.3908843606854148e-07,0.0003730151823064993
s11-139-0,u000,2025-07-18,variable,hazard_cal,60,0.0009264808519174883,0,8.583667689697548e-07,0.0009269103005731
s11-139-0,u000,2025-07-18,variable,hazard_cal,120,0.0030622492450997907,0,9.377370439114239e-06,0.0030669475243056267
s11-139-12,u012,2025-07-18,variable,empirical,30,0.0063657407407407,0,4.052265517832595e-05,0.006386088466525358
s11-139-12,u012,2025-07-18,variable,empirical,60,0.01388888888888884,0,0.00019290123456789987,0.01398624197473984
s11-139-12,u012,2025-07-18,variable,empirical,120,0.03414351851851849,0,0.001165779856824415,0.034740025702165826
s11-139-12,u012,2025-07-18,variable,hazard,30,0.002964720086321093,0,8.78956519023575e-06,0.0029691235744764037
s11-139-12,u012,2025-07-18,variable,hazard,60,0.007243204728647479,0,5.2464014741101194e-05,0.007269564097347688
s11-139-12,u012,2025-07-18,variable,hazard,120,0.022915233756497178,0,0.0005251079381149077,0.023181868938861892
s11-139-12,u012,2025-07-18,variable,hazard_cal,30,0.0019601949504373106,0,3.84236424371993e-06,0.0019621186468502384
s11-139-12,u012,2025-07-18,variable,hazard_cal,60,0.0048632622844154705,0,2.3651320047017982e-05,0.004875126425689103
s11-139-12,u012,2025-07-18,variable,hazard_cal,120,0.015993723617291122,0,0.00025579919514629585,0.0161230035125135
s11-139-16,u016,2025-07-18,variable,empirical,30,0.0063657407407407,0,4.052265517832595e-05,0.006386088466525358
s11-139-16,u016,2025-07-18,variable,empirical,60,0.01388888888888884,0,0.00019290123456789987,0.01398624197473984
s11-139-16,u016,2025-07-18,variable,empirical,120,0.03414351851851849,0,0.001165779856824415,0.034740025702165826
s11-139-16,u016,2025-07-18,variable,hazard,30,0.006698221747423738,0,4.486617457766032e-05,0.006720755515196542
s11-139-16,u016,2025-07-18,variable,hazard,60,0.01631630348519708,0,0.00026622175942105444,0.016450880236224003
s11-139-16,u016,2025-07-18,variable,hazard,120,0.05105864051127307,0,0.0026069847708594155,0.05240827417948206
s11-139-16,u016,2025-07-18,variable,hazard_cal,30,0.004679058969935701,0,2.1893592844135744e-05,0.0046900400337777665
s11-139-16,u016,2025-07-18,variable,hazard_cal,60,0.011583051778710662,0,0.00013416708850829225,0.011650657886718528
s11-139-16,u016,2025-07-18,variable,hazard_cal,120,0.03776769556813886,0,0.0014263988285276156,0.03849937676980109
s11-139-28,u028,2025-07-18,variable,empirical,30,0.0063657407407407,0,4.052265517832595e-05,0.006386088466525358
s11-139-28,u028,2025-07-18,variable,empirical,60,0.01388888888888884,0,0.00019290123456789987,0.01398624197473984
s11-139-28,u028,2025-07-18,variable,empirical,120,0.03414351851851849,0,0.001165779856824415,0.034740025702165826
s11-139-28,u028,2025-07-18,variable,hazard,30,0.009059627902829215,0,8.207685773772167e-05,0.00910091589008001
s11-139-28,u028,2025-07-18,variable,hazard,60,0.02202720760211263,0,0.00048519787474656846,0.022273428968354908
s11-139-28,u028,2025-07-18,variable,hazard,120,0.06845718089124453,0,0.004686385615576575,0.07091312208635205
s11-139-28,u028,2025-07-18,variable,hazard_cal,30,0.0064602306755374705,0,4.173458038115532e-05,0.006481188275106621
s11-139-28,u028,2025-07-18,variable,hazard_cal,60,0.01596911071824747,0,0.0002550124971316462,0.01609799087609144
s11-139-28,u028,2025-07-18,variable,hazard_cal,120,0.05177827513477595,0,0.0026809897759325577,0.053166917085779974
s11-139-23,u023,2025-07-18,variable,empirical,30,0.0063657407407407,0,4.052265517832595e-05,0.006386088466525358
s11-139-23,u023,2025-07-18,variable,empirical,60,0.01388888888888884,0,0.00019290123456789987,0.01398624197473984
s11-139-23,u023,2025-07-18,variable,empirical,120,0.03414351851851849,0,0.001165779856824415,0.034740025702165826
s11-139-23,u023,2025-07-18,variable,hazard,30,0.0016605213671536667,0,2.7573312107738825e-06,0.001661901560864765
s11-139-23,u023,2025-07-18,variable,hazard,60,0.0040610665125347944,0,1.649226121923152e-05,0.004069335036754666
s11-139-23,u023,2025-07-18,variable,hazard,120,0.012897273365265582,0,0.000166339660258389,0.01298116529411831
s11-139-23,u023,2025-07-18,variable,hazard_cal,30,0.0010561131752963027,0,1.115375039034439e-06,0.0010566712557811895
s11-139-23,u023,2025-07-18,variable,hazard_cal,60,0.0026221607247771672,0,6.875726866563919e-06,0.0026256046098078493
s11-139-23,u023,2025-07-18,variable,hazard_cal,120,0.008648154564489752,0,7.479057737130492e-05,0.008685766861485873
s11-139-26,u026,2025-07-18,regular,empirical,30,0.0063657407407407,0,4.052265517832595e-05,0.006386088466525358
s11-139-26,u026,2025-07-18,regular,empirical,60,0.01388888888888884,0,0.00019290123456789987,0.01398624197473984
s11-139-26,u026,2025-07-18,regular,empirical,120,0.03414351851851849,0,0.001165779856824415,0.034740025702165826
s11-139-26,u026,2025-07-18,regular,hazard,30,0.0013681162231323762,0,1.871741999997998e-06,0.0013690529485960547
s11-139-26,u026,2025-07-18,regular,hazard,60,0.003346718466197496,0,1.1200524491987318e-05,0.003352331254891348
s11-139-26,u026,2025-07-18,regular,hazard,120,0.010637769344399528,0,0.00011316213662464637,0.010694754905853613
s11-139-26,u026,2025-07-18,regular,hazard_cal,30,0.0008589626126458416,0,7.378167699233701e-07,0.0008593317324193304
s11-139-26,u026,2025-07-18,regular,hazard_cal,60,0.002133010407696201,0,4.549733399340313e-06,0.002135288514455967
s11-139-26,u026,2025-07-18,regular,hazard_cal,120,0.007039280202159159,0,4.9551465764509894e-05,0.007064172821239513
s11-139-49,u049,2025-07-18,variable,empirical,30,0.0063657407407407,0,4.052265517832595e-05,0.006386088466525358
s11-139-49,u049,2025-07-18,variable,empirical,60,0.01388888888888884,0,0.00019290123456789987,0.01398624197473984
s11-139-49,u049,2025-07-18,variable,empirical,120,0.03414351851851849,0,0.001165779856824415,0.034740025702165826
s11-139-49,u049,2025-07-18,variable,hazard,30,0.0019262831492484755,0,3.7105667710786245e-06,0.001928140818615486
s11-139-49,u049,2025-07-18,variable,hazard,60,0.0047100374816526624,0,2.2184453078572954e-05,0.004721164661563378
s11-139-49,u049,2025-07-18,variable,hazard,120,0.014946612082147093,0,0.00022340121273418546,0.01505943834703524
s11-139-49,u049,2025-07-18,variable,hazard_cal,30,0.0012373548241404464,0,1.531046960823635e-06,0.0012381209796902461
s11-139-49,u049,2025-07-18,variable,hazard_cal,60,0.003071700532133348,0,9.435344159108293e-06,0.0030764278873747224
s11-139-49,u049,2025-07-18,variable,hazard_cal,120,0.010124971826970586,0,0.00010251505449694808,0.010176577990361847
s11-139-19,u019,2025-07-18,variable,empirical,30,0.0063657407407407,0,4.052265517832595e-05,0.006386088466525358
s11-139-19,u019,2025-07-18,variable,empirical,60,0.01388888888888884,0,0.00019290123456789987,0.01398624197473984
s11-139-19,u019,2025-07-18,variable,empirical,120,0.03414351851851849,1,0.9328787428197874,3.3771825054582822
s11-139-19,u019,2025-07-18,variable,hazard,30,0.008335999490472923,0,6.948888750516483e-05,0.008370938235952233
s11-139-19,u019,2025-07-18,variable,hazard,60,0.020279441738001003,0,0.0004112557572049771,0.020487892609592682
s11-139-19,u019,2025-07-18,variable,hazard,120,0.06315824115714186,1,0.87767248111178,2.7621119373994487
s11-139-19,u019,2025-07-18,variable,hazard_cal,30,0.005910511047210076,0,3.4934140839192354e-05,0.005928047250386446
s11-139-19,u019,2025-07-18,variable,hazard_cal,60,0.014616814851113102,0,0.00021365127639172055,0.014724693003164256
s11-139-19,u019,2025-07-18,variable,hazard_cal,120,0.04747543736280169,1,0.907303042427186,3.047542809839615
s11-139-41,u041,2025-07-18,regular,empirical,30,0.0063657407407407,0,4.052265517832595e-05,0.006386088466525358
s11-139-41,u041,2025-07-18,regular,empirical,60,0.01388888888888884,0,0.00019290123456789987,0.01398624197473984
s11-139-41,u041,2025-07-18,regular,empirical,120,0.03414351851851849,0,0.001165779856824415,0.034740025702165826
s11-139-41,u041,2025-07-18,regular,hazard,30,0.004716662295299656,0,2.224690320790142e-05,0.004727820848146686
s11-139-41,u041,2025-07-18,regular,hazard,60,0.011507449579759577,0,0.00013242139583070887,0.011574172646458524
s11-139-41,u041,2025-07-18,regular,hazard,120,0.0362194763083693,0,0.0013118504640525252,0.036891682811969154
s11-139-41,u041,2025-07-18,regular,hazard_cal,30,0.0032175125369169333,0,1.035238692521764e-05,0.0032226998602199112
s11-139-41,u041,2025-07-18,regular,hazard_cal,60,0.007974490909604337,0,6.359250526736221e-05,0.008006457219017693
s11-139-41,u041,2025-07-18,regular,hazard_cal,120,0.02612163829111669,0,0.0006823399870119336,0.026468868447576198
s11-139-53,u053,2025-07-18,regular,empirical,30,0.0063657407407407,0,4.052265517832595e-05,0.006386088466525358
s11-139-53,u053,2025-07-18,regular,empirical,60,0.01388888888888884,0,0.00019290123456789987,0.01398624197473984
s11-139-53,u053,2025-07-18,regular,empirical,120,0.03414351851851849,0,0.001165779856824415,0.034740025702165826
s11-139-53,u053,2025-07-18,regular,hazard,30,0.0008405858464888283,0,7.0658456531734e-07,0.000840939336878048
s11-139-53,u053,2025-07-18,regular,hazard,60,0.002057120125275813,0,4.231743209814777e-06,0.0020592389030997206
s11-139-53,u053,2025-07-18,regular,hazard,120,0.006548856170084605,0,4.28875171364552e-05,0.006570394012303689
s11-139-53,u053,2025-07-18,regular,hazard_cal,30,0.0005109026440293096,0,2.6102151167613946e-07,0.0005110331992543812
s11-139-53,u053,2025-07-18,regular,hazard_cal,60,0.001269054291713756,0,1.6104987953171027e-06,0.001269860223030636
s11-139-53,u053,2025-07-18,regular,hazard_cal,120,0.004192705822163578,0,1.7578782111204366e-05,0.00420151985828664
s11-139-17,u017,2025-07-18,variable,empirical,30,0.0063657407407407,0,4.052265517832595e-05,0.006386088466525358
s11-139-17,u017,2025-07-18,variable,empirical,60,0.01388888888888884,0,0.00019290123456789987,0.01398624197473984
s11-139-17,u017,2025-07-18,variable,empirical,120,0.03414351851851849,0,0.001165779856824415,0.034740025702165826
s11-139-17,u017,2025-07-18,variable,hazard,30,0.000821610142131779,0,6.750432256538021e-07,0.0008219478487327219
s11-139-17,u017,2025-07-18,variable,hazard,60,0.002010712120699254,0,4.042963232326891e-06,0.002012736316153448
s11-139-17,u017,2025-07-18,variable,hazard,120,0.006401473681501568,0,4.097886529495724e-05,0.006422050977836614
s11-139-17,u017,2025-07-18,variable,hazard_cal,30,0.0004986109679815387,0,2.48612897391487e-07,0.0004987353157660651
s11-139-17,u017,2025-07-18,variable,hazard_cal,60,0.0012385348602313995,0,1.5339686000084122e-06,0.0012393024784114472
s11-139-17,u017,2025-07-18,variable,hazard_cal,120,0.004092035022889684,0,1.6744750628555777e-05,0.004100430308566227
s11-139-22,u022,2025-07-18,variable,empirical,30,0.0063657407407407,0,4.052265517832595e-05,0.006386088466525358
s11-139-22,u022,2025-07-18,variable,empirical,60,0.01388888888888884,0,0.00019290123456789987,0.01398624197473984
s11-139-22,u022,2025-07-18,variable,empirical,120,0.03414351851851849,0,0.001165779856824415,0.034740025702165826
s11-139-22,u022,2025-07-18,variable,hazard,30,0.006897899309207367,0,4.758101487996347e-05,0.006921799788793514
s11-139-22,u022,2025-07-18,variable,hazard,60,0.016800041703917468,0,0.0002822414012533661,0.016942763146827803
s11-139-22,u022,2025-07-18,variable,hazard,120,0.0525417774808703,0,0.0027606383808492893,0.053972435325746214
s11-139-22,u022,2025-07-18,variable,hazard_cal,30,0.00482817160043314,0,2.3311241003229107e-05,0.0048398648742056976
s11-139-22,u022,2025-07-18,variable,hazard_cal,60,0.011950726162760605,0,0.00014281985581729082,0.012022710172953116
s11-139-22,u022,2025-07-18,variable,hazard_cal,120,0.03894825627475418,0,0.0015169666668439282,0.039727027834673995
s11-139-24,u024,2025-07-18,regular,empirical,30,0.0063657407407407,0,4.052265517832595e-05,0.006386088466525358
s11-139-24,u024,2025-07-18,regular,empirical,60,0.01388888888888884,0,0.00019290123456789987,0.01398624197473984
s11-139-24,u024,2025-07-18,regular,empirical,120,0.03414351851851849,0,0.001165779856824415,0.034740025702165826
s11-139-24,u024,2025-07-18,regular,hazard,30,0.0014778629413270128,0,2.1840788733477298e-06,0.0014789560578807243
s11-139-24,u024,2025-07-18,regular,hazard,60,0.0036148693620750016,0,1.306728050486853e-05,0.0036214187906436954
s11-139-24,u024,2025-07-18,regular,hazard,120,0.01148639536484275,0,0.000131937278477481,0.011552873557567187
s11-139-24,u024,2025-07-18,regular,hazard_cal,30,0.0009326557610723762,0,8.698467686614934e-07,0.0009330909550685399
s11-139-24,u024,2025-07-18,regular,hazard_cal,60,0.0023158689275067923,0,5.36324888939146e-06,0.0023185546993497643
s11-139-24,u024,2025-07-18,regular,hazard_cal,120,0.007640959406814529,0,5.838426065658744e-05,0.007670301098487756
s11-139-32,u032,2025-07-18,regular,empirical,30,0.0063657407407407,0,4.052265517832595e-05,0.006386088466525358
s11-139-32,u032,2025-07-18,regular,empirical,60,0.01388888888888884,0,0.00019290123456789987,0.01398624197473984
s11-139-32,u032,2025-07-18,regular,empirical,120,0.03414351851851849,0,0.001165779856824415,0.034740025702165826
s11-139-32,u032,2025-07-18,regular,hazard,30,0.0036859289240643855,0,1.358607203325444e-05,0.0036927386987947986
s11-139-32,u032,2025-07-18,regular,hazard,60,0.009000070524842418,0,8.100126945213728e-05,0.009040815817481987
s11-139-32,u032,2025-07-18,regular,hazard,120,0.028413225181521007,0,0.0008073113652158194,0.02882469370213402
s11-139-32,u032,2025-07-18,regular,hazard_cal,30,0.0024729543255139763,0,6.115503096078286e-06,0.00247601712755034
s11-139-32,u032,2025-07-18,regular,hazard_cal,60,0.006132855984757546,0,3.761192252977645e-05,0.006151739190932101
s11-139-32,u032,2025-07-18,regular,hazard_cal,120,0.020136359357414757,0,0.0004054729681709448,0.02034185920013724
s11-139-33,u033,2025-07-18,regular,empirical,30,0.0063657407407407,0,4.052265517832595e-05,0.006386088466525358
s11-139-33,u033,2025-07-18,regular,empirical,60,0.01388888888888884,0,0.00019290123456789987,0.01398624197473984
s11-139-33,u033,2025-07-18,regular,empirical,120,0.03414351851851849,0,0.001165779856824415,0.034740025702165826
s11-139-33,u033,2025-07-18,regular,hazard,30,0.000987690282520104,0,9.755320941846428e-07,0.0009881783699798234
s11-139-33,u033,2025-07-18,regular,hazard,60,0.002416839334861254,0,5.841112370532588e-06,0.002419764605269406
s11-139-33,u033,2025-07-18,regular,hazard,120,0.007690692783782205,0,5.914675549451968e-05,0.007720418668038335
s11-139-33,u033,2025-07-18,regular,hazard_cal,30,0.0006067926677849611,0,3.6819734167759016e-07,0.0006069768409628578
s11-139-33,u033,2025-07-18,regular,hazard_cal,60,0.0015071219585218731,0,2.2714165978588066e-06,0.0015082588092128035
s11-139-33,u033,2025-07-18,regular,hazard_cal,120,0.004977721787109757,0,2.477771418986715e-05,0.004990151910491469
s11-139-35,u035,2025-07-18,variable,empirical,30,0.0063657407407407,0,4.052265517832595e-05,0.006386088466525358
s11-139-35,u035,2025-07-18,variable,empirical,60,0.01388888888888884,0,0.00019290123456789987,0.01398624197473984
s11-139-35,u035,2025-07-18,variable,empirical,120,0.03414351851851849,0,0.001165779856824415,0.034740025702165826
s11-139-35,u035,2025-07-18,variable,hazard,30,0.004336301046348856,0,1.8803506764566182e-05,0.004345730067653876
s11-139-35,u035,2025-07-18,variable,hazard,60,0.010582654279447379,0,0.00011199257159830593,0.010639048787168745
s11-139-35,u035,2025-07-18,variable,hazard,120,0.03334582276173259,0,0.0011119438956568833,0.033914471857490594
s11-139-35,u035,2025-07-18,variable,hazard_cal,30,0.0029413141874607973,0,8.65132914935817e-06,0.0029456483528833765
s11-139-35,u035,2025-07-18,variable,hazard_cal,60,0.007291586903470315,0,5.316723957085982e-05,0.007318300458608014
s11-139-35,u035,2025-07-18,variable,hazard_cal,120,0.02390550932545854,0,0.0005714733761095853,0.024195883039519583
s11-139-38,u038,2025-07-18,regular,empirical,30,0.0063657407407407,0,4.052265517832595e-05,0.006386088466525358
s11-139-38,u038,2025-07-18,regular,empirical,60,0.01388888888888884,0,0.00019290123456789987,0.01398624197473984
s11-139-38,u038,2025-07-18,regular,empirical,120,0.03414351851851849,0,0.001165779856824415,0.034740025702165826
s11-139-38,u038,2025-07-18,regular,hazard,30,0.0006974995740396395,0,4.865056557854785e-07,0.0006977429400392331
s11-139-38,u038,2025-07-18,regular,hazard,60,0.0017071462306611496,0,2.914348252860571e-06,0.0017086050653200519
s11-139-38,u038,2025-07-18,regular,hazard,120,0.005437002608147612,0,2.9560997361003933e-05,0.005451836900652392
s11-139-38,u038,2025-07-18,regular,hazard_cal,30,0.0004187043741969987,0,1.753133529717003e-07,0.0004187920553493267
s11-139-38,u038,2025-07-18,regular,hazard_cal,60,0.001040117060251533,0,1.0818434990262912e-06,0.0010406583573751794
s11-139-38,u038,2025-07-18,regular,hazard_cal,120,0.0034373465220949306,0,1.1815351112958115e-05,0.0034432677704669735
s11-139-47,u047,2025-07-18,variable,empirical,30,0.0063657407407407,0,4.052265517832595e-05,0.006386088466525358
s11-139-47,u047,2025-07-18,variable,empirical,60,0.01388888888888884,0,0.00019290123456789987,0.01398624197473984
s11-139-47,u047,2025-07-18,variable,empirical,120,0.03414351851851849,0,0.001165779856824415,0.034740025702165826
s11-139-47,u047,2025-07-18,variable,hazard,30,0.0010443785688282192,0,1.0907265950276794e-06,0.0010449243121338962
s11-139-47,u047,2025-07-18,variable,hazard,60,0.002555438649413766,0,6.530266690917653e-06,0.0025587093560074598
s11-139-47,u047,2025-07-18,variable,hazard,120,0.008130376548170615,0,6.610302281504272e-05,0.008163608306623155
s11-139-47,u047,2025-07-18,variable,hazard_cal,30,0.0006440090992575476,0,4.1474771992651774e-07,0.0006442165621943054
s11-139-47,u047,2025-07-18,variable,hazard_cal,60,0.0015995097395856694,0,2.5584314070294162e-06,0.001600790321006325
s11-139-47,u047,2025-07-18,variable,hazard_cal,120,0.005282237183927174,0,2.7902029667262883e-05,0.005296237522597265
s11-139-56,u056,2025-07-18,new,empirical,30,0.0063657407407407,0,4.052265517832595e-05,0.006386088466525358
s11-139-56,u056,2025-07-18,new,empirical,60,0.01388888888888884,0,0.00019290123456789987,0.01398624197473984
s11-139-56,u056,2025-07-18,new,empirical,120,0.03414351851851849,0,0.001165779856824415,0.034740025702165826
s11-139-56,u056,2025-07-18,new,hazard,30,0.0036466851221731433,0,1.3298312380278954e-05,0.003653350487623236
s11-139-56,u056,2025-07-18,new,hazard,60,0.008904524289952587,0,7.929055283035561e-05,0.008944406497613843
s11-139-56,u056,2025-07-18,new,hazard,120,0.028114820763949777,0,0.0007904431465890216,0.028517609857374993
s11-139-56,u056,2025-07-18,new,hazard_cal,30,0.0024448638728725713,0,5.977359356877469e-06,0.002447857432777371
s11-139-56,u056,2025-07-18,new,hazard_cal,60,0.006063331484775003,0,3.676398869426384e-05,0.00608178812275059
s11-139-56,u056,2025-07-18,new,hazard_cal,120,0.019909852104225134,0,0.000396402210812118,0.020110723899373906
s11-139-21,u021,2025-07-18,variable,empirical,30,0.0063657407407407,0,4.052265517832595e-05,0.006386088466525358
s11-139-21,u021,2025-07-18,variable,empirical,60,0.01388888888888884,0,0.00019290123456789987,0.01398624197473984
s11-139-21,u021,2025-07-18,variable,empirical,120,0.03414351851851849,0,0.001165779856824415,0.034740025702165826
s11-139-21,u021,2025-07-18,variable,hazard,30,0.0069077838678560655,0,4.77174779650125e-05,0.006931753053250127
s11-139-21,u021,2025-07-18,variable,hazard,60,0.01682398401219687,0,0.00028304643804265587,0.0169671148563622
s11-139-21,u021,2025-07-18,variable,hazard,120,0.05261513902749371,0,0.0027683528548824916,0.05404986817208501
s11-139-21,u021,2025-07-18,variable,hazard_cal,30,0.004835560906061187,0,2.338264927622729e-05,0.004847290057325519
s11-139-21,u021,2025-07-18,variable,hazard_cal,60,0.011968944004876358,0,0.00014325562059186572,0.012041148534836729
s11-139-21,u021,2025-07-18,variable,hazard_cal,120,0.03900672268062022,0,0.0015215244142828118,0.03978786554164124
s11-139-29,u029,2025-07-18,regular,empirical,30,0.0063657407407407,0,4.052265517832595e-05,0.006386088466525358
s11-139-29,u029,2025-07-18,regular,empirical,60,0.01388888888888884,0,0.00019290123456789987,0.01398624197473984
s11-139-29,u029,2025-07-18,regular,empirical,120,0.03414351851851849,0,0.001165779856824415,0.034740025702165826
s11-139-29,u029,2025-07-18,regular,hazard,30,0.010848514593608694,0,0.0001176902688877408,0.010907788809329055
s11-139-29,u029,2025-07-18,regular,hazard,60,0.02633922947950018,0,0.0006937550095737714,0.02669232089141982
s11-139-29,u029,2025-07-18,regular,hazard,120,0.08143410400158158,0,0.0066315132945404046,0.08494163384275283
s11-139-29,u029,2025-07-18,regular,hazard_cal,30,0.007832025944481735,0,6.134063039503502e-05,0.007862857346749652
s11-139-29,u029,2025-07-18,regular,hazard_cal,60,0.0193383807190749,0,0.0003739729688358878,0.019527813394435756
s11-139-29,u029,2025-07-18,regular,hazard_cal,120,0.062433827329448466,0,0.003897982795003386,0.06446793944659569
s11-139-30,u030,2025-07-18,variable,empirical,30,0.0063657407407407,0,4.052265517832595e-05,0.006386088466525358
s11-139-30,u030,2025-07-18,variable,empirical,60,0.01388888888888884,0,0.00019290123456789987,0.01398624197473984
s11-139-30,u030,2025-07-18,variable,empirical,120,0.03414351851851849,0,0.001165779856824415,0.034740025702165826
s11-139-30,u030,2025-07-18,variable,hazard,30,0.0024510398724050253,0,6.0075964561192425e-06,0.0024540485879597676
s11-139-30,u030,2025-07-18,variable,hazard,60,0.005990652561509435,0,3.5887918112719555e-05,0.006008668508118518
s11-139-30,u030,2025-07-18,variable,hazard,120,0.018981160925302776,0,0.00036028447007224095,0.019163615651425124
s11-139-30,u030,2025-07-18,variable,hazard_cal,30,0.0016000218814112843,0,2.5600700209949058e-06,0.001601303283451722
s11-139-30,u030,2025-07-18,variable,hazard_cal,60,0.003970836508734421,0,1.5767542579098167e-05,0.00397874121248716
s11-139-30,u030,2025-07-18,variable,hazard_cal,120,0.01307370147659237,0,0.0001709216702990535,0.013159914552156614
s11-139-13,u013,2025-07-18,variable,empirical,30,0.0063657407407407,0,4.052265517832595e-05,0.006386088466525358
s11-139-13,u013,2025-07-18,variable,empirical,60,0.01388888888888884,0,0.00019290123456789987,0.01398624197473984
s11-139-13,u013,2025-07-18,variable,empirical,120,0.03414351851851849,0,0.001165779856824415,0.034740025702165826
s11-139-13,u013,2025-07-18,variable,hazard,30,0.0021316267707316428,0,4.543832689699812e-06,0.0021339019208320487
s11-139-13,u013,2025-07-18,variable,hazard,60,0.005211284478080724,0,2.7157485911485088e-05,0.00522491058131904
s11-139-13,u013,2025-07-18,variable,hazard,120,0.01652726658033188,0,0.00027315054061735497,0.016665365564114867
s11-139-13,u013,2025-07-18,variable,hazard_cal,30,0.0013785652856647124,0,1.90044224683983e-06,0.001379516380986619
s11-139-13,u013,2025-07-18,variable,hazard_cal,60,0.0034218574217232955,0,1.17091082146028e-05,0.0034277253658334473
s11-139-13,u013,2025-07-18,variable,hazard_cal,120,0.011274122948448206,0,0.00012710584825672647,0.011338157617311944
s11-139-9,u009,2025-07-18,regular,empirical,30,0.0063657407407407,0,4.052265517832595e-05,0.006386088466525358
s11-139-9,u009,2025-07-18,regular,empirical,60,0.01388888888888884,0,0.00019290123456789987,0.01398624197473984
s11-139-9,u009,2025-07-18,regular,empirical,120,0.03414351851851849,0,0.001165779856824415,0.034740025702165826
s11-139-9,u009,2025-07-18,regular,hazard,30,0.015906534467010958,0,0.00025301783875020755,0.016034401142948292
s11-139-9,u009,2025-07-18,regular,hazard,60,0.03846489075139503,0,0.001479547820516755,0.03922419954080957
s11-139-9,u009,2025-07-18,regular,hazard,120,0.11719837934140687,0,0.013735460120252304,0.12465476878498218
s11-139-9,u009,2025-07-18,regular,hazard_cal,30,0.011791706160216853,0,0.00013904433416889607,0.011861779729990793
s11-139-9,u009,2025-07-18,regular,hazard_cal,60,0.029021309250288008,0,0.0008422363906008522,0.029450756606480902
s11-139-9,u009,2025-07-18,regular,hazard_cal,120,0.0925448297309851,0,0.008564545509937025,0.09711111321591019
s11-139-11,u011,2025-07-18,regular,empirical,30,0.0063657407407407,0,4.052265517832595e-05,0.006386088466525358
s11-139-11,u011,2025-07-18,regular,empirical,60,0.01388888888888884,0,0.00019290123456789987,0.01398624197473984
s11-139-11,u011,2025-07-18,regular,empirical,120,0.03414351851851849,0,0.001165779856824415,0.034740025702165826
s11-139-11,u011,2025-07-18,regular,hazard,30,0.0018839364502972744,0,3.5492165487586948e-06,0.0018857132905584508
s11-139-11,u011,2025-07-18,regular,hazard,60,0.00460664822898571,0,2.122120790561718e-05,0.004617291532153217
s11-139-11,u011,2025-07-18,regular,hazard,120,0.014620341657611946,0,0.00021375439018530323,0.014728272131429734
s11-139-11,u011,2025-07-18,regular,hazard_cal,30,0.001208356389394094,0,1.4601251637895314e-06,0.0012090870406266862
s11-139-11,u011,2025-07-18,regular,hazard_cal,60,0.002999783671682188,0,8.998702076891069e-06,0.003004292041066683
s11-139-11,u011,2025-07-18,regular,hazard_cal,120,0.009888826367356107,0,9.778888692371738e-05,0.009938045559662278
